dataset,channel,start_i,start_j,trend_corr,residual_corr,d_A,d_B,d_ctrl_A,d_ctrl_B
solar,124,48960,51264,0.9996341671606832,0.2464132393690358,3.2405438,0.27692842,3.6524973,0.6888819
solar,47,48896,50048,0.9996073785660564,0.0549634318725326,0.0050787926,0.029178143,0.0014104843,0.022688866
solar,106,43712,51776,0.9996008316724524,0.2040866848238627,0.097611904,2.147561,0.080610275,2.1305594
solar,20,44864,48320,0.9995392928348974,0.2747932032323137,0.047873497,0.16239452,0.07706785,0.13320017
solar,85,47168,48320,0.9995303524672348,0.2417293648745052,0.2616892,0.17488766,0.391788,0.044788837
solar,86,48384,49536,0.9995285594499628,0.2761742474825132,0.034157276,2.85924,0.084861755,2.740221
solar,107,42688,44416,0.9995215238449394,0.2774387619165535,0.03514719,0.061092854,0.16830301,0.26454306
solar,2,46080,46656,0.9995135383264888,0.2101509781052259,0.09607148,2.8454201,0.2984519,2.4508967
solar,35,43712,44288,0.9995062903397756,0.2653133348732903,0.45891857,0.2886815,0.6847191,0.06288099
solar,76,44288,50048,0.9994650926197164,-0.1229573093121474,0.0725832,0.18586397,0.15531015,0.26859093
solar,70,45440,47744,0.9994556266113088,0.1852677076006357,0.11314678,1.2371817,0.34402132,1.0063071
solar,124,42688,48448,0.9993632456152054,0.275576806186772,0.18895197,0.24065208,0.47142696,0.04182291
solar,80,46720,51904,0.9993528528696068,0.2937527910888301,0.85742664,0.12740326,1.1267653,0.39674187
solar,28,45504,48384,0.9993444834722548,0.2860595123728064,0.4855075,0.044964314,0.332479,0.1979928
solar,34,44928,46080,0.9993415372899896,0.2840940305624757,0.035679817,0.13435793,0.19867516,0.02863741
solar,95,44928,51840,0.99932929774961,0.2227845124201932,0.5247836,0.025201797,0.40514183,0.14484358
solar,103,43200,49536,0.9993272286161242,0.2854224637375124,0.079004765,1.8719378,0.116147995,1.676785
solar,69,43712,48320,0.9993062193741774,0.2509412960696138,0.41212082,0.33431864,0.641387,0.10505247
solar,71,47232,49536,0.9993051190926786,0.2504305323727651,0.23366356,1.6143761,0.32753754,1.5205021
solar,11,46144,51904,0.9993050006545716,0.2499904772845992,0.39797974,0.07936621,0.22610426,0.25124168
solar,31,43200,45504,0.9993010998360264,-0.0393974695290245,0.8488183,0.6044183,1.0947671,0.85036707
solar,128,43200,50112,0.9992612129296226,0.1315810796877095,0.7542043,2.430223,0.33608437,2.012103
solar,35,48960,50688,0.9992575136910092,0.2668140758836945,1.9008098,0.2939644,2.0427485,0.1520257
solar,90,44416,51328,0.999247935734077,0.2664470846589067,1.3305974,0.08243036,1.3329473,0.08008051
solar,125,42688,43264,0.9992390045758572,0.1675122426429176,1.0983589,0.017486334,0.93871737,0.17712784
solar,42,45376,49408,0.9992327440347284,0.0318513752281777,3.3964672,0.4766717,3.2039523,0.2841568
solar,112,44352,49536,0.9992193396893396,-0.0343154697017954,0.13518429,1.2880769,0.040454865,1.463716
solar,32,44288,48320,0.99921830717268,0.2510866596147719,0.13322115,0.015917778,0.17091846,0.021779537
solar,135,42560,48320,0.9992060243809314,0.2538577433249641,0.64904785,0.95942116,0.7839036,1.0942769
solar,58,46080,50688,0.9992052470221372,0.2622178035425708,0.5191159,1.9226594,0.016190529,1.419734
solar,OT,47104,48256,0.9991994529724016,0.1163697344676309,1.3731656,0.16029549,1.1630483,0.37041283
solar,38,50176,51328,0.9991869779850012,0.2309067202291578,0.87449455,0.18492699,0.67422724,0.015340328
solar,52,43712,47744,0.9991775719979148,0.2323889531974,0.057382107,0.51895,0.06583309,0.510499
solar,104,50176,51328,0.9991742539952222,0.2684594234554721,0.46012402,0.33649874,0.60913086,0.48550558
solar,72,46016,48320,0.9991596146287984,0.277617669222846,0.56533575,0.24722195,0.7244129,0.08814478
solar,52,44992,46720,0.9991564437835152,0.2618831439247327,0.16199589,0.25290728,0.026200294,0.44110346
solar,1,42688,47296,0.9991544892785964,0.2395900985533564,0.17076921,0.17027426,0.11979818,0.22124529
solar,105,43328,43904,0.9991444854742524,0.1873576239546424,0.56144524,0.4696622,0.8966818,0.13442564
solar,72,47744,50624,0.9991423952307168,0.2789473046019699,1.128573,0.2781396,1.2947369,0.11197567
solar,114,42048,50688,0.999129415784146,0.2939102942110634,0.13613081,0.94765806,0.23584986,0.847939
solar,124,43264,43840,0.9991194029284776,0.0391088087800993,0.4794569,1.315522,0.38208342,1.4128954
solar,131,42624,46080,0.9991036412877112,0.2133299507207756,0.45453787,0.31771564,0.6537852,0.118468285
solar,85,44352,47232,0.9991034286416236,0.2160460832841346,0.044528008,0.15048599,0.07471466,0.12029934
solar,27,45504,49536,0.9990980290527448,0.1258640645788942,0.8462348,3.444477,0.7873502,3.3855925
solar,96,50112,51264,0.9990907111778468,0.2751232463928548,0.2661028,0.5958433,0.24944592,0.08029461
solar,24,45504,46656,0.999084344982108,0.2894260943869987,0.6716857,3.1224718,0.47381735,2.9246035
solar,119,49536,50112,0.999082725641481,0.1463147417120176,2.6936631,0.27476454,3.084991,0.6660924
solar,51,47232,48384,0.9990760224179642,0.1247147172739734,2.3153543,0.4330535,2.5216517,0.6393509
solar,23,47168,47744,0.9990698803159072,0.0003850134088104,0.0054678917,0.21577883,1.9073486e-05,0.22122765
solar,107,43200,51264,0.9990675019258384,0.2492229454923087,0.19364214,0.2576356,0.5749521,0.12367439
solar,41,44352,46080,0.9990645313483392,0.224880476705247,2.009017,0.08823204,2.5013711,0.5805862
solar,44,43904,44480,0.999046326680294,0.2415025102525192,0.7600422,1.3027716,0.5440979,1.0868273
solar,28,47296,49600,0.999039421925172,0.253701012536242,0.31234932,0.047163963,0.2114873,0.14802599
solar,6,50112,50688,0.999035226153357,0.152603190690519,0.054712772,0.24079895,0.042027473,0.25348425
solar,98,42624,46656,0.9990312493798008,0.2648136351066479,0.020988941,0.111011505,0.05585003,0.07615042
solar,31,46080,47808,0.9990292692055468,0.1818805170652977,0.33690166,1.445148,0.07612562,1.0321207
solar,56,50176,51904,0.9990133211725748,0.2330351164535448,0.94584846,0.2839675,0.97490406,0.3130231
solar,74,47168,48320,0.999005621534976,0.2769042107193677,0.2692361,0.0789423,0.3814354,0.1911416
solar,14,48960,49536,0.998993358243359,0.2454694113371771,0.2074275,0.99046373,0.46178675,0.7361045
solar,106,48384,50112,0.9989809789619924,-0.0494427501173491,0.705565,0.24045706,1.0596151,0.5945072
solar,63,48960,49536,0.998976794254722,0.2686648804614996,0.2530613,0.7180619,0.37557077,0.59555244
solar,61,44352,51264,0.9989739688755668,0.21814811169494,0.7096071,0.29746675,1.1834812,0.17640734
solar,118,44864,48320,0.9989714432366856,0.2921306859829479,0.056164265,0.33635473,0.013891697,0.29408216
solar,80,43264,50176,0.99896189552225,0.231775100885857,0.30064964,1.5519819,0.04422903,1.8084025
solar,92,44416,49024,0.9989579603650864,0.2152320084654655,0.27794504,0.17704964,0.30391455,0.15108013
solar,60,42560,43712,0.9989369911555548,0.1466149896996413,0.20224953,1.8183784,0.39604664,1.6245813
solar,83,43200,50688,0.9989320538274072,0.1760674304535011,0.6528592,0.8523102,0.2492199,0.44867086
solar,38,46144,48448,0.9989226542913988,0.2619677159796653,0.07964468,0.23391294,0.016580105,0.33013773
solar,59,43712,44288,0.9989213945275532,0.185350444446704,0.87018013,0.39847994,1.0939741,0.17468596
solar,80,42752,43328,0.9989102387610942,0.2853137455824861,0.38187742,0.2970972,0.18122911,0.0964489
solar,69,50112,51840,0.998894314142539,0.2304830317668215,2.7963772,0.14862299,3.0279999,0.082999706
solar,104,46080,50112,0.9988917103360504,0.2710045346977091,0.5541663,0.9556217,0.5309429,0.9323983
solar,124,46720,51328,0.9988915558739032,0.2306264263789566,1.3743551,0.17688608,1.396419,0.19895005
solar,122,43712,47168,0.9988812491226924,0.2997161816370463,0.11844969,0.11065388,0.17409849,0.055005074
solar,99,42496,44800,0.9988728445243468,0.2773134966173145,1.172636,0.1982913,1.4797034,0.10877609
solar,130,44864,50048,0.9988715696679192,0.1830216752444902,0.14201164,0.79227686,0.24590397,0.68838453
solar,20,43264,45568,0.9988640830688011,0.0473642971778907,0.68449616,1.6100843,0.4623232,1.3879113
solar,53,47168,48320,0.9988611889714112,0.2239594795762644,0.3232937,0.014263153,0.53558683,0.2265563
solar,115,44352,46656,0.9988461589995656,0.2970088567302448,0.51971436,2.1888304,0.45804214,2.1271582
solar,94,46656,51840,0.9988458978223568,0.2125606840441729,3.600309,0.09551668,3.9330516,0.42825937
solar,75,44288,48320,0.9988157533850832,0.2566147988719186,0.15653324,0.054341793,0.3579054,0.25571394
solar,10,44352,45504,0.9988110902648292,0.1795939914278074,0.26428938,1.0827246,0.20109797,1.0195332
solar,5,49024,51328,0.9988091038097556,0.275550081660047,1.0613403,0.26632214,0.79075956,0.0042586327
solar,125,44864,46016,0.998800150627943,0.2762139928654978,0.32581758,1.0611959,0.18151617,0.91689444
solar,86,44352,46656,0.998800077489382,0.2961682439184496,0.18860102,2.3154435,0.10592413,2.3981204
solar,110,43200,51840,0.9987980136841508,0.1707771233917106,0.76280785,2.2734385,0.25141335,1.762044
solar,127,44416,47296,0.998794549720022,0.188611395049815,0.032673836,0.051856995,0.14046049,0.05592966
solar,67,42112,44416,0.998793445549236,0.2758429928167724,0.07204342,0.5014024,0.2047987,0.7782445
solar,64,45376,50560,0.9987865120144794,0.1737473920039208,3.035935,0.49643803,2.8354764,0.2959795
solar,114,42560,50048,0.9987860011878824,0.2692829615713348,0.20288229,0.9155164,0.31239033,0.80600834
solar,46,48960,49536,0.998781355505829,0.2577075543461927,0.11101198,0.30151272,0.20542908,0.20709562
solar,64,44992,47296,0.9987695251953712,0.2859251370224142,0.26516485,0.36152172,0.14321041,0.48347616
solar,104,44224,47104,0.998765407708095,0.2080203552380653,0.09695864,0.87715197,0.119540215,0.89973354
solar,14,43264,46720,0.998737094160805,0.1126659783805453,0.06383467,1.2963381,0.033735752,1.3939085
solar,34,48960,51840,0.9987285165250004,0.0817729689242217,2.3179812,0.088798046,2.7254233,0.31864405
solar,115,48384,50112,0.9987281684792628,0.2453226571950619,0.085886,1.8211222,0.21822882,1.953465
solar,0,47936,49088,0.9987205964912432,0.2936992698147437,0.56990147,1.3451829,0.1868825,0.9621639
solar,74,45568,46720,0.9987164647435308,0.145891248639337,0.05283785,0.011437893,0.07067299,0.112072945
solar,31,43840,51904,0.9987120062983142,0.1440763169695731,1.854095,0.30502796,1.9686339,0.41956687
solar,20,42688,51328,0.998688701484893,0.297211261061606,1.4993429,0.22366238,1.575315,0.29963446
solar,114,43712,48896,0.9986766058574312,0.0720614831965775,0.098817825,0.2647581,0.1296587,0.23391724
solar,22,50112,51840,0.9986667245792036,0.1863133414291336,0.38076496,0.025557518,0.2818861,0.07332134
solar,131,42688,49600,0.9986654245586716,0.2939876612481978,0.031050682,0.14549255,0.3092041,0.13266087
solar,59,45568,48448,0.9986525462584168,0.2063144869761198,0.089295864,0.22280598,0.04609108,0.17960119
solar,104,43776,45504,0.998648005593866,0.2844839162022596,3.150988,0.5098634,3.2755709,0.63444614
solar,122,42688,44416,0.9986472028035656,0.2699470593910902,0.12510014,0.003689766,0.11743498,0.011354923
solar,42,42688,44416,0.9986347810315248,0.1239236407559902,0.054639816,0.09494829,0.1811266,0.031538486
solar,5,47168,48896,0.9986194230456932,0.0148406988004765,0.04698372,0.12240839,0.013809681,0.15558243
solar,105,44352,49536,0.9986189530666592,0.287718502213165,0.013191223,0.9707551,0.106378555,1.0903249
solar,113,42496,44224,0.9986182661850956,0.2716898459950422,0.30374718,0.55002165,0.12366533,0.3699398
solar,111,44288,47744,0.99861314237169,0.1911974818585093,0.051331043,0.50838184,0.20741749,0.3522954
solar,1,44416,45568,0.9986101375294726,0.2973706425089474,0.4979415,0.3812623,0.16611004,0.049430847
solar,33,48320,51776,0.9986033897922628,0.1749823612726974,0.27229643,3.9259467,0.13446331,3.7881136
solar,104,43264,46720,0.998601986184583,0.2178716093095529,0.30003524,0.86680365,0.025743008,1.1410959
solar,44,42752,46784,0.9985949616808496,0.2723786058475269,0.50558233,1.9211969,0.45458317,1.8701978
solar,78,46080,46656,0.9985913110109964,0.2295716996728522,0.5386524,0.29382133,0.5618024,0.3169713
solar,83,45376,50560,0.9985795548932846,0.2800191653669523,1.2492924,0.48711348,1.1537819,0.391603
solar,84,43200,47232,0.998570321697686,0.102887618960523,0.66370535,1.5774994,0.34472084,1.2585149
solar,33,46016,48896,0.9985686410444784,-0.0147211243820815,2.032124,0.34540462,2.3495083,0.028020382
solar,13,51200,52352,0.9985661041265655,0.0595746557885962,0.42614698,0.07763672,0.30012417,0.048386097
solar,5,43264,49600,0.9985638827489798,0.13761499815932,0.114186764,1.1002975,0.24664259,1.4611268
solar,63,44352,46080,0.998560450535848,0.2469446355306336,0.16244602,0.60749006,0.00015068054,0.44489336
solar,35,42176,44480,0.9985536006292194,0.1378251294684185,0.32119417,1.424469,0.66207504,1.0835881
solar,16,42496,44224,0.9985530639088184,0.2967042871498845,1.017931,0.71947384,0.4968238,0.19836664
solar,83,46144,49024,0.9985500332867818,0.2791012003018382,0.10510063,0.17933035,0.31684113,0.6012721
solar,23,43776,48960,0.998546129773556,0.2143620063315409,0.8206949,0.14982414,0.99081945,0.020300388
solar,118,44416,45568,0.9985444207163224,-0.0106966967845881,0.43241787,0.562644,0.103392124,0.23361826
solar,53,45568,49600,0.9985425932282564,-0.0211925593526857,0.05589819,0.12798595,0.25088358,0.32297134
solar,79,46528,48256,0.9985417342604506,0.271877780995356,0.3001871,0.34612608,0.7216916,0.7676306
solar,132,50688,51840,0.9985375430207734,0.2689055994912657,0.47359324,0.26011992,0.68346405,0.0502491
solar,67,42496,48256,0.998528789453794,0.2498847399342552,2.4076943,0.06446886,2.6521826,0.3089571
solar,93,48960,49536,0.9985235202548596,-0.0820348161293701,0.1423583,0.07682943,0.117715836,0.1014719
solar,0,42688,46144,0.998517864507796,0.1965543773949663,1.1661506,0.76328325,0.8631048,0.4602375
solar,109,42560,43136,0.9985042621728109,0.0196047622420914,0.16269016,0.8116622,0.323339,0.6510134
solar,102,43200,51264,0.9984896038390626,0.2993367975438323,0.21541834,1.2632403,0.32952595,0.71829605
solar,5,42496,45376,0.9984884683446432,0.1030247207131538,0.4190688,3.7398663,0.5128298,3.8336272
solar,17,44224,48256,0.9984727983971182,0.1843557054455802,0.29270935,3.3861861,0.42873383,3.5222106
solar,77,43200,48960,0.9984690696642712,0.2350461681084185,0.13983679,3.2241597,0.18485689,2.899466
solar,27,48384,50112,0.9984602664402636,0.1452730943212239,0.0679574,1.263659,0.00015878677,1.3314576
solar,95,44800,46528,0.9984596782509432,0.2487737376036641,0.34598923,0.6684866,0.023332119,0.29916525
solar,47,42496,45376,0.9984574184126502,0.2955765751929383,0.37316132,3.411252,0.5415487,3.5796394
solar,58,48384,48960,0.998451566660749,0.0128318840845709,0.12081909,2.358461,0.36558104,2.113699
solar,134,43776,47232,0.998450151361728,0.0497115432561217,0.6491208,0.18411303,0.70826054,0.1249733
solar,79,43840,45568,0.9984452325883856,0.2656170373687485,0.3261714,0.23447418,0.03163147,0.060065746
solar,111,42688,43840,0.9984446033900114,0.1002728707120142,0.099167824,0.12692118,0.06314278,0.16294622
solar,8,46656,50112,0.9984365032256678,0.236332468012785,3.335033,0.54552794,3.6773295,0.88782454
solar,73,42560,45440,0.9984343358740052,0.2910649080566361,0.21615458,0.72935724,0.17995596,0.6931586
solar,129,43712,47168,0.9984337041723615,0.1797679741916923,0.1765933,0.10931921,0.24287891,0.0430336
solar,59,46592,50048,0.998431071665048,0.087056081353921,1.0490508,0.3855405,1.3120098,0.12258148
solar,11,49536,50112,0.9984296618825168,0.1847109275167067,0.062512875,0.55598927,0.03196287,0.46151352
solar,100,44352,47808,0.998426390479076,0.1882991207871242,0.28743505,2.7429533,0.45258904,2.5777993
solar,134,44416,45568,0.9984263178072076,0.2121742821841615,0.3120923,0.06753492,0.1149044,0.12965298
solar,27,43840,47296,0.9984111111585734,0.24029328880387,0.16965866,0.17474937,0.41661072,0.07220268
solar,71,44352,46656,0.9984055943528714,0.1126381448392465,0.121974945,1.0447073,0.15845776,1.0811901
solar,80,42496,45376,0.9984019423662308,0.1320342943741672,0.39881992,3.3718004,0.55722094,3.5302014
solar,38,43840,51904,0.9983948482372744,0.1687919180403937,1.0203223,0.12622309,0.92191505,0.027815819
solar,82,45440,50048,0.9983855598077032,0.0797998247237917,0.17098284,0.8450413,0.03700447,0.63705397
solar,129,47232,50688,0.9983777464358646,0.2513267273317445,0.06141758,0.04767704,0.026679993,0.08241463
solar,119,42624,44928,0.9983765513872344,0.2694395382413885,0.9577112,0.14743328,1.4922819,0.682004
solar,94,45504,50112,0.9983763866062108,0.121893914215809,0.9194865,2.2525067,0.665946,1.9989662
solar,28,42496,44800,0.9983745427108408,0.0587084184230002,0.3412962,0.21063519,0.46033096,0.09160042
solar,46,44416,51904,0.9983671804544416,0.2054455768085177,1.538382,0.17064095,1.6070232,0.10199976
solar,16,48384,50112,0.9983595042157588,0.1634348981232679,0.28203726,1.0479231,0.1110692,0.6548166
solar,133,44864,47744,0.9983445615142028,0.2893885698908046,0.083088875,0.43340397,0.0542264,0.2960887
solar,12,48384,50688,0.9983435246188632,0.0134404268762697,0.1228981,1.0157175,0.2569666,0.881649
solar,108,44992,49600,0.9983418262992172,0.2843125595741894,0.15844727,1.13587,0.12026882,1.0976915
solar,119,43712,50048,0.9983399860426264,-0.1923822573039252,0.30645418,0.25146627,0.37161636,0.18630409
solar,79,46592,50048,0.9983378018573834,0.2923533319065211,0.08330059,0.31417418,0.014371395,0.21650219
solar,117,43776,47808,0.9983335878138948,0.275896529458845,0.12750053,0.7837658,0.0008740425,0.6553912
solar,36,45568,49024,0.9983292815622352,0.240930886304354,0.14973974,0.08248949,0.052820683,0.28504992
solar,87,42048,42624,0.9983271537548456,0.2869210044354487,0.09788132,1.0488405,0.05154991,0.8994093
solar,84,46656,47808,0.9983253450297904,0.1955912908233334,0.21184492,1.2595067,0.24423504,1.2271166
solar,93,49472,50048,0.998314558340054,0.2078110134984785,0.06030941,0.029509068,0.20490646,0.115087986
solar,123,42496,45376,0.9983106527390336,0.2564237585511912,0.60648155,3.6904254,0.26450396,3.3484478
solar,133,44416,46144,0.9983094243990552,0.0983626876227594,0.8899908,0.24567509,0.599946,0.044369698
solar,110,46016,51776,0.998307493705376,0.0601037234389161,1.2724118,0.35075426,1.2214937,0.29983616
solar,11,43712,51776,0.998294135090869,-0.0266919087221729,0.22879505,1.0075068,0.2395916,0.9967103
solar,129,42688,47296,0.9982927443976,0.2820585276949297,0.12850332,0.13775635,0.021745205,0.24451447
solar,60,44288,46592,0.9982879281311856,0.2353733462327437,0.13548946,0.9177661,0.3119011,0.74135447
solar,121,44352,44928,0.9982819887273902,0.1013865904958227,2.2414222,0.59059525,2.0911021,0.4402752
solar,126,49536,50112,0.9982817449545766,0.2203294720742544,0.51367664,0.38560295,0.39774942,0.26967573
solar,9,42624,44928,0.9982791780809888,0.1739512251854336,0.47446108,0.029988289,1.0090632,0.5046139
solar,7,49472,52352,0.9982778072118812,-0.1269617566524707,0.21942186,1.4848437,0.5237403,1.1805253
solar,61,49600,51328,0.9982741442438964,0.1577894920537287,1.5519443,0.25791836,1.6007171,0.30669117
solar,54,45568,50176,0.998272241728711,0.2175624371302025,0.40711927,0.0011043549,0.27878284,0.12944078
solar,76,43840,49024,0.9982634623647304,0.0474637867237622,0.16951609,0.08904123,0.25616884,0.0023884773
solar,40,45504,46080,0.9982555353869385,0.1760667580557999,0.88799334,3.0531988,0.8083315,2.973537
solar,117,44992,47296,0.9982552341029894,0.1798521220709636,0.2651453,0.5474906,0.23527431,0.5773616
solar,82,47296,49600,0.9982515681523912,0.2489815808447912,0.052056313,0.07078028,0.024588108,0.0058641434
solar,7,43712,50624,0.9982473187029748,0.2166644107561233,1.2043304,0.38353777,1.4063778,0.18149042
solar,109,43776,49536,0.9982415575915012,0.2119614229234059,0.14583588,0.91936827,0.21256971,0.85263443
solar,95,43264,51328,0.9982393688082994,0.1952281594958486,0.17918825,0.51856375,0.13589501,0.561857
solar,99,47168,47744,0.9982356835526458,0.2427480511500983,0.11327267,0.4705987,0.17129326,0.4125781
solar,26,45440,48320,0.99823477794789,0.2664863942252884,0.019640923,0.2394681,0.01581335,0.24329567
solar,80,43840,47296,0.9982335135035976,0.1509283516041149,0.0028538704,0.092460155,0.1339693,0.03865528
solar,45,47936,51968,0.998226025781172,0.2986296850695289,0.47438812,2.524918,0.11208439,1.9384456
solar,120,44416,50752,0.9982248358329396,0.1612881185139979,0.11895323,0.17556953,0.063147545,0.0065312386
solar,16,42752,44480,0.998224337058356,0.1852095451112483,0.19084787,0.83441305,0.5830674,0.4421935
solar,61,44864,48896,0.9982234913986264,-0.2312343251706229,0.033150196,1.1988587,0.38048077,0.85152817
solar,74,43776,46080,0.998212411286638,0.2361906592813589,1.68965,0.4160385,2.162242,0.056553364
solar,94,42624,44352,0.9982080554462324,0.289090890130773,0.034656048,0.2698536,0.1464696,0.08872795
solar,47,42752,43328,0.9981962757797064,0.144822960743844,0.80047226,0.47160864,1.1358066,0.13627434
solar,133,42560,50624,0.998186205293087,0.271546756008143,0.029520988,0.050837517,0.046915054,0.03344345
solar,19,45568,46720,0.9981676175395758,0.2456584830059009,0.25838232,0.079517365,0.77851915,0.5996542
solar,95,42496,45376,0.9981651114330262,0.2237287393139961,0.048265934,0.47472572,0.3178749,0.10858488
solar,97,46144,47296,0.9981641201846564,0.2699338467700524,0.0036883354,0.7440109,0.23531246,0.97563505
solar,15,44224,45376,0.9981634761190958,0.2069539683279249,0.6896348,3.5794358,0.6653404,3.5551414
solar,103,43264,44992,0.9981543376215436,0.2391317399454871,0.05144787,0.35547853,0.055804253,0.46273065
solar,87,44416,45568,0.998147837801826,0.2314631320581213,0.38309002,0.36585665,0.10827255,0.09103918
solar,55,42688,47296,0.9981403576425834,0.2950645794609313,0.06693697,0.120470524,0.28222418,0.094816685
solar,19,43200,47232,0.9981359226672704,0.2582052541548753,0.22709656,1.7369838,0.03515768,1.4747295
solar,129,42624,44352,0.9981315143000388,0.1351841446343206,0.35557604,0.1799469,0.046227455,0.12940168
solar,33,42688,49024,0.9981315060993876,0.2641622503074468,0.08983755,0.14085197,0.2556882,0.024998665
solar,8,46080,51264,0.9981313467163034,0.2383378206236658,0.81657076,0.16508389,1.1000757,0.11842108
solar,49,44416,46720,0.9981310617942108,0.25723066728241,0.25172758,0.2384615,0.32802677,0.1621623
solar,115,44992,46144,0.9981277982435508,0.2752628512893583,0.7057338,0.20616484,0.35638332,0.14318562
solar,116,42496,48256,0.9981272577308732,0.139524175427269,0.47244024,1.9841723,0.54515934,2.0568914
solar,62,45504,46080,0.9981180473446056,0.107235090324683,0.65481853,0.41659832,0.9216118,0.14980507
solar,69,47296,50176,0.9980981974191824,0.2582510459769158,0.74243736,0.3569069,0.4407363,0.055205822
solar,4,42752,43328,0.998088442904574,0.2884079059502033,0.9019947,0.082455635,1.1769214,0.3573823
solar,120,45568,51328,0.9980832701377064,0.1703061935051333,2.0828657,0.36157775,2.2287495,0.50746155
solar,88,47808,48960,0.9980724542781771,0.2738697950393413,0.11196852,0.39518833,0.22229767,0.28485918
solar,21,47744,52352,0.998071836731702,0.2674446534573586,0.33429956,0.4258542,0.2298007,0.32135534
solar,66,43264,45568,0.99806316061065,0.2784544108221907,0.41883755,1.4372911,0.3230667,1.3415203
solar,79,44992,46720,0.9980582646777312,0.273107641764082,0.17535114,0.30120373,0.016422749,0.46013212
solar,49,44224,48832,0.9980562268734812,-0.0157309715885697,0.01869011,0.038424492,0.029315472,0.02779913
solar,12,43264,47296,0.9980414843141606,0.2918199853366899,0.17382288,1.2929497,0.20009756,1.3192244
solar,31,42688,47296,0.9980402292731118,0.2071150295017199,0.016161919,0.10509157,0.25539684,0.37665033
solar,125,42048,50688,0.9980341551671472,0.2442766616390544,0.117779255,1.3587065,0.31166506,1.1648207
solar,58,49600,50752,0.9980220952783776,0.2668510850882349,0.11296797,0.1371746,0.21993732,0.03020525
solar,78,42688,47296,0.9980126975572668,0.2209792875645808,0.10230446,0.097651005,0.25330544,0.05334997
solar,5,46656,49536,0.9980102767053712,0.1581477666459448,0.22378063,1.4873133,0.11963081,1.3831635
solar,79,47744,50624,0.9980097620670908,0.2062191124083362,0.6700926,0.2263279,0.79407024,0.102350235
solar,8,42560,48320,0.9980092540036906,0.2550611939445223,0.16210747,0.7518363,0.070581436,0.66031027
solar,121,42176,45056,0.9979968094990352,-0.0047081652399467,4.330327,0.26009226,4.2633123,0.19307756
solar,38,44416,44992,0.9979958132720878,0.2592572948015536,0.72514343,0.3675046,0.59109926,0.23346043
solar,55,42752,45632,0.997994703543956,0.294589960714523,0.05791998,0.07559538,0.030382156,0.1031332
solar,117,47744,48896,0.9979768964576348,0.1752264683719898,0.13373995,0.019816875,0.14458323,0.030660152
solar,79,45504,49536,0.9979648272128282,0.2554040013088271,0.6307783,2.068449,0.43436766,1.8720384
solar,106,42624,44928,0.9979620605899188,0.1760224614216463,0.24276114,0.3518238,0.35428858,0.46335125
solar,21,44352,48384,0.997958217280767,0.1723035048328854,0.4120059,0.12771606,0.5266681,0.013053894
solar,48,45568,49600,0.997943431958098,0.2286867807976392,0.027816772,0.05376196,0.18645287,0.16050768
solar,101,45568,48448,0.9979433010895958,-0.0014774226059554,0.34003878,0.2216196,0.67240095,0.11074257
solar,120,46528,48256,0.99793875233251,-0.0790635168322685,0.75708246,0.19252825,0.7970028,0.15260792
solar,101,42688,46720,0.997934974655884,0.0978632377314996,0.3021803,0.22974014,0.51005936,0.021861076
solar,67,43264,49600,0.9979340305893012,0.1420310371859344,0.22364855,1.6496775,0.20198703,1.628016
solar,121,44480,45632,0.9979335945465514,0.2060114191650099,0.7686,2.4189548,0.74063253,2.3909874
solar,70,48384,50112,0.9979315079810384,-0.0370989221021901,0.039880276,2.6281748,0.06325436,2.7313094
solar,OT,42496,44224,0.9979291312463108,0.0214769328341708,0.10001087,0.6531167,0.059995174,0.6931324
solar,106,48320,48896,0.9979284514700846,-0.1689153361264263,0.2751379,1.3635163,0.10250521,1.1908836
solar,78,43264,49024,0.9979278023219889,0.020901866888453,0.44952917,2.3738647,0.20834923,2.6150446
solar,84,45632,46208,0.9979228526063986,0.2710300604148496,1.203723,0.5713301,1.8759861,0.100933075
solar,53,44992,49024,0.9979205655978444,0.2586700078548552,0.54210615,0.50659037,0.365664,0.33014822
solar,44,44224,45376,0.9979180144197796,0.1135689811119291,0.73656034,2.982534,0.30145454,2.5474281
solar,29,43200,49536,0.9979107704630692,-0.0017522788615151,0.7918978,2.9786472,0.39375353,2.580503
solar,78,44416,51904,0.9979027686175416,0.2067915159316772,1.0619869,0.20051384,0.7953863,0.06608677
solar,111,44224,45376,0.9979002016079452,0.1695015346863977,0.49555397,3.6448646,0.32686758,3.4761782
solar,OT,42688,47296,0.9978946102670008,0.2516866506621855,0.07060671,0.058626175,0.36415005,0.23491716
solar,128,48320,50624,0.9978922005736244,0.2627732730345597,0.095654964,0.22245884,0.07137728,0.24673653
solar,51,43200,51840,0.99787904916008,0.2436444964899601,0.15133429,1.7229099,0.30267906,1.2688966
solar,48,44416,46144,0.9978641188909012,0.2754293403958576,0.50902796,0.3331623,0.3373356,0.16146994
solar,21,43264,46720,0.9978609150800593,0.2677615475077645,0.054453135,1.3636804,0.09547973,1.404707
solar,108,42496,48256,0.9978576830012356,0.1049490094306127,0.48305702,3.0288887,0.59577227,3.141604
solar,76,44928,45504,0.997845288907406,0.2487059871775362,1.8876123,0.42575836,2.0829887,0.62113476
solar,38,47232,51264,0.9978444099039157,0.2816342687587083,1.7469845,0.38860798,2.036758,0.098834515
solar,111,47104,48832,0.997840898596324,0.235366419843875,0.29042435,0.24104166,0.27135468,0.22197199
solar,87,44352,48960,0.9978399285994148,0.2839206630119042,0.2057085,1.0856419,0.42191172,0.86943865
solar,94,49984,50560,0.997825919661742,0.127196234842528,2.1188388,0.046551704,2.2942014,0.12881088
solar,115,42112,49024,0.997824468362952,0.2403594629365441,0.080729485,0.57283497,0.0993247,0.5914302
solar,55,43776,45504,0.9978187836393582,0.1533608217840242,1.8351607,0.5247774,2.1070132,0.7966299
solar,35,43264,50176,0.9978168951809908,0.1094126661008247,0.51299,0.84224224,0.08647394,1.2687583
solar,91,43840,50176,0.997809202821086,0.1522960440380341,0.598371,0.13720036,0.5184727,0.057302
solar,3,43776,44352,0.9978027671121308,0.2614193194470101,1.1711936,0.047580242,1.1833768,0.035397053
solar,80,47168,50048,0.9977974301104624,0.1204763505352009,0.030320644,0.33244085,0.011703014,0.31382322
solar,58,43840,48448,0.9977943598853676,0.2334079137431087,0.19300032,0.2228632,0.28581238,0.13005114
solar,15,42176,43200,0.9977917040829534,0.1543539098317924,2.4756007,0.21343756,3.0586672,0.796504
solar,85,42496,44224,0.9977866421342751,0.1418916927948138,0.36342382,1.7465177,0.079503536,1.4625974
solar,13,46016,48896,0.9977831296369252,0.1315432227355189,1.7317324,0.28458738,1.9826493,0.033670425
solar,72,42112,47296,0.997777259927965,0.2842414330701654,0.16705084,0.1944108,0.014463425,0.37592506
solar,84,42624,44928,0.997767344361508,0.2784628817124101,0.25090742,0.04690075,0.5587902,0.26098204
solar,91,42688,49024,0.9977671737311832,-0.0653888444480977,0.00755167,0.08791733,0.060239792,0.14060545
solar,66,50752,51328,0.9977668785838066,0.2453669874774226,1.2878184,0.20939279,1.3597908,0.28136516
solar,37,47744,48896,0.997758625465434,0.1021631947811123,1.351871,0.26558113,1.6017451,0.015707016
solar,2,48384,50112,0.9977525709748692,0.2146563348025482,0.1079855,0.9645982,0.32131433,0.75126934
solar,5,50624,51776,0.9977516217547936,0.2028856495697458,0.115645885,2.7308698,0.29174948,2.5547662
solar,57,47232,50688,0.9977434945009552,0.1934481265114427,0.04552746,0.42446756,0.20059729,0.17834282
solar,53,43200,50112,0.99771658882657,0.0966819817177364,0.16379547,1.9852519,0.2487235,1.9003239
solar,85,45376,48256,0.9977110675007406,0.284593199888023,0.07787943,0.6334243,0.08195877,0.47358608
solar,33,42496,45376,0.9977085608870692,0.0947821572746692,0.3538623,4.1840444,0.27882385,4.109006
solar,11,42496,45376,0.997706106847936,0.2741707565893203,0.15082836,3.350913,0.43580198,3.6358867
solar,78,50048,52352,0.99770309755819,0.1069941918597307,0.11999369,2.0101914,0.2815628,1.8486223
solar,129,45056,46208,0.9977017733553278,0.2852620003074459,0.19361067,0.65820456,0.4458437,0.40597153
solar,100,46720,49024,0.9977009428855548,0.0954485587734263,0.14791346,0.17729521,0.12721968,0.19798899
solar,36,42496,45376,0.9976988694092628,0.2775201544899009,0.43114805,3.5895472,0.3956499,3.554049
solar,5,42624,44928,0.997695001855236,0.2633070039604636,0.63992214,3.177105,0.69585323,3.233036
solar,98,43200,46080,0.9976867785716684,0.1904821614853823,0.00067424774,0.023153782,0.12023735,0.09640932
solar,125,43328,44480,0.997683718440939,0.1595904294225932,0.1653409,0.038398743,0.22997808,0.10303593
solar,56,42496,47104,0.9976758282535544,0.2187261842729386,0.0063681602,0.82984924,0.0033512115,0.8395686
solar,55,45568,49024,0.997664159004244,0.1623079938105557,0.2774887,0.22721052,0.5052085,0.4549303
solar,90,46080,50112,0.997663351983792,0.0897444009755233,0.3014288,0.45982933,0.4776702,0.6360707
solar,27,42496,48256,0.9976581585006412,0.2010930946245214,2.9248877,0.09726715,3.1694412,0.34182072
solar,54,48256,49984,0.9976563009560252,0.1763241017857802,0.4496889,3.8361635,0.2114482,3.5979228
solar,32,44416,49024,0.9976558982849226,0.2501390268190639,0.14219856,0.13570642,0.16337729,0.1145277
solar,3,43200,47808,0.9976548252064968,0.1480114810394507,0.08133602,3.446144,0.45794678,3.0695333
solar,63,46144,46720,0.9976327900845612,0.2289679129840213,0.2797289,0.27337694,0.28915262,0.28280067
solar,57,42048,48384,0.997630875680648,0.1756678868820413,0.26474285,0.24520445,0.6333194,0.613781
solar,106,43264,49600,0.9976294579906686,0.2952516334633757,0.0088682175,0.9312587,0.21710515,1.1394956
solar,73,44160,51648,0.9976274137796096,0.2919852306048406,0.5916648,2.8137388,0.433249,2.9721546
solar,130,47296,49600,0.9976130263715336,0.0552366368248928,0.16775417,0.086826324,0.12624168,0.12833881
solar,69,42688,46144,0.9976106402111852,0.2880912457751105,0.9049449,0.35572815,0.6744313,0.12521458
solar,102,48960,50112,0.997603793712708,-0.0237261871631358,1.7593603,0.26984453,2.0430355,0.5535197
solar,49,42496,45376,0.9975869308397072,-0.010635434555547,0.35313225,4.4200873,0.34178066,4.4087358
solar,59,44416,46144,0.9975852870848844,0.0680052674213305,0.8186922,0.19169855,0.6669917,0.039998055
solar,82,45376,49408,0.9975851423714398,0.2710093379123913,1.805779,0.2116909,1.4599204,0.13416767
solar,133,45120,47424,0.9975807871305736,0.2680328397443481,0.04369116,0.3046217,0.23925018,0.5001807
solar,67,47232,50112,0.9975732503505208,0.2492204862251922,1.3647676,0.09817219,1.6173024,0.35070705
solar,57,42496,44224,0.9975732279191436,0.2183491980233064,0.23085642,0.3242755,0.030727386,0.12414646
solar,133,42496,47104,0.9975723207723676,0.2238419269257925,1.001122,0.58025265,0.59580183,0.17493248
solar,43,48320,48896,0.9975702796626272,-0.108217843244853,0.26565933,0.7458167,0.0070858,0.48724318
solar,120,50112,50688,0.9975648825897212,0.0383888369445877,0.07515478,0.6568155,0.0007786751,0.5808821
solar,117,43840,45568,0.9975581840384375,0.1565758154042168,0.5201998,0.0745697,0.31306267,0.1325674
solar,48,44352,50112,0.9975564945466158,0.1355259056846285,0.5878377,0.074513435,1.0777316,0.41538048
solar,134,48320,50624,0.9975556098310095,0.2403085569764644,0.24495363,0.089738846,0.20924091,0.054026127
solar,113,42048,49536,0.9975555804614344,0.2870553181966744,0.13392544,3.3006926,0.113883495,3.0528836
solar,86,42496,44224,0.9975521547091416,0.2944045047638169,0.31139374,0.62109804,0.13864613,0.44835043
solar,133,45568,47296,0.9975512732563832,0.291753332628933,0.060805798,0.042474747,0.35833454,0.255054
solar,78,47232,49536,0.9975496617844314,0.2992785949958365,0.24235678,0.95395803,0.22834253,0.9679723
solar,11,45568,50752,0.9975449339261624,0.2880496886336029,0.086396694,0.012828827,0.17666435,0.27588987
solar,25,48384,48960,0.9975368666699213,0.1433112644775684,0.19927311,2.723391,0.57984877,2.3428154
solar,83,43712,45440,0.9975346686837918,0.2325821551055799,1.1277642,0.47244883,1.4009218,0.19929123
solar,107,43712,52352,0.997529593939144,0.153539575127231,0.009297848,0.54468775,0.07505798,0.4789276
solar,104,42496,45376,0.9975233150194804,0.2083095422159664,0.48078394,2.5724225,0.6715069,2.7631454
solar,53,42496,45376,0.9975125879135311,0.2231325559812284,0.40179825,4.2239904,0.49897003,4.321162
solar,115,42496,45376,0.9975119850847148,0.2084994603108734,0.37241364,3.6275826,0.5278039,3.7829728
solar,43,47168,52480,0.9974999414408292,0.2732223452933664,0.18257904,1.5163369,0.42811394,1.270802
solar,65,49536,50112,0.9974924270925184,0.2861411915207384,0.8664417,0.056288242,0.8905902,0.08043671
solar,24,44416,48448,0.9974912202838074,0.2804340984105695,0.41195345,0.36671495,0.20020342,0.15496492
solar,123,42112,51328,0.9974839924395688,0.1449155320943886,2.9860234,0.018607616,3.0879788,0.12056303
solar,74,46144,49024,0.9974825306198885,0.1916981102542832,0.4333496,0.3232851,0.68469095,0.57462645
solar,126,44928,47232,0.9974820350627088,0.2789396880458477,0.55787563,2.2694826,0.2341733,1.9457803
solar,96,48896,50624,0.9974793808605752,0.1930336420486775,0.048933506,0.012476921,0.17281723,0.1114068
solar,108,44352,47232,0.9974743023221392,0.2983830194651835,0.17782116,0.42495012,0.27807474,0.32469654
solar,51,46080,47808,0.9974658201173988,0.1224620977449142,0.60812664,3.3576627,0.11235714,2.8618932
solar,53,44288,50048,0.9974632524476416,0.2843977659431239,0.18199062,0.029019356,0.31837463,0.16540337
solar,66,48896,50624,0.997463055750843,0.234723772504795,1.2065167,0.1470294,1.4238439,0.07029772
solar,130,44288,46016,0.9974543847448656,0.2840125745610977,0.36572695,0.14085722,0.2803645,0.055494785
solar,50,46656,49536,0.9974410872523424,0.0555129026454542,0.008928299,0.4031353,0.16764927,0.24441433
solar,52,42496,48256,0.9974388877401588,0.2155588258529915,0.11588001,0.019756317,0.47975588,0.34411955
solar,99,43840,44416,0.9974272848909658,0.2712055746547052,0.3205433,0.27344322,0.48982,0.10416651
solar,3,44864,50624,0.997426175801878,0.2542554780681101,0.06968355,0.3073001,0.17031622,0.20666742
solar,50,42496,44224,0.9974253410749128,0.2448972705986565,0.25851393,0.5923233,0.08275175,0.41656113
solar,15,43264,50752,0.9974248703178192,0.2906432777149108,0.23119998,0.9379821,0.0046577454,1.1645243
solar,23,43264,43840,0.9974219077565598,-0.000196650644617,0.37077975,2.0170012,0.1635437,1.8097651
solar,130,44416,46720,0.9974218836718672,0.2696547973541275,0.017260075,0.014476776,0.011575222,0.020161629
solar,61,43840,46720,0.9974108238064716,0.1387664761060678,0.3626895,0.2325759,0.51246977,0.08279562
solar,OT,42240,47424,0.9974057799609584,0.2247041647000496,0.016471863,1.0115299,0.44364953,1.4716513
solar,71,46080,48960,0.9974053872411816,0.2757363844072202,0.46144676,1.9706688,0.10684681,1.6160688
solar,125,48512,49664,0.9973995657794568,0.120886194564247,0.91406107,0.2543602,1.1270881,0.4673872
solar,134,48960,50688,0.9973994390762768,0.216011587989633,0.892128,0.25698423,1.0277581,0.1213541
solar,1,43264,49600,0.9973828994250534,0.1895142284690682,0.09888196,1.4098415,0.16319561,1.4741552
solar,125,45504,49536,0.997371988853751,0.2874548076754478,0.71297884,2.4513607,0.68254185,2.4209237
solar,36,43712,49472,0.997371638978044,-0.319165682903497,0.060207844,0.8416519,0.23984575,0.662014
solar,114,43840,48448,0.9973549704945333,0.2923766913481471,0.2590866,0.24487877,0.46559477,0.03837061
solar,102,42688,46720,0.9973529619091088,0.2537535459275152,0.39985085,0.2144494,0.46922874,0.1450715
solar,32,42496,45376,0.99734939587753,0.2784142646207334,0.31349468,3.6795726,0.41393757,3.7800155
solar,129,45504,49536,0.9973464282885808,0.2520024561568024,0.7091932,2.7762709,0.81393147,2.881009
solar,88,51200,51776,0.9973424506787202,0.0024699002343463,0.16453886,0.7380266,0.18278265,0.7562704
solar,21,42496,45376,0.9973413901694086,0.1663452464899021,0.38336277,3.651897,0.3625908,3.631125
solar,98,42688,44416,0.9973364461131532,0.2563580062556518,0.046913147,0.007060051,0.39012432,0.33615112
solar,123,46080,48384,0.9973364191442696,-0.0156657516203142,0.16479874,0.00092601776,0.13838387,0.025488853
solar,90,46720,50176,0.9973301158304066,0.2790124216040072,0.66516495,0.6864023,0.29385042,0.3150878
solar,5,42240,46272,0.997327847239158,0.295961078031862,0.5935936,0.044785976,0.15079594,0.48758364
solar,64,45440,50048,0.99732356956116,0.2324181571807327,0.13049746,0.49205732,0.22008467,0.4024701
solar,115,48832,49408,0.9973222359409823,0.235443676861484,0.19676924,0.10001087,0.031207085,0.06555128
solar,37,43904,44480,0.9973209037481112,0.198852765857557,0.05584812,1.7422285,0.25299215,1.4333882
solar,48,42560,43712,0.9973208667835808,0.2345230244143613,0.16443491,0.3409996,0.21514559,0.29028893
solar,135,46656,48384,0.99731520079919,0.2790592979816161,1.9287658,0.48249197,2.2966194,0.8503456
solar,124,42496,45376,0.9973137285518902,0.2851892023882269,0.583488,3.031073,0.6229429,3.070528
solar,43,45504,48960,0.9973084011959072,0.2915026987302341,0.49887562,1.9937878,0.2749548,1.769867
solar,130,43328,45056,0.9973039672494224,0.2591503685618294,2.0391207,0.65849686,2.4026098,0.2950077
solar,94,42688,45568,0.9973008016557344,0.1204356299682913,0.23998213,0.095009804,0.0023503304,0.142622
solar,125,43712,48320,0.99729915957656,0.2473932857975206,0.51745415,0.23033476,0.67780447,0.069984436
solar,87,49984,50560,0.997294809503684,0.2180011809980221,1.838551,0.0834856,1.7753506,0.02028513
solar,6,44352,51264,0.99729193689189,-0.016213420691512,0.18557453,0.5977583,0.43228054,0.8444643
solar,105,43840,47296,0.997291311294153,0.222821298046859,0.075941086,0.074352264,0.14225721,0.008036137
solar,93,43840,47296,0.997282874600518,0.1954509361918255,0.023919582,0.05253172,0.079416275,0.05080414
solar,81,48320,52352,0.997282083960801,0.2947666380489998,0.39323282,2.9690714,0.21077967,2.7866182
solar,48,44864,48896,0.997280200060365,0.2852233680071919,0.101727486,0.28984165,0.19104528,0.20052385
solar,71,42624,45504,0.9972711119094768,0.2760574498138218,0.6078782,0.11940813,1.0021191,0.27483273
solar,31,46144,48448,0.9972706128494015,0.2879774922269136,0.38567924,0.1031003,0.4424615,0.15988255
solar,70,49600,51328,0.9972678612041058,0.2956364817136241,1.3015602,0.23405766,0.8738313,0.19367123
solar,72,42496,48256,0.9972655153028166,0.082575220610858,1.6344991,0.16184664,1.5934029,0.12075043
solar,16,48896,52352,0.997263285430319,0.1467454202285587,0.14222908,1.4867744,0.41859198,1.2104115
solar,91,43776,48960,0.9972630792484576,0.1727801902630626,0.034584045,0.09979963,0.21251822,0.14730263
solar,43,42624,44928,0.9972583388683456,0.2534452210423353,0.69373274,0.10962868,1.156784,0.35342264
solar,48,47808,49536,0.9972574452894626,0.2343297037197543,0.071707726,0.59107304,0.21796894,0.30139637
solar,45,43776,48960,0.997254222690568,0.2462520186289136,0.009786606,0.8619585,0.065824986,0.9179969
solar,65,42688,50176,0.9972496362818548,0.1829009286035167,0.36921263,0.06534958,0.18442535,0.119437695
solar,130,44992,48448,0.997248938776148,0.2452736931539608,0.14454699,0.16526127,0.098340034,0.4081483
solar,20,43200,43776,0.9972443079804884,0.1579639638894391,0.6599283,4.2735353,0.2509551,3.864562
solar,122,43776,44928,0.9972440328566036,0.2344181452009331,1.4089231,0.32441568,1.7390113,0.6545038
solar,128,42496,44224,0.9972412537355452,0.2472501146387668,0.35245895,0.71653986,0.13232946,0.49641037
solar,107,44480,46208,0.9972408996975898,0.1115327461672799,0.71021986,0.33784437,0.97685814,0.07120609
solar,25,43200,46656,0.9972392752407392,0.1588720063112116,0.008478165,0.6215086,0.28123188,0.33179855
solar,97,44352,51264,0.9972380814455284,0.2436428227541066,0.5954952,0.35362244,0.8414931,0.10762453
solar,134,47808,48384,0.9972218624410656,0.1887080028483392,2.3675036,0.26081514,2.6403856,0.5336971
solar,43,45568,49600,0.9972170845726114,0.1592319683528006,0.26016855,0.23494911,0.53328466,0.5080652
solar,80,43712,48320,0.9972168606335364,0.1097415728101079,0.87585497,0.40513325,1.109808,0.17118025
solar,112,45504,46656,0.9972168438607764,0.2550398307742103,0.34942055,1.6396413,0.23235321,1.522574
solar,70,42112,43264,0.9972161281248044,0.2483448027300538,0.23233843,0.5857935,0.15133858,0.50479364
solar,18,48320,48896,0.9972159080645416,0.2571692229032453,0.05933523,0.43700695,0.2536807,0.24266148
solar,5,42560,50048,0.997214418457784,0.2079315082746782,0.08137274,0.111525536,0.09023762,0.120390415
solar,58,44416,47296,0.9972130730083056,0.2565451520696903,0.29865503,0.27274418,0.5787749,0.007375717
solar,115,49664,51392,0.997210129710572,0.2823901274160061,0.012690067,0.8801918,0.033643723,0.833858
solar,93,49984,50560,0.9972067995759883,0.2778781922460645,1.9493403,0.45448208,1.6677947,0.17293644
solar,91,42496,45376,0.9971994589368722,0.2926579628101171,0.32331038,3.3095994,0.5264001,3.512689
solar,25,42560,46592,0.9971949775949815,0.273791911688353,0.21012545,0.9783001,0.39260292,0.7958226
solar,124,46080,50112,0.9971878654382096,0.2128231653455067,0.13348103,2.0764103,0.18890285,1.7540264
solar,44,46080,50112,0.9971840997355592,0.2623372000251736,0.083740234,0.9944892,0.008930683,0.91967964
solar,7,47168,47744,0.9971706942208046,0.2681813243746921,0.2570696,2.1507988,0.5989456,1.8089228
solar,82,44224,47104,0.9971619603458366,0.2001151122185997,0.113861084,0.84771156,0.4527793,0.2810712
solar,126,47808,48384,0.997160257764594,0.2818597846736029,1.8051286,0.3157072,1.9171014,0.2037344
solar,21,45440,48320,0.9971506419995212,0.29865512413152,0.0024142265,0.123559475,0.069600105,0.19074535
solar,104,48448,49024,0.9971500805195664,-0.0682184812522648,0.1061697,0.089261055,0.06361866,0.1318121
solar,67,42048,43200,0.9971451296870067,0.1091512213847359,0.006506443,0.107050896,0.11226225,0.011717796
solar,123,42688,49600,0.9971431712236608,0.2844180056507376,0.07900381,0.17269373,0.24802113,0.0036764145
solar,26,48384,49536,0.9971430302126884,0.1675626698897329,0.062070847,2.3377671,0.23428392,2.165554
solar,31,46272,49152,0.9971279021777508,0.2660124099768262,0.3019371,0.40272045,0.06552982,0.16631317
solar,7,45504,48384,0.9971275004089456,0.1401052440962235,0.42285585,0.15400982,0.41523647,0.14639044
solar,116,45120,46848,0.9971261784491044,0.2928261394106725,0.11737394,0.35549927,0.13200521,0.340868
solar,34,50112,50688,0.997123189079887,-0.2090622606825562,0.2664256,0.38312006,0.30690384,0.4235983
solar,43,43200,48384,0.9971162202250392,-0.0216110516180745,0.06387615,0.40048218,0.22509432,0.23926401
solar,32,44352,49536,0.997114925133848,0.2467846994973983,0.16050625,2.2833233,0.12035704,2.3234725
solar,72,43712,44288,0.997114462530354,0.2590541471403264,0.020775318,0.05820942,0.14637613,0.22536087
solar,56,44416,49024,0.9971138151926562,0.1901622853384733,0.1256566,0.071314335,0.09695625,0.10001469
solar,131,44480,46208,0.9971130783898018,0.1148196979109566,0.89764166,0.451519,1.2269611,0.122199535
solar,39,45376,49408,0.9971078109129564,0.0466071474395371,1.0947886,0.14524603,1.0796199,0.13007736
solar,78,42176,43904,0.9970996346120852,0.2940822774535632,0.3233056,0.076920986,0.2798729,0.033488274
solar,115,47168,50048,0.9970982663742436,0.135833241141247,0.037774563,0.33428335,0.047134876,0.32492304
solar,61,47552,50432,0.9970952854688798,0.2665341766240099,0.29283714,0.31708193,0.1915431,0.21578789
solar,131,42496,44224,0.9970887363383328,0.1365511904069581,0.8133049,0.36180067,0.3510909,0.10041332
solar,27,43712,44288,0.9970848463364972,0.0872347646808331,0.34123468,0.014736176,0.21665096,0.109847546
solar,119,43840,44416,0.9970843212957996,0.2527984383604526,0.14306498,0.032253265,0.073978424,0.10133982
solar,117,47232,49536,0.9970777336926226,0.2287810965916859,0.08124256,0.8772826,0.2035594,0.7549658
solar,82,46592,47168,0.9970770368499888,0.1607316490074138,0.31702757,0.082582,0.3866973,0.012912273
solar,66,43776,45504,0.9970767617693448,0.2425810762502153,3.4687643,0.6055598,3.6044312,0.7412267
solar,63,42688,43840,0.9970722285393032,0.1193698756833636,0.06991243,0.5682931,0.0107450485,0.5091257
solar,14,50176,50752,0.9970705204294112,0.2972759255643308,0.17193031,0.045907497,0.46708775,0.34106493
solar,36,47232,50688,0.9970671317342856,0.2336746693103852,0.36023045,0.20874834,0.42874527,0.14023352
solar,48,50048,50624,0.9970658279914544,0.1890013099768573,0.7495494,0.23097706,0.7853131,0.19521332
solar,78,43776,48960,0.9970576976592757,0.2099246077546858,0.11509371,0.71191597,0.11919451,0.7078152
solar,112,42688,43840,0.9970502168897682,0.1546666065005855,0.030056,0.27335453,0.07259941,0.37600994
solar,20,46720,48448,0.9970373009335006,-0.0106145897366548,0.18769455,0.18259335,0.5173764,0.14708853
solar,122,42496,47104,0.997031607872987,0.2713980372429562,0.13853645,0.65282726,0.028307915,0.4859829
solar,54,49536,50112,0.9970306926148724,0.2302659431972276,0.22134542,0.07984257,0.40459156,0.2630887
solar,52,43200,50688,0.9970301285020692,0.2446101982640196,0.37976456,2.7947755,0.08946943,2.5044804
solar,74,42560,46592,0.9970292004306072,0.2387840657587848,0.06284857,0.1891365,0.13165236,0.12033272
solar,64,42496,47104,0.9970228402020695,0.2013645430004192,3.16849,0.54655313,2.7868805,0.1649437
solar,24,43200,48960,0.9970160898846984,0.2425970217504282,0.21294451,3.3603554,0.029881954,3.117529
solar,73,46656,48960,0.9970091452642798,0.2575042162966921,0.028176785,0.22663832,0.16219139,0.03627014
solar,126,45568,49024,0.9970088838204484,-0.6091243524621123,0.027731419,0.11152744,0.07113218,0.21039104
solar,128,43264,50176,0.997007480646254,0.2394650113638505,0.0047945976,0.94687605,0.14530563,1.0873871
solar,3,46144,49600,0.9970058132022652,0.2355478642115382,0.024708748,0.54638433,0.24758005,0.76925564
solar,17,49536,51264,0.997005194327666,0.1598216923064762,3.9726357,0.001103878,4.3070107,0.33327103
solar,85,43840,45568,0.9970007394913556,0.1286076216713228,0.19353247,0.23155737,0.038902283,0.0008773804
solar,95,43712,50048,0.997000257259484,0.250896563311392,0.075696945,0.32368708,0.15251303,0.55189705
solar,116,43776,44352,0.9969954458607316,0.1895698214767541,0.5003762,0.017567158,0.3536501,0.16429329
solar,78,46144,49600,0.9969913049478676,0.1157540605847437,0.047166824,0.3993411,0.23314953,0.5853238
solar,83,42496,47104,0.9969624773900768,0.2158741500470223,0.09072065,1.1861825,0.037499428,1.1329613
solar,72,45376,46528,0.9969621669957784,0.2360620754380743,2.5524845,0.53547287,2.2072902,0.19027853
solar,112,46080,50112,0.9969547394551432,0.2673593223468503,1.9864993,0.09136152,2.2554636,0.17760277
solar,55,42496,47104,0.9969462145368788,0.019856441426934,0.008457184,0.96248055,0.30642128,0.6476021
solar,32,47296,48448,0.9969445737519196,0.1780086811213223,0.11843395,0.046738148,0.07730389,0.08786821
solar,29,43136,44288,0.9969334007735158,0.1675656260134027,3.0831847,0.38064718,3.2904596,0.17337227
solar,10,47808,50688,0.996931992849243,0.1065164798933338,0.8332267,0.26407194,0.8788805,0.21841812
solar,3,42752,44480,0.9969231300069756,0.2358455067810461,0.2453103,0.84913874,0.5257931,0.56865597
solar,84,48320,48896,0.9969216461550866,0.188781312364019,0.3849926,1.3561087,0.048925877,0.9221902
solar,113,42240,47424,0.9969204130932988,0.2851654238649153,0.66705275,0.7945881,0.76043844,0.8879738
solar,99,49664,51392,0.99691987810837,0.2762203321484078,0.00068330765,0.3465538,0.0829525,0.4301896
solar,21,47296,50176,0.9969141496141533,0.2986548283218202,0.5070343,0.0061450005,0.28761053,0.22556877
solar,99,43136,50624,0.9969065937171312,-0.1039731372182677,1.2954612,0.40889454,1.4458094,0.25854635
solar,56,45568,46144,0.9969019942207268,-0.167484060121583,0.08548021,0.07779074,0.026539803,0.03422928
solar,86,42688,51904,0.9969003652219616,0.2892453512885417,0.80944157,0.17583847,0.7407441,0.10714102
solar,2,43136,44288,0.9968991889532036,0.2593598868784869,1.9905334,0.29531288,2.1711707,0.11467552
solar,31,42560,46592,0.9968975124470508,0.0621320526704521,0.073860645,0.44078302,0.21883726,0.2958064
solar,37,45440,50624,0.9968925803205834,0.2915060067558865,0.08296299,0.17416143,0.11413288,0.14299154
solar,46,43840,46144,0.996890225947977,0.1672437420058181,0.53297615,0.03682041,0.50444984,0.0082941055
solar,OT,44416,51904,0.996885551616527,0.2186148683273843,1.2434936,0.14267159,1.1307368,0.029914856
solar,126,42496,47104,0.9968840139804478,0.2922929817338554,1.2644114,0.779655,0.9686346,0.48387814
solar,88,44352,51840,0.9968816872172582,-0.1469046816382159,0.62061596,0.06878996,0.8829961,0.33117008
solar,9,47808,52416,0.9968786803107714,0.1284465447081115,0.0023155212,0.021512985,0.04281044,0.062007904
solar,11,44352,51840,0.9968779977336478,0.2584707977003387,0.24584055,0.021614075,0.30912733,0.041672707
solar,OT,43840,46144,0.9968769198336278,0.183891414564245,0.75697994,0.082007885,0.71571016,0.040738106
solar,83,45568,48448,0.9968746587213124,0.0074902177228775,0.3290677,0.14714622,0.46338606,0.012827873
solar,10,44864,46592,0.9968738494877591,0.2129961725139725,0.11754131,1.2399344,0.20737886,0.91501427
solar,47,43840,50176,0.9968715766230066,0.2826013349537092,0.47601557,0.1958704,0.27337503,0.006770134
solar,13,42688,49600,0.99687111555601,0.2781764269803943,0.18768358,0.067420006,0.6123433,0.35723972
solar,60,43776,50112,0.9968625578471964,0.0467553032122884,1.2628665,0.23973846,1.4151912,0.39206314
solar,99,48448,49600,0.996852708537478,0.2718547062845318,0.07521534,0.3570633,0.17142963,0.260849
solar,31,43712,48320,0.9968512908735576,0.1408220964897528,0.24201775,0.24213219,0.3400936,0.14405632
solar,12,45568,46144,0.9968474621185714,0.1965229334557916,0.22070456,0.026267529,0.110927105,0.08350992
solar,128,46080,49536,0.9968455013101934,0.0854646838556642,0.020821571,2.8033605,0.2455554,2.5369835
solar,35,42496,47104,0.9968453370106904,0.298286956122782,0.44170237,1.6035476,0.44851065,1.6103559
solar,129,45568,48448,0.996839106052869,0.2751746980574758,0.18797064,0.058240414,0.51246595,0.2662549
solar,79,43712,48896,0.9968104423297208,-0.0185970063655567,0.14710665,0.79022074,0.21154213,0.72578526
solar,1,44288,50048,0.9968007532929534,0.2573458018587189,0.040495396,0.22126198,0.06112957,0.24189615
solar,51,50112,50688,0.9968005649938204,0.2051931033548504,0.49255228,0.25482368,0.88453007,0.1371541
solar,90,44992,46144,0.99679848506949,0.2907164846434419,0.9985571,1.1264925,0.6633282,0.7912636
solar,122,43264,49024,0.9967981787365164,0.2587171073739334,0.24117255,1.65464,0.031441927,1.9272544
solar,OT,42624,44352,0.9967961787976596,0.0258458851855956,2.5525618,0.10037947,2.2566333,0.19554901
solar,36,46080,51264,0.9967896669461244,0.2973909206422193,1.7010403,0.16435957,2.0994081,0.56272745
solar,17,42496,45376,0.9967841465109836,-0.0257957828443514,0.26976538,4.1620064,0.39576674,4.2880077
solar,64,43776,46656,0.9967838003281916,0.2425221620660029,0.8456917,0.023163795,0.7020097,0.1668458
solar,14,43776,44352,0.9967746622839924,0.2817403521532854,1.1918874,0.7993555,1.6879368,0.3033061
solar,128,43712,49472,0.9967728360232844,-0.2920652739399206,0.036349773,0.27472258,0.17167473,0.13939762
solar,60,42496,45376,0.9967633848403962,0.2296058490815436,0.44480038,3.494535,0.43922472,3.4889593
solar,33,42176,44480,0.9967612804921612,0.0589793127309349,0.07834768,0.9314971,0.472672,0.5371728
solar,120,43264,48448,0.9967609492219752,0.12131494171437,0.33439112,1.4891253,0.26822615,1.4229603
solar,85,44288,50048,0.9967602248679914,0.1894829053560306,0.15004015,0.22922325,0.2491703,0.3283534
solar,110,48960,49536,0.9967591648011406,-0.3105640612364022,0.099591255,0.023265839,0.27341938,0.15056229
solar,94,42048,52416,0.9967563865733656,0.2239011400003897,1.3816576,0.11035156,1.4168868,0.07512236
solar,128,48448,49600,0.9967484734311988,0.2371207025720018,0.112303734,0.10705328,0.088460445,0.13089657
solar,64,44352,46080,0.9967470063995008,0.1490149255636208,0.021800041,0.22570705,0.3291731,0.08166599
solar,92,47232,50688,0.99674519575038,0.2850144851935411,0.04118538,0.34656382,0.13019514,0.25755405
solar,123,43264,51904,0.9967420832899092,0.2895967627483781,0.29126215,0.28622293,0.030729294,0.5467558
solar,35,43776,48384,0.996733511637076,0.2346043358362161,0.6607518,0.07194042,0.49696016,0.23573208
solar,59,50688,51264,0.9967300157211024,0.2869116735151473,1.8014045,0.06596851,2.1153579,0.24798489
solar,40,49472,50624,0.9967240804247702,0.173198776144369,0.2764635,0.1851449,0.38908243,0.07252598
solar,10,42624,44928,0.9967215397988686,0.2453803941523752,0.19115162,0.20639849,0.31485748,0.08269262
solar,14,45568,49600,0.9967168985475472,0.1699261124812457,0.03853798,0.27381706,0.12103605,0.4333911
solar,128,46144,47296,0.9967159032891264,0.1154688574644649,0.047876835,0.24141932,0.22205687,0.511353
solar,109,42688,46720,0.9967142813147516,0.2299568853749558,0.13977909,0.15937805,0.23066854,0.0684886
solar,44,43840,46720,0.9967096563283098,0.0634288177132631,0.20470905,0.88877773,0.2573552,0.42671347
solar,51,42688,45568,0.9967070769302144,0.281618913223628,0.5426445,0.36957407,0.04951811,0.12355232
solar,92,46592,49472,0.9967052222668896,0.2237276684968038,0.19605589,1.1437473,0.41047287,0.92933035
solar,12,46080,49536,0.996704671446857,0.2703271501692738,0.104148865,1.544332,0.23436594,1.414115
solar,73,43904,50816,0.99670452525026,0.286895298195408,0.4408126,0.08740711,0.6003189,0.24691343
solar,127,43712,48320,0.996703805791062,0.2187182202625339,0.37774897,0.28605223,0.5577483,0.106052876
solar,14,42496,47104,0.9966954311666156,0.2760463626553459,0.04252386,1.1468434,0.1229043,1.2272239
solar,3,45504,48384,0.9966946396792028,0.2686308610717694,0.26753712,0.1641159,0.0003476143,0.103768826
solar,42,48896,50048,0.9966879253128016,0.2046190446607945,0.10890007,0.22607327,0.074389935,0.2605834
solar,35,42112,50752,0.9966840579005096,0.2362466545484857,0.36343145,0.36049843,0.5858669,0.5829339
solar,31,44864,49472,0.9966822123038838,0.1227884076787524,0.26720572,0.48630285,0.14759493,0.36669207
solar,107,42496,45376,0.9966818162024818,-0.0409969294808681,0.50534916,4.2622323,0.28053188,4.037415
solar,6,47744,48896,0.9966760420311628,-0.3693078138856924,0.026304245,0.032781124,0.0644207,0.05794382
solar,130,42496,48256,0.9966717191903456,0.0897331985468771,0.6659789,0.04225254,0.6675544,0.04382801
solar,45,44352,48384,0.9966597288022908,0.1814236469685094,0.82904434,1.7529011,0.84227896,1.7661357
solar,103,46016,48320,0.9966520412445318,0.0414610125942398,3.6216207,0.031160355,3.9067664,0.3163061
solar,113,43200,50688,0.9966471909051476,-0.2668565712176339,0.33021688,1.8633595,0.019010544,1.5521531
solar,89,49472,50048,0.9966427529563944,0.1458734137749078,1.4546852,0.42056513,1.7217703,0.15348005
solar,123,43776,50112,0.9966355512582112,-0.0581735416036499,1.7403221,0.10836792,2.0872226,0.45526838
solar,15,47168,50048,0.996631751861014,0.1868855444400826,0.40970135,0.89407825,0.36810207,0.852479
solar,33,44928,49536,0.9966284065972916,0.2932656731156836,0.5735307,3.4300776,0.28024912,3.136796
solar,114,42688,47296,0.9966279411767248,0.2083832110928794,0.084754944,0.107785225,0.06847811,0.26101828
solar,41,43264,49600,0.9966271452567536,0.2117696871439175,0.09158039,1.1674027,0.27129173,1.3471141
solar,74,43200,48384,0.9966255407558904,0.2997737951215363,0.15396261,0.4797287,0.072096825,0.3978629
solar,87,42496,45376,0.9966252588173306,0.2970758342936516,0.33342743,3.4397645,0.3957162,3.5020533
solar,1,45504,50688,0.9966235297467398,0.0353380086713484,0.75871086,1.7274594,0.55012846,1.518877
solar,19,42496,44224,0.9966217070924708,0.2833688105700616,0.19080019,0.29707146,0.16157055,0.3263011
solar,102,45376,50560,0.996620430343081,-0.0729121449308587,3.5269418,0.45832682,3.1690679,0.1004529
solar,78,43840,51328,0.9966118884869468,0.2780448210118905,1.6946881,0.14545369,1.7282095,0.1789751
solar,47,46592,51200,0.9966064108714262,0.2474987513456898,0.16166687,0.5068755,0.17987108,0.4886713
solar,44,42176,45056,0.9966039028740872,0.0069857389572575,0.17577839,1.2950106,0.3645277,1.1062613
solar,69,43328,43904,0.9965958049075936,0.1509316139263266,2.0957437,0.08526516,2.424161,0.41368246
solar,37,45568,46144,0.9965859279493728,0.0632274306219942,0.2812066,0.11999512,0.26825142,0.1329503
solar,19,46656,47808,0.9965779677197152,0.1447048363436342,0.15839195,0.807817,0.30203772,0.6641712
solar,18,45504,48960,0.9965631028744352,0.1219954361636495,0.27355814,1.6681695,0.014231682,1.408843
solar,80,44928,46656,0.99655790447161,0.2690063561827956,0.6281824,0.59363556,0.6182599,0.58371305
solar,117,44800,46528,0.996555786332414,0.2863564040396347,1.0839119,0.77784824,0.74177265,0.435709
solar,23,44800,47104,0.9965553251320672,0.2590978623429864,1.5048327,0.6703687,1.2505479,0.4160838
solar,11,42688,47296,0.9965506451714776,0.0984258779741726,0.034432888,0.08964443,0.1982956,0.3223729
solar,83,45504,48384,0.9965482247357296,-0.0979987796008431,0.44479942,0.25552082,0.1394186,0.04986
solar,101,47232,49536,0.996544753028885,0.2221600309192754,0.22827148,2.046682,0.17555046,2.099403
solar,56,46080,50112,0.9965431697854884,0.2945743022652627,0.35565233,0.66524553,0.27861214,0.58820534
solar,55,46592,48320,0.9965368418068096,0.1703840191185034,0.27371216,0.06803703,0.41044855,0.20477343
solar,96,44480,47360,0.9965324258522804,-0.0308894847854183,0.20896673,0.77339554,0.30738115,0.87180996
solar,129,42752,48960,0.996532424982548,0.2432282017357497,0.04027748,0.07227516,0.23896885,0.1264162
solar,39,43200,46080,0.9965309138348692,0.2477086272343201,0.8060112,3.6645122,0.44202232,3.3005233
solar,112,42496,47104,0.9965282135844152,0.1371796058728626,1.0306373,0.7113857,0.46125984,0.1420083
solar,110,47296,48448,0.9965282097614953,0.1951552597196311,0.12212849,0.029188156,0.07336283,0.077953815
solar,66,44928,50112,0.9965278880435584,0.2524382577339452,0.38758755,0.46006632,0.06523132,0.1377101
solar,102,48896,50048,0.9965162578190286,0.1637818835753967,1.3759227,0.29686594,1.5180793,0.15470934
solar,124,47168,50048,0.9965029702411046,0.1766669798850913,0.18694592,0.5388479,0.17565441,0.5275564
solar,97,45440,50048,0.9965018238570408,0.1437803800930914,0.068015575,0.37886763,0.11149216,0.33539104
solar,119,42240,48576,0.9965017372579366,0.2903245944658545,0.3787489,0.79484224,0.6028347,1.018928
solar,3,47168,48320,0.9965015483229068,0.1200105016158481,0.20116138,0.0005636215,0.29277372,0.09104872
solar,94,46080,51264,0.996494759674408,0.2248050036106038,2.0096412,0.14811993,2.4406285,0.5791073
solar,92,42688,51904,0.9964937589621048,0.1437399630687003,1.1974044,0.02443409,1.1894875,0.032351017
solar,76,44416,50752,0.9964894435532002,0.1653511646610758,0.19820356,0.1919775,0.44669628,0.056515217
solar,25,42496,44224,0.99648365359895,0.1565856584883894,0.053779602,0.54536057,0.11187124,0.48726892
solar,12,49024,49600,0.9964762317268068,0.1405522227480356,0.032514095,0.012546539,0.008676529,0.028644085
solar,54,43328,43904,0.996469153665304,0.2848587114958276,0.944345,0.67589426,1.3859215,0.23431778
solar,55,46080,48384,0.9964574014687624,0.1226820810578855,0.3700571,0.15372801,0.5235243,0.00026082993
solar,100,46528,48256,0.9964573021482026,0.1174964094610596,1.155375,0.3085432,1.2704854,0.19343281
solar,123,43712,48896,0.9964564856340116,0.0457686284285998,0.6878214,0.27306175,0.8097935,0.15108967
solar,29,50112,51840,0.9964483046208826,0.1915581193841318,0.5318427,0.5754976,1.1654487,0.05810833
solar,OT,51264,51840,0.9964362349874984,0.2006979631193067,0.06910324,1.2336216,0.55854464,0.6059737
solar,129,44416,46144,0.9964300243510076,0.0560334039549072,0.8695278,0.3177824,0.5838504,0.03210497
solar,26,42624,46080,0.9964292658501388,0.2193543308997409,0.212677,0.21879101,0.38170815,0.38782215
solar,10,46272,50304,0.9964221058695704,0.2589725250339272,0.36281395,1.0293136,0.041211605,1.3509159
solar,89,42496,45376,0.9964113732993272,0.2522301065930425,0.45048285,4.3730526,0.34740257,4.2699723
solar,18,49536,50688,0.9964087189296384,0.1482430047387913,1.8357611,0.22428322,1.9360485,0.12399578
solar,88,48448,51328,0.9964055491399592,0.1821686007811509,2.061698,0.2809267,2.0465748,0.26580358
solar,109,42496,47104,0.9964039369178986,0.2516976220998264,0.23605204,0.86668825,0.21802282,0.4126134
solar,61,46080,48960,0.996403923000764,0.1860186482159275,0.15280342,1.4570837,0.036321163,1.3406014
solar,41,46656,49536,0.996403891926467,0.2760206407360389,0.04915476,0.88388824,0.007695675,0.9407387
solar,127,44352,50112,0.9964021001079096,-0.2002196025013946,0.8863683,0.18125486,1.6041365,0.5365133
solar,112,44992,49600,0.9963974929611876,0.2850268537953109,0.1837244,0.5699768,0.3362584,0.7225108
solar,124,46592,52352,0.9963910546414876,-0.0528479586803785,0.4418273,1.894023,0.5072336,1.8286166
solar,17,42752,43904,0.9963907487748288,0.2822347161515286,0.32795763,1.5717945,0.6180582,1.2816939
solar,119,42496,48256,0.9963874869508088,0.2377469613899027,0.56944656,1.2955723,0.39336538,1.1194911
solar,21,46656,51264,0.9963775159114728,0.295064087450109,3.4564333,0.20194006,3.885468,0.63097477
solar,130,42240,47424,0.9963767348164796,0.2776638144245649,0.07910919,0.04012394,0.4387002,0.31946707
solar,43,46080,47808,0.9963757640993696,0.2596890691205399,0.034077644,2.9321437,0.59463024,2.371591
solar,44,48256,50560,0.9963743206046192,0.2910588066121947,0.5531368,0.556304,0.52252626,0.5256934
solar,105,50688,51264,0.9963710885265812,0.1487750320964392,0.13237667,1.9692674,0.07097912,2.030665
solar,126,44864,50624,0.996368591102206,0.2657579953691412,2.4606428,0.33459997,2.6229877,0.17225504
solar,36,47296,48448,0.9963672710893188,0.1429743266232015,0.21779251,0.21587467,0.02614069,0.02422285
solar,120,42560,46592,0.9963662132391032,0.2448844110371225,0.07455349,0.9595752,0.30417728,0.7299514
solar,47,48320,52352,0.9963555244254828,0.0954916143353211,0.00033140182,1.9891315,0.17689133,1.8125715
solar,48,46016,49472,0.9963548503883924,0.0413859862214937,0.020730972,0.7312989,0.22357273,0.48699522
solar,104,42560,48320,0.9963414763197852,-0.2053972686479013,0.15184116,0.024840355,0.117043495,0.009957314
solar,69,44288,50624,0.9963385492681722,0.2285570860524603,0.0122385025,0.1350584,0.009112358,0.11370754
solar,34,43264,46144,0.9963367672468249,0.2212112345413861,0.5724704,1.2090151,0.6087184,1.2452631
solar,87,46592,51776,0.9963272730688388,0.0225749653627841,0.020922184,1.8303108,0.21343422,1.6377988
solar,80,46848,50304,0.9963256463725636,0.27695473337201,0.494246,0.18005037,0.20165157,0.11254406
solar,76,46656,49536,0.9963196670418704,0.2688951188723856,0.7098088,2.474504,0.40289116,2.1675863
solar,65,44224,47104,0.996319212217096,0.2952105926107468,0.08834648,0.7507577,0.10051918,0.7629304
solar,16,42688,47296,0.9963144811575426,0.0400086250790714,0.054025173,0.093774796,0.2993927,0.15159273
solar,91,47168,49472,0.9963079915151348,0.2322309098058453,0.14831018,0.75742435,0.35551977,0.55021477
solar,5,43840,44416,0.9963046506173052,0.1281024974203168,0.005259514,0.4591093,0.2523384,0.21203041
solar,58,42496,48256,0.9963033026272156,0.2319115480637528,0.40190315,1.2268481,0.7734051,1.59835
solar,130,42624,45504,0.9962909074738168,0.282589878113944,0.0030679703,0.16335058,0.31124878,0.15096617
solar,62,44352,44928,0.9962846525121968,0.1171415658964724,0.7099118,0.1903882,0.8509135,0.3313899
solar,83,49536,50112,0.9962834767126384,0.2735563660993034,2.1559534,0.11092043,2.4337578,0.3887248
solar,79,42048,44928,0.996282467101964,0.2305618950006701,0.19382429,0.10906029,0.59989595,0.51513195
solar,75,46656,50688,0.996278922141052,0.2562465299831172,1.8513374,0.42887497,2.043027,0.23718548
solar,123,46272,50304,0.9962788795363487,0.2929297646308913,0.27866626,1.0049219,0.039298296,1.2442899
solar,66,42560,44864,0.9962625878450614,0.1737047522224698,0.33628988,0.6515932,0.03170681,0.34701014
solar,49,43712,48896,0.9962622969734642,-0.2169374634193399,0.91866064,0.39377308,1.1393414,0.17309237
solar,105,42496,48256,0.9962622852160922,0.2956899988840065,0.29190826,0.04456234,0.43540287,0.098932266
solar,117,42496,48256,0.9962612593151096,0.1186978813661897,2.728847,0.35192013,2.6951966,0.31826973
solar,76,46144,47296,0.9962449209186864,0.2403324596399127,0.060546875,0.40463114,0.25896978,0.7241478
solar,20,43712,46016,0.9962326343236922,0.0298473752781624,0.02592516,1.7956305,0.23558235,1.5859733
solar,35,46848,49152,0.9962314771181932,0.1938087192142333,0.39591455,0.08395243,0.32969046,0.017728329
solar,72,43776,44928,0.9962290360242678,0.2691479218609034,1.2144251,0.28794527,1.6112676,0.68478775
solar,8,43200,44352,0.9962158095381524,0.2100551967600161,0.122400284,1.5521393,0.11375332,1.3159857
solar,82,42048,43200,0.9962138227200464,-0.1586071831747678,0.3648467,0.13279438,0.5089636,0.011322498
solar,2,47296,48448,0.9962009475653416,0.2912525528279391,0.33882666,0.0353899,0.17307186,0.2011447
solar,81,45504,51840,0.9962007205719672,0.2943536697064365,0.67037725,0.53146696,1.3500152,0.14817095
solar,22,42624,44352,0.9961941517834664,-0.0225125345306674,0.780344,1.92173,0.8931794,2.0345654
solar,62,43264,44416,0.9961939638759304,0.1917484046920093,0.02116108,1.36584,0.1982441,1.542923
solar,6,50176,51904,0.9961874858757916,0.2269405259653675,0.81101036,0.24549913,0.6552863,0.089775085
solar,134,48448,50752,0.9961856883749122,0.2914548419187038,0.08410549,0.3455181,0.17006779,0.25955582
solar,33,43840,46144,0.996182724977676,0.2332598446979403,0.41365337,0.014754772,0.3540821,0.07432604
solar,113,42624,46080,0.9961780913700076,0.2874196826701946,0.10111427,0.7294946,0.114647865,0.74302816
solar,51,42560,45440,0.9961737314939104,0.2786136862230173,0.5196085,0.052354813,0.7220049,0.15004158
solar,130,43840,45568,0.9961734992397836,0.1306308387918944,0.38980818,0.2384429,0.40083838,0.2494731
solar,74,45376,48256,0.9961662154896233,0.0957450895222303,2.7511554,0.19410896,3.0924315,0.1471672
solar,1,46016,48896,0.996166204764268,0.2773271128404881,0.027829647,0.12853527,0.089583874,0.1902895
solar,70,42624,46080,0.9961655674496096,0.1215572200875531,0.47407484,0.22559166,1.1276898,0.42802334
solar,49,42240,50304,0.996159059477189,0.2483891760056973,0.06634998,1.0585394,0.15591574,1.1481051
solar,70,45568,46144,0.9961531571070272,0.2548717214006816,0.37369347,0.10089302,0.21548653,0.05731392
solar,115,44544,45696,0.996151573740408,0.2254722550524158,0.52799034,0.10488653,0.30955315,0.11355066
solar,53,44224,48256,0.9961452209755952,0.2980941224001044,0.46342897,0.6810703,0.5006013,0.71824265
solar,80,43776,45504,0.9961432278873384,0.2414927705990815,2.3789034,0.9419012,2.4025874,0.96558523
solar,OT,46272,50304,0.9961426453821636,0.2194929518021088,0.087378025,0.49749374,0.2616129,0.84648466
solar,118,44992,51904,0.996137605076156,0.2443731443450093,0.44903946,0.05494213,0.13137007,0.26272726
solar,53,43264,46720,0.9961358711239914,0.2290582185771328,0.10169387,1.2381463,0.14804769,1.2845001
solar,87,46144,48448,0.996130591273134,0.2971085241091874,0.05745983,0.068062305,0.14192915,0.2674513
solar,39,51200,52352,0.9961294816987282,0.2399249099206821,0.31358814,0.09758186,0.38186073,0.029309273
solar,82,46656,48384,0.9961174299517224,-0.0793725687955323,1.5806651,0.4588318,1.8645635,0.17493343
solar,98,43712,50624,0.9961146238711682,-0.3839114159138829,0.53692675,0.32130527,0.75061226,0.10761976
solar,118,44288,47744,0.9961135345816244,0.2020503951587186,0.082641125,0.15027618,0.15222263,0.2198577
solar,49,43776,44928,0.9961130111442628,-0.0781660458373648,2.814755,0.40438318,3.296461,0.8860893
solar,122,48320,50048,0.996108876048717,0.2481241206792119,0.10890913,0.65165806,0.2716365,0.4889307
solar,64,42752,45056,0.9961079304988888,0.2290947048241388,0.32395935,0.5300803,0.53135204,0.32268763
solar,132,47104,48832,0.9961051705336372,0.2690621021661078,0.74272823,0.020264149,0.57021284,0.15225124
solar,31,44800,45376,0.9961042728459352,0.0955753114852388,0.14491224,1.9979424,0.041268826,1.8117614
solar,120,44992,49600,0.9960757053692028,0.2579894521502853,0.5679617,0.6392374,0.3794384,0.4507141
solar,71,42496,47104,0.9960754120182956,0.0585038218270163,0.053846836,0.5785899,0.025298595,0.49944448
solar,93,42176,44480,0.996075275121134,0.2048993901266665,0.16441202,0.8450494,0.4196539,0.5898075
solar,129,47744,50624,0.9960700224208218,0.2800293647486557,0.13341522,0.07128811,0.1012249,0.10347843
solar,100,42496,44224,0.9960673452046704,0.2113206510065073,2.5125513,0.44661808,2.2186947,0.15276146
solar,17,50752,51328,0.9960671290943568,0.2472783914914925,1.4387949,0.10068655,1.3392966,0.0011882782
solar,55,48448,49600,0.9960652713300188,0.1393190415777418,0.02311182,0.0466156,0.22095156,0.15122414
solar,100,47744,48320,0.9960551631434764,-0.2502676913993911,1.7792511,0.37015486,2.2937713,0.14436531
solar,107,42752,47360,0.996053889495004,-0.0569321287650331,0.19816828,0.9690709,0.58021116,0.587028
solar,121,43904,50816,0.9960520599150008,-0.3389215840542738,2.333581,0.6179323,2.69163,0.97598124
solar,84,49472,52352,0.9960442258026072,0.1493604597968626,0.046158314,1.94173,0.22559738,1.6699743
solar,75,48384,51264,0.9960424910317184,-0.1377506914714554,0.21277142,2.0249257,0.43330956,1.8043876
solar,69,44352,51264,0.996028918609768,0.2398412665913744,0.30060482,0.84267664,0.3602662,0.902338
solar,28,46080,50112,0.9960189464017234,0.1798552613065101,0.52787304,0.23204422,0.67421913,0.3783903
solar,60,47744,49472,0.9960179743828792,0.0716136085041924,0.41190863,0.014169216,0.4709549,0.044877052
solar,112,44480,50816,0.996017187238753,-0.0835885834344034,0.15819645,0.45054865,0.36711407,0.24163103
solar,70,42496,47104,0.996017179749508,0.0263179770325084,0.44701052,1.5084438,0.33570004,1.3971334
solar,76,46016,51200,0.9960162356004792,-0.5332751118181773,0.638505,0.020631313,0.8730035,0.21386719
solar,86,42560,44864,0.9960160405433198,0.1655780823808814,0.0963068,0.73857784,0.022325039,0.6645961
solar,48,45120,47424,0.9960105662539326,0.0812129076878596,1.0087562,0.044867992,1.0155549,0.051666737
solar,18,46144,46720,0.9960094952857708,0.2183851998410179,0.097549915,0.71923923,0.41405344,1.0357428
solar,59,46080,49536,0.9960069309249772,0.2454177729012778,0.5553789,3.17627,0.17968369,2.8005748
solar,46,42496,47104,0.996006343233387,0.1706180175677929,0.120072365,1.4959202,0.012973309,1.3888211
solar,118,48384,51264,0.9959909119033056,0.2106535226278568,1.3397665,0.034216404,1.8026719,0.428689
solar,109,44800,50560,0.995990542331295,-0.4004322287219736,2.4940152,0.55421114,2.3011599,0.36135578
solar,128,44288,47872,0.99598576043261,0.1990407481423488,0.2674079,1.0692286,0.40192318,0.93471336
solar,69,43776,46080,0.995984382082492,0.1515382368911147,0.48159552,0.089279175,0.38892698,0.0033893585
solar,77,42752,46784,0.9959822117527742,0.0944933822858055,0.29659748,0.42826748,0.6088958,0.11596918
solar,17,42560,48320,0.9959749698171136,0.2389383405489586,0.025117397,0.5325432,0.0049142838,0.51234007
solar,17,42240,47424,0.9959635540322896,0.2810114540167678,0.011894703,0.9868798,0.3676808,1.3664553
solar,36,48320,50624,0.9959525886851078,0.1819027435421398,0.11225748,0.063148975,0.120244026,0.07113552
solar,40,44416,46720,0.9959496432563724,0.2487784136333017,0.21486235,0.2255168,0.41695166,0.023427486
solar,125,42752,45056,0.9959387166853354,0.102754985977156,0.6898618,0.18903494,0.615242,0.11441517
solar,45,49536,51264,0.9959337776586056,0.2076839594002894,0.5902853,1.2783222,0.23103762,0.91907454
solar,3,43136,44288,0.9959307569000708,0.0567099741190051,0.16659117,0.31070805,0.0011548996,0.14527178
solar,116,48384,49536,0.995925952919462,0.2425519096829868,0.22771072,2.6621933,0.19681644,2.6930876
solar,49,42688,49024,0.9959138677637648,0.2744183660626998,0.15445042,0.031095028,0.50258446,0.317039
solar,14,51264,51840,0.99591363858864,0.245900811921933,0.612494,1.4044604,0.14414787,0.9361143
solar,45,45376,50560,0.9959127651692,0.1919044569971445,2.4352164,0.58264875,2.7945008,0.94193316
solar,17,46080,50688,0.99591255139399,0.1781521066469399,0.055544376,0.3343029,0.079571724,0.35833025
solar,104,42688,50752,0.9959096375839536,0.2667373372210634,0.07552433,0.03208542,0.24667406,0.20323515
solar,121,47232,50688,0.9959073254302516,0.243080138701677,0.40933228,1.6662116,0.2726946,1.5295739
solar,109,43264,45568,0.9958984478539036,0.201783786625716,0.51524544,1.3894558,0.34274483,1.2169552
solar,50,50112,51264,0.9958961750046436,0.2358642544838343,2.0632586,0.3244958,2.4761286,0.7373657
solar,17,48448,49024,0.9958801172399504,-0.0436473303307136,0.116010666,0.09011841,0.018033504,0.18809557
solar,58,43712,49472,0.9958777127228856,0.0118675019833705,0.054891586,0.24876547,0.091861725,0.10201216
solar,114,42624,48384,0.9958706008438836,0.2828369899030886,0.8388977,0.4088726,0.22266102,0.20736408
solar,116,42624,46080,0.9958643494912836,0.2609345443111277,0.17191315,0.719481,0.13893843,0.6865063
solar,42,42240,47424,0.9958599035856972,0.2100663700641295,0.8025608,0.42242432,0.9694109,0.5892744
solar,59,46016,51776,0.9958543840764305,0.02760128617498,1.0212035,0.024390697,1.2757454,0.27893257
solar,23,43200,46656,0.995847852532246,0.2284408549629501,0.6592903,1.240871,0.16502142,0.74660206
solar,106,50752,51328,0.9958473721506356,0.2967092438713143,0.97424555,0.28384542,0.9779811,0.28758097
solar,44,47744,51776,0.9958464639605764,0.2333732403763315,0.37771177,0.71763706,0.4989047,0.83883
solar,90,42496,47104,0.9958429556767344,0.1964437254492282,0.02771759,0.474586,0.15128231,0.3510213
solar,50,42752,44480,0.995841685180842,0.2003914663657938,0.21579456,0.6807513,0.48071384,0.41583204
solar,35,43840,46720,0.9958416759791058,0.2338219114469783,0.22572184,0.22164965,0.02835226,0.024280071
solar,12,42752,46208,0.9958373934844126,0.0639042612672882,0.89528847,0.13136339,1.2604156,0.2337637
solar,131,42048,43200,0.9958111433804292,0.257207920172757,0.14121246,0.8302226,0.45778704,0.51364803
solar,33,43520,46976,0.995810092862664,0.2550808305416354,1.0168085,0.6211786,0.64993,0.25430012
solar,63,43776,45504,0.9958052856416222,0.2684386998423143,2.3817735,0.52804327,2.5908804,0.7371502
solar,3,46016,51776,0.9958031954826678,-0.1307726382608519,0.7604146,0.06796503,0.7156482,0.023198605
solar,48,42112,48448,0.9958031405702832,0.2312282739717634,0.06952143,0.056952,0.29626608,0.28369665
solar,87,43776,46656,0.9958024367902484,0.297597896731286,0.13637304,0.3846197,0.12978888,0.39120388
solar,103,42176,42752,0.995801339285302,0.1285046782973798,0.1236949,0.8750229,0.39951992,0.59919786
solar,35,42624,46080,0.995800856887637,0.1076501100287151,0.9001465,3.914814,0.8110795,3.825747
solar,38,48960,50112,0.9957985357749712,0.1212818177790886,0.3580675,0.084385395,0.41739798,0.025054932
solar,41,44416,47296,0.9957933608945198,0.2179864454884808,0.29625845,0.23142242,0.39289618,0.1347847
solar,120,48960,49536,0.9957903095439596,0.214109182647541,0.16935301,0.51314354,0.10974884,0.5727477
solar,59,43264,47296,0.9957896071560473,0.1331239007859015,0.2756827,1.882216,0.28607368,1.892607
solar,118,42624,45504,0.9957880356739672,0.1860304969847168,0.1228385,0.14421129,0.01518774,0.28223753
solar,118,44224,48256,0.9957788370347715,0.2729905958880086,0.23600435,3.3489285,0.42290545,3.5358295
solar,40,47232,49536,0.9957725935671272,0.2208149956460204,0.15884304,0.8191476,0.17743492,0.8005557
solar,66,42496,45376,0.9957593365237312,0.1543539615576523,0.71618605,3.2940574,0.13411188,2.7119832
solar,53,42752,45056,0.9957516854212674,-0.0644525920493166,0.3095169,1.471592,0.6788373,1.1022716
solar,74,47232,50112,0.995751067801342,0.2933889378001201,0.85252666,0.14012527,1.5047765,0.51212454
solar,5,49472,52352,0.9957424966653718,-0.21550735358109,0.019018173,2.5609236,0.25530338,2.3246384
solar,111,45504,48960,0.9957352236772152,0.2804547232728717,0.94330025,3.2722707,0.7808938,3.1098642
solar,6,47168,50048,0.9957331560599798,0.2438276802006495,0.104644775,0.9992213,0.27155447,0.83231163
solar,95,44288,47744,0.9957329597952445,0.1832074898614694,0.043096542,0.17951012,0.07261133,0.14999533
solar,127,42048,51264,0.9957320303844976,0.0590784848789874,0.32699966,0.9254689,0.57016516,1.1686344
solar,124,45568,49600,0.9957276842418702,0.1797676256171132,0.04302454,0.33651257,0.02804327,0.40758038
solar,114,48960,52416,0.9957099267600868,0.0168561522257536,0.5640578,0.13730621,0.5871053,0.16035366
solar,119,47808,48384,0.9957087910498468,0.1784063566575733,2.6938372,0.17088556,2.6521606,0.21256208
solar,30,42688,49600,0.9957087149188396,0.2689541049369807,0.33588028,0.18455648,0.27510214,0.12377834
solar,38,42496,47104,0.9957074793272558,-0.0259968816197515,0.15707874,1.5717487,0.0030136108,1.4116564
solar,97,44544,47424,0.9957066869944236,0.103182650511281,0.08955097,0.060060024,0.08485651,0.064754486
solar,108,43136,49472,0.995692203566233,-0.0675869078544541,0.51663303,0.42716074,0.7946458,0.14914799
solar,132,42496,44224,0.9956912662887312,0.2439140223402096,0.15516186,0.48542643,0.2299614,0.4106269
solar,5,49152,50304,0.9956812038019964,0.2271171074898386,0.18417549,0.16950893,0.19857883,0.15510559
solar,133,43776,50112,0.9956790023702878,0.161090118982408,3.2815628,0.2597494,3.7680964,0.74628305
solar,58,42752,47936,0.9956779671699189,0.2412396709142288,0.3327489,1.51015,0.7066059,1.1362929
solar,39,43264,45568,0.9956779181065862,0.2317323931192064,0.32759356,1.0058892,0.2981851,0.9764807
solar,106,43776,46080,0.9956741231002142,0.0694539077578363,0.30174685,0.08405161,0.34990406,0.035894394
solar,73,43712,48320,0.9956722565759332,0.2634961661343976,0.9471855,0.559484,1.0428605,0.655159
solar,94,43712,48320,0.9956477391709816,-0.0699490732016129,0.90770054,0.38915682,1.2490301,0.047827244
solar,93,44416,51328,0.995646018658326,0.2668807496355795,1.1639452,0.17348051,1.2267504,0.23628569
solar,117,42048,43200,0.9956437738442248,-0.1108385602684727,0.2282157,0.12224436,0.29685688,0.053603172
solar,102,44352,51840,0.9956379885308084,0.2773380453166212,0.111251354,1.3294077,0.052945137,1.2711015
solar,27,42752,49664,0.9956368154830912,0.1588376304802885,0.118989944,0.47366858,0.053715706,0.30096292
solar,6,46144,50752,0.9956190133390878,0.2926088324187697,0.0017671585,0.31827545,0.14427614,0.46078444
solar,39,42688,47296,0.9956178273498744,0.1703552980884199,0.014636517,0.08665323,0.23325348,0.13196373
solar,69,44800,46528,0.995614320887934,0.2576224375283662,2.3938317,0.620554,2.1160865,0.34280872
solar,69,42496,48256,0.9956119281638208,-0.0888001251734222,0.45435905,0.6192975,0.7236576,0.88859606
solar,74,44864,50048,0.9956073584502976,0.284656375159654,0.12336302,0.030795097,0.012140751,0.14201736
solar,30,42176,42752,0.9956071465070256,0.2862283793427598,3.9378796,0.67430305,3.8161597,0.5525832
solar,111,43264,50176,0.9956057543124264,0.1655459590617929,0.40309048,1.930876,0.357085,1.9768815
solar,114,42240,43392,0.9956052825049088,0.2696984980857734,1.1323297,0.19310117,0.94637394,0.37905693
solar,75,42240,52032,0.995601900793052,0.2296225514550099,0.30556488,0.05605507,0.31365013,0.047969818
solar,111,49984,50560,0.9955998347888856,0.1125503164134844,0.67016125,0.27820253,0.68666744,0.29470873
solar,42,42752,47808,0.995596273977994,0.276365849656921,0.1987958,1.7194672,0.5570264,1.3612366
solar,53,43968,46272,0.9955962048080352,0.2531060644988505,1.3323584,0.031757116,0.8589959,0.50511956
solar,8,42496,45376,0.9955933920062784,0.1422164727682372,0.59629965,3.9266071,0.49332857,3.823636
solar,135,43264,46720,0.995590690640885,0.2661050254162895,0.49291134,1.3753326,0.3091991,1.5590448
solar,21,49600,51904,0.9955901933750632,0.1758419158839324,1.4662445,0.23557496,1.5318155,0.30114603
solar,47,44928,48960,0.9955738561941554,0.1723836925994157,1.1988783,0.040017605,1.0717683,0.16712761
solar,79,42560,46016,0.995569690029714,0.1144600373634088,0.01585102,0.30965328,0.0046510696,0.33015537
solar,64,44416,51904,0.9955665758688932,0.1448988701763566,2.1174564,0.14012861,2.30243,0.3251021
solar,118,47232,50112,0.9955641069333384,0.2601546010954461,2.2385077,0.6976075,2.3128695,0.7719693
solar,16,44928,50688,0.9955562741903324,0.2585773090654107,0.7534828,1.0952692,0.22237635,0.56416273
solar,36,42240,46272,0.9955482262291768,0.1983411679984338,0.2106986,0.038416862,0.1214509,0.12766457
solar,30,49024,51328,0.9955437797173948,0.2942098895132334,1.6042008,0.6555166,1.748811,0.8001268
solar,28,43776,46656,0.9955407819700102,0.1100028419874372,0.012754917,0.09279156,0.051740646,0.053805828
solar,12,42688,48448,0.9955363554270116,0.1971011405825319,0.20376778,0.14899445,0.26704264,0.085719585
solar,105,45504,51840,0.9955274870189365,0.1798325250490357,0.7923064,0.96329165,0.50475883,0.67574406
solar,70,43136,51200,0.9955182603253454,-0.0468667799787898,2.3262177,0.056705475,2.6481667,0.37865448
solar,130,49280,50432,0.9955110700296882,0.2330235066705906,0.16889381,0.011271954,0.10589743,0.07426834
solar,75,46144,47296,0.99551074714199,0.2429048859025996,0.04553747,0.554358,0.0906744,0.59949493
solar,131,50112,51840,0.9955094183899592,0.2352963577282945,1.2983928,0.43500328,1.9016404,0.16824436
solar,18,45440,47744,0.995506529368988,0.135946953870222,0.19139814,1.5609617,0.59264755,1.1597123
solar,12,42496,49984,0.9955056052998964,0.0121690349647163,0.12820387,0.66354895,0.2725258,0.519227
solar,80,42560,48896,0.9955005758682068,0.1059435028788958,0.15599728,0.7886958,0.3325534,0.6121397
solar,127,44800,47680,0.9954962385165624,0.1054694994669715,0.6804924,0.7073221,0.36325884,0.39008856
solar,107,44352,46080,0.995493988271832,0.188450477157768,0.5653658,0.03780079,0.71397114,0.18640614
solar,87,44928,49536,0.995490230657221,0.2512944707381502,0.7080188,3.6777291,0.40193653,3.371647
solar,61,44928,49536,0.9954893443634788,0.17283277729605,0.6911187,3.3795042,0.41949892,3.1078844
solar,6,44480,47936,0.9954866786869389,0.182449828283432,0.029013157,0.14300394,0.16740942,0.0046076775
solar,52,42560,50048,0.9954772334194107,0.226439405458599,0.094506264,0.7987881,0.21294785,0.6803465
solar,75,42496,47104,0.995476871235771,-0.0272976704410032,0.123120785,1.0635595,0.23394108,0.70649767
solar,79,43264,49600,0.995476658536608,0.1475586442163625,0.06421614,1.1391668,0.16462278,1.2395735
solar,125,43776,46080,0.995469186735154,0.270555404241745,1.2018595,0.27156067,1.5597668,0.62946796
solar,133,48704,52160,0.9954690016168588,0.2002354062039654,2.101195,0.3990729,1.7208776,0.018755436
solar,120,42688,49024,0.9954640034771132,0.2733741460119236,0.16857243,0.17808485,0.2668786,0.07977867
solar,98,42496,47104,0.9954619027510866,0.0126262150262293,0.19283533,1.2586274,0.17753363,0.88825846
solar,99,42240,50304,0.9954553390435013,0.2278756445331889,0.5345392,0.22079802,0.11804056,0.19570065
solar,65,44928,46656,0.9954504510040708,0.2215626438387127,0.2222557,3.656642,0.066214085,3.3681722
solar,34,45568,46720,0.9954464190673986,0.2064417497705341,0.1437397,0.2567997,0.12248182,0.23554182
solar,89,44864,48320,0.9954400573340604,0.2352850642868709,0.49465418,0.13552475,0.4280014,0.068871975
solar,57,43712,52352,0.9954361538951634,0.0166979420038625,0.011964798,1.1886635,0.12586308,1.0747652
solar,100,46144,48448,0.9954346275413112,0.0926249773133509,0.36070824,0.3438158,0.32263422,0.3057418
solar,36,45504,50112,0.995433591422049,0.2800706007167942,0.17681503,0.052897453,0.28558302,0.16166544
solar,28,43648,44224,0.9954294676440404,0.1918529341905277,0.29901123,1.6218042,0.5704689,1.8932619
solar,42,47232,50112,0.9954257536414768,0.2605322244888449,0.4775834,0.06660271,0.41407537,0.0030946732
solar,105,47168,52352,0.9954210886100828,0.2672633714430555,0.18384361,0.72025347,0.28417635,0.61992073
solar,7,42240,52032,0.9954129145014888,0.1707023288377039,0.026030064,0.3797233,0.053325415,0.30036783
solar,81,45376,49984,0.9954075793260936,0.1011463111876778,1.815691,0.16864538,2.3718462,0.38750982
solar,51,46016,51776,0.9953985990458908,-0.0684736249783316,0.50370836,2.679356,0.2590065,2.4346542
solar,78,45504,50112,0.995394629618493,0.08248903702515,0.24418116,2.1764145,0.34312487,2.2753582
solar,29,46016,51776,0.99539341931291,0.2317958082506124,0.30675888,1.2643952,0.25501013,1.2126465
solar,47,46144,51328,0.995393078165588,0.227790295722762,1.0924957,0.51870847,1.1751211,0.60133386
solar,121,46656,50112,0.995387536325486,0.0759942383642403,3.279508,0.24044418,3.4551082,0.41604424
solar,54,43840,49600,0.9953820039137442,0.2858547872191723,0.078867435,0.08016777,0.09216738,0.06686783
solar,111,49024,49600,0.9953785399559928,0.2339875961843145,0.22567129,0.16829729,0.3847146,0.009253979
solar,39,42048,48384,0.9953776282017832,0.1549581593131266,0.05405903,0.60075283,0.019302845,0.56599665
solar,62,50112,52416,0.9953774515876872,0.1323062304951663,0.18533611,2.0265136,0.4202609,1.7915888
solar,5,42688,48448,0.995357130915765,0.2175343061057663,0.19997454,0.25109768,0.37219858,0.078873634
solar,89,44352,50112,0.99535230922525,0.2290939738847822,0.26273155,0.46688175,0.6821337,0.8862839
solar,126,46656,50688,0.9953505172387728,0.2516543368040757,1.4104061,0.18842983,1.5060406,0.09279537
solar,119,43264,49600,0.9953324018684238,0.2403617930767604,0.30994558,1.699481,0.100765705,2.1101923
solar,16,44416,45568,0.9953224768934033,0.0730477045503591,0.56587505,0.40575504,0.24839592,0.08827591
solar,93,43712,45440,0.9953187101364523,0.2127934293038754,0.4077525,0.2240529,0.48509026,0.14671516
solar,OT,44928,49536,0.9953100269827988,0.1661128338796228,0.7483034,0.11517906,0.7147684,0.08164406
solar,20,45504,48384,0.9953043186982092,0.2281765272199834,0.40681982,0.034994602,0.1317339,0.24009132
solar,135,43712,50048,0.9952986505376245,0.1438168797688141,0.17133045,0.79192877,0.14429569,0.8189635
solar,68,43776,50688,0.9952975373587454,-0.083969641115882,1.823389,0.4508443,2.0852752,0.7127304
solar,36,43200,46656,0.9952827222779898,0.2775921063998802,0.017652035,2.5167065,0.3776431,2.1214113
solar,77,42688,45568,0.9952821756922768,0.2479168225728798,0.32045746,0.24879408,0.05687666,0.01478672
solar,132,47232,48384,0.9952798252356334,0.0213384836402815,1.4080324,0.10110712,1.758028,0.2488885
solar,50,45568,48448,0.9952790980631796,-0.0146159957905803,0.28866768,0.19290781,0.61971855,0.13814306
solar,8,47168,49472,0.9952790460612436,0.1928381685998458,0.19102573,1.1758265,0.49186993,0.87498236
solar,115,48256,50560,0.9952760149670774,0.2167037522600916,0.21044302,1.4743986,0.24629498,1.0176606
solar,0,44864,50624,0.9952712110169444,0.2530816745047951,0.1458726,0.08221245,0.36943483,0.3057747
solar,6,42624,44928,0.9952633339090792,0.2960126298216444,0.25281143,0.05831957,0.2866559,0.09216404
solar,2,42624,48960,0.9952570633537238,-0.0443922538320947,0.64055777,2.9363132,0.306633,2.6023884
solar,100,43712,44288,0.9952505811414448,0.2894382389540955,1.572434,0.49145937,1.8490825,0.21481085
solar,12,42240,50304,0.9952473566096316,0.2966145914366926,0.22126341,0.47470617,0.018918514,0.7148881
solar,80,45568,49600,0.9952390598411546,0.0760505310769771,0.038619995,0.075212955,0.4327159,0.46930885
solar,76,42176,42752,0.9952329350437256,0.0205304178799069,0.5587082,1.3866477,0.23779869,1.0657382
solar,113,46144,47296,0.9952300991614204,0.2986194608978204,0.107541084,0.7194791,0.36591864,0.97785664
solar,79,42624,44352,0.99522956290011,0.2466743930708944,0.35665417,0.19541645,0.053569794,0.10766792
solar,131,45568,46144,0.9952293836191688,-0.0086686237495917,0.33965015,0.25604916,0.7599764,0.16427708
solar,82,48960,51264,0.9952155252653732,0.0448810404877368,1.8672228,0.48197794,2.1619377,0.77669287
solar,26,48896,51200,0.9952152478684878,-0.3242315242068013,0.0915761,1.3278112,0.05983925,1.2960744
solar,103,42560,47168,0.995208828856462,0.2278314963751126,0.18787098,0.087380886,0.23036289,0.044888973
solar,7,45696,51456,0.9952068534558264,0.1913361134722282,0.9689748,0.20119214,0.50757813,0.26020455
solar,100,44480,47936,0.9952067083660292,-0.0959899919077449,0.14821196,0.22710276,0.4694972,0.09418249
solar,21,42176,42752,0.9952064123056767,0.2635363634817342,0.63885784,0.4900036,0.9097948,0.21906662
solar,94,42496,47104,0.9952031655318984,0.1715575932013242,0.06808519,1.3286262,0.13862705,1.1219139
solar,14,44992,46144,0.9951985657351408,0.216727203972378,1.1329823,0.8893099,0.7562556,0.51258326
solar,76,48256,50560,0.9951970580060108,0.2106493021505364,0.8015771,0.75418186,0.60981274,0.5624175
solar,42,45568,46144,0.995192289839492,0.1386085800773809,0.44116545,0.1562252,0.53690386,0.060486794
solar,88,43712,49472,0.9951821543883208,0.2208754825517749,0.80777836,0.32953644,1.0279903,0.109324455
solar,41,42496,50560,0.9951742227328187,0.1216246050194713,0.34926653,2.1340675,0.21916103,2.003962
solar,88,44288,47744,0.9951735523647688,0.2201908171584564,0.18782282,1.7357779,0.4899354,1.4336653
solar,128,42688,44416,0.9951683169804466,0.1858809163157741,0.002620697,0.032953262,0.14922142,0.11364746
solar,48,45504,50688,0.9951672440244206,0.2322757680086455,0.8125005,2.48622,0.6323881,2.3061075
solar,76,46848,47424,0.9951661694631714,0.1546598614150278,0.13786507,0.18301535,0.20446157,0.24961185
solar,41,45504,50112,0.995160531287664,0.0995921426042124,0.35593557,0.26836538,0.5348849,0.08941603
solar,129,43840,51904,0.9951601114857828,0.1605787396891634,2.4002185,0.54635715,2.3767607,0.5228994
solar,93,48256,49408,0.9951590528150812,0.1415976941487456,0.05555296,1.0329952,0.3417058,0.7468424
solar,79,43520,48128,0.995157236918947,0.2645694186632439,0.68715286,3.0970612,0.25168228,2.6615906
solar,40,47360,47936,0.9951565435572304,0.2900883217306785,0.24965954,0.16877747,0.06501007,0.48344707
solar,123,48256,50560,0.9951543523944943,0.1612928338805015,2.299344,0.46916437,2.189249,0.35906935
solar,11,49408,49984,0.9951534518390048,-0.2097397384297535,0.26887274,3.3931866,0.24649334,3.3708072
solar,24,43712,44864,0.9951505040995788,0.2395861017292615,1.7998438,0.14385462,2.1141505,0.17045212
solar,52,48320,48896,0.9951472869767948,0.1467803162062405,0.14392233,0.4697981,0.26145935,0.35226107
solar,113,45504,48384,0.9951356353691582,0.2296310198318641,0.7496972,0.45732164,0.29919243,0.006816864
solar,73,43840,46144,0.995133817153636,-0.0144661463379486,1.0003476,0.06399727,0.9387336,0.1256113
solar,118,46080,49536,0.9951330068837873,0.2933779021391672,0.33950853,3.0614948,0.124744415,2.5972419
solar,55,42176,43904,0.9951313529247778,0.1843301529521126,0.15637064,0.6534214,0.081278324,0.41577244
solar,119,51200,52352,0.9951249354404744,0.1884263813381355,0.32564354,0.08694363,0.5522599,0.13967276
solar,65,44288,48896,0.9951196054559094,0.2428672805569506,0.10084295,0.26690722,0.14737749,0.22037268
solar,7,42624,44928,0.995118614158478,0.2410354527958448,0.5246501,0.13190603,1.0346088,0.3780527
solar,0,42496,44224,0.9951030354764414,0.2768420020289425,2.5963168,0.56062794,2.8611145,0.8254256
solar,110,47232,52416,0.9950881678184256,0.139699764017408,0.32050705,1.4759474,0.32448292,1.4719715
solar,23,42112,44416,0.9950760151870724,-0.2423704511282247,0.21805954,0.26786757,0.34363127,0.3934393
solar,43,49536,52416,0.9950741427310952,0.2351469325333369,0.16974974,0.9705291,0.37440014,0.7658787
solar,21,42688,49024,0.9950661836546796,0.2024083647306992,0.02731657,0.06671381,0.19369125,0.09966087
solar,93,43776,46656,0.995061877817277,0.2885050593336472,0.0023107529,0.2321229,0.12860918,0.10582447
solar,12,44928,51264,0.9950531991671456,0.286329724261822,0.013318539,0.19805574,0.30369806,0.11896086
solar,111,44992,46144,0.9950464540299232,0.2197304691904986,0.7643285,0.67019796,0.4770112,0.3828807
solar,33,44288,47168,0.995040071565833,0.2887653940698546,0.00050354004,0.02402687,0.0357728,0.01124239
solar,3,48448,51904,0.9950390473356692,-0.0572489093428809,1.0644202,0.02014041,0.9679146,0.07636523
solar,40,43840,49600,0.9950320650354968,0.1169073421362083,0.009274006,0.09237909,0.059728622,0.023376465
solar,98,45568,51328,0.9950310241603952,0.2819846058072507,1.6861873,0.1526246,1.9085858,0.37502313
solar,51,45504,48960,0.9950251273302078,0.2415323709870371,0.8160529,3.0601997,0.37309217,2.617239
solar,94,46592,51776,0.9950233363876644,-0.057377077822497,0.1242795,2.9877124,0.15892649,2.7045064
solar,61,45376,50560,0.9950195722150288,0.2745379093532015,1.5596037,0.20283413,1.4242582,0.06748867
solar,118,46016,47872,0.995012077156053,0.2817372543807208,1.7768202,0.032523155,2.045865,0.30156803
solar,40,42496,50560,0.9950096856888648,0.1421627669720832,0.17830658,0.5933199,0.052774906,0.71885157
solar,46,45376,50560,0.994998494224634,0.2754573428617033,2.2749753,0.3050828,2.0893593,0.11946678
solar,102,42048,45504,0.9949971131433504,0.2457438469623607,0.023014545,1.440846,0.27906084,1.1847997
solar,120,42624,45504,0.9949962215457012,-0.0514243350853359,0.6978755,0.2408247,0.91092205,0.45387125
solar,20,46144,49600,0.9949861825461852,0.1593112791924997,0.026908398,0.33631277,0.3199129,0.6293173
solar,82,47552,48704,0.99498366002767,0.272657910066972,0.020671368,0.34224272,0.15497684,0.51789093
solar,88,43264,46720,0.9949805498065304,0.2859931970375418,0.31924152,1.133523,0.19684243,1.0111239
solar,64,42560,47744,0.9949799992687924,0.1860634647196848,0.17383385,1.3145242,0.28393698,1.204421
solar,86,50176,51328,0.994974720930762,0.2605660278056538,1.532496,0.25946355,1.6967022,0.42366982
solar,0,47296,51328,0.9949640931431613,0.0669166410425673,0.7986717,0.32681274,0.5009942,0.029135227
solar,56,45504,50688,0.9949604212521648,0.2695225061146016,0.6530504,1.6336055,0.35069895,1.331254
solar,97,45568,49024,0.9949552317022726,0.1657038117647257,0.015236855,0.0732317,0.16785717,0.22585201
solar,18,44288,46592,0.9949532763742388,0.1856659011420066,0.09437561,2.3230495,0.3108325,2.1065927
solar,58,44288,47744,0.9949525351857316,0.2803734032524061,0.04150343,1.2162175,0.29205418,0.9656668
solar,53,46080,50688,0.994951572647646,0.2629473185918692,0.24972868,0.751853,0.19130611,0.6934304
solar,23,42688,49024,0.994949822812458,0.2623857103792227,0.19745588,0.5513563,0.36917448,0.37963772
solar,130,44224,46528,0.9949495182033632,0.1748622460233821,0.5101557,0.33307457,0.20837641,0.0312953
solar,64,42048,50688,0.9949434251090356,0.1258144709706612,0.13317013,1.1212482,0.21529055,1.0391278
solar,134,42496,50560,0.9949387065798772,0.2469578115025481,0.035397053,1.0603647,0.035679817,1.060082
solar,26,44224,49408,0.9949256353246524,0.242058736407414,0.14877939,0.2474966,0.0060100555,0.10472727
solar,78,42240,48576,0.9949192880952192,0.2716988861091353,0.16726446,0.46275187,0.51943207,0.8149195
solar,12,44864,48320,0.9949179647013946,0.1062186470187192,0.32927847,0.27552938,0.4928422,0.11196566
solar,9,48320,48896,0.994917144474615,0.0268410363189394,0.26472807,0.36736822,0.05701971,0.04562044
solar,66,44224,48256,0.994912382621414,0.0318654642237668,0.50127935,0.3113284,0.89136314,0.07875538
solar,85,48896,49472,0.9949070925551252,0.2299694087304021,0.1811204,0.89411545,0.31259632,0.7626395
solar,38,43392,45120,0.9948978575331804,0.0704436684055653,0.0058116913,0.08476591,0.2873366,0.3779142
solar,10,45568,46720,0.9948952283556132,0.235534865587822,0.39942837,0.21423388,0.5077791,0.32258463
solar,112,48256,49408,0.9948899584116084,0.249599456012832,0.5487428,0.35911226,0.3459587,0.1563282
solar,3,42496,47104,0.994889263080828,0.2791308979742622,0.07534456,1.007185,0.33505535,0.59678507
solar,98,48960,52416,0.9948840189634838,0.1938797401522659,0.2187376,0.024419785,0.3339939,0.1396761
solar,128,42624,44352,0.9948837764465704,0.1277385752811188,0.057815075,0.092300415,0.022732735,0.011752605
solar,34,47744,50624,0.9948781168583628,0.2465941248830121,1.3018684,0.57724047,1.6523814,0.22672749
solar,0,49536,50112,0.9948712944830062,0.2743394394745405,1.7826948,0.10250425,2.1023679,0.4221773
solar,122,49600,51904,0.9948698015546236,0.1714177968554473,0.94440794,0.17561531,0.7339797,0.034812927
solar,133,47872,51328,0.9948689391765368,0.0402003106675779,1.4264083,0.3374009,1.4108105,0.3218031
solar,26,44352,50112,0.9948673492943098,0.165251614178063,0.034296513,1.74964,0.32674122,1.3886023
solar,10,48896,50624,0.9948506013993216,0.1024592648966318,1.0119529,0.53293705,1.3141112,0.2307787
solar,129,43904,47360,0.9948498295571536,0.237097944968607,0.1966052,0.13990164,0.22874165,0.1077652
solar,98,42560,44864,0.9948481806548696,0.0691171813408084,0.074827194,0.31806707,0.17450476,0.41774464
solar,52,44416,49600,0.9948471725689928,0.0742353723371824,0.029922485,0.1468234,0.035088062,0.08181286
solar,92,42560,48320,0.9948451457828024,0.0821784479679066,0.010373116,0.04106474,0.07455158,0.12598944
solar,132,47744,50624,0.9948413668549744,0.2504435998514494,0.8106065,0.4509611,1.0569391,0.20462847
solar,115,43520,47552,0.9948390896972024,0.2255782917619629,0.0062561035,0.88325644,0.2950945,0.59441805
solar,132,47808,51264,0.9948335933243296,0.2115894018132455,3.1198187,0.2649207,3.4206567,0.035917282
solar,8,44864,46592,0.9948304174563654,0.2660437922902031,0.09808779,1.3368907,0.2031908,1.0356121
solar,111,43776,46656,0.9948299497841268,0.2663521466187009,0.07141733,0.16498137,0.107562065,0.12883663
solar,60,44992,49024,0.9948204791611658,0.2946420142605307,0.0008277893,0.58769464,0.27338648,0.86025333
solar,27,44864,48896,0.994815660685308,0.2928756950712779,0.14913034,0.21715736,0.10606384,0.26022387
solar,105,45376,50560,0.9948130561517384,0.1107753670650724,3.0826578,0.6868863,2.7926936,0.3969221
solar,89,45568,46144,0.9948009873184552,0.2562824875089107,0.3902297,0.11705208,0.40607882,0.101202965
solar,132,44352,44928,0.9947878890690546,0.2812294146586502,0.6335435,0.19553089,0.7534723,0.31545973
solar,30,47936,48512,0.9947861846438056,0.2108738055654772,2.2770104,0.50027275,2.4273777,0.65064
solar,5,46400,47552,0.9947851313823634,0.2534665791939134,0.11020613,1.6969047,0.3056941,1.8923926
solar,62,47168,48320,0.9947837927397328,0.2074782441460932,0.5262823,0.049789906,0.70241785,0.22592545
solar,12,44416,50176,0.9947807011166264,0.2538203012409982,0.504416,0.15179634,0.20617962,0.14644003
solar,93,42624,45504,0.9947789940919584,0.2816751002844748,0.2055769,0.08834267,0.040993214,0.07624102
solar,84,43712,45440,0.9947660478965604,0.1202685844029982,1.6684446,0.36684942,2.0164146,0.018879414
solar,122,48960,49536,0.994765233977015,0.1977310714807114,0.24340057,0.75403166,0.24582148,0.75161076
solar,69,47936,50816,0.9947473493272764,0.130120896708675,0.3918929,1.3558826,0.024748802,0.93924093
solar,14,42240,43392,0.9947241588087988,0.215947044531138,0.15416336,4.420424,0.2686553,4.8432426
solar,13,46720,47872,0.9947169444645312,0.0583624488163431,0.5945935,1.630538,0.36201668,1.3979611
solar,28,42752,46208,0.9947162540058226,0.2830635213970713,0.13600922,0.5501261,0.38133717,0.30479813
solar,95,43520,44096,0.9947133556558708,0.2987776246531282,0.23484612,1.9481344,0.13117838,1.5821099
solar,79,47808,50112,0.9947129296724904,0.2295360784418951,3.3756022,0.22213507,3.7681217,0.61465454
solar,122,45504,51840,0.994707620080405,0.2363802495592291,0.6392474,0.027545929,0.54928875,0.1175046
solar,86,48320,52352,0.9947057872479326,0.1877443715390724,0.22150326,2.0446353,0.5701704,1.6959682
solar,119,45376,48832,0.9946886664536472,0.115139224117443,3.582265,0.3559575,3.3148875,0.08858013
solar,124,49536,50688,0.9946772330029392,0.0183218357376693,0.42074728,0.32063198,0.5525036,0.18887568
solar,6,42048,43776,0.9946731424282792,0.1610238927764004,0.6148052,1.28972,0.13045454,0.5444603
solar,22,44480,51392,0.9946686639495432,0.2599313013078875,0.33843756,1.8041353,0.6888809,2.1545787
solar,85,44928,46656,0.9946602081812072,0.2692429801339634,0.8101444,3.519837,0.45470858,3.164401
solar,95,46592,48896,0.9946424874723092,0.2840686911621212,0.12962341,0.37148333,0.17028284,0.3308239
solar,46,44224,48256,0.9946406933868144,0.2995020040880882,0.16009903,2.7512436,0.2831669,2.8743114
solar,125,43648,44800,0.9946314132165096,0.2265468738572021,0.5427036,0.15556669,0.5988741,0.09939623
solar,96,48448,49600,0.9946290474261984,0.2692290250460484,0.06603384,0.38765,0.1457529,0.30793095
solar,133,45504,47808,0.9946217015296386,-0.0534971906486251,0.77039814,1.9669371,0.57613516,1.7726741
solar,133,50432,52160,0.9946194265995708,0.2636668038208478,2.654202,0.39535856,2.372724,0.113880634
solar,78,48256,48832,0.9946153032144938,-0.0133716264971339,1.966578,0.51536083,1.7924604,0.34124327
solar,23,46592,50048,0.9946130495394232,0.2696174192718703,0.25588846,0.24995756,0.1907916,0.1848607
solar,115,43712,44288,0.9946115282870353,0.2519952001377633,0.3587594,0.25252533,0.6344085,0.023123741
solar,15,44928,49536,0.9946060332568156,0.2266564842685257,0.6887207,4.139963,0.72555065,4.176793
solar,77,44352,45504,0.99460461653015,0.1455159073983103,0.67957115,0.42920065,1.1039257,0.8535552
solar,117,42560,50048,0.9946043902111452,0.1662195397303527,0.16452503,1.0956497,0.2552004,1.0049744
solar,2,46528,50560,0.9946040351262349,0.1245162674758541,0.7048793,0.010232925,0.92729044,0.21217823
solar,35,49408,50560,0.9945961594611922,0.1973160609120293,0.06415415,0.27168512,0.032230854,0.23976183
solar,15,48320,52352,0.994596053614152,-0.2372483490199202,0.4215002,2.0861044,0.44612217,2.1107264
solar,57,46144,47296,0.994554151019099,0.267300743427091,0.009216785,0.49493504,0.2821002,0.76781845
solar,122,42624,46080,0.9945533172059278,0.2809842293680746,0.3602829,0.22357225,0.24826765,0.11155701
solar,44,42624,45504,0.9945529301686216,-0.0381635103011202,0.0025205612,0.12378311,0.038119793,0.15938234
solar,65,45376,48832,0.994547702923098,0.2656271191937696,2.0196533,0.68651056,1.6792035,0.34606075
solar,81,42240,46272,0.9945449692295216,0.1099435534929404,0.019900799,0.31087065,0.48232317,0.773293
solar,40,43712,50048,0.994544128291002,0.2775964308239145,0.086716175,0.01925993,0.08078003,0.18675613
solar,24,47232,48384,0.994538547529362,0.1824933246882418,0.8831048,0.2667265,1.0309591,0.118872166
solar,4,42112,45696,0.9945362704285468,0.0218122635455265,0.6946502,0.49005175,0.6842246,0.47962618
solar,102,44416,50176,0.9945296452658454,0.2644867197260407,0.6151638,0.6421032,0.22541332,0.2523527
solar,9,43200,46656,0.994529311418014,-0.0465843072376413,0.089859486,1.3154984,0.19781256,1.2075453
solar,99,43776,47808,0.9945218021687128,0.1164153231364099,0.7451725,0.13728333,0.6276827,0.25477314
solar,113,48896,51200,0.9945090952248644,-0.0407102564248263,0.17858648,1.4886231,0.023480415,1.3335171
solar,34,43200,44352,0.9945075856311372,0.1927491197439501,0.19337273,0.8572612,0.056058884,0.71994734
solar,122,45376,46528,0.9945051085624522,0.2153411189941331,3.5073037,0.4721079,3.174704,0.13950825
solar,114,42752,44480,0.994503827707472,-0.2058864110200426,0.022463322,0.06751251,0.086019516,0.003956318
solar,OT,46720,49024,0.9945014623541124,0.2744741181629875,0.24088287,0.41180372,0.24098253,0.41170406
solar,5,43328,44480,0.9944990202721714,0.224784220592301,0.2625618,1.9426074,0.8237796,1.3813896
solar,111,46080,49536,0.9944980038073458,0.2937305294400907,0.8718076,0.0032234192,0.9053421,0.030311108
solar,1,47872,48448,0.9944949130829724,0.2527565538006499,1.212307,0.1913476,1.482122,0.07846737
solar,91,46080,51840,0.9944942941012052,0.2009284804719315,1.082057,0.07072592,1.3672276,0.35589647
solar,109,44864,48320,0.9944875573910736,-0.148097680412501,0.11328077,0.17026329,0.046520233,0.10350275
solar,123,44992,48448,0.9944841392146616,0.2069326177478634,0.5377307,0.75281,0.45220566,0.66728497
solar,122,49664,50816,0.9944794954410316,0.1579371179629471,0.15644932,1.0892854,0.5275674,0.7181673
solar,118,48448,49024,0.9944781779464862,0.1631566735118825,0.1428175,0.06927395,0.29403496,0.08194351
solar,92,43712,52352,0.9944722424813192,0.0695150196396262,0.05435896,1.1046791,0.09489727,0.9554229
solar,65,44416,49024,0.9944703397714988,0.2791871529517257,0.103191376,0.17258358,0.22825289,0.047522068
solar,OT,44288,48896,0.9944661588806024,0.2920370306047939,0.16192102,0.62849283,0.2925949,0.49781895
solar,129,47936,50816,0.9944644175870224,-0.0850369963242327,0.7742262,0.6063719,1.1440926,0.23650551
solar,23,45504,51840,0.9944617428535923,0.2396616410468781,0.85841656,0.42835808,1.4397469,0.15297222
solar,131,42240,49152,0.994439358337408,0.2196504084427013,0.1658268,0.6527896,0.030840397,0.8494568
solar,102,42496,47104,0.9944392256709086,0.2388037809656866,0.32330942,0.9694443,0.16380167,0.48233318
solar,129,46592,50048,0.9944316295298724,0.23128671441118,0.13478947,0.63823605,0.017496586,0.7905221
solar,4,49664,50240,0.9944286782368896,0.2918005825781053,0.8841524,2.7242584,0.8034234,2.6435294
solar,90,42240,49152,0.9944248490457158,0.2490842081696858,0.105679035,0.33995676,0.3844242,0.61870193
solar,38,46080,48384,0.9944200660174104,0.2294061035083195,0.548512,0.18080902,0.8359995,0.106678486
solar,92,42496,48256,0.994415477961742,0.1924368248269885,0.46705723,1.7043781,0.43230772,1.6696286
solar,129,43648,48256,0.994412487573735,0.2053909150280105,0.9435439,0.0056934357,1.2799339,0.34208345
solar,27,45568,48448,0.9944077775396758,0.248930154764839,0.2856965,0.031395912,0.6181097,0.3638091
solar,124,43776,44928,0.9943929804108664,0.1008885696328896,0.7844944,0.096354485,1.3446622,0.6565223
solar,127,44928,49536,0.9943899416711636,0.2651388431639208,0.6338959,1.852212,0.3525467,1.5708628
solar,87,49472,50624,0.9943898747715952,0.1827459991186495,1.509162,0.48961115,1.7807865,0.21798658
solar,55,46528,48256,0.9943843719646892,-0.1361909933076422,3.0145955,0.19358873,3.355288,0.14710379
solar,26,43200,51264,0.9943826700432896,0.1100901204654788,2.0479913,0.29594135,2.265667,0.51361704
solar,114,45376,49984,0.9943800245569184,0.1278683588814251,2.2306495,0.12492609,2.3896627,0.03408718
solar,69,43840,49600,0.9943691724676564,0.2258495361133731,0.030606747,0.004117012,0.03361416,0.060103893
solar,4,44800,45376,0.9943689428738618,0.1365941623578948,0.25527763,0.20560408,0.5081334,0.0472517
solar,68,44864,47744,0.9943625210565692,0.2555892037351526,0.99801254,0.08523321,1.1070728,0.023827076
solar,46,45568,48448,0.9943558487887232,0.2490990395550329,0.42913532,0.26084995,0.782506,0.092520714
solar,96,48960,51840,0.9943532708835656,0.2142817659905749,0.26558638,0.22280025,0.09535694,0.05257082
solar,19,43712,50624,0.9943524806641624,0.2257315256041286,2.0321145,0.42434645,2.299518,0.15694284
solar,124,42752,50240,0.994347695307636,0.2603913860584207,0.43745422,0.8219881,0.35582542,0.7403593
solar,59,42496,45376,0.9943384355002112,0.165591793961141,0.44629717,2.0578513,0.50170755,2.1132617
solar,78,42560,46592,0.994337155708246,0.2856753303445328,0.27071333,0.014861107,0.13301992,0.15255451
solar,50,42624,45504,0.994328409876298,0.1284753162945319,0.51202106,0.06279564,0.93414783,0.35933113
solar,18,44928,46080,0.9943236484594604,0.060002379966597,0.41726398,0.009764671,0.5225158,0.11501646
solar,132,47168,48320,0.9943107773800872,0.2905904151522961,0.18097258,0.3704257,0.33234596,0.5217991
solar,24,46080,51264,0.9943096184437602,0.1383759176553086,1.3168993,0.11756325,1.8889911,0.45452857
solar,45,42240,47424,0.99430765982797,0.285577362605654,0.67660475,0.5105758,0.78326845,0.6172395
solar,55,42560,49472,0.9943052563924344,0.175610583221394,0.16189098,1.7223234,0.36909103,1.5151234
solar,125,43136,50048,0.9943043575968006,-0.5887785367497315,1.6577001,0.2389884,1.9919381,0.09524965
solar,38,45568,49024,0.994292478281356,0.0773108860531211,0.14841318,0.049486637,0.3855934,0.28666687
solar,131,44096,46976,0.9942887735829452,0.2119366171550107,2.1705298,0.039147377,2.6243014,0.49291897
solar,66,45440,48320,0.9942868829463348,0.2951085955150268,0.05577469,0.20317554,0.054459095,0.09294176
solar,52,42624,44352,0.994284355944575,0.145687516924596,0.6304765,0.49988604,0.050043106,0.08054733
solar,66,42752,43904,0.9942781531797698,0.2451942118305906,0.28383398,1.0548935,0.46370888,0.8750186
solar,105,42624,48384,0.9942775209450504,0.2511520559963498,0.18694592,0.11854935,0.057775497,0.010621071
solar,67,42560,47744,0.9942769279884524,0.2971700522155548,0.08486557,0.39123297,0.20916796,0.26693058
solar,64,42624,47232,0.99427148040104,-0.0115810171728752,0.85150814,1.7561488,0.5686779,1.4733186
solar,70,43648,45376,0.9942703790696524,0.2062888953983569,0.3088565,3.407978,0.63195133,3.731073
solar,118,43136,49472,0.994266680798814,0.1227131354171374,0.15699863,0.080631256,0.042249203,0.034118176
solar,26,47744,50048,0.994264864208816,0.2819946006695391,1.6405029,0.011126995,1.9546266,0.30299664
solar,65,42560,48320,0.9942522418545944,0.1186227208708534,0.05813694,0.15810347,0.078849316,0.17881584
solar,OT,48832,49984,0.994248727428787,-0.030917373237316,0.44214678,1.8560948,0.6233287,2.0372767
solar,109,43200,44928,0.9942460772433348,0.2924691911859439,3.3839107,0.3458333,3.7872138,0.74913645
solar,89,51200,52352,0.994237730902147,-0.5486549361057634,0.84190464,0.08890009,0.9462714,0.01546669
solar,119,48448,51328,0.9942348462848676,0.265910284534849,0.8814521,0.25230598,0.7535424,0.124396324
solar,4,45440,50624,0.994226359687733,0.2249391396000415,0.38055182,0.1328764,0.3147478,0.06707239
solar,2,42560,49472,0.9942237562469278,0.1592330357774858,0.13586044,0.34058142,0.16932869,0.30711317
solar,108,45440,48896,0.9942229911529644,0.2806193395366863,0.12877798,0.62142277,0.35587358,0.39432716
solar,46,43776,45504,0.9942153974580996,-0.1399137329939384,1.8924441,0.545074,2.1103373,0.7629671
solar,57,44864,47744,0.994214634587093,0.1740044105823459,0.7472205,0.264925,0.87722206,0.13492346
solar,4,43776,47232,0.9942115484426608,0.2818943341076271,0.7957678,0.120734215,0.9206686,0.24563503
solar,77,47744,49472,0.9942060927275392,-0.2390186826566265,0.06699276,0.77610826,0.13598824,0.57312727
solar,74,51328,51904,0.994205934335524,0.0913157367302519,0.4275775,0.3856969,0.10730457,0.065423965
solar,63,42496,47104,0.9941954176754492,0.1982529153619651,0.16140127,1.3644819,0.0073575974,1.5332408
solar,112,42624,47232,0.9941931325703086,0.1612554262548609,0.62041664,0.892622,0.17931795,0.4515233
solar,65,42112,45568,0.9941931101083756,0.0933471653223065,0.8792014,0.041344643,1.0940819,0.2562251
solar,17,49984,50560,0.9941882033711916,0.1841893987623716,3.270711,0.44660807,3.1097069,0.285604
solar,7,42496,47104,0.994187352652962,0.1180243156534328,0.32916784,1.0381031,0.28213167,0.4268036
solar,74,43136,50624,0.9941834816255508,0.1008393997191688,0.9295082,0.42614794,1.1498652,0.205791
solar,127,42496,43648,0.9941750862725808,0.2156434189335544,1.3045592,0.40372562,0.8678875,0.03294611
solar,50,43200,50688,0.9941714501932936,0.1869477143062875,0.022472858,1.1222768,0.18401766,0.91578627
solar,64,44288,46016,0.9941688423480616,0.2890522797902779,0.060056686,0.34791756,0.027718067,0.2601428
solar,32,43200,48960,0.9941615093079256,0.1979796864172459,0.0061974525,3.2085195,0.12038803,3.081934
solar,80,44416,48448,0.994154940441944,0.2227753010187789,0.29919052,0.24811172,0.36699963,0.18030262
solar,44,44992,46144,0.9941498556400608,0.233532343727112,0.196527,0.24995041,0.60211134,0.54868793
solar,47,44416,47296,0.9941383173109452,0.1897004997495537,0.04959154,0.12738562,0.13937807,0.037599087
solar,104,44288,48896,0.9941344346070397,0.2973393797049173,0.08396435,0.5270262,0.20088482,0.4101057
solar,108,44928,50112,0.9941332035805948,0.2131298887609515,0.5700722,1.4640388,0.053140163,0.94710684
solar,59,42240,48576,0.9941301103072152,0.2960719924241154,0.377944,0.7573805,0.041111946,1.1764364
solar,5,47936,51392,0.9941268324069316,0.2647268077741642,1.1963701,0.41602802,1.825943,0.21354485
solar,82,44928,50112,0.9941224989602392,0.249928902234376,0.7103038,2.8626018,0.5252695,2.6775675
solar,124,42176,46208,0.9941224788213756,0.242438547223343,1.0319567,0.1947875,1.3044415,0.07769728
solar,50,44544,46272,0.9941189516565412,-0.0512479389182544,1.7799699,0.57708097,1.3408515,0.13796258
solar,29,49408,50560,0.9941185466787302,0.0530663162396203,0.07589483,0.3693185,0.19100237,0.6362157
solar,35,43648,45376,0.994101849004477,0.1896453942702567,0.20935059,2.5746093,0.5478673,2.913126
solar,69,42240,47424,0.9940999227178798,0.0928181421322915,0.45020676,0.8663125,0.621768,1.0378737
solar,89,43200,48960,0.9940949927427578,0.0813611052023079,0.33295727,3.3419437,0.16824484,3.1772313
solar,28,45056,48512,0.994094837996626,0.1756480370923895,0.39024115,1.344842,0.75521994,0.97986317
solar,36,44416,44992,0.9940902398537838,0.1431318494514217,0.69389296,0.2844429,0.7310734,0.32162333
solar,22,42176,45056,0.994077059933417,0.2435140236972716,3.798399,0.3250494,3.772716,0.29936647
solar,64,43712,46592,0.9940740796427592,0.1990339974114516,0.14228773,0.9172101,0.26563168,0.79386616
solar,122,46144,47296,0.9940710772269928,0.2408663463808892,0.009303093,0.2300992,0.34443808,0.5652342
solar,119,42688,50176,0.9940640169910104,0.1289958016656709,0.33754635,0.2489357,0.0076498985,0.09626055
solar,106,44416,45568,0.9940632671988644,0.2030050871622971,0.54022694,0.19394493,0.26050806,0.085773945
solar,86,45568,49024,0.9940599387307224,0.2526477308022665,0.37047482,0.008312225,0.709321,0.34715843
solar,63,45568,48448,0.9940521658068728,0.2483746020452169,0.24641705,0.012329102,0.4552312,0.22114325
solar,6,42816,45696,0.9940498319143688,0.0820973010847006,0.051370144,0.094923496,0.05399084,0.010437489
solar,113,45568,51904,0.9940178601838886,0.1457398812288111,0.9786835,0.1852336,0.916368,0.24754906
solar,94,44928,47808,0.99401759619554,0.091323040357951,0.25294447,3.4716296,0.008345127,3.21034
solar,26,46272,47424,0.9940137558593868,0.2797171986547933,0.17697906,1.0380077,0.416229,1.2772577
solar,74,45504,51840,0.9940111906654208,0.2214665165858879,0.7731638,0.058739662,0.7813592,0.06693506
solar,120,42048,44352,0.9940104805111106,0.2766119901791015,0.55980253,1.699708,0.18274355,1.322649
solar,129,43264,49600,0.994009309255278,0.2526659884949395,0.122448206,1.3049293,0.005117178,1.4324946
solar,56,48896,52480,0.99400216627134,-0.0802822512373482,0.14842081,0.62932825,0.23498249,0.5427666
solar,80,43648,47680,0.9939978484635564,-0.0505278436783945,0.45263672,0.36113834,0.20198679,0.110488415
solar,80,44224,48256,0.9939843589198868,0.2508560455903555,0.696815,1.1745138,0.6417508,1.1194496
solar,101,44352,45504,0.9939822974300015,-0.1168016746485227,1.5413008,0.55253744,1.8748517,0.8860884
solar,90,47744,50048,0.9939642694043384,0.226244907333496,1.3282018,0.21867418,1.7318029,0.18492699
solar,97,42752,43328,0.9939614454157528,0.2560067155403609,0.10768843,0.5187359,0.24965382,0.3767705
solar,41,44800,49984,0.9939530285775372,-0.0393728673483488,3.669108,0.18509674,4.1088266,0.62481546
solar,14,48384,50112,0.9939499334518528,0.2448451941812076,0.05489111,0.743649,0.10564709,0.5831108
solar,135,44352,50688,0.993937838253094,0.2327023505447297,0.74983835,1.9918447,0.36457872,1.606585
solar,97,44992,49600,0.993934067958776,0.2893165967647119,0.23685026,0.7998681,0.29935122,0.86236906
solar,113,49600,51328,0.9939338588705044,0.089774251495441,1.3848743,0.28197384,1.4296389,0.32673836
solar,29,42496,44224,0.9939335687036822,0.1267433224286853,0.10292292,0.2202344,0.00015687943,0.1171546
solar,5,44224,48256,0.9939332396374152,0.2553343501641166,0.87545824,1.6989818,0.7501378,1.5736613
solar,67,44352,47808,0.9939329551828858,0.2186854100990333,0.2013874,0.75638723,0.041339397,0.91643524
solar,114,42496,47104,0.9939290632647788,0.1898644707158287,2.0179172,0.6918144,1.6986775,0.3725748
solar,7,43776,50688,0.993913227482148,0.154473688449295,0.77823734,0.20083237,1.004746,0.02567625
solar,70,46848,47424,0.9939115841201712,0.2971939050945917,0.43489122,0.53305006,0.85163164,0.9497905
solar,72,45568,51904,0.993903931068962,0.2215548502825406,1.0649743,0.204113,1.0113387,0.15047741
solar,133,45952,50560,0.9938949697341164,-0.0481915180941158,2.794024,0.47562695,2.3575768,0.039179802
solar,62,44224,50560,0.9938906597614284,0.2380959794834155,0.10946989,0.56636333,0.069099426,0.5259929
solar,65,42240,44544,0.993876919132902,0.1058122390318251,0.07965922,1.3463428,0.51302266,1.7797062
solar,33,49984,50560,0.9938765770264014,-0.2478761483238133,1.3958249,0.39131355,1.246397,0.24188566
solar,127,43776,45504,0.993874736204819,0.2776090694756204,1.0640683,0.36235905,1.421596,0.7198868
solar,96,43776,44928,0.9938713035530744,0.0320266551205037,0.28633165,0.39665222,0.12688112,0.23720169
solar,120,48320,49472,0.9938690798381766,-0.2058188419002115,0.17102861,1.6218686,0.31201696,1.138823
solar,74,43712,45440,0.9938606198920842,-0.0763212707384473,1.6509533,0.47504568,1.9028053,0.22319365
solar,28,44352,44928,0.9938560373779562,0.1322508656579421,0.21790361,0.13803768,0.7516928,0.39575148
solar,0,44352,51840,0.9938525069210822,0.068369458410464,0.72637224,1.6922283,0.89845467,1.8643107
solar,107,44992,46144,0.9938395775549304,-0.0121638809598387,0.29244375,0.6326275,0.14295387,0.4831376
solar,39,47744,48896,0.9938388957585108,-0.0982524830934342,1.8877654,0.23244,2.091154,0.029051304
solar,37,42496,45376,0.9938358290820412,0.2507685099892398,0.32005835,4.299695,0.4534502,4.433087
solar,114,50112,51840,0.9938337107128072,0.2528438725791806,0.47392273,0.096768856,0.8571782,0.48002434
solar,63,48256,49984,0.993827030985431,0.2131065472647824,2.3422117,0.15041971,2.5077658,0.31597376
solar,16,43840,49024,0.9938240089494784,-0.0419697563670442,0.30636644,0.1394062,0.5228796,0.07710695
solar,64,45120,50304,0.9938126870988764,0.1881366145807558,0.504169,0.4196272,0.16190243,0.07736063
solar,28,42176,43904,0.9938064522489792,0.1278237881103273,0.6825776,0.21332741,0.71594334,0.17996168
solar,84,45504,51264,0.9938043896412764,0.203078456211652,0.7877054,3.4490733,0.36134434,3.0227122
solar,28,46976,49280,0.9937986694940538,0.2851499371497791,0.6804333,0.014029503,0.63554525,0.030858517
solar,46,48896,51776,0.9937839670649936,0.2561420701367379,0.14357376,1.7212996,0.43683863,1.4280348
solar,117,44352,50688,0.9937761405814748,0.2166842313972843,0.095989704,2.0740733,0.048184395,2.2182474
solar,24,42496,47104,0.993773748559588,0.0375094495228105,0.47478247,0.816412,0.031028748,0.31060076
solar,83,47552,50432,0.9937506188068082,0.2811209389549473,0.21999311,0.8511028,0.07923937,0.55187035
solar,67,48896,50048,0.99374562485204,-0.1246454626264793,0.022534847,0.5607557,0.09575319,0.4424677
solar,51,44352,49536,0.9937319211918848,0.260322921480739,0.06798172,0.87566185,0.26871538,0.6749282
solar,130,48384,50112,0.9937314097875076,0.2910393713552686,0.17458439,0.7837291,0.09846115,0.70760584
solar,31,42048,49536,0.993730626281202,0.2228413197616331,0.40340424,1.6685252,0.26283503,1.527956
solar,71,43840,50752,0.993729587364718,0.2993271936734076,0.030752659,0.025825977,0.02925539,0.03418207
solar,38,42240,44544,0.993724527181278,0.097145179560079,0.59598947,1.4288256,0.44513512,1.2779713
solar,103,42624,44928,0.9937162350640578,0.2776582773056015,0.47450542,0.028888702,0.7005563,0.19716215
solar,15,44800,47104,0.993712949088227,0.1343635837047077,2.3999767,1.0150065,2.4171767,1.0322065
solar,79,46144,47872,0.9936989566833204,0.1925820698778027,0.53734636,1.578639,0.42057276,1.4618654
solar,11,42048,43200,0.9936956255623112,0.0634444986703988,0.10895538,0.038064003,0.3086915,0.37958288
solar,113,47744,49472,0.993688237841158,0.2789324849813426,0.13778973,0.9203296,0.14230156,0.6402383
solar,53,48896,52352,0.9936776092767572,-0.1354755469985261,0.13560104,1.0317101,0.35621834,0.81109285
solar,127,42688,45568,0.993677339152768,0.1963712736652757,0.07104778,0.09207487,0.047708035,0.026680946
solar,19,50688,51264,0.993669261627418,0.1809027294226794,0.29918003,1.7682719,0.30893755,1.7585144
solar,117,45504,51840,0.9936602188851807,0.2244728847920504,0.83451176,0.20621109,0.7027278,0.07442713
solar,97,42496,47104,0.993659119129673,0.0924373380599656,0.12762928,0.9588351,0.112810135,0.7183957
solar,57,48320,51200,0.9936343237661348,-0.0285723880980023,0.39195156,2.614852,0.10243082,2.3253312
solar,95,49472,50624,0.9936314105481284,0.2857884686299431,0.42305517,0.21049643,0.55751324,0.07603836
solar,1,45120,48576,0.9936293619118894,-0.2229048499395972,0.16007614,0.14084435,0.056141853,0.24477863
solar,6,43840,49600,0.9936270197154364,0.1178918860810582,0.026724815,0.03292036,0.02789545,0.031749725
solar,34,42496,47104,0.9936083136306264,0.1102293128036278,0.038506508,1.148653,0.13094711,0.9791994
solar,92,45504,51264,0.9936041831190506,0.1793964605837448,0.42847204,0.36338043,0.8299556,0.038103104
solar,76,48320,48896,0.9936021946903458,-0.0221476997880644,0.20528507,0.9246154,0.40220118,0.7276993
solar,80,44352,47232,0.9936014458687028,0.2704138477893386,0.13767672,0.5140357,0.021373749,0.67308617
solar,1,42496,47104,0.9935955708643917,0.1452385399118524,0.9986205,0.8154292,0.49415493,0.31096363
solar,26,43776,47808,0.9935923805385404,0.2004657636024571,0.069793224,0.61595106,0.21433449,0.4714098
solar,119,43776,46656,0.9935888347931005,0.1722374519368094,0.039902687,0.65452003,0.18162441,0.43299294
solar,16,42624,45504,0.9935807220803824,-0.0056577473638073,0.4438386,0.19844007,0.7871094,0.54171085
solar,13,46080,47808,0.9935717294148414,0.141786488025197,0.051173687,2.3923135,0.30705738,2.1364298
solar,81,44224,48256,0.9935576321552206,0.1957475803662835,0.42806482,1.1897359,0.34063673,1.1023078
solar,96,46080,52416,0.9935563939396708,0.1634910804914466,0.26743937,1.4076219,0.05951786,1.1997004
solar,18,42240,46272,0.9935456058276486,0.2026063882104579,1.2321463,0.5359287,0.91370726,0.21748972
solar,70,43840,46720,0.9935393994085948,-0.0664807243356434,0.20053959,0.6555209,0.09412241,0.36085892
solar,125,42624,46656,0.9935377865405246,0.2953722337409496,0.87819576,1.4478722,0.31758165,0.88725805
solar,32,46144,46720,0.9935357885520212,0.1506787400184782,0.04237652,0.34502935,0.12590885,0.4285617
solar,108,43840,45568,0.9935238279553388,0.2938610665479451,0.26250887,0.3242941,0.04827547,0.11006069
solar,117,45120,49152,0.9935123424300096,0.2806330902433796,0.3101697,0.54896116,0.0470891,0.28588057
solar,11,43328,43904,0.9935103806200808,0.2870583774024858,0.027023315,1.4328566,0.2146926,1.2451873
solar,128,48896,51776,0.9935090795360088,0.1085403043097417,0.23950768,1.3539791,0.43987465,1.1536121
solar,134,46080,50112,0.9935069273981804,-0.0116292150383368,0.24674797,0.61050034,0.27263594,0.6363883
solar,101,48256,49984,0.9934982985677416,0.2594005182761956,0.030430317,0.006286621,0.17446566,0.13774872
solar,115,46080,47808,0.99349683759484,0.0310799205679457,0.21844721,1.6386232,0.049444675,1.3707314
solar,107,45504,48384,0.9934804824910984,0.1230614216498995,0.797874,0.18403816,0.49029684,0.12353897
solar,116,43840,45568,0.9934733948930036,0.2063703840087443,0.42371273,0.2501135,0.16803694,0.0055623055
solar,7,46592,48896,0.9934682994023668,0.0335323844611893,0.4936366,0.30549908,0.5979719,0.20116377
solar,52,43904,44480,0.993460934591615,0.0323436513515807,0.44218683,0.16331959,0.6997628,0.0942564
solar,81,45568,46144,0.9934601523609772,0.2088534475788886,0.47971773,0.062711716,0.40464973,0.13777971
solar,47,43776,46656,0.9934544104050076,0.2501423922230916,0.27607775,0.14985514,0.29260492,0.13332796
solar,0,45568,50176,0.99344932967051,0.2257528271838227,1.3991184,1.1546073,1.4584541,1.213943
solar,121,43712,44288,0.9934492501338994,0.1777999492785374,2.1627517,0.4870081,2.1555471,0.47980356
solar,61,42560,50048,0.9934481671626384,0.2771282333063395,0.024680614,0.59560394,0.2235961,0.39668846
solar,126,42688,50752,0.9934436149261022,0.2837942238977235,0.22016525,0.14130592,0.44668722,0.3678279
solar,46,44544,46848,0.9934383133122598,0.2309940871869568,0.5090399,0.15097713,0.34278584,0.015276909
solar,80,44096,46400,0.9934350777198176,0.1979097408137784,0.92049265,0.2034254,0.77568483,0.05861759
solar,107,45568,49024,0.9934285884959182,0.0580148764589458,0.17516184,0.1743989,0.5197797,0.51901674
solar,80,44544,45120,0.9934255195785672,0.2708826388922786,0.77015543,2.1688232,0.21396828,1.6126361
solar,87,42688,49024,0.993419707315816,0.1376388912082893,0.12441921,0.08595419,0.15172768,0.058645725
solar,111,47808,51840,0.9934191401290324,0.1687944136347733,3.754601,0.16581774,4.132673,0.5438895
solar,54,47808,48960,0.993416106124549,0.200813309632988,0.47761202,0.28170633,0.4955263,0.26379204
solar,83,46656,51264,0.993414215867254,0.1707069412915079,3.303402,0.3902421,3.6854458,0.008198261
solar,49,42176,43904,0.9934133023067632,0.221779078881847,0.9023533,0.17207956,0.9739628,0.100470066
solar,90,43776,45504,0.9933995643628196,0.2263795503497536,1.977479,0.39226675,2.0226946,0.43748236
solar,68,46144,49024,0.9933995428531708,0.16808315163235,0.023481369,0.015151024,0.44366407,0.45199442
solar,9,44352,51840,0.9933876455696972,0.2899244201249876,0.42721367,0.29475594,0.72512674,0.0031571388
solar,2,49408,49984,0.993382481946031,-0.0737734769100061,0.5776744,0.9276056,0.8157077,1.1656389
solar,97,47168,48320,0.993379859391495,0.2507994701643786,0.28577948,0.18917274,0.3749938,0.09995842
solar,103,46144,49600,0.9933791238382488,0.2915966543856235,0.149333,0.58051634,0.44238424,0.8735676
solar,69,42560,50048,0.9933779036764184,0.220253383134457,0.07394123,1.0169125,0.30531168,0.785542
solar,108,46016,52352,0.9933687774603186,0.0047712717386218,0.67523336,0.16854954,0.672102,0.17168093
solar,121,49024,49600,0.9933679135060652,0.2682902738859207,0.08325243,0.5960331,0.04660797,0.55938864
solar,73,47232,50112,0.9933590682063572,0.202155376199837,0.34790277,0.20806694,1.0860634,0.53009367
solar,133,48448,49600,0.9933590087761812,0.2306912822318075,0.06743097,0.34722614,0.1523552,0.26230192
solar,82,42496,48256,0.9933577781572116,0.187633276650771,0.6172385,0.27675486,0.6741419,0.2198515
solar,109,46080,51840,0.9933577511145544,0.2801194701333636,1.330904,0.038455486,1.7454886,0.37612915
solar,108,43264,48448,0.9933534164561912,0.280868200821259,0.1754117,0.80358887,0.13314319,1.1121438
solar,52,47168,51776,0.993352286530853,-0.0104922742495035,0.24300337,2.5464892,0.43345308,2.3560395
solar,9,42560,50624,0.993349296852702,0.2721540740057893,0.6350012,0.053011894,0.85323954,0.16522646
solar,34,45376,50560,0.9933323733532524,0.0486385655229872,3.2752652,0.45286465,3.0174375,0.19503689
solar,16,43328,46208,0.9933121111254554,0.2951907469091925,0.80992746,0.016915798,1.1784072,0.35156393
solar,39,47232,50688,0.9933096936165852,0.1801077819659494,0.4072442,0.10921335,0.36583185,0.1506257
solar,129,49280,50432,0.99330908248161,0.1913059005156882,0.13377285,0.069457054,0.04019451,0.10451031
solar,130,42176,47360,0.9933060127046622,0.167421320747242,0.5242996,0.58656263,0.5489888,0.61125183
solar,120,42240,43392,0.9933032304135704,0.1744188516026984,0.30880356,0.050020218,0.12163639,0.13714695
solar,20,44288,46592,0.9933025775290676,0.2516257154234694,0.053961277,0.23893595,0.109942436,0.18295479
solar,30,47808,48960,0.9933004642781892,0.1702254028488075,1.2530789,0.33927965,1.5636363,0.649837
solar,106,42688,46720,0.9932990676021312,0.1871524650646579,0.21896887,0.043245792,0.21239948,0.036676407
solar,115,43264,48448,0.9932978995616352,-0.1763083184086508,0.46674013,0.5172672,0.061505795,0.92250156
solar,38,43136,43712,0.9932940101139406,0.0755979565633973,0.31362867,0.1373806,0.47105885,0.020049572
solar,24,43776,50112,0.9932824769913686,-0.2003766601690677,3.1887264,0.5397296,3.3224778,0.673481
solar,92,49984,50560,0.9932791948800124,-0.0261753081200261,2.5143623,0.5297799,2.5070596,0.52247715
solar,42,43776,46656,0.9932616752803708,0.2957010609101242,0.09835005,1.2357488,0.13911104,1.1949878
solar,70,50176,51904,0.9932599240312776,0.1231896821183455,0.999002,0.4713297,1.3632569,0.83558464
solar,119,42560,48896,0.993259413383148,0.2104102935014021,0.1620121,0.5636687,0.30944777,0.41623306
solar,112,50688,51264,0.9932547293111796,0.1153022390747895,0.046961308,1.0184517,0.33057833,1.3959913
solar,48,43200,51264,0.9932538183585315,0.1803194201554488,0.47503614,2.5742698,0.10802364,2.2072573
solar,118,42240,48576,0.9932500974340293,0.2094279401825393,0.11946535,0.8545623,0.18289185,1.1569195
solar,135,43776,47232,0.9932372178422596,0.1789265088586905,0.44667864,0.11272526,0.6100044,0.27605104
solar,96,47936,51968,0.99322544908939,-0.0855443666840795,3.3693452,0.35711527,3.7785506,0.7663207
solar,87,43392,46848,0.9932217499374892,0.2952238199514841,0.27763224,0.88210917,0.12755656,1.287298
solar,77,48128,52160,0.9931762378739324,0.2012180414140854,2.3322048,0.4533701,2.5053396,0.6265049
solar,55,47168,48896,0.9931711524829332,0.2981630201682448,0.1600194,1.0550656,0.4076562,0.80742884
solar,88,44992,45568,0.993156230108041,0.2637025433897439,0.43507242,1.0676122,0.1896286,0.82216835
solar,132,44992,46144,0.9931557391585784,0.1976777815789891,0.5287101,0.90246797,0.18887138,0.5626292
solar,74,44288,49472,0.9931532678340584,0.2626081793420844,0.17306328,1.1401091,0.37051344,0.9426589
solar,98,44352,48384,0.993144903595068,0.2344789479621798,0.63916254,0.025578976,0.7872615,0.12251997
solar,33,50624,51200,0.9931405494387328,0.2088092510717651,0.14954615,3.4303517,0.34823227,3.2316656
solar,55,44800,49984,0.9931404952072992,0.0895983368348964,0.014076233,0.5095968,0.16726208,0.3282585
solar,37,42240,52032,0.9931373081097254,0.2935473049855626,0.5725641,0.4084363,0.14779949,0.016328335
solar,112,42176,45056,0.9931362752751036,0.2228562547660839,0.037269115,0.029114723,0.067368984,0.13375282
solar,111,47168,52352,0.9931292598015428,0.1975467852042511,0.27224922,1.713983,0.5763483,1.409884
solar,28,43392,47424,0.9931283733372238,0.2540563368987829,0.10792065,1.0378737,0.2689011,1.4146955
solar,27,47424,48576,0.9931188105448304,0.1793362522603274,0.069812775,0.06191349,0.12016916,0.011557102
solar,46,47296,50752,0.9931166482088064,0.2777481360565048,0.044888496,0.010635853,0.014262676,0.041261673
solar,66,44416,44992,0.9931095587879344,0.2931152711050244,1.4196806,0.09639263,1.4643731,0.14108515
solar,37,43776,48384,0.9931052599208012,0.2692862113300198,2.1193376,0.23112488,2.1284418,0.24022913
solar,49,48960,51264,0.9931015432973984,0.2425842688028036,3.4873896,0.20736933,3.823466,0.5434458
solar,131,43712,50624,0.9930904520529066,0.2824479918862984,1.1633701,0.05337715,1.3839941,0.16724682
solar,92,45376,46528,0.9930831037243258,0.191600492763937,0.45012188,0.1586299,0.5293765,0.07937527
solar,75,44224,48256,0.9930792411233784,0.1964681278614486,0.4274292,2.0882921,0.55384064,2.2147036
solar,86,43200,51264,0.993076694022498,0.2577137750170237,0.21818209,0.59487677,0.07164192,0.30505276
solar,98,48320,48896,0.9930764955307771,0.1297386702420858,0.106202126,1.9911633,0.20275497,1.6822062
solar,25,46720,48448,0.9930754472599642,0.1645531119786104,0.4608531,0.6307597,0.26327133,0.43317795
solar,101,46592,47168,0.9930697543115116,0.0588964918079599,0.77834654,0.19879198,0.88005257,0.09708595
solar,44,43776,49536,0.9930668170654084,0.2398925368023449,0.8231797,2.012313,0.84734154,2.0364747
solar,18,43712,52352,0.9930611501745514,0.0700799627457263,0.14859867,1.3713388,0.04017639,1.1825638
solar,106,45376,49984,0.9930442235455068,0.1256176570802173,0.8734803,0.02135992,1.0976143,0.20277405
solar,35,49536,51264,0.993040309759217,0.0986527533712102,0.45893192,0.14727783,1.0124168,0.70076275
solar,58,48896,50048,0.9930354501794952,-0.1611288385491016,0.10352898,0.05185747,0.21204424,0.05665779
solar,32,42112,44992,0.993026610873819,0.2664426575835293,2.4833941,0.2686553,2.5024962,0.2877574
solar,107,48256,49408,0.9930183014864497,0.0147529531276291,3.0208611,0.39275122,2.838163,0.21005297
solar,3,44928,51840,0.9930137028593872,0.1386873513331839,0.98161125,0.41047907,1.315618,0.07647228
solar,9,46080,50688,0.9930018051637532,0.1562440493209653,1.1219811,0.24345636,1.0598269,0.18130207
solar,3,46080,46656,0.9930011591764588,0.1559578472731712,0.46300697,3.0927868,0.13791275,2.7676926
solar,0,49600,51904,0.9929844260836984,0.2903979489383664,0.8457346,0.32163095,0.6577544,0.13365078
solar,40,42112,47296,0.9929745239035772,0.1804772123249979,0.1597104,0.3662963,0.3853836,0.5919695
solar,1,51840,52416,0.9929591518282488,0.1869041075277147,0.24215937,0.54421425,0.33655214,0.44982147
solar,5,49408,50560,0.9929538444449464,0.2334152966037882,0.009477615,0.18740702,0.0028238297,0.1940608
solar,89,42240,49152,0.9929509060547196,0.2156195593297163,0.29232073,0.5353613,0.5616965,0.8047371
solar,21,44864,47168,0.992946903808189,0.2817461033371987,0.29146767,0.439126,0.12842798,0.27608633
solar,91,44416,47296,0.9929464055310724,0.0851544825943132,0.30620384,0.20338392,0.52959156,0.020003796
solar,107,44864,49472,0.9929429994761116,0.2645534662274034,0.32956457,2.0053005,0.11366892,1.562067
solar,99,43392,45120,0.9929426688675208,0.1888255194133531,0.17237139,0.5956845,0.044301033,0.7237549
solar,76,42048,43776,0.9929344827871648,0.2454327573493853,0.6307318,3.7225573,0.35358715,3.4454126
solar,124,49024,50176,0.9929331836747218,-0.3753458078781656,0.39959288,0.70150757,0.03601885,0.33793354
solar,75,45568,49024,0.9929255333354672,0.1364586226222404,0.02132225,0.11618519,0.3606515,0.45551443
solar,18,44224,48832,0.9929231032689322,0.0938960405902143,0.26326227,0.21695805,0.16543436,0.119130135
solar,16,46656,47808,0.9929111102135608,0.211472694825521,0.3256731,0.11030769,0.24365044,0.028285027
solar,97,43776,47232,0.9929107508550236,0.1873274703740162,1.3004107,0.2502389,1.3647351,0.18591452
solar,116,43136,47744,0.9929104944130912,0.197333535017162,0.29616213,0.09967184,0.29652405,0.09930992
solar,34,45504,49536,0.992909106787724,0.1829638169173428,0.39702034,2.5418677,0.1201396,2.264987
solar,98,42752,47360,0.9929037003801576,0.236057968061556,0.13653421,0.58063126,0.3755164,0.34164906
solar,101,42496,45376,0.992878751156593,0.2701920751940077,0.34888935,3.9727392,0.33255816,3.956408
solar,105,43648,47104,0.9928527641377012,0.2693590119113095,0.06365681,0.2577629,0.021690845,0.17241526
solar,31,48896,51776,0.9928456799374844,-0.159089461315824,0.12671423,0.35143518,0.07531166,0.5534611
solar,61,46144,50176,0.9928344480322292,0.048633355030896,0.4063201,0.2962594,0.35082197,0.24076128
solar,113,44288,48320,0.9928172797065012,0.166441747783243,0.054120064,0.56880665,0.004421234,0.6185055
solar,82,42816,45696,0.9928148802285732,0.1592967532401579,0.049347878,0.06548166,0.070251465,0.08638525
solar,47,49984,50560,0.9928142855482882,0.2215766132678372,2.6827211,0.3717618,2.5502443,0.23928499
solar,126,44224,50560,0.9928126961441274,0.2936199614748751,0.1305337,0.70328,0.16205597,0.99586964
solar,120,48832,49984,0.9928085729117142,0.2807256816149346,0.41632223,1.4493971,0.6170378,1.6501126
solar,101,46080,50112,0.9928037016954094,0.2529286934682092,0.14107895,0.6636853,0.07989454,0.44271183
solar,43,44480,45632,0.9928007631106316,0.2709999234428467,0.39619207,0.23336697,0.30450487,0.14167976
solar,75,44864,47872,0.992794462799668,-0.09284551320369,0.03098774,0.23986912,0.015805244,0.2550516
solar,49,43840,50752,0.9927781870054476,0.2795242238816398,0.124482155,0.13961267,0.2901454,0.026050568
solar,88,42496,44224,0.9927750155251114,0.1848714825232156,0.08397961,0.31363678,0.1363554,0.261261
solar,22,49024,50752,0.9927714065201856,0.2790859523945986,0.36499596,0.2804017,0.8204756,0.17507792
solar,102,42624,47232,0.9927674521833986,0.2207220387713645,0.27864265,0.5457573,0.21353674,0.6108632
solar,96,49024,51328,0.992767446059242,0.2483518229578292,1.7121725,0.3212223,1.3910222,7.200241e-05
solar,128,45568,49024,0.9927663011165736,0.2509618976449141,0.09648943,0.062180996,0.09458542,0.25325584
solar,65,42496,50560,0.9927642956281592,0.1992287473280801,0.20221472,1.5139074,0.10979986,1.2018929
solar,15,43776,45504,0.9927588384764302,-0.0593541650610981,3.410771,0.846117,3.3458185,0.78116465
solar,135,42432,51200,0.9927535722002028,0.2994423973462889,0.36605644,3.1360083,0.26339626,3.033348
solar,127,45376,49984,0.992751929798485,-0.264028994570704,0.06538916,0.74398565,0.13284826,0.54574823
solar,12,44352,47808,0.9927385028852752,0.1375093966120586,0.028414726,1.6559505,0.017493248,1.7018585
solar,56,43200,51264,0.9927317961840632,0.2523585926496985,0.13701773,0.36143017,0.57366943,0.07522154
solar,111,46848,52032,0.9927265539324184,0.2325927793768271,0.5360255,0.103369236,0.41397285,0.018683434
solar,110,46528,50560,0.992726326234304,0.0504147092721221,0.06811237,0.5078225,0.2889285,0.28700638
solar,30,42240,49152,0.9927239969324808,0.0662357059960401,0.4093461,0.73061466,0.6334653,0.95473385
solar,87,47104,48256,0.9927212359092564,0.2986117331071784,1.3686442,0.42487574,1.7562723,0.037247658
solar,23,42240,47424,0.9927170111678096,0.2913309808657137,0.036569595,0.62415886,0.42922878,1.016818
solar,26,42496,50560,0.9927152310191846,0.0980285774681822,0.434628,1.5960684,0.3020854,0.859355
solar,102,42176,46208,0.9927138627634936,0.2605293788266545,0.21819305,1.2980628,0.7947078,0.7215481
solar,105,50816,51968,0.9926939510732904,0.1861411227190706,0.0054717064,0.005988598,0.15148783,0.15200472
solar,128,47168,52352,0.9926625147615348,0.1073169739564122,0.2338376,1.8052974,0.51022005,1.5289149
solar,37,48576,50304,0.9926602344682932,0.1633631758803126,0.07318497,0.030601501,0.031169891,0.07375336
solar,121,46720,50752,0.9926552086796826,0.0958199010641694,0.060602188,0.6324234,0.34362602,0.34939957
solar,59,45440,48320,0.9926506199353724,0.2240685872435714,0.09178209,0.6370897,0.031933308,0.57724094
solar,105,45440,49472,0.992647886096442,0.0792704596307763,0.48340368,0.7103329,0.26382065,0.49074984
solar,115,49600,50752,0.992644145193942,0.1800715283424684,0.3986392,0.11502838,0.6586633,0.14499569
solar,44,44352,48384,0.9926428326864024,0.0362997748113797,0.2433896,0.07658005,0.061383247,0.10542631
solar,100,42560,45440,0.9926169260489331,0.2915663254921591,0.013830662,0.03845358,0.05512762,0.00284338
solar,9,45376,49984,0.9926149760622308,0.0520227136901707,0.03954506,0.00404644,0.1173296,0.08183098
solar,85,42624,46080,0.992608769982262,0.262200179908861,0.21504259,0.44591904,0.18111134,0.41198778
solar,123,47232,50688,0.9926077538434576,0.2894450538096198,0.044154167,0.10051632,0.058736324,0.0023741722
solar,125,46592,49472,0.992607695140718,0.0161826965512886,0.06526756,0.5039506,0.048795223,0.52042294
solar,104,44992,45568,0.992592353773197,0.2961936254965455,1.2294433,1.5853293,0.81684685,1.1727328
solar,25,47232,49536,0.9925911514677004,0.2777176334936623,0.055196762,0.65875816,0.13498545,0.5789695
solar,28,48256,48832,0.992574510219634,-0.0234223842171918,0.15479279,0.5312748,0.120010376,0.25647163
solar,72,42624,48384,0.99257325748697,0.2139284134437937,0.91970444,0.6601834,0.34560394,0.086082935
solar,125,46400,47552,0.992573158466418,0.2816110550175186,0.30568266,1.9685841,0.65113544,2.3140368
solar,27,50432,52160,0.992565823298293,0.2077718704120066,2.352181,0.30176115,2.274827,0.2244072
solar,101,47424,49152,0.9925646751632444,0.1563911440080472,0.3212309,0.7050152,0.10358429,0.48736858
solar,84,50688,51840,0.9925626057483656,0.1904315320849307,1.1810656,0.51694393,1.6386061,0.05940342
solar,86,43776,46080,0.9925581136551804,0.2406366128574076,0.62099314,0.3269825,1.0053244,0.05734873
solar,99,43200,46080,0.9925573081030042,0.1114303189453935,0.5982785,1.1818461,0.20490694,0.78847456
solar,72,46080,51840,0.9925506442362804,0.276818875372404,0.27217245,0.41782475,0.74845314,0.058455944
solar,86,43264,46720,0.99254679169813,0.2618796343066162,0.12140465,1.3442876,0.034509897,1.4311824
solar,121,42496,49984,0.9925426212018176,-0.550908893677972,0.55831575,3.4144244,0.5772228,3.4333315
solar,112,46720,48448,0.9925386733161928,0.1951649619955382,0.31926966,0.003923893,0.085814476,0.22953129
solar,112,48896,49472,0.9925326172900388,0.041933050778344,0.04083109,0.253623,0.14297056,0.15148354
solar,105,50304,52032,0.9925318986663436,0.1767393198862671,0.6936488,0.51700354,0.15756989,0.019075394
solar,34,43840,46592,0.9925248004713546,-0.2103617271075616,0.28562927,0.7998128,0.08895731,0.60314083
solar,68,43840,45568,0.9925026713366268,-0.2209440806530209,1.3297453,1.0594878,1.4898987,1.2196412
solar,32,42624,46080,0.9924990847987591,0.184107421821689,0.35963535,0.22076654,0.42013597,0.16026592
solar,123,44416,47296,0.9924979857345207,0.2356219418650904,0.14809465,0.12027502,0.14352131,0.124848366
solar,61,43648,44224,0.9924975845726082,0.2199693819930895,0.0012526512,0.123860836,0.6026468,0.48003864
solar,19,44928,45504,0.9924884270774252,0.2226043661373039,0.133914,1.3934445,0.5364237,0.72310686
solar,71,44416,46144,0.992487258804572,0.2980829658153331,0.69231844,0.32621622,0.5586176,0.19251537
solar,68,43904,45632,0.9924760341338053,0.2078760159411192,0.43672943,0.25430107,0.56118774,0.37875938
solar,97,43200,52416,0.9924617791228132,0.1564225678795734,0.5012212,3.8351297,0.2064991,3.5404077
solar,75,45504,51840,0.992457573089207,0.216546215813595,0.37847662,0.48214674,0.28482103,0.38849115
solar,33,45568,50176,0.9924490990991036,0.0937380859839925,0.5698261,0.0045285225,0.5422125,0.023085117
solar,83,42112,44416,0.9924421390145364,0.2468836887818539,1.4074602,0.07471657,1.6658964,0.18371964
solar,49,48320,50624,0.9924402686797452,0.2247887548342464,0.055508614,0.27392244,0.14984846,0.1795826
solar,41,42048,43200,0.992438833348471,0.2413677674160559,0.34521866,1.1038637,0.051813126,0.70683193
solar,63,46592,50048,0.99241936737659,-0.1372029877831471,0.80439615,0.23726702,1.2016673,0.16000414
solar,90,44224,48256,0.9924011236946764,0.2444371103306895,0.86551046,0.5569539,1.3610516,0.06141281
solar,92,42624,46080,0.9923993944944212,0.1704132274829881,0.49498367,0.03302002,0.5907178,0.0627141
solar,95,42688,44416,0.9923979817140394,0.147450260169365,0.07888889,0.19419861,0.069913864,0.20317364
solar,127,45440,47744,0.9923963015329514,0.1696624584933113,0.19535112,0.30162,0.20838451,0.28858662
solar,33,44352,48384,0.9923927762085224,0.2844206555364798,0.47987556,0.036877632,0.5053153,0.011437893
solar,11,42624,48384,0.9923874153417348,0.2476489229596752,0.86514425,0.96449184,0.62990856,0.72925615
solar,23,46144,49600,0.9923872103962592,-0.3246762366676717,0.3906834,1.5973189,0.2824068,1.4890423
solar,103,49408,49984,0.9923854667274432,-0.2823387024026427,0.45334244,3.7523246,0.40557575,3.704558
solar,97,42048,46080,0.9923830279737214,0.1390225367127379,0.35496426,1.3827434,0.17681122,1.2045903
solar,34,43712,48896,0.9923741393059282,-0.1799297676503223,0.25051355,0.0650239,0.27031326,0.04522419
solar,60,45568,46144,0.9923685858605746,-0.1806664204458111,0.44897938,0.1456995,0.12349939,0.17978048
solar,30,45056,45632,0.99236180909145,0.2958232747642582,0.5329261,3.1294775,0.5620947,3.158646
solar,32,43712,47168,0.9923561505945874,-0.0361728273375849,1.8418474,0.4902315,2.0958705,0.23620844
solar,10,48320,51776,0.9923549720926884,0.1902076981277211,0.22616005,3.777154,0.051071167,3.602065
solar,76,43264,48448,0.992336625329105,0.2096102960969029,0.035206556,0.87802434,0.15508604,1.0683169
solar,100,46080,50688,0.9923342853282302,0.2947184374890362,1.3136792,0.12888432,1.3231883,0.11937523
solar,110,47744,50624,0.9923328196090108,0.2475255653253241,0.32613945,0.27696085,0.49820518,0.104895115
solar,11,42560,52352,0.99232751381122,-0.1112717671391497,0.09338951,1.9003053,0.23876143,1.7549334
solar,49,42624,43200,0.9923221685539376,0.1340702253337061,0.5904641,0.81100655,0.044944763,0.2654872
solar,42,45632,49664,0.992318986375182,0.2966436780544395,0.10993004,0.84192276,0.47649765,0.47535515
solar,65,43712,50048,0.992318279138871,0.1857659964012546,1.6969533,0.0014476776,2.011836,0.31343508
solar,69,47168,47744,0.992317533444485,0.203390466052066,0.14783525,1.2002363,0.28611422,1.0619574
solar,114,46592,47744,0.9923130878410692,0.2718546115822824,0.046120167,0.19456244,0.09238386,0.14829874
solar,116,45376,46528,0.9923058518945244,0.159561913905259,3.322826,0.28927088,3.135345,0.10178995
solar,58,44352,45504,0.9923023317396577,0.137110975632271,0.9932089,0.24751902,1.1760283,0.43033838
solar,40,42624,46656,0.9922901485535688,0.1282330779400273,0.054283142,0.8142514,0.09115982,0.66880846
solar,119,45568,46144,0.992289732045534,0.0681818939784776,0.14130116,0.108962536,0.37115717,0.33881855
solar,62,43712,44288,0.992284153634492,0.1668273152218391,1.4814115,0.3836131,1.7052112,0.1598134
solar,97,44224,49984,0.9922767449185836,0.2234549716945179,0.7619238,0.094558716,0.88557816,0.21821308
solar,4,42496,47104,0.9922585228971292,0.2913299950064417,0.7001982,1.6626396,0.76889896,1.7313404
solar,0,44928,46080,0.9922562250542876,0.2824633517703087,0.97778225,0.876523,0.78671885,0.6854596
solar,39,45504,51840,0.992248288166738,0.2639683733161072,0.66811657,1.5613914,0.38836908,1.2816439
solar,19,50112,51840,0.9922374537971116,0.0910473661563202,0.048810482,0.14787579,0.21946478,0.31853008
solar,2,51200,52352,0.9922262127768712,-0.1023962358308496,0.48675203,2.1183305,0.11899805,1.7505765
solar,17,48960,50112,0.9922245449502112,0.1421339745215155,0.08412647,0.380692,0.14249134,0.15407419
solar,131,46656,50688,0.9922194738534662,0.157699864716035,1.3534431,0.14456797,1.4285526,0.069458485
solar,122,45120,46272,0.9922158895901738,0.2320147816014132,0.51860857,0.14368105,0.47384024,0.18844938
solar,129,47552,48704,0.9922153337168444,0.2910914103227324,1.719873,0.59871864,1.5221376,0.40098333
solar,19,46016,47168,0.9922137540991012,0.2001603721050623,2.594298,0.49165583,2.8390489,0.24690485
solar,81,46080,51264,0.9922131067828488,0.0441788452696588,0.7241125,0.16025925,0.78083706,0.1035347
solar,20,44800,49984,0.9922127564354338,-0.2428345440680127,0.27072954,0.36653042,0.09614897,0.00034809113
solar,102,48320,52352,0.9922121327988276,0.0094102188991789,0.2823367,3.095015,0.032524586,2.845203
solar,17,48896,50048,0.9922005367046745,0.0943794270750358,0.7715969,0.15759039,1.0564237,0.12723637
solar,96,43520,44096,0.9921966322950936,0.2492848680046171,1.3209057,1.0330591,1.0140319,0.7261853
solar,96,48576,50304,0.9921911393498664,0.2665485648495411,0.09289074,0.08114958,0.08529806,0.0735569
solar,31,47104,47680,0.9921773267263928,0.1689807212662471,0.28500462,0.90884686,0.47012043,1.0939627
solar,75,42560,47744,0.9921772061768872,-0.0907907063610782,0.16583347,2.564601,0.39598894,2.3344455
solar,9,45504,47232,0.992174785148621,0.2898484097205119,0.4582281,1.0122643,0.30628252,0.86031866
solar,29,45120,45696,0.9921729543338342,0.1212679919411884,0.16437912,0.95487165,0.02917409,1.0900767
solar,135,42496,48256,0.9921669557561644,0.1344197885554978,0.7658181,0.11849737,1.2004437,0.31612825
solar,3,43712,45440,0.9921659850942957,0.1410713567603745,1.9739137,0.16159773,2.09482,0.040691376
solar,114,44928,47808,0.9921560494599528,0.194887216859324,0.7085309,2.2553468,0.37206745,1.9188833
solar,6,44224,49408,0.9921517668110194,-0.1195358476676264,0.7945862,0.5716653,0.51571226,0.29279137
solar,129,42176,44480,0.9921452131459318,0.1847093607736745,0.061454773,0.2550993,0.15115261,0.16540146
solar,84,47104,50560,0.9921386442895076,0.1223604880943076,0.20658684,0.011757374,0.27604008,0.057695866
solar,20,47808,48960,0.9921352533673156,0.2053805052242026,0.09848118,0.12505817,0.1535635,0.06997585
solar,62,46848,49152,0.992135006807548,0.2051021458460785,0.06366873,1.1307602,0.13761759,1.204709
solar,105,47232,50112,0.992131496962171,0.0548039004675142,0.68861103,0.048768044,0.8591647,0.21932173
solar,53,42240,47424,0.9921287222982192,0.284303119363326,0.2571597,1.1565623,0.6188741,1.5182767
solar,23,46080,50688,0.9921128237265152,-0.0214085303822524,0.7586093,2.2623253,0.3079977,1.8117137
solar,30,47744,48320,0.9921025597673544,0.0105635047174443,1.398498,0.050759792,1.4319439,0.08420563
solar,96,42240,46848,0.9921021564312212,0.2638026925958577,0.11689997,0.7261181,0.4384532,1.2814713
solar,111,44544,45120,0.9920994382738152,0.2965670201375998,1.0836148,0.36894035,0.8048997,0.09022522
solar,67,49024,50176,0.9920982578005932,0.2677844638813315,2.1279893,0.04283476,2.1317005,0.039123535
solar,68,46720,51328,0.992077863968639,0.2944962452035115,0.8779621,0.10561466,0.88265705,0.1103096
solar,105,43008,52224,0.9920474988900876,0.2118945900963879,0.56139755,0.67696667,0.67287827,0.56548595
solar,49,43520,46976,0.9920405956093346,0.2952754784723324,0.13576126,0.21060944,0.03040266,0.105250835
solar,83,45696,51456,0.9920218259497314,0.1713876466373113,1.1228843,0.6120186,0.5580325,0.047166824
solar,104,44544,48576,0.9920174188586164,0.198291178747789,0.19572926,0.07375717,0.1227932,0.14669323
solar,24,44928,50688,0.9920168432997272,0.273079001193263,0.66299486,1.5710092,0.19811678,1.1061311
solar,121,47168,48896,0.99198835098661,0.2362407441495734,0.015927792,0.5068288,0.124771595,0.39798498
solar,85,46144,46720,0.9919596156387678,0.2785624131111775,0.045292854,0.2901759,0.06767559,0.40314436
solar,74,47296,49600,0.991935045710044,0.1359654345965618,0.06812,0.007978439,0.021704674,0.03843689
solar,123,46016,51200,0.9919285020386532,0.2837901909104676,0.30662823,0.022488594,0.22655296,0.05758667
solar,54,44352,52416,0.9919121898527672,-0.0349266527724614,0.009536266,0.65325594,0.17506647,0.8378587
solar,108,46272,50304,0.9919111587565012,0.1881788240285581,0.27252746,0.83947945,0.27365994,0.83834696
solar,111,42624,44928,0.9919049992634,0.2953691852786101,0.22276258,0.019014359,0.114228725,0.12754822
solar,107,42624,47232,0.9919021681162784,0.1956363701015169,0.14878798,0.28629398,0.10601616,0.3290658
solar,OT,47744,52352,0.9918985421230896,0.2633626683887781,0.09415913,0.35551357,0.1717639,0.6214366
solar,70,44288,48896,0.9918983620816954,0.1530302294954126,0.27867508,0.8944416,0.0029063225,0.6128602
solar,68,49408,50560,0.9918942291552963,0.181619218003496,0.052156925,0.010633469,0.18924475,0.25203514
solar,120,46016,47168,0.9918915787303666,0.2439906348003049,2.5874362,0.51560736,2.916862,0.18618155
solar,126,43520,47552,0.991887848362644,0.0765653237583463,0.029632568,1.0407848,0.0039458275,1.0072064
solar,30,42496,45376,0.9918866282715464,-0.0595218391056233,0.5109863,2.5237532,0.44005775,2.4528246
solar,71,44288,45440,0.9918859612111804,0.283099352424484,0.07110977,0.041987896,0.06742239,0.038300514
solar,40,47168,47744,0.9918843501015532,-0.0593654241689206,0.19824839,0.9406233,0.37770128,0.7611704
solar,31,43648,45952,0.9918830588381156,0.1378413098674095,0.29188251,1.8816495,0.5389099,2.128677
solar,19,49856,50432,0.9918789271673976,0.2689124108549015,0.17682886,0.33801985,0.026527882,0.1346631
solar,132,45504,49536,0.9918750508070684,0.2617421859526447,0.27043772,1.8243494,0.06952286,1.6234345
solar,49,48256,49984,0.9918613341757402,0.2713215816105097,0.39931488,1.6296959,0.19271278,1.0376682
solar,52,42112,50176,0.9918547872462596,0.2595091538616659,0.2761879,0.57398224,0.09808445,0.19970989
solar,8,43264,45568,0.9918404144275866,0.1059848074520971,0.48900604,1.9821727,0.37268066,1.8658473
solar,124,42624,45504,0.9918311699953012,0.1592953629400449,0.14991808,0.10622883,0.22753906,0.028607845
solar,41,47168,47744,0.9918292929844365,0.2576542217747072,0.14918661,1.0580692,0.34996843,0.8572874
solar,88,43968,45120,0.9918257392247416,0.1286244452636956,0.015444756,0.069701195,0.2000413,0.28518724
solar,121,45568,48448,0.991823000806008,0.1531362928799904,1.6597953,0.9008899,1.5327063,0.77380085
solar,26,43840,50624,0.991817258278068,-0.0529380031772066,1.104588,0.4390812,1.3313136,0.21235561
solar,72,43264,43840,0.9918099278351078,0.1993423977093404,0.09870267,1.4400625,0.00026917458,1.5390344
solar,11,48320,48896,0.9918058225470288,0.288010170708103,0.12922335,0.74772835,0.2787218,0.5982299
solar,116,49984,50560,0.9917997920473548,0.1861544531749654,0.36096144,0.53196526,0.031101227,0.20210505
solar,107,43520,47552,0.9917906875860036,0.0388246510101054,0.107931614,0.72225,0.33360195,0.28071642
solar,102,50688,52416,0.9917800102457184,0.2545595989220645,0.27281046,1.5124531,0.30584383,1.4794197
solar,118,43200,46656,0.991775785630018,0.2867655571833418,0.4555483,4.036636,0.15749979,3.7385874
solar,46,42240,50304,0.9917748883564992,0.2575243684686252,0.059478283,0.80184984,0.2602706,1.1215987
solar,73,44928,46080,0.9917748432118152,0.0469974891969379,0.79634523,1.8908367,0.48272276,1.5772142
solar,90,45952,51136,0.9917729513199224,0.1781431449593113,0.42816067,0.19647121,0.7207942,0.09616232
solar,24,42560,48320,0.9917654702829376,0.2810598384209169,0.042798042,0.68463564,0.0383749,0.6890588
solar,59,44928,50112,0.9917462714119032,0.1275786325934342,0.267807,0.6909723,0.09596014,0.32720518
solar,72,44544,45696,0.9917383549542385,0.1233559150200886,0.2839837,0.158885,0.31032515,0.13254356
solar,42,46016,51776,0.9917297891967738,0.1455807046476306,1.0484905,0.07796621,1.2085934,0.08213663
solar,85,45120,46848,0.9917223045403196,0.2216411158412576,0.20307446,0.18070364,0.06855011,0.315228
solar,91,44288,50048,0.9917154025006768,0.2962490322282083,0.09004736,1.0558071,0.24588013,0.89997435
solar,36,49984,50560,0.9917119851658016,0.2668555959465972,3.3913922,0.38739586,3.2672606,0.26326418
solar,110,44288,49472,0.991710882542256,0.1134289983212151,0.05217886,0.46855068,0.15078783,0.3699417
solar,126,43136,50048,0.9917086459469346,0.272736629670827,2.2556062,0.23331022,2.4261465,0.06276989
solar,9,42688,45568,0.9917045805537552,0.278223127097038,0.38989592,0.23502445,0.1316514,0.023220062
solar,129,45440,48896,0.9916984391697212,0.2770089353024796,0.103046894,0.21569395,0.16901922,0.14972162
solar,29,44992,46144,0.9916657717078288,0.2783306981721565,0.46745706,1.1694252,0.35724807,1.0592163
solar,110,45504,51264,0.991656452660844,0.2377431085644962,0.7856221,1.8506641,0.59742117,1.6624632
solar,102,44544,45120,0.991651650256252,0.1956610128336317,1.2629914,0.40054083,0.86788654,0.0054359436
solar,115,48320,52352,0.9916505362381292,0.0892446968088862,0.09327316,2.4188995,0.2727375,2.2394352
solar,118,43520,46976,0.9916125812495736,0.2561155959502409,0.06394005,0.73384905,0.13524818,0.5346608
solar,60,47104,48832,0.9916117503806784,0.1023366395519282,0.3846774,0.019911766,0.16383791,0.24075127
solar,71,43712,48320,0.9916058641099588,0.157764650637659,0.62434053,0.3371582,0.8961439,0.065354824
solar,43,42048,50112,0.991605101397928,0.1977208178912363,0.42822456,1.8333321,0.011106491,1.394001
solar,107,42240,46272,0.9915956597032398,0.1717947338339858,0.36675692,0.56518555,0.87767076,1.0760994
solar,110,42816,47424,0.9915876494787372,0.2157388696270787,0.6226325,0.3289504,0.9418669,0.6481848
solar,3,46592,48896,0.991581735458686,0.207334406658731,0.026089191,0.95274305,0.22900772,0.69764614
solar,25,47168,49472,0.9915649053527676,0.2481805330041887,0.11837864,0.60861397,0.28309298,0.44389963
solar,101,43904,50240,0.9915638761056268,0.2667794681013263,0.1332655,2.0782514,0.20539665,1.7395892
solar,134,48256,49408,0.9915526074271712,0.0974524306566467,2.2681832,0.53045416,2.0128393,0.27511024
solar,135,47104,49984,0.991548474053908,0.2171900838013943,0.99715424,3.1768837,0.8196454,2.9993749
solar,57,42240,52032,0.9915444350597724,0.2657423748512029,2.059598,0.29684043,1.6601181,0.10263944
solar,66,45120,46272,0.9915307419513292,0.2831063546835171,0.87768936,0.023787022,0.46113014,0.3927722
solar,124,47744,48896,0.9915133225853658,-0.0361380552107453,1.5006552,0.42201614,1.6475582,0.2751131
solar,113,45376,50560,0.9915067175857228,0.2681705678706128,2.490574,0.48028612,2.504621,0.49433327
solar,23,43648,48256,0.9915011786088724,0.2202953326459417,2.6586843,0.4192791,2.9498205,0.71041536
solar,61,47808,50112,0.991495384049226,0.1643954287851284,3.2181373,0.41149044,3.5649858,0.7583389
solar,11,43648,48256,0.9914944838644426,0.0844038370215235,0.224967,0.20146751,0.82047844,0.79697895
solar,62,49472,50624,0.9914915642402086,0.2390571604090177,0.1635108,0.18134832,0.24912739,0.095731735
solar,114,47872,51328,0.991477937570774,0.2362271955221823,1.7064319,0.22631216,1.9846187,0.50449896
solar,128,46528,48256,0.991470925250136,0.2481646460628568,1.1968117,0.13120079,1.2683387,0.059673786
solar,67,43520,47552,0.9914705684569342,0.2606900351295422,0.16811132,0.8036289,0.27987623,0.35564137
solar,73,45568,49600,0.991463157305074,0.286055717269825,1.3188682,0.78524876,1.0862508,0.5526314
solar,21,48832,50560,0.9914598615171244,0.1707983848458226,0.19279528,0.38746786,0.02160883,0.5586543
solar,51,42496,47104,0.9914430111624504,0.063475211936669,0.17530966,1.4254923,0.13439322,1.1157894
solar,59,44224,49984,0.991441463648282,0.1803311536675345,0.46015263,2.5176053,0.62904406,2.6864967
solar,8,42624,45504,0.9914317431723936,-0.0097467796047614,0.74361706,0.2252016,1.1494803,0.6310649
solar,15,42752,50240,0.9914285529044028,0.2667184451199492,0.73968077,2.3753042,0.90907,2.5446935
solar,73,45504,51264,0.9914261634935104,0.2762099107651158,0.81889915,1.5949168,0.87517977,1.6511974
solar,115,45440,48896,0.9914203014266922,0.1695191883169778,0.065300465,0.31232548,0.19638395,0.18124199
solar,39,46592,50624,0.9914102416666584,0.1776316111928331,1.1150756,0.44683743,1.4226918,0.13922119
solar,5,45504,47808,0.9914062100053488,0.239789011307342,0.7432656,3.7332673,0.67259455,3.6625962
solar,110,46080,50112,0.991375511521258,0.1074719175753271,0.028458118,0.76222324,0.15668488,0.89045
solar,18,42496,47104,0.9913705940526708,-0.0695444839971595,0.2634139,1.0477238,0.24031305,0.5439968
solar,51,43840,50624,0.9913691453567484,0.0348764032006476,1.4527617,0.49188423,1.7143006,0.23034525
solar,77,42496,47104,0.9913677213625024,0.2659859552514099,1.1612301,0.6976123,0.9376254,0.4740076
solar,118,42496,48832,0.9913625143511722,0.1486437068342744,0.035969257,0.9600086,0.17251682,0.75152254
solar,95,43648,47104,0.9913549968651808,0.2367732157222308,0.13929701,0.047290325,0.08540392,0.006602764
solar,104,44928,49536,0.9913547362219745,0.0903162381732815,0.9497857,3.8707833,0.46837616,3.3893738
solar,23,43712,48896,0.99135410609844,0.0340606403332956,0.20620918,0.1529088,0.38707972,0.027961731
solar,45,48896,51776,0.9913466264314744,0.2456892526143207,0.14626074,1.2268367,0.014189243,1.0663867
solar,54,47744,52352,0.9913417796708132,-0.0557891659938913,0.03516531,0.19489336,0.09574127,0.1343174
solar,19,48832,50560,0.9913406155671513,0.2145926798864365,0.030011654,0.6756468,0.030902863,0.61473227
solar,42,42560,52352,0.9913162007809292,0.2479991999133716,0.19909,2.3192568,0.38725996,2.1310868
solar,14,47936,51968,0.9913136382057908,0.2588770676564172,1.3645282,0.13512611,1.6552362,0.42583418
solar,51,42624,46656,0.9913013467881336,0.1272733756558124,0.059462547,0.7977209,0.048725605,0.80845785
solar,76,45568,49600,0.9912998913493632,0.1885067585030477,0.31321764,0.44470024,0.3587742,0.4902568
solar,133,42240,46272,0.9912856333991742,0.1976154041312505,0.35205984,0.26961708,0.52667713,0.09499979
solar,36,43904,44480,0.9912831460316044,0.2622793275668353,0.2483406,0.027906418,0.13213444,0.14411259
solar,76,42496,49984,0.9912505521406572,0.2969085618588646,0.45923662,2.5585737,0.23967838,2.3390155
solar,6,43328,43904,0.9912453312894044,0.0964435094008182,0.033497334,0.21886158,0.15721273,0.34257698
solar,82,42560,43712,0.991236482709034,0.0387014984350837,0.21393204,0.38044977,0.28989744,0.45641518
solar,109,46016,51200,0.9912304960653666,0.2495764733246182,0.018931389,0.07748985,0.020950317,0.037608147
solar,124,48832,50560,0.9912233820851456,-0.2086037743165312,0.45977545,0.5121522,0.50222445,0.5546012
solar,72,45440,50048,0.9912132626175342,0.2894420178722668,0.12182474,0.6778078,0.21380568,0.5858269
solar,86,45504,51840,0.9912077846539048,0.2895442688229336,0.78693295,1.2724347,0.53788614,1.0233879
solar,69,43520,48704,0.9912045878817644,0.2531621964831465,2.0405664,0.841722,1.6931281,0.49428368
solar,31,48704,52160,0.991202439029434,0.2622953475917224,0.09500408,1.0074949,0.41671324,1.3292041
solar,23,48832,49984,0.991194781603559,-0.0401909090535946,0.5524759,1.3402743,0.7935672,1.5813656
solar,53,45440,46016,0.9911940877196608,0.0095680967989085,0.1180706,3.3207006,0.26260424,3.176167
solar,55,50048,52352,0.991192213730748,0.1038952478617884,0.24903679,3.444611,0.10880613,3.3043804
solar,125,42176,50240,0.9911830067605872,0.2847100129999773,0.24190474,1.7476726,0.46881628,1.520761
solar,98,44992,48448,0.9911680305770522,0.0633578181279206,0.5519917,0.9216535,0.3894601,0.7591219
solar,68,44288,47872,0.99116725507255,0.299162062149115,0.08986378,1.0475516,0.05752182,1.0798936
solar,64,44800,49984,0.991158270318806,0.2364709901934182,0.5482173,2.3202577,0.13464737,1.9066877
solar,75,48896,51200,0.9911518528600066,0.0471090898720214,0.03643179,1.8921442,0.2916851,1.6368909
solar,50,44992,49024,0.9911515536121,0.1988458221999157,0.5045376,0.5041261,0.50397396,0.50356245
solar,128,48384,51840,0.99113400322793,0.1489278755348363,0.13336849,0.25611877,0.30770302,0.4304533
solar,25,46016,47744,0.9911294018049948,0.0755485878949307,0.87835455,0.34778976,1.1023388,0.12380552
solar,22,48448,50176,0.9911199627277032,0.2792836843894877,0.9528856,0.70867205,0.5406213,0.2964077
solar,104,43712,46016,0.9911094287337407,0.1441190158065446,0.22158718,2.232911,0.08394098,1.927383
solar,130,42048,44928,0.9911068019785266,0.028322396051815,1.2633786,0.52730703,1.1453147,0.4092431
solar,54,42752,51392,0.9910967482365668,0.2328332802427259,1.1816673,0.35717535,1.4155483,0.59105635
solar,103,47232,50688,0.991093831743773,0.1464934637823593,0.007309437,0.069924355,0.017318726,0.045296192
solar,67,43648,49984,0.9910707209727776,0.1180799182779563,0.33611345,0.8645644,0.70911455,1.2375655
solar,48,42496,48256,0.9910579473500292,0.2339702090055136,3.3235266,0.39987254,3.346925,0.42327094
solar,51,42240,46848,0.9910557891517352,0.165728790892354,0.016736507,0.15667725,0.02990675,0.11003399
solar,47,42176,47936,0.991052249249422,0.0940825628455785,0.3334236,0.87760305,0.50692797,0.7040987
solar,96,47296,50752,0.9910520760153914,0.2914852936152688,0.116163254,0.2844987,0.020498276,0.14783716
solar,35,45568,49600,0.991051899421032,0.2032106564209641,0.046105385,0.034892082,0.21898222,0.2999797
solar,2,44352,51840,0.9910517827937896,0.2391371169601874,0.90401745,0.26902533,1.1167779,0.48178577
solar,8,46528,48256,0.9910500042798388,0.2983710248379352,1.6849027,0.078202724,1.5307827,0.075917244
solar,42,46528,48256,0.9910471924819936,0.2912135815662806,0.43165398,0.16882277,0.8274665,0.5646353
solar,54,43200,46656,0.9910139330156104,0.1204746246587547,0.6417146,2.4712257,0.18568563,2.0151968
solar,92,45120,45696,0.9910070878110638,0.2935705031390724,0.0997777,0.072350025,0.31059885,0.13847113
solar,106,46144,49024,0.9910046753072892,0.2110525049520817,0.15297604,0.30181742,0.36541653,0.5142579
solar,81,44352,48960,0.9909941414191988,0.2933478483620669,0.100476265,1.9677811,0.20705175,1.8612056
solar,113,44928,50112,0.99095473835877,0.1212314334147868,0.06565857,0.78427887,0.3965912,0.3220291
solar,22,42560,47168,0.9909216863946304,0.2109706936133824,0.20643902,0.15199423,0.08605385,0.2723794
solar,14,42624,47232,0.9909198638924344,0.1766636712772452,0.1609397,0.70083714,0.32423782,0.537539
solar,131,45504,48960,0.9909172007813892,0.28377689607905,0.6374459,2.3150244,0.23295832,1.9105368
solar,43,49408,49984,0.9909090726363176,-0.2721512661566048,0.07266998,0.33510065,0.54565907,0.80808973
solar,9,43968,45120,0.9909039032753306,0.290486890356137,0.15028954,0.27464294,0.39056253,0.034369946
solar,63,43392,44544,0.9909034445259748,0.2461780204506422,0.51797485,1.0112138,0.7593229,1.2525618
solar,55,44992,46144,0.9909024464480258,0.2996668745640179,0.28990793,0.27237177,0.4602971,0.44276094
solar,58,46528,48832,0.9908968843051444,0.2827324142423042,0.40394878,0.26665974,0.35623217,0.21894312
solar,72,42048,48960,0.9908934049213132,-0.1435618442069358,0.2904048,2.140295,0.35034895,2.2002392
solar,105,46528,49408,0.9908897577247116,0.2087494676017353,1.2458272,0.17793989,1.0851431,0.017255783
solar,90,43840,45568,0.9908794206014256,0.1974369856974152,0.2518239,0.20280886,0.0042443275,0.053259373
solar,31,46400,47552,0.990867971548548,0.2509954087096054,0.44372606,1.4260006,0.63038826,1.6126628
solar,99,48896,50048,0.9908474007370908,0.1338589088987776,0.032320023,0.82292366,0.18393326,0.6713104
solar,40,44480,45056,0.9908427095305684,0.2559343000264484,3.3935862,0.53363466,3.58569,0.7257385
solar,87,51200,52352,0.9908398108876448,-0.0014944257165887,0.97241783,0.15060139,1.1252437,0.0022244453
solar,70,49664,51968,0.9908361359967924,0.1047514767310795,0.10563469,0.22496176,0.027378082,0.091948986
solar,15,49024,49600,0.9908333505049122,0.1067955547592236,0.4116974,0.10896397,0.76329136,0.46055794
solar,16,49984,50560,0.9908327807998358,0.0218738931247623,2.4588513,0.5917916,2.3149552,0.44789553
solar,117,42240,46272,0.9908172564832624,0.2614279251833909,0.38866186,0.24771357,0.6601176,0.023742199
solar,86,47104,50560,0.9908035675872378,0.2460253343735357,0.1622405,0.15076733,0.027130604,0.34013844
solar,66,43136,50048,0.990802383986447,0.1740674117092467,2.2349505,0.006216526,2.6701603,0.44142628
solar,124,50304,52032,0.9908004519973,0.1328834428105542,0.09575987,0.18489122,0.10338116,0.014249802
solar,6,46656,49536,0.9907946168366762,0.1764632890750459,1.2562742,0.2252531,1.2520041,0.22952318
solar,60,44928,49536,0.9907872957343936,0.2647163147052921,0.72993755,3.7780042,0.36114264,3.4092093
solar,25,45568,51328,0.9907863521110984,0.2203925023286031,1.5183203,0.112709284,1.7812018,0.3755908
solar,124,43520,48704,0.990779265307433,0.2632613999222398,0.24940205,0.6343093,0.1862917,0.57119894
solar,15,47936,50816,0.990765868891226,0.053770043606997,0.46284723,1.1512003,0.16443253,0.8527856
solar,23,45376,46528,0.99075251533781,0.1789778750542489,1.5958619,0.5542593,1.3464465,0.3048439
solar,0,42112,46720,0.9907489325849262,-0.0297325808274348,0.20226717,1.0340638,0.118422985,0.71337366
solar,112,43392,50304,0.9907444085600264,0.2075774399679167,0.22277737,1.3133166,0.04089713,1.4951968
solar,100,45504,51840,0.990743652865492,0.2591114607573466,0.7535515,0.3900752,0.56114435,0.19766808
solar,91,42624,47232,0.9907252316196344,0.2835642929873069,0.5320897,0.70655346,0.294034,0.46849775
solar,54,42624,47232,0.9907167764613412,0.2575795528889312,0.40986013,0.23276186,0.15064335,0.026454926
solar,81,48896,49472,0.9907158781313166,-0.1408033104054752,0.50699663,0.34009933,0.672184,0.17491198
solar,30,48896,50048,0.9907135242599542,-0.07950879839924,0.062335968,0.67523813,0.07500219,0.5379
solar,36,43840,46144,0.9907095878260014,0.1456883874208175,1.2048798,0.117353916,1.2064137,0.1188879
solar,133,44352,50688,0.9907001550131216,0.1900152924769858,0.15192413,0.92916536,0.08566189,0.9954276
solar,4,47168,50048,0.9906884533201532,0.1224236667218075,0.5344024,1.026134,0.40744352,0.89917517
solar,14,48896,51776,0.990685663870656,0.185539238983223,0.023880482,3.0851474,0.12388563,2.9373813
solar,43,45440,47744,0.9906769489053582,0.2962989684951364,0.15873289,1.9939818,0.37665367,1.776061
solar,127,43520,47552,0.9906697728304138,0.2840412743959659,0.43376875,0.2604375,0.5892234,0.41589212
solar,68,43968,49152,0.990663372382986,0.2657074888251206,0.7940912,0.024831772,1.1303697,0.31144667
solar,93,45696,49728,0.9906533290958416,0.048848685481922,0.008547783,0.7752247,0.22015715,0.54651976
solar,112,44224,50560,0.9906412584222866,0.2921862676256944,0.28856516,0.4690938,0.113939285,0.29446793
solar,82,43776,47808,0.9906374145989484,-0.3873144156837556,0.27157497,2.1566744,0.44882584,1.9794235
solar,56,44544,50304,0.9906318674813084,0.2583131048808679,0.27395916,0.18509531,0.33209705,0.12695742
solar,96,42624,45504,0.990628676051831,0.107813907900428,0.016088486,0.27578306,0.5244694,0.8163409
solar,50,42240,46848,0.9906279487748804,0.2841796442380039,0.20597458,0.8775821,0.14767694,0.9358797
solar,99,43520,44096,0.9906270495280844,0.152461489859799,0.108436584,0.26434565,0.23113203,0.3870411
solar,8,45120,45696,0.9906261646945744,0.0928857627828485,0.07139826,0.023756027,0.30021715,0.20506287
solar,21,42240,47424,0.9906242149875032,0.2154391778605677,0.32284737,0.9014411,0.5860388,1.1646326
solar,3,44416,47296,0.990623417530333,0.247449429259715,0.1682148,0.13857317,0.25028658,0.05650139
solar,91,48256,49984,0.9906187854020662,0.1220941098431358,0.5085573,3.121283,0.18228102,2.7950068
solar,26,47104,48832,0.9905889270298596,0.1011273242781439,0.62630415,0.067350864,0.54345465,0.15020037
solar,79,49024,50752,0.9905836239471438,0.2721248241551809,2.2178922,0.27776194,2.3910146,0.10463953
solar,51,46144,46720,0.9905777487973908,0.1678972153818206,0.118739605,0.27037573,0.09337044,0.2957449
solar,12,43200,45504,0.9905695082799404,0.2727041222096359,0.18266249,0.7344227,0.33634472,0.58074045
solar,39,49536,50112,0.9905680082815256,0.0119335717648093,1.620976,0.5422001,1.9588728,0.20430326
solar,58,43520,46976,0.9905674623552684,0.2198917434522758,0.11731434,0.8806071,0.42238855,0.5755329
solar,16,47744,51200,0.990564306841334,-0.4910982679963203,0.01638794,1.852953,0.14881611,1.7205248
solar,27,49600,51328,0.9905613442605632,0.1643598173932995,1.307509,0.24702454,1.2936864,0.23320198
solar,68,42176,45056,0.9905564654424924,-0.0991996040591783,4.021023,0.45188951,3.9692364,0.4001031
solar,90,45376,48832,0.9905492826910348,0.2316948970904449,2.84166,0.39159012,2.723206,0.27313614
solar,1,42240,46272,0.9905480914798732,0.1445974378399072,0.3796587,0.2335701,0.5947876,0.0184412
solar,88,42688,46144,0.9905443050659958,0.0072870388357877,0.6098838,0.023412704,0.4867792,0.09969187
solar,92,44288,51776,0.9905358276720688,0.2232221415914423,0.20663643,3.0915823,0.27697468,3.021244
solar,15,44096,48704,0.9905331281275472,-0.0685803414468924,0.48031378,1.1393976,0.22351122,0.88259506
solar,103,44224,48832,0.9905295445639845,-0.0144390388113911,0.06892252,0.13459635,0.076420784,0.12709808
solar,92,43776,50112,0.9905279972494726,-0.0672593288696383,0.02575016,0.570662,0.09669924,0.49971294
solar,115,43648,47104,0.9905193259790817,0.0045066052119412,0.14985037,0.19531822,0.22038174,0.17491388
solar,98,44224,50560,0.9905117911129284,0.2264617353847222,0.10961437,0.33587074,0.07534456,0.37014055
solar,37,45120,45696,0.9904972454701572,0.1867038343151691,0.09154272,0.18504143,0.17797422,0.45455837
solar,115,42624,43776,0.9904935429096138,-0.0751606699047245,0.2079935,0.5506687,0.017586231,0.32508898
solar,63,43200,51264,0.9904855331364572,-0.0083790288569796,0.51128054,0.2972479,1.0236292,0.21510077
solar,118,46272,52032,0.9904827794727622,0.2589907810760014,0.31762886,0.0324471,0.25316572,0.09691024
solar,129,42496,48832,0.9904820912951224,-0.2218070017630996,2.341247,0.5540161,2.0267315,0.23950052
solar,51,48448,50176,0.990478080972356,0.2119814199496364,0.82034445,0.08529997,0.48485565,0.25018883
solar,12,49472,52352,0.9904739794125916,-0.103448014539029,0.06214428,0.6562543,0.20118856,0.51721
solar,51,43712,49472,0.9904621693498332,-0.2255409724559572,0.42978573,0.3110628,0.6580672,0.082781315
solar,101,46016,51200,0.990460113725946,-0.0448661240000859,0.38911343,0.001247406,0.5638447,0.17348385
solar,49,46080,49536,0.9904591298644164,0.2957670011575004,0.15312672,1.5152788,0.16889572,1.4995098
solar,10,42560,47744,0.9904436700364876,0.2315640447514673,0.123114586,0.44725943,0.2812605,0.28911352
solar,18,46656,52416,0.9904436515689672,0.2937514483334471,0.18604708,1.464057,0.21094704,1.439157
solar,23,44096,49280,0.9904414104383436,0.2309855091241408,0.2493496,0.25487614,0.0020103455,0.0035161972
solar,104,45120,45696,0.990432390802816,0.1385030893442044,0.013442993,0.24827051,0.001045227,0.26066828
solar,OT,44992,45568,0.9904290684867456,0.2422326465286959,1.0207865,1.4503071,0.6293869,1.0589075
solar,16,48320,50048,0.9904232479241228,-0.002348472496962,0.13363457,0.04340458,0.19549799,0.018458843
solar,8,43840,47296,0.9904112511242285,0.1246682858060765,0.026744366,0.098688126,0.20919514,0.083762646
solar,79,43648,45376,0.9903989695105332,0.2326423529569291,0.25365257,2.5800161,0.54707193,2.8734355
solar,67,43840,45568,0.9903706399143414,0.2161726733845808,0.45291662,0.44971704,0.18182135,0.17862177
solar,101,47744,48896,0.9903337074104068,0.2345152388926698,1.2738528,0.31973648,1.4789205,0.114668846
solar,126,48896,49472,0.9903335691773708,0.0351050674205477,0.104305744,0.31113195,0.18816996,0.22726774
solar,77,46144,49024,0.990333323400378,0.2481797809980271,0.3589983,0.20411253,0.55793095,0.40304518
solar,132,48896,49472,0.9903295805820388,-0.3623866325107147,0.0615263,0.12676811,0.24308157,0.05478716
solar,47,43648,48256,0.9903211145197908,-0.0563877791070785,0.7116151,0.39740372,0.9815235,0.12749529
solar,21,43776,44928,0.9903195341165816,0.2970084851697263,1.8541641,0.04071808,2.2227101,0.4092641
solar,130,48896,51776,0.990311629908704,0.1878559951631515,0.12942696,1.3894949,0.06380272,1.4551191
solar,6,43712,50624,0.9903019724050598,0.2675590502615859,0.2834916,0.27774572,0.43296576,0.12827158
solar,37,44224,49984,0.9902964718060956,0.2509550052951204,0.18175793,0.5841718,0.016423702,0.38599014
solar,50,43840,47296,0.9902823750380026,0.1594309649438349,0.17389345,0.05747509,0.29202366,0.060655117
solar,77,46976,49856,0.9902806863489932,0.2894891409267843,0.22153807,0.14247847,0.15535307,0.07629347
solar,21,45568,46144,0.9902716720517613,0.1253911251043117,0.19040203,0.17475462,0.32210588,0.043050766
solar,0,43392,46848,0.9902477689603162,0.2642213320826625,0.014666557,0.92960215,0.055975914,0.9709115
solar,37,42560,50048,0.9902439149140102,0.0530440441726441,0.117679596,0.7396178,0.2013421,0.6559553
solar,133,46592,50048,0.9902383168349403,0.1983549748864833,0.10366964,1.187437,0.156847,1.1342597
solar,113,46592,50048,0.9902279354087058,0.2882890205496456,0.98686075,0.0649662,1.4173679,0.36554098
solar,122,42560,52352,0.9902203628071636,0.2465173396179034,0.21039772,1.8175917,0.35110807,1.6768813
solar,99,45696,50176,0.9902090449170664,0.1368328405853925,0.49093103,0.8070855,0.057990074,0.37414455
solar,9,42752,48384,0.990207110793036,0.2997391913146544,0.87380457,0.46102428,0.98177814,0.56899786
solar,47,49472,51776,0.9901876226499912,0.137755798875892,0.10087633,2.3610668,0.33414078,2.1278024
solar,27,44352,51840,0.9901719577599056,0.2838849844281549,0.92104053,0.20690727,1.1769261,0.04897833
solar,85,47296,49024,0.9901683206021924,0.2704551077408385,0.063416004,0.069117546,0.046205997,0.040504456
solar,129,43776,51840,0.9901637115922158,0.2888035166331237,0.74572706,0.057112217,1.0955853,0.29274607
solar,1,48832,50560,0.9901630485920012,0.2403709478758362,0.38768482,0.0076146126,0.12715578,0.25291443
solar,11,46272,50304,0.9901532838897764,0.2620716633282689,0.14592218,0.5287156,0.19258976,0.48204803
solar,60,45504,50688,0.9901526202822706,0.1911267184745737,0.39800262,0.716012,0.05399847,0.37200785
solar,55,44928,50112,0.9901222891872288,0.2997140961471791,0.08064175,0.3190322,0.24817419,0.009783745
solar,71,48832,50560,0.9901069761309912,0.1991852310454069,0.22746325,0.6312432,0.3546896,0.7584696
solar,67,49280,50432,0.9901045895216772,0.0861217888457781,0.53701305,0.27097368,0.9423952,0.13440847
solar,76,42240,52032,0.9900755589070112,0.2108288952757023,0.8007264,0.5847721,0.845726,0.6297717
solar,32,43840,50752,0.990071438671184,0.2397785029950312,0.06718159,0.086265564,0.017400265,0.17084742
solar,4,48384,51264,0.9900710144183495,0.2763277963521732,0.25259686,0.5328498,0.06926489,0.21098804
solar,67,43776,49536,0.9900597514132558,0.2897690238503274,0.18703222,0.49296284,0.15059423,0.5294008
solar,33,43264,48448,0.9900553521533256,0.2492194559004892,0.053339243,1.0672908,0.13331485,1.2539449
solar,112,50176,51328,0.990052552935886,0.1801207737284824,0.9239235,0.17246103,0.7200756,0.031386852
solar,24,44288,46592,0.9900510837673292,0.2408157371274433,0.07400179,0.89262533,0.27891397,0.68771315
solar,0,43776,45504,0.9900432229971003,0.212676129341074,0.38741684,0.12697506,0.25957918,0.0008625984
solar,103,45120,51456,0.990034043728418,0.2411095504114696,0.33924747,0.088092804,0.1957233,0.23161697
solar,69,49024,50752,0.9900150379058428,0.0115853885497433,0.3555231,0.046244144,0.52683353,0.12506628
solar,62,48896,52352,0.990009258782944,-0.2100553790323438,0.02047348,1.4901505,0.18074083,1.3298831
solar,32,45120,45696,0.9900092263718574,0.0809106288808343,0.049408436,0.15361929,0.31628227,0.42049313
solar,29,46208,49088,0.990007309051654,0.2045801948948606,0.24193811,0.081849575,0.5261798,0.2023921
solar,65,46720,48448,0.9900015876574124,0.2621844521299856,0.003098011,0.013634205,0.015434265,0.0012979507
solar,61,44288,49472,0.9899998907525278,0.2526987389387773,0.18223429,1.7219167,0.087325096,1.4523573
solar,35,47744,52352,0.9899847739910824,-0.2943714672149466,0.069975376,0.46426296,0.11542797,0.41881037
solar,70,44864,50048,0.9899725166834442,0.1995550118384818,0.07610178,1.1724262,0.34480333,0.9037247
solar,88,45504,51264,0.989972166274108,0.1729355300725236,0.874063,1.0257802,0.5059171,0.65763426
solar,95,42624,49536,0.9899719999094376,0.2646769347423401,0.86378574,2.8539872,0.6740184,2.6642199
solar,77,47808,52416,0.989962101451776,-0.0959593929423802,0.022918701,0.19625854,0.007883072,0.22706032
solar,106,49408,50560,0.9899583486906828,0.2032053662309358,0.00980711,0.084881306,0.058968067,0.15365648
solar,35,50112,51840,0.9899566327413196,0.2697742221987635,0.5901232,0.5696473,1.0010376,0.15873289
solar,19,43840,47744,0.989950422276134,0.2294266539237342,0.49662256,0.96358824,0.0038146973,0.47078037
solar,47,42112,49024,0.9899389181033572,-0.1776994257218498,0.06078577,0.35673475,0.17505884,0.24246168
solar,76,50624,52352,0.989921768240714,0.1559146330796645,0.02576971,1.5891342,0.25542545,1.3594785
solar,104,45056,50816,0.9899189662132905,0.1522839065000251,0.2853694,2.0732121,0.09493637,1.6929064
solar,60,42624,46080,0.9899091680019988,0.2201391948805586,0.10192251,2.147502,0.1921525,2.237732
solar,2,44416,49600,0.9899068239137964,0.281552649368732,0.11547184,0.57647705,0.14764404,0.31336117
solar,116,47232,47808,0.9899032878472408,0.2835229510376694,0.13856268,1.5217204,0.30025244,1.3600307
solar,40,42240,45696,0.9898927681201138,0.0725963586243342,0.296762,0.012929916,0.53617525,0.25234318
solar,81,43200,49536,0.989874005892638,0.2552060549197865,0.35513926,2.9758916,0.083910465,2.7046628
solar,112,43648,46528,0.989873805187532,0.0073235950349082,0.13716793,0.055457115,0.0026483536,0.08435917
solar,7,44992,50752,0.9898717665822704,0.0939163425514386,0.5352845,1.01471,0.33162498,0.8110504
solar,24,50624,51776,0.9898669295559358,0.0582364886550215,0.19601822,2.0685706,0.5050049,1.759584
solar,OT,47360,50816,0.9898635425935178,0.298216897870886,0.0991745,0.016055107,0.20078802,0.11766863
solar,47,46208,50816,0.9898602919926984,0.2967116077457534,0.38055277,2.2387109,0.021120548,1.8370376
solar,97,43264,48448,0.989855746367395,0.1402615117451141,0.0028793812,1.168962,0.020194054,1.1862767
solar,54,45376,49408,0.9898512147599192,0.2880723225673906,2.661336,0.41992474,2.3630276,0.12161636
solar,OT,45120,45696,0.9898504843516092,0.1402968821153063,0.09683037,0.2983656,0.029845715,0.36535025
solar,11,42112,43264,0.9898016642477736,0.1679999869145625,0.3372264,0.17755985,0.027765274,0.13190126
solar,55,42624,43200,0.9897926405708896,0.2681844095014045,0.7822914,0.08996391,1.3836637,0.5114083
solar,128,44544,48576,0.9897884777992776,0.27088029888754,0.073087215,0.09249592,0.018201828,0.0012068748
solar,110,42048,50688,0.9897871278254952,-0.2156862613483546,0.016560555,1.8831968,0.119942665,1.7466936
solar,39,50176,50752,0.9897849630602358,0.1921924809800566,0.091406345,0.57159615,0.27850008,0.3845024
solar,13,44288,46592,0.9897797219202918,-0.0082331451118844,0.12845802,1.1096249,0.36570168,0.8723812
solar,89,46080,49536,0.989777213814818,0.1240648470045503,0.017067432,2.645792,0.43459797,2.1941266
solar,87,42240,44544,0.9897769992777036,0.0083358823323277,0.21339178,1.3590522,0.57872987,1.7243903
solar,7,43072,45376,0.989776238735948,-0.1433023224738321,0.13730335,0.0473423,0.16351748,0.021128178
solar,123,42560,49472,0.989754525418876,0.1779429215676065,0.09264231,2.0645304,0.2627039,1.8944688
solar,17,46656,47808,0.9897444484312744,0.1961039338548951,0.23577404,1.5847988,0.4896369,1.330936
solar,0,44800,45376,0.9897420530899088,0.1815291242625495,0.05264616,0.077414036,0.029006004,0.0042381287
solar,22,48128,50432,0.9897393912152288,0.1436623385507857,1.5135126,0.363338,1.9109302,0.76075554
solar,106,45696,51456,0.9897386044763644,0.1184564401121574,0.85080266,0.9800594,0.46040463,0.58966136
solar,39,42560,48320,0.9897344575153724,0.2199447234601925,0.1469984,0.39582348,0.20568895,0.45451403
solar,52,45504,50112,0.9897337633537736,0.1864589052437266,0.25428438,0.36911964,0.029352665,0.0854826
solar,82,42624,47232,0.9897287466014664,0.2474339898664145,0.11048889,0.079714775,0.0036935806,0.027080536
solar,22,45568,46144,0.98972324704031,0.1402475008961422,1.4494276,1.2630606,1.0145388,0.82817173
solar,47,42560,43712,0.9897026239022856,0.1386545169685363,0.16865635,0.35825825,0.22649765,0.30041695
solar,88,42560,45440,0.9896894257500932,0.208631747722088,0.02273798,0.03859806,0.13354635,0.07221031
solar,96,42176,43904,0.9896871765486712,0.2714966375393465,3.525588,0.78851795,3.5179338,0.78086376
solar,OT,43200,43328,0.9896783895198455,0.2633077574420054,0.4450469,3.4148269,0.08988953,3.0596695
solar,44,42112,48448,0.9896757826533475,0.2295169989710808,0.3714385,0.24134827,0.3984952,0.26840496
solar,124,47424,49152,0.9896744997825871,0.2878122524323863,0.38776588,0.52675676,0.25905657,0.39804745
solar,47,44352,47232,0.9896568472059,0.238557316857676,0.04675007,0.5522709,0.076402664,0.6754236
solar,OT,43776,45504,0.9896470612579557,0.0381013391887439,3.1473136,0.67638445,3.3067613,0.8358321
solar,10,48448,50752,0.9896391472293632,-0.0885607212091246,0.124423504,0.512023,0.24272299,0.14487648
solar,131,49408,50560,0.9896382767104188,0.0727673524049069,0.027797222,0.24321032,0.11134148,0.32675457
solar,68,42560,50048,0.989635258781258,0.2865692735860449,0.10894537,0.50464916,0.18908262,0.5847864
solar,129,43200,51264,0.9896339128709511,0.2951138191430213,0.026773453,0.5887742,0.42155266,0.193995
solar,86,46144,48448,0.9896334878161788,0.2410469102303305,0.12006712,0.2068181,0.046353817,0.37323904
solar,106,43904,44480,0.98963215718493,0.1210270617097664,0.10576105,0.90033674,0.3532939,0.4412818
solar,126,42176,42752,0.9896314965604024,0.2532693043074333,1.1022315,0.20752144,1.0919962,0.21775675
solar,123,43200,45504,0.9896208930563456,0.2526607426819563,0.2418809,0.49754047,0.22936296,0.5100584
solar,27,46656,47808,0.9896096054481812,0.2228223142130344,0.015546799,0.43675518,0.042256832,0.41004515
solar,37,50176,51904,0.9895995801449052,-0.0901883627257333,0.32352495,0.23135996,0.34757948,0.2554145
solar,12,42048,51840,0.9895883377775267,0.2345514873928902,0.44835758,0.23673725,0.5982404,0.08685446
solar,69,46400,50432,0.989587640986964,0.1777297537356097,0.45962906,1.1284986,0.4602394,1.1291089
solar,10,47232,50112,0.9895840528570056,0.1025309347093569,1.7606654,0.47233868,2.0426831,0.7543564
solar,133,50048,50624,0.9895703724565028,0.1772648290363788,1.1160135,0.18460417,1.1757402,0.12487745
solar,131,50176,50752,0.9895694823635784,0.1594128039604776,0.12765217,0.68734455,0.3787918,0.18090057
solar,32,48832,50560,0.9895610200646734,0.226054072861072,0.12489176,0.011493683,0.12417078,0.26055622
solar,74,42816,45120,0.9895506536655012,-0.1573633572185831,1.2627411,0.31302023,1.3550911,0.22067022
solar,80,49408,50560,0.9895446915423156,-0.0656173476652558,0.2282939,0.17413092,0.06988573,0.33253908
solar,112,43136,50048,0.989543292237149,0.2103527342636161,2.1314373,0.03694725,2.4895415,0.32115698
solar,34,46528,52288,0.9895397115871372,-0.0150614735410765,0.42036486,1.4697418,0.103758335,1.1531353
solar,3,42176,49664,0.9895382763717936,0.1593572206409456,1.4720125,0.37519503,1.6299801,0.21722746
solar,31,43776,51840,0.9895345274838367,0.2880653447624088,3.1333027,0.04540205,3.2695842,0.18168354
solar,34,42240,52032,0.9895285922687448,0.197872028978889,0.65637445,0.4524622,0.23011303,0.026200771
solar,97,42368,49280,0.9895170412757196,0.2849308542379976,0.3244834,0.578228,0.11517048,0.13857412
solar,58,42560,47872,0.9895125955712106,0.1302174753235523,0.22172546,1.0705514,0.39164448,0.9006324
solar,29,42560,50624,0.9895112132821006,0.2857210720791482,0.20521212,0.21498537,0.33673906,0.08345842
solar,84,42496,44224,0.9895054355623022,0.0566687194271762,0.032629013,0.68686914,0.17598104,0.5435171
solar,60,42752,47360,0.989501152650165,0.2971669504244225,0.114177704,0.6741066,0.4377818,0.3505025
solar,99,47680,52288,0.9895007508574392,0.2697438213484527,0.28694963,2.440814,0.600358,2.7542224
solar,11,43776,47232,0.9894937575345172,0.2699541140784398,0.01651144,0.047801018,0.10621977,0.17053223
solar,79,46272,48576,0.989490273750148,0.2841521915210199,0.18254757,0.65667534,0.12783718,0.7113857
solar,79,42496,50560,0.98948240123201,0.1194339330536583,3.0077996,0.56623936,2.8582292,0.4166689
solar,66,44288,49472,0.9894700798041228,0.0836135479035578,0.13921261,0.24849367,0.0848999,0.30280638
solar,100,48896,49472,0.98946263182836,0.1526487271282574,0.08235407,0.8647585,0.30829096,0.6388216
solar,78,47808,51264,0.9894314883426508,0.2108409863287134,2.400045,0.5435996,2.7117152,0.8552699
solar,32,43776,50112,0.989428172996637,0.2044416031124444,3.1828618,0.5320816,3.4317307,0.78095055
solar,111,45568,47296,0.9894270360238008,0.2840788668343952,0.09807491,0.11289644,0.14161825,0.3525896
solar,23,42624,48384,0.9894241720715636,0.284048486799592,0.6858821,0.08621025,0.4774208,0.29467154
solar,77,48256,48832,0.9894102853472692,0.0648238664519783,0.25864267,0.5900912,0.25204325,0.5834918
solar,1,44352,49536,0.989391714024906,0.2409974063348911,0.015207291,2.0530715,0.19834042,2.2362046
solar,38,42176,42752,0.9893771608968902,0.2806943494259362,0.8161063,0.7849045,0.72454786,0.693346
solar,130,43712,48320,0.9893595040971492,0.0392825348234435,0.32923126,0.26293612,0.47694302,0.11522436
solar,17,43200,51840,0.9893518355631606,0.0304206570737227,0.3101611,0.15044165,0.44912815,0.011474609
solar,8,44288,48896,0.9893462266400168,0.0382867022691004,0.0791111,0.19002628,0.12591696,0.14322042
solar,71,42752,47936,0.989343058124214,0.2695546829474807,0.006772995,0.28380346,0.15608072,0.120949745
solar,123,42752,51392,0.989322692872406,0.2604011480682415,0.6144309,0.027008533,0.66035557,0.0729332
solar,46,44928,51840,0.9893204890448396,0.2909280311891163,0.7894664,2.0522661,0.40492392,1.6677237
solar,39,42496,47104,0.9893120215445962,0.1898033691706933,0.09838867,1.0219188,0.18214035,0.74138975
solar,53,47296,48448,0.989300504265228,0.2996244137973962,0.18786764,0.076681614,0.14157104,0.12297821
solar,135,42688,50176,0.98929981077196,0.1357734325785567,0.7912669,0.65107584,0.34544563,0.20525455
solar,4,45504,50688,0.989286877545553,0.2882226037244908,0.24386168,0.50841284,0.066110134,0.19844103
solar,104,47744,49472,0.9892825459462816,-0.0042119745166407,1.2742023,0.19286871,1.4257431,0.041327953
solar,70,47552,50432,0.9892816909501068,0.1933376675940217,0.2233944,0.5542793,0.025037289,0.35592222
solar,17,44864,47744,0.9892805357905874,0.1275479005635802,0.18911886,1.5659509,0.23069906,1.146133
solar,99,46016,49472,0.9892719034714832,-0.1137166641414098,0.01700735,1.4133086,0.32986832,1.066433
solar,52,42048,51264,0.9892712022099552,0.1959614830174239,0.23926544,0.1815772,0.20889425,0.15120602
solar,116,42240,49152,0.9892576081497548,0.2583229320358813,0.25276184,0.71232796,0.071121216,0.8939686
solar,96,46528,47680,0.9892557352444252,0.0341601347278164,1.0076547,1.4755735,0.90574884,1.3736677
solar,21,42624,49536,0.9892524327099153,0.2168953028515245,0.24740934,2.8171058,0.3101163,2.8798127
solar,26,49472,52352,0.9892427305990952,0.283029158867914,0.01675558,1.7567396,0.20020533,1.5732899
solar,47,44224,47680,0.9892356442075568,0.0555176304644894,0.57724667,1.1361566,0.25759077,0.81650066
solar,58,48320,52352,0.989227053531056,0.1807369033471294,0.08484554,3.0914927,0.30594444,2.8703938
solar,25,45120,50304,0.9892083429904398,0.1037304777612454,0.14190769,0.32126713,0.21657038,0.03721094
solar,93,44288,47744,0.9892032826707936,0.1940075275895776,0.2298131,1.8647838,0.4792962,1.6153007
solar,81,46848,51456,0.9892031558112216,0.2093975377058564,0.45474577,0.24443007,0.1667881,0.043527603
solar,133,43520,47552,0.9891887267328224,0.2945876143460673,0.065022945,1.3448858,0.12669182,1.1531711
solar,46,46592,52352,0.9891843340552372,0.1415131971958813,0.09523916,0.61754847,0.28441572,0.4283719
solar,4,42624,44928,0.9891769203742362,0.138304113492656,0.34514952,0.045048714,0.38597107,0.0042271614
solar,54,46848,50304,0.989162454685402,0.2116566819238968,0.15870571,0.0035729408,0.22689724,0.06461859
solar,OT,45376,46528,0.9891618802134696,0.1061821245891773,0.20701456,0.9750037,0.15227842,0.61571074
solar,34,44096,47552,0.9891453841758396,0.1604140907681035,0.1863904,0.11089611,0.35729408,0.060007572
solar,101,44224,50560,0.9891354291879104,0.0953718594933273,0.5136914,0.43677616,0.57846165,0.5015464
solar,6,46016,49472,0.9891274539239734,0.0371497174105059,2.6977277,0.24803782,2.8824344,0.06333113
solar,104,46400,48128,0.9891250724638146,0.1027594367132371,0.7449107,0.3665576,0.7070799,0.32872677
solar,42,42624,46080,0.9891056172625944,0.2597698227645497,0.44813395,1.0926871,0.24327278,0.88782597
solar,32,42688,51328,0.9890966181452866,0.0710146570383898,1.157753,0.19274807,1.0355253,0.0705204
solar,85,42240,47424,0.9890964926660044,0.2726305824821032,0.30307317,1.0641038,0.5021086,1.2631392
solar,116,44224,47680,0.9890712622697736,0.0149827379306398,0.50533867,0.9703541,0.18903017,0.6540456
solar,126,42624,43200,0.9890711207403322,0.1262217789918801,1.1466575,0.019557476,1.4294462,0.30234623
solar,98,45440,47744,0.9890685755389764,0.1155740246045215,0.20986748,0.63652706,0.36665916,0.47973537
solar,22,43264,43840,0.989067909369033,0.2585522705224405,0.45705175,1.3630829,0.23206425,1.5880704
solar,112,44096,49280,0.989067052567754,0.2998941194302607,0.09976101,1.3018279,0.41815948,0.7839074
solar,1,46656,47808,0.9890658424746528,0.1992640694528484,0.08728218,0.4212947,0.10111141,0.40746546
solar,39,42624,46656,0.9890559853567532,0.2323768583716349,0.097928524,2.3508034,0.07979393,2.368938
solar,0,42560,47168,0.9890345075461132,0.2800961024395743,0.35071802,0.8452358,0.41578484,0.91030264
solar,109,49472,52352,0.9889935611897696,-0.1775084954545678,0.115060806,2.677544,0.22523737,2.337246
solar,122,48384,50112,0.9889918617239168,0.2924225537769594,0.21516037,2.7874932,0.093933105,2.9087205
solar,32,43520,48128,0.9889821636985348,0.2231473397973431,2.4698076,0.27171135,2.3607278,0.16263151
solar,127,49664,50240,0.9889648192787832,0.2454776663692028,0.18137217,1.7580075,0.5155368,1.4238429
solar,59,44544,47424,0.9889556807390782,0.2977353524145451,0.51361895,0.12955046,0.70458937,0.32052088
solar,75,42624,50112,0.9889409017812196,0.1772138455211791,0.9297013,0.23454142,1.2107873,0.5156274
solar,64,43840,46144,0.988936968638928,0.2765212473845044,0.6640172,0.29319477,0.71982956,0.34900713
solar,84,48256,52288,0.9889343559243284,0.2428447969401337,0.025438309,2.4428496,0.18438292,2.2330284
solar,40,44352,48384,0.98893025133732,0.126533526037252,0.5660887,0.31952953,0.7135086,0.1721096
solar,38,48320,52352,0.9889220966802617,0.2162871403578985,0.08969784,3.078668,0.40534496,2.763021
solar,106,42496,48256,0.9888943218245172,-0.1798362100592566,0.35186672,3.1980586,0.4279089,3.2741008
solar,129,43392,47424,0.9888920063522924,0.2533193614960592,0.44564915,0.9406986,0.048485756,1.4348335
solar,112,45568,47296,0.9888917087775286,0.1593124855746195,0.13763142,0.5290222,0.24447489,0.42217875
solar,82,46976,50432,0.9888786819600828,0.2794874803272911,0.4414916,1.8831925,0.5116315,1.9533324
solar,81,49408,50560,0.9888760426589184,-0.0743571843123014,0.16723633,0.30122232,0.011841774,0.12214422
solar,135,44928,51840,0.9888746927081786,0.1596851254134826,0.50029516,1.8885965,0.5434027,1.931704
solar,24,42624,51840,0.9888705861743928,0.2448300766281348,0.6388898,0.04007101,0.8381858,0.23936701
solar,20,44416,51904,0.9888652654719604,0.1431331996997291,1.5159006,0.049356937,1.3480148,0.11852884
solar,51,44224,48832,0.9888628504919286,0.0367128616386251,0.018748283,0.037707806,0.028680801,0.009721279
solar,100,45632,47360,0.988855593424072,0.2458665643701751,0.5103617,0.10634422,0.45850754,0.15819836
solar,49,45568,47296,0.9888488089430636,-0.041116915223884,0.13957071,0.029072285,0.40235233,0.23370934
solar,77,44224,50560,0.9888344027316434,0.2001767298474058,0.20811939,0.92899656,0.04284239,0.76371956
solar,57,45504,51840,0.9887958446820984,0.2682228728995781,0.7688961,2.0455976,0.64481926,1.9215207
solar,83,44224,49984,0.9887851574223732,0.1589819617940885,0.1521101,3.732418,0.22842646,3.8087344
solar,119,44864,50624,0.9887777298645634,0.0960875683442907,1.0567913,0.2515192,1.1269217,0.18138885
solar,35,44928,45504,0.988757713548494,0.1893755529061061,0.29099274,0.52351904,0.099936485,0.3324628
solar,4,44480,47936,0.9887554002249908,0.2654183791201561,0.7113681,1.5045376,0.540009,1.3331785
solar,129,42560,49472,0.9887384483481244,0.1038569717591417,0.10342407,1.1365576,0.1680026,1.071979
solar,120,48896,51200,0.988732431137796,-0.3913780052181166,0.09203863,2.7866158,0.24554443,2.63311
solar,56,43840,48448,0.9887301827243418,0.2523673176252104,0.3079915,0.34527063,0.4784851,0.17477703
solar,OT,45440,50048,0.9887298229255946,0.2658525000868144,0.11581659,0.54082537,0.16417217,0.4924698
solar,10,46016,51200,0.9887201369557448,0.2259982268487377,1.9149709,0.09975958,2.3238387,0.30910826
solar,29,46528,48256,0.9887133936476482,0.1682782898677544,3.9099154,0.14505911,4.1089253,0.053950787
solar,117,44096,49280,0.9887109146282584,0.2166965559091505,0.59597254,1.9394984,0.07109928,1.4146252
solar,2,49536,51264,0.988709532259142,0.1929942299722088,0.09152603,0.63933086,0.20507479,0.5257821
solar,16,44992,50176,0.9887068599005197,-0.2058160055265031,0.57641983,0.9061041,0.2623453,0.5920296
solar,46,42624,46080,0.9887066412075924,0.2455271187922588,0.94809294,0.0015540123,1.2652612,0.31872225
solar,125,44224,50560,0.9886987867370052,0.2802492593113796,2.0282888,0.6103234,1.9511905,0.53322506
solar,79,44416,48448,0.9886944548544772,0.2214727542470058,0.19657898,0.1827259,0.34711027,0.032194614
solar,37,42624,49536,0.9886869277433054,0.2834425800005575,0.012850285,1.3528585,0.11732054,1.2483883
solar,35,44736,47040,0.9886843430190831,0.297824659231083,0.3623023,0.15832329,0.5149894,0.005636215
solar,130,42112,45696,0.988684325738022,0.282765764925257,0.3798337,0.33217,0.5212774,0.47361374
solar,95,43200,47808,0.9886778659593664,0.2791330497009629,0.64887285,2.324316,0.17404652,1.8494897
solar,0,49984,52288,0.9886766643505432,-0.0907449999714788,1.3669338,0.024282455,1.7189593,0.37630796
solar,105,43520,49280,0.9886711531189126,0.2820424890401127,1.4826956,0.5176668,1.1007719,0.13574314
solar,14,44544,49152,0.9886651536425692,0.2455968924061868,0.71274805,0.035252094,0.89159775,0.1435976
solar,8,42240,52032,0.9886650983605416,0.188918971425961,0.4412079,0.21383667,0.08898544,0.13838577
solar,77,46080,50688,0.9886647773174708,0.2038208274200566,0.033155918,1.4956012,0.22196484,1.3067923
solar,26,49280,49856,0.9886621361957344,0.24856712144603,0.27159452,0.9146633,0.04571581,0.6887846
solar,60,44352,47680,0.9886560978829668,-0.2443210295357567,0.44219732,0.3568926,0.44543648,0.36013174
solar,84,42240,50304,0.988654922258798,0.2292716638879016,0.15224886,0.9235792,0.17320585,0.9026222
solar,7,45120,46272,0.9886433656771616,0.1777694188553221,0.21050978,0.098136425,0.1852274,0.12341881
solar,65,49472,51200,0.9886244607759928,0.0818149710168783,0.23316526,3.0890365,0.4488821,2.8733196
solar,82,46080,49536,0.9886240541852072,0.2514319473142484,0.2505622,2.0235353,0.09416723,1.8671403
solar,15,48256,48832,0.988613364010324,0.2550910486416997,0.44530106,0.48179388,0.37080097,0.4072938
solar,54,43520,49280,0.988613303900959,0.2495368090735898,0.072098255,0.21811867,0.3458538,0.055636883
solar,13,42240,50304,0.9886011419043816,0.2123397402330529,0.3623352,0.82978487,0.051523685,1.1405964
solar,83,44864,46592,0.9885823248273534,0.2819626905240251,0.15686989,0.21497726,0.05171585,0.0063915253
solar,7,43264,45568,0.9885822265709626,0.2310001121977706,0.3768742,1.0891738,0.012112379,1.4781604
solar,57,44288,48896,0.988546551116418,0.2837571925299567,0.1987648,1.6570244,0.38926125,1.4665279
solar,129,47808,50112,0.9885453247397308,-0.036923436600244,1.0132847,0.5390568,1.1319137,0.65768576
solar,83,50176,50752,0.9885278485801328,0.0259302898004942,0.12466431,0.18370056,0.550653,0.60968924
solar,87,45504,48384,0.9885043871112664,0.1409406958855927,0.61797047,0.091585636,0.6703243,0.039231777
solar,123,44288,48320,0.9884832126141986,0.1820193391282064,0.18109512,0.027781963,0.28932667,0.08044958
solar,64,48896,50624,0.988482920711169,0.2907271424848466,0.40534782,0.27133656,0.52552605,0.15115833
solar,1,46080,50112,0.9884828420129544,0.2434326675740088,0.41591215,0.2349801,0.6150799,0.035812378
solar,76,45120,45696,0.9884780679247198,0.0533088535553856,0.050243855,0.2186017,0.032408714,0.30125427
solar,115,44416,46720,0.9884701494441208,0.028839801239602,0.13231897,0.13639736,0.39892578,0.13020945
solar,119,46848,50304,0.98845404403674,0.2843020477215881,0.07079983,0.06184292,0.053180218,0.062137127
solar,38,43968,50304,0.9884536286149378,0.2670390913956323,0.8894501,0.30135536,0.935812,0.25499344
solar,129,50176,50752,0.9884408270069488,0.0161394288719345,0.11428881,1.2504706,0.027281046,1.3920405
solar,77,42176,45056,0.9884350789835312,-0.1027128617543024,0.5306802,0.5110502,0.87802315,0.16370726
solar,49,47104,47680,0.9884186656730748,0.1666036588423614,0.51605463,0.17371511,0.32082033,0.021519184
solar,4,42176,45056,0.9884146429166644,0.2828182689856459,1.6931872,0.7924466,1.8413601,0.94061947
solar,5,44096,50432,0.988387761551103,0.2984428790709981,0.02951336,1.0446978,0.47959518,1.5538063
solar,101,43840,47296,0.988380636104274,0.2088702979083985,0.073287964,0.025825977,0.02786827,0.12698221
solar,107,43776,50112,0.9883705867584004,0.2785747441522171,2.6134915,0.5422659,2.8646193,0.7933936
solar,40,43648,47104,0.9883487675302104,0.0281678187035836,0.122297764,0.14962482,0.235497,0.20816994
solar,96,42496,45376,0.9883476032939588,-0.1211039943067719,0.4650178,2.7499437,0.034282684,2.3192086
solar,26,46144,47296,0.9883398452436138,0.1799669430939712,0.23699284,0.46056128,0.49062014,0.7141886
solar,105,46144,49600,0.988335235451513,0.2245087511915026,0.08004475,0.6186862,0.18607664,0.7247181
solar,41,43712,49472,0.988330723032928,-0.2315687044110621,1.4216943,0.27925014,1.7278795,0.0269351
solar,85,48832,50560,0.9883150604689512,0.2940409229481161,0.008797169,0.5416627,0.31798172,0.8684416
solar,88,47168,48896,0.9883027707791244,0.2978585026832797,0.22193289,1.229301,0.43401527,1.0172186
solar,13,42176,45632,0.9883024328481376,-0.0210762725233901,0.0091814995,1.1270494,0.4545226,0.68170834
solar,67,44736,45888,0.988300831594522,0.2209268694564507,0.3393507,1.1015415,0.5043168,0.9365754
solar,134,46720,49024,0.9882963476219092,0.1021167942529143,0.21047926,0.33532763,0.2958746,0.24993229
solar,88,46656,48384,0.9882922797890884,0.2628538753435731,0.44335508,0.31004524,0.6839709,0.0694294
solar,124,47552,49280,0.9882794197406788,0.2889489443403648,0.17282963,0.046970844,0.2085166,0.082657814
solar,30,43712,47168,0.9882766967292872,0.2983136901243673,0.1818223,0.1099,0.31816196,0.24623966
solar,87,43200,50688,0.9882696893798192,0.2496167645583768,0.5373604,2.4451482,0.11711311,2.024901
solar,127,50432,52160,0.9882685044401044,0.0601084786966061,1.3408709,0.09963417,1.3585696,0.117332935
solar,33,44544,48576,0.988266611926186,0.2860069497508172,1.051404,0.1620307,1.3922572,0.17882252
solar,74,47680,50688,0.9882597684734036,0.2656095050055537,0.305542,1.6333394,0.4703145,1.7981119
solar,39,49984,50560,0.988257468621197,0.242589068328284,2.7963324,0.41871834,2.726769,0.34915495
solar,96,44288,50048,0.988248047018439,0.1407640153777286,0.3868208,0.872437,0.45851707,0.9441333
solar,126,46144,48448,0.988246650010696,0.2366699003604394,0.17154694,0.2678256,0.39799786,0.49427652
solar,121,42624,45504,0.9882465623397892,0.2330115539531631,0.5248451,0.045670986,0.48220968,0.08830643
solar,105,43264,50176,0.9882325440977094,-0.0623833417734583,0.033154488,0.189085,0.048750877,0.27099037
solar,6,43520,47552,0.9882166859382592,0.2903673700379015,0.3645234,1.1318202,0.045768738,0.72152805
solar,96,43840,44416,0.98820684404321,0.2137466258608105,0.095368385,0.012720108,0.007958412,0.074689865
solar,126,43904,45056,0.988203751669378,0.2374148899854698,0.54147387,0.5580559,0.96278334,0.1367464
solar,117,48448,49600,0.9881997155045044,0.2798010552419025,0.00095176697,0.6383219,0.19576502,0.44350863
solar,73,42496,45376,0.988199221237398,-0.1515300598874658,0.41460848,3.4899588,0.46123266,3.536583
solar,72,48832,50560,0.9881937813950936,0.0683644660270662,0.17860651,0.06789732,0.10420513,0.006504059
solar,28,42624,49536,0.9881792724776036,0.2864438237701547,0.38435268,0.016471386,0.28089094,0.08699036
solar,87,42560,43136,0.9881777229943992,0.1461547273448543,0.16064167,3.2987547,0.33648348,3.122913
solar,50,48832,49984,0.9881710490520464,0.1620405481699513,0.28539705,1.2786922,0.60792255,1.6012177
solar,43,43712,49472,0.9881705667587788,0.095861570312753,1.2702413,0.33952665,1.5784335,0.0313344
solar,75,44928,47808,0.9881694191961138,0.2463117483787891,0.71356106,4.3958693,0.24223518,3.9245434
solar,37,48960,52416,0.9881486280475488,0.2920640776615183,1.5013409,0.32535505,1.7907648,0.03593111
solar,85,44096,48128,0.9881437609588788,0.1500306267384219,0.1193676,2.7092872,0.033558846,2.5563607
solar,89,44544,46272,0.9881429920831886,0.2926226837770929,1.4229925,0.062162638,0.91815186,0.44267797
solar,131,49472,52352,0.9881394996128064,0.2041595251539821,0.020350933,2.5372229,0.196558,2.320314
solar,95,44544,45568,0.9880850472035664,0.2467038655495448,0.52689075,0.324131,0.34523487,0.14247513
solar,60,47168,48896,0.9880824561807444,0.2661044103613422,0.14247704,0.345119,0.22714043,0.2604556
solar,131,44544,48576,0.9880780817777528,-0.0558476001827361,0.49324036,0.29770613,0.2553091,0.059774876
solar,100,43520,48704,0.9880777669119422,0.1489330890038258,0.046028614,0.91254234,0.30682802,0.5596857
solar,97,43392,45120,0.9880636137454576,0.2126771598554178,0.21519661,0.1282053,0.036208153,0.37961006
solar,101,43200,51840,0.9880522611330737,-0.0915649940860086,0.06068945,0.35687494,0.5124178,0.0948534
solar,109,48896,50624,0.9880097058513866,0.189811572596034,1.7467628,0.28357792,2.0013514,0.028989315
solar,93,50112,51840,0.9880006643973182,0.1549720181174936,0.49978304,0.009944439,0.79501104,0.28528357
solar,47,43520,48704,0.9879984774844928,0.2828954351044415,0.241992,0.73363876,0.060751915,0.43089485
solar,116,43520,47552,0.9879977792144364,0.1612101721519357,0.3025484,0.96165323,0.10360813,0.5554967
solar,45,46208,50816,0.9879970565772428,0.2560728408644519,0.49325562,0.39921093,0.4785862,0.3845415
solar,5,45568,46144,0.987994585692346,-0.149699018920561,0.2676854,0.09857273,0.23793793,0.068825245
solar,95,49984,50560,0.9879936697262206,0.180531212886385,2.7939653,0.4429865,2.7039418,0.35296297
solar,38,44096,48128,0.987992377003366,0.1795997386084349,0.25182724,2.3314052,0.11596155,1.9636164
solar,3,44224,48832,0.9879919405270164,0.224439462858604,0.14648104,0.16315699,0.09800577,0.21163225
solar,99,44928,50112,0.9879831601687258,0.0950135773202033,0.3290248,0.016890526,0.25097322,0.06116104
solar,121,44544,45120,0.9879796816101736,-0.0067771333223096,0.8088074,0.15111923,0.39674473,0.2609434
solar,14,47168,48320,0.9879794742181778,0.2922787379235923,0.35033035,0.24525404,0.5293546,0.06622982
solar,31,44352,51264,0.9879730868948994,0.2533436905171429,0.13045597,0.452075,0.52961063,0.85122967
solar,20,42624,49536,0.9879710977204246,0.2339778358373668,0.10624981,2.382884,0.07242584,2.416708
solar,67,47104,47680,0.9879708530909824,0.2867763840676073,0.028756142,0.18104601,0.14181232,0.2941022
solar,134,46400,47552,0.98795864338114,0.0913063190021718,0.027613163,0.5363989,0.051509857,0.5125022
solar,42,46592,48320,0.9879569528732078,-0.0710212858749383,0.39283228,0.34706783,0.5748062,0.1650939
solar,46,43520,47552,0.9879543484191792,0.2794602874680035,0.098139286,1.0189996,0.22312403,0.69773626
solar,66,51200,52352,0.987954076291117,-0.2119893324092999,0.583951,0.1528225,0.6513901,0.085383415
solar,10,49472,52352,0.9879436433259136,0.1699334240674092,0.07626057,1.8098474,0.07676506,1.6568217
solar,109,43968,45696,0.9879396248497796,0.1190021624473565,0.33095598,0.21740437,0.53174114,0.016619205
solar,75,44416,48448,0.987936835911238,0.157997099422475,0.36262035,0.17097807,0.115941525,0.07570076
solar,56,46528,50560,0.9879283724387096,0.1490116556796535,2.6433802,0.49399567,2.3671165,0.21773195
solar,41,50176,51328,0.9879274424463012,0.2782801631731788,1.1467562,0.09711599,1.4158227,0.36618257
solar,101,47872,49600,0.9878872538601248,-0.178929237217141,2.53124,0.1595397,2.7364917,0.045711994
solar,116,44928,48960,0.9878824594163536,0.259860730622292,0.7148905,3.2683043,0.39733124,2.950745
solar,30,50816,51968,0.987872478813972,0.2920208721943609,1.5829506,0.18238688,1.6456099,0.24504614
solar,12,42112,47872,0.9878574555715468,-0.3530627948389893,0.08194685,0.12074375,0.20427799,0.16548109
solar,17,43648,48832,0.9878549397864944,0.1712999102378379,0.34302807,0.029259205,0.26278543,0.10950184
solar,1,50176,50752,0.9878504321393898,0.2826834000625211,0.08616066,0.4993539,0.293684,0.87919855
solar,83,43776,46080,0.9878491697943296,0.0672395943996399,1.5734272,0.30206108,1.7960548,0.07943344
solar,87,44096,50432,0.9878483113901604,0.2207647453292688,0.13616562,0.7611308,0.2724495,0.62484694
solar,132,42240,50304,0.9878467674255872,0.1724120101632828,0.18332171,1.121449,0.06767297,1.2370977
solar,66,46528,47104,0.9878456054155704,0.0446548454705812,0.29427242,0.56532764,0.09539938,0.3664546
solar,1,47744,49472,0.9878441269573692,0.181929286737424,0.112933636,1.4146199,0.18107271,1.1206136
solar,22,42496,45376,0.9878427897343453,-0.1079694484134419,0.94630384,2.7169995,0.7353878,2.5060835
solar,9,43648,50560,0.9878378077434428,0.2540782555613329,0.28071642,0.3066616,0.37351036,0.39945555
solar,99,45504,48384,0.9878219367869444,0.2583019165531867,0.7569437,0.47133636,0.14487267,0.14073467
solar,59,43520,47552,0.9878187276637154,0.2520793365249617,0.051502705,1.2385302,0.49086714,0.6961603
solar,45,43840,47296,0.9878048076676051,0.2531371184479896,0.17623377,0.1748538,0.2687626,0.08232498
solar,80,42240,47424,0.9878044340653132,0.0620125145134349,0.10246277,0.21869135,0.29662514,0.41285372
solar,135,42752,45632,0.9877979171044758,0.2433092726250315,0.38798332,1.1077867,0.54196596,1.2617693
solar,116,43264,49600,0.98779732353464,0.2197503016396469,0.45568848,1.7981696,0.04095912,2.2948172
solar,45,45504,51840,0.9877914861709288,0.2336160827719191,0.5886111,2.4172869,0.71319103,2.5418668
solar,133,47680,48256,0.9877814524176728,0.2385070258202778,0.26613808,0.32931185,0.62556124,0.030111313
solar,126,43712,44288,0.9877811294691002,0.285356267761598,1.4267454,0.4756751,1.6923046,0.21011591
solar,89,43520,47552,0.9877809459060892,0.2989744974991379,0.10239935,0.61738205,0.011064053,0.70871735
solar,3,44800,45376,0.987779510597083,0.2985364795195976,1.7831769,0.070374966,2.1251307,0.41232872
solar,8,44928,48960,0.9877786429546552,0.2538818082102325,0.81156397,2.9564986,0.50695705,2.6518917
solar,18,44096,52160,0.9877785882756416,0.2470623266413982,2.9537911,0.15348577,3.1453362,0.34503078
solar,98,46592,52352,0.9877669634924024,-0.0884042773180535,0.008597851,1.2843299,0.40229368,0.87343836
solar,19,42624,52416,0.987756158943594,0.1056863096876551,0.2320075,2.5190277,0.06226921,2.8133044
solar,55,46016,51776,0.9877372172083864,-0.2321306970187913,0.030303001,0.19613552,0.11798382,0.0478487
solar,49,47744,50048,0.9877270235690724,0.2698636329977159,2.1765885,0.022632599,2.422803,0.22358179
solar,101,44928,51264,0.9877151416230644,0.0350552286379901,0.18728352,0.1630435,0.44829893,0.097971916
solar,48,49408,49984,0.987699871184178,0.0770706578236494,0.30647516,0.6650739,0.51528597,0.8738847
solar,81,47104,48832,0.9876792317902752,0.2150508196246584,1.2923422,0.31671095,1.261312,0.28568077
solar,80,44864,52352,0.9876679572934975,0.1279557855609765,1.0212116,0.07910299,1.2390718,0.2969632
solar,27,47744,50624,0.987665780097464,0.2702771493176449,2.1366448,0.33330727,2.290852,0.17910004
solar,99,48832,50560,0.9876630056893292,0.126135063122213,0.27229786,0.2395773,0.26088524,0.22816467
solar,58,47104,49984,0.9876573109762786,0.1264791909235902,0.4666624,2.789218,0.47814083,2.8006964
solar,83,42624,47232,0.9876571135753226,0.2082544373463212,0.06585884,0.43863392,0.063734055,0.4407587
solar,54,48896,50048,0.987644211934186,0.1331639834401251,0.027086735,0.49940538,0.3058567,0.22063541
solar,29,44928,46080,0.9876182133878102,0.2231479843180156,0.33298206,1.0458679,0.08595848,0.6269274
solar,0,48896,50048,0.9876043754275338,0.1906745328583985,0.6024122,0.6910558,0.71501446,0.803658
solar,114,44288,46016,0.9875978157026528,0.1194821669965306,0.05776167,0.12872171,0.07712507,0.14808512
solar,68,42240,42816,0.98759509248425,0.2917281975129313,1.1274385,0.92060804,0.92481136,0.71798086
solar,90,44288,46016,0.987587998385787,0.1240272737797158,0.07856655,3.4106517,0.27876663,3.2104516
solar,107,47104,49984,0.9875590562670464,0.2790105920551871,0.34423828,2.7308397,0.49400997,2.8806114
solar,40,43776,48960,0.9875295053613674,0.2679637050560675,0.12021732,1.5193229,0.27844,1.3611002
solar,OT,46400,48128,0.9875001432164964,0.0508027988063942,0.18192577,2.3441849,0.14134836,2.0209107
solar,74,43968,45696,0.9874853060059542,0.1877319426276754,0.16629171,0.1925888,0.5017948,0.5280919
solar,133,42048,43200,0.9874623665207738,0.1796180703691339,0.26413155,0.24581003,0.58669996,0.076758385
solar,37,46592,48320,0.987455516911234,-0.2031172576477831,2.757699,0.12712717,2.764614,0.13404226
solar,73,43328,44480,0.98745408244916,-0.0437276670244703,2.7211766,0.19762325,2.948206,0.42465258
solar,49,46208,49088,0.987449957229094,0.2599864370861618,0.49699974,2.8465452,0.14621639,2.4957619
solar,68,46016,50624,0.9874486677221688,0.0160803091653612,2.8898926,0.5291095,3.0643253,0.70354223
solar,89,48832,50560,0.9874411245254032,0.2735754048223925,0.03981495,0.032042503,0.11872196,0.12649441
solar,116,44864,49472,0.987438961019735,0.1278552478399413,0.06608534,0.45192575,0.20107794,0.18476248
solar,9,44288,46592,0.9874378172738824,0.1578350226781182,0.16618872,1.8014007,0.45619297,1.5113964
solar,53,42688,44416,0.9873763961650284,0.2562570363700945,0.06927633,0.576612,0.13355589,0.51233244
solar,106,43968,44544,0.9873745041332082,0.2365125774690677,0.2374425,0.2699542,0.07778025,0.42961645
solar,106,45120,49152,0.9873614498201017,0.2980280503647059,0.023126125,1.2248316,0.23076153,1.0171962
solar,89,45120,48576,0.9873487713741363,0.2589840027192936,0.13348341,0.33955288,0.14084482,0.6138811
solar,37,42688,48448,0.987346969189121,0.1913253534526948,0.21785021,0.25269175,0.37692118,0.09362078
solar,29,42240,49152,0.9873352236851396,0.2060606341090327,0.42035913,0.5603657,0.032728672,0.94799614
solar,31,47872,50752,0.9873201983905135,0.0793483051042679,0.36791468,0.10321617,0.5955677,0.124436855
solar,32,46528,48256,0.987319424849882,0.1392819180892362,0.3332839,0.18683338,0.46794128,0.052176
solar,109,45376,46528,0.9873087070196738,0.2653685784018521,1.666841,0.17943716,1.9509182,0.46351433
solar,49,46144,50176,0.9873086600043636,0.2594331281652648,0.08807993,0.36615086,0.13639593,0.41446686
solar,82,45312,51648,0.9872837439371492,0.1750415158840078,0.22150469,0.7705455,0.41040564,0.58164454
solar,84,45824,51008,0.9872630923096484,0.185149516609331,0.67333984,0.48597336,0.3629613,0.1755948
solar,104,44480,45632,0.987250901641938,0.2687240175052171,1.474206,0.84250116,1.9686179,0.34808922
solar,72,44800,51712,0.9872456489553392,0.1368108868973934,0.19419241,0.019415379,0.40624475,0.19263697
solar,24,42240,49152,0.9872329529198252,0.1550870339752576,0.07725191,1.020186,0.21254778,0.8848901
solar,37,46208,49088,0.9872287645178632,0.1581984380494757,0.012923241,0.51317596,0.3172493,0.18300343
solar,26,42240,49152,0.9872171570070206,0.2488613588720556,0.2794628,0.95269585,0.04854679,1.1836119
solar,45,45568,49600,0.9872164067133348,-0.3516078223894284,0.6471329,0.709486,0.7809949,0.843348
solar,101,42624,46656,0.987204251011646,0.2481203249518684,0.41930294,0.009126663,0.5152321,0.08680248
solar,50,48320,50624,0.9871972891775992,0.267622325562375,0.1526227,0.1024971,0.1584897,0.108364105
solar,OT,48448,50752,0.9871778405089916,0.0632236017854168,0.1184454,0.091909885,0.028353691,0.18200159
solar,18,45120,46848,0.9871776752763084,0.0974010686558388,0.24492598,0.106318474,0.17251992,0.5237644
solar,92,43264,45568,0.9871572261305008,0.2706201827432368,0.1356523,1.487345,0.16634846,1.5180411
solar,100,46208,49088,0.9871327372531232,0.2335816076126597,0.04514408,1.7098413,0.49392986,1.1707673
solar,129,44864,46016,0.9871319815143292,0.2994535744431424,0.48785543,0.35215664,0.12815142,0.0075473785
solar,3,42624,50112,0.9871314085851088,0.1478625280945596,0.14920473,0.029004097,0.79958105,0.6793804
solar,71,43776,48384,0.9871177489599892,0.1144947611058632,0.6821432,0.31039047,0.72226524,0.27026844
solar,41,42560,48320,0.9870634123680692,0.160932395112584,0.07588577,0.9565859,0.1952033,0.83726835
solar,13,45376,49408,0.9870568113354644,-0.0424524604434576,2.9865675,0.46131325,2.8415265,0.31627226
solar,62,46144,49600,0.9870564833536924,0.0691833593024351,0.28516722,0.5146446,0.39467907,0.6241565
solar,34,42752,44480,0.9870422670135496,0.0302500303476733,0.10737085,0.5163064,0.38144016,0.24223709
solar,63,48832,50560,0.9870203976352304,0.0947322692762748,0.14460945,1.199523,0.427433,1.4823465
solar,127,45952,50560,0.987019626525258,0.1334314192148394,3.3064408,0.38655853,2.9206157,0.00073337555
solar,41,42624,48384,0.9870158835723242,0.2951800908263559,0.13688326,0.183959,0.13533068,0.18551159
solar,127,43200,47808,0.9870082405509596,0.2614978077430199,0.6290159,3.1954856,0.22903824,2.795508
solar,89,47168,51776,0.9870052107378292,-0.0127245437624517,0.22282934,3.1587543,0.45686626,2.9247174
solar,44,48320,48896,0.9869991706770834,0.1339190440329744,0.085659504,0.46956015,0.21360207,0.34161758
solar,73,42752,51392,0.9869722435360306,0.2909170914320836,0.7077155,2.6212363,0.8728504,2.7863712
solar,130,47936,50816,0.9869713146785628,0.1549095404060343,0.053734303,0.31456995,0.19286633,0.06796932
solar,135,46080,48960,0.9869708131006752,0.2285081806131336,0.38287973,0.24543142,0.52580976,0.38836145
solar,11,43840,44992,0.9869573053979194,0.1056489313823962,0.65707207,0.20394659,0.37988758,0.073237896
solar,112,43520,47552,0.9869498176749386,0.2959236115038258,0.5082941,2.3597975,0.033267975,1.8847713
solar,130,43520,46400,0.9869294329556032,0.2597381264551415,2.1883612,0.74305487,1.7906055,0.34529924
solar,12,44544,45696,0.9869287788107478,0.1673806023583907,0.65209055,0.32638264,0.80987644,0.16859674
solar,104,48256,48832,0.9869277564196612,-0.0391203350497065,3.5196285,0.5204315,3.1830583,0.18386126
solar,92,43520,47552,0.986913569216586,0.1606495386126417,0.06812811,1.1635184,0.011095047,1.2205515
solar,54,42496,50560,0.986911991180287,0.2092809426528794,0.46872663,0.34673643,0.01777935,0.10421085
solar,126,44096,50432,0.9868814022416372,0.1614455061044052,0.51881886,1.2094374,0.19587898,0.8864975
solar,130,50176,51904,0.986870411323662,-0.0285648496138544,1.7983329,0.27145958,2.026943,0.5000696
solar,93,42752,46784,0.9868688086260858,0.1272640922591991,0.14037609,1.140481,0.5654249,0.71543217
solar,80,46592,49472,0.9868581038511032,0.0827791752492202,0.027064323,0.11224127,0.18706036,0.047754765
solar,94,42240,45120,0.9868541498493008,0.1560594092397075,0.13523936,0.44422078,0.26586986,0.5748513
solar,15,42432,51200,0.9868211515261088,0.1432542071730448,0.5895686,1.1222849,0.58589983,1.1259537
solar,134,43136,46592,0.9868054421913842,-0.1563671598198464,0.728426,0.2355299,0.8103366,0.15361929
solar,28,42560,44288,0.9867939523053736,0.2877664243258319,0.31683588,0.95332575,0.06446123,0.7009511
solar,129,45120,49152,0.9867867048364444,0.2778788872451906,0.029204845,0.25971413,0.111787796,0.17713118
solar,29,48896,51200,0.9867723535711042,-0.18780119479122,0.19312477,2.866187,0.01140213,2.6844645
solar,19,47104,52288,0.986770170719589,0.2253828620403104,0.28350163,1.6293569,0.4166956,1.7625508
solar,92,46144,47872,0.9867548769817353,-0.1665010185405925,0.26702356,2.0126357,0.039893627,1.7855058
solar,98,44480,48512,0.9867364708897604,0.276204798439668,0.1274643,0.56118345,0.050676823,0.73932457
solar,55,44416,50752,0.9867288040085632,0.2598373231701261,0.21202374,0.106137276,0.15559149,0.16256952
solar,38,47872,49600,0.9867280655231384,0.0338479308054478,1.5335269,0.17167616,1.6985731,0.006629944
solar,118,46144,46720,0.9867254307433032,-0.0449712984049709,0.12600136,0.5599613,0.11595535,0.3180046
solar,54,43392,52032,0.9867238579072732,0.1073319029456029,0.00075888634,0.6773586,0.041997194,0.6361203
solar,114,45952,50560,0.9867194839134512,0.0479297779668611,1.8041148,0.6836281,1.3712406,0.25075388
solar,47,46272,48576,0.986709085439031,0.2443367949318894,0.19665813,0.8999653,0.7457535,1.4490607
solar,91,45568,48448,0.9867056621724772,0.2203418978914309,0.1014781,0.1170454,0.3943982,0.17587471
solar,85,48960,49536,0.986703337342032,0.2515767420174036,0.26650095,1.3294544,0.4566059,1.1393495
solar,102,44224,48256,0.986690555157222,0.178137631504221,0.3241291,3.584015,0.38765478,3.6475406
solar,38,48256,48832,0.9866818308825,0.2150510261212148,2.5569758,0.57523775,2.27462,0.29288197
solar,40,45376,48832,0.986676941483197,0.1563231004388181,2.3549428,0.63575935,1.947,0.22781658
solar,72,44416,50176,0.9866706030136418,0.1798618143300639,0.9355979,0.068300724,0.6429205,0.22437668
solar,53,42624,48384,0.9866705539409556,0.293107818703355,0.95058346,0.08857107,0.9642739,0.0748806
solar,134,44224,49984,0.986659370925517,0.266594052713984,0.14227581,3.5958443,0.14679861,3.8849187
solar,61,46592,50624,0.9866590132606692,0.2913844751983586,0.40515995,0.31359816,0.6063361,0.11242199
solar,32,46592,47744,0.9866503176784492,0.2067391390507918,0.093319416,1.0222359,0.14506865,0.97048664
solar,41,47424,50304,0.9866485515519527,0.2313139014779254,0.6850872,0.7671666,0.36563492,0.44771433
solar,110,43840,45568,0.9866479387206512,0.2127404225228921,2.2632842,0.2238698,2.4808097,0.44139528
solar,94,45696,51456,0.986647331511353,-0.0338527395869488,0.9703865,0.3910768,0.55325174,0.026057959
solar,87,48896,50048,0.986640044037754,0.2697133729096855,0.3251176,0.18882132,0.4676938,0.046245098
solar,130,43200,43776,0.9866346732907396,-0.0991320729826276,0.79064274,1.0850854,0.4780321,0.77247477
solar,28,44416,51904,0.9866315608421188,0.2703362631440879,1.8980813,0.32737684,2.0127041,0.44199967
solar,117,46080,50112,0.986630388046252,0.1963208767608825,0.18487501,0.2876563,0.36639214,0.10613918
solar,111,50112,52416,0.9866234847994864,0.2330697886340013,0.04455185,0.08469534,0.0013380051,0.1305852
solar,5,43776,50112,0.9866150870200472,0.2151528655186744,0.6343608,0.20563173,1.0714259,0.64269686
solar,7,48448,49024,0.9866062369529508,0.2246849785452494,0.15963507,0.11999321,0.45202732,0.17239904
solar,70,44224,49408,0.9866044897753536,0.0254494154239266,0.82468843,0.58734465,0.5246501,0.2873063
solar,106,47168,52352,0.9866020383408772,0.0415261776347023,0.23569155,2.6332445,0.5200434,2.3488927
solar,123,44352,51264,0.9865970841484262,0.2956867073909012,0.16025352,1.1211424,0.11912203,1.0800109
solar,107,44544,47424,0.9865885694596708,0.1967883492413689,0.10229206,0.051516056,0.20580721,0.051999092
solar,60,43200,51264,0.9865656240421548,0.2822171221015392,0.36283493,0.33828115,0.74392796,0.04281187
solar,122,47808,51264,0.9865530921801512,0.1981309729581648,3.6028013,0.015320301,3.985197,0.39771605
solar,91,44864,48896,0.9865341682336533,0.1827106216262736,1.9398909,0.43254757,2.1436205,0.22881794
solar,58,45120,45696,0.9865118111967182,0.0173841592458571,0.089345455,0.33106184,0.43663263,0.8570399
solar,77,42240,49152,0.986495333946064,0.2512156471260336,0.24409533,0.89497757,0.23415661,1.3732295
solar,28,48320,50048,0.986490890837634,0.2330745215299554,0.16466618,0.8510237,0.3217473,0.69394255
solar,33,45120,45696,0.9864822739034936,0.1249450156644242,0.026806355,0.20062113,0.20601845,0.37983322
solar,61,42240,49728,0.9864798394216808,0.281608139392706,0.50726223,0.29860783,0.44053507,0.23188066
solar,68,44928,51840,0.9864770616453232,0.2420771292797978,0.8892536,1.6886106,0.68857956,1.4879365
solar,19,44288,48896,0.9864668879216824,0.1601875751196476,0.10714197,0.41195297,0.15781784,0.3612771
solar,104,44416,51904,0.9864649609264912,0.1419563226950877,1.1141672,0.023908615,1.1671553,0.029079437
solar,30,43648,50560,0.9864604940643674,0.1226518502824744,0.12104082,0.8437934,0.24893951,0.9716921
solar,115,43392,46848,0.9864578862104744,0.2607144563072558,0.26877284,1.423296,0.024936676,1.7170055
solar,118,44928,47808,0.9864565101085044,0.2086681236608722,0.7849469,4.2100534,0.42418575,3.8492923
solar,7,43968,50880,0.98641228430646,0.0884691377718054,0.076666355,0.54322433,0.040706635,0.5072646
solar,53,45504,51840,0.9863922213482392,0.2477273031754423,0.5729766,0.11370993,0.4541812,0.0050854683
solar,41,45120,48576,0.9863635989419446,0.263315884564167,0.24374008,0.7542186,0.034213543,0.47626495
solar,63,44864,47744,0.9863372479790212,0.2517731301941927,0.25716877,2.506024,0.031222343,2.2176328
solar,43,42432,49920,0.9863364252508204,0.2948700556038969,0.08260918,0.012664795,0.30609798,0.2361536
solar,40,43392,46848,0.9863359797894238,0.0411304690191936,0.2948923,1.1247697,0.19295311,1.6126151
solar,74,49984,50560,0.9863294481001512,0.2106386263160379,2.9067764,0.52299356,2.6546106,0.27082777
solar,129,44224,46528,0.9863267678098044,-0.1150883782578353,0.4938321,1.0425911,0.27851295,0.82727194
solar,78,45056,47936,0.9862973048543336,0.2323117331972232,0.09469271,0.14233303,0.21750164,0.019524097
solar,108,42112,49728,0.9862879506131588,0.0708782815979044,2.904817,0.40253973,2.8632298,0.36095238
solar,100,48576,50880,0.9862859358578396,0.156576063974261,0.0148797035,0.120307446,0.09905815,0.036128998
solar,14,45120,45696,0.986276081400452,-0.1442288842704415,0.26983023,0.42131758,0.5198431,0.67133045
solar,14,49984,50560,0.9862701043633986,0.1011856130559774,1.8695669,0.6153908,1.7102718,0.4560957
solar,60,48256,49408,0.9862697718813592,0.2848036479561652,1.0522056,0.5416961,1.0001884,0.48967886
solar,74,42176,49664,0.9862671500697532,-0.1380112723108923,0.476871,0.035387516,0.3395238,0.101959705
solar,19,50048,51200,0.98624835113558,0.2157579036250408,0.05288315,1.8620477,0.25587034,1.5532942
solar,77,48320,51200,0.9862413909614508,0.20070349949613,0.30623674,1.5068064,0.0010848045,1.2016544
solar,94,45376,48256,0.9862295268284992,0.2768527105844857,0.23837566,0.6880832,0.052940845,0.50264835
solar,37,43520,47552,0.9862242453011169,0.2588423443665147,0.0150232315,1.0772624,0.06886387,1.131103
solar,1,44480,46208,0.9862153760438904,0.285998934432855,0.35484886,1.2508221,0.60002327,1.0056477
solar,10,42496,47104,0.9862105249267628,-0.1918428254047607,0.150208,1.4452667,0.23316813,1.3623066
solar,13,42560,43840,0.9861993504607862,-0.0468928934002084,0.031875134,1.5771394,0.23539495,1.3736196
solar,30,43776,45504,0.9861949072760678,0.02508561031446,2.2825708,0.62953615,2.5521874,0.89915276
solar,19,46144,49600,0.986189061171888,0.1667414111380887,0.11033344,0.23261738,0.37249756,0.4947815
solar,102,49856,50432,0.9861743586351388,0.2621365099164734,0.24374819,2.238655,0.4732418,2.4681487
solar,101,45120,45696,0.9861632034898224,0.1868096936135076,0.098968506,0.3063426,0.3774948,0.5848689
solar,104,43200,44352,0.98616235074069,-0.0124082076643513,0.7244687,1.223156,0.10019922,0.39848804
solar,6,42240,47424,0.9861619306568004,0.2470337879973279,0.4895177,0.36524105,0.66001606,0.5357394
solar,38,45504,47808,0.9861614894805942,0.2989955375015677,0.825922,3.5757103,0.5627909,3.3125792
solar,90,44352,49536,0.9861582288691404,0.0804145907085324,0.030938148,2.2477198,0.23459673,2.5132546
solar,14,42176,44480,0.9861510811640544,-0.2127366359704266,0.059607983,0.98751736,0.25674725,0.6711621
solar,106,47104,48832,0.9861295174290106,0.2617410298199548,0.66649246,0.025377274,0.53448105,0.15738869
solar,99,46848,49152,0.9861156516961064,0.1962985675762854,0.17381144,0.13279724,0.09131622,0.05030203
solar,122,47424,49728,0.9861059621818342,0.2524373781909919,0.8191128,0.8211074,0.50751734,0.50951195
solar,70,44544,46272,0.986089146117245,-0.0809669070648211,1.287456,0.17801332,1.1875043,0.27796507
solar,21,42560,47872,0.986087899551538,-0.0076888429712818,0.21710825,2.1497493,0.44384623,1.9230113
solar,108,48832,50560,0.9860699378847596,0.2894132292664573,0.22961235,0.9686842,0.33046675,1.0695386
solar,85,42112,51904,0.986061819928758,-0.1293295526062488,2.302372,0.2665305,2.390612,0.35477042
solar,31,42112,49600,0.9860548248224152,0.2385656950255307,0.12226248,0.24127054,0.051753044,0.41528606
solar,125,43520,46976,0.9860395015453672,0.1927435186437335,0.8404565,0.8912215,0.587482,0.638247
solar,11,48128,49856,0.986031451028358,0.2358015792133402,2.174426,0.21282005,2.523755,0.56214905
solar,62,47552,52160,0.986010409447176,0.2381952402635425,1.9260383,0.17261362,1.8003035,0.046878815
solar,125,43840,47296,0.985986953642352,0.1154682440346406,0.0600667,0.026907444,0.096646786,0.18362093
solar,91,47104,48832,0.98598149628862,0.0718926264959682,1.0149975,0.34991026,0.81045866,0.14537144
solar,67,49664,50816,0.985973514588282,0.0670157325332771,0.3692398,2.4273725,0.015850544,2.0739832
solar,7,44544,50304,0.9859719949160984,0.0793552885855374,0.40390348,0.066254616,0.5616889,0.0915308
solar,17,45504,48384,0.9859715063480212,0.1974057805070633,0.756094,1.6274223,0.27782726,1.1491556
solar,66,42688,48448,0.985957933723073,0.0397236740821942,0.16029406,0.2894721,0.42719126,0.022574902
solar,48,43520,48704,0.9859568069004864,0.190975550098592,1.1723776,0.96374226,0.88802385,0.6793885
solar,47,47360,51392,0.9859470512680738,0.1307967677647123,0.267797,0.22730398,0.7310786,0.23597765
solar,86,42624,47808,0.9859390060273092,-0.0001285609132045,0.10244322,2.1712122,0.040292263,2.2333632
solar,83,43584,50496,0.9859380084221576,0.1965496745265321,0.22329235,0.20126438,0.3174591,0.107097626
solar,112,45632,47936,0.985934073761792,0.1299329255487485,0.19304752,1.1346579,0.010463238,0.9311471
solar,49,48128,49856,0.9859222434840156,0.2685112483581705,0.12537289,0.16542721,0.5311079,0.24030781
solar,135,45120,46848,0.9859198988432188,0.2681095245644799,0.049104214,0.43628645,0.16487789,0.32051277
solar,16,42240,50304,0.9859165995130906,0.1485570439613301,0.09810257,0.35718012,0.18416595,0.63944864
solar,58,44544,49152,0.9859107453553566,0.1384918080796537,0.29051065,0.44789886,0.13489294,0.29228115
solar,59,44352,47808,0.985906899781279,0.1423182924099119,0.009881496,1.6850004,0.022976398,1.7178583
solar,130,42752,51968,0.98589813796193,0.1378175814586694,0.32660723,1.8046331,0.6449661,1.4862742
solar,25,48576,51456,0.9858937683939002,0.2500921639643215,1.5246468,0.25333452,1.0981193,0.17319298
solar,41,43648,47104,0.9858934634562528,0.1871679714197122,0.58629227,0.39711046,0.5583062,0.3691244
solar,53,46400,47552,0.9858855763730132,0.2053203731342512,0.18244886,0.133533,0.22214746,0.1732316
solar,56,47168,52352,0.9858699430137744,0.1583667813260889,0.19499159,2.06959,0.52617407,1.7384076
solar,21,43392,44544,0.985845029562887,-0.1613482902750383,0.12515211,1.0710082,0.25227928,1.4484396
solar,121,48576,52032,0.985836128580056,0.2628830086882132,0.49158812,0.19992208,0.9706178,0.67895174
solar,126,42048,45504,0.9858330834215232,-0.0280164885150334,0.04607725,1.4281411,0.21343327,1.2607851
solar,118,48896,50624,0.98577215830143,0.2327704954617801,0.26528692,0.21702623,0.32043934,0.16187382
solar,18,42560,50624,0.9857488683039314,0.2088490474964435,0.020039082,0.042171,0.023367405,0.08557749
solar,25,46528,48256,0.985720862617292,0.2337307156311668,0.4961624,0.7255316,0.5612869,0.7906561
solar,OT,43136,44864,0.985678665828403,0.2495206574224525,1.1854959,0.25536966,1.3052139,0.37508774
solar,26,44928,45504,0.9856658076682374,0.0370199033630391,0.008123398,0.9030318,0.45078087,0.46037436
solar,45,47552,48128,0.985664481294855,0.2346604744919618,0.76963663,1.7679296,0.3564825,1.3547754
solar,107,43904,48512,0.9856439090873044,0.1055632538940133,0.38622475,0.40299368,0.5711827,0.2180357
solar,24,44544,45120,0.9856322268798756,-0.1799736236119759,0.9195905,0.3224373,0.713151,0.11599779
solar,104,45440,46592,0.9856169459755074,0.2926630984308461,0.07954645,0.6040206,0.10152531,0.42294884
solar,84,43840,47872,0.9856157267048576,0.1765267737289239,1.0773563,0.4209137,1.4754338,0.022836208
solar,91,50432,52160,0.9856108406108874,0.2524400343042943,0.24599981,0.22791672,0.19848633,0.18040323
solar,106,46592,50624,0.98558979058823,0.2469921409566185,0.26187325,0.17814255,0.33531523,0.104700565
solar,108,44288,48320,0.9855866037361992,0.0799438034302185,0.26011753,0.19415617,0.3985839,0.05568981
solar,34,42048,47808,0.985561331212884,0.0984092471293411,0.043116093,3.4868426,0.09052944,3.534256
solar,30,43328,52416,0.9855554808718692,0.1794201726574021,0.18524647,3.777566,0.06412268,3.5281968
solar,40,44096,47552,0.9855508361416436,0.1803034499359466,0.40618324,2.1255684,0.7273178,2.446703
solar,76,47104,49408,0.9855506033237914,0.0899757302038321,0.0402174,0.018891335,0.040357113,0.018751621
solar,117,43648,45376,0.9855259341758528,0.1710036879004266,0.21230793,2.3933334,0.34022856,2.521254
solar,33,48128,48704,0.9855157383307828,0.2190087745381847,3.2577806,0.19654846,3.0768104,0.01557827
solar,93,46720,49024,0.9854965278001444,0.1604887427498905,0.032702923,0.11771536,0.07265425,0.012358189
solar,84,45568,51904,0.985495145242077,0.2390469032468622,0.46476603,0.006237507,0.97743225,0.5064287
solar,35,47168,50048,0.9854940269949856,0.1984731562907159,0.14891958,1.1540914,0.24733543,1.0556755
solar,36,50176,51904,0.9854643343596176,0.2146496772021892,0.6729026,0.041722775,0.81761265,0.18643284
solar,95,42752,48512,0.9854539039096823,0.2581385823566545,0.15725899,0.3260169,0.31457376,0.16870213
solar,46,46400,48128,0.9854433961737996,0.0576762775240286,0.2038846,0.63218594,0.05202484,0.8880954
solar,89,44416,48448,0.985442757361548,0.159226105697777,0.2364626,0.076221466,0.10157633,0.0586648
solar,39,43712,44288,0.9854393906937614,0.0336141405167724,1.093946,0.41338444,1.3497238,0.1576066
solar,39,46208,48512,0.985436435837068,0.2948435056012405,0.76449776,0.88623714,0.60050344,0.72224283
solar,114,43136,49472,0.9853948267779264,0.133620349467055,0.97729063,0.42082596,1.2635322,0.13458443
solar,45,44928,50112,0.9853807120448792,0.0945224402877229,0.65346956,2.1974454,0.8103986,2.3543744
solar,108,42624,49536,0.9853667108542342,0.2259689348179186,0.21123838,1.3650913,0.45028114,1.1260486
solar,134,48896,51200,0.9853547069826062,-0.0534995584611703,0.19718647,0.87280416,0.3433838,0.72660685
solar,131,45120,47424,0.9853544920439712,-0.0472556717503055,0.23919153,1.0960951,0.7223344,1.5792379
solar,127,44288,46016,0.985340694671394,0.1092082237879322,0.1514206,0.073691845,0.2037754,0.021337032
solar,30,46016,51776,0.985275328722227,0.0845618871861474,1.0979962,0.44925642,1.1741943,0.5254545
solar,20,49472,52352,0.9852676113816884,-0.2106526583361675,0.17119837,2.723226,0.17607355,2.3759542
solar,88,47104,48832,0.9852642298945734,0.1970976487663814,0.2549696,0.05690813,0.18448067,0.12739706
solar,18,46976,49856,0.9852602281115204,0.29719803813427,0.43968916,1.2110271,0.6834359,1.4547739
solar,97,51776,52352,0.9852602231203944,-0.1351298661273797,0.58372784,0.18394756,0.60062456,0.16705084
solar,131,47168,48896,0.9852593417834644,0.2004696828134325,0.19624567,0.9777522,0.4097309,0.76426697
solar,131,43648,47104,0.9852506817968086,-0.04002343606962,0.15286684,0.35885382,0.1182065,0.087780476
solar,72,45120,47424,0.9852484014131174,0.050507670527185,0.1299591,0.1536684,0.09248018,0.19114733
solar,22,48384,49536,0.9852224171635758,0.1978358318015105,0.829854,3.4745078,0.7093458,3.3539996
solar,102,42240,46272,0.9852103097061984,0.2086728094388486,0.07860899,0.1464696,0.12765646,0.35273504
solar,74,42688,48448,0.9852055260931406,0.2553528266462977,0.106274605,0.20260334,0.42709112,0.11821318
solar,73,42432,48192,0.9851872690553498,0.2766770319730867,0.91347027,0.021924019,1.0751405,0.13974619
solar,91,44224,50560,0.9851655328708516,0.2204557098645043,0.43187475,1.0184388,0.006939411,0.5935035
solar,69,45056,49664,0.9851587259603029,0.2957098054426197,0.068825245,0.09147787,0.03570175,0.124601364
solar,69,47104,49984,0.9851356320330312,0.1107666877006045,0.21773863,3.1335254,0.5039654,3.4197521
solar,35,46400,46976,0.9851295022922708,0.2485346298584152,1.052845,0.7184577,0.8977542,0.5633669
solar,44,47360,51392,0.985124535131971,0.2069118794685132,2.3899026,0.35657358,2.24508,0.21175098
solar,119,43392,52032,0.9851154390133664,0.2865928551627638,0.09928036,0.57327795,0.18406248,0.48849583
solar,69,44480,48512,0.9851073869263226,0.280373202703912,0.90819025,0.24375343,1.1935205,0.041576862
solar,110,46144,47872,0.9850958587549096,-0.1627679368829342,0.17576313,2.2801847,0.0016303062,2.106052
solar,20,46208,47936,0.9850932412954286,0.2646149406406149,0.10408592,0.7858739,0.21605349,0.46573448
solar,82,44864,47744,0.985060216091316,0.1552140711412688,0.1767726,1.0456705,0.030044556,0.8989425
solar,16,43200,49536,0.9850546984737948,0.2996663054900043,0.09030151,3.177363,0.1952734,2.891788
solar,53,46656,49536,0.9850443187750368,0.2201580953610992,0.2236824,0.20258904,0.33653164,0.0897398
solar,6,45376,50560,0.9850296941722728,0.0037481648958515,1.9376292,0.08585024,2.0496926,0.19791365
solar,128,43520,48704,0.9849799667770804,0.2639412129202412,0.22075653,2.0946283,0.29211235,1.5817595
solar,22,44544,45696,0.9849790981574584,0.107914294397273,0.24711847,0.2695465,0.32014084,0.19652414
solar,17,49664,50240,0.9849778880845428,0.2469130300829592,0.7561331,1.5518622,0.607038,1.4027672
solar,130,43904,44480,0.984976511319912,0.2926487192230755,1.1782794,0.6774945,1.4769559,0.37881804
solar,70,45504,51264,0.9849639074421082,0.0018450517878864,0.9616785,2.9485588,0.9037008,2.8905811
solar,28,43712,50624,0.9849336442795992,0.2226761709736072,0.40450335,0.2665801,0.5363908,0.13469267
solar,22,46784,49664,0.9849171706955084,0.2716560551565036,0.25893688,0.92170954,0.5030618,1.1658344
solar,109,44352,47680,0.9849168275605296,0.2307350486104299,0.1806035,0.1632886,0.28913593,0.27182102
solar,58,44224,50560,0.9848974172609444,0.2274461261309507,0.3653841,0.58542633,0.12762499,0.34766722
solar,44,43712,52352,0.9848945885045856,0.2741599697465527,0.23497772,1.5333681,0.0028476715,1.7654982
solar,34,45632,50240,0.9848905367357148,0.27318469468635,0.60513115,0.5872812,0.8793464,0.313066
solar,130,47872,52480,0.9848761251047432,-0.2193642779256483,0.14275885,1.8686371,0.035508156,1.7613864
solar,85,43712,52352,0.9848528038322084,0.2597139400754908,0.21791029,0.07797718,0.28337908,0.14344597
solar,71,47744,52352,0.9848474798718552,0.179890094464595,0.054053307,1.3604679,0.29008293,1.1244383
solar,91,47744,50624,0.9848439292126164,0.0750837456087747,0.61404324,0.3554449,0.81591463,0.15357351
solar,59,43136,49472,0.9848378917935828,-0.2961603496599967,0.9112215,0.05287695,0.8993449,0.06475353
solar,91,44992,46144,0.9848337627748734,0.1754720742644973,0.15325403,0.06074381,0.1811347,0.39513254
solar,124,46400,50432,0.9848306969700636,0.2665656357650965,0.30479527,1.6810803,0.32546186,1.701747
solar,85,42176,46208,0.9848171701300308,0.1445437126174312,0.89386415,0.15145063,1.2293835,0.48696995
solar,83,45120,46848,0.9848138256837996,0.2859830518230691,0.27773476,0.66380596,0.24078655,0.70075417
solar,76,43520,50432,0.9847862786496192,0.2488121197781537,0.109818935,1.4647655,0.35868168,0.99626493
solar,112,47744,50624,0.984771188530448,0.1495889920125888,0.43776798,0.20602703,0.54580164,0.097993374
solar,130,45120,50304,0.9847647549005496,0.1595960541853899,1.0658879,0.015618801,0.45407295,0.6274338
solar,109,42624,50688,0.9847469467567818,-0.0024219466954654,0.058965683,0.64733934,0.16310406,0.54320097
solar,116,46144,47296,0.984746702129698,0.1385018068465736,0.246562,0.33530045,0.5813761,0.6701145
solar,52,46400,49280,0.9847308953292851,0.2339812579845045,0.4611411,3.1100621,0.0045232773,2.6534443
solar,54,44928,51264,0.9847295014819406,0.2221890279446285,0.9450722,1.1805496,0.66948986,0.9049673
solar,90,42752,43328,0.9847054914546464,0.2999031548913454,0.4445715,0.22712755,0.5618286,0.109870434
solar,120,46272,47424,0.984690130579212,0.2464905718448056,0.13205147,1.0727978,0.71098804,1.6517344
solar,28,46784,51392,0.9846731302734107,0.2184275615366363,0.25858784,1.13733,0.31656027,1.0793576
solar,11,44416,50176,0.984666656448816,0.25786201786496,0.23575258,0.09173632,0.18827677,0.13921213
solar,123,42624,48960,0.9846647175814676,0.2199001674450887,0.012528896,1.946352,0.08583546,1.8730454
solar,97,42624,51840,0.984664077480622,0.1882924241608779,0.78892136,0.22096872,1.1312861,0.121396065
solar,13,42496,47104,0.9846571781815664,0.2537929774261958,0.6699362,0.9513855,0.03947544,0.32092476
solar,24,43520,48704,0.9846530869458214,0.2228504543829344,0.21125889,3.0175276,0.15210342,2.958372
solar,125,42432,43584,0.9846472147294856,0.2886427941889883,0.2833209,0.36382914,0.14734125,0.22784948
solar,42,47680,48832,0.984636407475319,0.0353157900491474,0.8554878,0.592875,0.634295,0.37168217
solar,15,50112,51264,0.9846305686334922,0.1933036063152607,0.9007335,2.8002625,0.41742086,2.3169498
solar,42,43840,50176,0.9846173943014744,-0.072654526017177,0.92383814,0.24569225,0.60765696,0.07048893
solar,101,49856,52160,0.9846060951058028,0.1652955961111384,3.2302108,0.115819454,3.3512826,0.0052523613
solar,58,45376,49408,0.984605564464348,0.2541108124045265,0.50941944,0.017546654,0.61291265,0.12103987
solar,103,49472,50048,0.984600517046187,0.222239139199171,0.23605394,0.025634289,0.30882835,0.0984087
solar,27,42048,43200,0.9845988246595913,0.0163854828297598,0.56910753,0.39289808,0.92119646,0.040809155
solar,110,42176,45632,0.9845885945545244,0.2282835108232984,0.18438005,0.6348815,0.29037333,0.5288882
solar,111,43520,50432,0.9845729511197904,0.156418245725205,0.20004606,1.2155113,0.28247595,0.7329893
solar,102,42560,47744,0.9845716951568636,-0.1262884163791565,0.14742517,2.0210114,0.4088459,1.7595906
solar,135,46208,47936,0.9845715765946194,0.2649146119238647,1.7160616,0.25589466,2.065669,0.6055021
solar,39,49280,49856,0.9845609612900542,0.2913277865196795,0.06579828,0.12560892,0.20589018,0.39729738
solar,52,48832,50560,0.9845421453556694,0.1276640303207433,0.2590084,0.071633816,0.24113989,0.053765297
solar,85,47104,49984,0.9845412895123424,0.1587550610603992,0.15859318,2.0590158,0.5044279,2.4048505
solar,42,42496,49984,0.9845388302599154,0.1085877395079816,0.64952993,1.5910711,0.6070037,1.5485449
solar,10,46080,48384,0.984528693556046,0.1200096729697172,0.38415527,0.44007587,0.55189466,0.60781527
solar,68,48320,49472,0.9845282032857487,-0.6585842187191534,0.72413206,1.2685266,0.43534565,0.97974014
solar,90,42560,48896,0.9845232309726936,0.1636519243544115,0.17002392,0.3878522,0.2541132,0.3037629
solar,33,42624,50688,0.984507328734607,0.2402371664215631,0.06804085,0.9838977,0.1281681,0.9237704
solar,9,50048,52352,0.984499438624632,0.098655784982454,0.16158772,2.8292027,0.022022247,2.6896372
solar,113,45952,47680,0.984462286949145,-0.0184720321432193,3.2830324,0.5534768,2.9493766,0.21982098
solar,114,44224,47680,0.9844609541266652,0.2078191713696898,0.5238347,1.8760576,0.3264985,1.6787214
solar,33,43776,51840,0.9844501210749932,0.2881869356407929,0.43544626,0.55043507,0.4075675,0.5225563
solar,100,45376,48832,0.9844485174584604,0.26372981091394,3.2293563,0.45299578,2.8776355,0.10127497
solar,62,46656,47808,0.9844468501681156,0.0885208391212174,0.20509529,0.8168936,0.2054267,0.8165622
solar,7,43648,49984,0.984443540197182,0.020564884521775,0.3471756,3.2699509,0.616652,3.5394273
solar,84,44352,49536,0.9844098746951656,0.0191628765449853,0.084667206,1.8274035,0.27230978,1.639761
solar,97,44480,46208,0.9844057501616552,0.2547058188049653,0.90492487,0.41385126,1.2905645,0.028211594
solar,111,45440,51200,0.9843976727635562,0.147585459210534,0.15461683,2.332849,0.46375656,2.0237093
solar,97,42240,43968,0.9843964011522705,0.037746150837195,0.39987183,1.1274705,0.042133808,1.5694761
solar,23,43136,50624,0.98437641905239,0.1069909523307308,2.1215653,0.24568605,2.2947397,0.07251167
solar,15,42624,46080,0.9843699049572456,-0.0206364509835293,0.745409,3.5225492,0.81346893,3.590609
solar,46,49408,49984,0.9843569003855956,0.2908633886194826,0.4542036,0.7268286,0.79681253,1.0694375
solar,114,43648,48256,0.9843529379199608,0.1305999865273137,0.24168777,0.17730618,0.7365837,0.31758976
solar,82,44288,48896,0.9843400587462602,0.2715801725571285,0.33760643,0.64346886,0.32598495,0.6318474
solar,72,45504,50112,0.9843375567376164,-0.0822243850639395,0.7890382,0.041945457,1.3097095,0.4787259
solar,134,43520,48128,0.9843208999105968,0.2736488437593404,0.45268154,3.1394324,0.10854721,2.795298
solar,13,45504,51840,0.9842991399754129,0.1401512718243879,0.7543464,0.97056293,0.21254253,0.4287591
solar,2,43200,45504,0.9842980613283224,0.2542895307166475,0.11257172,0.6328726,0.28419352,0.8044944
solar,105,48320,51776,0.9842673532797748,0.2141364739160897,0.037050247,0.74301195,0.081635,0.6984272
solar,21,43712,50624,0.9842660680630412,0.1011105917893912,0.9116454,0.39358282,1.1469731,0.1582551
solar,36,44544,47424,0.9842583775198606,0.2568257722177262,0.8920336,0.061076164,1.115829,0.16271925
solar,70,47360,51392,0.984251346079826,0.2844104798833712,2.246828,0.25833988,2.685215,0.6967268
solar,75,42688,50752,0.984225637738216,0.2952760978186521,0.31221676,0.5369706,0.11382675,0.3385806
solar,60,45632,51392,0.984219401771068,0.2058596478484928,0.5372286,0.40398073,0.76193,0.17927933
solar,126,44416,51904,0.9842132039223392,0.198071484702246,1.6809306,0.53481865,2.0062363,0.86012435
solar,124,46528,49408,0.9842113624436054,0.2833863599320119,0.19194412,0.14995003,0.23083639,0.11105776
solar,91,42560,43712,0.9841962352412778,0.2161340107817472,0.12641811,0.8862281,0.29277802,0.7198682
solar,82,51840,52416,0.9841894748791656,0.0658713149846422,0.22092009,0.56769085,0.29211473,0.4964962
solar,68,42496,44224,0.9841712739463332,-0.0717117942550527,2.4618301,0.8517504,2.4249773,0.81489754
solar,52,43392,45120,0.9841653631264942,0.2449741612682524,0.20819902,0.58396626,0.1136682,0.9058335
solar,76,42624,51264,0.9841231349209724,0.165732769934166,0.65300083,0.2867031,1.1530619,0.21335793
solar,126,42240,46272,0.984120961447954,0.2123625906621565,0.13562155,0.2938738,0.03790188,0.19615412
solar,110,44800,44928,0.9841158855111054,0.0965661950284658,0.507257,0.02484417,0.51110315,0.020998001
solar,103,44352,50112,0.9841142484733358,0.0265243776211379,0.27662802,0.9117384,0.03257084,0.6676812
solar,81,47296,47872,0.9840657163053026,0.112057124612078,0.04087925,1.4799728,0.18545008,1.2536435
solar,100,43968,44544,0.984065512448304,0.2118751250984425,0.09156227,0.37837887,0.11729336,0.5872345
solar,114,46528,52288,0.9840651530785178,0.0572172977359015,0.2946911,0.85919476,0.6781411,1.2426448
solar,31,49984,50560,0.9840650830115946,0.2401531003524649,1.7637992,0.70229626,1.5908647,0.5293617
solar,1,43520,47552,0.9840337779269636,0.2873067842159265,0.13735104,0.94998693,0.04487419,0.8575101
solar,61,47168,52352,0.9840291243458988,0.074093262788494,0.2900815,2.0590944,0.5256262,1.8235497
solar,92,42048,43200,0.984021971686874,0.2899984342089671,0.22529697,0.090646744,0.17402554,0.039375305
solar,29,47808,48384,0.984016560948282,-0.1942581296123184,2.4404297,0.26164103,2.6464763,0.055594444
solar,93,45376,48832,0.9839813893604152,0.1601949268806503,1.1192269,0.9853301,0.8674736,0.7335768
solar,76,43968,44544,0.9839731230936426,-0.3398593068566976,1.278214,0.33270407,1.2301598,0.28464985
solar,95,47232,51264,0.983954141167879,0.2935320481227991,0.74052906,0.15761614,0.99870396,0.41579103
solar,132,43904,47936,0.9839441705079568,0.2489508948624318,1.1056352,0.36892128,1.1949825,0.27957392
solar,28,47104,50560,0.9839392225749264,0.1326469747228565,0.39570904,0.08899689,0.24570274,0.23900318
solar,49,43968,44544,0.9839374384479844,0.125960185056366,0.3847456,1.1696353,0.54333496,1.3282247
solar,126,51776,52352,0.9839374033753824,-0.3848633304703995,0.38024044,0.14146519,0.41784382,0.17906857
solar,43,51200,52352,0.9839273602942052,0.1494800806030671,0.7396178,0.3225603,0.48720503,0.070147514
solar,77,42816,45120,0.9839227161000812,0.0193383632130054,0.37584257,1.0012646,0.53132343,1.1567454
solar,135,47168,48896,0.9839060491805258,0.2351027300604831,0.13837814,0.15014076,0.041680813,0.05344343
solar,133,43264,43840,0.9838878557786144,0.2811973870003124,0.3304429,1.4152818,0.11430049,1.8600252
solar,48,48832,50560,0.9838739992203396,0.0544081784503607,0.25325155,0.080705166,0.12556696,0.046979427
solar,26,43712,47168,0.9838568489535569,0.2197083644291458,1.5313911,0.51654625,1.7906952,0.2572422
solar,115,47744,51776,0.9838403925353564,-0.1800400250426141,2.4491758,0.0076794624,2.8952909,0.45379448
solar,13,48448,50176,0.9838177685488498,0.2586065850984967,1.5696054,0.2956047,1.5001111,0.22611046
solar,114,44352,51264,0.9838171686384012,0.1624947616336791,0.6280947,0.2759056,1.186677,0.2826767
solar,43,45120,48576,0.9837931963086174,0.1301240171563936,0.21542215,0.8817363,0.04284668,1.0543118
solar,104,47936,48512,0.9837851249775912,0.2228914718041705,0.3957038,0.27229834,0.48783255,0.18016958
solar,101,47104,48832,0.9837738794755432,-0.1032364971217853,0.62312984,0.16174698,0.36883068,0.092552185
solar,81,49600,51328,0.9837577312384894,0.2240400893624264,1.5658231,0.09403944,1.4874797,0.015696049
solar,70,42240,50304,0.9837540620513764,0.0078125084396126,0.35010767,0.028147697,0.39917803,0.077218056
solar,101,43392,44544,0.9837467254845595,0.172780264058848,0.2508707,1.414918,0.0444746,1.621314
solar,36,42432,52224,0.9837438226307508,0.2936382632124172,0.5509696,0.345963,0.44985104,0.44708157
solar,75,48832,50560,0.9837425246308352,0.0777515453644684,0.020452976,0.0037283897,0.004357815,0.012366772
solar,80,42624,48960,0.98373906234015,0.1301843363204218,0.46511555,2.5373058,0.5454731,2.6176634
solar,62,42496,48256,0.9837364527772796,-0.2010699169906622,0.4331317,1.5262852,0.11829996,1.2114534
solar,5,42176,43200,0.983722840086325,0.1462848237784179,1.6038175,0.13277245,1.9172192,0.18062925
solar,28,45120,49152,0.983694444695076,0.053380078645992,0.27921486,0.006400585,0.14522934,0.1403861
solar,20,43648,47104,0.9836726970909672,0.0758508443804602,2.865644,0.5739298,2.6193085,0.32759428
solar,123,44224,49984,0.9836721886530748,0.0938059350795632,0.40685987,1.348011,0.62824106,1.5693922
solar,82,47680,50560,0.9836492724749836,0.1973937938761536,0.103229046,1.4151158,0.30886555,1.6207523
solar,106,44864,51200,0.9836482222548868,0.0147092684119832,0.05284691,0.19167519,0.040291786,0.17912006
solar,OT,43968,44544,0.9836350827468332,0.1672228475892358,2.0220375,0.33853817,2.3613071,0.6778078
solar,2,48128,50432,0.9836211010014826,0.2687394349100701,1.6355128,0.0131082535,2.052703,0.43029833
solar,76,42432,43584,0.9836040053797718,0.2466623922149647,0.5971937,0.9560771,0.38108635,0.73996973
solar,22,43712,47744,0.9835958700015206,0.0216642541294361,0.18317461,1.6857691,0.2153511,1.7179456
solar,23,44480,49664,0.98359362376211,0.1974959529847847,0.7850981,0.25222826,1.0425615,0.005235195
solar,98,47808,51264,0.9835886400044994,0.1430676243427141,0.26021147,0.17591572,0.6605344,0.2244072
solar,40,42176,42752,0.983568676304328,0.2511840839436646,0.16585732,0.55600405,0.42037916,0.3014822
solar,119,42176,45056,0.983566874128208,0.2718782820201848,0.3457737,0.57465124,0.90615463,0.014270306
solar,70,44928,46656,0.9835668047257844,0.1619922025803388,1.0272565,3.7553172,0.76890373,3.4969645
solar,3,45696,47424,0.9835623275410844,0.2532639826952293,0.1631589,0.23916101,0.07595205,0.32636786
solar,28,47552,50432,0.98355951455974,0.2585122193645211,0.34859657,0.44613838,0.23416805,0.33170986
solar,29,43968,46272,0.983558771249872,0.2912525541828568,3.3617759,0.02853632,3.2434816,0.08975792
solar,82,48320,49472,0.9835230749224668,-0.1568096608423582,0.09180927,0.3383751,0.13560295,0.38216877
solar,29,50048,52352,0.9835172550629684,0.1527230654826674,0.213624,2.692668,0.0069646835,2.4720793
solar,1,43136,52352,0.9834911655986012,0.1555802482333847,0.15969992,0.87646484,0.10044718,0.61631775
solar,78,44992,45568,0.9834875591250652,-0.0539692081913703,0.007361412,0.014812946,0.25794554,0.250494
solar,OT,48320,50624,0.9834832900295928,0.0120122899009101,0.050702095,0.35924006,0.024015903,0.28452206
solar,62,42240,50304,0.9834725682219474,0.1899068847033961,0.055628777,0.872694,0.116634846,0.81168795
solar,4,43520,46400,0.9834701164716952,0.1441604580499766,0.21030521,0.45204353,0.14736986,0.09436846
solar,8,46144,46720,0.9834693472780373,0.1246859428288377,0.024029732,0.18872595,0.032043934,0.13265228
solar,63,45632,49088,0.9834659953585806,0.2640470449906126,0.9119687,0.5058117,0.96640205,0.56024504
solar,113,44992,50752,0.9834566366913192,0.2825729463460165,0.18540764,2.2773733,0.118897915,2.2108636
solar,83,46016,47744,0.9834516259526132,0.2312171080145678,0.16816759,0.019159794,0.03714037,0.15018702
solar,94,44544,46272,0.9834493114815518,0.0070325507318651,1.444027,0.14216709,1.0190749,0.28278494
solar,12,46592,47168,0.9834460917920428,0.1577463555308283,1.2283487,0.3767419,1.4628005,0.14229012
solar,107,45696,51456,0.9834171194421012,0.0100126006908996,1.2135527,0.29407763,0.62759256,0.29188251
solar,107,48320,50624,0.9834095901629404,0.1478908766778558,0.5119848,0.2600565,0.4402194,0.18829107
solar,65,46144,47296,0.983387986553645,0.120715321614574,0.04298687,0.36865854,0.088624954,0.41429663
solar,94,44416,48448,0.98336156496665,0.2921432588993921,0.30962563,0.051484585,0.18007135,0.18103886
solar,73,42624,44352,0.9833584318478968,-0.2000106137954256,0.0970273,0.08293629,0.29397202,0.30806303
solar,70,43776,44352,0.9833542414128345,0.0080094076270882,0.49174786,0.0793004,0.33112764,0.23992062
solar,95,42112,49600,0.9833537533282511,0.0709820539938363,0.2753334,0.3830347,0.25164127,0.40672684
solar,24,45376,49984,0.9833483707583136,0.1887430702405973,0.26981735,0.0018796921,0.55375195,0.2858143
solar,29,44096,49856,0.9833386854457432,0.2620521326153279,1.622231,0.45563555,1.4474015,0.28080606
solar,7,44288,47872,0.9833268798505304,0.1721675800628525,0.15839529,2.3620148,0.40979958,2.1106105
solar,88,44480,47360,0.9833187945068836,0.2815372164564622,0.09495306,0.13944721,0.10179424,0.13260603
solar,38,46720,50752,0.9833137584833218,0.2752194753562119,0.11864233,0.13157272,0.028859615,0.22135544
solar,5,47104,48832,0.983305333300753,0.0402814140866649,0.87597704,0.36519146,0.5937624,0.08297682
solar,89,43392,43968,0.983302106281453,0.2190455970338241,0.29083443,0.06777382,0.66001606,0.43695545
solar,128,45120,45696,0.9832555122230808,0.0461197657847416,0.115971565,0.2047329,0.1437335,0.46443796
solar,82,43648,46528,0.9832522912727372,0.1889626448948333,0.09529543,0.504436,0.116793156,0.52593374
solar,64,44928,50112,0.983222126551227,0.2012275640248588,0.33172512,0.19118452,0.61560583,0.09269619
solar,132,49856,52160,0.983197182260062,0.22171275397502,0.3507223,0.43111706,0.4985776,0.57897234
solar,66,43072,48832,0.983188950151781,0.0897828631521987,3.1595645,0.38814116,2.9974613,0.22603798
solar,89,42624,47232,0.9831885999289832,0.2291152539641689,0.15188503,0.31502438,0.06227541,0.404634
solar,30,44224,47104,0.9831852522315744,-0.0179905532930292,0.6068344,2.0861049,0.54109,2.0203605
solar,13,48832,50560,0.9831851373825324,0.014758096630514,0.42177296,1.1933565,0.30285978,1.0744433
solar,94,48000,52032,0.9831808005859324,0.057369724044507,2.221595,0.23501515,1.781383,0.20519686
solar,51,45376,49984,0.9831801167464832,0.1933214653646872,0.15444422,1.1578727,0.080619335,0.9228091
solar,35,46592,49472,0.983171243610758,-0.0276843474960294,0.056344986,0.03393078,0.028416634,0.006002426
solar,43,47104,47680,0.983161181625024,0.1546431223549092,0.095469,0.54627705,0.24280787,0.8845539
solar,40,46144,49024,0.9831568082969112,0.0209558823218595,0.05727911,0.37067127,0.26670456,0.5800967
solar,4,48320,48896,0.983155754940649,0.293731714289441,0.4783368,1.2912445,0.41634703,1.2292547
solar,22,46528,48256,0.9831268963051124,0.138012923686507,0.94700813,2.8218741,0.9735851,2.8484511
solar,29,42176,45632,0.9831206548118948,0.2199222202263085,0.28792095,0.17946672,0.24884415,0.21854353
solar,31,45056,51968,0.9830969437101544,0.2619154540223794,0.42839146,2.0502563,0.85298204,1.6256657
solar,33,43200,48960,0.9830951661678256,-0.0009575308692817,0.5088377,3.0587158,0.13903713,2.6889153
solar,80,42688,46144,0.9830915493114228,-0.0180084990730452,0.4427948,0.29087687,0.46533394,0.313416
solar,133,44288,48896,0.9830825519194146,0.1123757302043282,0.08804989,0.1944747,0.13890553,0.14361906
solar,71,42688,45568,0.9830745473342408,0.1420209809360592,0.33110714,0.5273876,0.04061985,0.15566063
solar,96,44352,46656,0.9830551335096516,-0.0709382161561379,0.7203908,2.534205,0.9618497,2.7756639
solar,108,47168,51776,0.9830503020320316,0.2481375693905386,0.30599594,0.16343546,0.40518522,0.26262474
solar,82,47872,48448,0.9830401495966375,0.1966137940259485,0.8295436,0.20915842,0.9751544,0.06354761
solar,27,43776,48960,0.9830327346143918,0.2728107932873794,0.0216012,0.020052433,0.08762169,0.089170456
solar,17,46144,46720,0.9830280566225502,0.1232391949854311,0.17506218,0.04741907,0.42082262,0.19834137
solar,35,47552,52160,0.9830160821648,0.1937221267390864,1.5513124,0.382329,1.2713995,0.10241604
solar,108,43200,50688,0.9829849207323952,0.1276907510802158,0.5020509,2.0242376,0.15036106,1.6725478
solar,95,47168,51200,0.9829829400259092,0.0170590956049253,0.09818506,3.1244688,0.26229143,2.9603624
solar,102,42112,48448,0.982977131014752,0.1375105909070203,1.0977106,0.262012,1.6142206,0.254498
solar,39,44928,51264,0.9829676479434362,0.1568770492853006,2.3961182,0.030754566,2.6701021,0.24322939
solar,77,44928,50112,0.9829618997756654,0.2613882717135976,0.74513435,1.9492197,0.29909134,1.5031767
solar,133,45056,49664,0.9829128211197252,0.1816902543266634,0.058752537,0.4950881,0.19504213,0.3587985
solar,41,43584,50496,0.982896161544858,0.2491773167883864,0.2565384,0.27031755,0.26530743,0.26154852
solar,80,45696,46272,0.9828816268865346,0.211844054200342,1.1096389,0.59394526,0.8646431,0.34894943
solar,22,47104,48832,0.9828774941792204,0.0610060377549881,0.71695614,0.9911227,0.49967813,0.7738447
solar,19,45440,48320,0.9828737871590666,0.1365745335700973,0.023256302,0.31602716,0.013408184,0.30617905
solar,29,43392,51456,0.9828497674910316,0.1958376227428284,0.30952573,0.6267154,0.114643335,0.20254636
solar,125,42496,44352,0.9828361328945148,-0.0205280787862744,2.4497676,0.5010271,2.5205078,0.57176733
solar,71,44224,49984,0.982835604145998,0.1725692288527277,0.5596423,1.5929899,0.5797076,1.6130552
solar,74,42048,42496,0.9828355920957524,0.1275677603708057,0.03256178,0.25258255,0.56524897,0.28010464
solar,5,42048,44352,0.9828323490745792,0.1176868672401596,0.20275736,0.89648867,0.25749826,0.84174776
solar,102,42752,43904,0.982829726672869,0.0773492202279251,0.3224907,0.85836506,0.42638206,0.7544737
solar,109,49024,49600,0.9828270412634428,0.2408504067950197,0.02575922,0.10669708,0.1098609,0.022595406
solar,15,42240,46848,0.982811556278567,0.2344100386128768,0.110853195,0.38384914,0.61442995,0.8874259
solar,8,46400,48704,0.9828110176884196,0.2195794689320881,0.09155178,0.17318869,0.1931777,0.2748146
solar,65,44864,46592,0.9828083717596215,0.2606880199800327,0.68378735,0.12279987,0.62577724,0.18080997
solar,103,44288,47744,0.982807907811344,0.1495762607321375,0.17191839,2.1323762,0.49570322,1.8085914
solar,86,43392,44544,0.9828074722819552,0.223670760414122,0.24546099,1.4808831,0.10842419,1.8347683
solar,125,43200,51840,0.9827952804897137,0.0321269171437495,0.7422004,1.7771883,0.34309196,1.3780799
solar,77,51136,52288,0.9827884816856248,-0.1775395718713902,2.0462666,0.03463888,2.0860367,0.0051312447
solar,53,43776,51264,0.982787830723364,0.1180518181271278,3.150445,0.35534143,3.502057,0.0037293434
solar,111,48896,50048,0.9827815035820592,0.2208845811613763,0.039248466,0.029780865,0.038463116,0.028995514
solar,65,43904,45056,0.9827776126719948,0.2118812676453698,0.36084843,0.30394983,0.59531736,0.069480896
solar,124,44992,46144,0.9827747703758256,0.1828591394866856,1.229451,0.774811,0.8674159,0.412776
solar,67,42688,44544,0.9827412595314968,0.2750179020563255,0.09517002,0.21353865,0.2668829,0.38525152
solar,56,46400,48128,0.9827335262354244,0.2551259796662705,0.3678112,3.0809188,0.15796423,2.8710718
solar,114,46400,47552,0.9826990767946248,0.2910919920973931,0.40705252,1.6573992,0.5875144,1.8378611
solar,46,47168,49472,0.9826927616938658,0.1174784308694724,0.19935131,1.6129017,0.4304676,1.3817854
solar,22,43776,45504,0.9826876335356142,0.1225072180266179,3.575622,1.148725,3.4764977,1.0496006
solar,12,44480,46784,0.9826743805864744,0.1778924418784333,2.5264587,0.621315,2.6368542,0.73171043
solar,79,42240,47424,0.9826609681084132,0.2609783187460053,0.49825573,0.24880362,0.76165867,0.51220655
solar,60,48320,50048,0.982649154311562,0.2818686627014387,0.04478979,0.39820814,0.0066022873,0.43639565
solar,32,43264,45568,0.9826308477267548,0.1532811541945364,0.024788857,1.5658152,0.039539814,1.5510643
solar,20,45440,48896,0.9826266344159422,0.0776330241659545,0.045907497,1.2844124,0.24693298,1.0833869
solar,66,44352,49536,0.982620087385148,0.2914195330979336,0.110747814,2.2730823,0.038867474,2.3449626
solar,53,43136,49472,0.982617461597292,-0.3336281312805515,0.14361334,0.10982609,0.13095284,0.12248659
solar,4,46720,50176,0.9825857327813836,0.0294762580565582,0.2919426,0.39727497,0.17643881,0.071106434
solar,43,42496,48256,0.9825830379897524,0.180007589939303,0.16581059,0.0874486,0.43474102,0.35637903
solar,77,48384,51840,0.9825608551799722,0.156707244449233,0.25555134,0.24486303,0.51792336,0.50723505
solar,92,44352,51840,0.9825545281651216,0.2860916652894717,0.17534399,0.5636611,0.38113117,0.7694483
solar,96,44224,47104,0.9825445902630304,-0.0129343539832116,0.6422548,2.1423726,0.6078701,2.1079879
solar,89,48896,50624,0.9825298348138672,0.190140953099423,0.05229807,0.053049088,0.11644697,0.011099815
solar,100,49600,50752,0.9824879125886888,0.0073607170217798,0.16064978,0.47570133,0.14783573,0.16721582
solar,53,44480,49664,0.982486890925781,0.2713912345019895,0.6644044,0.40946293,0.96432734,0.109539986
solar,12,47552,48128,0.9824691915012131,0.2254754249195853,0.16454172,1.382782,0.039133072,1.1791072
solar,25,47808,51264,0.9824341257593244,0.233356372078034,0.35110378,0.6254654,0.36604834,0.64040995
solar,13,49856,50432,0.9824306394151752,0.0941101727497115,0.59221745,0.14130306,0.45969582,0.008781433
solar,0,44096,46976,0.9824160174197772,0.18909217656413,0.3214512,0.023208618,0.4829831,0.18474054
solar,29,50176,50752,0.982412432346342,0.0616405368476066,0.17253208,0.6365814,0.37044907,0.43866444
solar,13,48320,50048,0.9824104991648988,0.1234851550512335,0.3179474,0.16523647,0.35923147,0.20652056
solar,14,43968,46272,0.9823583095553396,-0.0471184796530391,4.5309305,0.26328015,3.87047,0.39718056
solar,17,47872,52480,0.982356808904529,0.0011328506726584,0.21227455,1.8417397,0.16524363,1.4642215
solar,44,42496,47104,0.9823503077874256,-0.0251273451334173,2.9379015,0.8323431,2.9752207,0.8696623
solar,22,51200,51776,0.9823252576503811,0.1180108820222357,1.8350315,0.15025997,2.2346506,0.5498791
solar,123,42816,48576,0.9823104279473444,-0.0306370410329781,0.55631447,0.08045101,0.5583105,0.07845497
solar,66,44800,50560,0.9822960998187444,0.0664770460848358,3.4467487,0.4804654,3.249704,0.28342056
solar,100,42240,52032,0.9822708885190256,0.2594716464918638,3.236421,0.36807537,2.8624945,0.005851269
solar,106,47808,51840,0.9822630082133488,0.295812102063496,2.7801652,0.007986069,3.152783,0.36463165
solar,64,48320,49472,0.9822572728610518,0.2079304680252663,0.03270006,1.017026,0.24479008,0.7395358
solar,100,44096,50432,0.9822526988180176,0.1894329340458062,0.03356743,0.8772545,0.33122683,0.51246023
solar,92,44864,48896,0.9822337684313592,0.2787480507254251,0.12203121,0.8780799,0.119176865,0.6368718
solar,40,45632,51968,0.9822290059131544,0.1839039156294424,2.1719894,0.4675641,2.4236436,0.71921825
solar,88,43840,50752,0.982227438469912,0.2795376584450612,0.56194496,0.17222214,0.6467557,0.0874114
solar,71,46592,47168,0.982226714884049,0.1687624801398352,0.5050883,0.3099661,0.69478655,0.12026787
solar,57,47872,50752,0.9822191686928844,0.2975839200292096,1.3299127,0.15864658,1.7515321,0.26297283
solar,61,47104,49984,0.982218684110044,0.2373569650785247,0.18297052,2.4792123,0.5597682,2.85601
solar,44,43520,46976,0.9822061812660776,0.1295416155058875,2.7984142,0.6288185,2.7642436,0.5946479
solar,38,43776,51840,0.9821977828682884,0.1946868544424697,1.9177055,0.06929064,2.362289,0.37529278
solar,68,48896,52352,0.9821924279639006,0.2434092381850475,0.6948409,2.4381256,0.6373539,2.3806386
solar,9,46272,50304,0.9821904159727496,0.1361783071508499,0.0036377907,0.4897313,0.2012763,0.28481722
solar,66,46144,49600,0.9821618421192424,0.0741296489857721,0.031857014,0.31721354,0.38166523,0.66702175
solar,41,45568,46144,0.9821601956462216,-0.118672430963961,0.72018766,0.50419235,0.4777627,0.2617674
solar,68,43648,48256,0.9821571286686892,-0.1325093990213915,2.290462,0.38215923,2.6119437,0.70364094
solar,128,46272,51456,0.9821486049923006,0.1473142065159996,0.38032103,0.079583645,0.025253773,0.32599115
solar,121,48320,50048,0.9821435920181428,-0.049084959606579,0.8823919,0.76059866,0.8765125,0.75471926
solar,112,43776,44928,0.9821429722559226,0.2110012994122563,0.8112426,0.15346909,0.9667163,0.3089428
solar,109,42112,52480,0.9821374211725612,0.0961496329843434,0.018338203,0.23232365,0.30615568,0.5201411
solar,123,42240,52032,0.982115401482466,0.2486889998161195,0.5493202,0.019403934,0.2879467,0.24196959
solar,102,48128,52160,0.9821132764157162,0.2733404376153092,3.541964,0.29567146,3.5142436,0.267951
solar,73,49984,50560,0.9821132485097314,-0.0662405390502984,3.2736855,0.8139119,3.3959665,0.936193
solar,56,48320,49472,0.9821100448699058,-0.100887331088584,0.1610713,1.9185829,0.4067173,1.6729369
solar,7,42048,47808,0.9821083050493072,0.1166272462695689,0.4665296,4.7103157,0.28675604,4.530542
solar,123,47872,51776,0.982103972471397,0.1230325991916325,0.47821665,2.428978,0.19508362,2.145845
solar,4,46976,47552,0.9821023576351248,0.281202636563456,0.6918149,1.4642692,0.62687016,1.3993244
solar,69,43392,45120,0.9820946225156512,0.2976323933268978,0.006828308,0.64877367,0.3334279,0.97537327
solar,48,43264,43840,0.982093118599549,0.2937483177520369,0.09049916,1.7368052,0.060414314,1.8877187
solar,89,43840,46720,0.9820852598924196,-0.0570758137563454,0.0423913,0.13943672,0.18814659,0.006318569
solar,107,44224,46528,0.9820849621139738,0.2966468123908184,0.51003027,1.7156954,0.56966877,1.7753339
solar,80,43520,49280,0.98208482648829,0.2790944536110812,0.36769295,0.23405027,0.4781971,0.34455442
solar,19,42240,48576,0.9820682298620016,0.2194540771058223,0.27948618,0.7618017,0.0765481,0.9647398
solar,59,44864,47744,0.9820624148957742,0.2317904235163082,0.16608429,1.0930905,0.4602208,0.798954
solar,127,47936,48512,0.9820503277336736,0.2813738602914641,0.8281269,0.55011463,0.9933276,0.38491392
solar,130,43136,47744,0.9820174230582674,-0.4838430477393509,1.9526796,0.23127937,1.9509587,0.23300028
solar,35,45632,49664,0.9820125570450752,0.2408549669969041,0.29601336,1.651741,0.664804,1.2829504
solar,19,45696,51456,0.9820027133676942,-0.0121761691620072,1.0628238,0.026163101,0.74397707,0.2926836
solar,100,46592,51200,0.9819488336857368,-0.2778266687952414,0.20816135,1.9864292,0.3095522,1.8850384
solar,16,43712,49472,0.9819085118793156,0.1627075971110752,0.00068855286,0.3140273,0.01379776,0.299541
solar,131,51200,51776,0.9818936686526938,0.288610888878099,0.04319668,0.45694923,0.09674358,0.51049614
solar,20,42048,44352,0.9818933734278844,0.1732311479389613,0.49658823,0.8567815,0.15628815,0.5164814
solar,6,48256,49984,0.9818814686245376,-5.334827633592415e-05,0.5510812,2.8593178,0.25591373,2.5641503
solar,51,49408,50560,0.9818582757091148,0.2777258587950842,0.6162386,0.18712664,0.4595766,0.03046465
solar,57,46272,50304,0.981847700478056,0.1170074769684342,0.10194874,0.47150707,0.054448605,0.6279044
solar,9,44480,48512,0.9818339990349644,0.2201462551019948,0.22713995,0.90300274,0.2245903,0.9055524
solar,4,42240,47424,0.9818206785476676,0.0526190682826766,0.38954544,0.74064875,0.5615039,0.9126072
solar,131,49280,49856,0.9818066634162266,0.268619583334137,0.7679448,0.07660246,0.97063303,0.27929068
solar,126,44352,51840,0.9818025112819012,0.2444388608728668,0.06328201,0.5989733,0.014330864,0.6479244
solar,133,44544,45696,0.9817892181565218,0.2261374518667129,0.51195335,0.12581253,0.7391114,0.10134554
solar,54,44800,48832,0.9817766036223606,0.2867678597429755,2.612741,0.54241705,2.3631635,0.29283953
solar,21,45120,45696,0.9817758130322928,0.0341454223936658,0.0844965,0.25433874,0.11063385,0.4494691
solar,9,43264,47872,0.9817598752759576,0.285979946932624,0.1711936,2.8520372,0.014151812,2.6666918
solar,119,50240,50816,0.981755978852858,0.230882564053839,0.18897438,0.090436935,0.16990757,0.109503746
solar,78,42496,47104,0.981751226051508,0.2523512586434956,0.3048439,0.9939308,0.10326958,0.7923565
solar,93,43520,50432,0.981736893891224,0.2364086434811652,0.052890778,0.5555692,0.052877426,0.44980097
solar,96,42432,51648,0.9817236610088506,0.2628186855675383,0.82619953,1.5001078,0.6715512,1.3454595
solar,94,46144,46720,0.981719561382008,0.0384442124289116,0.017498016,0.18562794,0.056913853,0.22504377
solar,33,47104,48832,0.9817148054087844,0.1668864924956218,0.039569855,0.14334917,0.013494015,0.16942501
solar,43,43968,44544,0.9816691480277944,0.0469537076103061,0.30512238,0.59822845,0.5786433,0.8717494
solar,71,45376,47680,0.9816654277530744,0.0037063524108094,2.2599463,0.36520672,2.0993776,0.204638
solar,53,43392,44544,0.9816645237186464,0.2914239050113804,0.22988987,1.2761145,0.18230247,1.3237019
solar,73,44800,46528,0.981632939574812,0.0130005678001267,1.9736481,0.88242483,2.127181,1.0359578
solar,134,45056,50240,0.981631502060856,0.2634240718865702,0.01789856,0.9016895,0.51853085,0.40105724
solar,92,42432,52224,0.9816017455262231,0.1914642171678143,0.6974206,0.536016,0.54740095,0.38599634
solar,134,42624,49536,0.9815974478874496,0.2537869043746645,0.116532326,1.4438186,0.12220335,1.4381475
solar,61,46528,49408,0.9815851281652984,-0.4067662653373592,0.010489464,0.20200348,0.064697266,0.14779568
solar,97,43840,46720,0.9815832917375265,0.213941151574883,0.121154785,0.1261673,0.16340446,0.08391762
solar,60,47296,48448,0.98157678224259,0.2371139447255258,0.24532223,0.11440039,0.17331219,0.18641043
solar,111,45056,50816,0.9815753027730992,0.1042244604014563,0.13851118,1.3657012,0.5536113,0.9506011
solar,97,46272,46848,0.981566013056176,0.2502855378900789,0.2796898,0.86246157,0.07298231,1.069169
solar,59,47104,50560,0.981562833188104,0.272957176890555,0.8126426,0.3639822,0.63931656,0.19065619
solar,134,42560,43712,0.9815593313631356,0.2008081008128842,0.13245249,1.4584084,0.33981037,1.2510505
solar,132,48448,51904,0.9815589141056577,0.1629253367573062,1.0290823,0.26217318,1.3490715,0.05781603
solar,33,46208,51968,0.9815529133358925,0.2941370962709186,1.4774504,0.19969654,1.7915955,0.5138416
solar,24,45440,47744,0.9815209810980718,0.2395174985936042,0.19136715,1.8160467,0.56269264,1.4447212
solar,40,44288,47872,0.9815053330316073,0.1459095669620651,0.19526148,1.7077012,0.48920345,1.4137592
solar,105,49664,51392,0.9815027411743924,0.1841292537421512,1.8470297,0.50238276,2.2796388,0.93499184
solar,47,42240,45696,0.9815014043573884,0.2745807747899171,0.1612649,0.10227728,0.38786888,0.32888126
solar,0,42176,43328,0.9814980486069974,0.0047238055043216,0.1532054,4.2530584,0.13682413,4.236677
solar,53,44800,49984,0.981479094055982,-0.1262007591268327,2.23147,0.028462887,2.5166998,0.31369257
solar,52,42240,46272,0.9814569445637372,0.0579412140267137,0.5781112,0.3091426,0.66293097,0.2243228
solar,122,42752,43904,0.981444907554111,0.2220857342123938,0.048723698,0.5600705,0.21153831,0.2998085
solar,104,43520,47552,0.9814298445197328,0.245522863351087,0.29435587,1.3488832,0.03588152,1.0186458
solar,47,45568,49600,0.9814255219049276,0.181458615530542,0.0037608147,0.07823515,0.3579917,0.43246603
solar,15,42688,45568,0.9814223960467342,0.2727245785990928,0.22761917,0.61155367,0.03897953,0.34495497
solar,103,43136,45440,0.9813974833622052,0.285225533197773,3.3733506,0.12057495,3.5175185,0.023592949
solar,77,43712,47168,0.9813654278041934,0.2067755601551238,1.6240869,0.48760128,1.8620181,0.24967003
solar,97,43904,47936,0.9813644905237277,0.1957613448789344,0.01807928,0.17930365,0.18167782,0.34290218
solar,100,43840,47296,0.9813627739666556,0.1921141129554138,0.10476971,0.11578274,0.2100029,0.22101593
solar,47,42624,46080,0.981349312146664,0.2419516275876791,0.25000095,0.27314377,0.72921133,0.20606661
solar,1,45376,46528,0.9813437334195648,0.2302485572647261,2.529583,0.44404745,2.247953,0.16241741
solar,25,44928,52416,0.9813272022960204,-0.0160937625693156,0.09575796,3.7667732,0.23109627,3.439919
solar,119,44288,49472,0.9813106238272156,0.0646823521190208,0.23974514,1.3799143,0.48337555,1.1362839
solar,103,51200,52352,0.9813016026932172,-0.1597839205308178,0.615695,0.8267536,0.22992754,0.44098616
solar,82,45248,49280,0.9812993535468514,0.2874911020878401,0.40836906,1.30479,0.62598133,1.5224023
solar,107,48832,50560,0.9812925242157978,0.0059848720220397,1.0178351,0.4383216,0.7853122,0.20579863
solar,126,45120,50880,0.9812820223895964,0.060603959474904,0.042538166,0.66147804,0.16527224,0.86928844
solar,131,47232,48384,0.9812793864400702,0.0607539005996103,0.5954938,0.21047163,0.7143731,0.09159231
solar,117,42752,47936,0.9812793403328453,0.0462697829778095,0.24780178,0.81461763,0.5063381,0.5560813
solar,83,47168,48320,0.981268364166896,0.2125974184502155,0.1789589,0.22071838,0.3011279,0.3428874
solar,104,46144,47872,0.9812600346396362,-0.0001024772675312,0.2266593,2.704867,0.17587566,2.6540833
solar,20,43072,47680,0.981226416396378,0.2537782749665217,0.65609837,1.2848258,0.18465996,0.44406748
solar,94,43904,46208,0.9812262085990114,0.2721430563622398,1.3194466,0.42193747,1.8241286,0.0827446
solar,109,44416,46144,0.981223229675942,0.1918659728305104,0.827301,0.13654423,0.85217047,0.111674786
solar,64,42176,48960,0.9812131426433996,0.1669361645520499,0.98793745,0.15293741,1.0300078,0.11086702
solar,126,43264,43840,0.9812019700288418,0.231843233826016,0.22208071,1.1675162,0.05269766,1.3368993
solar,0,49664,51392,0.9811962397306754,0.1856836820911215,2.3695707,0.33587027,2.399725,0.3660245
solar,77,44480,49088,0.9811797623880688,0.2866776928845617,0.3486867,0.012103081,0.3531046,0.0076851845
solar,70,42560,43712,0.9811784333728996,0.170863958804127,0.13607502,0.4215021,0.23599243,0.3215847
solar,14,46528,48832,0.9811687826362924,0.2297368877002918,0.4893813,0.22383833,0.34294653,0.077403545
solar,19,50176,50752,0.9811516940055772,0.154994727864047,0.038823128,0.101187706,0.24462938,0.10461855
solar,62,46016,51200,0.9810853055334428,0.2912085226510055,0.36895514,1.8796091,0.019971848,1.5306258
solar,29,43648,47104,0.9810849280254148,-0.1208091608453271,0.08785629,0.14522648,0.10282612,0.13025665
solar,100,45120,45696,0.981082871594318,0.2989362192450129,0.15683842,0.34017658,0.10157108,0.39544392
solar,42,49024,51328,0.9810767387981508,0.239517379879451,2.180515,0.11339116,2.239278,0.17215419
solar,5,42752,46208,0.981068146083082,0.2784501792381725,0.17651176,0.27395105,0.04153347,0.13897276
solar,130,46080,47808,0.9810615764199349,0.0891029466370564,0.027530193,0.0384202,0.31632662,0.382277
solar,34,45120,51456,0.9810325470356008,0.1802999608750472,0.5349729,0.140558,0.2841382,0.3913927
solar,103,46080,47808,0.9810282582869856,0.231886292428126,0.1966381,2.8277164,0.070019245,2.561059
solar,11,50816,51968,0.981024430996448,0.1381284204973984,0.26048613,0.3660326,0.5561118,0.070406914
solar,101,44480,47360,0.9810210707268542,0.2836520882946592,0.59497595,0.34022522,0.67399836,0.2612028
solar,68,43392,44544,0.9810166812404628,0.1331807713310017,2.1455746,0.3440137,2.5932531,0.79169226
solar,30,42624,44928,0.9809988906759188,0.0138252681523779,0.27442646,0.09047985,0.25417233,0.110733986
solar,104,42176,42752,0.9809845955883156,0.2634569531462936,1.110611,0.38584852,1.3281374,0.16832209
solar,103,42048,48384,0.9809637671463536,0.0152953681962554,0.030467987,0.2726431,0.08520889,0.327384
solar,70,42176,46784,0.9809533295182984,0.1620455760077694,0.2256155,1.3136034,0.6158228,0.9233961
solar,76,44480,50816,0.9809386723358858,0.2167530247296382,0.22824764,0.10450935,0.18535614,0.14740086
solar,79,42112,50176,0.98093737438881,0.2119848638737247,0.695117,0.33669043,0.1958909,0.16253567
solar,94,44224,49408,0.9809320427845124,-0.28350970572083,0.055527687,0.07011032,0.010439396,0.11519861
solar,119,47360,51392,0.9809007422289736,0.2772290533541723,0.39410067,0.43968058,0.8853612,0.051579952
solar,23,51264,52416,0.9808755876046568,0.1251275119054606,2.1493125,0.6851587,2.218872,0.7547183
solar,124,43648,47104,0.980872771530006,0.0548046009987731,0.20352554,0.28720617,0.01107502,0.09475565
solar,63,44224,46528,0.9808575441861224,0.2799197674232185,0.08756399,1.2670507,0.04272747,1.1367593
solar,5,43392,45120,0.9808551919665816,0.1086676871775405,0.16996527,0.06619072,0.48478532,0.7209413
solar,37,47936,50816,0.980852024780024,0.13593385198701,0.05527115,0.56420517,0.22711563,0.2818184
solar,56,43776,51840,0.9808297788551088,0.0478802360507042,2.0123792,0.053050995,2.3966603,0.33123016
solar,44,45568,50176,0.9808285805321152,0.1470359353161909,1.4856081,1.056591,1.2100368,0.7810197
solar,54,42112,43264,0.980828553648913,-0.0521722759627224,0.18164635,0.5995364,0.1574111,0.62377167
solar,112,42112,43264,0.9808021409393084,0.0553837089114949,0.26023054,0.9868436,0.118929386,0.60768366
solar,75,42368,43520,0.980778102865521,0.1042512301661079,0.063941956,0.28541088,0.055011272,0.4043641
solar,101,42560,52352,0.980776547149468,0.2411235529642864,0.15473986,2.1251822,0.4777565,1.8021655
solar,127,42240,45120,0.9807752874814384,0.0108824206040582,0.45878792,0.005567074,0.588614,0.13539314
solar,82,49024,50176,0.980760031442715,0.1107125749749332,0.5627556,0.13258791,0.28488922,0.14527845
solar,81,44480,45632,0.9807515553788474,0.1231762094935884,0.14193153,0.33233356,0.09665394,0.37761116
solar,8,47808,52416,0.98075114646315,0.0289445206990614,0.77381945,0.21561527,0.80724144,0.18219328
solar,9,46144,46720,0.9807380876687,0.2474174083734309,0.1965127,0.41958237,0.0019693375,0.6180644
solar,89,43648,46528,0.980725776128732,0.1014401843731698,0.2614069,0.9766927,0.3277092,1.042995
solar,80,45632,51392,0.9807220055281234,0.2945892330562639,1.7464871,0.1743455,2.1437678,0.5716262
solar,92,43904,50816,0.980716830989578,0.2042110743663119,0.08543444,0.95224047,0.52313566,0.51453924
solar,9,47744,49472,0.9806895554163326,-0.2963655788898705,1.7706218,0.29595757,1.9253359,0.14124346
solar,85,42688,48448,0.9806745418960032,0.1518928213512878,0.18475723,0.14785433,0.3242979,0.008313656
solar,106,42752,51392,0.9806634196733858,0.2867758246026722,0.097958565,1.1187701,0.32899332,0.88773537
solar,84,42560,47744,0.9806270071661076,0.2090669233067434,0.20733261,2.266245,0.46629858,2.007279
solar,51,45696,46272,0.9806201489313656,0.1688146898185316,0.31554127,0.4040556,0.30571365,0.39422798
solar,115,46528,47680,0.9806196107346744,-0.0238940628802175,0.10401535,0.36287022,0.063955784,0.53084135
solar,108,43392,44544,0.980619212611162,0.1219136901828947,0.0960598,0.98618317,0.22957468,1.3118176
solar,112,42816,46272,0.9805993371243712,0.0391459272549396,0.7679682,0.044705868,0.62488174,0.1877923
solar,38,44224,49984,0.9805932333157428,0.2892187567957321,0.048752785,2.1767464,0.15304184,1.9749517
solar,94,47872,49600,0.9805852162436762,0.090769246726417,1.3883271,0.121729374,1.497078,0.012978554
solar,108,45376,49984,0.9805773115849256,0.1486056312807694,2.046041,0.061929226,2.3670073,0.25903702
solar,16,46144,48448,0.980553375628468,0.041605136638958,0.023361206,0.071632385,0.17037153,0.21864271
solar,84,51200,51776,0.9805484362266784,-0.1883909050201377,0.7835841,2.5736613,0.43298006,2.2230573
solar,39,46272,51456,0.980536809664076,0.2652706484077746,0.17480373,0.14879799,0.029981613,0.055987358
solar,66,42624,50688,0.9805364554795208,0.2655055678009247,0.013598442,1.0171223,0.04376316,0.95976067
solar,73,45632,51968,0.9805190753076568,0.2015213449473407,0.29487705,0.15339184,0.4216733,0.28018808
solar,81,44288,49024,0.9805187011953984,0.1221618342790845,0.0018401146,0.09675026,0.003247261,0.098157406
solar,93,44992,46144,0.9805152202868052,0.1926161867939735,0.12347841,0.043174267,0.20713282,0.28743696
solar,72,42240,48576,0.9805075082451244,0.247975680781514,1.1003327,0.32972145,1.263938,0.49332666
solar,128,48832,51136,0.9805064481841566,0.0812281865254511,0.043874264,3.51396,0.39291334,3.862999
solar,41,44480,48512,0.9804934502897126,0.2862327804419503,0.15835285,0.36299133,0.1328497,0.3884945
solar,9,47552,50432,0.9804926166355944,0.2415572479401739,0.12538385,1.4796095,0.20787477,1.1463509
solar,27,43648,47104,0.980483312619862,-0.082917627191654,0.43061924,0.24348974,0.14938545,0.037744045
solar,31,43904,50240,0.9804640300748242,0.2466683261162762,0.07151508,0.8581877,0.068582535,0.71809006
solar,69,45440,48896,0.980450908844348,0.1689744934405577,0.09628105,0.6380849,0.034383774,0.50742006
solar,48,43904,45056,0.9804494024150078,0.2290104134930025,1.1940432,0.7399812,1.7160048,0.21801949
solar,93,46592,48896,0.9804477539139268,0.0672012512429125,0.16549015,0.15868998,0.20283127,0.12134886
solar,126,47744,48320,0.98042700515163,0.0709838419678105,1.9453511,0.09078264,2.3808641,0.34473038
solar,18,42624,43200,0.980419569304856,0.2836456225093275,0.45062304,0.018548012,0.73698664,0.3049116
solar,105,45056,47360,0.9804113780120236,0.2457373809306935,0.11983013,0.6952028,0.46156693,0.35346603
solar,102,50624,51776,0.9803913585114752,0.006718535603939,0.095915794,3.3545246,0.3290882,3.1213522
solar,88,44544,51456,0.9803759323104898,-0.3835849715425026,1.927192,0.2351377,1.3367686,0.35528564
solar,8,42048,47232,0.9803683707562724,0.1665812555768477,0.5403795,2.2339168,0.31411648,2.0076537
solar,95,44352,45504,0.980365251210942,0.2288552209323897,0.11431885,0.69437647,0.08312464,0.89181995
solar,55,44864,51200,0.980364056441569,-0.3369666947079566,0.16694069,3.3893437,0.0029287338,3.2194743
solar,54,42240,49728,0.980363587803859,-0.0237892827802859,0.08755112,0.033328056,0.087574005,0.033350945
solar,36,45440,48896,0.9803606951618162,0.0683705387979473,0.115403175,0.79401207,0.35004187,0.5593734
solar,98,43968,45120,0.980345395066621,0.2910710675512636,0.66539145,0.061275482,0.8969095,0.17024255
solar,2,43776,47808,0.980334085826854,0.228020319605166,0.027709484,0.40305042,0.09833956,0.33242035
solar,81,43712,50624,0.9803324558716796,0.1133411964231089,1.49118,0.4421239,1.7328095,0.20049429
solar,118,44480,49088,0.9803288414164596,0.2316034879894211,0.020290852,0.39903307,0.17667866,0.20206356
solar,113,42176,47360,0.9803245847843072,0.234396782318783,0.2150178,1.9460688,0.84510374,1.3159828
solar,80,48128,52160,0.9802542758509228,0.1085882720547366,3.3351922,0.3265586,3.1491637,0.14053011
solar,45,49344,51648,0.9802472258438232,0.2280912061879033,0.020873547,0.37198687,0.31139565,0.66250896
solar,32,43072,47680,0.9802320890945808,0.0143487130794135,1.1067691,0.8847008,0.6043601,0.3822918
solar,64,43200,51840,0.9802260564737568,0.2657590255729815,0.43947268,0.38708973,0.16052103,0.108138084
solar,13,49664,50240,0.9802235303024376,0.2295308555297706,0.42682457,0.9423828,0.3477707,0.86332893
solar,128,44800,45376,0.9802213000649364,0.1724796031833202,0.015284538,0.095116615,0.30890942,0.19850826
solar,125,48256,48832,0.9802143428325072,0.1533341540696448,0.46593285,0.80427885,0.17235756,0.51070356
solar,50,43264,46144,0.9802092490613512,-0.1435836221417186,0.18046498,0.96042013,0.03225732,0.81221247
solar,85,46400,52160,0.9801955590909088,0.2085037418954591,0.46706438,0.43633747,0.7611084,0.14229345
solar,65,43648,46528,0.9801948341494288,-0.0446277719658923,0.027938843,0.014410973,0.06270361,0.04917574
solar,38,42624,50688,0.9801921478358324,0.2585770477230448,0.11584473,0.108528614,0.0761714,0.068855286
solar,73,46208,47936,0.9801787094741848,0.2808775702701154,0.22555685,3.274465,0.3726611,3.4215693
solar,25,42752,47936,0.9801396293299628,0.2695693090881456,0.12911463,0.914248,0.4818678,0.5614948
solar,5,48128,49280,0.980117310103642,0.2107838690324524,1.5595455,0.1557393,1.7910123,0.38720608
solar,0,43904,47360,0.9801134716453186,0.176553288555853,0.72490597,2.1671095,0.79478073,2.2369843
solar,12,43776,50112,0.9801071821549592,-0.0286401023313181,1.6470857,0.2284832,1.8432608,0.0323081
solar,66,42176,46208,0.9800960198290342,0.2773369724426362,0.29311657,0.0043463707,0.14185286,0.14691734
solar,87,46400,48128,0.9800927847719578,0.0494181567992443,0.0043797493,3.8465452,0.27304745,4.115213
solar,65,45120,48576,0.9800879538477796,0.2936297232583865,0.43954086,0.38917732,0.41215563,0.3617921
solar,80,44288,46016,0.980086688292279,0.2720883301863322,0.11935568,1.7232757,0.23581123,1.6068201
solar,0,42432,44736,0.980078529697459,0.2589323985542968,0.33407164,0.60479975,0.2515278,0.6873436
solar,105,44864,48896,0.9800362075283836,-0.0115333592788431,0.07340288,0.46358156,0.08970213,0.30047655
solar,78,44352,51840,0.9800141075064984,0.2305657749563076,1.3163567,0.44306707,1.6663198,0.79303026
solar,11,44224,46528,0.9799834052221832,0.2100647784410768,0.46790075,0.7261138,0.101585865,0.15662718
solar,54,43648,46528,0.9799796564873005,-0.3002874516212036,0.060683727,0.036747456,0.077498436,0.17492962
solar,41,51776,52352,0.9799772548791088,-0.1182274523617797,0.46784878,0.26770592,0.5836129,0.15194178
solar,62,43200,49536,0.9799645970608624,0.2467714612988163,0.17012501,2.5536523,0.098734856,2.2847924
solar,46,45696,47424,0.9799546890462272,0.2194812636655494,0.17611551,0.2542119,0.15488577,0.27544165
solar,49,46272,51456,0.979947774968079,0.0186691490680488,0.30234504,0.17876697,0.100973606,0.22455168
solar,64,43648,48832,0.9799371522552623,0.1011137706574091,0.11313486,0.120182514,0.062898636,0.17041874
solar,25,45376,50560,0.9799360719100756,0.1717286560859891,2.3907022,0.10780573,2.6569662,0.3740697
solar,42,42176,46784,0.979926723895919,0.0444403702483392,0.67639637,0.44573593,0.86610794,0.25602436
solar,135,42240,46272,0.9799148600439336,0.1670261936842437,0.059936047,0.30854654,0.39097738,0.6395879
solar,40,44928,50688,0.9799052971826564,0.1176104637694551,1.3553753,0.1421709,1.2073064,0.005897999
solar,86,45120,50880,0.979888707063828,0.1054705931889998,0.19919348,0.46837664,0.104922295,0.5626478
solar,55,43840,51328,0.9798618038978152,0.2245473379956885,1.5280092,0.34989214,1.5576344,0.37951732
solar,125,47872,50176,0.9798574014490178,-0.3374852725037364,1.5379157,0.28628302,1.6593566,0.16484213
solar,60,42432,49920,0.9798555395655404,0.2413333926012122,0.56188726,0.98018694,0.6486349,1.0669346
solar,67,45952,50560,0.979852920455596,-0.0244340564607543,0.9187317,0.5247812,0.6895509,0.2956004
solar,31,44096,49280,0.979835837509702,0.2261063921894548,0.38134432,3.3086495,0.2390399,3.1663451
solar,23,47936,50816,0.979813257996905,0.0404813801001528,0.1944437,0.3436203,0.13622046,0.28539705
solar,130,48832,50560,0.9797938524319711,-0.1076328525601033,0.2956562,0.11329365,0.22290754,0.18604231
solar,54,44544,45696,0.9797796059261564,0.2020690138239356,0.9426408,0.14192581,1.1041999,0.019633293
solar,103,49856,50432,0.9797781941065596,0.2897276871965031,0.20626211,2.5874972,0.39181137,2.7730465
solar,48,47104,47680,0.9797706763604742,0.0956074962627689,0.13808441,0.24442959,0.34792805,0.45427322
solar,72,47104,49984,0.9797698487981078,0.2079055900498183,0.10041189,3.0615845,0.4372239,3.3983965
solar,72,43328,51392,0.979757937967118,0.2710745946857372,0.25537968,0.54907894,0.23290825,0.57155037
solar,30,45568,46144,0.979754187237968,-0.4838370254626688,1.4669166,0.8215604,1.0825968,0.4372406
solar,80,46208,50816,0.9797264432717016,0.1494492832216094,0.13726616,0.8977618,0.49632835,0.5386996
solar,4,44864,46592,0.9797203045480098,-0.0082346545586992,0.13630009,0.8489065,0.21541405,0.76979256
solar,59,48832,49408,0.9797106220572976,-0.1645196612315766,0.15252495,0.17459393,0.05306101,0.27405787
solar,95,42432,46464,0.979702471736694,0.2020627897999758,0.2500329,0.17560387,0.10096645,0.026537418
solar,131,45440,47744,0.979692963926249,0.0232661476424235,0.0637517,2.2331877,0.39689207,1.9000473
solar,19,43968,45120,0.9796858742726724,0.2650307769626145,0.77621293,0.3662889,0.28116655,0.12875748
solar,13,43712,47168,0.9796847307418448,-0.0198919786284975,1.3584223,0.3066635,1.5429215,0.12216425
solar,105,44800,52288,0.9796763574274368,-0.1032573348859265,0.74774885,0.04801178,0.8686347,0.16889763
solar,39,46144,49600,0.9796533350738924,-0.1220794550269154,0.049612045,0.46031523,0.3518772,0.7625804
solar,61,45632,50240,0.9796500635288864,0.2866361701693358,0.35185814,1.5132623,0.7812705,1.0838499
solar,61,42048,42624,0.9796266410441924,0.1653302275488289,0.6529794,3.8165784,0.42000198,3.583601
solar,22,46208,47936,0.9796116948050227,0.2523988399179271,1.3606291,0.63407516,1.6250496,0.8984957
solar,97,43712,44864,0.9796023772938884,-0.0328187259618594,2.3612428,0.00895834,2.6175742,0.26528978
solar,16,48256,48832,0.9795762764718244,0.1307500102642406,3.2544045,0.39563322,2.9501138,0.09134245
solar,79,49280,52160,0.9795724925384368,0.2151924801304615,3.0943274,0.36714077,2.8819766,0.15478992
solar,90,45056,50816,0.9795706446596084,0.2655049094394573,0.01609087,1.9371586,0.5350008,1.3860669
solar,35,44544,46272,0.9795523688203496,0.2252255019786229,1.0245647,0.2599883,0.98643064,0.2981224
solar,23,45120,49152,0.9795465816437636,0.2834680867789195,0.12862206,0.14599371,0.10302544,0.17159033
solar,29,45056,51392,0.979526382371048,0.2869901832173447,0.19697952,1.0974302,0.68032885,0.6140809
solar,24,47168,48896,0.9795240499244742,-0.01081791723928,0.14268494,0.60082674,0.25465965,0.48885202
solar,49,44992,47872,0.9795192706791483,0.0768253465817973,0.40784836,3.0671926,0.2981553,2.9574995
solar,90,43904,49088,0.9795144490727702,0.2698652596028399,0.10402155,1.2205582,0.5145211,0.8100586
solar,126,42112,46720,0.9795042799882022,0.2533975721244751,0.47659445,0.38220024,1.0404844,0.18168974
solar,97,48256,49408,0.9794990882041676,0.0298992001414104,0.8045449,0.5145955,0.8667989,0.57684946
solar,114,50176,52480,0.9794890092159336,0.1416647154722013,0.07725811,1.9695945,0.07204056,1.974812
solar,63,42624,50688,0.9794695338133522,0.2520590330687193,0.15413427,1.2524681,0.061899185,1.160233
solar,10,43712,45440,0.9794642272158408,-0.0096362595630909,1.3993902,0.18284607,1.738482,0.15624571
solar,58,43200,44928,0.979452219022654,0.1374045216143704,0.5856166,3.0937767,0.23240614,2.7405663
solar,54,42816,46272,0.9794474191064386,0.1194559044978696,0.60178185,0.08123875,0.39650297,0.12404013
solar,44,42240,46848,0.9793987445391004,0.0884075379595924,0.17641163,0.58673763,0.09887266,0.6642766
solar,131,48448,51328,0.9793817227105808,0.0525557716443247,2.2086828,0.32178283,2.2229784,0.3360784
solar,1,48512,49664,0.9793705321262396,0.2844965258547974,0.46855927,0.09560442,0.5895729,0.025409222
solar,57,50624,51776,0.9793508720456956,0.2835500468786724,0.13120508,3.562891,0.3593979,3.3346982
solar,21,43840,52480,0.9793446325703308,0.0152767993388898,0.10973501,2.9702044,0.023292542,2.8371768
solar,63,47168,52352,0.9793435390753088,0.1443185532290872,0.20732975,2.2660012,0.44011402,2.033217
solar,13,47232,52416,0.9793296658158092,0.0661154808977984,0.1849513,1.5033932,0.31872702,1.3696175
solar,104,43840,49600,0.979323144734602,0.0574634783383609,0.15863991,0.3419981,0.1808896,0.3197484
solar,98,46016,49472,0.9793184550926484,-0.2392247698927495,1.8229494,0.35379648,2.1184359,0.058310032
solar,78,43392,48000,0.9793130976095544,0.2631554708775689,0.1062088,5.0700436,0.32533216,5.5015845
solar,133,45376,49984,0.9793074931424324,0.1631591677968008,2.7318096,0.09056902,3.0307827,0.20840406
solar,82,43136,46016,0.9793048110153736,0.2439550566438543,0.24271965,0.18562794,0.051425934,0.005665779
solar,11,45440,50048,0.9793038326196828,0.194734206131104,0.08038998,0.9102912,0.23810482,0.75257635
solar,0,42624,48384,0.9792951067729116,-0.1301054801239193,0.52399206,1.4287262,0.5646124,1.4693465
solar,15,44352,48960,0.9792758018065204,-0.116634242944396,0.7565665,2.7529464,0.9941578,2.9905376
solar,63,43520,50432,0.9792576256573357,0.2352210812108644,0.5433831,1.2803273,0.14588404,0.88282824
solar,53,44864,46592,0.9792438301721532,0.1365792067440594,0.21701574,1.5304017,0.16129827,1.1520877
solar,62,47872,48448,0.9792259697658218,0.2396335827307925,0.57917213,0.39339256,0.8791814,0.09338331
solar,44,45312,47616,0.9792218345742046,0.2552256806711587,0.68282175,1.2375865,0.80681276,1.3615775
solar,30,43264,51456,0.9792026801047664,0.1164263370249876,0.31638336,2.9906735,0.20743084,2.4668593
solar,1,42816,43392,0.9791992441423384,-0.0705893115282266,1.508635,0.15039182,1.4379163,0.22111058
solar,81,42560,47744,0.9791969890785585,0.0524709896896465,0.17595005,1.6392465,0.42497253,1.390224
solar,33,42560,49472,0.9791957809197032,0.2016751350794951,0.20842505,1.7213659,0.46812248,1.4616685
solar,86,45376,49408,0.9791917979736572,0.066536702881967,2.0496712,0.5446696,1.7102809,0.20527935
solar,135,44096,50432,0.9791709736046867,0.1907111999200867,0.14403439,0.7532048,0.18839073,0.4207797
solar,22,45632,51968,0.979166503598784,0.2774555223486742,1.4707851,0.7116208,1.8064566,1.0472922
solar,10,45632,46208,0.9791546661387912,0.2895697047647671,0.48484516,0.30391884,0.68570995,0.10305405
solar,11,45504,46656,0.979150954055429,0.1518573312772322,0.96868324,2.1802735,0.75944614,1.9710364
solar,43,43648,50560,0.979142189667662,0.0725623291322839,0.26105356,0.19733286,0.5183759,0.45465517
solar,57,46528,48832,0.9791270416830568,0.1127029623134881,3.0086813,0.440022,2.9335322,0.36487293
solar,65,46208,47936,0.9791049850796176,0.2674258095030322,0.5009408,1.2819333,0.16536522,0.9463577
solar,4,47744,52352,0.979096806620962,-0.2526329382882359,0.17170763,0.7956557,0.26722956,0.89117765
solar,104,42624,51840,0.979042170921112,0.247064280506976,0.8723898,0.115792274,1.0154853,0.027303219
solar,68,47936,49088,0.97903935194721,0.2388796525277608,3.0997977,0.6558132,3.1849046,0.74092007
solar,17,44544,45120,0.979038135157406,0.1724024189280339,0.7673888,0.16355896,0.6062374,0.0024075508
solar,105,42752,44480,0.9790241596219066,0.0660220102996524,0.19375324,0.87035704,0.50051546,0.5635948
solar,104,42240,46848,0.9790227710276136,0.2339942311217313,0.0845685,1.0577054,0.19108486,1.1642218
solar,73,43584,45312,0.9790152398083808,0.2167294191011591,0.02372551,1.7757096,0.55914545,1.1928387
solar,8,42368,44096,0.9789988272520188,0.1692942238323218,0.14294434,1.5093694,0.36104965,1.0053754
solar,102,45952,46528,0.9789922515396234,0.0200492297577785,0.21129513,1.4158359,0.18347168,1.021069
solar,80,47104,49984,0.9789741724657972,-0.0296401283585831,0.25347042,0.08898544,0.49045992,0.14800406
solar,15,43328,45056,0.9789582789785434,0.1269187694425598,2.304388,0.88984585,2.2630467,0.84850454
solar,107,49728,50880,0.9789526437709948,-0.0654695892473843,0.19632006,0.0667305,0.17671299,0.08633757
solar,90,45696,49728,0.9789482925812102,0.2015460502896493,0.17531204,0.86298895,0.113170624,0.5745063
solar,92,44480,49088,0.9789302909646936,0.2875695469340993,0.5483632,0.39542103,0.51219463,0.35925245
solar,2,46016,47744,0.9789268483562906,0.0387850853174931,2.1848674,0.08289719,2.33036,0.06259537
solar,37,46400,48128,0.9789199779164132,0.1370736785418673,0.5229044,3.5909219,0.13578176,3.2037992
solar,48,44544,47296,0.9789146685646958,0.0511028578720832,0.28110218,0.28969765,0.08799076,0.09658623
solar,100,42048,44928,0.9789073837822432,0.0621514223417705,0.1990509,1.4761939,0.16362762,1.1135154
solar,67,45312,49920,0.9789068131632146,0.1492792403984355,0.02259922,0.16642952,0.013944626,0.17508411
solar,22,42752,43904,0.9788954215658754,0.0572085263449063,0.44912863,0.84251356,0.64321995,1.0366049
solar,93,42688,45568,0.9788666501766654,0.2889739911592854,0.14821768,0.14220953,0.18266678,0.10776043
solar,94,48896,51200,0.9788292462139114,0.0065440258919642,0.09851837,2.421784,0.2827487,2.2375536
solar,OT,43520,49280,0.9788237923003902,0.2662093064542526,1.2517354,0.7479074,0.9219632,0.41813517
solar,45,46528,49408,0.9788224199707578,-0.1615553040134807,0.2349267,0.16624737,0.07823038,0.009551048
solar,53,47872,52480,0.9788206395570206,-0.0242064663300588,0.01629448,0.3064432,0.18494797,0.10520077
solar,36,43776,51840,0.9788075159747828,0.1122418571245446,1.6448379,0.17289972,2.028275,0.5563369
solar,88,49856,52160,0.9787980561388934,0.1933659387814146,1.6319666,0.35049343,1.2268505,0.05462265
solar,46,46208,46784,0.9787906298980767,0.2891704934495693,0.9563074,0.45229387,1.1036925,0.599679
solar,23,44352,44928,0.9787482342398652,0.2187838383258546,0.33703136,0.043149948,0.8384237,0.5445423
solar,87,42112,51904,0.9787353182065752,0.1064974847895532,2.011773,0.25876856,1.996726,0.24372149
solar,116,45504,50112,0.97873316398877,0.2747808872812934,0.62517405,0.23133755,0.24500418,0.14883232
solar,87,45120,45696,0.978719958695975,0.269167357560686,0.19736338,0.29952908,0.4835143,0.58568
solar,68,42624,45504,0.9787076907570568,-0.0107105285282972,0.41767263,0.06770897,0.31036282,0.03960085
solar,109,48832,51712,0.9787025187231458,0.0830547503333543,0.11876249,3.2108684,0.3679781,3.460084
solar,15,44416,45696,0.9786915405781826,0.1187434669332286,0.18719053,0.18833208,0.43860054,0.06307793
solar,26,47936,50816,0.9786778954018528,0.2059706334773864,0.22362423,1.3589864,0.56680155,1.015809
solar,104,49408,49984,0.9786695780451364,-0.059566812961791,0.4059515,2.7369561,0.5662432,2.8972478
solar,30,45440,52352,0.978665920573202,-0.1584776060118304,0.6303129,2.463575,0.59877396,2.432036
solar,120,46208,51392,0.9786454278997057,0.2623249541656833,0.1289072,1.3154225,0.70081854,0.7435112
solar,69,48960,50688,0.9786255514311276,0.0951687789555288,0.25069904,0.0032839775,0.15575123,0.09823179
solar,42,47552,48128,0.9786064601364608,0.2322357881547214,0.44122362,2.6105747,0.04154253,2.2108936
solar,8,48832,49984,0.9785929120938672,0.1500288250760469,0.3611412,1.6097231,0.6136937,1.8622756
solar,103,43712,51776,0.9785825980489384,0.2149369386506743,0.023362637,1.6535621,0.11357546,1.5633492
solar,19,42560,44864,0.9785823004763756,-0.0064884012294006,0.22107792,2.559475,0.5394974,2.2410555
solar,1,43648,47680,0.9785821816927992,-0.2083100169537045,0.09623766,0.3352089,0.3056636,0.73711014
solar,14,48448,49024,0.9785543192793866,0.2096871801424769,0.07493162,0.11082029,0.111852646,0.07389927
solar,90,47936,51392,0.9785476338935432,0.2985610118373561,0.038904667,0.1611886,0.12678671,0.07330656
solar,125,44416,49024,0.9785277418908576,0.1511872426509171,0.14088392,1.8787842,0.05774784,1.7956481
solar,120,45120,46848,0.9785129651531996,0.2200313974316099,0.13494825,0.2451272,0.16579914,0.21427631
solar,4,43584,44736,0.9785085643453728,0.2138476441931183,1.1331825,0.48835516,1.1873164,0.54248905
solar,99,48256,49984,0.9784947456681584,0.198620062572292,0.48774433,0.25800514,0.31921387,0.08947468
solar,99,47232,51264,0.9784907629694656,0.2360001509762007,1.3385048,0.13464737,1.467422,0.005730152
solar,56,42432,51776,0.9784828560603436,0.2893065022005001,1.0207548,0.105867386,1.3810611,0.25443888
solar,111,42496,46528,0.978460534494628,0.0132261010687669,0.0574522,0.38994598,0.0028162003,0.33530998
solar,31,45120,50304,0.9784562033970666,0.161205062377451,0.291687,0.4928298,0.039562702,0.16158009
solar,1,44224,52288,0.9784361196900592,-0.0209136544222721,0.6464634,1.8923931,0.6799574,1.9258871
solar,52,42176,51392,0.978411882729809,0.2347654790257201,0.53278875,0.6217494,1.0115385,0.14299965
solar,87,46208,51968,0.9784052624095224,0.2082633880311518,0.065867424,0.29076672,0.34836817,0.008265972
solar,42,45504,49536,0.978398110124898,0.2175942894655771,0.7402425,3.2464128,0.626554,3.1327243
solar,70,44480,50816,0.9783731554945092,0.138708475766649,0.2609105,0.7780962,0.5058422,0.5331645
solar,57,43968,45120,0.9783651291088832,0.2545139113788733,0.45288992,0.32438707,0.88611555,0.10883856
solar,106,46272,50304,0.978357867912752,0.2114443377967019,0.013699055,0.49318123,0.42200089,0.90148306
solar,92,46208,51392,0.9783422441179264,0.2560185118497155,0.049728394,2.347464,0.50138855,1.7963471
solar,91,42048,43200,0.978341444925158,0.1552131013711114,0.33528042,0.15960121,0.850832,0.6751528
solar,73,48896,50048,0.9783348183690967,0.0915678610688198,0.4591956,0.45452547,0.33433294,0.3296628
solar,10,44480,51392,0.9783281071985584,0.2913113448740079,0.46521187,0.37221384,0.76551676,0.07190895
solar,58,45632,51392,0.978321812397993,0.2567992594364698,0.3770237,0.43491697,0.77654743,0.035393238
solar,86,46208,51392,0.9783047463933976,0.2790079516962549,0.48976707,1.6358304,0.1875825,1.3336458
solar,12,45056,51392,0.9782967536611222,0.2779557502236531,0.13952446,0.26661158,0.014054298,0.14114141
solar,32,50880,51456,0.9782911853841708,0.2950921291322133,1.6248085,0.39792156,1.266624,0.039736986
solar,46,43392,45120,0.978284118711228,0.0678702293632685,0.098751545,0.30488014,0.09391236,0.49754405
solar,45,42496,49984,0.9782717300645762,-0.0261533125204453,0.7542434,2.740025,0.72925806,2.7150397
solar,18,44544,47424,0.978259713872902,0.1397797082464648,0.12234306,0.14426804,0.21199179,0.054619312
solar,31,46208,49664,0.9782259709652537,0.2963410448142575,0.38532686,0.2955327,0.51927996,0.16157961
solar,70,47808,48960,0.9782216426738772,-0.1766529292357334,0.29410028,0.23353577,0.4232521,0.104383945
solar,65,43840,50752,0.9781952124013412,-0.0502525793739054,0.10913181,0.1367073,0.21122313,0.034615993
solar,82,42240,43392,0.9781910305895984,0.1481583012796826,1.2667298,0.28621674,0.7902279,0.1902852
solar,39,44224,46528,0.9781884947095276,0.1966771208272216,0.046649933,3.5507345,0.31366444,3.817749
solar,110,46592,48320,0.978171174467393,0.1237312041037526,0.032678604,0.66621876,0.02174902,0.6552892
solar,46,47744,50624,0.978162889539364,0.0657254738004175,2.7410011,0.30864954,2.9393325,0.110318184
solar,68,49664,51968,0.9781550422116718,-0.0456376305771606,0.65091944,1.738697,0.76437473,1.8521523
solar,90,48128,51584,0.9781495598917764,0.1914490569558071,2.6822462,0.15394163,2.901938,0.37363338
solar,52,43072,47808,0.9781413952418492,0.0707016017830074,0.46822834,1.7908359,0.099144936,1.4217525
solar,81,46656,50688,0.9781299731698464,0.1622311714153948,0.7890425,0.19718647,1.0767164,0.09048748
solar,79,42176,44480,0.9781274835926236,0.1602629658771129,0.15790606,0.93753386,0.34054708,0.7548928
solar,24,42752,51392,0.9781032054963916,0.2456309109517054,0.090316296,0.36853886,0.08904123,0.18918133
solar,102,44864,46592,0.978098249870232,0.0756090156702546,1.1113348,0.15489626,1.1682763,0.21183777
solar,70,45696,49728,0.9780975867274068,-0.1907573925756708,0.57912016,1.1775126,0.29630423,0.8946967
solar,112,43328,47360,0.978079836266277,0.2718669422529774,0.13342524,1.2892509,0.457417,0.9652591
solar,89,45696,49728,0.9780564819120828,-0.0876437796841837,0.08444309,0.9799752,0.2274108,0.66812134
solar,38,45632,50240,0.9780381108544248,0.254961515304672,0.23894882,0.20411968,0.3055725,0.137496
solar,60,45056,51968,0.978036938362287,0.2765883966028906,0.2381072,1.8840866,0.8262305,1.2959633
solar,30,44736,51648,0.9780354432839116,-0.0232435886479978,2.1070771,0.12005758,2.373664,0.38664436
solar,36,44224,49408,0.9780070541318746,0.0838512500876736,0.11712551,0.15684032,0.025020123,0.29898596
solar,107,46592,47744,0.9780051365829744,0.1180402809672752,0.16746187,1.4498281,0.46434116,1.1529489
solar,116,44800,47104,0.97799927361634,-0.0432660230666342,3.4310613,0.47963524,3.2054992,0.25407314
solar,104,43392,46272,0.9779980340224648,-0.0022896443314198,0.21773076,0.2769282,0.010604858,0.069802284
solar,57,43648,49408,0.9779765691037964,0.0285425520491044,0.16801119,0.011153698,0.16492844,0.01423645
solar,25,43712,44864,0.9779683350632566,0.1591331723862951,0.4653983,0.17393827,0.7880926,0.14875603
solar,59,42176,45056,0.9779479420588568,0.205141944881666,0.08709049,1.0479646,0.5336633,0.6013918
solar,93,50816,51392,0.9779400611288476,0.2386195352546192,0.96061087,0.8827357,1.6998549,0.14349174
solar,11,42176,45632,0.9779374124580024,0.2501120193811288,0.14858007,0.421381,0.36858416,0.20137691
solar,60,44480,49088,0.9779194950248088,0.2764023935596842,0.14959002,0.74406576,0.37843323,0.51522255
solar,46,45056,47936,0.9779094331653132,0.2867047753894265,0.32663155,0.90399647,0.5877371,0.64289093
solar,6,43072,48832,0.9778964327782828,-0.1479111831456558,1.3573656,0.7520423,0.972229,0.3669057
solar,76,43328,47360,0.977890480944569,0.2958010035790446,0.2932515,0.7285967,0.18544579,0.62079096
solar,52,43648,47104,0.9778413491701216,0.2302742083317803,0.45383024,0.26956558,0.1984148,0.014150143
solar,41,44992,48448,0.977839844716755,0.2705072045635619,0.16719437,0.8876672,0.15851545,0.87898827
solar,45,46144,46720,0.9778328485634582,0.2428685982180387,0.12374067,0.043265343,0.102138996,0.269145
solar,135,43840,47296,0.9778305730452004,0.2952409531552518,0.92876434,0.032722473,1.1637034,0.20221663
solar,118,46400,47552,0.977818994959642,0.2245229953716037,0.16280699,0.19330549,0.30998373,0.34048223
solar,108,46144,46720,0.9778057134980358,-0.0221483207787564,0.04696083,0.25458336,0.23681831,0.5383625
solar,65,46272,50304,0.9778045264495494,0.2280728040388406,0.024020195,0.75405216,0.34220457,1.1202769
solar,82,44096,49856,0.977794862876202,0.0676758352080029,0.038615227,1.3397021,0.4170885,0.8839984
solar,118,45056,50816,0.9777942257710498,0.2881784961963569,0.1809516,1.0680518,0.6142678,0.6347356
solar,12,48896,51200,0.977792156401212,0.2553903764910823,0.1269412,2.7831273,0.3655858,2.5444827
solar,131,44352,44928,0.977779368501545,0.1267460343091595,0.40020847,0.29068327,0.35926723,0.24974203
solar,109,42176,42752,0.9777698696076036,0.1933398325160487,0.71597815,0.3825531,0.83557415,0.2629571
solar,0,48960,50688,0.9777673730935228,-0.2149160668253752,0.7530694,0.07788944,0.9105954,0.079636574
solar,63,47360,47936,0.9777646311308512,0.2956184977589056,0.29608965,0.3423581,0.74053526,0.1020875
solar,25,43776,50688,0.9777596839550486,-0.1471191907439025,1.0059605,0.37735605,0.96716833,0.4161482
solar,1,43840,44544,0.9777238527292736,0.1537926224560168,0.26211548,0.14900589,0.40340757,0.29029799
solar,27,42240,46848,0.9777091959680771,0.2380114339273886,0.570241,0.33739758,0.7746911,0.5418477
solar,64,48512,49664,0.9777012746399693,0.1883614682839234,1.2734795,0.16282749,1.5371094,0.4264574
solar,74,47744,47872,0.9776972552365278,0.1030543810956565,0.026769161,0.04072714,0.124069214,0.056572914
solar,27,46976,47552,0.977696648263661,0.1169873698744421,0.003920555,0.121964455,0.13147688,0.2573619
solar,124,48256,49984,0.9776959042758668,0.1225828919157499,0.28686,3.1385946,0.065870285,2.7858644
solar,2,43392,45120,0.97768247007765,0.2790441846957272,0.1492567,0.25152922,0.08370638,0.31707954
solar,80,49024,51328,0.9776712865903444,0.0535294998041992,1.7592506,0.36812878,2.0352437,0.6441219
solar,94,43392,50304,0.9776687372047688,0.2191721990385988,0.21402359,0.85252094,0.07225919,1.1388037
solar,4,42560,43712,0.9776596035668902,0.0851763983270249,0.21739197,0.7001486,0.26609278,0.6514478
solar,66,45056,49664,0.9776577917611377,0.2891385883814394,0.70769405,0.45847416,0.95618105,0.20998716
solar,104,50688,52416,0.9776486613134692,0.0674636846204355,0.34162188,1.0924492,0.23820734,1.1958637
solar,91,47936,50816,0.9776246480368976,0.2400881629350556,0.02444458,0.7954254,0.42551804,0.3454628
solar,5,46848,47424,0.9775854238286557,0.0033599544571973,0.08110714,0.078186035,0.15822268,0.15530157
solar,123,43840,46144,0.9775817660823326,0.1412476955609487,0.99801016,0.0546093,1.1932883,0.24988747
solar,67,45120,46272,0.9775417156394915,0.2544497583537306,0.4827323,0.01804018,0.30554295,0.15914917
solar,133,51392,51968,0.9775388528373152,0.287489733805679,0.18786669,1.4503756,0.6092582,1.0289841
solar,8,47552,48128,0.9775328040772748,0.2857811846820254,0.24127436,2.8658075,0.01323843,2.6112947
solar,26,48576,50304,0.9774881002899016,0.2620750043853994,0.17737865,0.14874506,0.2810154,0.04510832
solar,48,42624,48960,0.977477760187192,-0.0817309323673382,0.9055824,1.9676418,0.6801262,1.7421856
solar,65,43200,44352,0.977475596867193,0.2149835418353781,0.3375244,1.2907147,0.061797142,0.8913932
solar,4,49920,50496,0.97746371496604,0.1880022222816284,1.3051028,0.21273899,1.2518344,0.15947056
solar,48,47552,52160,0.977422580442383,0.2047306849576697,0.9517331,0.07878542,1.3092237,0.27870512
solar,18,49408,50560,0.9774220282804406,-0.0223966697866763,0.0799551,0.112005234,0.47952557,0.6714859
solar,87,46080,52416,0.9774146977554804,-0.1025628388430017,0.36983824,2.6460261,0.058983803,2.217204
solar,42,47936,51392,0.9773927464015596,0.2190426505091444,0.037865162,0.06667471,0.18413782,0.07959795
solar,59,47936,49664,0.9773798486005998,0.180679788900464,0.3033991,0.6903539,0.13999748,0.52695227
solar,87,43904,44480,0.9773785683636306,0.2859759135179739,0.6166744,1.8662906,0.3691125,1.6187286
solar,11,42240,47424,0.9773699199844268,0.2717788722743464,0.49226665,0.4011345,0.70842123,0.61728907
solar,76,47808,51136,0.97736951311247,-0.2767028079609527,0.25129032,0.4476614,0.15155125,0.34792233
solar,133,43328,43904,0.977345701090482,0.2890215969533976,0.15230846,2.04356,0.7416463,1.4542222
solar,46,43648,47232,0.9773455789109204,0.0224899157333628,0.35258913,0.9727063,0.2377677,0.8578849
solar,129,44544,44992,0.9773385840148828,-0.0948261305159934,0.643888,0.00564003,0.39601946,0.25350857
solar,52,44864,49472,0.9773364418796544,0.223245522714077,0.12807846,1.8437452,0.27063036,1.7011933
solar,0,43648,46528,0.9772945646999264,-0.1344158638145819,0.2499857,0.32354212,0.12936544,0.20292187
solar,98,42816,45696,0.9772839956231396,0.0982074477937072,0.2752018,0.31846952,0.008576393,0.034691334
solar,117,49024,50752,0.9772676428296746,0.0112915585853866,0.80551195,0.09709978,0.96960783,0.0669961
solar,110,47936,50816,0.977256563255396,0.2847341221374166,0.26454735,1.8093495,0.04076624,1.504036
solar,86,42048,47680,0.977238066869308,-0.2117855007671996,0.0067720413,1.0260792,0.20481539,0.81449175
solar,60,43520,46976,0.9772206164868548,0.2723506548879396,0.8311515,0.44414473,0.6527076,0.26570082
solar,10,47360,47936,0.9772004429328288,0.2961074354836994,0.5795016,0.6884537,1.092545,0.17541027
solar,99,47360,47936,0.9771838475415274,0.2986554180901901,0.17815304,0.16888618,0.34441042,0.0026288033
solar,59,43840,49600,0.9771822784394444,-0.1159503128739674,0.21745014,0.18044806,0.37587595,0.022022247
solar,131,43840,46720,0.9771583281762384,-0.0332612526408607,1.9974847,0.27547312,2.015912,0.2939005
solar,32,45504,51264,0.9771523213983536,0.2269642860253403,0.275321,0.25309896,0.5443311,0.015911102
solar,118,49984,50560,0.9771476625733102,0.197373164164764,1.4917636,0.69131327,1.1830068,0.38255644
solar,134,47104,48832,0.9771449648397894,0.2602249943016194,0.44977093,0.013132095,0.39458752,0.042051315
solar,107,42176,45056,0.9771447113453244,0.2004603504265722,1.6817145,0.25012684,1.9752655,0.04342413
solar,12,42624,51712,0.9771423677380632,0.0827695855131275,0.21080828,1.7033167,0.05124569,1.8628793
solar,106,46208,48512,0.9771367340003834,0.2662830106899558,0.19512987,1.6554022,0.62652063,1.2240114
solar,37,45504,51264,0.9771362776832412,0.2684314627152963,0.9642606,0.38914394,0.7423401,0.16722345
solar,32,44544,49152,0.9771357951863014,0.2226852011298453,0.38212395,0.4758582,0.20242453,0.2961588
solar,55,48512,49664,0.9770969937811655,0.2438508537579526,0.4013729,0.02729702,0.38349867,0.04517126
solar,72,47360,51968,0.9770947841162236,0.297195723341256,0.1716237,1.0960226,0.20319557,1.0644507
solar,6,44544,49728,0.9770913255691608,0.1671115819105826,0.17343855,0.021959305,0.17670345,0.025224209
solar,45,42432,48768,0.9770759008688834,0.2665530731234387,0.296937,0.9094324,0.42452192,1.0370173
solar,55,46656,47808,0.977072111803601,0.2960132480235956,0.08012009,1.0834856,0.15659523,1.0070105
solar,46,42560,44864,0.9770605848797068,0.2346026657441693,0.1623807,1.9404354,0.4924798,1.6103363
solar,116,46016,50048,0.9770458017916996,0.1716964289250831,2.2990108,0.4783287,2.67634,0.100999355
solar,15,42496,43648,0.977033809202592,0.2682397643996883,0.118478775,0.64579725,0.3253417,0.8526602
solar,20,45056,51968,0.9770274809785884,0.2853645860106653,0.27235746,0.40992546,0.16001368,0.29758167
solar,83,42240,50304,0.9770225852372844,0.12470482540842,0.6717124,0.38643217,0.65803385,0.37275362
solar,13,43776,51264,0.9769809105262658,0.2043590632573816,3.9428058,0.041736126,4.1951857,0.29411602
solar,75,42048,44352,0.9769290812125324,0.193902091613638,0.6540873,2.2393954,0.2052536,1.7905617
solar,39,43648,48256,0.9769169333483833,-0.1529837173222873,0.5240207,0.50716543,0.75770473,0.7408495
solar,65,50624,51776,0.97691335808049,0.2966923245432319,0.111413,3.4159718,0.27290487,3.25448
solar,51,46208,49664,0.9768831028931771,0.2265662803325457,0.07785702,0.9011922,0.39436293,0.5846863
solar,38,46208,47936,0.9768807732600142,0.2427373714064807,0.028356552,0.0593071,0.13220549,0.16315603
solar,131,42816,43968,0.9768747467060678,0.0127358624423094,0.06466532,3.465559,0.21007824,3.7403026
solar,44,48512,50816,0.976857099728715,0.2052015514025927,0.0027470589,0.915185,0.25468254,1.1726146
solar,99,42048,48960,0.9768388380476476,-0.1668055365725303,0.13870001,1.8889537,0.1247859,1.8750396
solar,25,47680,51840,0.9768371657884996,0.159620972574101,0.7115307,0.21996164,0.8415179,0.34994888
solar,64,45504,47808,0.976790663503732,0.0210465875795434,0.12894917,0.62408304,0.1901927,0.5628395
solar,116,48832,49408,0.9767672093444456,-0.1652335723277282,0.31998682,0.09094715,0.18411636,0.22681761
solar,58,42624,49536,0.9767666745729036,0.2496838892261945,0.48138666,2.3388572,0.54794645,2.405417
solar,125,45120,47424,0.9767634014436384,0.1630805676416167,1.1590729,0.2224102,1.4921231,0.55546045
solar,76,47936,51392,0.9767602185917632,0.2641534504528085,0.09895563,2.1843162,0.41538572,1.8678861
solar,57,42176,50240,0.976735194508132,0.2131308550002171,0.4074521,1.8036962,0.111495495,1.5077395
solar,62,44480,51968,0.9767349597506184,0.271575141700669,1.3299518,0.48676968,1.8683305,0.05160904
solar,77,43648,49408,0.9767108922169252,0.2045466882425566,1.2580357,0.27450943,1.0707097,0.087183475
solar,51,46784,50816,0.9766921368092784,0.278210012102255,0.23022223,2.1032176,0.8215771,1.5118628
solar,24,45056,50816,0.9766829862669272,0.29644960172465,0.22050476,1.9218621,0.80615044,1.3362164
solar,39,45440,51776,0.9766826268818144,0.2761314001917104,0.05663061,3.8471737,0.14726353,3.6432796
solar,95,42240,48576,0.976680423411353,0.2375159785332015,0.06956434,0.22101736,0.21006298,0.361516
solar,44,47552,50432,0.9766705686924544,0.0824570055804789,0.4582901,0.08436632,0.5304017,0.012254715
solar,109,45632,51392,0.9766685079457832,0.2952980014988637,0.59861183,0.3590169,0.685112,0.44551706
solar,49,44864,52352,0.9766665066441056,0.1441321845025485,0.936203,0.11729336,1.0464759,0.0070204735
solar,2,44992,46144,0.9766576116957388,0.2671406574161686,0.98437357,0.8337803,0.7933636,0.6427703
solar,71,51264,52416,0.9766551309530668,0.12503255318803,0.007425785,0.26162004,0.013662815,0.255383
solar,119,45696,49728,0.9766483143468924,0.2334234125795149,0.1812706,0.7634959,0.083040714,0.4991846
solar,117,47360,51392,0.9766400177930792,0.2780919252471928,1.3495841,0.21188784,1.7762804,0.21480846
solar,132,49664,50816,0.976633932016441,0.2281121999662078,0.031163692,0.47632217,0.08206463,0.42542124
solar,75,46528,47680,0.976579187390872,0.1782933495301852,3.2198143,0.50390434,2.8807158,0.16480589
solar,118,42752,43904,0.9765732595636852,0.2135207944370626,0.01576233,0.6406512,0.29272652,0.36368704
solar,111,43648,48256,0.9765676687855936,0.1527629877832223,0.53505754,0.074305534,0.7993369,0.3385849
solar,82,48832,49984,0.9765573038548522,0.1315197605737478,0.16969252,2.8252778,0.25190735,3.2468777
solar,82,47616,49920,0.9765315521942648,0.2394106615570859,0.26331615,0.11862707,0.06576586,0.44770908
solar,126,49280,52160,0.976476988222776,0.1209854445961128,1.4138174,0.13127613,1.282671,0.0001296997
solar,9,44224,48832,0.976476888299825,-0.0113679362797008,0.0014719963,0.23870373,0.09088659,0.14634514
solar,25,47104,49408,0.9764593735352566,0.1541392346749923,0.32236147,0.4026208,0.47976923,0.56002855
solar,110,42752,49664,0.976458766986214,0.1663514349813426,0.04330921,0.17393303,0.10181427,0.11542797
solar,20,46528,48256,0.976425107894051,0.0771692393159077,3.0954285,0.12490511,3.3480372,0.3775139
solar,0,45440,52352,0.97642497501583,-0.020641627032631,1.1515265,1.9653072,1.034287,1.8480678
solar,97,48832,50560,0.9764121331538832,-0.3719832168937881,0.17664099,1.1012106,0.42159843,1.346168
solar,54,44992,46720,0.9764081790502191,0.1123634904426774,0.25440598,1.2372799,0.103158,1.0860319
solar,45,46784,49664,0.9764071325252875,0.1495707803062595,0.4052329,1.4846025,0.54888105,1.6282506
solar,114,46144,49600,0.9763886840804532,0.2204893547129953,0.35244036,0.44671822,0.32925892,0.42353678
solar,106,47360,50816,0.9763840590151962,0.2694499273045912,0.16805983,0.3660555,0.25419998,0.27991533
solar,124,45056,50816,0.9763611288219366,0.244112391150896,0.14574099,1.6811047,0.6299243,1.1969213
solar,100,46016,51776,0.9763502928667952,0.0253015031723676,0.0854435,0.00064468384,0.26792336,0.18183517
solar,87,45056,50816,0.976342090773832,0.2915541342131434,0.6141243,3.3872795,0.3005209,3.073676
solar,81,45056,51968,0.9763393574544216,0.2528906649442443,0.10567236,1.2296357,0.7353916,0.59991646
solar,90,44864,51776,0.976310537809779,0.0368401236175865,0.33125353,0.03553629,0.38771725,0.09200001
solar,126,48256,48832,0.976305873888197,-0.0871673951927662,0.6493802,0.6121497,0.70853853,0.67130804
solar,43,45056,51968,0.976290959966854,0.2668269757563601,0.014403343,0.3961692,0.292912,0.11766052
solar,113,46208,49664,0.9762780226190202,0.2667346248623523,0.5856824,0.008375168,0.7426815,0.14862394
solar,129,42240,46848,0.9762709674202312,0.0027045925236061,0.044107437,0.08321142,0.43605042,0.4751544
solar,71,50240,51392,0.9762487479511012,0.2952638724275584,1.4067822,0.93179846,2.117907,0.22067356
solar,55,43520,48128,0.9762362862756722,0.1351260863724042,0.7163782,3.2023582,0.28905392,2.775034
solar,73,42112,47296,0.9762208402992184,-0.0016639830392089,0.9467225,0.38411808,1.4046464,0.07380581
solar,34,47680,49984,0.9761851909945762,0.2136546991373766,0.30703163,3.01371,0.5061798,3.2128582
solar,2,46208,51968,0.9761816191864956,0.2970840815206824,1.2527442,0.5482664,1.6372733,0.1637373
solar,106,42112,42560,0.976181171100184,0.0982416638879197,0.47398663,0.36248732,0.39914036,0.28764105
solar,126,45376,46528,0.9761680136223384,0.0404066460036954,3.1958733,0.50401163,2.9922729,0.30041122
solar,57,47104,48256,0.9761619841890544,0.2818320936476026,0.3803792,2.8264174,0.5341792,2.9802175
solar,19,44480,45632,0.9761571183362946,0.2205613194715279,0.052134037,0.14558983,0.021870136,0.219594
solar,122,43328,45632,0.976154608549558,0.2900360112825049,0.12938547,2.5559812,0.7822318,1.9031348
solar,95,43968,45824,0.976140735284069,-0.5380627626238238,0.53014946,0.31878853,0.9406152,0.09167719
solar,58,44992,45568,0.9761401510087192,0.0712433368459821,0.20778751,0.3497138,0.31041145,0.45233774
solar,134,44544,45120,0.9761235287682388,0.2940667901133821,1.1386914,0.6872239,0.74799347,0.29652596
solar,3,47232,52416,0.9761137299571654,0.0815085037283091,0.2130084,0.15195751,0.070117,0.009066105
solar,51,47552,52160,0.9761080571802904,0.2620299883220675,2.3289104,0.36130047,2.0769157,0.10930586
solar,0,47104,49408,0.9761054995455888,0.26151417049005,0.46325397,0.12379503,0.20661879,0.13284016
solar,77,48512,50816,0.9760938719360917,0.2745969676085171,0.0024204254,0.8026352,0.3100977,0.49495792
solar,1,42048,43776,0.9760908468541352,0.2991962224398358,0.31617308,2.5160584,0.15475178,2.3546371
solar,105,42240,43392,0.9760827456062822,0.220852935339844,1.0804024,0.013499498,0.81694174,0.27696013
solar,0,48512,50816,0.9760639226964474,0.2018385633898216,0.80309296,0.37394857,1.0105348,0.5813904
solar,110,48256,51136,0.9760560275832696,-0.0540743572903955,0.11913562,4.044347,0.118869305,3.8063416
solar,100,42752,46784,0.9760546577338196,0.2623074627331609,0.23784208,0.0053019524,0.22034979,0.022794247
solar,10,43072,50560,0.976042258592872,-0.1180231931560069,3.1662612,0.47019863,2.920958,0.22489548
solar,93,43648,47104,0.9760141469677798,0.2863868044232504,0.1779933,0.7940364,0.11788273,0.7339258
solar,2,48320,51776,0.9760026029514088,0.0267999586801448,0.3042078,3.7064085,0.00072956085,3.4014711
solar,108,46400,48128,0.9759905215086938,0.2689942549348735,0.032283306,0.7927208,0.029753685,0.7306838
solar,17,43328,46784,0.9759780782074208,0.2999422938881194,0.06366587,0.6851487,0.07630634,0.67250824
solar,59,46528,48256,0.975973900368763,-0.1451975604222157,0.12254763,0.2095542,0.16143608,0.24844265
solar,103,46592,50624,0.9759653526057231,0.298796723021025,1.3576632,0.43194485,1.6355524,0.1540556
solar,20,45632,50816,0.9759551893857106,0.2995031473170232,0.096606255,0.84848976,0.38639402,0.558702
solar,114,45056,47936,0.975953153475287,0.2532834419976841,0.33091402,1.5877042,0.74339914,1.175219
solar,26,44480,49088,0.9759317871494392,0.2904784376313504,0.288033,0.59003687,0.29252148,0.5855484
solar,31,45440,50048,0.9759301428572492,0.0064048690678707,0.045094967,0.6362014,0.006817341,0.59792376
solar,29,45504,52416,0.9758762763330632,0.011843710046532,0.9294591,3.8167171,0.58945227,3.4767103
solar,16,45632,50816,0.9758424913975496,0.2961170589683706,0.1403246,0.72839785,0.411911,0.45681143
solar,62,45440,47744,0.9758333946528096,0.2086200117938297,0.1301837,0.5598984,0.35931444,0.33076763
solar,56,44224,49408,0.9758294075953216,0.2480548154812441,0.055497646,0.34093666,0.11388302,0.2825513
solar,88,49536,50688,0.9758019909760414,0.1232492214795394,0.37016535,0.4104538,0.6163173,0.16430187
solar,26,44544,45120,0.9757921213419666,0.2371492627145789,1.3076503,0.35560346,1.0108519,0.05880499
solar,12,43904,50240,0.9757888978178592,0.1446462123884288,0.31209993,0.3093195,0.41263866,0.40985823
solar,39,44352,47808,0.9757850953500076,0.1831522547228222,0.2722826,1.7890568,0.29613686,1.7652025
solar,93,49280,49856,0.9757617787054164,0.2795271177956133,0.11186552,1.0744205,0.19594336,0.7666116
solar,34,46784,49664,0.9757360903641584,0.2905579497624477,1.618793,0.4865036,1.8226533,0.6903639
solar,122,45568,51328,0.9757240760684688,0.1198716098386655,1.4954202,0.18508053,1.4539423,0.14360261
solar,57,45696,49728,0.9757236402095794,0.2808667099307058,0.17912292,1.1179729,0.107195854,0.8316541
solar,129,45952,50560,0.975713591822811,-0.2974671480740128,2.6407561,0.5118871,2.2855248,0.15665579
solar,99,48320,51200,0.9756985173898456,0.1391908421517408,0.08258057,2.169066,0.2896471,1.9619994
solar,93,46016,48320,0.9756521345537842,0.1615726219806531,2.7891665,0.32395458,2.940135,0.17298603
solar,26,42752,45056,0.9756350371621256,0.2439800385058099,0.91983366,0.71929836,1.52809,0.11104202
solar,64,47552,48128,0.9756176209830852,0.2809853755821116,0.3208027,1.8310695,0.08330059,1.4269662
solar,84,43776,50112,0.9755699438866172,0.2529818974263436,3.4313297,0.40688276,3.85248,0.828033
solar,20,44928,50112,0.9755690542755446,0.0316052069967408,0.46844196,1.154644,0.10795355,0.7941556
solar,110,50176,50752,0.97555069567309,0.2033445110283855,0.23222065,2.3972068,0.06568527,2.2306714
solar,95,48256,48832,0.9755445675377624,0.1860030130862141,0.3261466,0.70149994,0.059541702,0.43489504
solar,44,43136,46016,0.9755375820744157,0.2007044824079872,0.70517874,0.0042939186,1.074964,0.3654914
solar,86,43968,46272,0.9755034101107848,0.2814026860983171,3.8209825,0.3167386,3.5850382,0.080794334
solar,95,43840,44992,0.9754950787113008,0.2828687309824578,0.5188365,0.008170128,0.29287434,0.23413229
solar,61,46208,50816,0.97547943753753,0.2731034394444044,0.17721939,1.6184454,0.7220049,1.0736599
solar,96,44800,50560,0.9754749681753444,0.1035754861196307,2.1878605,0.8132434,2.4353871,1.06077
solar,85,42816,50304,0.975461454734182,0.2092874366806166,0.7321286,0.18777895,0.6971173,0.15276766
solar,125,44928,47808,0.9754568358938664,-0.1047009825468108,0.69411755,3.4210415,0.5254793,3.2524033
solar,124,45632,49664,0.975454456217608,0.2682337508885468,0.20855856,0.76355267,0.42260075,0.5495105
solar,4,44224,48832,0.9754529670929948,-0.0548018251512968,0.5575948,1.9959631,0.63949776,2.077866
solar,38,46592,49472,0.9754514007121112,-0.5010194496564617,0.02658987,0.011360168,0.030533314,0.007416725
solar,52,45376,49984,0.9754478717755858,0.0673785389182767,0.04447651,0.30867672,0.012338638,0.27653885
solar,109,47872,50752,0.9754268459206216,0.0209402018166419,1.6653919,0.13518381,1.9402418,0.13966608
solar,34,42816,49728,0.975422868151462,-0.1540015774392593,0.24068213,0.058447838,0.3019204,0.11968613
solar,37,44800,45952,0.9754088934800672,0.2164663483963813,0.3694849,2.068768,0.09581089,1.6034722
solar,112,44800,48832,0.9754067483208396,0.0318603896090845,0.6931853,0.5995598,0.43798494,0.3443594
solar,128,45632,49664,0.975371434621693,0.2981210632727643,0.26291037,0.39897394,0.02259016,0.15865374
solar,36,46528,48832,0.9753687490447818,-0.0252722359767085,1.7147288,0.5170264,1.4538422,0.25613976
solar,69,49152,49728,0.975366396389519,-0.0172059936937538,0.022782803,0.046780586,0.032290936,0.101854324
solar,39,46016,47168,0.9753611237321336,-0.0490191741404272,2.4273005,0.52286625,2.7035122,0.24665451
solar,127,42432,49920,0.9753604099561828,0.1623689254019452,0.36347914,0.6207676,0.52040434,0.4638424
solar,83,42560,51776,0.9753406501906068,0.0259189313958102,0.13608599,3.8825917,0.33499765,3.68368
solar,124,43584,51200,0.9753230751788274,0.2825585002889435,1.2146025,0.56422853,1.4411807,0.7908068
solar,60,43968,50880,0.9753214916620264,0.1523662400454058,0.55928373,0.26990795,0.5762358,0.28686
solar,129,45376,49984,0.9752976607631224,0.1694181990635421,0.33745193,0.10229397,0.61976576,0.18001986
solar,19,45056,50240,0.975260885640569,0.2819520707823948,0.120921135,1.8903403,0.9773226,1.0339389
solar,95,46208,51968,0.9752507888257996,0.2590168985720284,0.27383184,0.95621014,0.49309397,0.736948
solar,135,44800,50560,0.975246390311,0.0705145078614515,1.885737,0.4832983,2.2611012,0.8586626
solar,31,46784,50816,0.9752402193883968,0.2621185955227996,0.13324404,0.14441109,0.11030865,0.16734648
solar,116,46208,51392,0.9752285998961356,0.2948214343550199,0.76386166,1.4148026,0.40459633,1.0555372
solar,31,47360,47936,0.975219334573737,0.1988902771171549,0.174716,0.25640678,0.12389946,0.30722332
solar,62,48832,49984,0.9751359502673878,-0.0958511966787711,0.348516,1.3269053,0.6914263,1.6698155
solar,60,45440,52352,0.9751315232788066,0.134807264946941,0.17946243,2.0495343,0.55338097,1.6756158
solar,11,46080,51264,0.97509556662564,0.084469771672873,0.44550323,0.37164116,0.48481178,0.4109497
solar,111,47360,51392,0.9750939624594916,0.2565158324823666,0.70512533,0.7354975,1.3632226,0.07740021
solar,52,51840,52416,0.9750786243488744,0.2141438230072181,0.023670197,2.4043937,0.23955965,2.1411638
solar,25,46144,49600,0.9750710694500908,0.2464640746058393,0.10559273,0.6324239,0.29402018,0.8208513
solar,114,46208,51968,0.9750700757677486,0.2906310357245085,0.29071426,1.7338271,0.7763109,1.2482305
solar,49,43328,50816,0.9750688645708644,0.1585243546204476,0.25729847,2.8404388,0.30788374,2.2752566
solar,55,49728,50176,0.9750649588136552,0.0959306322897176,0.37933207,0.3183279,0.4297614,0.36875725
solar,127,50176,51904,0.9750619692605798,0.2524470011998359,1.3113809,0.13467598,1.669136,0.49243116
solar,64,43072,46528,0.9750607300502284,0.1641132912849775,2.2844224,0.48665857,1.8570986,0.059334755
solar,29,46848,50304,0.9750586664088938,0.220161643846195,0.00895834,0.32184362,0.14750862,0.18329334
solar,8,42176,45056,0.975046674275089,0.0333215786419455,0.15583467,0.25852537,0.48168325,0.06732321
solar,121,44864,47744,0.9750415860765074,-0.0739895974181044,0.6703787,0.309577,0.80247974,0.44167805
solar,29,47552,52160,0.9750190709028717,0.2426943168226734,0.32563877,0.018362045,0.3517356,0.0077347755
solar,128,45056,51392,0.9750159995808156,0.2653970944487961,0.07606125,0.19761038,0.036766052,0.23690557
solar,92,46720,48448,0.9750112720087476,0.238289383151469,0.023122787,0.10628557,0.14220095,0.012792587
solar,97,44096,48128,0.9749836197757306,0.1449312461435173,0.15391207,2.2400484,0.18555355,1.9005828
solar,71,48576,49728,0.974974562474521,-0.1275425208475935,0.6271386,0.77776337,0.2533474,0.40397215
solar,87,45632,47936,0.9749652811484936,0.2748640306675778,0.45863724,0.39547062,0.80260754,0.05150032
solar,1,49088,51392,0.9749362895005358,0.2603858453646311,1.5588264,0.5570302,1.9935365,0.122320175
solar,8,45632,49664,0.974917609326847,0.249202111217416,0.025352478,0.25401592,0.1273241,0.10133934
solar,25,43904,51392,0.9749041885932344,0.2606196368484053,0.260818,0.93479204,0.34464836,0.8509617
solar,83,47936,50816,0.9748750758554104,0.2869160244356906,0.11102533,1.7408996,0.51825714,1.3336678
solar,99,45632,51968,0.9748579888054156,0.290636935441714,0.29781437,0.99102545,0.6152253,0.6736145
solar,69,42176,46208,0.9748554946270508,0.2967600463808561,0.6251707,0.16261387,0.67579985,0.11198473
solar,52,45696,47872,0.9748298807953498,0.1562099584277607,0.036755085,1.2722845,0.0926733,1.2163663
solar,18,47936,49088,0.9748201571601808,0.2411902600459287,0.17788744,1.3651824,0.45970488,1.083365
solar,24,46016,51200,0.9748063834320164,0.0779200073643958,0.034267426,0.33486843,0.14475536,0.2243805
solar,88,43904,49664,0.9747793382158302,0.2745349670268635,1.3395915,0.55021095,1.4236655,0.634285
solar,51,44288,47744,0.9747662452377902,-0.0380641106222026,0.13106394,1.0213032,0.3663416,0.7860255
solar,8,46208,50816,0.9747626839604356,0.229361644594046,0.18734694,1.5811782,0.5349965,1.2335286
solar,19,46784,47936,0.9747153232285136,0.2920282399869421,0.4130144,0.11860514,0.46620035,0.17179108
solar,92,42752,46784,0.9746908474953552,0.2445466548260526,0.14052534,0.46298313,0.06382799,0.2586298
solar,5,47360,50816,0.9746772126670746,0.2638743105646448,0.24436617,0.5497265,0.3959036,0.39818907
solar,83,45632,51392,0.9746454822990768,0.2821225786577946,0.3621111,0.09189844,0.41084337,0.04316616
solar,78,45376,49984,0.974640260729438,0.1919850838958334,0.10270214,0.24331379,0.00660038,0.14721203
solar,115,50432,52160,0.9746256226436268,0.2303850856353501,0.6318426,0.008797169,1.0202818,0.39723635
solar,19,43904,49664,0.974618099117286,0.2994437366905693,1.601346,0.13303804,1.7906585,0.3223505
solar,89,45056,46208,0.974617888185458,0.1824360772499935,0.16500664,0.14049482,0.2846632,0.02083826
solar,122,47744,50624,0.9746038321783256,0.1308376054944282,1.5068021,0.5156684,1.8098507,0.21261978
solar,46,47360,50816,0.974577389405292,0.273710777436688,0.12517738,0.3459487,0.20192003,0.26920605
solar,18,47360,50816,0.9745639910412328,0.2564830962041207,0.02385521,0.17433739,0.010860443,0.13962173
solar,123,42176,45056,0.9745615636107088,0.2646413777850145,0.26964426,1.9606361,0.70116234,1.5291181
solar,3,43904,51968,0.974548355398493,0.2753563435267187,0.28424788,1.4248462,0.45808315,1.2510109
solar,33,42048,47808,0.9745452947045452,0.1425703965618332,0.12389517,2.4562998,0.09211779,2.4245224
solar,55,43136,47744,0.9745073141006018,0.0557139698236924,0.13328886,0.6419735,0.0116939545,0.49699068
solar,2,45632,49088,0.9744963115200158,0.2725909333367211,1.8097153,0.49565458,2.2428408,0.06252909
solar,48,45632,51392,0.9744853928107396,0.2959134376730858,0.8696747,0.41341352,1.2068682,0.750607
solar,50,48512,50816,0.9744738201834174,0.2793781899442168,0.02809906,0.32789707,0.21878529,0.081012726
solar,65,47360,50816,0.9744735832049892,0.2644187470917672,0.21483946,0.5113969,0.2871127,0.43912363
solar,6,46080,48960,0.9744480833405478,0.0411411852886034,0.42173767,1.9245853,0.06754875,1.5703964
solar,135,43520,46400,0.9744463756155504,0.1058593577966826,0.41302395,0.91625977,0.12611246,0.6293483
solar,10,43904,51968,0.9744434655592712,0.2908394055550391,1.3506565,0.52778625,1.7417965,0.13664627
solar,25,45632,51968,0.9744400361004548,0.2650167852955802,1.1802592,0.13351154,1.4749141,0.1611433
solar,85,43136,44864,0.9744230957949264,0.1302536977226887,1.6863346,0.30713797,2.069821,0.076348305
solar,19,43520,47552,0.97441984263035,0.1368678291255891,0.12572956,0.9021139,0.20735693,0.5690274
solar,15,43904,44480,0.9744131831935244,0.0482519788559362,0.46686125,3.232523,0.52263165,3.2882934
solar,79,49408,51712,0.9743988900494872,-0.3860433452786059,0.217731,3.3480282,0.3778181,3.5081153
solar,52,46208,51968,0.9743868647016256,0.2933711396117573,0.027116776,1.0017152,0.07736158,0.9514704
solar,18,42816,45696,0.9743736481369848,0.2255597932953668,1.1310787,0.0667696,0.8688011,0.195508
solar,101,49088,50816,0.9743606276030726,0.2931649495197736,0.25323486,0.79820204,0.15711164,0.7020788
solar,45,42112,50752,0.9743554207112404,0.2301895739475201,0.6752496,0.04675722,0.89243984,0.2639475
solar,103,44480,48512,0.9743451697834432,0.2727794233846797,0.51399183,0.74750805,1.0213776,0.24012232
solar,101,43968,46272,0.9743410973815734,0.2105985661167911,0.118113995,0.56292677,0.14434862,0.53669214
solar,113,43968,45120,0.9743294067348832,0.2761622414802681,0.24196339,0.03570175,0.10947037,0.16819477
solar,104,45952,51136,0.9743151642395796,0.2961079038118836,0.18740845,0.0071468353,0.08576393,0.09449768
solar,56,42560,47744,0.9742937956584128,0.0127973503466645,0.18867397,1.940031,0.45294428,1.6757607
solar,44,44096,49280,0.9742683282810586,0.2130095235155425,0.3565154,1.9930701,0.12273693,1.5138178
solar,10,45376,49984,0.9742674100107136,-0.0224752578727981,0.101148605,0.6234379,0.061600685,0.4606886
solar,113,47104,49984,0.9742552958641169,0.1099212949712032,0.14747,3.1313896,0.43216896,3.4160886
solar,89,42752,50240,0.9742454605582476,0.2793317473708849,0.25881243,1.5156145,0.6072192,1.1672077
solar,4,48960,51840,0.974219620720308,0.0482172483715446,0.51454496,0.5849719,0.33597517,0.4064021
solar,125,46208,50816,0.9742141830982146,0.2173199110232535,0.2132597,1.4072556,0.496027,1.1244884
solar,53,47104,48832,0.9742012031913208,0.1761735621641582,0.14016008,0.023151875,0.07327032,0.04373789
solar,134,47360,47936,0.9741990037270428,0.2876764510181327,0.58941364,0.56733274,1.092566,0.064180374
solar,60,44096,48128,0.9741952105485666,-0.0169173152755633,0.3003974,0.6606412,0.20127869,0.5615225
solar,67,45248,45824,0.9741820853052936,-0.1078704346165953,0.20444536,2.9970317,0.021480083,2.7711062
solar,3,45056,51392,0.9741752702147388,0.2837592578254233,0.86005354,0.095915794,1.0433187,0.087349415
solar,60,43136,50624,0.9741706998675166,-0.0133018755030959,2.2347746,0.56979513,2.5548382,0.24973154
solar,17,47936,48512,0.9741654718939228,0.2832260687016789,0.22836924,1.6948733,0.5571842,1.3660583
solar,8,42752,46784,0.9741431242983148,0.2081522150331207,0.47984743,0.3922572,0.40264225,0.31505203
solar,86,43712,45440,0.9741259081273056,0.0936069552495003,2.3047552,0.4532056,2.5664744,0.19148636
solar,103,44416,50176,0.9741165158865036,0.2337400043679748,0.591084,0.72760296,0.2726617,0.40918064
solar,105,46720,51328,0.9741043712703704,0.1585400188006628,1.6946177,0.17868376,1.3895941,0.12633991
solar,35,43328,47936,0.9740996797590754,0.2483924266925168,0.22026062,0.0684185,0.5872526,0.2985735
solar,63,46016,50624,0.9740895150287782,0.1629472302605733,3.1033707,0.12910652,3.281816,0.049338818
solar,127,49472,50048,0.9740831725441144,0.2951252267054591,0.15167856,0.3521304,0.23437452,0.26943445
solar,6,49088,51392,0.9740696795210968,0.242681019904846,0.13389778,0.019786358,0.080112934,0.073571205
solar,96,45568,46144,0.9740674325558042,-0.1096522514853925,0.6891842,0.09818745,0.42129564,0.1697011
solar,37,49472,52352,0.9740626819788788,0.0933789087507533,0.24625635,0.104896545,0.33850193,0.012650967
solar,56,45632,51392,0.9740547639079477,0.2604888038660335,0.2051611,0.6615863,0.35190058,0.5148468
solar,60,42048,47808,0.97404341547741,0.2282453323906281,0.5858927,4.6935177,0.28614378,4.393769
solar,85,47936,50816,0.974039210501614,0.2798280887991316,0.035964966,1.0788054,0.17821503,0.86462545
solar,2,43328,50240,0.9740285781164744,0.2988559263957031,0.1198163,3.2125635,0.8226576,2.5097222
solar,81,43968,44544,0.9740261845479736,0.172516367870853,0.22622824,0.7366595,0.054885387,0.9080024
solar,120,47360,50816,0.9740256178199904,0.2587504864082793,0.10394764,0.31379223,0.18662167,0.2311182
solar,26,43904,51392,0.9740237407542872,0.2982720177901226,2.1318045,0.7011566,2.787253,0.04570818
solar,113,46784,50816,0.974016721481854,0.2747612764527745,0.12746906,0.3070202,0.2156086,0.21888065
solar,105,49152,50880,0.9740156996026708,0.2837836729875975,0.085348606,0.6514058,0.096735954,0.64001846
solar,37,44416,52480,0.9739990095502444,-0.105507247632579,0.07219553,1.8740301,0.091807365,1.7100272
solar,84,46144,47296,0.9739939061416336,0.2818609093759279,0.0653429,0.7563224,0.10111952,0.792099
solar,2,45056,51392,0.9739756479927032,0.2853503251654555,0.20389128,0.084681034,0.16499281,0.045782566
solar,6,42496,47680,0.9739625616606166,0.2249983824449514,1.2586741,0.9422345,0.657217,0.3407774
solar,62,42176,46784,0.9739563542005568,0.2990935197831368,0.09869909,0.36388302,0.20210648,0.26047564
solar,128,47104,49408,0.9739291401649198,0.1230202878986995,0.074546814,0.10201788,0.043075085,0.015604019
solar,72,50240,50816,0.9739239731433568,0.2378078717649633,0.31805706,0.0705204,0.15033531,0.09720135
solar,118,46208,47936,0.973923854229338,0.28277087368622,0.06490946,0.18240404,0.24339628,0.0039172173
solar,27,45632,51968,0.9739219780449356,0.2692680582734388,0.09516811,0.56723595,0.4107957,0.25160837
solar,69,46464,49920,0.9739154373615896,0.1325239676366576,0.0021972656,0.15202904,0.0069994926,0.15683126
solar,76,45376,48832,0.9738962159758576,0.0677319380887333,3.0919375,0.45677185,2.774498,0.1393323
solar,83,43136,50048,0.9738822099449927,0.1253472149132539,3.2962146,0.18021154,3.4991255,0.022699356
solar,14,46784,50816,0.9738487864071348,0.2948916195020049,0.0064730644,1.5468221,0.26605368,1.2742953
solar,84,48448,49600,0.9738476814353908,0.2776774693689402,0.3484764,0.053007603,0.5939698,0.298501
solar,9,47360,50816,0.9738367128068952,0.2471866380474864,0.059782982,0.28310394,0.04037285,0.2636938
solar,14,50624,52352,0.9738012060499796,0.0593945735128594,0.1467948,2.5012035,0.36359262,2.2844057
solar,47,47104,49408,0.973784631739791,0.2303647075842827,0.4981413,0.032064438,0.37713528,0.088941574
solar,130,42432,49920,0.9737781093595148,0.0696037558336571,0.25797176,0.51849556,0.4696493,0.306818
solar,88,43648,50560,0.9737712130611246,-0.421670609043551,2.583786,0.556128,2.484384,0.45672607
solar,106,43840,44992,0.9737613510913016,-0.1459135956390585,1.5991001,0.43943024,1.6990323,0.53936243
solar,120,42112,50176,0.9737596104021522,0.181304246169091,2.408308,0.069242954,2.624731,0.14718008
solar,29,43712,44864,0.9736993514996528,-0.045899943498265,0.006289482,2.2438946,0.23749208,2.012692
solar,91,42240,49728,0.9736941362626156,0.1899984200183509,0.21204948,0.19401836,0.0065340996,0.41260195
solar,17,47104,49408,0.9736881339111204,0.2194357529661297,0.07414198,0.34848928,0.25287676,0.52722406
solar,43,43776,50688,0.973685695924262,0.1561940018966063,1.8221946,0.17720556,1.7949309,0.2044692
solar,67,43136,46016,0.973676404606322,0.2136839075030829,2.710897,0.14150858,3.1430244,0.2906189
solar,75,42752,47360,0.9736522401349196,0.2333696829370626,0.23747349,1.0639186,0.56283855,0.7385535
solar,87,42176,51392,0.9736483265222248,0.2594527767544087,0.11114502,0.004980564,0.01908493,0.12524939
solar,3,51136,51264,0.973636905685656,0.2062380413925516,1.1420565,0.015153885,1.3851814,0.22797108
solar,26,42560,49024,0.9736344197541242,0.2835867528215332,0.052400112,0.08459377,0.01669836,0.120295525
solar,113,45056,51392,0.9736175810762444,0.2722665593724853,0.21233368,1.1259804,0.41898298,0.9193311
solar,135,43136,51776,0.9736043647314708,-0.125944850881903,1.2370782,0.31160307,1.639813,0.7143378
solar,47,44288,47744,0.973596922300458,0.2755786813430474,0.15696287,1.3788757,0.3841672,1.1516714
solar,51,42752,45056,0.973589087938846,0.2706576177954132,0.6920123,0.48990488,1.164032,0.017885208
solar,48,44480,47936,0.9735872633089282,0.2778730177136497,0.38440752,1.0943956,0.5874362,0.89136696
solar,119,45440,47744,0.973574250014561,0.2518575454245076,0.13428545,0.4469862,0.23097849,0.35029316
solar,89,49408,49984,0.9735716065637006,0.2830058185316458,0.20270729,3.1398845,0.4008236,3.3380008
solar,13,48704,52160,0.9735594540688242,0.1313051453537551,1.9569616,0.027824879,2.1679502,0.18316364
solar,21,43200,45504,0.973553702911426,0.2931817808346655,0.07658434,0.4272704,0.120369434,0.6242242
solar,51,45120,47424,0.9735514740644196,0.0503586104834412,0.14796495,0.88274956,0.27045918,1.3011737
solar,13,43904,51968,0.97354396654503,0.2946184883104603,0.64468765,0.57248735,1.083857,0.13331795
solar,114,43200,43776,0.97352776298231,0.1043691361660468,0.66150856,2.2499304,0.04071808,1.6291399
solar,88,42624,45376,0.9735111775346582,0.2110012857567418,0.048625946,1.5494118,0.2414999,1.8395376
solar,14,43904,45632,0.9735016617840332,0.2658491399580663,0.32610226,1.4396038,0.0022835732,1.1157851
solar,132,45632,46784,0.9734989792772224,0.2557288590548724,0.6252785,1.4840698,0.31518936,1.1739807
solar,18,50176,50752,0.973495056671974,0.159037241744427,0.02240324,0.08916235,0.14956427,0.26112986
solar,105,44224,49984,0.9734928692610534,-0.1223454322271051,0.6891947,3.2924128,0.19722652,2.8004446
solar,98,46784,50816,0.973483096063414,0.2666418403526583,0.16762686,1.2178993,0.49747753,0.88804865
solar,2,43904,50816,0.9734830089475448,0.288996135935109,0.113078594,1.5223064,0.59790564,1.0374794
solar,81,45120,47424,0.9734734054564308,0.1934395033659042,0.2205553,0.7691746,0.16125393,1.1509838
solar,98,47680,49984,0.9734510659904112,-0.0613675330197166,0.3498149,0.0960989,0.9527402,0.5068264
solar,83,46208,50240,0.973448845463788,0.2644970252635556,0.47009754,2.2885637,0.118005276,1.9364715
solar,64,42240,49152,0.9733919529343724,0.270032869796253,0.7971096,0.21522379,0.7049613,0.123075485
solar,83,49472,50624,0.9733751369099763,0.1542591374134987,1.0306573,0.44015074,1.2516656,0.21914244
solar,126,46592,47872,0.9733707850763312,0.0798647860964867,0.21051216,0.24903202,0.019963741,0.43958044
solar,13,45056,47936,0.9733528252357622,0.2589498454325332,0.067322254,0.4536152,0.35673332,0.16420412
solar,62,47360,50816,0.9733388048199868,0.2629878269206127,0.17506886,0.2827568,0.13547611,0.32234955
solar,41,45056,51968,0.973335393366516,0.2991267551440342,0.5851064,0.13200235,0.7019348,0.015173912
solar,55,47360,51392,0.9733309584073584,0.2527089070470796,0.45167208,0.3518324,0.82209635,0.01859188
solar,31,43328,51392,0.9733080644718068,-0.1076093406528967,0.16346407,0.26395178,0.021011353,0.4064045
solar,117,43712,49472,0.973298806576946,0.2581045837585269,0.083443165,0.076105595,0.20971346,0.0501647
solar,68,42752,51392,0.9732819337934524,0.207794992462756,0.48272705,2.0401912,0.7601614,2.3176255
solar,103,47360,50816,0.9732695618355748,0.2282174906072909,0.14978886,0.27807236,0.17370892,0.2541523
solar,123,47104,49408,0.9732610767682648,0.1563335853726426,0.16558218,0.14402485,0.07619715,0.38580418
solar,98,43904,51968,0.9732487485578148,0.2995988430554101,0.051175594,0.10447931,0.19319868,0.037543774
solar,110,42496,43648,0.9732258495143762,-0.0541691946258876,0.1886158,0.74651194,0.18113041,0.7539973
solar,83,43520,46400,0.9732180644613614,0.2552311432326829,0.17787457,0.7511697,0.53468513,1.1079803
solar,16,46784,51392,0.973185474615554,0.2877768344802308,0.90558004,1.2454271,0.72003937,1.0598865
solar,119,46528,47104,0.973178754414284,0.239458781446723,0.5642729,0.08936262,0.52375937,0.048849106
solar,23,46400,47552,0.9731763655065588,0.2433143333348087,0.19316912,0.54513884,0.12595224,0.22601748
solar,51,44480,51968,0.973174375207948,0.2624947414619614,0.27521467,0.1082263,0.39792538,0.230937
solar,100,45056,50816,0.9731642771422035,0.2525240804817086,0.0059776306,2.491047,0.5130596,1.9720097
solar,27,42688,44544,0.973150075530927,0.1610546516484169,0.05034828,0.26292086,0.17500353,0.3875761
solar,90,48960,51840,0.97313925221178,0.2773690635233141,1.6502004,0.37335253,2.1087704,0.085217476
solar,14,49856,52160,0.9731182435717828,0.0972932403494575,1.902832,0.44521713,1.7506194,0.2930045
solar,117,49856,51584,0.9731173063083908,0.2951904828128172,3.3376484,0.28112411,3.3636165,0.3070922
solar,10,45120,51456,0.9731037343353028,0.141135075008163,0.6730912,0.016860247,0.29931927,0.39063215
solar,80,47360,47936,0.9730973160048108,0.2365920320281334,0.2867732,0.57828,0.120121956,0.7449312
solar,108,43520,48704,0.973094000326708,0.2292544975587231,0.09602356,1.2145414,0.35793734,0.76058054
solar,84,46784,50816,0.9730905156215488,0.251709432493184,0.2239523,1.2150774,0.6008787,0.838151
solar,135,45056,51968,0.9730768506383304,0.1649165535637702,0.7393837,3.2632217,0.51255846,3.0363965
solar,32,47936,48512,0.9730748899582764,0.2794301551553689,0.1586008,0.98398066,0.4814477,0.66113377
solar,113,45632,47936,0.9730660883660026,0.2672471626675277,1.2733331,0.6493554,1.6542535,0.268435
solar,35,44864,51776,0.973065881715858,0.2967393364740228,0.29721546,1.3658681,0.38369703,1.2793865
solar,32,45440,51200,0.9730541314658206,0.0135081322423947,0.09456253,3.5999222,0.34529448,3.3491902
solar,75,45056,51392,0.9730252521033292,0.250003354657711,0.05705309,0.42047453,0.03201151,0.33140993
solar,93,44544,46272,0.9730154703537868,0.298080545529441,2.838458,0.17491484,2.6021466,0.0613966
solar,66,43648,49984,0.9729940157992693,-0.11746156894902,0.13645554,1.3440919,0.016625881,1.2242622
solar,5,46016,46592,0.9729936564479352,0.0122255358371718,1.8612509,0.18405914,2.0821714,0.03686142
solar,42,45056,50816,0.972980292349138,0.2284551421770937,0.24836636,1.3507638,0.66002274,0.9391074
solar,27,46208,50816,0.972969889796834,0.2863503241100449,0.20555305,1.2442899,0.61023474,0.8396082
solar,8,47936,49088,0.9729612641858952,0.256643270690902,0.1815939,0.9678273,0.3300705,0.45616293
solar,27,43136,46592,0.9729526275795224,0.250083149297047,2.1153946,0.4403224,2.419156,0.13656092
solar,29,47360,47936,0.9729407958215924,0.2366674839720126,0.26334238,0.3400011,0.6790786,0.07573509
solar,43,44224,48832,0.9729391176662344,0.0896130692834554,0.025299072,0.095900536,0.05955553,0.061644077
solar,1,46976,49280,0.972934237884716,0.2739398608784906,0.5350375,1.5748243,0.5967288,1.6365156
solar,87,46528,49408,0.9729312990032204,0.0368792270188015,2.1934133,0.5355625,2.0374203,0.37956953
solar,38,45696,51456,0.9728968471780012,0.1868342435119782,0.9452908,0.15336084,0.55162764,0.24030232
solar,81,42752,47360,0.9728875246328824,0.1761909914618358,0.096568584,1.4080958,0.50382423,1.0008402
solar,32,47104,49408,0.9728856826557368,-0.0138284002406297,0.14141464,0.069314,0.12751532,0.08321333
solar,39,47360,47936,0.9728701901856815,0.2327152806232092,0.05952406,0.15844345,0.45564938,0.23768187
solar,57,42624,43200,0.9728378618972572,0.2290456887775779,0.9946623,0.086425304,1.5178452,0.43675756
solar,93,44096,52160,0.9728175970438556,0.0480119692497656,0.3840871,0.053150654,0.41986036,0.017377377
solar,8,43392,44544,0.9727934922312748,0.266456214690788,0.04393673,1.0645766,0.24758577,1.3560991
solar,41,47872,51904,0.9727794586733904,0.2074265544199332,3.127522,0.12557554,3.1613336,0.15938711
solar,62,42752,46208,0.9727638080264078,0.2737261067918768,0.6659956,0.5030246,0.91814375,0.25087643
solar,40,48256,49408,0.9727279651641512,-0.3127627136509716,1.9158015,0.669477,1.7901397,0.54381514
solar,132,42560,43136,0.9726899362306928,0.1839336254115821,0.19211769,2.717887,0.5065508,2.4034538
solar,39,45632,50816,0.972684357487946,0.2587886698301824,0.20317698,0.9616914,0.40909672,0.75577164
solar,5,44544,52032,0.972669057294516,0.2138175055710061,1.867053,0.08394337,1.5993595,0.18375015
solar,50,43968,48000,0.9726143462652342,0.0953798032216178,0.7676587,0.33634233,1.0238352,0.5925188
solar,43,46208,50816,0.9726137599786308,0.2208205780569075,0.026625633,0.96857643,0.28007174,0.7151303
solar,95,46784,50816,0.9726121040409316,0.231521373809593,0.15672874,0.37471294,0.24995327,0.28148842
solar,128,47936,50240,0.9725963170725253,0.2549818229532026,0.10734272,1.4203677,0.5133352,1.0143752
solar,16,47936,50240,0.972584674212872,0.2545553369537902,0.055574894,0.23084307,0.08801222,0.087255955
solar,5,43712,44864,0.9725564581043036,-0.005493330771383,0.08910227,2.1987438,0.16404724,1.9455943
solar,26,47360,49664,0.9725245073207452,0.2538547766823147,0.29514503,0.076713085,0.20612907,0.0123028755
solar,108,43904,46208,0.9725007900560586,0.2287125436509967,0.14783621,0.0476079,0.24286175,0.04741764
solar,36,46784,50816,0.9724582374055962,0.2770723048294146,0.83102655,2.7393942,0.6400399,2.5484076
solar,102,46784,47936,0.9724282601454802,0.264217556710778,0.20060968,0.82332706,0.61446905,0.4094677
solar,22,42048,47808,0.9724028999635648,0.0482317556059726,0.105977535,0.07425499,0.2131815,0.18145895
solar,8,47360,51392,0.9724012668225356,0.2736078131671542,0.8920922,0.83703566,1.630403,0.09872484
solar,114,48512,50816,0.9723945173257628,0.2496102494516082,0.21000767,0.8234968,0.5398574,0.4936471
solar,39,43520,47552,0.9723940483549116,0.2862282617261421,0.12456608,0.57639027,0.1497016,0.3021226
solar,101,47936,51392,0.972347240865664,0.2361855666827237,0.5536599,0.58669233,0.88587284,0.2544794
solar,65,50880,51456,0.972329139681144,-0.0428431424612614,1.4897466,0.33933544,1.076221,0.07419014
solar,127,47360,50816,0.9722701722536692,0.2110481236330479,0.07764149,0.1439619,0.101052284,0.12055111
solar,115,43840,45568,0.9722636807267392,0.2294661527043965,0.4105382,0.15726948,0.41289234,0.15962362
solar,114,45632,49664,0.9722598378943152,0.2526556515421687,0.024705887,0.30449486,0.10536337,0.1744256
solar,32,43392,48000,0.9722560233221796,0.1279993024220799,0.3951378,0.032737732,0.6006489,0.23824883
solar,99,43072,47104,0.97224736847312,0.2628958504095631,0.7079091,0.4664507,0.4330163,0.19155788
solar,70,43904,45632,0.972215868571495,0.2369456287510357,1.3213696,0.6678982,1.6238499,0.36541796
solar,126,47936,51392,0.9722097088641604,0.1788837785752948,0.20239449,0.091603756,0.39493418,0.100935936
solar,81,46784,50816,0.9721780807598672,0.2665343505013358,0.19465256,2.2661948,0.26012564,1.8114166
solar,43,46144,47872,0.972177770459647,0.1742260720719247,0.01981783,1.0299044,0.08067751,0.929409
solar,57,48704,49856,0.9721175929506594,0.2970620318275926,2.5699277,0.23423862,2.8130193,0.4773302
solar,78,46528,49408,0.9721101817289164,-0.0512757575674051,0.027206898,0.020161152,0.04668665,0.0006814003
solar,122,43648,50560,0.9720909786403718,0.0546622679855258,0.19318485,0.14500046,0.20038939,0.15220499
solar,119,47936,51968,0.9720907990452756,0.2428983505188972,0.8933644,0.4980731,1.455564,0.06412649
solar,78,48512,51392,0.9720486138251672,0.2362053779531685,0.7238331,0.06017351,0.82158136,0.15792179
solar,32,45056,50816,0.9720431524710708,0.1923932594015228,0.16787577,0.8425212,0.47098112,0.53941584
solar,120,42752,44480,0.9720299489741088,0.2485738811766075,0.17281485,0.85287666,0.5359678,0.48972368
solar,54,43072,47104,0.9720170840249768,-0.0385295065307379,2.9551864,0.59060097,2.8520722,0.48748684
solar,84,44480,49664,0.9720078295883724,0.213990644399284,0.7720084,0.19602251,0.87592983,0.29994392
solar,123,43392,45120,0.9720001044063612,0.239065581498329,0.20260406,0.6149273,0.23384833,1.0513797
solar,16,42176,45056,0.9719751323832184,0.2258772571093698,0.21032143,1.7668757,0.63823605,1.3389611
solar,112,43712,52352,0.9719590060094512,0.2939450920619214,0.20120192,0.03626585,0.26498842,0.027520657
solar,113,43264,48448,0.9719478473035876,0.1531457266398689,0.11697006,1.7817159,0.11766839,1.7824142
solar,55,43328,49088,0.9719446150736972,0.2900030743457655,0.02815628,0.7948222,0.20946121,0.5572047
solar,76,42560,43136,0.9719310907687494,-0.172335616856906,0.07056904,3.7610617,0.28142548,3.5502052
solar,56,47360,47936,0.971919594960382,0.2298421392505803,0.9078574,0.5966706,1.4396195,0.064908504
solar,62,47936,49664,0.9719094615414302,0.2283768983299248,0.14972115,1.437665,0.35499668,0.93294716
solar,10,44224,48832,0.9719058730611038,0.1329028645431121,0.056035995,0.059278965,0.022851944,0.019608974
solar,119,44224,52288,0.9718885980814748,0.0975511633718624,0.63048315,0.24423409,0.79508734,0.40883827
solar,60,46528,50560,0.9718817954061884,0.0553848935792601,0.8666825,0.39804363,0.72788334,0.25924444
solar,97,45632,50816,0.9718609279007374,0.2011893223930992,0.07562971,0.9517698,0.3982687,0.62913084
solar,46,42176,45632,0.971847334308958,0.2753238526075777,0.29493666,1.8747821,0.62414455,1.5455742
solar,15,44864,48896,0.9718385057335563,0.2688246136525591,0.11037731,0.9564457,0.009522438,0.83654594
solar,95,45632,47936,0.9718211005870196,0.2276277416933194,0.334486,0.8670373,0.47488928,0.726634
solar,71,45120,45696,0.9718202852188926,0.0625411502770569,0.4062209,0.076179504,0.7925277,0.31012726
solar,115,43072,49984,0.9717955137552388,-0.1721690531335042,0.3384719,1.990758,0.082377434,1.7346635
solar,44,45696,49728,0.9717872330830029,0.2997126807910225,0.84449625,0.5587754,0.5846691,0.2989483
solar,132,49408,49984,0.971784552583336,0.123605851642363,0.22427607,1.2509465,0.53759146,1.5642619
solar,84,48384,48960,0.9717816270534576,-0.017073362416774,0.07727766,2.721218,0.43674278,2.361753
solar,60,50176,51328,0.9717563173541236,0.1318769106573231,1.7718785,0.31899476,1.8918505,0.43896675
solar,21,48896,51200,0.9717367692235092,-0.120825497957,0.18124628,1.5714955,0.34879637,1.4039454
solar,62,48960,50688,0.9717306484063511,0.1495173653778956,0.663939,0.54015875,1.0643673,0.13973045
solar,28,46528,49984,0.9717165920844856,0.1039893671787553,0.1902318,2.4593492,0.5575986,2.826716
solar,79,42752,45056,0.9717019357073162,0.2333799855791918,0.16191292,0.49660873,0.34806347,0.31045818
solar,12,43840,51328,0.9716934729272017,0.1527599822992728,2.1452012,0.029122591,2.1357012,0.019622564
solar,131,46784,50240,0.97168498232989,0.2241468578846008,0.25462437,1.8358026,0.74491644,1.3455105
solar,130,43648,47104,0.9716710295975372,-0.1046859807859801,0.12596035,0.13710499,0.12277174,0.13391638
solar,20,46784,51392,0.9716328386675178,0.2073623308514427,0.24679232,0.36398792,0.6868367,0.07605648
solar,133,46208,47936,0.9716146526987478,0.2306639745668986,0.040626526,0.29454708,0.12293625,0.21223736
solar,20,42496,50560,0.9715884926338918,0.0587740585014293,0.02663374,1.2658691,0.13326502,1.1059704
solar,12,47104,50560,0.971580777168834,0.1649043199682719,0.29219866,0.08603001,0.12510109,0.08106756
solar,88,44864,49728,0.971577053739038,-0.0637794339931688,0.9516034,1.2086153,0.91096497,1.1679769
solar,135,46144,52480,0.9715687097337298,-0.0434003531875463,0.03344965,1.5881882,0.28283882,1.8375773
solar,13,46784,50816,0.9715426457931022,0.1861748580148116,0.19918394,1.1543355,0.6007247,0.75279474
solar,56,44800,48256,0.9715092822204958,0.1773260371204751,0.034802914,0.86458063,0.0026874542,0.8324652
solar,81,48704,49856,0.971500152332077,0.1627869453069409,0.042778015,0.16648245,0.23898935,0.3626938
solar,17,45632,50816,0.971488901212888,0.2341538235451414,0.123044014,0.35512447,0.05755043,0.17453003
solar,43,50176,51904,0.9714874771868393,0.2834750462120758,0.80265474,0.19071198,0.9375982,0.05576849
solar,7,42112,46144,0.9714835230311062,0.0709994182724988,1.4587455,0.31318283,1.7564659,0.61090326
solar,115,46400,49856,0.9714834078786758,0.145948636826729,0.36746168,2.5239167,0.024477482,2.1319776
solar,92,43136,50048,0.9714700011974934,0.1668300758729308,3.2631183,0.030580997,3.4284143,0.19587708
solar,37,44544,47424,0.9714600234090156,0.0181542534177862,0.1065979,0.1051569,0.15306759,0.05868721
solar,1,51904,52480,0.971454387028972,0.029283883285943,0.1945324,2.9494781,0.20882964,2.9637754
solar,76,49728,50880,0.971447533782562,0.2073501687803436,0.22068596,0.10206318,0.26386023,0.14523745
solar,122,42176,51712,0.971407660514676,0.2590533871560008,0.3946104,1.9060769,0.5315156,1.7691717
solar,111,43392,49728,0.9713782808314904,0.2834122678580061,0.16640425,1.3123133,0.063262224,1.5419798
solar,74,44416,44992,0.971344673699332,0.1377765604705843,0.7489915,0.29797888,0.4382429,0.012769699
solar,53,42560,43840,0.9713395511104056,0.1305732089399624,0.06357288,0.18582773,0.019128323,0.103126526
solar,29,45952,49984,0.9713289250055186,-0.1808750369007748,0.21529675,0.27455044,0.036123276,0.52597046
solar,133,49024,50176,0.9713235941746884,0.1972974178055096,2.5558429,0.10908556,2.7425427,0.29578543
solar,117,46784,51968,0.97131766802064,0.2456233620297752,0.018651009,0.33878183,0.18649864,0.50662947
solar,76,44800,46528,0.9712884174062356,-0.1087370870130803,1.73734,0.1726737,1.9053974,0.34073114
solar,133,49984,50560,0.9712465048129126,0.1207666669634898,0.8340397,0.51094675,0.40157795,0.07848501
solar,24,47808,49536,0.9712399735301706,0.2495847087922881,0.03399086,0.02300644,0.077955246,0.08893967
solar,63,43136,47872,0.971231184430298,0.1835713524936804,0.7423477,0.13029766,0.77389574,0.16184568
solar,7,43328,43904,0.9712309018031818,0.2759411640664732,0.21417141,1.0620537,0.41133547,0.8648896
solar,27,45696,50176,0.9712203528005938,0.0515293335004576,0.26144505,0.97013474,0.19778061,0.5109091
solar,98,45504,47232,0.9712159027619592,0.2278835874635522,0.51283884,0.84325075,0.52151394,0.85192585
solar,101,42240,46848,0.9712008230483216,0.1750120236561986,0.59395456,0.5476589,0.6988578,0.65256214
solar,36,44288,52352,0.971197755768654,0.1103674048473251,0.16430521,1.7032509,0.5016818,1.3658743
solar,117,51904,52480,0.9711903035644168,0.0449095523845145,0.12969708,3.5789332,0.033879757,3.483116
solar,105,45696,47424,0.9711867970851356,0.2984339903158873,0.044843197,0.06850529,0.05410576,0.059242725
solar,43,44288,51776,0.9711813445967952,0.0939138835484608,0.11912489,3.1704025,0.33241844,2.957109
solar,31,46656,50112,0.9711781647231656,-0.0087080895669054,0.8433461,0.0045261383,1.0099955,0.1621232
solar,47,50432,52160,0.9711556534544884,0.1346025074889353,0.3644247,0.018620491,0.22664309,0.15640211
solar,114,45696,49024,0.9711421916934504,0.296566243337441,0.24122238,2.3835588,0.46886492,2.1559162
solar,41,45440,46016,0.97109313321266,0.1979525378683865,0.14452744,2.9585686,0.29662037,2.8064756
solar,75,46784,47936,0.9710900390216926,0.2301923409112826,0.72328424,1.6936369,0.5080285,1.4783812
solar,117,45056,50816,0.9710871064287668,0.278770252032879,0.21075535,1.6341949,0.7312274,1.1137228
solar,67,46784,51392,0.971051854525904,0.2549133746150915,1.180512,0.27110195,1.5184293,0.06681538
solar,62,49024,52480,0.9710478928357223,0.0185526291971014,0.011143208,2.4981198,0.2597661,2.249497
solar,92,42240,47424,0.9710019250086536,0.2981754602763036,0.20763445,0.78323317,0.12901115,1.1198788
solar,53,47936,50240,0.9709774585257336,0.2008874037093714,0.020853043,2.2487092,0.48139524,1.7464609
solar,68,43136,43712,0.9709749188409418,-0.1371250299277514,2.3230333,0.20546961,2.4699283,0.35236454
solar,41,44928,47680,0.9709637007464162,-0.1492742346328033,0.2580514,1.2346501,0.14774418,0.82885456
solar,97,42176,48512,0.9709557878624872,0.2727752855564709,0.010936737,0.27047348,0.048408985,0.3298192
solar,59,42688,49024,0.9709467023707408,0.0989675737234467,0.026134968,0.06947756,0.13118029,0.03556776
solar,131,45632,47936,0.9709229262578762,0.2415748878290068,0.011513233,0.16960382,0.33085728,0.14974022
solar,64,44480,50240,0.970913419936702,0.2432366810446,0.24870539,1.2517939,0.44684458,1.0536547
solar,53,46144,51904,0.9708757762779406,0.1373551156846712,0.50943327,0.007744789,0.5978503,0.080672264
solar,79,48512,51392,0.9708509193616006,0.2453893731378637,0.36412334,0.33544874,0.6487775,0.0507946
solar,42,44544,49728,0.9708485569443408,-0.0415003264830672,0.83595896,0.17460537,0.9640131,0.3026595
solar,61,45440,46016,0.9708400685142252,0.0403591231843689,0.11051941,3.2381701,0.25827408,3.0904155
solar,118,47360,51392,0.9708397625891442,0.1794506600962531,0.6905265,0.73465014,1.3779249,0.0472517
solar,84,43904,51392,0.9708182399221796,0.1511143753009718,0.09342289,0.99814844,0.4145751,0.67699623
solar,108,45696,46848,0.9708046165328176,0.2908623899380394,0.03422022,0.7933054,0.20445728,0.5546279
solar,109,45120,48576,0.9707542151663824,0.2413811703230766,0.043456078,0.4982524,0.28803682,0.25367165
solar,28,43840,47872,0.9707301133764364,0.2218051695649205,0.33821583,0.54427004,0.17422295,0.38027716
solar,68,47168,51776,0.9706778488345388,-0.0608291767313039,0.37736464,2.7678223,0.28487444,2.675332
solar,71,49088,50816,0.9706772669473728,0.2035759662519078,0.11715841,0.49284554,0.24005365,0.3699503
solar,30,44096,46400,0.9706746660850784,0.1695395222643101,0.40401173,0.089812756,0.5509877,0.05716324
solar,100,43136,50624,0.9706369160048948,0.1910516084780075,1.8315616,0.5553646,2.1482663,0.23865986
solar,28,50816,51968,0.9706323042261435,0.1589643983326078,0.32267714,0.10624027,0.65982676,0.23090935
solar,52,44224,47680,0.970607764480485,0.2561021057480356,0.50242186,0.4730959,0.19301033,0.22233629
solar,131,46592,50048,0.9706069739080868,0.1461109881133796,2.3034964,0.1196208,2.676034,0.4921584
solar,78,46784,50816,0.970595544582898,0.2463631904605041,0.21319914,1.0382051,0.65811396,0.5932903
solar,0,46400,50432,0.97057205508124,0.2964890875215074,0.77303743,1.6965699,0.42146444,1.3449969
solar,17,42048,42624,0.9705620597440732,0.1453325535040713,0.4535718,1.7382903,0.13320923,1.4179277
solar,24,43840,46144,0.9705467019605116,-0.0306354011919149,1.0048714,0.094331264,1.2869177,0.18771505
solar,108,44864,46592,0.9705201414143968,0.0250839370281979,0.011597633,0.47459364,0.14209509,0.34409618
solar,116,42112,50176,0.9705160611505388,0.2895362790248429,0.6433511,0.05878496,0.83300924,0.24844313
solar,119,49984,50560,0.970512517474924,0.0554999688141817,2.3429656,0.12924147,2.4671068,0.25338268
solar,5,49856,52160,0.970510676497194,-0.0014664727331185,2.0368567,0.10964775,2.3453255,0.41811657
solar,88,45632,50816,0.970480347694946,0.2037816166590492,0.15739107,0.65696335,0.3758893,0.43846512
solar,44,47808,50688,0.9704568028548844,0.156884475850938,1.501699,0.15109634,1.7961597,0.44555712
solar,108,44480,49664,0.9704534444987738,0.2765126872603218,0.009859085,0.12289572,0.11338472,0.00034809113
solar,116,43328,47936,0.9704393723705704,0.2327297858529149,0.29336452,1.9471092,0.8923445,1.3481293
solar,16,46528,49408,0.9704330141138132,0.0688790733412306,1.0857468,0.6719141,0.57031536,0.1564827
solar,118,44544,47424,0.9704185844164214,0.2140858560811026,0.9841776,0.0687685,1.251833,0.33642387
solar,88,48320,50048,0.970395215694604,0.14837024054194,1.1710377,0.23182249,1.3482685,0.40905333
solar,120,43712,45440,0.9703903899893862,-0.0056820818961488,2.0574408,0.20340014,2.2161994,0.044641495
solar,6,46720,47872,0.970312504974029,0.2372197798519174,0.2074089,1.9775424,0.20220137,1.5679321
solar,129,48128,52160,0.970246497391286,0.1376855312894294,2.160709,0.06090498,2.5400338,0.4402299
solar,133,42176,45632,0.9702242099609676,0.2802431807991522,0.6370368,0.52824163,0.8985863,0.26669216
solar,93,44224,46528,0.9702002117172168,0.0401436698426176,1.194797,0.4784708,0.9873433,0.27101707
solar,62,44096,49856,0.9701949200962412,0.248202001233447,0.05851984,1.4337063,0.48778486,1.0044413
solar,38,45056,50816,0.9701932758648188,0.2245417449509095,0.15762186,1.9474697,0.634264,1.4708276
solar,77,46208,49664,0.9701878468051008,0.1339711654874859,0.18875742,0.65341616,0.229774,0.69443274
solar,54,51584,52160,0.9701815876691336,-0.0425718982408258,0.7527456,0.42334604,1.1950998,0.01900816
solar,63,45120,45696,0.9701680757720376,0.2870741120254548,0.043222904,0.13551092,0.008187294,0.18692112
solar,45,43520,46976,0.9701616349095182,0.1470527798810118,0.3921156,1.2610941,0.026310444,0.84266806
solar,57,46208,50816,0.9701610184217264,0.1523544017938127,0.056312084,1.2665648,0.25312042,1.0697565
solar,24,43648,50560,0.9701591814723663,0.0510477369319738,1.17166,0.6021714,0.903656,0.33416748
solar,79,44544,45696,0.9701491823831327,0.2155427494225862,0.2029233,0.1611824,0.17032337,0.19378233
solar,78,44800,51712,0.9701333247972972,0.1587722427358461,0.28519154,0.68667793,0.0934782,0.4949646
solar,134,46144,49600,0.9701321725761513,0.1252219542791564,0.12825775,0.31341505,0.0063619614,0.44803476
solar,21,44224,46528,0.9701236129397148,0.0413128315186279,0.08709383,2.099844,0.40907574,2.421826
solar,103,45056,47936,0.9701184798697476,0.2202565724069685,0.10865402,0.4405365,0.3540678,0.19512272
solar,112,42048,43200,0.9701181031290244,0.2804992010329633,0.35237694,0.155828,0.5455828,0.037377834
solar,88,46208,50240,0.9701079758248244,0.1360360274008057,0.05132866,2.237989,0.6916299,1.5976877
solar,112,48384,52416,0.9700933679870928,0.0049665160453114,0.23539639,0.5042567,0.084168434,0.6554847
solar,76,44096,48128,0.970083452435827,0.1454179209260549,0.17305565,3.2986875,0.36020803,3.4858398
solar,128,46400,49280,0.9700220374454336,0.2513610096896514,0.7640681,0.8856392,0.2589302,0.38050127
solar,5,42112,51904,0.9700040941361512,0.2053170515801382,1.6398337,0.4310181,1.9121017,0.7032862
solar,121,48256,49408,0.9699905722376084,0.2552248484648048,1.3081756,0.6973138,1.5079646,0.89710283
solar,10,49152,50880,0.9699813070701512,0.1979294141234711,0.44952393,0.107462406,0.43586922,0.121117115
solar,58,43136,47168,0.969967949354121,0.1613603110612302,2.36171,0.5381937,2.6149955,0.2849083
solar,119,42048,51840,0.9699584158800612,0.2136265236024555,0.6780224,0.4654336,0.37188148,0.1592927
solar,94,46400,48128,0.969955667057386,0.0195356549734571,0.43470335,2.4300828,0.1390667,2.1344461
solar,41,43904,49664,0.969954006721808,0.2219088872110595,0.8110428,2.634931,0.38121605,2.2051044
solar,100,44416,45568,0.9699253979474762,0.1352942087573623,0.3939433,0.31512165,0.055006504,0.023815155
solar,128,43840,52480,0.9699154263238128,0.0848373648846443,0.061472893,1.483923,0.28377342,1.1386766
solar,72,43200,52416,0.9699127663451932,0.1371739899927751,0.06819105,1.3834386,0.27999783,1.0352497
solar,73,46016,46592,0.9699058202609844,0.1274559282939899,2.0338774,0.35856867,2.1559768,0.48066807
solar,57,50432,52160,0.96989808123703,0.0991495874396447,2.2535067,0.25628662,2.09377,0.09654999
solar,4,42048,50112,0.96988211953933,-0.1416718689801639,0.29836512,0.78361654,0.16583824,0.65108967
solar,122,43136,44864,0.9698774909046736,0.0065056211564697,1.4533181,0.26618814,1.8955173,0.17601109
solar,102,47360,50816,0.9698755803725592,0.2088349497977921,0.05508423,0.42219448,0.2101841,0.2670946
solar,77,42624,51264,0.9698449137553196,0.1621923380818364,0.30326033,2.8986816,0.1048522,3.0970898
solar,74,44800,47104,0.9698110852480996,0.1445345628609172,2.6296167,0.5524702,2.2364187,0.1592722
solar,24,48256,48832,0.96976441492811,0.1591823325868925,2.4737973,0.40129042,2.303927,0.23142004
solar,77,42560,50624,0.9697631439295396,0.2050265208018674,0.088246346,0.24182367,0.14912462,0.1809454
solar,63,42816,46848,0.9697509093155772,0.0164918667418774,0.8211384,0.0007658005,0.93371964,0.11334705
solar,100,46976,52160,0.9697380970558098,0.2024158181265326,0.24258995,1.7009349,0.5804877,2.0388327
solar,127,49088,51968,0.9697329659557712,0.2138838203862349,0.011006355,0.76471615,0.23893833,0.5367842
solar,4,44096,49280,0.9697059593190998,0.1675650454362586,0.36760712,0.2574215,0.13344479,0.023259163
solar,114,43072,45504,0.969686395193002,0.277461542901831,0.6676316,0.7145333,0.564198,0.6110997
solar,74,42752,45056,0.969677034749417,0.2393545962490079,0.21808481,1.6857085,0.20842123,1.2592025
solar,117,43904,49664,0.9696594112247302,0.2013634665062755,0.21293163,0.26789713,0.35865688,0.12217188
solar,92,42112,43840,0.9696465581955658,0.1820664624745655,1.8242631,0.2417202,2.0276284,0.038354874
solar,13,44352,50688,0.9696356608014098,0.228285332772283,0.087459564,0.49431038,0.24184132,0.33992863
solar,118,42112,43264,0.9696340965328112,-0.045106852462463,3.6543806,0.0392406,3.64721,0.03206992
solar,108,46528,52288,0.969595903842862,-0.3108975190330871,0.0017209053,0.040519238,0.059301376,0.017061234
solar,132,46592,52352,0.9695606062097109,0.272634592127803,0.18494558,0.70212364,0.09753847,0.4196396
solar,104,44864,50624,0.9694855913289696,0.1535056214089642,2.5541396,0.3626995,2.6749578,0.24188137
solar,21,46400,48128,0.9694682400049172,0.1330016199147968,0.16911125,3.2606091,0.069084644,3.1605825
solar,101,46144,49024,0.9694617910960284,0.2489767423386638,0.0034255981,0.39207077,0.11093998,0.49958515
solar,23,47872,50176,0.9694506355225112,0.1174920893284965,2.3118606,0.5295558,2.2665343,0.48422956
solar,29,44544,52032,0.9694475234465928,0.2052912777421408,1.6832602,0.5117636,1.2312379,0.05974126
solar,87,46016,48320,0.9694341603952448,0.0874076571666834,3.3966932,0.13543463,3.6394234,0.10729551
solar,134,42112,51904,0.9694176812174012,0.2253362510704665,2.7387366,0.22573566,2.8221674,0.30916643
solar,87,50880,51456,0.9694082965115708,0.1808202546463439,1.2383118,0.17046738,0.8191824,0.248662
solar,7,44224,49408,0.9694024563758288,-0.2444373813680315,0.13576937,0.24471855,0.13211298,0.24837494
solar,18,50112,51840,0.969374845164482,0.1100189822117087,0.03347969,1.1101556,0.21928883,0.85738707
solar,55,43072,44352,0.9693710783085048,0.1210576795527009,0.60814047,1.0492673,0.014050007,0.45517683
solar,124,43200,43904,0.9693350358793924,0.2299328885999116,0.70605946,2.2156649,0.10102272,1.6106281
solar,45,45120,50304,0.9693344023643282,0.1386339053309612,0.46897984,0.92632055,0.48148632,0.93882704
solar,16,43520,47552,0.9693211021144024,0.0822290224232403,0.36815548,0.1168499,0.32359314,0.07228756
solar,58,44480,49664,0.969320629890404,0.2801040437123718,0.10236645,0.10109615,0.01889515,0.017624855
solar,109,42368,47552,0.9693155786816108,0.286921068730561,0.6073003,0.65894985,0.2638836,0.31553316
solar,15,47744,50624,0.9693142193410608,0.2057668075086484,2.2397723,0.26392698,2.2512684,0.27542305
solar,83,44544,49152,0.9692917406764404,0.1868600847979183,0.0016584396,0.277215,0.046439648,0.22911692
solar,110,43328,51968,0.969271289829886,0.2127063236984621,0.22689152,0.28930902,0.44358587,0.07261467
solar,101,48320,51776,0.969259468338592,0.1643586985500153,0.0229249,3.3239074,0.3151369,3.0316954
solar,92,47104,48832,0.969256627223266,0.0944587385334219,0.31343508,0.075724125,0.17019415,0.21896505
solar,122,43200,50688,0.9692429680276936,0.1377172530611307,0.6167989,2.5851126,0.20077276,2.1690865
solar,43,48448,50752,0.9692165966572228,0.0668663347471299,0.19142914,1.6414423,0.32553673,1.1244764
solar,70,44800,50560,0.9692150253318796,0.001400314399448,2.228176,0.5543432,1.9170771,0.24324417
solar,0,44544,45120,0.9692061296650818,-0.1338892912995443,0.23906279,0.2735715,0.17482233,0.20933104
solar,121,43328,51392,0.9691954736815264,0.2509037553769636,0.18258333,1.7744303,0.10637665,1.6982236
solar,29,48960,50688,0.9691946361254444,0.264394260232587,0.6486368,0.21928453,0.7135134,0.15440798
solar,41,43136,50048,0.9691942935000684,0.1547261099522653,2.2872572,0.004170418,2.5577784,0.27469158
solar,66,42432,43712,0.9691738984641002,0.2697569691438315,0.34580088,0.08240223,0.45251894,0.024315834
solar,135,42624,45504,0.9691530469524864,-0.1237583907130959,0.33657122,0.05889368,0.2940445,0.016366959
solar,37,44928,47808,0.969129307640692,0.1986912131997179,0.10350752,3.564138,0.0054688454,3.4660993
solar,19,42176,47360,0.9691249949056198,0.0334415929122224,0.049110413,0.9468684,0.40214396,0.5938349
solar,106,42048,44352,0.9690928217351438,0.0611970685082334,0.01919794,2.3325596,0.08829355,2.225068
solar,23,51392,51968,0.9690854760359756,0.1893087883582423,0.024359703,1.3429284,0.09069061,1.2278781
solar,64,44544,52480,0.9690673328178544,-0.3187420234376459,0.61817455,2.614831,0.7279043,2.7245607
solar,96,43712,46592,0.9690553974432642,0.0417650360659213,0.79125786,0.54155636,0.92040586,0.67070436
solar,85,42752,43904,0.9690257275763676,0.2834884874581742,0.32265568,0.017844677,0.19730234,0.10750866
solar,72,44224,47680,0.9689542009586012,0.2997091258394131,0.93098307,0.93649673,0.4188509,0.42436457
solar,90,48384,52416,0.968924001242878,0.1987499097367034,0.12230587,0.7382555,0.14382076,0.7167406
solar,28,43200,47808,0.968912978873501,0.2010763832792251,0.63136387,3.3567796,0.36925554,3.0946712
solar,34,43072,48256,0.9688999434324324,0.1364273184341921,0.5192518,1.8552628,0.06450701,1.400518
solar,104,50880,51456,0.9688618969562032,0.1462391604754121,1.384357,0.20133114,1.2057657,0.022739887
solar,27,45952,48832,0.9688219862441528,-0.0853323857528691,0.6106415,0.9629965,0.15379429,0.5061493
solar,77,48896,50048,0.9688035609345248,0.1232253991403928,1.241785,0.07806873,1.4497843,0.1299305
solar,120,43840,47296,0.9687856991457364,0.063194886518125,0.06212473,0.041342735,0.26310825,0.15964079
solar,104,50048,51776,0.9687488379057148,0.2049184014991772,0.061848164,1.4658709,0.11927557,1.2847471
solar,51,47168,48896,0.968733226432719,0.2142072643155714,0.12145567,0.482121,0.25473166,0.348845
solar,52,43328,48512,0.9687258568721796,0.2929038857951199,0.139812,1.1036367,0.4058261,0.83762264
solar,68,46528,48832,0.9687118224975408,0.1873680586074364,3.6978579,0.76411057,3.6736197,0.73987246
solar,129,42048,46656,0.9687094063280736,0.0612956660473044,0.56711483,1.4633708,0.30743933,1.2036953
solar,103,43648,48256,0.9686993559361148,0.2646110095812576,0.6774597,0.1178298,0.919075,0.123785496
solar,54,44480,47360,0.9686794299681692,0.2736430240896453,0.03026247,0.0148983,0.05195284,0.0067920685
solar,116,47168,52352,0.9686743314416176,0.2373046314056418,0.19644165,1.2616043,0.46936083,0.98868513
solar,16,44800,47680,0.968651495340374,0.0361844027679051,3.4599638,0.53257084,3.16742,0.24002695
solar,4,44544,45568,0.9686429820187192,0.2262863392726313,0.021960258,0.078109264,0.0578084,0.113957405
solar,49,45120,45696,0.9686124267237542,-0.0826368228590242,0.09224892,0.3439889,0.10745907,0.5436969
solar,1,47360,51968,0.9685939496617636,0.0477008429553047,0.1993537,0.079165936,0.5084162,0.22989655
solar,50,45376,46528,0.9685888673687256,0.210273240959512,1.2027063,0.1273365,1.1612229,0.1688199
solar,80,43200,46784,0.9685826979166956,0.2001568061829964,0.05225849,2.9891086,0.13752317,2.799327
solar,56,45376,48832,0.9685773364491436,0.2949696258544815,2.405017,0.5480714,2.0068374,0.14989185
solar,61,51392,51968,0.9685734648744424,0.183807383746601,0.05209446,1.6521249,0.51100063,1.0890298
solar,131,42560,48320,0.9685697503685636,0.0204544818806204,0.0024957657,1.2336669,0.13511229,1.1010504
solar,41,48256,52160,0.9685507549000736,0.0344677491046666,0.10288286,0.29518747,0.005001068,0.18730354
solar,14,46400,48128,0.968526210633357,0.0206975414895538,0.1554308,2.8652825,0.12603045,2.5838213
solar,69,44096,47552,0.9685153777459616,0.1574129541591957,0.32425833,2.2806473,0.6934085,2.6497974
solar,30,43520,47552,0.968501857122164,0.0357833138963724,0.49819946,2.0125723,0.36429548,1.8786683
solar,112,45696,52032,0.9685004803348464,0.2672122815251529,0.6698904,0.08338547,0.5740652,0.17921066
solar,115,43328,47360,0.968481029290841,0.2654025475951898,0.026812077,0.8377404,0.2431035,0.56782484
solar,82,45888,51072,0.9684583242321466,0.1365626020484766,0.3018818,0.15748024,0.5245595,0.06519747
solar,100,43776,47232,0.9684397001596992,0.2219153226386407,1.706564,0.2767558,1.7180467,0.2652731
solar,71,44864,49472,0.9684298994763344,-0.1103743267206909,0.53787136,1.4688115,0.12042999,1.0513701
solar,71,45824,51584,0.9684297062384398,0.2261295798011519,1.7527399,0.27672052,2.0070195,0.53100014
solar,48,46784,50816,0.9684226249396984,0.2048969912916654,0.2411542,0.72601223,0.5287566,0.4384098
solar,73,47744,49472,0.9684093526713864,0.0259257122066664,0.6479211,0.04879999,0.48920393,0.109917164
solar,11,45120,49152,0.9684053176883978,0.2556176950968754,0.18236637,0.27198648,0.0413599,0.13098001
solar,38,49408,50560,0.9683771083455298,0.1612749527981997,0.038226128,0.2825346,0.05115795,0.37191868
solar,15,47552,52160,0.9683478249260874,0.153309575066754,0.18888569,0.3425579,0.06841087,0.085261345
solar,48,43648,44800,0.9683413894839726,0.1340363188445789,0.31349897,0.28615808,0.7452922,0.14563513
solar,23,42048,49536,0.9683316059435452,0.1101433575748199,0.54594564,3.8874507,0.32758808,3.6690931
solar,32,49984,51136,0.968302653933692,-0.1804151007655494,0.1462884,0.478292,0.22007608,0.4045043
solar,94,47424,50880,0.9682614562605164,0.1647732384130515,0.18443108,0.54014397,0.075377464,0.28033543
solar,60,44544,48576,0.968258496796721,0.1796860521557648,0.8926983,0.16936111,1.0378628,0.024196625
solar,116,43904,45632,0.9682569124897478,0.2355092257136292,0.030529976,0.64777994,0.1771884,0.5011215
solar,7,43520,50432,0.9682246079501826,0.291045745177574,0.33237028,1.1612382,0.008446693,0.8204212
solar,103,43776,51840,0.968220752546592,0.2377780294102926,1.9490352,0.43374825,2.3103056,0.07247782
solar,49,42752,51392,0.9682033312042008,0.2664707039995686,0.13227844,0.13097095,0.044648647,0.04334116
solar,75,48000,48576,0.9681919791248632,0.2658412110917169,3.3902636,0.06884146,3.3067236,0.014698505
solar,35,49856,50432,0.9681752285432218,0.1722024386723001,0.66399384,0.44772196,1.0600247,0.051691055
solar,113,46272,49728,0.9681625815585028,0.1657540134252953,0.21377802,0.65677404,0.20932674,0.6612253
solar,84,42176,45056,0.968152917829977,0.1393669005167514,0.93097925,0.3245206,1.3644471,0.10894728
solar,65,47680,48256,0.9681505861902991,0.0731377334014576,0.4446063,0.7185707,0.636816,0.91078043
solar,133,43648,46528,0.9681503768300942,0.2972970477066116,0.1054883,0.16929722,0.07181215,0.20297337
solar,70,43520,49856,0.968134858601841,0.2552605178214321,0.15418911,0.13968134,0.061197758,0.046689987
solar,114,50240,51392,0.9681260200024736,0.1618606868730603,1.0006919,0.7351184,1.5626297,0.17318058
solar,86,45696,49728,0.9681192010906516,0.2396893945343776,0.12313652,0.8673444,0.09004736,0.6541605
solar,39,43392,50880,0.9680851849617578,0.2468465355221651,0.14863133,0.91394377,0.037952185,1.0246229
solar,13,42752,44480,0.968067033899174,0.2048236757259902,0.14196253,0.10308218,0.16097355,0.08407116
solar,11,46592,47744,0.9680658888696438,0.2868488433438443,0.16039944,0.8054061,0.010635853,0.6343708
solar,OT,42112,49600,0.968050050687726,0.0447665928431672,1.0793223,0.17364407,1.4089026,0.15593624
solar,23,46272,52032,0.9679986502162824,0.1908199521244321,0.113688946,0.23012114,0.13375044,0.017318249
solar,13,44416,46144,0.9679818364448388,0.2713834570144537,0.90350294,0.38166523,0.6719346,0.1500969
solar,40,45440,52352,0.9679631878852158,0.0872993991323837,2.6226044e-05,2.6585102,0.26115847,2.397378
solar,57,44800,45376,0.9679604319909204,0.0881892790861533,0.018917084,0.19450188,0.25996876,0.47338772
solar,115,42752,45632,0.9679560590072228,0.1797183089446357,0.0025496483,0.051075935,0.09010506,0.04157877
solar,89,44480,46784,0.9679472504429903,0.1758785378438947,0.3680005,0.2541318,0.520998,0.1011343
solar,94,46976,49856,0.9679415721322971,0.2600913082600635,0.4160533,2.5383964,0.11914158,2.2414846
solar,73,43008,52224,0.9679223209683846,0.1488588078199843,2.3692818,0.524127,2.6890874,0.20432138
solar,64,43328,47936,0.9678755811441772,0.2937433769306403,0.13253498,1.1231904,0.45037365,0.80535173
solar,83,42048,44928,0.9677836264154442,0.2048119095396288,0.049280167,1.4003396,0.3048606,1.0461988
solar,130,51712,52288,0.9677795614097172,0.283838082002136,0.037847042,2.7468667,0.2021141,2.5069056
solar,13,43392,44544,0.967748820206328,0.1839726415274063,0.025914669,1.1085138,0.33477497,1.4173741
solar,57,45056,49664,0.9677471755526424,0.2296517944671967,0.055874825,1.1303768,0.6556115,0.5306401
solar,4,45120,46848,0.9677422340564996,0.1316873747927534,0.3518114,0.4467082,0.4901266,0.5850234
solar,28,50304,52032,0.9677025581029446,0.074305847420978,0.25718784,0.16400433,0.1577692,0.064585686
solar,24,46528,49408,0.9677025465515856,0.039476834088687,2.787766,0.51467705,2.513617,0.2405281
solar,12,45376,48832,0.967698031487947,0.1887555170398393,3.487743,0.40575933,3.153679,0.07169533
solar,54,47872,51456,0.967686761580224,-0.1199469289338542,0.22108746,0.4824953,0.48473787,0.7461457
solar,68,50240,50816,0.9676719477371384,0.0274903312156794,0.3358612,3.041389,0.35028648,3.0558143
solar,54,45248,48704,0.9676350123797578,0.2174759064530242,0.08149195,0.57399845,0.29428625,0.19822025
solar,43,43904,47936,0.9676266478654988,0.1990946158124143,0.64493656,0.061489105,0.6186733,0.03522587
solar,85,44544,48000,0.9675786536585692,0.2850197675480294,0.5108514,2.754806,0.32145405,2.9442034
solar,86,46528,49856,0.9675714046062224,0.0247860801223854,1.0831928,0.24200964,1.3489399,0.5077567
solar,55,43392,45696,0.9675648037440964,0.1436508209015725,0.13807297,0.2839532,0.09903717,0.5210633
solar,133,42752,50240,0.9675461091327552,0.2434194831710027,0.24002886,1.3897958,0.3995266,1.230298
solar,72,43520,47552,0.9675404069273876,0.2454861782654368,0.3732748,0.23902082,0.38741112,0.25315714
solar,8,43520,50432,0.9675324204073708,0.2418048523013613,0.31018782,1.8780427,0.40177536,1.9696302
solar,39,42816,52032,0.9674892241602132,0.1551575657134161,1.880403,0.27208138,1.5651278,0.043193817
solar,56,45696,49728,0.967455262364807,0.104769121668405,0.09447384,0.62895536,0.2535882,0.469841
solar,24,42176,47360,0.9674480871506914,0.2803261415444039,0.290895,0.32176256,0.06995773,0.039090157
solar,67,42624,45504,0.9674325749007864,0.2823741023509232,0.75330114,0.28468466,0.6781826,0.20956612
solar,74,42112,52480,0.9674124875074044,0.1198526678874439,0.0697937,0.5901942,0.16073227,0.35966825
solar,50,49472,50048,0.967410815332858,0.0048135494111957,1.9538603,0.20610094,2.3058977,0.14593649
solar,117,47104,49984,0.9673888096144936,0.054873995019776,0.2976675,0.72715235,0.83181334,1.2612982
solar,127,45696,51456,0.9673649539675024,0.165277579220037,0.38708925,0.92949533,0.16352606,0.70593214
solar,65,42752,45632,0.9673556681690804,0.2797711552024409,0.022588253,0.3286662,0.24292612,0.10832834
solar,10,46144,47296,0.9673387310974214,0.1167228253308136,0.24043608,0.5421152,0.3875003,0.6891794
solar,72,42816,46272,0.967338683521411,0.1821116946519244,0.6056409,0.18881083,0.47506046,0.31939125
solar,8,43776,50688,0.9673291302035004,0.067526029374827,0.31096888,0.34010124,0.5439067,0.10716343
solar,28,45696,50176,0.9673258549878918,0.0562303841047643,0.59587,0.70193195,0.111287594,0.21734953
solar,97,51136,51712,0.9673249425161694,0.1393343415103692,0.073251724,0.638875,0.112192154,0.45343113
solar,34,43520,46976,0.9672977886346906,0.2533245910383884,0.123078346,0.29682016,0.16232967,0.011412144
solar,24,42112,42688,0.9672890848305008,0.0115623538793179,2.5347428,0.1341672,2.7211056,0.05219555
solar,116,42560,48896,0.967268700992389,0.2335350366383274,0.17299747,1.1144457,0.39452314,0.89292
solar,99,42752,50816,0.9672560669672507,0.1158220028663686,0.0009403229,0.6208868,0.3243823,0.29744482
solar,75,46400,47552,0.967235572608594,0.2115030400292586,0.34916162,0.0012421608,0.42391348,0.07350969
solar,79,45120,50304,0.967217966869392,0.2013038683279439,0.53606415,0.6501746,0.30765676,0.42176723
solar,66,46080,47808,0.9672142610508768,0.2422992981525565,0.12848997,2.5920067,0.5555644,2.1649323
solar,80,47744,51776,0.96719975649131,0.2000764176226874,0.23492622,0.78698444,0.45146227,0.5704484
solar,15,42560,46592,0.9671953448141438,0.1362045417850107,0.07100153,0.6628156,0.13430166,0.59951544
solar,125,49088,51392,0.9671538306518273,0.1879461723698929,0.042390823,0.115915775,0.20617628,0.047869682
solar,22,43520,46976,0.967137244657843,0.0965645798467676,0.6016779,0.74957466,0.43138647,0.57928324
solar,92,45632,47936,0.967091126508836,0.1606032334786649,0.29744148,0.43113708,0.6409273,0.08765125
solar,31,51200,51648,0.9670775777820358,0.1782025419851502,0.4310422,1.5843816,0.24760103,1.4009404
solar,9,45824,46400,0.9670528960149056,0.2076068262815279,2.080934,0.090277195,2.3091393,0.3184824
solar,126,48000,49728,0.9669648180526093,0.2959829358131461,2.4474459,0.5094962,2.3220377,0.38408804
solar,70,43200,48832,0.9669640393861366,0.2028471427823407,0.6102762,1.1994252,0.081924915,0.6710739
solar,66,43520,50432,0.9669630849741718,0.2475785038849222,0.48426867,1.4230137,0.029315948,0.968061
solar,32,47808,52416,0.9669587724406508,0.2883457401554176,0.253026,0.20259953,0.38099003,0.074635506
solar,109,44288,47744,0.9669357451826688,0.1363428157564948,0.20440197,1.4082527,0.36669827,1.2459564
solar,53,43520,48128,0.9669132414471696,0.022620367530288,0.24877119,3.6713457,0.08989811,3.5124726
solar,65,45504,47808,0.9669100310912664,0.0283008740154107,0.66843176,3.873969,0.6181097,3.823647
solar,130,46976,47552,0.966909720589573,0.2398547053785349,0.02204132,0.59186316,0.34998274,0.9198046
solar,25,47296,50752,0.9669028349497109,-0.0455866373700647,0.061260223,1.5092487,0.18713808,1.2608504
solar,118,45120,46848,0.9668822388313166,0.1778759181156075,0.13374281,0.32665586,0.23004007,0.2303586
solar,42,43648,47104,0.9668692740717914,0.0281192433633526,0.31602,0.5479388,0.03259754,0.8313613
solar,107,46656,52416,0.9668599804161244,0.0563239808521095,0.011057854,0.91375923,0.081068516,0.84374857
solar,105,50432,52160,0.966856975953866,0.0888457299496908,0.80429506,0.07264233,1.0563397,0.324687
solar,75,44480,50816,0.9668367213335312,0.1989493333337408,0.032484055,0.11104202,0.05173111,0.19525719
solar,95,49664,50240,0.9668302697009564,0.1455794224614259,0.06017065,0.18245506,0.16796112,0.29024553
solar,70,47168,51776,0.9668184390290414,0.2483462507489058,0.15769482,1.6272464,0.22863626,1.5563049
solar,111,42752,49664,0.9667750900254866,0.2883419362525354,0.08541393,0.59234285,0.43007278,0.247684
solar,90,42112,49600,0.9667639898084024,0.242770344592842,0.39823723,0.07091761,0.6060753,0.13692045
solar,72,46464,51200,0.9667289312751336,0.1717607371757709,1.2083292,0.5686612,1.35568,0.716012
solar,17,46400,46976,0.966717851897936,0.2568202637038814,1.8299141,0.45363188,1.4852428,0.10896063
solar,93,43200,51264,0.9667058550226124,0.2468213967431398,0.082957745,0.07149124,0.17464972,0.02020073
solar,122,44224,49984,0.9666581844083224,-0.0937706736203323,0.7704773,3.1901197,0.60795736,3.0275998
solar,7,48704,49856,0.966651198708442,0.2707350504933961,0.070132256,0.15436792,0.005677223,0.21882296
solar,75,43968,44544,0.9666406157284712,-0.0412494606722529,0.29005814,0.016718388,0.62371063,0.3169341
solar,51,43648,48256,0.966637256561428,-0.0527258175309456,0.9385071,0.4440689,0.996366,0.50192785
solar,22,43648,44800,0.9666291289290856,0.0035126117575409,0.88054276,3.3195443,0.7298789,3.1688805
solar,22,45120,48576,0.966619814872154,0.1691312440983941,0.25048733,0.35415745,0.6175175,0.7211876
solar,82,51200,52352,0.9666145238223532,0.2316531535788543,0.42379045,0.44697475,0.15727854,0.18046284
solar,119,43904,48512,0.9665805986328472,0.1845950457758488,0.029894352,1.2505975,0.38336277,0.89712906
solar,25,42816,45696,0.9665716329992056,-0.1637630827808566,0.034664154,1.2409506,0.2133689,1.4889836
solar,102,44288,49024,0.9665687261797886,0.0018988898237398,0.059271336,0.21106625,0.03324461,0.23709297
solar,77,46272,51456,0.966564480297378,0.2020414096893482,0.21308279,0.16563225,0.6726301,0.29391503
solar,47,43904,45632,0.9665322326793508,0.299168013385867,0.35979462,0.03267765,0.54328203,0.21616507
solar,46,50496,51200,0.9665216261985144,0.2882634501981816,0.89156914,0.8258295,0.8685365,0.80279684
solar,84,42816,48576,0.9665172156987838,0.2073568604291258,0.7483201,0.11461973,0.66642714,0.032726765
solar,72,42176,42752,0.966512978451643,0.2648217608184704,1.1554351,0.58013153,1.3684278,0.36713886
solar,110,43904,51392,0.9664648807656137,0.187462521400463,0.19720125,1.6507363,0.5936055,1.2543321
solar,9,45056,49664,0.96645805760981,0.1682329043032461,0.10535669,1.4569407,0.7245054,0.8377919
solar,106,43648,44800,0.9664546315318788,0.2815025121368867,0.357759,2.4807668,0.0666275,2.1896353
solar,110,42368,46400,0.9664299932118708,0.1230702951600006,0.20225525,0.27342892,0.074875355,0.14604902
solar,33,42752,45632,0.9663998650587672,-0.1710682343807552,0.20416069,0.68588114,0.4803338,0.40970802
solar,121,47104,48832,0.9663586012089862,0.088549418151664,0.38029146,0.52273417,0.05911255,0.083330154
solar,13,49472,50624,0.9663035009829228,0.224939871990175,0.8615556,0.5055795,1.1655636,0.20157146
solar,98,46144,47872,0.9662943044485038,0.1084888506151839,0.033106804,1.2265038,0.17494488,1.3683419
solar,0,43136,52224,0.9662705865030656,0.0339626202389459,2.117549,0.2819376,2.445252,0.0457654
solar,19,43648,48128,0.9662663142177418,0.0058711825317611,0.5076151,2.9351277,0.27865934,2.706172
solar,124,46272,49728,0.9662616154739828,0.2156272892376938,0.205019,1.4623771,0.26093912,1.9283352
solar,79,43200,51264,0.9662611858797662,0.2098985844807406,0.15273952,0.45975494,0.042060852,0.26495457
solar,44,49472,50048,0.9662582595792072,-0.2929297482781415,0.37047386,0.8740349,0.34637737,0.8499384
solar,46,44800,46528,0.9662512491737764,0.1720699432712442,0.93962574,0.026713848,0.8605747,0.105764866
solar,35,42048,46656,0.9662499491043388,0.0903730984350899,0.19285822,1.6379814,0.23033619,1.6005034
solar,49,45632,47936,0.9662408620725677,0.1862437811722241,0.98734045,0.6335602,1.3856015,0.23529911
solar,113,44544,49152,0.966231928141273,0.1929515284176693,0.6017189,0.59085655,0.26559305,0.2547307
solar,18,45248,51008,0.9662240402881778,0.146251642795984,0.48027802,1.4824352,0.1336112,1.1357684
solar,112,45120,48000,0.9662090006019408,0.1356974409691762,0.5219183,0.08978033,0.25919247,0.1729455
solar,78,43136,51776,0.9661645537862158,0.1391086961080905,1.402112,0.0066661835,1.9525113,0.5437331
solar,3,43968,45120,0.9661371416675956,0.2901739891733437,0.07808876,0.07191849,0.39063215,0.38446188
solar,22,43200,48960,0.9661307784132276,0.2551077576169845,0.3234458,3.5609417,0.25051117,3.488007
solar,84,47360,47936,0.966124836733956,0.1532546957908635,0.4985957,0.41428852,0.73532915,0.17755508
solar,38,47168,51200,0.966124030574831,0.1331977312774386,0.2821293,1.8856158,0.50937796,1.6583672
solar,115,49472,50624,0.966100911863618,0.2325501196901993,0.6260619,0.3332243,0.8122425,0.1470437
solar,79,47104,48832,0.966069622066254,0.2834231966037656,0.068604946,0.032613277,0.0353446,0.06587362
solar,10,43136,47872,0.9660647863676664,-0.0652042081058682,1.7985764,0.20401669,2.153575,0.1509819
solar,131,42752,47360,0.9660486639125324,0.1821306431459131,0.19494438,0.5991578,0.42650032,0.36760187
solar,88,42048,43072,0.9660244701483868,0.0932149770410296,0.25772524,0.8596039,0.20228672,0.9150424
solar,51,47936,49088,0.9660178698915152,0.1267905360736146,0.30394173,1.6775827,0.6614857,1.3200388
solar,1,44800,49984,0.9660011693428782,-0.0507527744035641,0.41495705,0.9623785,0.09885168,0.44856977
solar,63,45376,49408,0.9659980052433726,0.193855621820874,3.0383744,0.5064111,2.8169327,0.28496933
solar,98,50880,52032,0.9659888603225006,-0.1372052320359612,0.94614506,0.29123354,0.5175972,0.13731432
solar,75,43712,52352,0.9659879422934452,-0.2292295380407286,0.1766653,0.82236195,0.30387688,0.6951504
solar,58,42048,47232,0.9659710201152468,0.2113943302046926,0.16804934,2.1054683,0.13247633,1.8049426
solar,99,42176,43904,0.9659625746199576,0.2743274887656814,1.035059,0.47028208,1.0721889,0.50741196
solar,73,43776,47808,0.9659536310492092,-0.1654547026364825,0.78047514,1.9688296,0.36988974,1.5582442
solar,73,46720,49024,0.9659464727945994,0.0346497237796253,0.030118942,0.97297955,0.3331437,0.6097169
solar,72,48000,52032,0.9659262198606086,0.2570518490880318,3.867955,0.59341407,3.4228106,0.14826965
solar,113,45696,50880,0.9659249433383452,0.0619673972755358,0.20401669,0.6439285,0.00028133392,0.4396305
solar,106,49856,50432,0.9659189682652838,0.2929777053827153,0.44923162,0.40749216,0.73277235,0.123951435
solar,106,46848,50880,0.9659140137258772,0.2901065652498218,0.033179283,0.13489342,0.11559725,0.28366995
solar,2,42112,49024,0.9659119819432777,0.230832770847736,1.9082074,0.18946838,2.1206908,0.023015022
solar,124,51392,51968,0.9659017061886638,0.1703988221286842,0.5272107,1.2730279,0.3994465,1.1452637
solar,119,45120,46272,0.9658977313363266,0.1739632364013212,0.7652235,0.10627794,0.65043306,0.22106838
solar,60,43840,50752,0.9658920185926662,0.2524228599528044,0.26412058,0.198946,0.5441656,0.08109903
solar,39,44800,48832,0.9658813066538344,0.044704247872754,3.6207876,0.3933878,3.3974328,0.17003298
solar,4,45632,51968,0.965871764027347,0.2577315060797093,2.2266355,0.2550416,2.07932,0.1077261
solar,68,50112,51264,0.9658623769772012,-0.0346377686895813,0.42267466,2.4963546,0.4101839,2.4838638
solar,102,46144,47872,0.9658504855594766,-0.0238307835835858,0.41850471,3.6125546,0.20824766,3.4022975
solar,96,49472,52352,0.9658462574411004,0.1272449035488359,0.13303661,1.7473998,0.013470173,1.6278334
solar,93,43904,47360,0.9658420848180131,0.2855253409592037,0.11261177,0.5841522,0.21573448,0.4810295
solar,54,43776,50688,0.9658351034464328,0.2493420148739326,0.042268276,0.0011434555,0.0056204796,0.04903221
solar,18,51264,51712,0.9658233690372052,-0.036933434647069,0.56098557,2.8785057,0.08073759,2.3982577
solar,104,42048,43648,0.9658197825604854,-0.057474087749921,1.5664406,0.962008,1.1639977,0.55956507
solar,19,47424,50880,0.9657904620348756,0.0592817740765072,0.26465416,0.20487928,0.09832811,0.038553238
solar,98,47936,49664,0.9657785988797096,-0.0705552216165595,0.224329,0.35891247,0.63579607,0.052554607
solar,13,44224,52288,0.9657763805996628,0.0001044520511692,0.25895357,3.7390175,0.2835946,3.7636585
solar,6,44800,47104,0.9657264602661696,-0.0209973842090191,0.6994486,0.95323706,0.4654174,0.71920586
solar,55,45120,50304,0.9657212025670792,0.1778210999330861,0.17016125,0.1428051,0.20284319,0.11012316
solar,113,49280,52160,0.9657130714731272,0.2719886199074429,0.03210783,0.016373634,0.07485199,0.059117794
solar,45,42176,45632,0.9657088041555726,0.0351824796351788,0.4425969,1.8505578,0.22128916,1.62925
solar,86,43328,50240,0.9656545052987928,0.2945445202420751,0.1849823,1.331367,0.5622096,0.9541397
solar,78,42432,51200,0.9655997243042858,-0.0228047804567299,0.5547943,0.9072809,0.66970253,0.7923727
solar,42,44800,50560,0.9655863836440272,0.1661941356124393,2.5643306,0.21153116,2.4577966,0.10499716
solar,17,46592,49472,0.9655578705061229,0.0311526893746155,0.5877929,0.26858997,0.7868023,0.069580555
solar,94,43200,50688,0.9655532905827764,0.0542423052689347,0.7206478,1.8045883,0.21723127,1.3011718
solar,62,45376,47232,0.9655488543080664,0.2705148224414055,1.8416343,0.24375963,1.8696518,0.21574211
solar,24,45696,49728,0.96553962681184,-0.3089298272194646,0.08835125,0.8228984,0.19828272,0.7129669
solar,46,43328,48512,0.96553122960118,0.2635583846676856,0.11344671,1.1610031,0.38348007,0.89096975
solar,26,42816,51456,0.9655141905371666,0.1155927243140983,1.3415017,0.25920486,0.8816638,0.20063305
solar,86,42176,45056,0.9654848602332132,0.1777798140782825,0.21973372,1.4519396,0.7588291,0.9128442
solar,26,44288,51776,0.9654456691324426,0.1443815242269808,0.13411999,3.5100293,0.3132558,3.3308935
solar,128,42752,50816,0.965438477782436,0.1160295044903284,0.22736454,1.2787976,0.5674906,0.9386716
solar,117,47680,48832,0.9654319198279484,0.2747216447911016,0.9175844,0.592021,0.71514416,0.38958073
solar,41,43328,51392,0.965430393950198,0.2083751067689235,0.17893362,0.78476334,0.55705786,0.4066391
solar,123,44544,46848,0.9653944895497047,0.1877744326425363,0.5894952,0.15782881,0.53377247,0.21355152
solar,107,48896,51200,0.9653672458893636,0.1356541257617329,0.08330345,3.044024,0.21789551,2.909432
solar,53,49856,52160,0.9653518476845102,0.2644060607540054,2.8898058,0.18509722,3.1184196,0.043516636
solar,38,45376,47680,0.9653039096197046,-0.2032330327237689,2.7943988,0.57492685,2.489133,0.26966095
solar,74,50176,50752,0.9652954442332342,0.2004913216505434,0.25307178,0.23546171,0.63056374,0.61295366
solar,91,43648,46528,0.9652504931697492,0.0924400647448365,1.7502642,0.50550365,1.7187285,0.47396803
solar,109,43904,49664,0.965243130750566,0.1621069880214501,0.96265316,0.1866107,1.1948891,0.04562521
solar,111,43200,44352,0.9652282379687068,-0.0068769928884018,0.004515171,0.78820467,0.04368925,0.74000025
solar,27,42176,46784,0.9651994572871654,0.2450321830350749,0.43270206,0.19398308,0.3699379,0.25674725
solar,76,43200,44352,0.9651833354240305,-0.0320865387566276,0.29262972,0.5473561,0.08109951,0.33582592
solar,114,43520,49280,0.9651371160001848,0.2543601967682066,0.10405016,0.48756647,0.006111145,0.5855055
solar,98,43520,47552,0.965136403798821,0.2622316338802251,0.41860962,0.89245653,0.21553516,0.6893821
solar,OT,49728,51328,0.9651358418211324,0.0962775039378339,1.1596174,0.2763834,0.9584513,0.07521725
solar,18,45056,50240,0.9651029141401593,0.2823045137585076,0.27647352,1.7165389,0.32175446,1.1183109
solar,32,44096,46400,0.9650978395616978,-0.0454586674636865,0.36431742,0.44624376,0.19712687,0.6134343
solar,17,45696,49728,0.9650952165559712,0.1148073918487988,0.2871642,1.092217,0.0024809837,0.80753374
solar,57,44416,49024,0.9650674222868428,0.2081973920629721,0.30778027,0.24968195,0.34732294,0.21013927
solar,35,43200,44352,0.9650391714426024,-0.0638112122093139,1.4501071,0.39515686,1.5426731,0.30259085
solar,41,47360,50816,0.96500988350177,0.1954767633903709,0.07300663,0.4338894,0.22047424,0.28642178
solar,14,43136,44864,0.9649835546236598,0.1364192956807427,0.9902339,0.11977625,1.2524586,0.38200092
solar,125,51200,51776,0.964936984432482,0.2741318236565196,0.9152899,0.04914522,1.3211899,0.35675478
solar,75,50176,51456,0.9649303838311786,0.224664040653265,2.536279,0.5442908,2.0135987,0.021610498
solar,16,43392,44544,0.9648880461817492,0.2260698662807748,0.0518651,1.0681148,0.25599003,1.3759699
solar,90,43392,45120,0.9648876945929789,0.1389210773226782,0.19949555,0.8899255,0.09430385,0.9951172
solar,8,46016,50624,0.9648405595143912,0.083516562383144,2.990674,0.29082394,3.1589875,0.12251043
solar,91,48320,51200,0.9648221643918604,0.197006535567486,0.058520317,3.6594782,0.17823172,3.4227262
solar,40,42048,51840,0.9648045410933384,0.2646842217407995,0.57659054,0.0019574165,0.94961977,0.37498665
solar,96,47744,51776,0.964801051027193,0.1575175999926933,0.26052094,0.29071903,0.63983583,0.67003393
solar,108,45504,51136,0.9647805971133748,-0.3757208625324416,0.7136607,3.437604,0.4924059,3.2163491
solar,41,45376,49408,0.9647393313661584,-0.0398705500168722,3.4208198,0.40424347,3.2496262,0.23304987
solar,16,43968,45696,0.9647355252954254,0.2354164437057002,0.5623946,0.21074009,0.88089323,0.10775852
solar,125,44096,50432,0.9647157108700988,0.2599855371903044,0.064437866,0.010558128,0.008949757,0.04492998
solar,28,47744,48896,0.9646997072376896,-0.0229885873022403,0.015872478,0.4411931,0.25819492,0.19887066
solar,29,48512,50816,0.9646691586177172,0.1286392322090264,0.19617748,0.15239143,0.3520069,0.003437996
solar,70,46528,52288,0.9646676639518376,0.1569754691291632,1.3217897,0.4006958,1.0406704,0.119576454
solar,120,42368,48704,0.964658454435484,0.1149565214547608,1.119514,0.1956377,1.2301922,0.08495951
solar,123,43904,49664,0.9646085445158428,0.2961110454637555,0.24567604,0.28679705,0.39709616,0.13537693
solar,85,46592,47872,0.9645781622870488,-0.0286039949742609,0.00065279007,1.1158285,0.18745756,0.92771816
solar,81,42816,49152,0.9645741033092506,0.0691178909340613,0.15511608,0.12500286,0.053706646,0.023593426
solar,125,42240,52032,0.9645302481059947,0.0266479468353166,0.464118,3.5854602,0.4749422,3.5962844
solar,15,43008,46016,0.9645056186817456,0.2127868411111585,2.2869592,0.1591134,2.6845636,0.5567179
solar,42,44288,47744,0.9644885720880028,0.2873639602076636,0.048936367,2.3475952,0.22999191,2.1665397
solar,121,44096,48128,0.964481951640674,0.0754077497449351,0.6483178,3.3594823,0.49821138,3.2093759
solar,64,48000,49728,0.9644659843199168,-0.0722692802801609,1.2998762,0.39079762,0.99811745,0.08903885
solar,30,49856,50432,0.9644415536443682,0.2456686357448702,0.9218674,0.743845,0.77268076,0.5946584
solar,69,46592,49472,0.9644258114638564,-0.1232422192112766,0.0811429,1.4612875,0.14331198,1.3991184
solar,58,43904,47360,0.9644231228421042,0.2064692315523411,0.36822176,0.16701794,0.30613995,0.22909975
solar,69,48128,52160,0.9644003723079492,0.0617707179866877,3.1657877,0.38645077,3.0307136,0.25137663
solar,110,47680,49984,0.9643165925972824,-0.071673535777312,0.47941017,1.6550097,0.70057917,1.8761787
solar,3,47680,50560,0.9642830221595924,-0.2570543143031928,0.16008711,0.3217101,0.31504965,0.47667265
solar,23,49856,52160,0.9642671597622394,0.1476474348233323,1.6161013,0.60871506,1.4727502,0.46536398
solar,9,43392,50880,0.964265840104354,0.1523387930434583,0.09784627,1.6601787,0.06796813,1.8259931
solar,40,44992,45568,0.9642579671216976,0.1560246707729974,0.2510605,0.4631338,0.09736872,0.811563
solar,85,49728,50880,0.9642223267666614,-0.2507893244292215,0.28673363,0.06829214,0.5321703,0.3137288
solar,135,43328,47808,0.9642180372000908,0.0856725293055469,0.3606701,0.30858135,0.5671601,0.10209131
solar,113,48256,48832,0.964176455673299,0.1691557537537631,1.5205326,0.363719,1.643785,0.48697138
solar,102,48384,49536,0.9641684370011112,0.16993037988968,0.4687028,3.8525147,0.2551136,3.6389256
solar,64,42816,46848,0.9641366233872692,-0.0850206729023948,0.1051631,0.0635705,0.0016536713,0.17038727
solar,89,45440,46592,0.9641237996206092,0.21961381102947,0.18390179,2.06979,0.4916196,1.7620721
solar,101,45056,51968,0.9641236658560696,0.2786911709194041,0.012590885,0.695796,0.34040642,0.36798048
solar,53,43584,44160,0.9640999498292272,0.1237307465537586,0.38796997,0.5538411,0.51299095,0.42882013
solar,109,44224,48256,0.9640933373140672,0.2919142300192711,0.59923077,0.5187392,1.1688976,0.05092764
solar,18,42048,45376,0.9640248746838624,0.1091786741791389,0.04497242,2.433475,0.43535423,2.0430932
solar,47,49152,50880,0.963969584139249,0.178252974214109,0.22489119,0.051502228,0.21628523,0.060108185
solar,62,45120,51456,0.9639180634919828,0.265312338391971,0.3260727,0.9893408,0.06128812,0.7245562
solar,5,43072,46528,0.9638947625043148,0.04557433459685,0.2862954,1.9230547,0.13309145,1.5036678
solar,91,43904,46784,0.9638830349881048,0.2979970086705128,0.34320736,0.013916016,0.43583536,0.07871199
solar,25,48896,51200,0.9638774802445372,0.1115587312312662,0.13018847,0.32574606,0.22891855,0.42447615
solar,44,43648,49408,0.9638727774082404,0.0569812287002727,1.3837867,0.8320694,1.2213573,0.66964006
solar,116,48000,52032,0.9638676495936066,0.0466908161912163,2.6253085,0.6380544,2.3858776,0.39862347
solar,120,45376,50560,0.9638612776279094,0.2591374801319974,2.4137297,0.3787403,2.2886705,0.25368118
solar,58,44160,51200,0.9638416064809489,0.0656305783103442,0.21427727,0.8282461,0.124957085,0.73892593
solar,66,43392,45696,0.9638415382497908,0.2696339536983141,0.10272312,0.3975339,0.10864782,0.60890484
solar,59,42112,44992,0.9638387018386798,0.1500754893411295,2.504386,0.17037201,2.7079825,0.3739686
solar,125,49984,52288,0.9638133457235591,-0.2623560252720711,0.1723299,0.016838074,0.01868248,0.13680935
solar,70,45120,48576,0.9638048641142498,0.1928529819143679,2.5714898,0.31991863,2.630361,0.26104736
solar,64,47680,48256,0.9637981303761206,-0.0765903570383559,0.027618885,0.05380869,0.30272388,0.22129631
solar,113,42752,48512,0.9637932728780356,0.0285356724735245,0.077364445,0.1648407,0.058772087,0.028704166
solar,16,43776,51264,0.9637577410506885,0.1563679844425308,3.2732158,0.053233147,3.5530295,0.3330469
solar,123,43136,47744,0.963733961827227,-0.2300196803619018,0.10363722,0.1045351,0.21350908,0.0053367615
solar,105,44544,46272,0.9636872220254712,0.1758951037942421,1.1805243,0.19686842,1.4314413,0.05404854
solar,32,43648,51712,0.9636583022620429,0.1102985856464611,0.03944683,2.0947056,0.17746496,1.9566875
solar,13,43328,48512,0.9636553209082728,0.2968988931824771,0.023000717,1.8117661,0.63281536,1.1559501
solar,53,45120,46848,0.96365392383782,0.2852220971899594,0.27095556,0.4815092,0.29571152,0.45675325
solar,9,47104,49408,0.9635828456480594,-0.0636328114145189,0.1539526,0.063388824,0.33849764,0.121156216
solar,53,43328,48512,0.9635815732452996,0.2823029447831299,0.20997,1.0367432,0.44881678,0.7978964
solar,51,44096,49856,0.9635790338480944,0.2597716115219217,1.2241478,0.12459183,1.7592077,0.4104681
solar,95,44480,51392,0.963578105438316,0.0851610224898884,0.9077687,0.13452911,1.265255,0.22295713
solar,102,45696,51456,0.963574219262207,0.1948565506309094,1.2322316,0.37387562,0.6662564,0.19209957
solar,117,43136,50624,0.9635429981503292,-0.2094252294732269,2.1998959,0.25746918,2.401832,0.055532932
solar,25,49984,51136,0.963533074438272,0.1386875919280654,0.021074295,0.52529764,0.31104326,0.23532867
solar,59,47168,48896,0.9635147245080352,0.0631540155705053,0.14664698,0.4972973,0.26976633,0.37417793
solar,37,47680,49408,0.9634687242067548,-0.11907035834668,0.24306774,0.015193939,0.14077091,0.11749077
solar,30,46592,49472,0.9634652162261274,-0.3614358390029469,0.34301424,0.19834518,0.39448357,0.24981451
solar,121,43264,43840,0.9634621038689548,-0.0331786654657837,0.39148998,1.2565875,0.16839886,1.4796786
solar,87,44864,47168,0.9634550156019808,0.2620917594360855,0.007121563,0.29624987,0.099849224,0.2035222
solar,119,42752,49664,0.9634346022697502,0.2573485522087255,0.06286144,0.018457413,0.017615795,0.062019825
solar,87,44224,48832,0.9634137676347692,0.1390375223624375,0.30618,0.26785994,0.43559265,0.3972726
solar,17,43968,51456,0.9634035970788932,0.2691588262959696,1.0722594,0.20831108,0.757257,0.10669136
solar,132,46080,52416,0.9634010754185228,0.1628775669142266,0.29443264,4.356146,0.0595212,4.1212344
solar,20,43520,50432,0.9633795952139238,0.268617041205548,0.19326067,0.49389505,0.0140218735,0.31465626
solar,27,44800,49984,0.9633714033077636,0.1173688973101216,0.35226107,3.8477988,0.069067955,3.5646057
solar,83,49280,52160,0.9633692240404056,0.0790684634362828,0.41402054,0.12806988,0.54405737,0.0019669533
solar,112,50432,52160,0.96333824569927,0.0789307411566903,1.3071942,0.22926569,1.4190598,0.3411312
solar,88,48256,49408,0.9633311044239568,-0.3457909281222071,2.909371,0.42175198,2.7380528,0.25043392
solar,35,44224,48832,0.9632924709432108,-0.1222434447609437,1.7290807,0.7772527,1.5456533,0.59382534
solar,87,42752,46784,0.963292316167366,0.1374757197443765,0.02512312,0.801888,0.31651783,0.46024704
solar,37,49728,51456,0.963233774954208,-0.1973688808699088,1.1538544,0.119329214,0.91387796,0.35930562
solar,124,44352,47808,0.9632303717281308,-0.3996372788451673,0.10511875,1.9910288,0.1944294,1.9017181
solar,118,42048,44352,0.9632300236583724,0.2427895996274863,0.4888749,1.7352781,0.18778563,1.4341888
solar,50,46400,49280,0.9632132687314714,0.2446466839896,3.0398679,0.16865635,2.9754834,0.10427189
solar,105,43776,46080,0.963206594662808,0.1482308569936912,0.27137375,0.46975088,0.39547825,0.5938554
solar,134,46976,52160,0.963201281261684,0.2683953184672329,0.31795025,1.1727953,0.5360446,1.3908896
solar,4,48128,52160,0.9632007744340372,0.1132380739590614,2.324593,0.057971954,2.8196402,0.55301905
solar,135,42176,44480,0.9631973639884538,0.1148911101399742,2.2650762,0.5164075,2.0376053,0.28893661
solar,20,44544,46848,0.963167044550815,0.2156979863679431,0.32789946,0.14770126,0.32728148,0.14831924
solar,135,49536,52288,0.9631621460371652,-0.191052307753897,0.06269455,0.4152627,0.21307802,0.26487923
solar,45,43712,50048,0.9631396069518934,0.2777694234840812,0.07111502,0.7360463,0.052719116,0.7544422
solar,53,45952,46528,0.963065607050497,0.2060322995284421,0.19186783,0.13337326,0.08979988,0.031305313
solar,95,48448,49024,0.963060560202128,0.1671241520007556,0.116511345,2.7003908,0.21454,2.6023622
solar,132,46720,47872,0.9630573062530036,-0.1322321035274289,0.09058714,0.8323579,0.08355093,0.8253217
solar,78,43328,49664,0.9630549181679914,0.291411178131829,0.2791443,2.0123663,0.94517756,1.346333
solar,8,45248,45824,0.9630052674203412,0.0996682199197836,0.4567604,2.5105414,0.01919651,2.0729775
solar,115,46592,48768,0.9630031111595276,0.2970801118281295,0.066792965,2.1405196,0.15286589,2.0544467
solar,93,47872,52352,0.9629694394125352,0.0904110102966933,0.40149593,1.38904,0.37111044,1.3586545
solar,16,48128,50432,0.9629633208122024,0.259999875069932,1.3853364,0.40705156,1.7828288,0.0095591545
solar,4,44672,48256,0.9629539876017356,0.1624669408161515,3.453024,0.64716816,3.7992935,0.99343777
solar,72,44352,50688,0.9629397526293242,0.213343073354661,0.16741037,1.2505317,0.25541306,1.3385344
solar,112,42752,48512,0.9629349723004048,0.1847602062637079,0.0622344,0.39242744,0.30260372,0.15205812
solar,10,49856,50432,0.9629147975445096,0.0386628413472795,0.037068367,0.23233128,0.1691041,0.02615881
solar,34,42112,50176,0.962914086514424,0.1301474818117007,1.7034836,0.0885191,1.891542,0.27657747
solar,117,44224,49408,0.9629119208430544,-0.0529848113488337,0.5915594,0.13918543,0.4432354,0.009138584
solar,25,50432,52160,0.9628640291874332,0.2156611215492527,0.94456005,0.16885948,1.2034674,0.09004784
solar,49,48448,51904,0.9628625015976042,0.2139817856433646,0.56263304,0.37885475,0.30196047,0.11818218
solar,6,46400,50432,0.9628548550516448,0.2469561368403844,0.13467932,1.5435591,0.17105341,1.2378263
solar,2,42752,46784,0.9628113507246904,0.1063096744887349,0.13950634,0.1987629,0.21517181,0.12309742
solar,114,42176,49088,0.96280951959469,0.2805502507200499,0.1458478,0.54447746,0.39931393,0.29101133
solar,103,50752,51904,0.9627967512858394,0.1824165477541762,1.7041945,0.0914278,1.9648094,0.16918707
solar,98,50688,51840,0.9627795762491342,0.0056452981570556,1.6467414,0.31137657,2.1274467,0.16932869
solar,77,48448,50176,0.962769458087304,0.2864338795547017,2.072318,0.006817341,2.1485705,0.06943512
solar,35,42944,44096,0.9627557059463862,0.0680032861526268,0.93841696,0.16649055,1.2917066,0.18679905
solar,2,43520,46976,0.9627409228681484,0.277246336315963,0.264287,1.9686675,0.46999693,2.1743774
solar,101,43648,49408,0.9627403713868404,0.2420603447924706,0.0774312,0.045927525,0.010033131,0.021470547
solar,79,43072,49984,0.9626640558077604,-0.350815652744813,0.50208235,1.5113187,0.13366842,1.1429048
solar,0,42240,47424,0.9626594396344218,-0.0529573108264466,0.115767,0.34035397,0.25933075,0.4839177
solar,132,45952,50560,0.9626428802504348,0.1982552424900805,3.2712436,0.5195098,3.0923724,0.34063864
solar,22,49472,50624,0.9626228448485082,0.1577399480414152,0.6884074,0.16732168,0.75596094,0.2348752
solar,64,45632,51968,0.96262026243633,0.1173134985344097,0.13040018,0.948967,0.21401167,0.8653555
solar,54,46016,46592,0.9626172097941876,0.2542206612150945,1.2950587,0.19709015,1.4008994,0.091249466
solar,128,46592,50048,0.9625920953140468,0.2653680892160964,1.4683404,0.25673246,1.8473277,0.12225485
solar,130,43392,48000,0.962588496624245,0.100864439467797,0.38091707,1.8987746,0.12948132,2.409173
solar,79,42816,46848,0.9625458207590312,0.0871362488379977,0.12690687,0.32631588,0.25923252,0.45864153
solar,82,43008,47040,0.9625414698387256,0.29752668375432,1.4577503,0.972281,1.9291916,0.5008397
solar,57,44928,47808,0.9625382973301084,0.0522301374064117,0.2841878,2.7542148,0.12820959,2.3418174
solar,129,47872,51328,0.9625315468816082,0.2470761806813853,1.3483715,0.41623878,1.6755257,0.74339294
solar,26,47232,50688,0.9625006537593068,-0.0110174717311564,0.037540436,0.44322586,0.2182064,0.2625599
solar,99,49024,51904,0.9624986295004124,0.04833850704906,1.7553546,0.12125754,1.7357137,0.10161662
solar,66,42816,52032,0.9624985958773584,-0.1282647370838073,0.6314125,0.3259411,0.3616519,0.056180477
solar,67,46720,47872,0.962445810340591,-0.1571279195365788,0.1489253,0.5154433,0.090426445,0.27609158
solar,116,45696,49728,0.962416093959134,-0.1982963470754467,0.024933338,0.40256882,0.10288334,0.27475214
solar,123,43648,48832,0.9624135891118224,-0.0471974618932296,0.06076622,0.0011076927,0.026110172,0.033548355
solar,37,47168,51776,0.9623875647704124,0.2679329249001522,0.20871592,2.588719,0.48882246,2.3086123
solar,127,46784,51392,0.9623697146564136,0.1208714641699014,0.45511913,0.22283125,0.4236493,0.19136143
solar,49,44288,46592,0.96234867341401,0.1706894771539801,0.122392654,1.1578774,0.3378954,0.9423747
solar,40,43328,48512,0.9623278283287652,0.2433361753619028,0.30391312,1.85534,0.7457895,1.4134636
solar,61,48256,52288,0.9622939666118896,0.2698308205339115,0.29132557,0.28280783,0.29031277,0.28179502
solar,48,42048,43776,0.9622841229872784,0.2590687190911152,0.671978,2.7249198,0.44675922,2.499701
solar,77,45376,49984,0.9622632850312072,-0.0784092860391677,0.89831877,0.3112793,1.3180132,0.10841513
solar,17,43712,44288,0.962234199230245,0.1662284814375647,1.4692745,0.30590582,1.6861048,0.089075565
solar,113,43520,46400,0.9622221156286316,0.2405930786550028,0.1956377,1.8100638,0.23484087,1.3795853
solar,32,46016,48896,0.9622170523588592,0.1312490493661483,2.081181,0.26695824,2.2534728,0.09466648
solar,89,48128,48704,0.9622064870461609,0.2858517852664507,2.718093,0.022610188,2.9154048,0.17470169
solar,101,42176,46784,0.962168228953683,0.2617431662343458,0.07139349,1.2910452,0.22127008,1.1411686
solar,34,48128,52160,0.962140349237454,0.1914085246982301,2.252625,0.1625328,2.4746156,0.3845234
solar,0,42816,45696,0.9621321948817084,-0.1189334728496012,0.0993619,1.2512364,0.17254782,1.3244224
solar,34,42688,49024,0.9621218357924992,0.1065233889485614,0.17535019,0.18016768,0.29158354,0.29640102
solar,25,45440,49024,0.9620780023370528,0.1852243467791888,0.04966116,0.056682587,0.04347706,0.1498208
solar,37,46720,47872,0.9620738665762488,0.2046629975843544,0.106844425,2.9402761,0.0776,2.7558317
solar,36,43392,45120,0.9620484598742008,0.0543212352095357,0.21729827,0.32034874,0.03871274,0.57635975
solar,91,46016,51776,0.9620442384555424,-0.3526269310878198,0.936646,0.019240856,1.1744771,0.25707197
solar,61,42112,45120,0.9619853195835874,0.0035439724659736,1.7565541,0.34187508,1.7152638,0.3005848
solar,60,42240,50304,0.9619073395628052,0.2180004996946355,0.16958284,1.1286504,0.06761336,1.2306199
solar,14,43520,47552,0.9619005408576172,0.2435751994102664,0.43182087,1.6188302,0.06120062,1.1258087
solar,11,49088,51392,0.9618386084074526,0.0769926759961964,0.2773466,1.9207301,0.6821642,1.5159125
solar,56,43712,44288,0.9618345623426224,0.018859566847407,1.2822146,0.39218903,1.5447087,0.12969494
solar,73,47872,52480,0.9618210503910009,0.0792092277439108,0.9777098,0.1904931,1.236434,0.44921732
solar,83,43840,47296,0.9618142702349818,0.139976615595173,0.11976385,0.103027344,0.35165548,0.12886429
solar,86,43840,49600,0.9617348494916332,0.2361982615906975,0.07434845,0.25284672,0.13506603,0.19212914
solar,135,47744,49472,0.9617321334724188,0.2573567119466427,0.05090666,0.6679969,0.15484476,0.771935
solar,107,46784,47936,0.9617302402729307,0.099281861529814,0.20257473,0.6781559,0.31218767,0.56854296
solar,82,42752,45504,0.9616964000801956,0.210239234562518,0.14151573,0.26571083,0.031395435,0.15559053
solar,95,49280,52160,0.9616879675331108,0.2597603207737535,0.24681616,0.9500351,0.29350948,0.9967284
solar,39,42368,44096,0.9616787688407836,0.1030650991778488,0.12060404,1.8094568,0.31244135,1.3764114
solar,9,47296,50752,0.961672962662946,0.2257297468581299,0.11819315,1.2998104,0.22310734,0.9585099
solar,110,42560,48896,0.9616571925924116,0.0294544214701529,0.14030027,2.8195987,0.40445566,2.5554433
solar,28,51776,52352,0.9616535033477271,0.2780560197173364,0.22620678,0.2856307,0.05440998,0.113833904
solar,75,42176,50240,0.9616247920972228,0.2243311308513051,0.12997532,0.93732023,0.52046347,0.5468321
solar,45,43648,44800,0.9615524770528884,-0.1675568703198564,0.77962255,2.4408722,0.75337553,2.4146252
solar,87,45440,52480,0.961500883038264,-0.0319569815182808,0.2193265,2.5646663,0.6148448,2.169148
solar,26,45696,49728,0.9614904209135208,0.1925750274900942,0.26209497,2.1614866,0.07849455,2.345087
solar,95,44224,47680,0.9614602225826946,0.159692829233474,0.56301165,0.476799,0.17739344,0.0911808
solar,5,43904,48512,0.9614577563670248,0.2781332699017552,0.863256,2.8216462,0.69811916,2.6565094
solar,70,46976,52160,0.9614526798259536,0.1107677141154714,0.78578854,0.3584013,0.6751399,0.24775267
solar,64,49408,51712,0.96139662402762,0.1753425577054739,0.16284037,2.5651698,0.46323204,2.8655615
solar,84,46080,52416,0.961363403531562,0.2084750219063665,0.5514784,0.509387,0.3528061,0.31071472
solar,11,44800,48832,0.961334379037442,0.1759871211805885,3.110042,0.51421213,2.8719954,0.2761655
solar,36,44096,48128,0.9613230982554708,0.1518303030823068,0.1372881,0.19538593,0.07247782,0.13057566
solar,106,42944,46976,0.9613064937096862,0.0619136786472426,0.13456726,0.8773737,0.53191805,1.2747245
solar,22,43328,50816,0.961297056201536,-0.0469996913393473,0.027332306,1.3390393,0.41826153,0.8934455
solar,102,48832,49408,0.9612961056831996,0.2736551971751145,0.011556625,0.24125338,0.094647884,0.13504887
solar,71,43904,46784,0.9612925895205268,0.0894190772939885,0.0578537,0.21657419,0.1470089,0.127419
solar,58,48576,51456,0.961272766092888,0.2213272600227799,1.0405836,0.9405894,0.4743929,0.3743987
solar,132,43712,44288,0.961256442979435,-0.1388531669935956,0.7649493,0.41490555,1.0086737,0.1711812
solar,83,43392,50880,0.9612241384468344,0.1396622030974224,0.11081171,1.0407805,0.2633462,0.88824606
solar,43,43072,52288,0.9612239090692482,-0.1521641278502262,0.3639946,1.3312469,0.078192234,0.88906
solar,122,43520,49856,0.96119138275861,0.084778244290124,0.041986942,1.3916731,0.3428092,1.006877
solar,26,44864,46592,0.961157108391968,0.1983331618123826,0.13110256,1.060977,0.096998215,0.8328762
solar,113,45440,52352,0.9611363473394056,0.0648640909544573,0.10485029,2.9057117,0.40440512,2.6061568
solar,10,48128,52160,0.9611323420470748,0.0390995946159604,2.9204955,0.3532076,2.9509797,0.3836918
solar,44,47232,48960,0.9611123009384428,0.2532201819795605,0.049479485,0.7424116,0.031537533,0.72446966
solar,38,42112,47296,0.9610975993936968,0.0572634242700645,0.23454762,0.09291172,0.71019936,0.38274002
solar,13,42048,48384,0.9610655981744378,0.0352295715670177,0.23643112,0.18648052,0.06101942,0.36189222
solar,97,46656,49536,0.9610625030807172,0.1511019705551018,0.18660116,0.5906687,0.3536048,0.42366505
solar,59,43968,45120,0.9610465221242276,0.1758812061997912,0.2537756,0.2643299,0.6166339,0.098528385
solar,33,47872,50752,0.9609807130861784,0.0005330797831814,2.674448,0.1360693,2.809432,0.0010852814
solar,36,50048,52480,0.9609330411947088,0.0817246778594096,0.0753746,1.9904509,0.42024946,1.645576
solar,48,47872,50176,0.9609237945897235,0.2970123731361106,0.8912072,0.09386349,0.72479343,0.0725503
solar,62,48384,51264,0.9608955762966748,0.2731516637916374,0.40715027,3.2843227,0.26817417,3.1453466
solar,4,46528,49408,0.9608370200114084,0.0734238016097547,1.8280821,0.9582815,1.7897949,0.91999435
solar,112,46208,51392,0.9608356171439282,0.1365939440781561,0.6290865,1.5132952,0.30983305,1.1940417
solar,37,42816,46848,0.960831351244262,0.0933508584401972,0.16626215,0.02120018,0.23224115,0.087179184
solar,115,51456,51904,0.9608233099176512,-0.0407563734817192,1.1534052,0.46964025,0.9780674,0.29430246
solar,113,47808,52416,0.9607903375421804,-0.4829388890763741,0.13835192,0.97957945,0.105047226,1.0128841
solar,56,44352,51136,0.9607550125707248,0.1871095162415802,0.3437581,0.41274548,0.4724269,0.54141426
solar,126,50496,51200,0.9607483995694543,0.1591582630236445,0.22760057,1.0606441,0.4526925,0.8355522
solar,112,47168,51200,0.9607359532302796,0.2567600793111206,0.1740427,1.6564851,0.37519455,1.4553332
solar,64,46208,51392,0.9607249629966844,0.1543305093502083,0.104911804,0.5460887,0.29961538,0.35138512
solar,98,45376,49408,0.9606898648806024,-0.0762460256596617,3.8983736,0.32253838,3.8462663,0.27043104
solar,135,45248,51008,0.9606796964352566,0.1478730036038526,0.7409935,1.6372437,0.28203058,1.1782808
solar,11,43392,45696,0.960634488193956,0.2773257638229176,0.21495104,1.1763053,0.23336554,1.6246219
solar,100,42112,44992,0.960610501377276,0.1841143182188528,1.6822386,0.44036484,1.9127579,0.67088413
solar,3,43648,48256,0.9606073324767344,-0.0919582241783503,0.9910083,0.17011929,1.4304433,0.26931572
solar,59,43776,51840,0.9605443687270346,-0.0044030044389873,2.5714421,0.499012,3.124446,0.053991795
solar,64,43520,45248,0.9604637959125686,0.0004548978290667,0.015825748,0.3824377,0.088758945,0.4553709
solar,110,43712,47168,0.96044299773803,0.0512051404976199,1.0390992,0.44674158,1.2957287,0.19011211
solar,79,48960,52416,0.96044292333169,0.0462238671826174,2.158136,0.47409105,2.4607544,0.77670956
solar,36,43328,51392,0.9604346975880224,0.1480855676050511,0.15956545,2.1372786,0.801795,1.495049
solar,126,43392,44544,0.9603964398983768,0.0882538021559427,0.11181259,1.2176533,0.29796076,1.6274266
solar,OT,49856,50432,0.9603349106383716,0.2384944470865725,2.7187386,0.4907956,2.4480972,0.22015429
solar,36,46016,46592,0.960333833883756,0.2333159801303162,1.84301,0.33095837,1.8241172,0.3120656
solar,96,42752,45056,0.9603265584632332,-0.008433199793059,0.9128566,3.5206347,0.98302794,3.590806
solar,98,46272,51456,0.9603180629781444,0.2028207516006656,0.5291302,0.111515045,0.065535545,0.35207963
solar,7,43840,50176,0.9603044556659484,0.1815731206901905,0.75008535,0.15346956,0.979939,0.07638407
solar,15,43712,49472,0.9602982809087596,0.1810461772986699,0.22346497,0.13897467,0.08686304,0.0023727417
solar,39,44544,48576,0.9602699505094906,0.2412308846159279,0.84776497,0.19377232,0.5502143,0.10377836
solar,135,44416,47872,0.9602582726866342,0.1018718633621633,0.72865963,1.8003311,0.74959993,1.8212714
solar,133,49088,51392,0.9602481912872988,0.1073367190284919,0.42608404,0.53099203,0.8253889,0.13168716
solar,83,46528,48256,0.960227163323779,-0.0713359821168429,0.94661,0.20431852,0.61349344,0.12879801
solar,2,44480,49664,0.960220509878666,0.1225361302766834,0.0071783066,0.03450966,0.053086758,0.08041811
solar,15,43520,46976,0.9601892419027094,0.1398319441156428,1.7055764,1.001481,1.5107012,0.8066058
solar,46,44288,47872,0.96018272879531,-0.0553244916997662,0.23151636,2.1521072,0.6030841,1.7805395
solar,23,47616,48768,0.960180826263212,0.2671107566510013,0.48476458,0.5464988,0.46572924,0.5655341
solar,22,48320,48896,0.9601771434838166,0.26973170709016,0.339046,1.3094249,0.28256083,1.2529397
solar,72,49024,49472,0.960159792415454,0.092501461932077,0.30549288,1.1556673,0.062224865,0.78794956
solar,92,43392,51456,0.9601432766031824,0.2356399363056375,0.22192669,0.67141104,0.16116667,0.28831768
solar,17,42368,50432,0.9601135826435492,-0.0432416715105026,0.6172123,2.4032059,0.05508852,1.8410821
solar,73,44992,51456,0.9601055727409754,0.0939817616277372,0.9968529,1.0346045,0.93925047,0.97700214
solar,83,42368,46976,0.96007911797191,0.096159590057913,0.22720003,0.15881824,0.2223692,0.15398741
solar,46,42752,44480,0.9600650908341885,0.1441160532781542,0.32333374,1.4233336,0.6567049,1.0899625
solar,78,45696,47424,0.9600474962377138,0.2426204297325252,0.09567881,0.24393082,0.06311178,0.27649784
solar,88,43200,52416,0.9600373582938952,0.1405959018822795,0.6158776,3.597776,0.2785864,3.2604847
solar,50,48896,51776,0.9600366773683718,0.1115790811045629,0.1631422,1.7438989,0.37878275,1.5282583
solar,21,42368,49280,0.96002905817392,0.2196712079350462,0.18371773,1.1002698,0.211452,0.70510006
solar,24,43392,50304,0.9600183850077576,0.2791385608754526,3.8939729,0.13647461,3.8823586,0.14808893
solar,67,42240,43392,0.959981874066174,0.2578311565974058,4.8437376,0.21924138,4.341193,0.28330326
solar,53,43648,50560,0.959944335205484,0.0052930434068335,0.5934243,0.11087656,0.40475225,0.077795506
solar,17,43520,48128,0.9599343086283548,0.2748304113367753,0.110581875,2.9352102,0.1951437,3.019772
solar,109,43840,50048,0.9599126312947164,-0.0166598859512565,0.24410772,0.10953331,0.006257534,0.12831688
solar,89,45632,47936,0.959902793592824,0.1122634762770271,0.741858,0.5487647,1.0898123,0.20081043
solar,85,46528,49408,0.959892111871893,0.1723326485355781,1.3338628,0.19197512,1.2515812,0.10969353
solar,33,49600,52480,0.9598122348534828,0.0957057739349616,0.1146822,3.1351652,0.078299046,2.942184
solar,86,48128,52160,0.9598057557850184,0.1265218804439758,1.010385,0.4706483,1.3636451,0.11738825
solar,67,46656,48960,0.9597549865635324,-0.0878239126199851,0.12412119,0.758584,0.1969142,0.685791
solar,71,43648,46528,0.95975181394588,-0.2285242241889505,0.13824368,0.054865837,0.18657017,0.006539345
solar,121,45696,51456,0.9597384149569832,-0.0346939013138787,0.0652976,0.4328804,0.121721745,0.37645626
solar,71,44672,52160,0.9597365074475986,0.1217467088093698,2.5443444,0.28869152,2.5806026,0.32494974
solar,11,44544,48576,0.9597291949578224,0.1732909882076302,0.03140831,0.009324074,0.0034022331,0.044134617
solar,96,48256,49984,0.9597170153459058,0.192995632806099,0.62004375,2.28519,0.220747,1.8858933
solar,38,43648,46528,0.9597113378987912,0.1665752483817504,0.3833027,2.7789564,0.585443,2.9810967
solar,14,43840,44416,0.9596984095731678,0.2762083953760831,0.13636637,0.09143877,0.49144173,0.2636366
solar,3,43840,46720,0.9596925668479854,-0.0386592320682731,0.120334625,0.10652447,0.0111608505,0.024971008
solar,127,48960,51136,0.9596731956563652,0.1120814699406645,0.18030119,0.45976973,0.20324326,0.4827118
solar,1,47424,50880,0.9596729677279534,0.0073892367592217,0.02305603,0.001004219,0.011208057,0.03325987
solar,101,43712,44288,0.9596381669337688,0.2922111240113874,1.9695678,0.44156694,2.2087207,0.20241404
solar,12,42560,47744,0.9595612198828964,0.2906937448683234,0.08140993,1.6007328,0.267632,1.4145107
solar,35,49728,52032,0.9595383114991194,0.00278948753815,0.9430175,0.035357952,1.1076136,0.12923813
solar,66,42368,44096,0.9595329992878204,0.2167632164562577,0.4853773,0.097741604,0.8354225,0.2523036
solar,26,46720,47872,0.9595013434569644,0.2529363457715537,0.1311965,1.3955317,0.1528058,1.417141
solar,132,42176,42752,0.959497494575662,0.2971505405543383,0.7494011,0.31451988,0.86614656,0.19777441
solar,34,49280,49856,0.9594723485673924,0.2150033579875463,1.6451664,0.17251301,1.6586909,0.18603754
solar,3,46528,49984,0.9594306677265004,0.0472572366195394,1.5666714,0.18005562,1.7775025,0.030775547
solar,65,49408,49984,0.9594086583575672,0.1991094449638437,0.3245287,1.6569581,0.59140253,1.9238319
solar,9,42240,44544,0.9594073375285682,0.213606235763678,1.0333104,0.9606309,1.0575552,0.9848757
solar,79,43328,49088,0.9593654995873272,0.2358828786305186,0.20656347,0.87290287,0.48236752,0.5970988
solar,6,48320,51200,0.9593626286150456,0.0909636552794155,0.09679031,2.6331158,0.30976057,2.4201455
solar,102,42816,50304,0.9593195113715276,0.1298746490490187,0.82907677,0.0009665489,0.7731657,0.056877613
solar,8,45440,52352,0.959263422589898,-0.0628755699749387,0.15303802,2.7973485,0.47232628,2.4780602
solar,89,44672,48256,0.959254017875023,0.2597609563591654,0.2675953,2.315084,0.0501194,1.9973693
solar,109,44096,48128,0.959219720077568,0.1499380971293999,0.42461443,1.9325585,0.028414726,1.4795294
solar,103,44544,46848,0.9591933027045518,0.2733334848601787,1.6908374,0.25045633,1.6171036,0.32419014
solar,44,43328,46208,0.9591313424360508,-0.0674099762975978,0.049096584,1.2339454,0.17189503,1.0129538
solar,86,47168,48896,0.9590938641887536,0.1952849580451409,0.051161766,0.18935823,0.10852337,0.13199663
solar,95,45696,50176,0.9590883619773364,0.1056613578370729,0.29727316,0.9804096,0.11446619,0.5686703
solar,24,42368,46976,0.9590873802458436,0.1739122277791732,0.62801504,0.91777563,0.061204433,0.35096502
solar,16,43648,45376,0.959081427917296,0.2575314205921635,0.41537428,3.428453,0.61730194,3.6303806
solar,106,48704,52160,0.9590479478227324,0.0817742777858518,3.0709014,0.31550598,2.8411546,0.08575916
solar,51,48320,49024,0.9590451116332313,0.0446349650116459,0.48695612,0.030673504,0.6186695,0.10103989
solar,63,49728,50880,0.9589595795820248,-0.5590512096561706,0.12186241,0.0029883385,0.2386818,0.11980772
solar,54,45440,51200,0.9589569407564597,0.2135648926216475,0.10224438,2.8204684,0.29499435,2.6277184
solar,100,47104,49408,0.9589332782027022,0.2910808820817298,0.09985638,0.05841732,0.15700388,0.31527758
solar,112,48576,49728,0.9589261955332145,0.0790478030019984,0.13286066,0.39429903,0.011628628,0.24980974
solar,51,42176,47360,0.9588980172273344,0.2831341559828619,0.2922473,2.729961,1.0413685,1.9808397
solar,114,46976,52160,0.9588465488329712,0.2631265592603981,1.0299067,0.320992,1.5830903,0.23219156
solar,69,43648,45376,0.9588124784606964,0.2802831443217901,0.27971935,1.2041831,0.72781515,1.6522789
solar,37,43840,44864,0.9588124753791362,0.0455198588436462,0.072387695,3.4225426,0.08994293,3.4049873
solar,126,45632,51968,0.9587991664597828,0.2225989428042033,1.4185057,0.28153038,1.9067369,0.2067008
solar,12,46528,48256,0.9587977590040084,0.2196038207445441,0.15085316,0.046832085,0.08431673,0.28200197
solar,96,43392,44544,0.9587962753050864,0.2203736388791052,0.6423316,1.6215172,0.23928547,1.218471
solar,116,46272,50304,0.9587582004791324,0.19086805710821,0.19182539,0.7016573,0.2194562,0.6740265
solar,54,47296,52480,0.9587382611262184,-0.1647730087687157,0.1409769,2.3249407,0.32629824,2.1396194
solar,13,42816,45696,0.95873238507096,0.2179041796475997,0.25290823,0.14935255,0.10814619,0.0045905113
solar,78,43008,49472,0.9587312502034144,0.2551879383588174,2.705913,0.06690788,2.951087,0.17826605
solar,40,44544,48576,0.958692604297487,0.155729443777293,0.5530548,0.08220005,0.79341173,0.32255697
solar,123,47552,49280,0.9586738688576368,0.231182476307503,0.2635126,0.5363121,0.33558083,0.6083803
solar,14,45440,46592,0.9586260614496972,-0.1630695508526479,0.07321644,0.31541348,0.20982122,0.17880869
solar,9,42176,49088,0.9585650497439844,0.2835174318157522,0.3675518,2.3462977,0.6764307,2.0374188
solar,119,46592,51776,0.9585475957437052,0.1362794939921495,0.14063168,0.65243626,0.06001711,0.5718217
solar,20,45376,51712,0.9585416603246912,0.0247185318311925,0.36153603,0.016103745,0.53244305,0.15480328
solar,38,43200,44352,0.958523188380252,0.0285620083547895,0.5294347,1.4417582,0.07779312,0.9901166
solar,73,50176,51904,0.958521795329658,0.1872852444268281,0.40246725,0.14874077,0.76932144,0.21811342
solar,67,42752,51968,0.9585115035979118,0.2275789608486803,0.20181084,0.27610683,0.4284935,0.04942417
solar,70,47680,48256,0.9584733046314754,0.130599219413603,0.72746086,0.1377902,1.1920261,0.32677507
solar,6,47808,51840,0.9583986343231702,0.0971578870460811,1.3592262,0.3754773,1.5212183,0.21348524
solar,123,44480,51968,0.9583571696382154,0.2894922399095299,0.19368124,0.086610794,0.30486822,0.19779778
solar,90,46528,49984,0.958349621091522,0.2724521795184145,0.23118305,1.0252442,0.4524455,1.2465067
solar,78,44224,50560,0.9583279173401188,0.1474201884755755,0.2668047,0.7312765,0.12867117,0.33580065
solar,35,47808,52416,0.958247797315891,0.2179757424553852,0.016682625,0.038795948,0.07668924,0.02121067
solar,103,43392,50304,0.9582296132494046,0.2874352229626881,3.134564,0.34647655,3.0613246,0.27323723
solar,60,48000,52032,0.9582124097636217,0.0983777669087845,4.152941,0.52536774,3.7035735,0.075999975
solar,66,43328,51392,0.9581569351305383,0.2885703406263468,0.31626654,1.1933904,0.40315437,1.1065025
solar,91,45440,52480,0.9581504430235293,0.1404862090541109,0.11091995,3.4320335,0.40012217,3.1428313
solar,28,46592,49472,0.958149162386108,0.2382389171092462,0.013529301,0.24181509,0.019785881,0.23555851
solar,107,47808,51712,0.9581456752224756,-0.1296179445770179,0.2785902,0.76912117,0.18018055,0.6707115
solar,43,45696,52032,0.9581296365498816,0.0198462881352173,0.7371378,0.011437893,0.41961145,0.30608845
solar,75,45952,49408,0.9580906065397494,0.1028132987624208,3.0407104,0.47611046,2.7020926,0.13749266
solar,126,45696,48576,0.9580251289485302,0.2953238574056539,0.29175234,0.17907667,0.4080224,0.29534674
solar,107,43328,50816,0.9579902621529436,0.2960142204134616,0.008843422,2.849072,0.6046171,2.2356114
solar,88,51136,52288,0.9579825141257996,0.2417992785799569,0.26244736,0.12567997,0.251204,0.11443663
solar,78,49152,49728,0.9579786371362816,0.0866420131556541,0.16933537,0.5952544,0.2529602,0.67887926
solar,32,42752,46784,0.95797481069538,0.1440888296359453,0.5952563,0.55558634,0.6310539,0.59138393
solar,30,45120,45696,0.9579738685245478,0.0110305045700994,0.7616334,1.0292244,0.6623907,0.9299817
solar,47,42048,51264,0.9579640832860444,0.0909892241038842,0.22384214,0.13473988,0.4326086,0.074026585
solar,127,44224,51712,0.9579396096580456,0.0507017639415048,0.07956076,1.1144128,0.35504866,0.8389249
solar,128,43648,50560,0.9579214298421032,0.0570733477119276,0.4033475,0.19877338,0.122859955,0.08171415
solar,79,49152,52032,0.9579208827650004,0.184012952314626,0.67008734,0.21840096,0.47228098,0.4162073
solar,104,42368,49856,0.9579093636671222,0.025780153926077,0.9456105,0.19041157,1.0683374,0.06768465
solar,105,45120,48000,0.9579078807461662,0.0278885291731153,0.44424677,0.010474682,0.29152393,0.14224815
solar,63,42240,50304,0.9578868936412868,0.2112812134369468,0.13258982,0.862834,0.04171276,0.95371103
solar,12,43392,50880,0.9578862490869536,0.025276118775686,0.049044132,0.9010439,0.31076646,1.2608545
solar,35,48256,49984,0.9578206959902632,0.2704654459160857,0.16956806,1.6867819,0.032510757,1.4847031
solar,29,42112,49600,0.9578096650528332,0.1277194935236566,1.893805,0.21258307,2.1120324,0.0056443214
solar,51,50048,52480,0.9577902217323586,0.1209492443934526,0.28618956,2.3146167,0.021062374,2.0073647
solar,65,43328,48512,0.9577900951775776,0.2821580715064594,0.15835857,1.4459343,0.3771248,1.2271681
solar,130,43008,51200,0.9577724694114782,0.1796201352880532,0.42246723,0.45664597,0.3947525,0.42893124
solar,44,46592,48768,0.957760925033866,0.2883202389036639,0.649868,0.87642574,0.69970703,0.92626476
solar,60,44224,49984,0.9577596227828588,0.0345594915126326,0.13323641,2.7244987,0.16724682,2.7585092
solar,97,48896,50624,0.9577069901343882,0.2123961198826442,0.10904932,0.13746214,0.18592691,0.060584545
solar,39,45120,45696,0.957688588966472,-0.2972227918723251,0.21108842,0.433187,0.06995273,0.71422815
solar,95,47872,51456,0.9576789996448152,-0.0623252560654295,2.7132933,0.6468532,2.1704872,0.10404706
solar,32,43968,46272,0.9576590158134852,0.1850895911072376,5.1032386,0.49648547,4.5896935,0.017059565
solar,134,43840,44288,0.9576533249805138,0.1971340129676437,0.17886448,0.015398502,0.16405964,0.00059366226
solar,28,45376,45952,0.957652992055518,0.0148543547646081,0.24508238,1.2486458,0.09896803,0.9045954
solar,132,45120,45696,0.9576287716895836,0.0929619622646597,0.08102512,2.2887945,0.27257657,2.480346
solar,7,43200,51840,0.9576205454039078,0.2545328122574818,0.06968832,0.6081743,0.29788923,0.24059677
solar,76,43904,45632,0.9576145430463164,0.1784445317688154,0.17334223,1.0025907,0.4977913,0.6781416
solar,34,45440,52352,0.9575977341798048,0.1265576568549806,0.06886196,2.731708,0.22833443,2.5722356
solar,68,43200,44352,0.9575918669784071,-0.2380595596820679,2.2798042,0.8437958,2.0844688,0.6484604
solar,59,46976,48128,0.9575867274480624,0.2450623075062085,0.25601292,1.8376093,0.019007206,1.5625892
solar,6,42560,52352,0.9575818673335228,0.2621738864273389,0.05335903,3.2485151,0.023257256,3.1718988
solar,114,42112,51456,0.95752498809643,-0.0026467784612218,1.5871646,0.77146983,1.1086502,0.2929554
solar,106,45952,51712,0.9575243721478802,-0.226683274238417,0.22882938,0.22365189,0.0651598,0.070337296
solar,61,43200,51712,0.9575020196681566,0.2071167589779334,0.3891139,3.9861994,0.108373165,3.7054586
solar,72,50432,52160,0.9574880473127714,0.178831079691009,1.3548532,0.23710155,1.691019,0.09906435
solar,92,44224,44800,0.9574634405877592,0.2842349811184638,0.2949338,3.0708342,0.52316,3.2990603
solar,31,43136,47744,0.9574557090106774,0.067512586870622,1.846437,0.30976772,1.9968967,0.15930796
solar,63,42752,43328,0.9574492024240512,0.1185560848517538,0.3017025,1.6057029,0.6835151,1.2238903
solar,67,45376,52288,0.9574289636489466,0.0246906252980962,2.0921435,0.07597256,2.4566774,0.28856134
solar,91,44544,46272,0.9574110561280949,0.1631475656189845,3.4657402,0.4323883,3.1806955,0.14734364
solar,131,46528,48256,0.9574085347527136,-0.1098609944380241,0.26601171,2.4013996,0.07840443,2.2137923
solar,22,47424,49728,0.9574017647567092,0.156764848386651,0.57745266,1.3426814,0.56136465,1.3265934
solar,30,44352,46656,0.9573767253347208,0.0435186327234271,0.7844701,3.1309667,0.9781575,3.324654
solar,123,42944,43520,0.9573750840175516,0.1558498343157957,0.0031533241,0.08741236,0.014198303,0.07006073
solar,88,43136,46592,0.957370305012897,0.2795069656381022,0.1171484,0.051390648,0.099565506,0.033807755
solar,10,42944,43520,0.9572635358132804,0.091600523967217,1.9234033,0.094157696,2.3713527,0.3537917
solar,132,42624,45376,0.9572234424723228,0.1725258774430577,0.15194654,2.8124084,0.0639143,2.9004407
solar,15,47424,49728,0.9572217935395408,0.2457071050889615,0.26315498,0.49306107,0.054811954,0.28471804
solar,59,42048,42624,0.9571909988450942,0.1244682350734391,0.20874357,0.9041171,0.25409794,0.85876274
solar,19,44992,47872,0.9571642100157348,0.1090324089162595,0.14553356,1.516325,0.22020435,1.5909958
solar,61,48000,52032,0.9571639823136392,0.2329174226632157,1.9857028,0.6973102,1.6568146,0.36842203
solar,64,46720,49024,0.9571284322598266,0.1338823521998521,0.11835194,1.5810251,0.117630005,1.3450432
solar,70,46400,48704,0.957113920059422,0.2822656659059124,0.015520096,1.1523848,0.25580645,1.3926711
solar,115,45120,50304,0.9570999097340286,0.1362629397123455,3.3180466,0.15155792,3.4308205,0.038784027
solar,69,51136,52288,0.9570724458151972,-0.0420962114483327,0.06435251,1.0418534,0.35871315,0.7474928
solar,68,44992,49728,0.9570591105450396,0.1768330885303103,0.016665459,0.76953316,0.112370014,0.6738286
solar,108,42368,52160,0.9570376681222964,0.1534134303554008,0.28446817,0.45513153,0.09677935,0.07388401
solar,22,44736,46016,0.9570309391987266,-0.0527726812847465,0.5942292,1.2116919,0.30080843,0.91827106
solar,122,43392,44544,0.9570269989280688,0.275027840744515,0.1123333,2.8642368,0.19394636,3.1705165
solar,75,43840,49600,0.9570241803585134,-0.0586827818663866,0.47713995,0.099564075,0.7177167,0.14101267
solar,12,42816,49152,0.9569753861327752,0.0996180223957335,0.12963533,0.22439575,0.1744132,0.26917362
solar,129,47104,47680,0.9569607313324175,0.0132003014339534,0.29780388,2.1430397,0.5781002,2.423336
solar,91,47808,52416,0.9569592497754102,-0.0339499063523946,0.12061167,0.9814291,0.04176283,0.90258026
solar,42,43904,49088,0.9569544233539228,0.2457933195233607,0.2542653,0.96058846,0.5676656,0.6471882
solar,131,47296,49024,0.9569426613597846,0.1959619768847946,0.002816677,0.029353619,0.051639557,0.019469261
solar,31,42240,46848,0.956934100212687,0.0737836350591877,0.3981924,0.25372458,0.5600896,0.41562176
solar,8,47104,50560,0.9569326825293466,0.121463010863952,0.08169842,0.08769989,0.03486824,0.13453007
solar,14,46848,51456,0.9569113766060536,0.2537401499488182,1.2055581,0.03044033,0.8094516,0.36566615
solar,75,43392,45120,0.9568401613297942,0.2471970059529613,0.2993183,0.47865677,0.2391324,0.5388427
solar,33,46400,50432,0.956839252253783,0.2582686407766592,0.39212132,1.3744016,0.08258438,1.0648646
solar,51,47872,51904,0.9568218944147228,0.1945039251091921,1.3518796,0.016923428,1.5832782,0.24832201
solar,96,43328,46208,0.9568180040667928,0.0050266721873574,0.30664682,2.8072567,0.10008478,2.400525
solar,43,49024,50048,0.9568034757917492,0.2301759030118133,0.014912605,0.23642015,0.06482077,0.15668678
solar,14,44224,48256,0.9567806707403472,0.2590826773419721,0.30176115,0.10862923,0.35112572,0.05926466
solar,41,42816,49152,0.9567386736224036,0.1077331662689043,0.24697399,0.30797148,0.07793617,0.13893366
solar,52,47552,50432,0.9567355224447844,0.25513223947883,0.3602271,1.9820437,0.26193237,1.883749
solar,100,42176,43904,0.956704877250202,-0.0893297324817697,0.061803818,0.30547333,0.13613081,0.1075387
solar,13,45440,51776,0.9566953668959004,0.0689118018207186,0.03657818,3.312417,0.27470064,3.0742946
solar,78,43200,48384,0.956670440367422,0.1832638901109413,0.33334208,1.205276,0.02334261,0.8485913
solar,10,49024,50048,0.9565842439332474,0.2939251475256378,0.049149513,0.30477333,0.081818104,0.17380571
solar,60,42112,42688,0.9565763668403392,0.191886110584992,1.9438915,0.21832371,2.20433,0.042114735
solar,5,44800,46080,0.9565666283505624,0.0923693862487374,1.4099517,0.07019329,1.7668929,0.28674793
solar,84,50752,51328,0.9565437498742976,0.1628680400253169,3.3522787,0.12457228,3.4118385,0.1841321
solar,117,43520,50432,0.9565357499509164,0.283158647313887,0.13211107,1.7098551,0.32782745,1.5141387
solar,2,48256,49856,0.956482137494822,0.2436744113211798,0.08938789,2.8744998,0.17921162,2.6059003
solar,86,44672,48256,0.9564501586360448,0.1831903625412858,0.25184965,0.035172462,0.31708288,0.030060768
solar,84,47680,48832,0.9564431023356648,0.1021686523387196,0.9588289,0.07945299,0.63022614,0.2491498
solar,116,42752,46784,0.9564388180331213,0.1752647431273142,0.08869219,0.28264713,0.24546576,0.12587357
solar,92,46400,48128,0.956413077706788,0.0120682453473962,0.11902523,2.9068136,0.037727356,2.750061
solar,71,42176,47360,0.9563461316150323,0.2742203876349633,0.76936054,0.26302624,0.69638634,0.33600044
solar,17,47168,52352,0.9563297331518116,0.2677666643004393,0.17306471,2.3888502,0.48392677,2.0779881
solar,56,48000,52032,0.9563235349286604,0.1878830489986887,1.2541606,0.6063826,0.88054204,0.232764
solar,73,43072,47680,0.9563121663996674,0.269498396451145,0.047986507,0.545187,0.20768309,0.2895174
solar,71,42240,44544,0.9563060603057966,0.2698362811016754,0.40096235,0.9208665,0.317389,0.83729315
solar,13,45120,47424,0.9562746947498532,0.2544106564731583,0.06886482,0.8230381,0.28454995,1.1764529
solar,69,50880,52032,0.9562545719597572,-0.0801641161281728,0.38534975,0.0045347214,0.27511454,0.10570049
solar,40,47808,51264,0.956238952367914,0.091753790042718,2.0907898,0.20185661,2.423975,0.13132858
solar,10,42816,45696,0.9562259806635706,-0.0065210424041731,0.2003684,0.0030555725,0.03251791,0.16479492
solar,36,42176,50240,0.9562160751843264,0.2720179533321814,0.2187829,1.296802,0.51352406,1.0020609
solar,42,42048,44224,0.9561819220745448,-0.1738067386185169,1.4394279,0.7348571,1.3228278,0.61825705
solar,50,43712,44864,0.956099149028978,0.1990659630312062,2.0622125,0.18007326,2.4249377,0.182652
solar,94,42944,49280,0.9560976368962394,0.2561405604572114,0.16165113,0.19001627,0.046129704,0.07449484
solar,83,48896,51200,0.9560948494092276,-0.1916782579623586,0.17652798,1.7517238,0.3797965,1.5484552
solar,50,45440,51200,0.9560360882117004,0.0767426055699345,0.040077686,3.6331615,0.19378185,3.4794574
solar,OT,42432,44160,0.9560284126900104,-0.0638101300017448,0.39141273,0.20454836,0.43681574,0.15914536
solar,56,47872,50624,0.9560221257291096,0.2978082500556651,2.1056347,0.57734585,2.42487,0.25811052
solar,43,42816,46272,0.9560021934699008,-0.0074417863108816,0.81368303,0.04798174,0.41038227,0.35531902
solar,33,44224,46528,0.9559725089649918,0.138587162084901,0.033582687,1.5251813,0.23914623,1.7307448
solar,124,49472,50624,0.9559207944070716,-0.2347520336447149,1.2682495,0.30134583,1.4285378,0.14105749
solar,61,43264,49024,0.9558717433359104,0.1711805751131775,0.42724133,2.4070873,0.43710542,2.3972232
solar,64,45696,50176,0.9558632830320452,0.0923191136525531,0.29153442,0.8599286,0.21104622,0.35734797
solar,62,42112,46720,0.9558593975140474,-0.1977632051774451,2.1787605,0.29322433,2.2838688,0.3983326
solar,35,43392,45696,0.9558502648763127,0.2611978643676138,0.31414223,1.0934479,0.0912323,1.4988225
solar,56,42176,49088,0.9558393705278054,0.2982845425951417,0.008144379,1.8064709,0.5839863,1.2143402
solar,91,42752,46208,0.9558225403821128,-0.096204108433302,0.32815552,0.24776506,0.4729309,0.10298967
solar,77,45440,47872,0.955796007647594,0.0015156054176927,0.123178005,0.43979883,0.16186762,0.40110922
solar,2,45952,51712,0.9557772063427664,0.2280034738368379,0.15767288,0.023985863,0.06538677,0.06830025
solar,126,43328,50240,0.955728402519356,0.2875172538376494,0.23396158,2.0085068,0.3608098,1.4137354
solar,95,45248,47552,0.9556968105439988,0.2645770012539151,0.8053117,0.36631823,0.758832,0.31983852
solar,5,43136,48320,0.955651747752056,0.2094039863738918,3.3067436,0.046252728,3.539369,0.18637276
solar,20,42752,44480,0.9556475451741344,-0.0420379139143245,0.14324713,0.6283989,0.3925624,0.37908363
solar,71,42048,50112,0.9555999226919072,0.2635418591059271,0.21139336,1.5214882,0.22119093,1.0889039
solar,42,48960,51712,0.955582573206138,0.0444680961123217,0.052639008,1.4205933,0.057759285,1.415473
solar,62,43136,46592,0.9555515752402326,0.176479686591144,0.94621515,0.42047596,1.2722988,0.0943923
solar,125,47168,48896,0.9555470764785048,0.1876010281349934,0.03736162,1.4750805,0.15118837,1.2865305
solar,15,49984,50560,0.9554664069963026,0.184817915009643,1.501967,0.42357302,1.810235,0.7318411
solar,57,42368,43520,0.955461119681,-0.0915210235182723,1.5701475,0.4116254,1.3147874,0.15626526
solar,7,43136,45440,0.9554599163222368,0.1732902028924012,2.8816924,0.3996892,3.1167183,0.16466331
solar,34,42560,44864,0.9554531513872294,0.2758797133999113,0.27552557,0.9361558,0.44415617,0.7675252
solar,76,46592,47168,0.955427713715404,-0.1319274383952585,0.36516047,0.17819548,0.5460143,0.0026583672
solar,50,42432,46016,0.9553763959849896,-0.1163136345714117,0.2703805,0.5283327,0.34886217,0.44985104
solar,37,42176,49664,0.9553305426864016,0.2890436165701706,0.21311712,1.3983068,0.72615385,0.8852701
solar,52,43840,49024,0.9553148744156078,0.1669256759781373,0.21364117,0.9794102,0.006793022,0.758976
solar,16,46080,52416,0.955311743583475,-0.1642364609120031,0.15093231,1.2709408,0.12328005,1.298593
solar,2,47424,51456,0.9552704846672888,0.2986568535938484,1.6248031,0.866992,1.2275724,0.46976137
solar,34,48448,50752,0.9552611028829482,0.097028368118329,0.0209198,0.118162155,0.23876429,0.33600664
solar,44,48832,51840,0.9552088418790192,-0.0269468664034095,0.97491074,2.36895,0.68511295,2.079152
solar,4,51200,51648,0.9551954911612014,0.1093029970138153,1.3047385,0.90267324,1.3389502,0.9368849
solar,109,43712,46592,0.9551531205998002,0.079484054608752,0.42885685,0.33546686,0.5929065,0.17141724
solar,63,46400,48128,0.955046525558673,0.2185136342745371,0.4648695,2.0024838,0.2542572,1.7918715
solar,37,43328,48512,0.9550395723937408,0.2367831535156683,0.07219887,1.3216395,0.54000425,0.85383415
solar,127,43072,47104,0.9550319666289928,0.1541214657935884,1.4394202,0.5720954,1.0553384,0.18801355
solar,80,48000,49728,0.9549562817146496,-0.1280834162014002,3.510446,0.022725105,3.4983692,0.03480196
solar,76,42368,49856,0.954941373798282,0.1486128206337899,1.8091593,0.43609762,2.0573258,0.6842642
solar,3,49472,50048,0.9549119696728954,0.0888012875992182,0.81060076,0.23704052,1.1978607,0.15021944
solar,64,47360,50816,0.9549001940700506,0.0828213563351207,0.17404175,0.4174428,0.2959504,0.29553413
solar,117,44416,47872,0.9548824891242732,0.2386741057244966,0.030178547,1.283865,0.22750187,1.0261846
solar,0,42752,46208,0.9548694547979636,-0.3964172628872155,0.49617243,1.6888957,0.45741606,1.6501393
solar,30,42112,48448,0.9548579099719589,0.2467178620097483,1.0617471,0.07928705,1.2725172,0.29005718
solar,96,47808,50688,0.9548482181511432,0.1899274056214623,1.8146286,0.24554253,2.1634812,0.59439516
solar,131,46400,51008,0.95481779075969,0.0897814627340512,0.29495382,1.611269,0.0486207,1.3649359
solar,65,42176,49664,0.9547750320037096,0.2853437162330575,0.12829399,1.7904019,0.5163655,1.4023304
solar,121,44736,50496,0.954749887144608,0.0032256637494594,0.92664814,0.1286974,0.70403814,0.3513074
solar,124,43072,45952,0.954738122972278,-0.1972730689796075,0.53279686,3.9604664,0.11770344,3.545373
solar,64,47168,52352,0.9547311722073812,0.2028685476796542,0.21028566,1.984046,0.39160347,1.8027282
solar,114,44800,48832,0.954722532787999,0.2353917661129531,1.4148564,0.5930419,1.0305276,0.20871305
solar,101,42368,46400,0.9547182567229966,-0.0395687302214434,0.38509274,1.7057886,0.04599142,1.3666873
solar,59,43648,45952,0.9546864468339836,0.0410737023868689,0.47135258,2.8562574,0.6081562,2.993061
solar,10,43776,51840,0.9546513257183784,-0.0488439379823508,1.5443373,0.07651901,2.0933948,0.47253847
solar,134,46656,51264,0.9546294077059804,0.1939925660120777,3.121665,0.36834335,3.431786,0.058222294
solar,31,47168,52352,0.9546104448744992,0.0861305276803584,0.05888748,1.1170173,0.060912132,1.1149926
solar,81,46720,50752,0.9546062010816544,0.1743262181600822,0.29860353,0.9882121,0.033749104,0.6558595
solar,12,42368,50432,0.9545862349428008,-0.0242512333749532,0.23437119,0.58523846,0.029780388,0.38064766
solar,105,44288,47744,0.9545771941097384,0.2826210901945497,0.012430191,1.3340511,0.085706234,1.2359147
solar,113,42112,43840,0.954566031087764,0.1882655229819726,0.017463207,0.3749194,0.024310112,0.38176632
solar,93,48576,51456,0.9544793533903024,0.2454041963676693,1.3412716,0.84365344,0.7472844,0.24966621
solar,83,44096,48704,0.9544401958077724,0.2170761738955515,0.12359381,0.15085936,0.2310853,0.043367863
solar,24,49856,52160,0.9544209013591864,0.0462489568535568,0.50795937,0.28673744,0.5982547,0.37703276
solar,134,50048,52352,0.9543765810748512,0.0941474223461438,0.054927826,2.6424136,0.28677273,2.4105687
solar,52,45248,46976,0.954365845142218,0.0818629377808358,0.09307718,0.22846556,0.15650225,0.021113873
solar,80,42048,51712,0.9543444925521778,-0.1792469679988643,0.18011236,3.5794864,0.05824995,3.457624
solar,28,44480,45632,0.954339025053882,0.2793726096221552,0.118499756,0.1573472,0.20559978,0.07024717
solar,34,43968,44544,0.9543359586254114,0.157525867976583,0.32494545,0.8721204,0.2988062,0.8459811
solar,70,42048,47232,0.9543286586627358,-0.0782556250700433,0.2370305,1.1257911,0.30360126,1.0592203
solar,114,42816,46848,0.9543264466782188,0.0180917384924677,0.23970556,0.2911868,0.40099812,0.45247936
solar,84,46272,51456,0.954270353367628,0.2665492244382416,0.48293447,0.03984046,0.2151022,0.22799182
solar,91,45696,51456,0.9542216207361656,0.0767614305346169,0.04885006,1.2176161,0.11249924,1.0562668
solar,123,42048,46656,0.9541743106401106,0.1970877475335103,0.034811974,3.5659995,0.010941505,3.58987
solar,78,42752,45632,0.9541473837033668,-0.1550089781892815,0.0087509155,0.03429222,0.036257744,0.07930088
solar,122,42368,52160,0.9541269009932082,-0.1458725330481026,0.3543625,1.2749691,0.48196363,1.4025702
solar,18,47168,47872,0.9540831139894204,0.2709649101063587,0.21502542,1.4273977,0.46342945,1.1789937
solar,118,43776,51840,0.9540792156774875,0.0718594022497904,2.8198156,0.24736309,3.052678,0.014500618
solar,66,44544,49728,0.9540617563282908,0.0307987148329373,0.030251503,0.27382803,0.109389305,0.35296583
solar,25,44288,47872,0.9540262419410868,0.1637318841113265,0.30645943,0.092710495,0.26626682,0.1329031
solar,51,44928,52416,0.9540134351992734,0.1446135287971689,0.6671591,4.1830916,0.3343053,3.8502378
solar,39,48128,52288,0.9540105296242094,0.2224528195459584,0.6723032,0.19892216,0.67223454,0.1988535
solar,90,46592,48320,0.9539779647957434,-0.0044441252658536,0.9439335,0.38425064,1.1916132,0.13657093
solar,97,49472,51200,0.9539669637431588,0.2773688873356599,0.1444292,1.215198,0.34817028,1.011457
solar,32,42176,49088,0.9539255834113396,0.2522746941450553,0.18959427,2.1274934,0.8140578,1.5030298
solar,11,42816,46848,0.9539248006409876,0.1923044331662101,0.7900801,0.22389555,0.6711664,0.1049819
solar,82,43520,52160,0.953891771107318,0.2256714763221124,2.388279,0.38454056,2.1274872,0.12374878
solar,74,42368,43520,0.9538897222395945,0.113254239880096,0.5478916,0.44941854,0.35834503,0.25987196
solar,44,45120,49152,0.9538897160689526,0.0479773631106645,0.3301015,0.1495204,0.2930646,0.1124835
solar,112,44160,46592,0.9538276859437932,0.2150606143932193,1.5522103,0.16298485,1.7085795,0.0066156387
solar,115,42560,44864,0.9538246012195324,0.1353393792453615,0.15631104,2.2152858,0.3336544,2.0379424
solar,79,44672,47680,0.9538151219918088,-0.1658604430260712,2.1045723,0.19303656,1.9138017,0.0022659302
solar,66,46016,46592,0.9537922647082396,-0.065371349023911,2.5599399,0.29160976,2.8353667,0.0161829
solar,97,42816,52032,0.95376063840612,0.2833005214867211,2.0581489,0.24971247,1.5976629,0.21077347
solar,55,44224,49408,0.9537493166005904,0.0140224733257798,0.14191389,0.31024408,0.008144379,0.46030235
solar,50,47552,48128,0.9537241645231672,0.194721808893468,0.9312067,0.19693041,1.5296755,0.7953992
solar,36,42624,44800,0.9537072352045548,0.1650938003255762,0.13107347,1.7951789,0.23146963,1.895575
solar,91,46656,51712,0.9535569424785516,0.2187950354206602,0.20194674,1.0230875,0.13027143,1.0947628
solar,30,49408,49984,0.953516191379734,0.196962050496014,0.9398241,3.456131,0.8500252,3.366332
solar,110,45696,50880,0.9534998431288352,0.1866703171286456,0.20205402,0.12571907,0.2792182,0.048554897
solar,28,42048,51840,0.9534794242574572,-0.0792696340392347,0.48767042,0.22311163,1.015171,0.304389
solar,9,42496,52288,0.9534712079203512,0.1698974921166431,0.39728832,2.6559472,0.32172632,2.5803852
solar,74,47808,52416,0.9534709469532696,0.1324126191976904,2.4362378,0.5020261,2.7836313,0.15463257
solar,24,44096,48128,0.9534574960961754,0.2918755133138908,0.25207186,1.2498665,0.023397923,0.9743967
solar,27,42624,49408,0.9534571734355104,-0.0038534177983632,2.058755,0.29757595,1.7905416,0.029362679
solar,109,42816,46848,0.9534079824039522,0.1430947357851834,0.6449652,0.28581858,0.6950922,0.23569155
solar,12,43520,46400,0.9533827162824062,0.2062500067661221,1.3802013,0.3898883,1.1306119,0.14029884
solar,105,46592,51200,0.9533783865329524,0.0140635808571332,0.14223003,0.6660881,0.20797062,0.6003475
solar,98,43776,44928,0.953362908982762,-0.0060303336163089,1.3925414,0.36308336,1.7217617,0.033863068
solar,97,44288,46016,0.9533542448509408,0.0919709349883982,0.2504325,2.498889,0.53490067,2.2144208
solar,73,45248,51584,0.9533428495369892,-0.2279999276554029,0.5522013,1.8952947,0.23770857,1.580802
solar,25,48320,50048,0.9533320371257272,-0.0503104288376026,0.75465965,0.11855698,0.87225676,0.23615408
solar,14,49408,51712,0.9533025206273632,-0.0219804435339852,0.26423216,1.6618109,0.62247086,2.0200496
solar,89,42816,50304,0.953211685902757,0.1247752180950289,0.61286926,0.057083607,0.7776618,0.10770893
solar,49,44352,50688,0.9532053332068892,0.1368681085689697,0.020567894,0.88428354,0.031630993,0.89534664
solar,88,49152,50880,0.95317574849472,0.0803898105151704,0.25574112,0.11112499,0.4490404,0.0821743
solar,57,48576,50880,0.9531261268149732,0.1356809119530099,0.105773926,0.31073904,0.13544226,0.5519552
solar,63,42176,51968,0.9531036923203964,0.2946042528756823,0.038584232,0.27349854,0.13164091,0.10327339
solar,133,42816,43392,0.9531005659141624,0.1273637399588816,0.8582649,0.040089607,0.56389093,0.25428438
solar,106,43200,50688,0.9530754626578576,0.1035156947682766,0.482028,0.29247713,0.6316066,0.4420557
solar,46,43200,48384,0.9530750129524144,0.276076057628962,1.6020083,0.19793272,1.7751126,0.024828434
solar,112,44544,46848,0.9530659260168663,0.203487262117168,0.4737339,0.16934538,0.34879112,0.0444026
solar,52,48704,52160,0.9529845731655322,0.2638079064388587,0.54299307,1.0159535,0.8975339,1.3704944
solar,57,50176,51456,0.9528869945077776,0.1412235526377946,3.2123454,0.54235864,2.767978,0.09799123
solar,33,43968,47424,0.9527879866141288,0.2714035408076864,2.3774061,0.2907381,2.2681437,0.40000057
solar,123,47424,51456,0.9527541815926004,-0.0304602181426763,1.5774899,0.17736387,1.0928273,0.30729866
solar,13,45568,50752,0.9527286348400796,0.0680067153996773,0.39171028,2.4980135,0.06542492,2.1717281
solar,20,50176,52480,0.9526545533652592,0.2538342277294447,0.19551277,3.0122972,0.30461597,3.1214004
solar,21,45952,47104,0.9526331611084312,0.1143017978189258,2.480794,0.28051996,2.4334626,0.23318863
solar,129,43136,52352,0.9526300077630772,0.2969913853019422,0.41342115,0.6542759,0.38078833,0.62164307
solar,44,44544,48000,0.9525910755695768,0.2422169402938537,0.5388508,0.7998767,0.57019997,0.8312259
solar,64,47872,51456,0.9525453221970416,-0.0510757780970938,0.55952835,0.67851114,0.7884083,0.9073911
solar,73,49408,51712,0.952536995153394,0.2588680024994758,0.65119886,3.6494894,0.7654853,3.7637758
solar,98,48128,52160,0.9525167776075326,0.1593291004583753,3.5439963,0.19154453,3.4169765,0.06452465
solar,84,44160,46016,0.9524996274207708,0.2765694534366193,0.10507679,0.5301304,0.17660522,0.6016588
solar,34,43648,48832,0.9524877755437016,-0.1134052340646288,0.6616254,0.09413147,0.8239398,0.068182945
solar,76,45440,51776,0.952432096850049,0.288230608546052,0.10318327,3.6985912,0.36517859,3.436596
solar,124,48128,52160,0.9523350967170688,-0.1874566659145796,2.4608731,0.1591053,2.788116,0.16813755
solar,99,45248,47552,0.9523232819351496,0.1518067836884375,0.9268122,0.5509567,0.448236,0.07238054
solar,83,44288,52352,0.9523218583312568,-0.1316059940348935,0.18837452,2.3736925,0.5232253,2.0388417
solar,25,42688,49728,0.9523214850345284,0.1849605379922796,0.34320354,0.47091246,0.39235592,0.52006483
solar,97,45696,49728,0.9522576040234436,-0.108356020297716,0.1377778,0.76729393,0.14733505,0.48218107
solar,131,50880,52032,0.952241349144029,0.2389337618771477,2.624507,0.30168462,2.1057835,0.21703887
solar,1,42176,42752,0.952181105640346,-0.1041310900908157,0.1836133,0.32592535,0.10084152,0.40869713
solar,91,45120,50880,0.9521169023846608,0.2080475505144066,1.3269467,0.40924597,1.1247559,0.20705509
solar,30,43072,52288,0.95207522560983,-0.099291340995854,0.589056,0.4649892,0.6176052,0.49353838
solar,130,48704,52160,0.9520149419126908,0.1853329519826421,1.7053461,0.25765038,1.3932018,0.054493904
solar,25,42176,48512,0.9520129781841736,0.2936951686011462,0.7119422,0.007674217,0.7932744,0.089006424
solar,47,43392,51456,0.9520004874274668,0.1382522642706017,0.08050895,2.5964074,0.27375054,2.950667
solar,88,45696,50304,0.951998551355859,0.0468855962143307,0.2575941,0.47601223,0.18009996,0.038318157
solar,120,46144,46720,0.9519843334014176,0.1036596060077362,0.030486584,0.52373123,0.06731081,0.56055546
solar,69,44864,51776,0.9519733815515874,0.2844471938731629,0.09609127,1.6188927,0.17458296,1.540401
solar,132,49024,50048,0.9519502917037528,0.2710075461111856,0.18370485,0.5263109,0.10812855,0.23447752
solar,39,43072,47680,0.9519293385085684,-0.1720883913617732,3.1954823,0.5183549,2.9605112,0.28338385
solar,35,48448,49024,0.9519290712186218,-0.0524312258325129,0.023023605,0.7331519,0.24416924,0.5120063
solar,26,45376,48256,0.9519111893337736,0.1125646111443535,1.1805,0.5947957,1.6663537,0.10894203
solar,132,46528,51712,0.9518829509054644,0.0025888524707953,0.5537605,1.0574474,0.21411324,0.71780014
solar,13,43200,50112,0.9518537832598676,0.1697730592979939,0.7152915,2.7144985,0.27896452,2.2781715
solar,77,43904,47936,0.9518036670975878,0.071930756588081,1.4581413,0.49735975,1.8089514,0.1465497
solar,103,42112,42688,0.951781041538093,0.2071994674346574,1.3684936,0.061663628,1.495604,0.18877411
solar,29,42624,51264,0.9517433481622912,0.1949136048067707,0.7162981,0.04681635,0.9599695,0.19685507
solar,2,45440,48896,0.951706924525064,0.1184196726486354,0.06001091,1.1483636,0.31312895,0.89524555
solar,92,44928,52416,0.9516754408473498,-0.0094019107748439,0.5936651,4.051795,0.31144142,3.7695713
solar,128,42048,52416,0.9516753928572932,-0.6172258639627176,0.6447005,4.3231163,0.36614037,4.044556
solar,6,49024,52480,0.9516494534982768,0.0881298694870535,0.06442928,2.2046394,0.2533121,1.886898
solar,0,47744,48320,0.9516157115997188,0.2335644549275275,1.2472248,0.4658289,1.3746252,0.5932293
solar,108,43712,50048,0.9516039302310934,0.2242580908662872,1.6393785,0.07861376,2.0424738,0.3244815
solar,48,51776,52352,0.9515996239096952,-0.0332282868037369,0.07112789,1.6011276,0.20506811,1.3249316
solar,36,46848,51456,0.9515884336762136,0.1307703580424494,0.059538364,1.8169107,0.08230591,1.6750665
solar,37,43200,44352,0.9515860456428272,0.1309293177705581,0.06442261,0.31186295,0.065684795,0.31060076
solar,126,46400,49856,0.9515625264032892,0.0278866684845397,0.53621197,0.2625761,0.320261,0.046625137
solar,49,44800,52288,0.9515598382697568,-0.2628751570020726,3.0008297,0.08926153,3.0074468,0.0958786
solar,21,43968,48576,0.9515199097163868,0.2372953356814421,2.8951883,0.46278095,2.9567041,0.40126514
solar,124,42048,44224,0.9515187864715656,-0.1231920411325396,2.817985,0.5231533,2.994855,0.7000232
solar,70,47296,51456,0.9515138938849038,0.0070981613733826,0.5569768,0.6302166,0.45167255,0.52491236
solar,34,44288,48320,0.9515133005611852,0.2568976746668351,0.10506487,0.6329794,0.070533276,0.5984478
solar,54,44224,47680,0.9514578528479768,0.0522931314946906,0.43508863,0.60653543,0.23739767,0.06595087
solar,132,46272,51456,0.9514075531236332,0.1901099948903058,0.5126951,0.027182817,0.129498,0.4103799
solar,59,46400,48704,0.9513985997935,0.1997141059874154,0.08354092,0.12254286,0.036774635,0.16930914
solar,67,51904,52480,0.9513760919626252,0.2108478941274159,0.16306067,4.0892506,0.131922,4.058112
solar,81,46016,46592,0.9513632946631948,-0.0849665093305608,2.501699,0.113167286,2.751213,0.13634682
solar,48,42240,48576,0.9513015016334444,0.1976082928856435,2.9210463,0.43372154,2.8054428,0.549325
solar,59,50880,52032,0.9512619703277398,0.2402706565733673,1.6061702,0.09880257,1.2820549,0.42291784
solar,125,47232,50112,0.9512449820893736,0.2279472382688975,0.83278084,0.3074031,1.4642105,0.93883276
solar,37,48832,51136,0.9512292323221312,0.2956355145056573,0.017102242,2.4377646,0.021273613,2.441936
solar,27,43968,50880,0.9512244078919224,0.2282043245113626,0.78383255,0.2873459,0.8097644,0.26141405
solar,7,46400,47552,0.9511839887031605,0.1813292695852164,0.45046806,0.1376195,0.35544348,0.04259491
solar,108,46080,47808,0.9511634474414216,0.2441568362262618,0.22858143,1.0181069,0.23673487,1.0099535
solar,118,45696,51456,0.9511580349513752,0.2955599908750182,1.3631537,0.43005657,0.8005514,0.13254571
solar,21,46592,49472,0.9511513909192152,0.0091468115228883,0.11575699,0.6484871,0.05140114,0.58413124
solar,93,47232,47808,0.9511435247169356,0.2539372551500495,0.13477373,1.7572441,0.12633705,1.7656808
solar,16,45120,50880,0.9511283038115736,0.0424530021215069,0.14929008,0.36515188,0.09238815,0.4220538
solar,20,43968,45120,0.9510827868569456,0.2728590119310285,0.025270939,0.22301912,0.18056488,0.37831306
solar,65,46976,48128,0.951059805668954,0.2690221637632223,0.45297432,3.2807899,0.1275773,2.9553928
solar,130,45376,47680,0.9510105614403366,-0.1132633235686556,1.2582569,0.06498337,1.2940702,0.1007967
solar,135,45568,49024,0.9509759871449328,-0.0260441994553913,1.2400022,1.4027472,1.1383567,1.3011017
solar,123,46400,46976,0.950968897546962,0.2933098897239207,3.1344833,0.46128035,2.7539039,0.080700874
solar,132,50880,52032,0.9509647170533267,0.0551451571964316,3.0400956,0.58043694,2.790875,0.33121634
solar,1,45696,49024,0.9509595603255104,-0.0756040364717614,0.328084,2.4407344,0.39561367,2.3732047
solar,0,48128,52160,0.9509455053625628,0.1945260292991132,2.792097,0.16358042,3.2873516,0.65883493
solar,36,43648,48256,0.9509216951004748,0.0320033172038711,0.9409728,0.1776123,1.0171447,0.25378418
solar,68,44416,48448,0.9508595562467526,0.1829596327956885,0.26552296,0.41509676,0.049306393,0.1988802
solar,108,42048,43776,0.9508497601086346,0.0509828289853781,0.47946668,4.4517384,0.14804888,4.120321
solar,100,46400,49856,0.950818070194054,0.1719379756196778,0.21683836,1.8369775,0.0919466,1.5281925
solar,54,47552,49856,0.950816594235102,0.0661967208550642,0.30485344,0.99122524,0.112137794,0.7985096
solar,51,42816,52032,0.9507937295738216,0.0950783123712256,2.1589437,0.060936928,1.7704806,0.3275261
solar,130,43072,48960,0.9507825680246166,0.1682787205216293,0.68592405,0.36604834,0.5125189,0.19264317
solar,25,48128,49280,0.950770122831402,0.10632786921134,3.439496,0.25815773,3.720621,0.5392828
solar,81,42624,50112,0.9507685817615732,0.2117449451471015,0.3545537,0.14097548,0.35400486,0.14152431
solar,68,45120,52032,0.9507676036931768,0.1457943032872875,0.093389034,0.00089788437,0.10498619,0.010699272
solar,40,46528,52288,0.9507485801988932,0.0306672086199634,0.1125412,0.32429218,0.2172451,0.4289961
solar,105,43200,46656,0.9507456314080625,0.1694194955075183,0.23885775,0.59725046,0.24524069,0.6036334
solar,30,48832,51136,0.9507426728635956,0.1756875682197143,0.94606924,2.5163546,0.6222997,2.192585
solar,54,42176,49088,0.9507122969250864,0.2919205557919371,0.30698156,1.7744884,0.5021162,1.5793538
solar,92,49600,50176,0.9506772341319772,0.1328659990259652,0.40509844,0.48466158,0.16739273,0.24695587
solar,8,43136,43712,0.9506762055345606,-0.6142558063715156,0.66963005,0.17649078,0.7784958,0.067625046
solar,98,50112,51712,0.9506533522659032,0.2535703940972964,0.35933685,1.7893119,0.055133343,1.3748417
solar,116,50880,51456,0.9506254086425806,0.1082420610969237,0.05060053,1.3700938,0.22247314,1.5419664
solar,135,45696,49728,0.9506244283002644,-0.2353168955895888,0.053128242,0.6695919,0.4099555,0.31276464
solar,90,42176,48512,0.9505903189066028,0.2688375744279622,0.30536175,1.3550897,0.7629423,0.8975091
solar,98,50048,51200,0.9505351313098096,-0.2104900796010753,0.46868896,2.3428168,0.13027191,2.0043998
solar,19,45376,49984,0.9505250950852234,-0.0450941318814705,0.23145008,0.8112025,0.042430878,0.6221833
solar,89,46016,47872,0.9504329802361382,-0.3882227077354732,0.59997606,0.17748165,0.93743515,0.15997744
solar,103,43840,44864,0.9503713250075324,0.1716599042901974,0.7800703,0.03341484,0.8317971,0.08514166
solar,90,44672,47552,0.9503363482175032,0.1637243835945441,2.0978928,0.06675339,2.3354955,0.17084932
solar,64,44096,49280,0.9503188667257276,0.2917793169382407,0.06592941,0.10152435,0.031723022,0.06731796
solar,32,50624,52352,0.9503107200180504,0.2604484577318729,0.1831479,2.1825347,0.43411016,1.9315724
solar,50,44416,50176,0.9502654726937454,0.1944915398666723,0.72573185,0.44240284,0.2672453,0.016083717
solar,4,44288,49472,0.9502290641546244,0.1242047570958754,1.0785065,1.0548015,0.9260578,0.9023528
solar,113,50176,51456,0.9502244610163664,0.0255576846227409,2.4120333,0.3719759,1.9648364,0.07522106
solar,77,50880,52032,0.9502023825726584,0.1575156055531875,1.2518535,0.12370825,0.8606601,0.26748514
solar,125,47680,52160,0.9501765511531424,0.1633659789230171,1.4029908,0.10559702,1.5585918,0.26119804
solar,30,48128,52160,0.9501702735506122,-0.1123498072987006,0.43406153,0.20505238,0.5991154,0.37010622
solar,14,46016,50048,0.9501621726084064,0.2962678598034402,2.4546814,0.06876421,2.6682673,0.14482164
solar,102,46656,47808,0.9501612689204364,0.1752749599242325,0.21706438,2.0317616,0.4735365,1.7752895
solar,52,43136,52352,0.9501476028615152,-0.4345740329240005,0.22478724,0.41972494,0.048313618,0.24325132
solar,88,48000,52032,0.9501472407497948,-0.0120941067226498,4.9054527,0.25336766,4.35344,0.2986455
solar,99,51456,52480,0.9500785781505218,0.0951192774473893,1.8529081,0.17865562,2.2392817,0.56502914
solar,12,44224,49408,0.9500771259248968,0.1717811679223213,0.265162,0.28603792,0.1341958,0.4170041
solar,6,50304,50880,0.9500665947291954,0.066097034136013,0.18760729,0.08482027,0.17839241,0.07560539
solar,58,45248,51008,0.9500483055977398,0.0460661828309495,0.31289816,2.2688713,0.019177437,1.9367957
solar,58,42176,50816,0.9500345607502478,0.2727259547952747,0.070189476,2.0803556,0.54501534,1.6055298
solar,38,49728,50880,0.9499993460295112,0.2910416759565103,0.3499899,0.19000483,0.39938498,0.14060974
solar,13,44800,47680,0.9499584867288512,-0.1089236866747024,3.3786707,0.54791784,3.1144285,0.28367567
solar,102,46016,51200,0.9499461770599202,-0.3251916042490941,0.9605603,0.18132067,1.0424728,0.26323318
solar,120,47744,52480,0.9499335559652508,0.217632022619799,0.9377556,0.25561142,1.1246462,0.44250202
solar,89,42048,48384,0.9499179313044184,0.2245885649194401,0.19571972,0.6828251,0.24619532,0.24091005
solar,97,42560,46592,0.9498842133675964,0.2692778203430295,0.1590662,0.80231905,0.2883873,0.67299795
solar,68,43520,47552,0.949880454619832,0.1553129124470059,0.5648813,1.9914536,0.78412914,2.2107015
solar,26,46656,52416,0.94984467952405,-0.0316682155079976,0.094920635,1.187439,0.18478918,1.0975704
solar,6,45248,48704,0.9498298969293528,0.1969306549248158,0.37707186,0.5526619,0.038737774,0.13685226
solar,8,47744,51200,0.9498109971623928,-0.1392068549355762,0.005923748,0.916904,0.0046801567,0.91814756
solar,18,46528,52288,0.9497459007259352,0.2172266612801752,0.27663803,0.059917927,0.33490944,0.0016465187
solar,2,44800,44928,0.9497259622031938,-0.1442679442500075,0.26459646,0.026761532,0.19997454,0.09138346
solar,130,49024,51328,0.949711971229364,-0.0570478664987624,3.9665265,0.050675392,3.8374782,0.17972374
solar,49,43648,46528,0.9496549969963338,0.044532125828511,0.3113227,1.6307669,0.51999664,1.8394408
solar,0,44480,51264,0.9496524558913608,-0.0051026461865183,0.81830883,2.4154568,0.80379295,2.400941
solar,105,50048,50624,0.9495968602697704,-0.0368106970790571,0.63936615,0.21003819,0.79206085,0.057343483
solar,120,45696,50304,0.9495777262580078,0.253287692974401,0.079108715,0.12792301,0.107201576,0.09983015
solar,122,48256,51136,0.9495755697194256,0.2653166477377087,0.391788,3.4664192,0.024933815,3.099565
solar,23,47232,50560,0.9495613856799178,-0.0633461590380282,1.2696714,0.24591255,1.2157044,0.19194555
solar,127,43264,47872,0.9495589605128706,-0.0704934153799792,0.1296804,1.8933339,0.13961387,1.8834004
solar,84,43520,44096,0.9495577314288158,0.299662541752518,0.17665625,0.084077835,0.29681253,0.20423412
solar,98,43648,48256,0.9494872360741958,0.0583341952520217,0.1653719,0.89798164,0.021634102,0.75424385
solar,113,51136,52288,0.9494707198778004,0.2434355030821831,0.87131643,0.09679508,0.8740473,0.094064236
solar,45,42560,47744,0.9494683981262784,0.0627451560157799,0.3648262,2.0451617,0.20526361,2.2047243
solar,19,43776,49536,0.9493993971083456,0.1160684318394764,0.029462337,0.063174725,0.1846385,0.15092611
solar,101,44096,48704,0.9493937548778744,0.2735441782931786,0.13007307,0.18436432,0.15282345,0.2071147
solar,128,42176,51968,0.9493787227839632,0.2200801951609956,0.05188465,0.25245094,0.13186646,0.06869984
solar,43,44352,45376,0.9493613670120182,0.1513009900983605,0.23086596,2.1697178,0.12377882,2.276805
solar,38,44928,52416,0.9493395114120632,0.0830389143333469,0.22885656,1.9047198,0.11389494,1.5619683
solar,47,49280,49856,0.9492775622831484,0.250162467820308,0.16756582,0.104382515,0.23455906,0.03738928
solar,128,47680,49984,0.94920350421289,0.1693519793204932,0.5891471,1.154036,0.7981887,1.3630776
solar,100,42624,51264,0.9491639488816638,0.1202688386282391,0.04906082,1.2193713,0.011443138,1.1817536
solar,12,45440,46016,0.94913531012494,-0.1497990175438535,0.004087925,3.793119,0.14922953,3.6398015
solar,102,43712,49472,0.949088016150874,0.1496333580345009,0.4751358,0.39975977,0.5903411,0.28455448
solar,94,42112,49024,0.9490825960199925,-0.196144591856691,0.43285227,0.040421963,0.8448477,0.37157345
solar,83,48832,49408,0.9490592446799156,0.0685811909378973,0.15341473,0.3140192,0.04195881,0.50939274
solar,108,43328,51968,0.949035923452206,0.2960364576168827,3.3525887,0.33160448,3.2677846,0.24680042
solar,71,49408,51712,0.9490330554952056,0.0273054728050323,0.0889864,3.0222416,0.15529537,3.0885506
solar,45,42048,42624,0.9490297610502136,0.0325455834552001,1.0689383,0.9645138,1.0535088,0.9490843
solar,110,44224,48832,0.949016686773519,-0.0613746649061769,0.07416582,0.4201417,0.04387045,0.30210543
solar,84,43072,46528,0.9490079747451302,-0.3335656308160121,0.47712374,2.7045093,0.042942047,2.2703276
solar,108,42240,45120,0.9490023307136216,0.1369139229390009,0.24585748,0.2941618,0.20021272,0.740232
solar,9,44096,49856,0.948938757186752,0.2479167557658098,0.29157543,0.43925428,0.059366703,0.08831215
solar,73,43648,44224,0.9489136738473382,0.0870795236053913,2.529489,0.6809468,2.5965238,0.74798155
solar,11,46400,47552,0.9489119132216068,0.0971702413660978,0.09510088,1.0016346,0.017377377,0.88915634
solar,131,44672,45248,0.9489118020065268,0.2968557210819464,0.03867054,0.38545704,0.0801239,0.5042515
solar,21,49856,52160,0.9488691909381464,-0.2141516202893132,0.9550338,0.05963421,0.7547598,0.14063978
solar,OT,49408,50560,0.9488349107929156,0.1531353831535138,0.26441526,0.16095257,0.27335596,0.16989326
solar,39,42112,46720,0.9487676500751028,0.1319827065552416,1.9465475,0.28194952,2.1190538,0.45445585
solar,124,43712,51776,0.9487667914321,0.1915067722347288,0.035267353,0.9302659,0.19771004,0.7678232
solar,45,43328,47360,0.948757180816433,-0.010020793764368,0.08755398,1.1154733,0.35860348,0.8444238
solar,11,43136,51200,0.9487095679355366,0.1913821696577363,0.6647806,0.2304306,0.47077942,0.036429405
solar,108,49408,49856,0.9486930033194731,0.1927217449205696,0.08482742,3.3320608,0.43357658,3.68081
solar,96,42368,52160,0.94867059263224,0.2308797089061932,0.24996758,1.100153,0.049375534,0.8995609
solar,118,43712,47168,0.9485810004214784,0.1851594827481276,0.7912836,0.3385191,0.9981656,0.1316371
solar,8,48384,51712,0.9485493645415136,-0.1351596251258193,0.22242975,2.996912,0.115039825,3.104302
solar,8,44224,49408,0.948502135677285,0.1627758427297073,0.1595707,0.1401844,0.029799938,0.010413647
solar,84,48128,52160,0.9484850474366422,0.2307032048716516,3.3204083,0.3139267,3.5501013,0.54361963
solar,48,46720,49024,0.948475603337846,0.1230954883509503,0.006000042,2.2262678,0.31127977,1.9209881
solar,73,47168,51776,0.9484648776980787,-0.0664583351380206,0.15922976,2.0850592,0.108077526,2.1362114
solar,57,42112,42560,0.9484176705720004,0.0274714201610588,1.5879683,0.47494125,1.8276882,0.23522139
solar,30,44544,46272,0.948411797509582,0.1993306187844167,0.6144004,0.001101017,0.36359787,0.2497015
solar,77,45696,48576,0.9483927725016454,0.248984913046326,0.043807507,0.2940712,0.040231228,0.21003246
solar,134,43328,49664,0.948357127650168,0.2989940033039235,0.0864234,1.6535707,0.64060926,1.0993848
solar,117,45696,51328,0.9483153467455442,0.274364786776567,0.61802053,0.3560462,0.3557434,0.09376907
solar,45,49728,50880,0.9482609062596038,-0.0280808754407304,0.8840127,1.547771,0.82128906,1.4850473
solar,99,45568,47872,0.9481895902320214,0.1831877768891777,0.0065779686,1.8746271,0.21702194,1.6510272
solar,98,43840,46720,0.9481780176464252,0.0089294271504733,2.368476,0.19663334,2.4119744,0.24013186
solar,133,43136,52352,0.9481779801110602,-0.0865731160775645,0.113512516,1.7132325,0.23436022,1.3653598
solar,100,43200,50112,0.9481529316028636,0.2534662109981147,0.008821011,1.2032852,0.49066305,0.7214432
solar,67,44928,48832,0.9481409072055248,0.0530494697903129,0.5826092,0.7771692,0.26842308,0.46298313
solar,57,43136,46592,0.9481327354540804,0.0905428454547746,1.4972763,0.05382061,1.594737,0.15128136
solar,61,42176,45056,0.9480766339031336,0.0515121107985279,0.19431925,0.2343111,0.32163763,0.10699272
solar,95,50112,52416,0.9480434982798328,0.0294432863795774,0.5393839,2.5886989,0.10940361,2.1587186
solar,83,42176,46784,0.9480110478144158,0.0518220542116757,0.48304987,0.41915178,0.6589141,0.595016
solar,103,46656,52416,0.9478727610743232,0.2315486139220011,0.11743736,1.113091,0.14002752,1.0905008
solar,4,43904,51392,0.9478627406248272,0.2373060156297351,0.67796516,2.0211315,0.85275507,2.1959214
solar,11,44096,52160,0.947859184146964,0.0856873136886874,2.5915327,0.49802637,2.383461,0.28995466
solar,96,51712,52288,0.947826723986768,0.1241609413038071,1.5403757,0.28022718,1.9177818,0.6576333
solar,60,47552,52160,0.9476924677722433,0.0654875541308817,0.85736895,0.030939579,1.0213475,0.19491816
solar,22,43136,52480,0.9476453911893448,-0.0337752583434253,2.163478,0.18998528,2.5467978,0.57330513
solar,109,44672,51584,0.947559597069028,0.2490860451303554,3.0348573,0.3950138,2.7038994,0.06405592
solar,83,43328,44480,0.9475351239567984,0.2530574854043118,0.14198875,1.1808567,0.4851179,0.83772755
solar,51,43328,50240,0.9475068334660324,0.2879422740625106,0.11983156,1.5149975,0.9135871,0.72124195
solar,23,43520,48128,0.9475022305924826,0.2463883895796558,0.5701008,2.5733485,0.32062006,2.3238678
solar,25,43264,52480,0.9474763288803774,0.1110765645728375,0.06619358,3.0939791,0.061405182,3.0891907
solar,85,46976,49856,0.9473567663856552,0.2571730741669543,0.3165555,2.0260706,0.55345964,2.2629747
solar,9,43328,50240,0.9473241795312805,0.2612140866255157,0.14775991,1.1199956,0.48459816,0.78315735
solar,45,45440,49472,0.9473141048135972,0.0780930113980138,1.2693405,1.5824566,1.186492,1.499608
solar,134,50176,51456,0.9472755895409752,0.08404476472244,2.4356022,0.5803528,1.8989892,0.043739796
solar,106,44224,51136,0.9472140327618432,0.0609878461177349,0.22568035,3.4242802,0.40042067,3.5990205
solar,106,42176,49088,0.9470749116441745,0.2540730816590263,0.19170475,2.2004185,0.6202941,1.7718291
solar,68,43072,45376,0.9470738192434668,0.1518740797691726,0.7625861,2.482798,0.41707134,2.1372833
solar,OT,50880,51456,0.9469660661239988,0.1252351746628303,1.8784995,0.08440685,1.384469,0.40962362
solar,31,45696,50176,0.9469469239217756,0.014122616479729,0.54351234,0.6169305,0.099292755,0.025874615
solar,81,42496,43648,0.9469283618638594,0.1517377229617645,0.36875963,0.79785156,0.00854826,0.42054367
solar,18,43904,51392,0.9468892568978734,0.2879236606336243,0.08111858,0.57553005,0.07633972,0.5803089
solar,111,47872,51904,0.946857513718406,-0.0828371838147864,2.5064588,0.1104846,2.5365825,0.14060831
solar,107,42368,44096,0.9468537112463632,0.0810981123285283,0.43512678,1.4878173,0.2916479,1.3443384
solar,96,45120,47424,0.9468252620897089,0.2241099528515585,0.04560232,0.36668158,0.029240608,0.29183865
solar,53,44352,52416,0.9467998868487404,-0.0983854917564168,0.04476452,1.1839805,0.1181674,1.1105776
solar,7,48256,51712,0.9467906811752352,-0.3903394036030448,0.030368805,1.442812,0.110072136,1.302371
solar,111,45696,47424,0.9467746546683192,0.2417983925634872,0.13949776,0.20444965,0.03811121,0.3058362
solar,18,43264,43840,0.9466689870110044,0.0841866495161602,0.16867256,3.6422644,0.15660286,3.6301947
solar,33,44672,52160,0.946668782276136,-0.097669912746151,1.4043422,0.05658245,1.5032306,0.15547085
solar,58,46144,51904,0.9466472588128252,0.2757303175122352,0.785439,0.22783184,0.8826456,0.32503843
solar,131,47552,52160,0.9466451971165816,0.0640483557378407,1.0577464,0.03368807,1.2824783,0.25842
solar,112,45248,46400,0.9466422517205316,-0.0786336149328366,0.71412516,0.007604599,0.295547,0.41097355
solar,89,43712,44288,0.946641802407184,0.1066254713314015,2.2099833,0.3984871,2.413571,0.19489956
solar,OT,42176,42752,0.9465647979587054,0.0609476829544553,0.3196473,0.3402853,0.54268503,0.11724758
solar,11,46720,51456,0.9465596201439668,0.1407559387280806,1.2176242,0.5893159,0.89159393,0.26328564
solar,47,46848,49728,0.9464265030069228,0.1961487673786543,0.07824373,0.23314047,0.078166485,0.07673025
solar,29,46592,47744,0.9464251408552388,0.0684528017293397,0.025101662,0.88465023,0.07003212,0.9295807
solar,2,42496,47680,0.94632160802357,0.0750932098824257,0.081306934,0.94564104,0.038425922,0.90276
solar,62,50880,52032,0.9462966564222954,0.1711137752836563,1.548986,0.040708542,1.2051182,0.30315924
solar,73,42176,45056,0.9462676331291128,0.0217607420871457,2.2101612,0.6759105,2.1341424,0.59989166
solar,107,43392,45120,0.9462635324096096,0.2993822940286708,0.21895981,0.70672226,0.19455624,0.73112583
solar,132,45568,50752,0.9462301099725596,0.1608801168474722,0.23773956,1.9167194,0.03466654,1.7136464
solar,93,45120,47424,0.9462257331957244,0.2849711144533871,0.12290144,1.0737219,0.5631614,1.5139818
solar,39,48448,51904,0.946223402626221,0.292268203609861,2.8116798,0.23464346,2.9139562,0.33691978
solar,51,48576,51456,0.9462106908262112,0.2108015878870695,1.5042672,0.2294426,1.1092701,0.16555452
solar,106,42816,51008,0.9461790291667656,0.0506168880126033,0.494874,2.8654537,0.36760712,2.7381868
solar,61,47680,48832,0.9461778698573418,0.135176057853624,0.041775703,0.052681923,0.06351757,0.030940056
solar,38,48000,49152,0.9461414154544122,0.1138647795853894,2.9088778,0.1963005,2.9407363,0.16444206
solar,99,44224,45952,0.9461171623794488,0.0449122999656535,0.5380683,0.7900491,0.6850519,0.9370327
solar,81,45824,48000,0.9459806706719744,0.0822945284348763,0.6093993,2.677671,0.1616888,2.2299604
solar,69,44544,45696,0.945979129631079,-0.1591468951264809,0.48185825,0.30258703,0.6277261,0.15671921
solar,89,48000,52032,0.945955779735482,-0.0346108547504666,3.484618,0.60069203,3.2294476,0.3455217
solar,22,42240,49152,0.9459542141305276,0.2794884388244392,0.019827843,0.2813797,0.64826536,0.9098172
solar,73,44544,45696,0.945946254490592,0.0808759271072678,0.51228,0.0025610924,0.5143194,0.00052165985
solar,36,45696,49728,0.9459453326857876,0.0603013837398106,0.50113773,3.5132442,0.5189514,3.4954305
solar,36,46400,47552,0.9459002703522696,0.264569084056741,0.2002306,0.40251303,0.1832099,0.41953373
solar,52,44544,50752,0.9458381490760984,0.1179315574856427,0.31190538,0.2434516,0.26339865,0.19494486
solar,135,49408,51136,0.9458267553343532,0.0478856902788387,0.91156816,3.5497208,0.76520395,3.4033566
solar,94,43840,47296,0.9457919849604498,0.0279251959463687,0.21452665,0.18676996,0.42618322,0.024886608
solar,98,42368,51008,0.9457841578527438,0.2461817559632129,0.6837411,3.1471443,0.3379836,2.8013868
solar,117,42816,43392,0.9457534550689632,0.1281572718238053,1.5892112,0.0096075535,1.2115836,0.38723516
solar,113,42560,49024,0.9456917068667536,-0.2490202746560193,0.066449165,0.07537031,0.022975922,0.1647954
solar,109,47424,51456,0.9456817812424688,0.2754308525150244,1.5233021,0.29399014,1.0223198,0.20699215
solar,75,45696,49728,0.9456740049806872,0.0612054112233229,0.00084877014,0.7245126,0.22525883,0.49840498
solar,100,44800,48128,0.9456527409152996,0.257089735276603,0.14488888,0.16653824,0.32413054,0.3457799
solar,38,46400,49280,0.9456264018976568,0.2584529810545396,0.13811398,0.69107485,0.15498638,0.67420244
solar,70,47872,49024,0.9456134270031972,-0.0760432438850752,1.8545909,0.07059336,2.0004468,0.07526255
solar,34,45696,48576,0.9455894382291388,0.2334999383692937,0.16476059,0.73162556,0.04615879,0.5207062
solar,31,46528,48832,0.9455779735334974,0.1654863033310311,0.10534668,0.011132717,0.06704664,0.049432755
solar,46,44352,50688,0.9455624864747872,0.1804459967587495,0.13843632,0.39767742,0.14771128,0.38840246
solar,116,42432,46592,0.945556130528518,0.2052227952353572,1.5422578,0.02929163,1.6329603,0.11999416
solar,120,42496,43072,0.9455366650085728,-0.0570720399911484,0.37058973,2.8032966,0.4573245,2.8900313
solar,104,43904,47360,0.9454706323701928,0.0942004569613819,0.14200878,0.6687169,0.002315998,0.5243921
solar,110,50048,51200,0.9454533096587028,0.1218676369706211,0.34331703,2.244421,0.10964346,2.0107474
solar,97,48000,50304,0.9454428494473796,0.1184135746876263,3.8808513,0.34491158,3.8654947,0.32955503
solar,83,42752,47360,0.9454109871816586,0.2466892159103,0.19664574,1.0460625,0.6492834,0.5934248
solar,46,48000,48576,0.9453884549857688,0.1585047657228779,0.46219492,0.42768478,0.8692565,0.83474636
solar,131,42112,44992,0.9453858996280216,0.0352149712209003,1.9749432,0.058869362,2.195466,0.27939224
solar,61,48320,51200,0.945357383775416,0.1779035617429351,0.040139675,2.726644,0.28363085,2.4831529
solar,7,49280,52160,0.9453232279706434,0.2254701112669024,1.2419314,0.42591858,1.1052723,0.28925943
solar,15,46144,51456,0.945271332631742,-0.115258945024704,0.7686548,4.061099,0.6495571,3.9420013
solar,33,45440,52352,0.9452427154003384,0.1030619384165916,0.122879505,2.1598563,0.38852596,1.8942099
solar,61,46656,52416,0.9452080608338536,0.1880913579070438,0.09566021,2.3138466,0.086625576,2.3228812
solar,80,43072,48832,0.9452067978811056,0.2049901859588741,0.10809994,0.87627506,0.3156104,0.45256472
solar,4,50304,52032,0.9451972104564064,-0.1945090910686892,0.04047537,0.4156475,0.2749095,0.10026264
solar,21,42112,51328,0.9451782697744018,0.2604550034058225,3.7476258,0.12664509,3.7238312,0.10285044
solar,33,44800,51264,0.9451613306193096,0.0882912902541011,3.245212,0.06619692,3.616774,0.43775892
solar,80,43904,48512,0.9451318082565092,0.1071109510114725,0.15339804,0.17887354,0.3461976,0.013926029
solar,14,44096,48704,0.945129756150058,0.2006831806940981,0.16842222,0.8779774,0.29185963,1.0014148
solar,75,51136,52416,0.9451182055480378,-0.1108041261448745,0.31132126,0.042588234,0.4865179,0.13260841
solar,72,43136,44864,0.9451141160982977,-0.039961473876149,3.8835182,0.04309225,3.882194,0.041768074
solar,19,42816,52032,0.9450461051778,0.2506155762959823,2.5121622,0.23476553,2.178512,0.09888458
solar,42,45440,49472,0.94503700481283,0.1274883993287054,0.04132986,0.25104427,0.11399174,0.1783824
solar,42,42112,45120,0.9450226867335284,0.2204220024639887,2.3890023,0.013381004,2.3517742,0.023847103
solar,0,48832,50560,0.9449909175990348,0.0576627872162966,0.035582066,0.06806755,0.13366032,0.1661458
solar,69,45632,51392,0.9449593043333956,0.1662423305229492,0.26418638,1.1913905,0.6555157,0.8000612
solar,105,42560,49024,0.9448207951024457,-0.0266647813586349,0.05787754,1.1658688,0.22365665,1.0000896
solar,41,47232,52416,0.9448052489204338,-0.0802803050974804,0.15263414,1.692718,0.23998785,1.6053643
solar,101,43072,43776,0.944765298472032,0.050374219457653,0.23401642,0.2781334,0.05931759,0.10343456
solar,39,43328,51968,0.9447561015620234,0.297484735006781,0.0065693855,0.6601901,0.4718871,0.19487238
solar,53,50624,51776,0.9447143419664026,0.0388336483579525,0.20347214,2.6687245,0.40982533,2.4623713
solar,45,44224,48832,0.94471102865124,0.0751212997568893,0.76005316,2.2413692,0.75142145,2.2327375
solar,91,43968,48000,0.9446808236465372,0.1634691350765628,0.408391,2.4366941,0.40414476,2.432448
solar,82,44544,47424,0.9446451330408624,0.1990569008794116,0.25989246,1.9285569,0.06093836,2.2493877
solar,99,44544,51776,0.9446200707817806,0.1339976502168606,0.1288805,2.0272136,0.28926706,1.866827
solar,121,43648,49856,0.9446181358587048,0.0786814203740173,0.9216838,2.6348586,0.5355077,2.2486825
solar,58,46656,47808,0.944545969938216,0.1059513513918316,0.08903742,0.11840725,0.026638985,0.0027308464
solar,63,45440,51776,0.9445404994971986,-0.0983848828156362,0.16680574,2.9174309,0.49116755,2.593069
solar,96,43648,49408,0.944532693705691,-0.1412637740855496,0.5715189,1.2326369,0.58507013,1.2461882
solar,134,43968,50304,0.9445257361601064,0.2799623314217225,3.4330378,0.3997326,3.2747746,0.5579958
solar,88,46528,51712,0.944498516405866,0.2682398534578144,0.81736374,1.6832519,0.4305544,1.2964425
solar,81,43136,50048,0.9444676151525772,0.2976102952171215,3.695074,0.14839554,3.7472095,0.200531
solar,72,43584,52352,0.9444606392494692,0.1235160677897241,0.39172983,0.58269596,0.55479,0.41963577
solar,94,43520,50432,0.9444420069149648,0.2418286737929249,0.27142906,2.015595,0.45331812,2.197484
solar,30,48576,50880,0.944387433504306,0.0104910154153976,0.35196066,1.9701004,0.2892275,1.9073672
solar,33,46848,49728,0.94431892283437,0.1891073336697039,0.012545109,0.062102795,0.06989288,0.14454079
solar,63,42560,48896,0.9442924189778636,0.174709157157005,0.16944456,1.095643,0.3458686,0.919219
solar,62,43520,46976,0.9442442695703668,0.2784272250273969,0.883183,0.14428616,0.4122858,0.32661104
solar,61,44544,48576,0.9442359461340324,0.2725954832493922,1.3971572,0.09831095,1.167656,0.1311903
solar,25,44544,51904,0.9442287738123768,0.244919586678772,0.88350725,0.2758093,0.51429033,0.09340763
solar,132,48000,49152,0.9442169256543048,0.1739779192519094,3.5405402,0.41580582,3.471674,0.34693956
solar,56,47424,51456,0.9441996883081945,0.1544694750039738,1.7886806,0.80503416,1.2470188,0.26337242
solar,117,48960,51264,0.9441801165651744,0.1179281624034695,2.2931337,0.103209496,2.6800766,0.49015236
solar,112,42240,49152,0.9441619913015232,0.2241302807368617,0.18790197,0.15542555,0.3168249,0.02650261
solar,120,43776,51264,0.9441100059410504,0.1884596292348278,1.5243754,0.07278538,1.7896414,0.33805132
solar,64,50880,52032,0.9440536212801872,0.1812067482296545,1.4029913,0.20645142,0.86651945,0.33002043
solar,47,44544,47424,0.9440497195783946,0.275485356551545,1.6123314,0.006664276,1.470007,0.14898872
solar,43,42240,51456,0.9440272025886056,0.2446475842013356,0.3235178,0.11119866,0.42245626,0.012260199
solar,77,46016,52224,0.943973751288836,0.2599120492572778,0.5220332,0.55700445,0.33243704,0.36740828
solar,16,46400,46976,0.943953039940144,0.1639453177200019,1.6565175,0.6584263,1.3402004,0.3421092
solar,51,44864,52352,0.9439405430998186,0.1084549311034751,0.6242094,0.13048077,0.56724167,0.1874485
solar,83,46272,47424,0.943821068378134,0.2596274932389359,1.3978448,0.044513702,1.5086331,0.06627464
solar,20,43136,50048,0.943776653457048,0.2007925415398052,1.3743167,0.04685688,1.6535892,0.32612944
solar,118,46528,47104,0.9437638276911586,0.1193319981260071,2.878111,0.508904,2.742381,0.3731742
solar,46,43712,48320,0.9436969016499668,0.1403080410368045,0.6306858,0.5075383,0.8988948,0.23932934
solar,55,43968,44544,0.9436670667826678,0.1253027255219535,0.1082263,0.47966814,0.14265728,0.7305517
solar,11,47808,50688,0.9435583722782606,0.0291836389379773,2.5293741,0.11381292,2.3575792,0.2856078
solar,58,43392,49728,0.9435538574878704,0.0504727615924749,0.34353518,1.2140822,0.02808857,1.5295289
solar,115,44096,49280,0.9433994585889116,0.2759347254902964,0.10753441,0.09080744,0.33932018,0.14097834
solar,71,42112,51456,0.9433916344346454,0.2843248861290756,2.2102852,0.4310398,1.5834675,0.1957779
solar,20,43840,47872,0.943380197360536,-0.1873645250323492,0.215271,1.3084087,0.15424395,0.9388938
solar,95,43136,48320,0.943347564700364,0.0285276955454092,3.2736788,0.25138426,3.5651317,0.040068626
solar,119,42816,51456,0.9433430568415202,0.1346162840523377,0.7398505,0.102021694,0.46244717,0.17538166
solar,120,43968,51456,0.9432338958485968,0.0727077889472883,1.0228446,0.17241311,0.37865114,0.4717803
solar,16,42432,51776,0.9431138769029306,-0.2629843043867992,0.07034159,0.57306385,0.28971243,0.353693
solar,121,42688,49728,0.9430672831976072,0.0989258475735367,0.58495855,0.29362726,0.7452984,0.4539671
solar,103,42496,46528,0.943023063143756,0.0613296918405183,0.21948004,4.1908174,0.3088355,4.280173
solar,OT,48000,48576,0.9429674145212344,0.1296491477400828,0.64182186,0.72657347,0.6588135,0.7435651
solar,84,42752,49088,0.9429556753634084,0.2846072321321898,0.24882078,0.82179356,0.501524,0.56909037
solar,133,44224,48832,0.9429365929303322,0.010788397999147,0.3447256,0.51224804,0.0063142776,0.17383671
solar,49,42944,44096,0.9429164609926654,0.2920685632022554,0.4632907,1.1961603,0.58802366,1.3208933
solar,131,43584,46016,0.942909120780493,0.2938462944683694,0.95795536,0.18313313,1.1826563,0.40783405
solar,62,47104,49408,0.9428984210500896,0.0803161555225164,0.24317932,0.16921616,0.24698687,0.16540861
solar,21,46080,47680,0.942861567791546,0.273166726223858,0.89259195,0.6495495,0.7084303,0.46538782
solar,74,42624,51712,0.9428444109497596,0.2410290464171837,0.24583626,2.130054,0.027246952,2.3486433
solar,9,48448,51456,0.9428278179254856,0.1791154394789626,1.7405021,0.5904782,1.4675405,0.31751657
solar,38,48704,49856,0.9428199133802844,0.2531187199529883,0.049215794,1.3995976,0.36906147,1.079752
solar,80,46528,51584,0.9428192997340404,0.0452368031159825,0.49904633,0.5419297,0.925725,0.9686084
solar,69,49408,50560,0.9428177398320896,0.2850826657112669,0.025610924,0.1912322,0.08262634,0.13421679
solar,29,47168,49472,0.9427682263740657,0.278839665054427,0.11825228,0.527864,0.24579525,0.400321
solar,46,42944,48704,0.9427423143872786,0.2779002413154124,2.246634,0.44278622,1.8605967,0.056748867
solar,3,42560,51200,0.9426186991013348,0.0408395003111871,0.12611437,2.7385163,0.037213802,2.5751882
solar,66,43840,47296,0.9425876152201113,-0.0552387456417571,0.1484499,0.10050297,0.232512,0.016440868
solar,10,43648,48256,0.942567649748234,0.2756057528066673,0.28723145,2.2951388,0.23429346,2.2422009
solar,73,43136,44864,0.9425542838819336,0.253787860713854,3.050201,0.26407433,3.0983768,0.31225014
solar,16,42048,44352,0.9425157901432712,0.1396228303635465,0.09725332,1.298964,0.2157774,0.9859333
solar,130,43264,44544,0.9423479559079784,-0.0215340767382464,0.3467548,1.3541014,0.07470107,1.6261551
solar,100,43648,50560,0.9423265562361636,-0.0124289276792649,0.255023,0.1948266,0.0714736,0.13167
solar,25,43520,44672,0.9423149246881752,0.0558770914845701,0.40426874,2.741085,0.07190418,2.4087205
solar,13,42624,48960,0.9422750862933342,0.2296696681551159,0.21442318,1.7505016,0.099675655,1.8652492
solar,112,46976,49856,0.9422085166519668,0.1331515066838902,0.08149099,2.1720347,0.16048431,1.9300594
solar,103,45376,50560,0.9422009052752508,0.0042243484414848,2.797378,0.26033306,2.7347002,0.1976552
solar,110,45120,51456,0.9421816381002872,0.0101428095198025,1.010757,0.5794325,0.513268,0.08194351
solar,90,43200,45632,0.9421786102668952,0.1679539098871497,0.05027771,1.9055829,0.4502368,1.5056238
solar,50,49600,52480,0.942166749168202,0.1882527069574261,0.008636951,3.2750297,0.06036091,3.2233057
solar,94,43328,47936,0.9421653620627244,0.2830969820553654,0.2687688,1.9014635,0.06078577,1.571909
solar,92,45440,51200,0.9421517635092592,0.1183551247369155,0.013703823,3.9231005,0.12472963,3.784667
solar,124,42112,45696,0.942146370146279,0.1618112579397781,1.9061227,0.3643942,2.174018,0.096498966
solar,134,51008,51584,0.9421125837593444,-0.2209107538527321,0.31672192,0.06904316,0.33969402,0.046071053
solar,29,43072,47680,0.9420893752622876,-0.0650707751775605,1.6003871,0.702075,1.3076825,0.40937042
solar,6,51584,52288,0.9420838339115656,-0.0441012520365485,2.4850783,0.5305276,2.103992,0.14944124
solar,65,45440,46016,0.9420819706665032,0.2559619634188713,0.081067085,3.69588,0.31582975,3.4611173
solar,75,46592,51776,0.942025192839408,0.0312947772732173,0.011900902,2.7858033,0.1125474,2.6851568
solar,135,43072,51264,0.9419826879462876,0.2151636848308342,0.42230988,3.8717704,0.035746098,3.4852066
solar,135,43392,52032,0.9419701233286134,0.0471011797937456,0.08309412,0.546422,0.22846508,0.40105104
solar,78,46848,50880,0.9419436880486468,0.0438568833009173,0.095701694,0.043171883,0.12847471,0.010398865
solar,12,49856,52160,0.9418833670706868,-0.2065726052729316,1.737843,0.34838724,1.4977717,0.108315945
solar,121,45440,46592,0.941859307347302,0.1450096007524517,0.2028141,0.90431786,0.09018421,0.79168797
solar,48,42816,50304,0.9418172572604644,0.1089230474486354,2.834361,0.4717784,2.4764557,0.113873005
solar,57,42752,45632,0.941815456968799,-0.0421924012586854,0.27246714,0.9497075,0.49365902,0.7285156
solar,76,42112,43712,0.9418047875847054,-0.1276432591845563,0.45578003,0.2896366,0.092571735,0.07357168
solar,53,50880,51456,0.941795710437394,-0.0199578243661541,1.5130777,0.44725513,1.0960894,0.030266762
solar,117,47424,52032,0.9417726107128211,0.2388325540774193,1.2645252,0.32218862,0.9171648,0.025171757
solar,34,46016,50048,0.9417698885918708,-0.1269944275748085,3.498835,0.23348045,3.7268367,0.46148205
solar,17,43776,47232,0.9417450984164586,0.1103237974146601,1.605052,0.18090343,1.6803861,0.10556936
solar,23,49408,52288,0.9417121337740424,-0.2275492194108496,0.31162834,2.4927316,0.61604214,2.7971454
solar,37,44096,48704,0.9416613522689622,0.265306058944523,0.18876791,1.8396158,0.4930334,2.1438813
solar,25,43136,43840,0.9416589920768348,0.0507441838518538,1.139225,0.17301226,1.3270841,0.36087132
solar,51,50304,50880,0.941638031508364,0.2105540788151267,0.17290783,1.0419526,0.1219697,1.0928907
solar,90,50560,52288,0.9415426805839476,0.2810795030704753,0.29665422,0.032959938,0.114572525,0.14912176
solar,1,45952,48256,0.9415333422549688,0.0752837963812317,2.6412435,0.29863787,2.7601748,0.41756916
solar,104,43136,47168,0.9415176853644116,0.0747572897933077,2.7694306,0.22947598,2.938548,0.060358524
solar,87,42368,47552,0.9414926575561998,0.1908947654939218,0.1264348,0.62502813,0.32422066,0.17437267
solar,20,49024,49728,0.9414358246628288,0.2901922532833992,0.47596693,1.0144892,0.28709936,0.8256216
solar,34,44224,49408,0.9414177266077572,-0.0746573994792179,0.056233406,0.13369846,0.0653224,0.12460947
solar,97,44800,47680,0.9413796436247008,0.1153381925050655,3.1269078,0.4605055,2.914002,0.2475996
solar,53,42816,48576,0.9413719718024932,0.261933307725637,0.57787514,0.04653263,0.7847829,0.16037512
solar,117,47552,52160,0.9412772245404474,0.1209165025950995,2.3665082,0.538996,1.9983873,0.17087507
solar,113,46528,49408,0.9412662374191954,0.15389748380384,2.7429156,0.47322035,2.7077923,0.438097
solar,121,47680,50560,0.9412576759957844,0.027645913238978,0.39197063,0.014329433,0.80711126,0.42947006
solar,51,42112,48000,0.9412299284803208,0.0535165515496937,0.73145485,1.3890123,0.49086142,1.1484189
solar,70,46016,48320,0.9411959765707492,0.042613238811498,3.7798991,0.024948597,3.7502522,0.05459547
solar,18,42176,44480,0.941187566716672,-0.0762424290278932,0.1951828,1.3379893,0.42879343,1.1043787
solar,43,47552,49856,0.9411766889478456,0.2778955036150511,2.039092,0.5233288,1.8444686,0.3287053
solar,80,49856,50432,0.9411717510879132,0.0783957055276947,0.3322487,0.13021326,0.10040331,0.10163212
solar,50,45120,45696,0.9411129711751668,-0.1501000596829104,0.032724857,0.036895275,0.1663351,0.17050552
solar,123,42368,44096,0.9410986855694656,0.2037287439216632,0.25193262,1.373455,0.30249453,0.8190279
solar,5,45696,51456,0.9410891436310032,0.0678063167814805,0.87805367,0.8530545,0.48000145,0.4550023
solar,14,47424,49728,0.941086286523139,0.01398281585618,0.47743893,0.7851672,0.21197224,0.5197005
solar,134,44864,47168,0.9409763148968808,0.2524981888650693,1.5387044,0.5212426,1.8251438,0.2348032
solar,113,43776,44352,0.940946670126881,0.1775836261713243,2.4883137,0.09009886,2.3129954,0.2654171
solar,110,46656,47808,0.9409347633555242,0.2504077781365681,0.090554714,2.9917336,0.017166138,2.918345
solar,127,44864,51776,0.9409234200885758,0.0059206809182162,0.03041792,2.6167974,0.024177551,2.562202
solar,122,42112,45696,0.9408917780659144,0.1624733469067244,0.74032974,0.111344814,0.95337677,0.32439184
solar,68,45952,47104,0.9408730313090724,-0.0372358801946344,2.355596,0.40483856,2.778895,0.8281374
solar,18,43328,51968,0.9408543161028649,0.2868737203010016,0.04087448,0.77174664,0.17425013,0.556622
solar,93,42048,44928,0.9407231064909732,-0.0090181254345095,0.16967964,0.18352652,0.28205347,0.29590034
solar,101,51136,51712,0.9407089937593957,0.1633646124464384,1.7492757,0.0017271042,2.0669003,0.31935167
solar,61,44416,47872,0.9407020821637978,0.1185949605830532,0.27238226,1.9798126,0.04761219,1.7550426
solar,105,42944,45248,0.9406982748566008,0.2227881010090706,0.39852667,2.002543,0.26163435,1.8656507
solar,133,47040,51200,0.9406425141479158,0.2570555416301204,0.37880182,0.5228796,0.53155327,0.67563105
solar,2,47232,50688,0.940629127043525,-0.0222366818260236,0.035820484,0.21002865,0.1261096,0.048098564
solar,118,45440,51200,0.9406148584660216,0.2373176481419799,0.11957359,3.2351298,0.32204962,3.0326538
solar,81,44416,50176,0.9405876297563264,0.2218006094887566,0.09550667,1.2477713,0.14482594,1.0074387
solar,73,49920,51200,0.9405744819071586,0.2609887874618905,0.115707874,2.0337858,0.12890577,1.7891722
solar,97,47744,52480,0.9405340545815278,0.292688756845468,0.11641693,0.29396915,0.07981157,0.3305745
solar,81,47232,52416,0.9405143890881564,0.1116453379611231,0.16868687,1.510963,0.20876217,1.4708877
solar,55,42240,47424,0.9405108047535208,0.2129970623725121,0.96490335,0.1410551,1.0680985,0.2442503
solar,114,50304,50880,0.94050281215744,0.2470136368912729,0.23320389,1.5874033,0.3160162,1.6702156
solar,8,47872,52480,0.940494298707616,-0.4220703552173029,0.15061426,1.2436595,0.24174213,0.8513031
solar,52,46592,51200,0.9404879308039076,-0.0634088617313455,0.039956093,2.5213313,0.12186241,2.3595128
solar,88,49024,50624,0.940401736453112,-0.002009734261452,0.053381443,0.008375645,0.058742523,0.013736725
solar,44,50496,51200,0.9403667263310044,0.1576245274391597,0.42603254,0.37622786,0.8091593,0.7593546
solar,91,48704,49856,0.9403579110528066,0.1889232326516995,0.19526577,0.503201,0.27257633,0.58051157
solar,47,45120,52032,0.9403327386890344,0.2180343473643179,3.253335,0.1849351,2.8491096,0.21929026
solar,67,45696,50752,0.940281026581268,0.1806278834386226,0.11252022,0.4320035,0.09416342,0.22531986
solar,105,42816,46848,0.9402599616653312,0.1647166027637606,0.1187315,0.19221783,0.055832386,0.12931871
solar,42,46848,50880,0.9401373531145704,-0.0123450346932398,0.020484447,0.022612572,0.06723118,0.065103054
solar,98,49600,50752,0.940110351339585,0.1272549086259513,0.10226536,2.155273,0.21077633,1.8422313
solar,114,43584,51200,0.9401076447809512,0.0889519011519923,0.43222284,0.65590954,0.3293476,0.7587848
solar,95,49920,51776,0.9400797734892176,0.2843050585339756,1.3026924,0.3263054,1.4560375,0.4796505
solar,34,42624,43776,0.9400769272102344,0.1234279169273073,0.1435833,2.349358,0.049438,2.4435034
solar,125,43072,45376,0.9400335805475446,0.1199468165689471,0.62363386,2.691368,0.16328287,2.231017
solar,39,49024,50048,0.9400181572100136,0.1170418161883458,0.09413242,0.36291504,0.16496038,0.10382223
solar,121,50432,52160,0.9399784623564036,0.1631115760877573,0.33307457,1.6487398,0.0060834885,1.3095818
solar,134,46016,47872,0.9399608216290748,0.0821001522390958,2.3710732,0.13439083,2.6631002,0.42641783
solar,42,43136,51200,0.9399034711419694,0.0403179983472859,0.06351709,0.32916546,0.50040245,0.1077199
solar,36,47808,51136,0.9398602210746636,0.2773827549689955,0.23466301,0.32490635,0.20572853,0.29597187
solar,48,45696,51328,0.939846170118544,0.2736609756816913,0.51114416,0.22238827,0.34731483,0.05855894
solar,31,42496,42624,0.9398375701128332,0.2525359648609598,0.034677505,0.37390995,0.089558125,0.31902933
solar,27,43520,49856,0.9397601769678892,0.1578566803473332,0.29828644,3.426764,0.007892132,3.1363697
solar,23,42432,52352,0.9397105120604266,0.054445246273389,0.3561473,0.38366652,0.022489548,0.050008774
solar,68,45440,46592,0.9396554283214864,0.1983794518193507,0.38144302,1.0160599,0.26616955,0.9007864
solar,1,43072,49408,0.9396525076388876,-0.0396905588559371,1.3085432,0.80023193,0.72384596,0.21553469
solar,73,42048,48384,0.939592513061865,-0.1582829266465558,2.8299499,0.9514432,2.6819944,0.8034878
solar,82,43072,52288,0.9395580679161069,-0.0056747117888318,0.6975546,0.3667488,0.27483225,0.05597353
solar,113,46720,47872,0.9395323938550506,-0.0651519305423205,0.30866098,2.455306,0.18971491,2.33636
solar,109,44544,49152,0.9395184841040772,0.1257520109568818,0.13659716,0.025873661,0.17423058,0.011759758
solar,86,43072,48960,0.9394928594047738,0.1905958740197804,0.7402377,2.8430777,0.13778019,2.2406201
solar,19,44352,48384,0.939463440090854,0.1969001476762633,0.4191451,0.26221704,0.49901104,0.18235111
solar,16,49280,52160,0.9394583247214248,0.1924409985817055,0.29076672,1.1466584,0.4849949,1.3408866
solar,94,42176,42752,0.939437973227157,0.258219573200213,1.505157,0.591815,1.6408768,0.45609522
solar,18,42432,52480,0.9394235925751068,0.2795739745423508,1.6135569,0.02933836,2.1246033,0.54038477
solar,41,46848,50880,0.9393846633146824,0.2744230059712538,0.40486288,1.1677752,0.1912036,0.95411587
solar,123,45696,49152,0.9393749975485842,0.2358408493579528,0.04528761,0.6873641,0.17821026,0.55444145
solar,4,43072,49984,0.9393603139852986,0.1539754942235416,0.550869,2.172598,0.18327045,1.8049994
solar,88,43520,50432,0.9393345866919098,0.2761313035203218,0.12886238,0.6390915,0.14424038,0.36598873
solar,35,48128,51584,0.9393234478000448,0.1339099844470437,0.20080376,0.32086086,0.594265,0.7143221
solar,49,45952,51136,0.9393111914823769,0.2418137285642849,0.06437302,0.75307083,0.03184843,0.6568494
solar,79,45248,47552,0.939299815808424,0.1903464202322138,0.44567966,0.013479233,0.31783152,0.14132738
solar,50,42112,51328,0.9392507320438952,0.2301202709442996,3.4777987,0.0011091232,3.5531766,0.07426882
solar,51,43264,50752,0.93923810878314,0.2915456976315114,0.18988466,2.9345512,0.0019688606,2.7466354
solar,109,42048,52416,0.9391270762616876,-0.0145233895386121,0.8832016,3.1926465,0.60906696,2.9185119
solar,27,44224,50560,0.939122638670878,0.0789316620237327,0.596786,0.46410656,0.03429079,0.09838867
solar,59,45696,51456,0.9391217391217296,0.0188465045414883,1.0578113,0.8384476,0.74517894,0.52581525
solar,61,43712,47744,0.9390809303825082,0.1769896932441719,0.0107450485,2.025247,0.18345022,1.8525419
solar,134,42944,44096,0.9390091471264808,0.1327649631328316,0.37453222,0.52083397,0.036925316,0.10937643
solar,133,42368,51712,0.9389200836574892,0.0169792648239237,0.36366892,0.14465094,0.22609234,0.007074356
solar,90,43648,44800,0.9388191120680622,-0.171535470705502,0.34307528,3.3181262,0.61353683,3.5885878
solar,131,42368,43520,0.93876092229606,0.136484680752619,1.1201258,0.052101135,1.2541652,0.18614054
solar,115,49728,50880,0.938737237931268,0.0513063082163524,0.29877472,0.049697876,0.3479452,0.0005273819
solar,57,42688,48448,0.9386980785357536,0.1408320466255417,0.32476902,0.8108382,0.013387203,0.4994564
solar,113,43712,51776,0.9386819107520544,0.0424951936347698,0.27527,0.13612795,0.695179,0.28378105
solar,62,43648,44800,0.9386553458113436,0.2070004657808453,0.11878538,0.9386864,0.17326689,0.88420486
solar,29,48832,52288,0.9386474040449148,0.0443754284457872,0.38626385,3.5765018,0.41462278,3.6048608
solar,133,50304,50880,0.9386311474115688,0.2347191716415669,0.10512638,0.39627552,0.05383444,0.55523634
solar,24,44224,44800,0.9386113326616298,0.1223315134474875,0.20879602,3.0345936,0.509233,3.3350306
solar,132,44480,50112,0.9385182657431228,0.0555349021078669,1.3746448,0.5873747,1.86658,0.095439434
solar,76,42944,47552,0.9385042908866998,0.150609590580939,0.33501434,0.008340359,0.22009373,0.123260975
solar,19,44544,46272,0.938454876426378,0.0509280938714052,1.5165248,0.42691612,1.0888262,0.0007824898
solar,56,42624,48960,0.9383581819206668,0.2654530632679514,0.24408245,2.5027566,0.24938536,2.5080595
solar,0,47872,48448,0.9383548118277936,0.0856419348987959,1.6338043,0.18032885,1.9850698,0.5315943
solar,13,44928,49984,0.9383077835569252,0.0447935639710365,0.61249304,2.294095,0.33166504,2.013267
solar,70,48128,51008,0.9383067628174536,0.1905447163179726,0.9655533,0.09149361,1.432867,0.37582016
solar,58,43776,51264,0.9382627542391158,0.1311186211359411,0.8617406,0.13103294,1.096065,0.10329151
solar,45,46592,47168,0.9382208716824778,-0.0091856267433282,1.1038942,0.44164371,1.0835185,0.421268
solar,9,45440,49024,0.93819689282512,0.1152456414793146,0.008023739,0.27505875,0.0122561455,0.29533863
solar,17,43840,47296,0.9381832239306116,0.2559807713224262,0.14328766,0.13971949,0.42288542,0.13987827
solar,57,42432,49472,0.9381602587726618,-0.1177035482484169,0.22404385,0.34971428,0.40141535,0.17234278
solar,53,42048,47808,0.9381089406560724,0.1686136580099939,0.6786084,4.3704443,0.2722726,3.9641085
solar,0,44288,51456,0.9381014152742284,0.1626655353053813,1.4641895,0.90684795,1.595154,1.0378125
solar,46,43072,49856,0.9380840860933854,-0.0801781766197824,0.656394,3.454289,0.039422035,2.837317
solar,103,43520,52160,0.9380659425404034,0.2216000493484078,0.20159197,0.44411278,0.1617713,0.4042921
solar,6,45504,48384,0.9379755363365438,0.0626585454397204,0.51734066,0.134871,0.28295565,0.09951401
solar,3,44544,46272,0.937975023151128,0.0546625366071221,1.483314,0.032323837,1.1626325,0.28835773
solar,56,42048,52416,0.937970819461714,0.215899639233744,0.2583542,3.914822,0.14902592,3.8054938
solar,74,44224,48832,0.937931869776828,0.2714519523801549,0.1564722,0.29369545,0.098077774,0.35208988
solar,101,50176,52480,0.93788429268226,0.0859557448516441,0.15455055,2.7937756,0.16835117,2.4708738
solar,95,43072,52288,0.9378550638823376,-0.1978498143575429,0.37297392,2.3776355,0.05183983,1.9528217
solar,74,43072,45952,0.9378487864008932,0.2306494998932288,0.64388895,2.7939692,0.23289728,2.3829775
solar,39,43968,50304,0.937829899299492,0.2555577742192859,3.6200423,0.019047737,3.4413238,0.1977663
solar,54,48128,51008,0.9377756412704924,0.0681067189052698,0.9535985,0.06003523,1.3939385,0.5003753
solar,29,43520,46400,0.9377135293407378,0.0330340271125771,0.26021338,1.365695,0.13864708,1.2441287
solar,40,47424,49728,0.9377015369214065,-0.0405887811796317,0.40184593,0.7581215,0.19146061,0.54773617
solar,126,48128,52288,0.9376942266421656,0.2662729965229876,2.5587053,0.5449166,2.2706604,0.2568717
solar,77,43520,44096,0.9376411385058594,0.0373091345912955,0.3557415,0.12889671,0.6046791,0.12004089
solar,100,47168,52352,0.9375792077138276,0.0610842148679508,0.17442608,2.8171058,0.39676714,2.5947647
solar,126,49408,49984,0.937463913120655,-0.0733300044761358,0.18799877,3.06567,0.5085511,3.3862224
solar,7,44800,45952,0.9374261940003232,0.1047615679946364,0.18297863,0.34291553,0.031060219,0.49483395
solar,132,42112,50176,0.9374175262963076,0.2363173381542692,0.81453085,0.47414064,1.5270839,0.23841238
solar,84,43136,44288,0.937382037342413,0.1074481769227248,2.9128437,0.25170803,3.1150475,0.04950428
solar,102,43328,51392,0.9373679486650368,0.2750492805724154,0.07749224,0.067117214,0.026874542,0.01649952
solar,67,42816,48000,0.9373123103576474,-0.0649659273116539,0.07918978,0.4979,0.10273075,0.31597948
solar,81,44928,47808,0.937308466097968,0.2279873059523126,0.22744131,2.7288923,0.25279427,2.2486567
solar,30,43200,44800,0.9372934013171528,0.1751819410737987,0.57953787,2.258411,0.19325924,1.4856138
solar,37,42368,52160,0.9372398528850656,-0.0941215806511509,0.24002361,0.61301327,0.475255,0.84824467
solar,14,44800,47680,0.9372260561956016,0.2632985417203881,2.721364,0.41783047,2.4766116,0.17307806
solar,130,44800,49984,0.9372194172870316,-0.2663583547123022,0.86587095,0.36969566,1.1517515,0.0838151
solar,11,46016,47168,0.937190467599924,0.0039327789415377,1.9890938,0.4501357,2.228857,0.21037245
solar,68,44096,46400,0.9371858370814626,0.2474286295675149,0.4400711,1.282146,0.33863163,1.1807065
solar,68,42048,49536,0.9370970013232136,0.2197264893061815,0.25436115,0.2517128,0.23168135,0.229033
solar,115,44224,44800,0.937047417953632,0.1226178125581372,0.07624531,0.22054625,0.062021732,0.23476982
solar,21,51136,52288,0.9370155642345376,0.1294318327378854,3.0089703,0.25411463,2.8690338,0.11417818
solar,17,49856,52160,0.9369729082886408,0.172153441623621,2.5209198,0.13698101,2.5086775,0.12473869
solar,28,42240,46848,0.9369591797756592,0.2779199411947346,0.70066214,0.19136047,0.84426117,0.3349595
solar,96,50240,51392,0.9369085689943036,-0.134190980189061,0.013350964,0.37740898,0.39358234,0.75764036
solar,86,46016,50624,0.9368938620825884,0.2134481955461918,3.1198826,0.38136625,3.403617,0.09763193
solar,55,43648,45376,0.9368503575281084,0.2694841888003548,0.06256628,2.230349,0.19168186,2.1012335
solar,57,45440,46016,0.9368459764278944,0.1233855319252409,0.2233119,2.4763665,0.4655099,2.2341685
solar,15,46528,51712,0.9368337100666644,0.1165338006672263,0.7704439,2.8194642,0.44473124,2.4937515
solar,118,42944,44096,0.9368206045082283,0.0118726950826382,0.4654379,1.51931,0.03259468,1.0864668
solar,111,50304,50880,0.9367963280839484,0.272854240168396,0.14410257,0.8677182,0.22045994,0.79136086
solar,124,43136,44864,0.9367711829980476,0.1470262236925209,2.9785786,0.025613308,3.2355585,0.28259325
solar,65,43136,47168,0.9367064103110398,0.2293106906725398,2.4716506,0.505208,2.7744417,0.2024169
solar,134,49472,51776,0.9366738366409052,-0.4158839900766271,0.21771002,0.3517642,0.12954473,0.4399295
solar,24,47872,50048,0.9366339861945708,0.1018602821306534,0.36659384,0.17335463,0.41502285,0.12492561
solar,129,44096,44672,0.9366227600857387,0.1449134430012786,0.24576807,3.1957526,0.4588704,3.408855
solar,78,45120,51456,0.9365608940419194,0.1318896977364184,0.08300686,1.0599623,0.20024157,1.177197
solar,17,48000,52032,0.936536242225754,0.2230102726995221,3.2743661,0.57297206,3.0909984,0.38960433
solar,47,43136,47168,0.9365355138605754,0.0632561099863384,2.802126,0.49695015,3.122848,0.17622805
solar,63,42368,47552,0.9365033170327322,0.2050349608164943,0.43860912,1.7187858,0.1917243,1.4719009
solar,118,43840,49600,0.9364440677266724,0.1441505000195528,0.33949423,0.18936682,0.60996103,0.08109999
solar,15,42112,44544,0.936441027979272,-0.1793351988648369,0.17157936,1.0222058,0.018373966,0.8322525
solar,57,46400,47552,0.936438955726625,0.0429153769312357,0.89170694,0.11466026,1.1064162,0.32936954
solar,16,43072,47104,0.936431555138956,-0.1771333817478379,0.78524256,0.9167886,0.09028149,0.2218275
solar,21,50048,51776,0.9364292301501476,0.016371026910502,0.057913303,3.5578012,0.12512541,3.3747625
solar,104,43968,49152,0.9364219715311334,0.1870900599834381,1.1414108,0.41036606,1.1467109,0.4156661
solar,35,46528,52288,0.936383294788278,0.2048179367142076,0.13792706,0.14614153,0.052612305,0.3366809
solar,114,48320,51776,0.9363479623929828,0.1885147232705866,0.06425619,2.021329,0.24141407,1.844171
solar,64,44672,52160,0.9363397630664552,0.1565161978555686,2.974752,0.10028982,3.3222036,0.24716187
solar,35,44800,51136,0.9363278048919575,-0.3774124080399287,0.52347136,2.4115195,0.11171961,1.9997678
solar,46,50112,52416,0.9363271664998593,-0.0122165425747324,0.7736583,1.2626595,0.58236074,1.071362
solar,129,43072,44800,0.936198634613056,-0.098831540106216,0.35672092,0.007971764,0.24103832,0.123654366
solar,8,50880,51456,0.9361571238633388,0.1586009458375812,1.6762209,0.3664298,1.1838522,0.12593889
solar,37,50560,52288,0.9361488598419604,0.0118447649776266,0.19033575,0.20218563,0.274405,0.28625488
solar,96,43200,46784,0.9361349241775768,0.0555022958014155,0.60567,0.82909393,0.6133604,0.83678436
solar,34,46656,52416,0.936038383742452,0.1055743985858223,0.2849779,0.054909706,0.17031574,0.059752464
solar,42,46272,48000,0.935982461284412,-0.0038566381447067,0.046057224,1.7388632,0.38056493,2.073371
solar,128,42112,51904,0.9359420088667132,0.0610751169535991,3.1355639,0.11345577,3.4224281,0.40032005
solar,77,44864,51776,0.9358623741561553,-0.1893931244525492,0.143569,0.45523167,0.17634487,0.4224558
solar,63,44096,48704,0.9357933389428524,0.1092437708412829,0.6978655,0.18375015,0.94361687,0.06200123
solar,54,49472,50624,0.9357567499851848,0.2509208784607848,0.23704529,0.19730663,0.31074286,0.123609066
solar,18,49024,50048,0.9357298744244006,0.1837611769797743,0.11769152,0.4814,0.21251917,0.15118933
solar,15,45120,46272,0.9356890949139292,0.1726970744329073,1.1121674,0.5948148,1.4182043,0.9008517
solar,129,48320,51200,0.9356848856556844,-0.0335174182647697,0.0329504,3.621931,0.12592983,3.5289516
solar,9,48128,52160,0.9356065913867184,0.2509028857756329,2.2771087,0.26614428,2.5126486,0.5016842
solar,48,42688,49728,0.9355779746256662,-0.0047503569052742,0.54593277,0.5146904,0.38463497,0.3533926
solar,50,42048,49088,0.935571960283188,0.235165300802466,0.33526754,2.9075112,0.22683907,2.3454046
solar,118,49408,49856,0.9353760882792672,0.2083914388823739,0.29759932,1.8742547,0.56995916,2.1466146
solar,121,43968,48000,0.935356808230868,0.1165382288531933,0.57512856,2.907475,0.21350479,2.5458512
solar,12,45120,49728,0.935307250965736,-0.0943159042335994,0.27802372,0.8364363,0.15030766,0.96415234
solar,107,43136,47168,0.9352015064667736,0.2380489132618297,2.5640483,0.46703482,2.820416,0.21066713
solar,94,51136,52288,0.9351924299322844,-0.0302347285976108,0.003499031,0.012820244,0.4214468,0.4121256
solar,15,45440,51776,0.935185080729718,0.027453380501351,0.46428204,1.8036981,0.6326456,1.9720616
solar,48,51136,52288,0.9351553643723968,0.2173863462906081,3.1208577,0.05077362,3.249189,0.1791048
solar,55,42048,48832,0.9350931382621076,0.1508690146757425,0.18515968,0.54622126,0.018187523,0.3792491
solar,2,43264,50752,0.935058759684692,0.2308004263926136,0.29132104,3.8490744,0.10629153,3.6640449
solar,129,46720,49024,0.9350056380189627,0.0520700696711272,0.13087845,0.7107787,0.03206873,0.611969
solar,125,44544,45568,0.9349421755440608,0.1201635380526617,0.63297415,0.29528713,0.5350046,0.1973176
solar,97,46400,52160,0.9349302314485072,0.2582471594737807,0.019123077,0.35889912,0.10857868,0.2694435
solar,91,42816,43392,0.934894772873504,0.1098356851560639,1.8707232,0.021339655,1.7482524,0.14381051
solar,122,49408,52288,0.9348642129200934,0.0815537396757219,0.34160995,1.2396703,0.44206095,1.3401213
solar,95,42816,50752,0.9348619572531338,0.0890493378806902,0.5820112,0.46819305,0.6735754,0.55975723
solar,7,50112,52416,0.934808030472326,0.1454943091977351,0.105642796,1.0206494,0.15306473,0.9732275
solar,116,43712,51200,0.9347377054342934,0.0977718326075485,0.102283955,2.2366562,0.29019737,2.0487428
solar,43,44864,46592,0.9347316433648504,0.02125000536134,0.07761288,0.32203484,0.013311386,0.25773335
solar,9,42112,50176,0.9347065673557964,0.079981082595754,0.9012337,0.14421034,1.360889,0.31544495
solar,45,48704,52160,0.9346863907408172,0.0406556724109631,0.25318575,0.24025774,0.4437437,0.049699783
solar,37,43648,46080,0.9346643277199445,0.1449732875539006,0.6448655,0.5332098,0.8521004,0.74044466
solar,12,47232,52416,0.9346087916563096,0.0792256650466989,0.29998922,1.9421592,0.30972052,1.9324279
solar,96,46272,49728,0.934606523146527,0.1721289380395696,0.09227991,0.8452096,0.19859743,0.55433226
solar,88,47872,49600,0.9345271815059816,-0.1155736224657161,0.2862177,0.09332514,0.47530127,0.09575844
solar,134,46848,50880,0.934524369944557,0.1284431186756018,0.025731087,0.018726826,0.10195923,0.09495497
solar,112,44416,47872,0.9345130463566615,0.0787203827700431,0.1368103,1.0894113,0.03371954,0.9188814
solar,129,45632,51392,0.934466526588606,0.2032124967113248,0.13793325,0.4044242,0.22114372,0.32121372
solar,26,43520,50432,0.9344628212440064,0.2938653863193021,0.1947918,2.55202,0.28425312,2.6414814
solar,88,44928,49984,0.9343961930061462,0.1774291015427823,0.7206497,3.2444973,0.35657692,2.8804245
solar,78,47552,52160,0.9343866840631396,0.1199466402490755,0.13058329,0.97531414,0.10107994,0.7436509
solar,50,42560,46592,0.9343601841060316,0.2426076681298238,0.098388195,0.53399277,0.26539183,0.36698914
solar,55,42368,47552,0.9343519697988696,0.2082147014111487,0.8077493,0.58853817,0.39873123,0.17952013
solar,65,43520,46400,0.9343452940797784,0.1550240611288481,0.17608976,0.16702318,0.4146285,0.07151556
solar,76,43648,44224,0.9343282054131988,-0.1580344362454632,0.42186737,0.49904156,0.4842949,0.5614691
solar,37,43712,44160,0.9343174014103088,0.2892882108363948,0.1621356,2.0364332,0.044249535,1.8300481
solar,135,43200,46784,0.9343065471100606,0.2508293868314411,0.8132591,1.0676141,0.68061924,0.9349742
solar,58,46016,50624,0.934233039792812,0.2380628104974053,2.467308,0.40216446,2.694335,0.17513752
solar,46,42368,46976,0.9342291433277092,0.1613113631896706,0.6057029,0.4394889,0.33963108,0.17341709
solar,78,44096,48704,0.9341141467077052,0.2595204043726536,0.7990298,0.5784488,0.40551996,0.18493891
solar,20,49856,52160,0.9340904121119646,0.2181103187665309,3.3131542,0.24310398,3.2157245,0.14567423
solar,42,43200,44352,0.93405896617453,-0.3158484235559528,0.5425916,2.0922618,0.0703392,1.6200094
solar,10,43328,49664,0.934043787449898,0.253816030586762,0.22151089,1.2240963,0.11004162,0.8925438
solar,29,42752,43328,0.934012311079718,0.2655970503565691,2.1725783,0.4859414,2.7354016,0.076881886
solar,97,45376,46528,0.9340065455512438,0.2734299853360291,1.1237698,0.19720984,1.1738906,0.147089
solar,101,49728,51456,0.9339891872690704,0.0607558294351667,1.4679737,0.015769958,1.3023529,0.18139076
solar,31,45632,48960,0.9339592681830372,0.1378755697870957,0.35668898,0.9026251,0.44450045,0.8148136
solar,68,45696,51456,0.93390587629988,-0.2372708520305119,0.17446613,0.34399843,0.14469147,0.3737731
solar,112,45376,47680,0.9338297084763996,-0.0503221822141841,2.7307677,0.39514637,2.590786,0.25516462
solar,10,47424,48000,0.9338181184945424,0.2086392078562882,0.47142458,0.7811694,0.4811821,0.79092693
solar,133,50176,51328,0.9338001569317668,0.2267295694976344,1.0587382,0.41857862,1.139895,0.49973536
solar,22,47872,51904,0.933795173497934,-0.025968522608846,2.7107816,0.15510607,2.7488866,0.19321108
solar,60,42368,49856,0.9337730311150322,0.2794498118026963,0.3370204,2.3779526,0.08975649,1.9511757
solar,5,43968,48000,0.9337675913469478,0.1784352339345533,0.3667736,0.41409397,0.35956955,0.40688992
solar,44,49600,51456,0.9336348209958604,0.1464017363700968,0.9285145,0.47760677,0.7253294,0.2744217
solar,65,45696,49728,0.9335385377644576,0.0534319919019345,0.22834444,0.57882833,0.32106543,0.48610735
solar,46,49728,50880,0.9334862361142278,0.1799093733932515,0.2601161,0.09356499,0.20850325,0.14517784
solar,31,49024,52032,0.9334450623985489,-0.1582977501016483,3.1924386,0.6993785,2.955584,0.46252394
solar,129,43520,46976,0.9334082101701844,0.0720507919318645,1.1471138,0.7929745,0.96439123,0.6102519
solar,11,44928,48960,0.9333871573877508,0.0353386703740513,0.79733133,2.5814662,0.7273598,2.5114946
solar,117,42624,50560,0.933382684267268,0.0950059186117756,0.7529278,0.16013527,0.57186604,0.020926476
solar,107,46400,48128,0.933344602396744,0.1761073127009916,0.39234066,2.4716072,0.019913673,2.0991802
solar,0,45056,46784,0.9333398245823508,-0.2195823901745593,0.0063405037,3.000289,0.034143448,3.040773
solar,108,48000,51456,0.9331474387000076,0.1102532160616713,5.135578,0.50792766,4.7474146,0.11976409
solar,70,42752,46208,0.9331345110724476,-0.283827381049629,0.023806095,0.30421972,0.17631483,0.15171099
solar,88,42944,51008,0.9331240051943764,-0.0100770022377834,0.52327156,1.9717054,0.103841305,1.5522752
solar,73,43200,46784,0.933112694975565,0.2770291238149209,1.5703588,1.024365,1.2796235,0.7336297
solar,4,46272,49728,0.933082374668864,0.0733884901592668,0.07886267,0.11005068,0.08607912,0.27499247
solar,120,47680,49408,0.9330755370186872,0.2275034596332499,0.5153856,0.17462254,0.29555798,0.045205116
solar,20,45696,51456,0.933038544262044,0.2155382486182795,1.2812076,0.7843213,0.763288,0.26640177
solar,96,45696,50880,0.9330270364942992,-0.2617471536717519,0.036985397,0.33398724,0.23552465,0.13544798
solar,29,48000,48448,0.9330251250835744,-0.0966406751752876,0.4748845,2.496891,0.17612743,1.8458791
solar,114,44544,52032,0.9329755428223132,-0.0658085255256242,1.8054044,0.45084906,1.2260942,0.12846112
solar,104,46656,47680,0.9329548503518434,0.2107825487667486,1.479867,0.28944683,1.497992,0.3075719
solar,29,47424,50880,0.932943222821166,0.1414392297596468,0.35230684,0.5952606,0.14810562,0.3910594
solar,120,44928,47808,0.9329162659597724,0.1313781835935481,0.64535284,3.6713872,0.31879807,3.3448324
solar,86,44992,47872,0.9329117241478344,0.1082764242113712,0.29773712,2.288762,0.2277255,2.2187505
solar,79,44288,51776,0.9328863327918756,0.0508651177150736,0.12677574,1.5669961,0.25844526,1.4353266
solar,85,43072,44800,0.932884755937716,-0.0607423064748221,1.0731049,0.16808796,1.4663262,0.56130934
solar,64,43136,44864,0.9328326840168428,0.2934133466448568,3.4759545,0.2737732,3.4757366,0.27355528
solar,24,44352,52416,0.9328086480991192,0.1702705236554367,0.25720644,1.8815627,0.37224627,1.7665229
solar,3,44992,47872,0.9328041487256182,0.1956502626142496,0.28982925,2.1397176,0.34545135,2.1953397
solar,63,43648,51712,0.9328003985030804,-0.207948425363349,0.42107916,3.3552904,0.6378684,3.5720797
solar,125,45952,47104,0.9327630132591832,-0.1190641545739676,2.9054122,0.5178585,2.4473128,0.05975914
solar,106,46400,49280,0.932752493711147,0.1386241380576297,0.36281633,0.01747322,0.47621965,0.13087654
solar,117,43264,50176,0.9327504416273013,0.1950856498846003,0.20681739,1.3837276,0.07212734,1.2490375
solar,59,50624,52352,0.9327021222052906,-0.0867428496552977,0.07539034,2.03646,0.32178354,1.7900667
solar,58,46400,52160,0.93266328168648,0.2561668875223856,1.8189206,0.432477,1.5356674,0.1492238
solar,46,42112,44992,0.9326507175001776,0.1326385603491224,2.0243711,0.44695425,2.2800555,0.7026386
solar,122,48128,51584,0.9326172228711392,0.0339319391308041,0.24698114,0.2483778,0.56635475,0.5677514
solar,127,50624,52352,0.9326154262176068,-0.0325920779429101,0.22603083,1.976192,0.45832396,1.7438989
solar,19,48256,49408,0.9325527414873936,-0.3015407933466483,2.1996994,0.4972825,1.9265652,0.22414827
solar,45,46016,52352,0.9324985418623633,-0.3647599726450955,0.39329576,0.11977911,0.22163582,0.051880836
solar,13,48128,49280,0.9324809172266872,0.1360405423477345,2.8916063,0.09702635,3.199871,0.21123838
solar,100,51008,51584,0.9324641411979502,0.0710812264642025,0.21772528,0.36135817,0.5184312,0.6620641
solar,128,42816,50304,0.9323877790230756,0.2425125268016906,0.35261822,0.09037399,0.5600624,0.1170702
solar,22,43072,47232,0.9323721414816184,0.0147276205409762,0.46425104,2.0096755,0.19816971,1.7435942
solar,103,42816,52032,0.9323139675101652,0.1248666916033394,2.4534721,0.32175064,1.9314232,0.20029831
solar,111,44096,49856,0.9322927546159496,0.096298602712795,0.08215237,0.458385,0.2693839,0.27115345
solar,85,42368,50432,0.932281458270406,0.2940410197379351,0.3697791,0.17339802,0.55643225,0.013255119
solar,132,48256,52288,0.9322749751220668,0.2265671329916966,0.34821033,0.6663456,0.42522717,0.7433624
solar,78,42368,47680,0.9321707333575004,0.1057451493430716,0.43850183,0.82116175,0.11173868,0.4943986
solar,67,45056,52416,0.9320980844991767,0.1170012593367472,0.03440714,1.5311079,0.28589487,1.2796202
solar,93,44352,50688,0.9320555580259564,0.1540860838468628,0.07970667,0.67426157,0.1530304,0.60093784
solar,58,43648,47680,0.9319588604278768,-0.2124701811373069,0.098367214,0.14234161,0.12039089,0.16436529
solar,69,42368,44672,0.9317165227475424,0.2032997665861146,0.35798693,2.6233225,0.29219532,2.5575309
solar,6,43264,45120,0.9317094743544044,0.0769972699350052,1.3614049,0.12820959,1.5378728,0.048258305
solar,50,42816,50304,0.9317027639198754,0.2914371541330925,1.3393097,0.24917746,1.24863,0.3398571
solar,126,46080,47680,0.9314689006092918,0.1213619336786392,2.3296041,0.06608009,2.5121841,0.24866009
solar,50,42176,51968,0.9314360287445388,0.2962098542036528,0.2840147,0.8654671,0.48471785,0.6647639
solar,58,42368,49856,0.9314241928497714,0.0220032963567262,0.38229418,1.2318177,0.40701866,1.2565422
solar,64,48384,52288,0.9314019969900164,-0.2070729344286176,0.23964071,2.488212,0.2499528,2.4779
solar,18,44800,48256,0.9313478084726524,-0.0179492176507717,3.5594707,0.019396305,4.031097,0.45222998
solar,101,50688,52416,0.9313327319923712,0.1019538952641549,0.052681923,0.80408955,0.27658796,0.5801835
solar,7,42432,51200,0.9313154000375444,0.0015766991563357,0.15515614,1.6787539,0.021226883,1.5448246
solar,10,46656,52416,0.9312264867604276,0.1639540249751276,0.1249814,2.1205678,0.14553452,2.1000147
solar,73,51840,52416,0.9311679081722116,0.0570742676329747,0.013202667,3.5331259,0.42707586,3.0928473
solar,135,44224,52160,0.93113754409943,0.195289585888971,0.73376703,1.8669815,0.42738628,1.5606008
solar,81,45440,51200,0.931130888166578,0.0599361733044989,0.010819435,3.4072795,0.23243046,3.1856685
solar,50,47424,51456,0.9311023442915584,0.1477883769209325,1.7664161,0.78975725,1.3252306,0.34857178
solar,20,47168,51200,0.9310843931284258,0.1436714128817804,0.19838428,3.2128587,0.49004507,2.921198
solar,135,43648,44672,0.93108180431826,0.2006162061116063,0.9264784,1.9217768,0.55013037,1.5454288
solar,49,42048,47232,0.9310675118873586,0.1280820238274568,0.39823532,2.4406729,0.110014915,2.1524525
solar,OT,43712,46016,0.9310517709548756,-0.0523001502274066,0.14634657,1.8883128,0.12779903,1.6141672
solar,48,47744,51200,0.931044688434678,0.0943783821816068,0.025301933,2.9802837,0.093132496,2.8618493
solar,55,49856,50432,0.9310434710998048,-0.0870815203236973,0.57220125,0.34659052,0.8710098,0.047781944
solar,18,48128,51584,0.931009383919646,0.0578744199777461,3.6372857,0.25239563,3.8415499,0.4566598
solar,73,42816,49152,0.9309687423867832,-0.1061972886402447,0.955575,0.01781416,1.05368,0.11591911
solar,93,43264,48448,0.9309665551223448,0.1887404023332818,0.9435215,0.11285305,1.2612519,0.20487738
solar,35,43136,48320,0.930933569763654,0.2202017566891383,3.6952038,0.23182392,3.8586278,0.068399906
solar,2,44864,45568,0.9309116629525244,-0.0680582767641614,0.28792048,0.11959314,0.23894882,0.07062149
solar,44,43072,49984,0.9307930231313264,-0.3484316658632339,0.12966108,1.2771177,0.41894102,0.7285156
solar,128,44864,47744,0.9307587872384558,0.1348215838611685,0.12908077,1.9866796,0.078764915,1.7788339
solar,44,44800,47680,0.930758535653293,0.0634863546389258,1.707396,0.24537325,2.0783381,0.61631536
solar,131,43392,45696,0.930708945952984,0.1869518904636215,4.3613586,0.07087183,4.1253867,0.1651001
solar,39,45824,51008,0.9306806691653812,0.1421855091915388,0.23356915,1.0717435,0.1392088,0.69896555
solar,63,44288,51200,0.9306501474688068,0.2933209217648408,0.19478369,3.140307,0.43581676,2.8992739
solar,121,46016,50624,0.9305792901237264,-0.251227490089041,2.323063,0.01273489,2.365152,0.029354095
solar,25,42624,50112,0.9305000238651142,0.1546318466932374,0.07397127,0.3368888,0.047147274,0.21577024
solar,92,44544,49152,0.9304946560104164,0.1725967396792462,0.22708607,0.24482155,0.09573746,0.11347294
solar,95,44864,52352,0.930454624274527,0.0886720061114427,0.2200923,3.0996852,0.07768583,2.801907
solar,108,44096,46976,0.9303532388915524,0.2954337526996548,1.9636335,0.51015997,1.815722,0.36224842
solar,32,44672,52160,0.9303304424717478,0.1731220662867339,1.5417051,0.05777359,1.5556312,0.07169962
solar,23,45440,51200,0.9303071378982104,0.0792390746409796,0.16006613,2.5056276,0.2664771,2.3992167
solar,117,44544,51776,0.930269534520798,0.0333225131292745,0.2525568,1.765655,0.36218548,1.6560264
solar,118,45248,48704,0.9302597088542468,-0.0523533070706877,0.4884777,1.468812,0.039016724,0.94131756
solar,84,45120,45696,0.9302393978936286,0.1168114353394132,0.035746813,1.3195097,0.08209467,1.2016683
solar,93,42496,52288,0.9302345751842626,-0.0818812963510289,0.2383213,0.91501474,0.13485146,0.8115449
solar,31,51712,52288,0.9302125227985508,0.194838879672612,0.06818867,0.040599823,0.15948391,0.18707275
solar,7,42816,49152,0.9301544896653282,0.1920870181144149,0.39161968,0.04183674,0.32972527,0.103731155
solar,25,45952,48832,0.9300995284239282,-0.1311934089260351,3.271944,0.46760988,3.0129147,0.2085805
solar,2,44544,47872,0.9300855405869024,0.2310419187479446,0.18050909,2.1243405,0.30354166,2.001308
solar,105,42176,44928,0.9300446786715708,0.0608711283766993,1.649095,0.423131,1.6869192,0.46095514
solar,48,44224,46528,0.9300307517398068,0.2378297273385108,1.0053196,0.6515951,0.4295473,0.07582283
solar,124,46848,50880,0.9299559367989958,0.0931788133509796,0.011351109,0.07827997,0.01172781,0.10135889
solar,51,42048,51712,0.9299201503319594,0.1241085391319506,0.4031434,4.7663984,0.14456224,4.5078173
solar,79,45440,51200,0.929865699454014,-0.0847923012468591,0.09139061,3.4737492,0.18997526,3.3751645
solar,78,43648,52288,0.9298606751637783,0.2075528857573349,0.19321251,0.13686466,0.19840717,0.13167
solar,11,42944,51584,0.9298502807474668,0.0337733213259307,0.36146975,2.6679478,0.015673637,2.3221517
solar,124,45120,51904,0.9297657301225278,0.244691782802283,0.37798786,0.67797804,0.11755085,0.41754103
solar,94,49472,50048,0.9297618808437116,0.2999840668962272,0.27038002,0.09637499,0.4254117,0.25140667
solar,96,45440,51200,0.9297230724548154,-0.2239404678035313,0.51568556,2.5884728,0.5626216,2.6354089
solar,3,45952,52288,0.9297117898818456,0.2603309054554324,0.13674068,0.17537212,0.26497173,0.047141075
solar,48,43136,49344,0.9296857396329528,0.2814651710945057,0.63844156,0.48316145,0.4595313,0.3042512
solar,20,42816,49152,0.9296366606820178,0.0471247030996864,0.695477,0.13207006,0.87322855,0.045681477
solar,119,42368,44672,0.929618330413949,-0.0717119543677722,0.10400295,1.1070137,0.48450565,0.5185051
solar,113,44864,47168,0.929583002861714,0.2864102976418007,0.6038165,0.26397562,0.74327326,0.12451887
solar,84,49856,50432,0.9295681632290104,0.2915819473057574,0.22341633,0.15989256,0.34584904,0.03745985
solar,82,48576,49728,0.9294375002062744,0.2390241034310437,0.62315655,2.8133416,0.69204473,2.8822298
solar,103,47872,52480,0.929433370306304,-0.5960643392607499,0.029964447,0.7403188,0.34851408,0.42176914
solar,54,45504,51840,0.929392964340576,0.1528744312888799,0.40980768,0.15844965,0.39556313,0.1442051
solar,41,50752,51456,0.92936551356259,0.23035898735454,3.0894127,0.2952056,2.536037,0.25817013
solar,36,44352,52416,0.9293143500505152,0.0900845738827339,0.1761713,1.8555789,0.23936987,1.7923803
solar,40,50112,51712,0.9292447373988738,-0.0625927389239314,0.9584408,1.0072103,0.65496206,0.70373154
solar,94,47168,52352,0.9292384280013508,-0.0126446782386001,0.20869112,2.6868005,0.4954028,2.4000888
solar,91,44928,50688,0.9291837940438096,0.2420050334285151,0.44738913,2.3645368,0.1337843,2.050932
solar,10,45952,49408,0.9291551566827556,-0.333877075737058,3.2837157,0.42994785,3.25484,0.40107203
solar,13,46272,51456,0.9290991102745596,0.2999650669541795,0.21011686,2.5705972,0.1935463,2.5871677
solar,11,45248,51008,0.9290602379745874,0.0125738477793323,0.00477314,1.5771327,0.5670848,1.014821
solar,133,48000,48576,0.929015596051045,-0.0821821587529237,1.0086713,0.24850988,1.149199,0.3890376
solar,6,47232,52416,0.9289912638925344,0.1495324711014102,0.14551544,0.1705885,0.28970385,0.02640009
solar,71,42368,46400,0.9289625767356784,0.2677654335117013,0.46864128,1.9631681,0.1703639,1.6648908
solar,99,42432,52352,0.928930731593508,0.0853374050907684,1.5333824,0.4125452,1.6211491,0.50031185
solar,105,48704,51584,0.9289136998056364,0.1256907929825855,0.21789837,2.3668947,0.20451355,2.35351
solar,23,49728,51904,0.9288939814424608,-0.0045565594450889,4.0329027,0.04330206,4.1795025,0.18990159
solar,118,42560,51776,0.9288837363014796,0.021332906407257,0.24663496,2.1736712,0.522295,1.8980112
solar,41,43392,44544,0.928859328617536,0.1931546635155102,0.28185797,1.3035254,0.20983076,1.3755527
solar,119,43648,44800,0.9288579463173824,0.1837988158697426,0.33099174,3.0950937,0.6132417,3.3773437
solar,11,42432,49472,0.9288524309739628,-0.1058022967331557,1.3226142,0.18364668,1.440083,0.066177845
solar,38,47744,48896,0.9288349486759868,0.2116972662930284,1.2579341,0.30956793,1.4525871,0.114914894
solar,18,45952,47232,0.9288341046418208,0.1305417295161835,1.5785217,0.11109638,1.483962,0.20565605
solar,100,44864,50048,0.9288335749713748,0.2001293234264348,3.066688,0.15267515,3.3003588,0.08099556
solar,29,42944,51008,0.9288076920480338,0.0311040911249469,0.06939745,0.8517332,0.09859133,0.68374443
solar,3,46400,50432,0.9288055356424044,0.1755975613438383,0.17085886,0.21017313,0.3864565,0.0054244995
solar,63,44672,44800,0.928802788062956,0.1186755952790323,0.2228036,1.521553,0.21036625,1.0883832
solar,110,44672,49280,0.9287005226063556,0.2933785572471719,1.2335191,0.431468,1.6777787,0.012791634
solar,106,44160,52480,0.9286015396971766,0.2907917200538887,0.89684916,0.5496068,1.1010585,0.7538161
solar,19,42112,42688,0.9285374546884614,0.1532599490358444,2.052515,0.033370018,2.1716723,0.15252733
solar,33,44864,47744,0.9285305578876052,0.2444792691822411,0.38517332,2.8709316,0.05780697,2.5435653
solar,61,45824,51008,0.9284987355420622,-0.3341827266929913,0.0015525818,0.68489647,0.35523796,0.3312111
solar,16,42368,44096,0.928470749346194,0.1695785123942901,0.3000908,2.652677,0.23110294,2.1214833
solar,135,46528,48832,0.9284342641171116,-0.2745886035854686,0.21018696,0.1621027,0.059460163,0.011375904
solar,133,52032,52480,0.9283934003561164,0.2571865235745369,0.14173889,3.1105337,0.57098556,3.5397804
solar,48,43072,45952,0.928340699161232,0.0276523639889209,1.2458849,0.031451225,1.4398098,0.16247368
solar,41,46528,51712,0.9283011927977146,0.090999733520969,0.18946075,3.4356651,0.17551279,3.4217172
solar,66,45952,51136,0.9282899355415234,-0.120383386527249,1.7460761,0.0125517845,2.0892458,0.3306179
solar,34,42944,48704,0.928263957190075,0.1839360618223494,0.23607635,1.5673118,0.20966864,1.1215668
solar,121,44800,45952,0.9282205863078308,0.0472856354544351,0.08114147,0.6750717,0.15205097,0.44187927
solar,34,48000,50880,0.928210548178652,-0.0408319768958213,3.1020002,0.17077827,2.8237314,0.10749054
solar,86,49472,50048,0.928206191743913,-0.0959749083169433,1.625978,0.013429642,1.890903,0.27835464
solar,105,44096,46400,0.9281243018393222,0.0496097543120035,3.1082253,0.15470743,2.975275,0.021757126
solar,60,45696,51456,0.9280117255293976,0.2072570750886519,0.34456158,0.63770866,0.16041088,0.45355797
solar,40,44800,45952,0.928007817690202,0.2144312193716425,0.089408875,0.19408417,0.03885746,0.24463558
solar,125,51456,52480,0.9279079070037952,-0.0457133389430895,1.220079,0.42343616,1.1973825,0.40073967
solar,13,46208,49088,0.9278773448676444,0.0418099577510872,0.23121643,2.0864801,0.76071835,1.5569782
solar,28,43520,44096,0.9278157439975598,0.143052523629788,0.1726408,0.6984105,0.35626698,0.51478434
solar,12,43136,44288,0.9277464431898628,0.2902067428380716,1.9440527,0.53923273,2.3098707,0.1734147
solar,3,42048,48960,0.927687963460694,0.0784565640434141,0.70899487,3.4417663,0.3538599,3.0866313
solar,41,44288,48896,0.9276869231241274,0.0311716426109397,0.16722107,2.320136,0.26901627,2.2183409
solar,111,49408,52160,0.9276185092619922,0.2030235890612234,0.6357837,0.70954084,0.86201,0.9357672
solar,93,50624,51776,0.9275345467654964,0.1015862370599999,0.25932932,2.6892095,0.4872656,2.4612732
solar,71,43072,52288,0.9275163613769932,0.1753749307597352,0.15219593,0.7207861,0.35474157,0.21384859
solar,107,45952,47680,0.9274513751045944,-0.1066598761835873,1.7591124,0.7973933,1.30018,0.33846092
solar,69,45824,51712,0.9273599962507064,0.2455448316376003,0.3873229,0.4948516,0.098929405,0.20645809
solar,63,48000,52032,0.927290013105505,0.1050631901019999,1.4585187,0.55436254,1.1804814,0.27632523
solar,38,43072,51136,0.927247509069392,0.2770917743421295,0.5165324,1.8632569,0.09223938,1.4389639
solar,22,49984,51712,0.927182873588985,0.1648106987912993,0.09759903,0.615036,0.027683258,0.48975372
solar,122,48896,51776,0.9271499390116568,0.2674473952326224,0.3799734,0.10999441,0.599926,0.329947
solar,70,49472,50624,0.9271460406042658,0.1170368096007515,0.31405497,0.033275604,0.45161057,0.104279995
solar,28,49024,51328,0.9271063498275204,0.0839641645308826,3.2548542,0.14941263,3.2429123,0.13747072
solar,10,43840,44288,0.927104864201633,0.1294781002255448,1.904788,0.41962433,2.1402993,0.18411303
solar,17,45440,51776,0.9270898408484276,0.0823124449254669,0.1086359,3.3899708,0.27555037,3.2230563
solar,123,47808,52416,0.927023618254628,0.2785958898401681,0.22445726,0.989635,0.28754997,0.9265423
solar,95,42368,44672,0.9270033710366944,0.2190970620991497,0.006427765,1.1278214,0.32002163,0.80137205
solar,115,43200,44928,0.9270013365578424,0.162702546358675,0.20804167,0.81525755,0.06125021,0.5459657
solar,49,42112,42560,0.9269246274277056,0.2201674686953587,0.33913088,0.2916255,0.15971279,0.11220741
solar,30,43584,51200,0.9269213602191514,0.2445547766013798,0.23751926,0.123235226,0.5487752,0.43449116
solar,21,43328,47936,0.9268565584382812,-0.1594881977881452,0.19757795,0.3541665,0.20686007,0.3448844
solar,8,42112,44416,0.926848933542671,-0.1514720643048992,1.8597293,0.04044628,2.068406,0.16823053
solar,102,48000,52032,0.9268283222963688,0.1952859052060201,4.06574,0.6469612,3.8798656,0.46108675
solar,56,42240,45120,0.9268240148519076,0.1996697979547143,0.007732868,0.13631439,0.09714985,0.22573137
solar,75,43776,49536,0.926779104143568,0.1062406024885319,0.08541393,0.47336006,0.18796825,0.37080574
solar,7,46976,48128,0.926763454210335,0.2525127681855794,0.3983698,2.2973213,0.35127258,2.250224
solar,74,46016,52352,0.9267224387039684,0.0964689837049404,0.08138466,0.08828449,0.05126238,0.044362545
solar,32,42368,46976,0.9266807475502228,0.2376717176239089,0.096786976,0.9005809,0.03934717,0.8431411
solar,112,48960,51840,0.9266618812964962,-0.0238854750294413,2.3076067,0.27067804,2.6316295,0.053344727
solar,25,42112,50880,0.9266509516085768,-0.1406355102788592,1.2868571,0.40435266,1.2725296,0.39002514
solar,51,51136,52288,0.9266464001004144,-0.6888091571179839,1.1677246,0.0018143654,1.0673804,0.10215855
solar,OT,42560,46592,0.9265238171720692,0.0747673232362423,0.053926945,1.0371265,0.21701622,0.87403727
solar,21,49408,49984,0.9264719671419256,0.1116323456634535,0.37182522,0.46554184,0.5569105,0.65062714
solar,4,51712,52288,0.9264586258493784,0.1349081265659985,0.18884802,1.0197802,0.046634197,0.78429794
solar,111,44800,52288,0.9264527401045128,-0.2256808262930659,0.113452435,0.71889067,0.051672935,0.65711117
solar,103,48128,49280,0.9263343534965324,0.1257180490074623,4.297591,0.20844221,4.31941,0.23026085
solar,43,43264,49728,0.9263100627027596,0.1731948291946511,0.03707695,1.5254192,0.13046527,1.6929615
solar,9,45696,46848,0.9261087618310744,0.0432117914465466,0.32244062,0.18920279,0.54252005,0.030876637
solar,104,43072,50560,0.9260751391998944,-0.0402401172143777,1.5509896,0.4611082,1.4443269,0.35444546
solar,127,42112,48000,0.9260360869753916,0.1760348726406054,0.13437653,0.902925,0.0069289207,0.76161957
solar,97,42112,51904,0.9257757699484253,0.063967509672487,2.1135764,0.04289055,2.228773,0.072306156
solar,77,44544,47424,0.9257556582719088,0.2330370561218146,0.11796093,0.075769424,0.2690606,0.07533026
solar,117,48576,50880,0.9256459743368424,0.069398865863759,0.46525717,0.47732115,0.3071165,0.3191805
solar,22,42112,49600,0.9256273675528288,0.0150043237843585,0.523067,0.83161354,0.42045498,0.7290015
solar,59,46656,52416,0.925599028747596,0.2538924611610643,0.11178303,0.33088303,0.021816254,0.19728374
solar,81,42944,46976,0.9255871841452048,-0.0277208242614319,0.29555082,0.38839388,0.047030926,0.13987398
solar,128,42368,44096,0.9255236283535336,0.1373391485481424,0.5217042,0.91720295,0.012247562,0.3832512
solar,128,44672,52160,0.9255221913068014,-0.1405231538962389,2.7632036,0.22840309,2.5259862,0.008814335
solar,106,47872,49728,0.9254935896635348,0.1853153091042919,2.5523877,0.68334246,2.4798594,0.6108141
solar,105,48576,49728,0.9254100411185934,0.1178552044296567,0.63544893,1.4031982,0.3743539,1.1421032
solar,116,42368,52160,0.925288223764844,-0.0926361444474983,0.13328123,0.42238808,0.036739826,0.59240913
solar,111,48576,51456,0.9251811804461052,0.0674094118707733,1.2238972,1.0203407,0.6710272,0.46747065
solar,44,42048,46656,0.9251672347124804,0.2383832831141136,0.6720743,0.40280533,0.835135,0.565866
solar,116,50624,51776,0.925144721440372,0.1240341667840626,0.11586714,1.0824189,0.30231857,0.8959675
solar,78,43520,49856,0.9251319799039228,0.2269959434278654,0.005574703,0.18081951,0.02203226,0.15321255
solar,100,45952,51712,0.9251133792967984,0.2724162456393089,0.5846777,0.24971962,0.5095782,0.3248191
solar,44,48576,50880,0.9250458295831926,0.0067749979527719,0.7934933,0.7655463,0.6925144,0.6645675
solar,36,44672,45952,0.9250278764328552,0.0749088913857581,0.30935335,2.7756047,0.17501497,2.2912364
solar,81,45952,48128,0.9249991997476844,-0.1459051109791059,0.5221634,0.28465748,0.39358234,0.15607643
solar,120,44096,46400,0.924954577586686,0.1817428880863408,2.3094249,0.33450317,2.6500368,0.006108761
solar,77,42432,52352,0.9248738574250832,-0.204497881675681,0.45063686,0.77958107,0.3557396,0.6846838
solar,23,43392,50880,0.9248375635380772,-0.076331077548487,1.8220625,0.6892657,1.6330323,0.50023556
solar,76,45248,45824,0.9247479730759626,0.0284415126951933,0.33073425,1.1013794,0.052456856,0.823102
solar,86,45952,52288,0.9247228842264724,0.1731883232974984,1.329813,0.17154646,1.2734857,0.2278738
solar,81,45696,48448,0.9247131046710296,0.1341759545056221,0.07547331,2.0613613,0.1756854,1.9611492
solar,60,43072,43648,0.9246927402489564,-0.1802033905257682,1.0642695,0.9292164,0.44823217,0.31317902
solar,128,46848,50880,0.9246675982753704,0.1557453800240486,0.15112925,0.29230404,0.114845276,0.026329517
solar,85,45504,47808,0.9246635959908798,0.1484407543192248,0.66704035,3.6590834,0.54066753,3.5327106
solar,98,47168,49728,0.9246283941335822,-0.1041342778601196,0.02122879,1.402967,0.02108717,1.4028254
solar,119,42112,51904,0.9246272273006771,0.2573381438764898,2.2861524,0.12396431,2.3076234,0.14543533
solar,116,44544,48576,0.9245922857879956,0.2563187367312436,1.4203062,0.18144703,1.3377695,0.09891033
solar,77,43776,45632,0.924560323681173,-0.0992326300970932,0.32704735,0.38395262,0.11639786,0.17330313
solar,72,47872,51328,0.9245456281482936,0.1959550145723335,3.1241975,0.0017204285,3.2539797,0.13150263
solar,67,48576,52032,0.9245225589940432,0.0354124881873514,1.3595109,0.39167118,0.92643785,0.041401863
solar,47,44992,47872,0.9244889040168696,0.0946286734321677,0.34075403,2.6589684,0.34658146,2.6647959
solar,63,47808,52416,0.9244504640304316,0.1544808356186457,0.05487442,0.3610716,0.12511635,0.4313135
solar,71,43200,51840,0.9244504243139186,0.0547954237206871,0.19297552,0.3867507,0.39437628,0.58815145
solar,123,45440,46592,0.9244399658208424,0.1898608186265265,0.096161366,0.43276787,0.26539564,0.2635336
solar,20,44224,48832,0.9244303826610568,0.0133020186162428,0.03682804,0.3028946,0.10996199,0.22976065
solar,107,43072,49856,0.9242407196634168,0.2273583489969136,0.47430277,1.9366055,0.041006565,1.5033092
solar,17,42112,50176,0.9242370108151388,-0.3031410272911735,1.4878225,0.0803771,1.5437913,0.13634586
solar,38,42560,51776,0.9242034777428244,0.0707150160571756,0.099769115,3.3850365,0.23818064,3.246625
solar,134,44992,52480,0.924142017600558,0.2077954086127856,0.36988306,3.8254485,0.26355314,3.7191186
solar,23,44544,45696,0.9240170043021,0.1562493621931093,0.34014273,0.22332287,0.336267,0.2271986
solar,17,46272,50304,0.923994448793108,0.0132267821788269,0.21453905,0.83717203,0.25336742,1.3050785
solar,88,42176,51392,0.9239907310820944,0.25456231403053,0.31141663,2.4429731,0.56643057,2.1879592
solar,41,44224,48832,0.9239766957980468,0.2393681552392319,0.032374382,0.13652182,0.054180622,0.22307682
solar,2,42816,43968,0.923949864959868,0.2298004653026303,1.168644,0.090063095,0.84918356,0.4095235
solar,73,49728,52032,0.9239293167262868,0.0861073168498752,0.1761198,0.3865323,0.29835272,0.5087652
solar,94,43072,48832,0.9239192008815492,0.2344655523604485,3.4735794,0.3877635,3.2173748,0.1315589
solar,40,47680,49984,0.9238736188311744,-0.1711421956287632,0.327775,2.1225176,0.485909,2.2806516
solar,11,47872,48000,0.9238364242073718,0.2753686450816557,2.5804982,0.043213367,3.2374454,0.61373377
solar,15,48576,52032,0.9237388337792888,0.0154442942653836,0.01821804,0.51338625,0.008582592,0.5037508
solar,34,44992,52480,0.923722555600802,0.0193630590063103,0.30093002,3.211102,0.32813263,3.2383046
solar,2,45376,48832,0.9236302979077766,0.241045870779394,3.4578404,0.42266607,3.2116847,0.17651033
solar,75,49472,50048,0.9235964185890568,0.0431238012091996,1.9485736,0.34444904,2.1319451,0.1610775
solar,74,44544,49152,0.923508932107542,0.2138780098931995,0.10716438,0.21253824,0.07826042,0.18363428
solar,18,43520,49280,0.9234149148448288,0.2624553054228326,0.40722227,1.082983,0.1287427,0.80450344
solar,27,46528,52288,0.9233533624596456,0.2755074642679943,0.42942905,1.1164007,0.7753267,1.4622984
solar,33,42368,49856,0.923308720797609,0.0380047089545671,0.054537773,3.1128607,0.2968459,2.761477
solar,119,46016,47168,0.9232857556631016,0.0366957730682904,3.0345526,0.38872623,3.27529,0.1479888
solar,131,45376,49984,0.9232761654099546,0.1172269398155947,0.58795214,2.7572618,0.22936058,2.3986702
solar,20,47424,50880,0.923170776579889,0.1839304196487171,0.29881573,0.35106373,0.12846708,0.18071508
solar,49,46848,50880,0.9231049925406632,0.2871821526239497,0.084136486,1.8145442,0.11651802,1.7821627
solar,107,42112,51904,0.9230973440036924,0.1790051061432417,3.6869693,0.028755665,3.7818098,0.12359619
solar,2,43648,47104,0.9230581781485596,0.0619647023336678,0.42644453,0.2936902,0.26726103,0.1345067
solar,28,47232,48960,0.922972964960952,0.0529506489396951,0.09653711,1.5165806,0.19217348,1.4209442
solar,15,42368,46400,0.9229556339903672,0.0944272339487006,0.18072176,0.1801796,0.3311658,0.029735565
solar,69,47680,48832,0.922941641897677,0.1119306714604885,0.5039096,0.13397884,0.24954891,0.12038183
solar,99,43648,45376,0.9228020586199086,0.0710033879424529,0.29787302,2.990365,0.62935925,3.3218513
solar,103,48896,49024,0.9227959430152622,0.0386842032047115,1.0100083,0.21177149,1.223517,0.0017371178
solar,114,52224,52352,0.9226548388150094,0.1074663205982863,0.013599873,0.56014156,0.15113974,0.6976814
solar,115,42944,43968,0.9226145904903096,-0.0606759045070727,0.21639872,2.472958,0.22932148,2.027238
solar,4,48512,50816,0.9225960108113536,-0.1402937283261053,0.24937534,1.1934667,0.113575935,0.8305154
solar,61,42496,45952,0.922528571470324,-0.3411723142699235,0.3999424,3.4372015,0.50661993,3.543879
solar,101,42048,47808,0.9225277803006016,-0.0570659641439987,0.39633203,4.8193064,0.102030516,4.5250053
solar,1,42368,52160,0.9224927680015604,0.0502030711441412,0.2626524,0.12631845,0.6603613,0.27139044
solar,68,48576,50304,0.9224782505081262,0.1950614827474719,0.48926497,0.11500168,0.34059668,0.03366661
solar,0,46016,51776,0.9223233987344698,0.0302338577811801,0.38443804,0.18719053,0.09960556,0.097641945
solar,78,45248,45824,0.9223080499081504,0.2497169222900764,0.29057837,1.9720349,0.2320571,1.4493995
solar,0,47680,48256,0.9222731745776158,-0.0332860383196126,0.4045906,0.91378784,0.25885868,0.7680559
solar,25,44992,48000,0.9222629171250214,-0.0412992119133876,0.83424425,1.3754416,0.5264282,1.0676255
solar,118,43392,50880,0.922247580776962,0.0482638583562315,0.1930561,0.952013,0.015164375,1.1602335
solar,110,43008,52352,0.921871971612834,0.1527201495353657,1.3871737,0.4476781,1.1985874,0.25909185
solar,87,48000,50304,0.9218022245485374,0.0764798830614003,3.0095086,0.05290556,2.7876186,0.27479553
solar,75,42944,44096,0.9217903669132912,0.1464354039573578,0.47156858,1.3093538,0.1366291,0.97441435
solar,109,45440,51776,0.9217792237043664,-0.0147028755627713,0.005505085,3.179947,0.17749596,3.007956
solar,37,49856,50432,0.9217786058618624,0.0124515797484171,2.2014847,0.32300758,2.5746446,0.0501523
solar,72,45952,49408,0.92168961910892,-0.3277541128667381,3.0438938,0.4692397,2.8649163,0.29026222
solar,23,47680,51136,0.9216771794979666,-0.0570410027322226,0.47059584,2.9424162,0.66534376,3.137164
solar,45,43200,43904,0.9216402977500224,0.1904951952212533,0.8360753,0.2733097,0.6934109,0.13064528
solar,131,51136,52288,0.9216342658750928,-0.0654960717064694,1.9641747,0.028595924,2.0487614,0.113182545
solar,29,43264,49024,0.921629470430434,-0.0737188398300329,0.14812708,0.9540615,0.31319928,1.1191337
solar,100,50176,52480,0.921627220653394,0.1622583146099602,0.046368122,2.8895721,0.11379671,2.8221436
solar,94,43648,46528,0.9215752325724614,-0.1072153003894667,0.269341,1.3809109,0.33363867,1.4452085
solar,28,43136,45440,0.9215676119020292,0.0664526642118775,2.1101675,0.07657814,2.1426148,0.10902548
solar,106,44288,46016,0.9215286111755582,0.1155840740106115,0.08479738,3.1638937,0.2522707,2.9964204
solar,62,45568,50752,0.921497306409942,0.2160064458743495,0.26742363,1.9991798,0.07758331,1.8093395
solar,36,43968,50880,0.9214792707812628,-0.0261543649699984,0.23964405,0.10458374,0.49731207,0.15308428
solar,54,42048,48384,0.921453561020762,0.1680954905641398,0.564517,1.0076485,0.027553558,0.470685
solar,64,42368,44224,0.9213406129770187,0.1045203387541749,0.38237524,2.742392,0.3112445,2.6712613
solar,121,42752,43200,0.9213058904173478,-0.0917093543705136,0.8262706,1.9910355,0.9523401,2.117105
solar,86,42816,52032,0.9212403975428244,0.1265049560579403,2.5174205,0.2745111,2.2255197,0.017389774
solar,42,51584,52160,0.9212107556364918,0.0258682882882593,1.8563185,0.054038525,2.159606,0.24924898
solar,52,47424,52032,0.921176683463767,0.1051100227247531,1.4256415,0.39579725,0.87990236,0.14994192
solar,79,44224,45952,0.9211067075560064,-0.114761095010349,0.058489323,1.3795061,0.37542439,0.9455924
solar,65,47744,52352,0.9209748789955724,0.2127857270401637,0.102778435,0.8228564,0.02080822,0.7408862
solar,68,46272,50880,0.920854458807828,0.0981353121999902,0.4179864,1.013484,0.1416831,0.7371807
solar,14,48000,48576,0.9208004775465568,0.2071269798177214,2.8759274,0.4715786,2.846929,0.500577
solar,84,49408,49984,0.9207655520614204,-0.1258761244589242,0.3659773,2.3600278,0.48289585,2.4769464
solar,41,45248,51008,0.9207195190051544,0.1150739467037782,0.5582328,3.039577,0.15860462,2.6399488
solar,6,46848,52032,0.9207090273137996,0.1636755564738383,0.5415349,0.0750289,0.63804436,0.02148056
solar,111,48384,51712,0.9206523444573692,0.1073604493291401,0.061867714,1.3125439,0.009293079,1.3651185
solar,84,43392,44544,0.9206149207607808,0.0010012522338798,0.38243818,1.1062145,0.0048794746,1.4935322
solar,31,45824,49856,0.9205954647231196,-0.0139091687140553,0.20075464,0.191329,0.34271288,0.049370766
solar,93,42560,43136,0.92058702107723,-0.0625870367133178,0.10558033,3.0638323,0.26191854,2.907494
solar,135,43968,51712,0.9205495853353046,0.1042370630834602,0.19729996,0.46799278,0.028374672,0.2990675
solar,105,45824,51008,0.9204370019100327,0.2082323799605958,0.3450389,0.40911865,0.6471119,0.10704565
solar,57,43776,51264,0.9203461819170358,0.0670183804680505,0.22412777,0.5682764,0.15316486,0.4973135
solar,98,44544,50176,0.9201932282450778,0.1275060930842526,0.32287788,0.28111172,0.28426743,0.24250126
solar,123,49728,50176,0.9200019023747192,-0.0142973245523607,0.28635216,0.34048653,0.32886934,0.3830037
solar,37,43968,46272,0.9199889510738534,0.1385352931166638,1.9651523,0.39350128,1.5199556,0.051695347
solar,127,44160,51200,0.9199498603634289,-0.4876635313073003,0.47218323,1.0894241,0.65726185,0.9043455
solar,133,42624,48960,0.9198984351365131,-0.0572303643995164,0.9014149,1.8560591,0.5127797,1.4674239
solar,61,43328,47936,0.9196820363286732,0.2580917146746249,0.17469978,2.5762467,0.95628214,1.7946644
solar,116,43200,51840,0.9196816484260196,0.2436062336369401,0.26712418,0.11201382,0.17710972,0.02199936
solar,47,43200,46784,0.919640863255498,0.2853181148479646,0.3557377,3.3281221,0.106760025,2.8656244
solar,0,45632,47808,0.9195722033453584,0.273853253594032,0.5958586,2.981296,0.70932484,3.0947623
solar,16,46848,51456,0.9195642465976304,0.1325534037099488,0.040280342,3.0062633,0.07097626,3.1175199
solar,85,42944,43520,0.9195612192981404,-0.0151224718540651,1.6663861,0.22177172,1.8635912,0.02456665
solar,109,45248,50432,0.9195495933472444,0.0696166477627691,0.2954216,0.09440565,0.39552927,0.0057020187
solar,50,44352,47808,0.9195420412449296,0.1883490650921988,0.1497364,2.3982563,0.10278797,2.4452047
solar,40,42368,49856,0.9194063936851304,0.185372672626004,0.27596712,2.3776746,0.49418592,2.5958934
solar,106,46656,52416,0.9193711107115902,0.1153941547096002,0.13802814,0.19986248,0.10185051,0.16368484
solar,24,46848,50880,0.919339309587557,0.0949187087441809,0.014177799,0.036909103,0.16253233,0.11144543
solar,82,46848,50304,0.9193096215262188,0.2294616639249617,0.27337933,1.676929,0.31514645,1.0884032
solar,65,42048,42624,0.9193004414338714,0.2068280750591505,0.2350831,1.2995143,0.42828703,1.1063104
solar,81,43328,43776,0.9193003636561716,0.0429636422504259,0.26051092,2.1124845,0.68490744,1.6880879
solar,48,43392,52032,0.9191999018450489,0.2327326317402002,0.13885927,0.58868074,0.16904736,0.28077412
solar,93,50304,50880,0.9191264658342758,0.115285675016575,0.045387268,0.0061016083,0.18013048,0.14084482
solar,89,50880,51456,0.9191246695380888,0.2022528888459187,1.7582307,0.22343516,1.1913848,0.34341073
solar,35,45120,48576,0.9190847709583682,0.2894178956661575,2.0312738,0.18949413,2.0295777,0.19119024
solar,111,42816,48000,0.9190483770993744,0.1081995948360704,0.3264389,2.26794,0.37822962,2.3197308
solar,70,42816,50752,0.9189153528140296,0.0016123922517865,0.5363722,0.40801334,0.65601206,0.5276532
solar,25,43648,44800,0.9189143099240688,0.0663915628988919,0.50262547,0.2852807,0.8183446,0.030438423
solar,7,47424,48000,0.9188853748775576,0.189650633988018,0.51212645,2.7437959,0.55884504,2.6970773
solar,119,43200,51264,0.918879883492726,0.0483107903632676,0.07273579,0.14561033,0.30392504,0.37679958
solar,18,43392,50304,0.9188167179462974,0.2344245016506347,0.19037533,1.1706576,0.36194277,0.9990902
solar,17,44800,51712,0.9187953594625176,0.07035577723477,0.021468163,0.020080566,0.100584984,0.14213371
solar,57,48128,49280,0.9187305694238864,0.240978046457756,2.528936,0.067388535,2.8689032,0.4073558
solar,80,42112,50880,0.9187304629416516,0.0681822383604245,0.46067333,0.50940514,0.49636173,0.54509354
solar,20,42240,43392,0.91871031722343,0.0019735262625172,0.029537678,3.6203132,0.5601678,4.1509433
solar,16,44288,47872,0.9186944546235554,0.0501482160702738,0.14274454,0.6466069,0.20500517,0.5843463
solar,120,47872,51776,0.9186488545725624,-0.0373292372348873,0.0882864,0.013278484,0.00898838,0.066019535
solar,76,44864,47872,0.9185772635245384,-0.0509292048093225,1.1057067,0.013775349,1.4185762,0.3266449
solar,62,48128,48704,0.9185610143201396,0.2764254654354822,0.047107697,0.20814705,0.13814163,0.29918098
solar,33,42816,50304,0.9184394888701836,0.2447037185695973,0.5424733,0.08011389,0.61223173,0.010355473
solar,50,45824,51008,0.918406033710083,0.1622795800253113,0.018792152,0.024569511,0.004609108,0.04797077
solar,121,46400,47552,0.91838664905413,0.1542952520426713,0.68515825,1.4822574,0.491354,1.2884531
solar,15,42048,50688,0.9183549074418004,-0.1380271999092181,0.65487814,0.033998013,0.66131544,0.040435314
solar,13,43264,49024,0.918353334710064,0.1797106188123763,0.04795599,1.0123458,0.15397406,1.1183639
solar,131,42944,50432,0.9182179759339268,-0.0575230552461565,0.051787853,0.3562312,0.30409908,0.10391998
solar,28,48704,52160,0.9182041463130994,0.2024373412226088,2.3152812,0.4150865,1.9051914,0.0049967766
solar,34,44672,45952,0.918176901417136,-0.2364866803346272,0.005879879,1.2424636,0.56748056,0.6808629
solar,48,51904,52480,0.9181484245560868,-0.0897628099616605,0.15330052,4.2416058,0.03239584,4.120701
solar,133,50112,52416,0.9181027009302498,0.1305326486077738,0.7521677,2.8598266,0.22029686,2.3279557
solar,86,42112,47296,0.9180515548146858,0.0817611002018311,1.3807054,0.1061306,1.558084,0.071248055
solar,34,47168,49472,0.9180026961561448,0.1513049422618139,0.06758833,1.1953988,0.26502132,0.9979658
solar,9,48960,50112,0.9179035989045652,0.1871547083885494,1.4979076,0.18589544,1.8488026,0.16499949
solar,132,43072,46656,0.9178506532174516,0.2086771162259684,0.53397846,4.0158963,0.14641476,3.6283326
solar,28,42816,48576,0.9178405031245432,0.0540237264704739,0.045048237,0.9362955,0.11610174,0.865242
solar,114,49856,51584,0.9178281510433158,-0.1344793976725729,1.4842458,0.22633696,1.8533854,0.14280272
solar,129,49920,51072,0.9178041904565994,-0.1842001591651595,0.31218576,1.3996196,0.44054556,1.5279794
solar,22,47552,52160,0.9177847183693564,-0.1058113067831528,0.29552412,0.5588541,0.032060146,0.29539013
solar,26,45952,51584,0.9176699191017564,0.253965430369017,3.204681,0.12977028,3.5196757,0.4447651
solar,95,46272,49728,0.917648664309344,0.0343348072506871,0.16449547,1.5870576,0.05450201,1.8060551
solar,99,47424,52032,0.9176321522791387,0.2671033871344839,1.4862499,0.87537813,1.0538006,0.4429288
solar,14,45376,45952,0.9176142042283362,-0.0087763078677469,0.26220798,0.8658581,0.14756489,0.751215
solar,91,42944,49280,0.917566792482174,0.0705499927483928,0.3769331,0.22958326,0.38038063,0.22613573
solar,133,46848,50880,0.9175236528848248,0.2700317990056897,0.58076,0.65715504,0.3553214,0.43171644
solar,50,44800,45952,0.9175210187271804,-0.1658599002170159,2.1675367,0.14349508,2.5549407,0.53089905
solar,79,50880,51584,0.9175099610975762,-0.1085497617219183,0.69932556,0.35321617,0.9151726,0.13736916
solar,48,42368,50432,0.917382368434036,0.1766100540680429,0.20649815,0.75343275,0.01812315,0.52881145
solar,47,43968,45248,0.9172791839636472,-0.0389011633735285,1.3901839,0.500545,1.320548,0.43090916
solar,69,42624,43072,0.9172063753183012,-0.222274165274188,0.5497298,0.004076004,1.0398026,0.49414873
solar,63,49280,52160,0.9171901215395032,0.2979592109167315,0.29913378,0.22096872,0.34704638,0.26888132
solar,134,45696,49728,0.9171030204624953,0.0580882449208257,0.18364954,0.71023035,0.2572279,0.636652
solar,40,43904,51392,0.9170691105774706,0.0372710644138753,0.36704302,0.5542636,0.8478775,0.07342911
solar,59,42816,46272,0.9170310844115396,0.2119188911390837,2.6207225,0.2016995,2.1959133,0.22310972
solar,75,45440,46016,0.9170199083098898,0.1182761077182009,0.116677284,3.3908253,0.38550854,3.121994
solar,132,48128,49280,0.917007277660588,0.1881653749482324,2.300208,0.036105156,2.6582437,0.39414072
solar,121,43136,52480,0.916925336341279,0.1484933508449917,1.1755977,0.30348969,1.1254511,0.2533431
solar,129,42112,49728,0.916914941873478,-0.1270974888379673,0.20929289,0.8220782,0.024872303,0.63765764
solar,79,44864,52352,0.9168711657993992,0.1203950873627275,0.0858345,2.978222,0.17889214,2.8851643
solar,110,44544,49024,0.9168265155267318,0.1766912159156449,0.31457853,0.83960724,0.24308729,0.768116
solar,132,43264,43840,0.9168240476409988,-0.004994319740224,0.22824717,4.225276,0.19629812,4.193327
solar,82,50624,52480,0.9167505912662872,0.2204842169503737,0.22763348,1.8539801,0.21137524,1.8702383
solar,58,45440,51776,0.916652123639835,0.2134498412949095,0.028936386,3.6041002,0.2541709,3.3788657
solar,127,43136,48896,0.916623704092524,0.1681868060564957,1.0382609,0.35645056,1.2098875,0.18482399
solar,33,45952,51584,0.9166047997034078,0.2296093114104234,2.0239058,0.35898352,2.200903,0.5359807
solar,26,42944,52160,0.916538375485761,-0.0972351986248719,2.9173813,0.38327408,2.8620448,0.3279376
solar,36,43520,45248,0.9165192071790872,-0.0894052988661825,0.20256186,1.4607453,0.044733524,1.302917
solar,109,46656,47808,0.9164730013375106,0.2026130484593452,0.15239143,1.1616116,0.47965002,0.83435297
solar,82,48128,51584,0.9163952491144942,0.025815825061055,0.059431076,0.23967218,0.15251303,0.4516163
solar,124,47680,52288,0.9162617954051382,-0.1546651943220796,0.23088169,0.045610905,0.0735693,0.2029233
solar,66,42048,46656,0.9161858078596866,0.2532651605849176,0.67688227,4.1840606,0.55655813,4.0637364
solar,12,45248,51584,0.9161804873472166,0.1204125431123871,0.2889595,2.7470188,0.18411541,2.273944
solar,126,43072,44800,0.916064364448956,-0.0934146748492939,0.7200856,0.93399334,0.3931408,0.6070485
solar,86,44288,51776,0.915913520283056,-0.0631705717894829,0.16982985,2.1780195,0.43395424,1.9138951
solar,130,45952,51840,0.9159129625663072,0.2114853530482725,1.0475965,0.21437883,1.2514257,0.010549545
solar,111,42944,48128,0.9158766849204812,0.1574653021960655,0.6438117,0.14890051,0.40710115,0.08781004
solar,132,43392,44544,0.91582355764455,0.0502897708567034,0.30312014,1.0097504,0.035611868,1.3484824
solar,127,46528,52288,0.9156858212391178,0.252260046572232,0.067569256,2.958776,0.3331418,3.2243485
solar,91,46592,47872,0.915580216229519,-0.2354641506726612,0.21936846,0.051937103,0.30632734,0.13889599
solar,61,48128,51584,0.9155619063878448,0.0080249193959076,1.4635186,0.28404903,1.7872515,0.6077819
solar,63,42112,43264,0.9155387512642168,0.1579275281941782,3.0646954,0.010601759,3.112989,0.05889535
solar,9,43072,48256,0.9154847783219552,0.0581941413386015,0.85111046,0.8419938,0.46600676,0.4568901
solar,45,48320,51200,0.9154020736686028,-0.0752894366334478,0.22098923,3.0509467,0.36797333,3.1979308
solar,44,47872,51328,0.9153496512881942,0.1846176013438827,2.7225757,0.14234447,2.833167,0.2529359
solar,3,42112,42816,0.9153416353777633,0.1120611216109983,2.2724552,0.32089663,2.2797794,0.3135724
solar,32,47872,49600,0.9152614440364352,-0.0335413381405818,1.2208853,0.17976236,1.4694929,0.06884527
solar,0,49728,50304,0.9152543961205264,0.2040664495820539,1.2700968,0.72233725,1.274754,0.7269945
solar,88,47232,50112,0.9152537128708051,0.2781739393767391,1.4003348,0.2800722,1.9534163,0.8331537
solar,13,42112,49728,0.9151946767900276,0.0135465647357051,1.6516395,0.18455029,1.7887073,0.32161808
solar,63,43072,51136,0.9150647058341336,0.2467572010612952,0.038961887,0.57674646,0.19047165,0.4252367
solar,135,47040,47616,0.9150546935537978,0.2803108048225613,0.29166985,0.46015024,0.10985613,0.64196396
solar,125,42944,45248,0.9147955285232244,-0.0818401414072707,0.2253089,1.362061,0.66504574,1.8017979
solar,111,48320,51776,0.9147701060757912,0.0432188330088055,0.20948362,2.304986,0.5506058,1.9638638
solar,21,46272,49728,0.9147336995615684,0.1918168220644348,0.43495083,0.7761774,0.09141588,1.1197124
solar,55,50560,50688,0.9146224383491506,0.1472064647839041,0.24768925,1.3895974,0.33382607,1.4757342
solar,52,45056,48960,0.9146157712673664,0.2416709846787569,0.2640481,1.0089102,0.597836,0.67512226
solar,86,48000,49152,0.9145885058868484,0.2604593182230221,0.128582,0.3550315,0.24231243,0.7259259
solar,76,46720,52480,0.9145687498401244,0.0198387645286004,0.15161371,2.722269,0.005516529,2.5651388
solar,121,46080,47808,0.914471951327914,0.1905026142707772,0.30678558,0.15974808,0.3775215,0.23048401
solar,61,42816,51456,0.9144595649412036,0.004019414002746,0.27476358,1.6972728,0.2066598,1.629169
solar,63,42944,46976,0.9143779179372016,0.2040766490197062,2.7863579,0.4580021,2.5470147,0.21865892
solar,133,51200,52352,0.914369985005138,-0.3569413383559748,0.29135513,0.5941391,0.055844784,0.24693918
solar,76,51456,51904,0.9142963436980566,0.1081827961762333,0.6918125,0.26743507,0.8816376,0.45726013
solar,110,45376,49408,0.9142895422678284,-0.0902660768458381,2.582962,0.42477846,2.4908628,0.33267927
solar,46,42048,51264,0.914287757696964,-0.1281264944141233,0.16943812,1.4403019,0.21014333,1.0607204
solar,14,44288,47744,0.9141637351081596,-0.1078107867344991,0.15347528,2.286458,0.42188692,2.0180464
solar,130,49472,50624,0.9140996901406312,0.2285373300446898,2.084375,0.35054398,2.2420182,0.19290066
solar,10,44544,46848,0.9139831754499264,0.1513353884858777,0.703321,0.10664511,0.5680418,0.24192429
solar,122,44352,47232,0.9139700570992292,0.1687552667809994,0.079761505,0.49134302,0.22299242,0.3481121
solar,83,48128,49856,0.913963407923084,0.2238917442230807,1.4670715,0.34654522,1.7339287,0.61340237
solar,9,44864,49728,0.9139397143952854,0.1496686260290044,1.4837251,0.31676435,1.8522391,0.6852784
solar,82,50880,52032,0.9139058095676053,0.0972032721053661,0.61611605,1.8184981,0.07533741,1.2777195
solar,65,42816,48000,0.9137737387966558,0.0876380063148348,0.35751247,0.69008064,0.3889017,0.7214699
solar,7,51136,52288,0.9137145915307492,0.0207394283911812,0.10713482,0.10873127,0.19462204,0.19621849
solar,83,47680,51136,0.9136601478682176,-0.1497091989002373,0.3252678,2.897779,0.5007081,3.0732193
solar,48,49152,50880,0.9136464270355352,0.1752929334792007,0.058022022,0.15662718,0.05183935,0.26648855
solar,24,46400,47552,0.9136273766559266,-0.1485764068672598,0.45940113,0.23889112,0.4740076,0.2534976
solar,121,47040,51200,0.9136260598862516,-0.4945570810432347,0.6719742,1.285532,0.6154938,1.3420124
solar,36,47168,51776,0.9134434322443068,-0.1733970984500006,0.18078518,2.6073117,0.33893728,2.4491596
solar,98,44288,51776,0.913402720029566,-0.2485283296828021,0.17024136,3.1310701,0.44875765,2.8525538
solar,82,43264,51456,0.9133601972399288,0.2982869608967762,0.98259974,3.285367,0.5166421,2.8194094
solar,96,45824,51008,0.9133550884201368,0.1526211833720423,0.028282642,0.10109568,0.095510006,0.16832304
solar,28,47680,51712,0.9132901823474056,-0.0642417758650212,0.1265235,2.5175896,0.10178614,2.4928522
solar,41,50688,51840,0.9132689071245068,0.0949792083737301,2.3453865,0.12720919,2.754446,0.5362687
solar,35,42368,43072,0.9132433190146776,-0.2323623532581178,0.5824909,2.23883,0.1558199,1.8121591
solar,51,43392,44544,0.9131842976928788,0.1413480306353426,0.14684057,1.0452695,0.15259385,1.3447039
solar,47,43072,44800,0.9131787397183352,0.03599383582156,0.4685259,3.6975336,0.06471491,3.2937226
solar,59,49728,51904,0.9130806738201288,0.0898928677150511,1.5095248,0.052509308,1.6591692,0.20215368
solar,7,46016,48320,0.91307587935527,0.2830332660513122,2.346352,0.021024227,2.6112514,0.28592348
solar,110,45952,47104,0.9130643530419964,0.0714980140370305,3.367249,0.51524734,3.0386052,0.18660355
solar,66,44672,47552,0.9130284497965364,0.1535850287407306,2.8578968,0.09889412,2.8306942,0.07169151
solar,120,42816,52032,0.9129954128829116,-0.0358743494845444,0.97021675,0.32319593,0.64088964,0.006131172
solar,108,42816,49152,0.9129811886313832,0.2050400140025434,1.5876045,0.10700083,1.5196176,0.039013863
solar,125,43968,50880,0.9129651994222224,-0.1599045707043664,2.92661,0.3076372,2.6836977,0.5505495
solar,52,46528,52288,0.9129523621673457,0.193052650657601,0.12212324,3.1220388,0.32376242,3.323678
solar,44,42688,49024,0.9128860291253384,0.1903489639160733,0.47239256,1.4392581,0.22582912,1.1926947
solar,14,43200,49088,0.9128636411570228,0.2672781264382248,1.2621393,0.026356697,1.3570385,0.06854248
solar,64,42944,50432,0.9128622906489656,0.2101185034271473,0.35073805,0.05950308,0.41159678,0.001355648
solar,60,43584,47872,0.9127965778006364,-0.042927661226821,1.1754146,0.33597803,1.5223932,0.6829567
solar,41,43520,48704,0.9127160406097458,0.0923037747232509,0.079041004,0.03139639,0.07866955,0.031767845
solar,129,48384,49408,0.9126872397322092,0.0515952039820881,0.296906,0.008088112,0.32389498,0.018900871
solar,128,42432,46016,0.912679560745229,0.0011694530114025,0.43881702,1.7954426,0.35042143,1.707047
solar,63,47296,52480,0.9126360509102946,0.206558595371129,0.16508722,3.3036666,0.25364637,3.2151074
solar,71,46016,50624,0.9125983452435114,0.1547639230410672,2.9527702,0.42430925,3.1621337,0.2149458
solar,OT,47168,51200,0.9124100045662642,0.0922166871812857,0.14010906,2.811427,0.36021376,2.5913224
solar,95,51008,51584,0.9123928937956114,-0.0447226027196624,0.3202958,1.6252041,0.13748741,1.4423957
solar,6,48128,51008,0.9122556656299374,0.0395005828342748,0.11082411,0.29763222,0.00088977814,0.40756655
solar,131,49728,51456,0.9122212745893794,0.0650500803046133,1.9345505,0.22487402,1.3830805,0.32659602
solar,18,43968,50880,0.912196202850755,0.0399958859502318,0.07841015,0.15112686,0.11617613,0.34571314
solar,50,48256,49856,0.9121952251067712,0.2023650009587602,0.44701052,0.33794546,0.6834135,0.57434845
solar,127,43392,50880,0.9121485102012004,0.0526567116848475,2.935368,0.4831524,2.7327757,0.68574476
solar,118,43072,45376,0.91213674746412,-0.0454123803328958,0.6347246,3.5191736,0.13655329,3.0210023
solar,37,42944,46976,0.9120959532657452,0.1947308887892976,1.4891567,0.07791853,1.8731341,0.30605888
solar,86,47424,51456,0.9120918543566064,0.2239109652796397,1.8755236,0.55576515,1.357388,0.037629604
solar,89,46400,52160,0.9120603134293588,0.1186746894903339,0.544837,0.36847687,0.8779769,0.03533697
solar,16,42112,42560,0.9119467842803688,0.2141578491150257,1.5591531,0.23343945,1.6864944,0.106098175
solar,54,49152,50880,0.911841072011772,0.204193598382588,0.35690403,0.41343307,0.5668988,0.62342787
solar,7,44864,50048,0.9118136070242496,0.2041014735583857,2.5150719,0.0016608238,2.6719508,0.15853977
solar,52,42944,51584,0.9117681544185944,0.239770746958463,0.51878023,0.18223238,0.7406688,0.40412092
solar,12,50048,51776,0.9117431413123296,0.0469021377736837,0.04560089,2.638589,0.12513542,2.4678526
solar,134,44672,50432,0.9117173421175264,0.1371965362642599,0.019383907,0.27919292,0.15909004,0.100718975
solar,11,49728,52032,0.9116085391879364,0.0473726165117401,1.068254,0.26397324,1.2393603,0.0928669
solar,124,48000,48576,0.911562099284354,0.1638188923854399,2.174694,0.34853363,2.4460282,0.07719946
solar,120,49728,51904,0.9115588854296416,0.1416072612898847,1.0980949,0.09384298,0.91810226,0.27383566
solar,74,45248,49408,0.911523649103974,0.2480598137986345,1.6641297,0.7422018,1.1307368,0.2088089
solar,45,45696,51328,0.9114973079679624,0.0132269927553328,0.26565313,0.07715607,0.23962736,0.051130295
solar,32,42560,51776,0.911447111003102,0.17675479014417,0.2073288,3.1030154,0.37679005,2.9335542
solar,27,47168,51200,0.9113890088686298,-0.0225267792776539,0.1764412,2.4783077,0.38820267,2.2665462
solar,28,43072,50688,0.9113711469779144,-0.0407732311714585,0.49185133,1.484518,0.21209383,1.2047606
solar,123,50432,52160,0.9112386475452215,0.2723934709682694,2.2269187,0.16443825,2.2210493,0.15856886
solar,26,43648,52288,0.9112035847634886,0.1013399471568458,0.22742319,1.9736524,0.25762224,2.0038514
solar,28,43968,51008,0.9111196627954612,0.1741304162159908,1.3779926,0.14169931,1.544189,0.024497032
solar,103,47104,52288,0.9111058715881528,-0.050200719880609,0.3021226,1.9928637,0.5042014,2.1949425
solar,125,45696,48000,0.911097839532416,-0.2102392936700012,0.53557634,0.8638625,0.43632174,0.7646079
solar,107,43840,49600,0.910964644699717,0.2113437040154558,0.22771454,0.15695143,0.48055124,0.09588528
solar,105,47552,49856,0.9109337035884804,0.269424207131416,0.34603977,1.3641543,0.14826393,1.1663785
solar,85,47744,52480,0.9109050074778278,-0.4420392296145492,0.2146616,0.4792719,0.019691467,0.674242
solar,0,46592,49472,0.9108166419896532,0.2716103086052218,0.18204927,0.4286132,0.09009123,0.33665514
solar,73,47104,52160,0.9107283878857296,0.0199566519590698,0.9963412,2.4412608,0.89440536,2.339325
solar,129,50304,50880,0.9106580481124548,0.1748003724706784,0.39365435,0.7752247,0.14855433,1.0203247
solar,69,43200,49536,0.910614389594372,0.0555446591968598,0.81489515,3.5076208,0.44506884,3.1377945
solar,46,49024,52480,0.9105983205743472,0.05065844765241,0.03971529,2.6076035,0.2685256,2.3787932
solar,122,45440,49472,0.9105755924142168,0.1825816279746556,0.014126301,0.2640233,0.01115036,0.26699924
solar,11,42752,44480,0.9105686486792725,-0.0523410682531482,0.0826149,0.37726593,0.22636986,0.23351097
solar,88,48128,48704,0.9104549072289474,0.246948152261444,1.9494395,0.16593695,2.308309,0.5248065
solar,80,42944,45824,0.910396727891942,0.00979934607375,0.08461809,0.46039677,0.13565779,0.24012089
solar,67,42368,48704,0.9103412501815455,0.1083524633590432,1.407691,0.66420126,1.0788164,0.33532667
solar,56,42112,47296,0.9103088223523624,0.1264889229808633,2.3214407,0.29032612,2.5710921,0.040674686
solar,47,48832,51136,0.9103087798629016,-0.0461530499047922,0.314569,2.6881137,0.46266985,2.8362145
solar,81,42688,43840,0.9101563789559124,-0.0689479272246319,0.18806839,2.5549798,0.09134054,2.458252
solar,39,43584,49472,0.9100606992066278,0.2200417082088939,1.6724625,0.21906328,1.851862,0.03966379
solar,89,44224,44800,0.910025782239995,0.188153661341605,0.005979061,3.3600469,0.33317757,3.6872454
solar,16,49728,51904,0.9100176138100716,0.2658189971151567,1.6670074,0.34492064,2.1135302,0.79144335
solar,40,46592,48320,0.909935745561134,0.1684792836110166,0.8073659,0.111160755,0.9405041,0.24429893
solar,72,46848,49728,0.9099235668730544,-0.0207914435413588,0.289042,0.39118814,0.07704067,0.17918682
solar,56,42368,44096,0.9099038040399424,0.0974788911070064,0.39860392,2.060565,0.22604036,1.8880014
solar,53,45696,49728,0.9098752758794572,-0.0941071431225247,0.15657568,0.9404621,0.007554531,0.7763319
solar,57,43392,44544,0.9098562662749028,0.2968298739179761,0.10548258,1.0919275,0.028190613,1.2256007
solar,99,46272,48000,0.9098370370547963,0.033824189658018,0.077778816,1.7144017,0.21574688,1.8523698
solar,75,49152,50880,0.9098032828052872,0.2887525631704173,0.35828924,0.1332798,0.35627127,0.13529778
solar,92,42368,44096,0.9097683573102996,0.0929495810151869,0.17469549,0.012413502,0.16059065,0.0016913414
solar,127,42816,51328,0.9097225565698276,0.1863979621907463,0.72929287,0.41538477,0.4483142,0.13440609
solar,8,44672,52160,0.9095762812582344,0.2650633908981421,0.39816093,0.37134886,0.15749693,0.13068485
solar,70,42432,46592,0.9095529673049486,0.0425213218033393,0.28278446,0.1511612,0.09542942,0.036193848
solar,15,50432,51584,0.909477706131506,0.257176299579972,0.38395357,1.7343173,0.17256212,1.5229259
solar,76,51712,52416,0.909387780898676,-0.1088733083697315,1.6957512,0.28749847,1.7743497,0.20889997
solar,38,42688,52480,0.9092985748598598,0.2959835405232257,0.079790115,2.4194503,0.040551186,2.299109
solar,27,42432,52352,0.9092776791761944,0.0029598798292169,0.43847132,0.3030529,0.63369846,0.49828005
solar,78,44544,46272,0.9092496891503024,0.223176068276639,2.4691362,0.2328074,2.1464386,0.08989024
solar,37,49152,50880,0.909187767489878,0.2556434894818146,0.25630045,1.0339255,0.3420167,1.1196418
solar,54,45120,48000,0.9090917413183036,-0.0488782702513245,0.021689415,1.0762811,0.13406038,0.9639101
solar,5,49984,51136,0.9090906641411428,-0.105215301587855,0.09117222,1.3867784,0.3659792,1.1119714
solar,4,46080,47808,0.909087925710856,0.0981591050329333,0.5094919,0.27175903,0.5212016,0.28346872
solar,43,48128,52160,0.9089949227088162,0.0852417294134323,2.8629851,0.09064579,3.093927,0.32158756
solar,88,43776,46080,0.9089864008493086,0.2923098131588333,1.6057911,0.36907816,1.8181882,0.15668106
solar,95,49408,51712,0.9089664821698314,0.0949282950669558,0.37743998,1.2055006,0.71128035,1.539341
solar,130,42944,48128,0.9089244135861309,-0.0522901538095095,0.46144676,1.0196643,0.06315756,0.49505997
solar,74,48896,51776,0.9088899960410236,0.1147423097322588,0.07458353,0.49493837,0.293478,0.12687683
solar,87,43712,44288,0.9087984800292834,0.1028942786525299,0.8802128,0.32627964,1.0689659,0.13752651
solar,90,42048,42624,0.9087288680145644,0.1016028234552102,0.08986521,0.49700022,0.24766111,0.83452654
solar,124,44800,51136,0.9087069186401204,0.1218188921861682,0.589375,0.28305006,0.9370208,0.0645957
solar,84,51136,51712,0.908702559952397,0.1206976178252535,0.5105343,0.13034153,0.32582378,0.054368973
solar,129,42368,51712,0.9086675053450992,-0.1217857304464007,0.608057,4.025675,0.101392746,3.5190105
solar,120,50048,52352,0.9085590778601328,0.0455126686984987,0.12889242,3.0893803,0.15843868,2.8020492
solar,118,42368,52160,0.9085477132952776,0.0703499735963913,0.3165021,1.9798431,0.104735374,1.5586057
solar,4,42368,50560,0.9085306846705524,-0.0336818433873342,0.3375969,1.6096416,0.36033487,1.6323795
solar,7,42560,51776,0.9084821784776236,0.2482241119425681,0.16021013,3.5992947,0.34979296,3.4097118
solar,122,48000,50304,0.9084652776369172,0.2068545831923375,0.261271,0.031096935,0.6948557,0.46468163
solar,57,43072,50560,0.9084586909241872,-0.0431104691117754,0.886415,0.65152216,0.73439074,0.4994979
solar,26,42112,51904,0.9083566918363086,0.1597713176632598,2.7005038,0.17321491,2.789445,0.262156
solar,50,44096,52160,0.9083287922665204,0.2695029655625512,2.3684454,0.32314014,2.0677361,0.022430897
solar,77,49728,50752,0.908316184944287,0.2700260170951244,0.18907213,1.9222798,0.28294277,2.0161505
solar,87,43072,49856,0.9082325596378288,-0.2211288978517153,0.79591227,2.732967,0.32452965,2.2615843
solar,113,49856,50432,0.9082098191321104,0.0903369919688079,0.24612236,1.6913209,0.03622675,1.4089718
solar,5,42816,50752,0.9081526030970908,-0.0409801350302053,0.2102089,0.3511505,0.086402416,0.22734404
solar,51,46528,48128,0.9081446440730394,0.2296919179869626,0.6294365,2.672834,0.2610755,2.304473
solar,19,42048,46080,0.9081245783157956,-0.0222222803554847,0.19806004,1.7457337,0.2145977,1.333076
solar,70,51584,51712,0.9080879145125152,0.021949891453974,0.12782097,0.07966232,0.16483784,0.37232113
solar,119,45504,51136,0.9080586065693336,0.2338596363250562,0.6304374,3.4573722,0.3778019,3.2047367
solar,107,48448,52480,0.9080283925632132,0.1719820066096213,0.058168888,2.385017,0.2803607,2.162825
solar,17,44672,52288,0.9079466244079056,-0.1271073168527632,0.76193,0.26565886,0.64773893,0.1514678
solar,133,44800,52288,0.9079380863734028,0.1867738507035382,0.8551216,0.3153572,0.918561,0.37879658
solar,28,46272,48000,0.9079329982281572,-0.1151570072024727,0.062876225,1.8528934,0.1437068,1.7720628
solar,121,42240,46848,0.9079230445624316,0.2854816786730715,0.45538712,1.0730081,0.8493047,1.4669256
solar,72,43648,52288,0.9079080648430092,0.1296431600122445,0.26111174,3.146912,0.58279085,3.4685912
solar,97,42944,46976,0.9077957349154748,-0.1310049901818661,1.834425,0.5213232,1.4202962,0.10719442
solar,109,42944,51008,0.9077940310529554,-0.0997681208154303,1.0990734,0.06920099,1.5047755,0.4749031
solar,98,44672,45824,0.907607508776289,-0.147219162791179,0.06694603,0.37654066,0.22752237,0.08207226
solar,132,43520,46976,0.9074844275929818,0.2924258341055711,1.2343845,0.6072259,1.017909,0.3907504
solar,80,50624,51200,0.9073132116735346,0.0275866512122826,0.026846886,3.3534002,0.15394306,3.226304
solar,75,49856,52160,0.9072336043928108,-0.080229658273728,0.4862132,0.26507235,0.5221386,0.22914696
solar,121,45376,46528,0.9071472302055048,0.2652421731799337,0.70034933,0.036343575,0.79546165,0.1314559
solar,43,44800,45952,0.9071158297087328,0.2906884460534071,0.43209505,1.9574728,0.07002735,1.5954051
solar,16,45248,45824,0.90710870935902,0.0913617829307043,0.18824005,0.63786936,0.10651827,0.34311104
solar,87,45952,51136,0.9070685181889704,0.0662675428954812,0.16982222,2.9751124,0.21843481,3.023725
solar,56,42816,43968,0.907051878525391,0.2678118082981472,0.13593626,2.9090118,0.38211966,3.1551952
solar,90,43712,52352,0.9068441644964093,0.0074373242841136,0.2802744,2.5933146,0.017972946,2.3310132
solar,37,44288,46016,0.9067558203789232,-0.2706203064761045,0.19651651,3.076767,0.38542986,2.8878536
solar,78,42624,51136,0.9067373035903712,0.1880946253574909,0.08600807,1.7225571,0.022393703,1.6589427
solar,99,49408,51136,0.9067336109140842,-0.1336286649302279,0.2471652,1.226798,0.6307812,1.610414
solar,35,50624,52480,0.9067097657636636,-0.1819417693403527,0.2219038,2.781455,0.39922714,2.6041317
solar,47,48000,50304,0.9065924129015116,0.18987763996085,0.98890734,0.05252409,1.0988374,0.16245413
solar,81,50880,52032,0.9065550964903868,0.0662776719297637,1.3116498,0.46453142,1.0203981,0.17327976
solar,0,43072,51712,0.9065238219998456,0.1412712461711911,0.27914762,0.6047497,0.12590408,0.19969797
solar,7,47680,50560,0.9063421751940116,-0.0594353030184087,0.0045232773,0.40735817,0.106861115,0.509696
solar,119,49280,49856,0.9062908419823114,0.1701116503783812,0.27703333,1.6244993,0.13854837,1.2089176
solar,18,42368,45824,0.9062373565980156,0.062579071225393,0.5354862,0.455482,0.4659443,0.38594007
solar,67,43968,50880,0.9061110428883784,-0.0988990845435139,0.43919086,0.05496216,0.36616755,0.12798548
solar,87,42816,52032,0.9060557410565347,0.183806456443011,2.2586327,0.35092545,1.776907,0.13080025
solar,74,46272,50880,0.9060254640190896,0.2306297834447396,0.20094872,0.97383595,0.26531172,1.4400964
solar,23,48000,50304,0.9060134163170556,0.2003203250701378,3.8572345,0.46161604,3.4943619,0.09874344
solar,45,46080,47808,0.906002255713856,0.0820757166713337,0.3301134,0.19488621,0.6467142,0.12171459
solar,27,42816,43392,0.905927897252746,0.2607739129736858,1.2759752,0.39981842,0.8669834,0.009173393
solar,89,42368,49856,0.90578525244687,0.1456201977546099,0.376379,2.3061066,0.057434082,1.8722935
solar,105,42112,51456,0.9057592205374688,0.0964297624365175,1.3232572,0.73666024,0.7987714,0.21217442
solar,29,42368,46976,0.9057410609611514,0.0724910034993714,0.31149244,0.120960236,0.20475912,0.014226913
solar,42,44992,47872,0.9057130809876586,0.257938778525722,0.46262074,0.79043674,0.4117875,0.7396035
solar,135,44544,44864,0.90568102880927,0.2856569127306279,0.64815044,0.5239725,0.46202374,0.3378458
solar,120,46656,52416,0.9056494628520916,0.2504986399132908,0.43440723,0.06246662,0.46700954,0.09506893
solar,2,45696,49152,0.9056331990724734,0.0499833794150737,3.6480312,0.48747587,3.396295,0.23573971
solar,120,43648,44224,0.9055415087733958,0.2093579804199127,0.5172615,0.0048451424,0.35617685,0.15623951
solar,81,43520,44672,0.905535119598981,-0.0954540722389555,0.15882254,2.3967566,0.4637103,2.7016444
solar,122,42944,47552,0.9055294726858448,0.1098620095308332,0.15670347,0.35649967,0.1214571,0.0783391
solar,41,42944,48128,0.9055152634086224,0.0830720312546325,0.6048789,1.100565,0.18615723,0.6818433
solar,50,43648,47104,0.9054962578146218,0.0607404349073511,0.061599255,0.006380081,0.044059277,0.02392006
solar,84,42944,47552,0.9053846780507726,0.244601609614261,0.41296577,0.36944342,0.03247881,0.07600117
solar,37,42112,51328,0.9050177918301426,0.2434918876767135,1.810293,0.10341358,1.6503606,0.056518793
solar,37,46528,47104,0.9049633948878978,0.2377092046357034,0.341887,0.010420799,0.5522795,0.19997168
solar,25,49856,52288,0.9046984551762152,-0.1249018323147354,0.8316207,0.4445057,0.6277571,0.24064207
solar,42,45696,50304,0.904688115420021,0.2660358334892075,0.051716328,0.20218468,0.1379056,0.012562752
solar,122,43968,45248,0.9046767087158536,0.0605329336896111,0.6682644,1.5849133,0.57372093,1.4903698
solar,73,47552,49280,0.9046445985131174,0.2746632744857819,0.09357357,0.2399311,0.08193493,0.06442261
solar,32,49728,50176,0.9045797566192952,0.0495269331051828,0.68401575,0.49566603,0.7581191,0.5697694
solar,19,46528,51712,0.9045008459179422,-0.1248418974839976,0.30712605,0.045547485,0.23428726,0.11838627
solar,21,43648,44800,0.9044748430621126,0.1697856539507873,0.33245802,1.1449647,0.5132508,1.3257575
solar,49,45248,45824,0.9043884943743444,0.1609196664333142,0.1591897,1.6507225,0.12041092,1.3711219
solar,88,44160,52352,0.9043820276024288,0.2650707265674293,1.0496778,0.23304129,1.0606341,0.24399757
solar,90,50624,51200,0.9043744122816124,-0.0429519238838548,0.23223114,2.2286282,0.4625578,1.9983015
solar,125,45440,52352,0.9043415011974396,0.028567156146776,0.07769585,2.4659715,0.011671066,2.3766046
solar,132,42048,43200,0.9042140245245028,0.1141641569043655,0.118086815,0.32570934,0.22073746,0.2230587
solar,53,44736,51200,0.9041871348004936,0.1304937014835771,0.7833104,0.026413918,0.99338293,0.23648643
solar,127,43968,51584,0.904046439765804,0.1319084060838853,1.3767648,0.118183136,1.658895,0.1639471
solar,91,51136,51584,0.9039669565001454,-0.1136351312076957,3.77215,0.08782196,4.032453,0.34812498
solar,22,46272,50880,0.903821586265821,0.176607270927577,0.17564774,1.4627995,0.12112188,1.7595692
solar,31,48576,50880,0.90378040667244,-0.0038353804257428,0.47952414,0.53303766,0.32857418,0.3820877
solar,80,43968,51008,0.90377401262858,-0.4801522752860996,0.54036474,1.3049526,0.6025901,1.367178
solar,84,44864,49728,0.9037578486922226,0.2331685290860348,3.1734123,0.6251402,2.9324803,0.3842082
solar,135,47552,49280,0.9036705807951833,0.1717210501053742,0.1922164,0.02421236,0.14206886,0.074359894
solar,125,46528,51712,0.9036609362390942,0.1607878602109284,0.46136522,0.6408491,0.8840437,1.0635276
solar,113,42816,52032,0.903558066532064,0.0434185520628285,2.0930357,0.058370113,1.4996052,0.5350604
solar,120,44800,51712,0.9035231968659088,-0.1309209884269067,0.082466125,0.11442566,0.022592545,0.17429924
solar,128,47808,51712,0.9035204518227552,0.0872531459211007,0.28003216,0.4221859,0.24988079,0.39203453
solar,4,47296,49024,0.9034214219685772,-0.05751362699077,0.17426968,1.5582438,0.32681513,1.057159
solar,73,44672,48256,0.9034046785491248,0.1397015991001213,2.1656795,0.6355319,2.322577,0.79242945
solar,118,43968,49728,0.9033533645042772,-0.1204449888980579,0.4858775,0.17200518,0.43671083,0.1228385
solar,100,49728,51456,0.9030616318722527,0.2574014629059499,1.5029843,0.18449426,1.0771117,0.2413783
solar,84,47168,49024,0.9030594753385908,0.148544278623304,0.10969019,0.1284895,0.15101051,0.08716917
solar,90,43136,49472,0.9029986078698512,0.2669050558366323,0.5023246,0.17899084,0.625844,0.05547142
solar,93,44800,47680,0.9029694744192988,-0.2118336894553959,2.857871,0.5538578,2.4857965,0.1817832
solar,111,43072,45952,0.9029650034984922,-0.3989086550335085,0.439044,3.2960253,0.01035738,2.846624
solar,113,42944,48128,0.9029622161511576,-0.1966380414567022,0.42162085,2.2566018,0.02676487,1.8617458
solar,119,47424,50880,0.9028406787399108,0.1071070814331928,0.42215204,0.58923817,0.19648933,0.36357546
solar,67,49408,51136,0.90281809597595,0.1296917777872877,0.30370665,3.763793,0.3645711,3.8246574
solar,109,43520,46400,0.902795636920758,0.2635419757704363,0.2366085,0.28052568,0.23101568,0.27493286
solar,44,46528,51008,0.9027242913636834,-0.0046296086670146,0.34083462,0.6980481,0.04569149,0.402905
solar,65,47872,51328,0.9026927163976988,-0.0048976712308874,3.2077284,0.116150856,3.3575373,0.26595974
solar,OT,42368,43072,0.9023853722508244,0.2281145187830293,1.1016202,0.15890646,1.6366005,0.37607384
solar,134,42048,44352,0.9021777514131996,0.2762740283113876,0.38802314,1.9980676,0.06294632,1.6729908
solar,22,50560,52288,0.9021444437933044,0.0589831676303738,0.8559089,1.2083626,0.54271793,0.89517164
solar,89,47104,47680,0.9021259007825012,-0.0429742326411583,0.053633213,0.032916546,0.026033878,0.06051588
solar,72,46144,52480,0.9020796587189722,0.0722362392681476,0.49164224,2.0379975,0.31981182,1.8661671
solar,24,43904,51712,0.9020327933710596,0.1022304237402224,0.6170125,0.51839495,0.42553473,0.32691717
solar,82,51136,51712,0.9019303150523256,0.0659314068549846,1.4559007,0.22680187,1.7989411,0.116238594
solar,13,42368,45824,0.9018772235315812,0.125306161145287,0.38526392,0.028166294,0.3597045,0.0026068687
solar,118,43648,44800,0.9018325499587072,-0.0941615570824953,0.38600922,3.268527,0.5033202,3.385838
solar,106,48000,52032,0.9017581202430912,0.0788625757812007,1.499238,0.112274885,1.2433205,0.36819243
solar,108,42176,42752,0.901703777967104,-0.2791305749400133,0.24508762,1.0664315,0.50804996,0.8034692
solar,55,43712,45440,0.9014633584604388,0.2196418772931362,0.62152195,0.3041606,0.82876015,0.0969224
solar,71,42560,51200,0.9013623134913172,-0.0018710392056443,0.15509176,3.1784558,0.35024023,2.9833074
solar,88,42816,46848,0.901336078552468,0.0911833120749601,0.33907127,0.16175461,0.43282366,0.068002224
solar,131,48128,48704,0.9013308538417352,0.118186176385206,0.30035543,0.13802052,0.64570284,0.48336792
solar,90,44544,50880,0.9012970253698356,-0.0184774782712258,1.4971919,0.176795,1.2610397,0.059357166
solar,134,45376,47680,0.901278292630868,-0.0431602078203104,3.3161035,0.5086384,2.95579,0.14832497
solar,98,48832,52288,0.9012733063618636,0.1876067669380629,0.25745583,2.539391,0.4489212,2.7308564
solar,110,48128,52160,0.9012638770827458,0.2873349979425517,2.2591062,0.16133785,2.5442896,0.44652128
solar,62,43776,51840,0.901228364988512,0.1100998138147487,1.824028,0.055841446,2.0815082,0.2016387
solar,107,43648,52160,0.9012065537750444,0.0054468378346946,0.5412111,0.29305983,0.66352606,0.1707449
solar,132,43776,48960,0.9011550461863128,0.1562438483158719,0.43675184,0.04645872,0.37697697,0.1062336
solar,33,48256,51712,0.9011463873920332,0.0665572671307708,0.36166096,2.4000912,0.059230804,2.097661
solar,23,42944,43968,0.9011042453248216,0.0057985621689633,3.0355105,0.6219654,2.685803,0.2722578
solar,79,49728,52480,0.9009736196511952,0.2324994421339078,0.2587371,3.2067947,0.5310259,3.4790835
solar,57,47680,49984,0.9009209667231636,0.0235544177717576,0.20420265,3.3220801,0.5187063,3.6365838
solar,128,43072,49856,0.9009145953017982,-0.1951892375849468,0.056045532,0.58550215,0.18801737,0.34143925
solar,87,47232,47808,0.9007040239254755,0.1042752072141646,0.22658682,0.8980799,0.33248854,0.79217815
solar,99,42368,51712,0.9006183021629169,0.0422358921824975,0.8979707,0.13135862,0.83698845,0.19234085
solar,129,42816,46272,0.9005000145951237,-0.1010889824103255,0.3130808,0.18992281,0.30989075,0.19311285
solar,84,50880,52032,0.9004109596850014,0.1889894086941276,1.4737248,0.24988413,1.1188655,0.10497522
solar,17,42816,43392,0.9003489400746433,0.1553161077637846,1.4113598,0.009409428,1.2533813,0.16738796
solar,44,42432,52480,0.9003384848770877,0.2476517764845746,0.35365152,1.2330484,0.35795784,1.2287421
solar,14,45504,47808,0.9002827263942652,0.244339669269355,0.8557811,3.3806381,0.7562895,3.2811465
solar,81,46528,51136,0.900278569489716,0.250820596861101,0.2481842,0.24016666,0.15831661,0.15029907
solar,29,42816,48576,0.9002476820078987,0.2438985116751331,0.4517207,0.12969542,0.2636819,0.05834341
solar,97,43072,44672,0.9002321420061481,-0.0801429125240456,0.09613657,0.5020642,0.34771585,0.058211803
solar,0,50880,52032,0.900214405111181,-0.0044584790210843,0.7803664,0.027853012,0.7450266,0.00748682
solar,21,43072,47232,0.900207613231472,-0.0936778343474645,0.8358183,1.591907,0.32087183,1.0769606
solar,43,42112,42688,0.9001381365465692,0.1270688260950774,2.02149,0.38354206,2.0280647,0.3901167
solar,6,44288,51776,0.9000711484904245,0.1261941037226296,0.023683548,2.430287,0.12667179,2.3272986
solar,131,47808,49536,0.9000394157126947,0.2136963406542744,0.14593315,0.06440449,0.11190796,0.030379295
solar,51,43776,51264,0.8999740213592475,-0.0112374740155371,2.686355,0.6347766,3.1696491,0.15148258
solar,26,45248,51008,0.8999696449054936,-0.179185379454706,0.028888702,0.61163616,0.14674187,0.4360056
solar,57,42816,49152,0.8999628131234226,0.1219141823155141,1.5224738,0.1223011,1.3380318,0.06214094
solar,26,42048,51712,0.8999058768461317,0.214986344870163,0.091492176,4.0563364,0.1301341,4.0176945
solar,105,43136,43712,0.8998635316141326,0.0661493964208187,1.6975508,0.2871256,1.8685865,0.11608982
solar,108,47424,50880,0.8998625012998953,0.0955467930100113,0.083213806,0.16026306,0.0048122406,0.072237015
solar,109,43648,49984,0.8998386828561076,-0.4316354318183317,0.3086915,3.018043,0.2918396,3.0011911
solar,40,46016,51200,0.8998384486544071,0.0162141820623028,1.6845822,0.4716134,1.927104,0.71413517
solar,114,42368,50432,0.8996826057904942,-0.0109535497306388,0.37908554,1.710968,0.03914213,1.2927403
solar,122,48576,50880,0.8996729022782041,0.0876035663676043,0.59171057,1.3159504,0.30552673,1.0297666
solar,84,44672,48704,0.8996047171218752,0.1159460032609559,0.11735058,0.073904514,0.2952242,0.1039691
solar,110,43520,44096,0.8995444893407648,0.159103405977999,1.8869152,0.33850956,1.7210627,0.17265701
solar,94,44096,52160,0.8993773577332449,0.1227339676511784,0.0011372566,0.10082245,0.028333664,0.12801886
solar,21,42048,47808,0.8993556104522907,0.1683309278846814,0.69090843,4.538136,0.37119627,4.218424
solar,15,48000,49152,0.8993032017246497,-0.0352371359467548,2.2507925,0.33006144,1.9832807,0.06254959
solar,133,44672,46976,0.8992662085801439,-0.0283478590453979,1.8359857,0.25524044,2.19496,0.10373402
solar,10,42688,49728,0.8991892143638724,0.134746114404218,0.20088816,0.70478153,0.2279172,0.73181057
solar,49,43392,49728,0.8991848152586935,0.1962688015833779,0.37072825,1.2557926,0.044584513,1.5819364
solar,50,48576,50880,0.899160250183804,0.0149302671282132,0.17763186,0.04501486,0.10470438,0.027912617
solar,104,42944,44096,0.8991507777188135,0.2870107334993163,0.15791988,0.16908264,0.3161769,0.010825634
solar,59,44800,45504,0.899014098335542,0.1300346225987684,3.650004,0.4810586,3.8084254,0.6394801
solar,70,50688,52416,0.89885097137454,-0.0581707083008784,0.05161047,0.02478075,0.041728973,0.014899254
solar,135,45376,47680,0.8987792413846231,0.2709746952809688,0.9502578,0.05821228,1.280879,0.38883352
solar,62,44672,46400,0.8987645074197099,-0.1531847513048782,0.8046808,0.13886738,0.96872663,0.025178432
solar,100,44672,52288,0.898666797840945,-0.2087568710703647,1.915236,0.50529385,1.6206136,0.21067142
solar,2,49728,50176,0.8986566323005956,-0.1168232253131561,0.84313726,0.1196208,0.99508905,0.03233099
solar,OT,49472,51776,0.8986192262193882,0.1967162245886368,0.22180939,1.6983895,0.30809116,1.6121078
solar,97,49152,51456,0.8985469196622686,0.2973127317029046,1.1992044,0.25203228,0.77497244,0.17219973
solar,31,44416,49728,0.8985083710611343,0.0934165513542773,0.5536046,0.57912874,0.38952684,0.41505098
solar,55,42816,49152,0.8984997441559599,0.1835723707694372,0.015500069,0.22040176,0.06155348,0.26645517
solar,7,42944,44096,0.8983488142163494,0.2181276264697651,0.13452435,0.036237717,0.13115072,0.032864094
solar,47,42944,51008,0.8983486818977315,-0.3545444759763115,0.10657215,0.19950056,0.31160402,0.005531311
solar,122,42048,48832,0.8982708774681064,0.2368168748529172,0.30193424,1.1500154,0.06812382,0.7799573
solar,77,42048,44800,0.8982376375024089,0.1386518536632332,0.59651613,4.5558257,0.16932535,4.128635
solar,42,43072,45952,0.898091883184221,0.0248914930887818,0.49775934,3.7481318,0.17100477,3.4213772
solar,134,42368,49280,0.8980137103192908,0.0086789101861816,0.34495878,0.9831834,0.11425066,0.75247526
solar,18,43776,44352,0.8979276176216763,0.1097234704982056,1.558897,0.26586103,1.6330009,0.1917572
solar,105,42368,47680,0.8978001242725493,0.0884600323562458,0.6344104,0.8324504,0.19611931,0.39415932
solar,116,43648,52288,0.8976066802445858,-0.2142090746447429,0.28330564,0.36490726,0.25636053,0.33796215
solar,10,45248,48704,0.8975578586029092,6.328580548564682e-05,0.23528576,0.19423532,0.079741,0.038690567
solar,128,45440,51200,0.8975564058217119,0.0547174914431403,0.04095173,3.6251602,0.16678143,3.4993305
solar,8,42816,47424,0.8974920075289282,0.2541303638266055,0.4585061,0.3761778,0.70635843,0.6240301
solar,99,42112,49728,0.8974772635297383,0.1312750996565807,0.44306755,0.9551792,0.2885852,0.80069685
solar,62,42816,48000,0.8974506809314359,-0.0059828781133729,0.36122227,2.4082565,0.26757956,2.3146138
solar,118,51328,52480,0.8974282651583907,0.258008162823021,0.14495897,3.9865282,0.046812773,3.888382
solar,47,46528,51584,0.8973094975822878,0.0672033625094328,0.74671984,0.057168007,1.2476006,0.5580487
solar,10,44672,49280,0.8972195046295627,0.0927996417995495,1.5058556,0.15162611,1.8499784,0.19249678
solar,21,43136,44288,0.8970417575961641,0.084328452294792,1.2444372,0.57101536,1.5821424,0.23331022
solar,41,42176,45632,0.896985017787632,0.0731003966955504,0.31877136,1.2024064,0.3941083,1.1270695
solar,111,44736,46592,0.8968953674593444,0.2547011326674464,2.2465758,0.3150978,2.483261,0.07841253
solar,OT,42944,44096,0.8967844786012045,0.135468075175595,3.18882,0.48282146,2.9447007,0.2387023
solar,92,49408,49856,0.8967737447631611,0.1699487163532442,0.15690994,2.7960086,0.32942104,2.9685197
solar,89,49024,52480,0.8967501878537419,-0.0254207928555439,0.072413445,2.0856233,0.17312098,1.9849157
solar,90,43968,45824,0.8966322228025831,0.2166020110586015,0.5709653,1.4485273,0.5235319,1.401094
solar,69,42816,48576,0.896620151385282,0.2983052374791035,1.47328,0.21353865,1.7579908,0.49824953
solar,21,42816,50304,0.8965783197874846,0.2321480038972496,1.3389468,0.18382931,1.3433032,0.17947292
solar,125,48960,52416,0.8964929668578496,0.1276080500158622,2.227922,0.50123644,2.6466427,0.91995716
solar,71,50048,51776,0.8964425357614749,-0.2655111626016292,0.09857607,2.9538698,0.18503904,2.8674068
solar,35,42816,48000,0.8964175553776708,0.1477165674081081,0.7696481,3.209939,0.42635107,2.866642
solar,77,42944,48704,0.8963182553247742,0.2186567496414447,0.090342045,0.09782791,0.14813423,0.040035725
solar,27,42368,44672,0.8962388029297883,0.1270743794163199,0.09852171,0.7586646,0.24649239,0.4136505
solar,39,46976,52160,0.8962082746031657,0.2338902443586541,0.5475416,0.1760292,0.54492664,0.17341423
solar,24,47424,51456,0.8961489820164205,0.226448643489209,1.7977467,0.23534203,1.0655327,0.49687195
solar,58,44672,52288,0.8960966999031564,0.0544527403893495,0.4256873,0.06380415,0.34831142,0.013571739
solar,55,46848,51456,0.8960831754565299,-0.0149882619766783,1.1349056,0.3489449,0.80118513,0.015224457
solar,68,48128,49280,0.8960789163186275,0.2646351684129376,3.3536782,0.669878,3.3264914,0.64269114
solar,56,49280,52160,0.8960740248487442,0.2047466818172945,0.25814438,0.9905629,0.42669058,1.1591091
solar,45,42752,51712,0.895866076242566,-0.0703306980186096,0.7400012,3.6589637,0.82859755,3.74756
solar,70,44992,52480,0.8957713714419621,-0.1164593225053634,0.26240826,3.0430813,0.26430035,3.0449734
solar,58,47424,50880,0.8957486153092948,-0.0125269439903408,0.013802528,0.13492441,0.098520756,0.022601128
solar,132,45440,51200,0.895737817779994,0.0659690287413483,0.10990381,2.5250416,0.14195299,2.2731848
solar,90,43072,49408,0.8956710406755836,0.0534088648815613,0.18905592,0.83851147,0.24159384,0.4078617
solar,113,44416,52480,0.8956273517066875,0.253639439061687,0.02474308,2.7838411,0.21535969,2.5932245
solar,44,45952,52288,0.8955706975058234,0.0883332282638599,1.0503235,0.29533863,1.3509111,0.5959263
solar,36,42560,47744,0.8955700815308902,0.0482152509556999,0.22863913,2.2682061,0.56408167,1.9327636
solar,134,43072,46528,0.8955506094390892,0.1904739080333574,0.5990505,2.696073,0.06795645,2.164979
solar,129,52032,52480,0.8953316685752437,-0.0646040118719326,0.21179295,1.8594484,0.3693552,2.0170107
solar,76,48000,50304,0.8952092069852446,0.0657259502266262,1.4099045,0.058500767,1.5093646,0.15796089
solar,82,48000,49152,0.895201200733319,0.2769867719663209,0.013364792,0.06017971,0.08504391,0.03822899
solar,40,45120,49152,0.8951699316685428,-0.0359489797036435,0.46977758,0.3087883,0.09187269,0.8704386
solar,62,42944,51008,0.8950475446136148,0.238012209836985,0.39407778,3.6816716,0.065038204,3.352632
solar,75,45248,45824,0.8949975891510736,0.2920829322743536,0.22821283,0.13271236,0.12213278,0.026632309
solar,20,47744,50624,0.8949106839375397,0.2713469611258233,1.4984355,0.42916775,1.6999502,0.22765303
solar,45,47872,49024,0.8948399802510789,0.1091296903094414,0.8243971,0.29758215,1.1239653,0.5971503
solar,75,44672,48128,0.8948042102532,0.0222283204395529,1.2615709,0.0432477,1.5344982,0.31617498
solar,126,50176,51456,0.8946192753895422,0.2674603467985927,1.2666321,0.41831636,0.9743502,0.1260345
solar,66,47232,47680,0.8945624889054199,0.0591545286636014,1.1325421,0.32092953,1.0054417,0.19382906
solar,80,48576,51456,0.8945610335997776,0.1152121549044914,1.6206508,0.6375389,1.3411541,0.35804224
solar,22,51136,52416,0.8945585593623828,0.2685008311194295,0.09367466,0.6147623,0.009224892,0.53031254
solar,119,49408,52160,0.8945045277356737,0.0765984887791802,0.34905434,1.1156998,0.8052807,1.5719261
solar,109,50176,51328,0.894380272831612,0.2511219849895058,1.8281293,0.0133628845,2.0262232,0.21145678
solar,21,46848,48000,0.8942170903124568,0.2312367536528446,0.2151699,4.0383673,0.24283504,4.0660324
solar,13,50880,52032,0.8941811743200196,0.0753855411585995,0.87377214,0.16765404,0.688499,0.017619133
solar,30,42048,46080,0.8941449706522421,0.0657110657100375,0.5043678,1.349174,0.06750536,0.91231155
solar,101,48000,52032,0.8941206334962994,0.2208722694526318,4.1838927,0.56464577,3.7969513,0.17770433
solar,22,50048,51456,0.8941142726657094,-0.4674650659693717,0.7630024,0.3816738,0.67858744,0.29725885
solar,123,45952,48128,0.8939437420237836,0.0443806392146544,0.4420929,0.047768593,0.4012375,0.006913185
solar,26,49600,52480,0.893677910452059,-0.0450448072665187,0.082371235,2.074315,0.2847848,1.707159
solar,77,45952,49536,0.8936505616859717,0.1143740392072931,0.13132477,0.72755766,0.0749836,0.6712165
solar,110,49856,52288,0.8936429267541411,0.0381840093511704,0.5786209,1.5485206,0.2089982,1.1788979
solar,92,43968,49728,0.893580547043474,-0.0505050613978067,0.19273996,0.7560549,0.12549448,0.82330036
solar,109,43392,45824,0.8935311741469598,-0.0666246710023866,0.55130005,2.7987127,0.27452087,2.5219336
solar,23,43072,44224,0.8935310297249873,0.1775870066897921,1.589005,0.69242764,1.4790211,0.5824437
solar,79,43136,49472,0.8933149481851389,0.1782719037685385,1.3319855,0.15865755,1.3128595,0.13953161
solar,95,46400,49856,0.8929898005521565,0.2501260655324452,0.05656004,1.3684726,0.3770318,1.0480008
solar,15,44672,46656,0.8929887823672271,0.2351954790356263,0.36958313,0.14231968,0.8381171,0.3262143
solar,77,43840,49600,0.8927912868383586,0.0206432138564974,2.6679826,0.27611923,2.9091277,0.0349741
solar,39,43136,43840,0.8927796310397079,-0.1726944151635808,1.5708146,0.42243862,1.6671243,0.5187483
solar,110,44416,49728,0.892748593518539,0.004907824014156,0.4362955,1.0027323,0.46448183,1.0309186
solar,0,46272,48000,0.8927026946238574,0.1900075533928944,0.26072454,1.1126957,0.035077095,0.81689405
solar,92,42816,52032,0.892656735056781,0.1933935312729031,1.3163712,0.08858967,0.96557856,0.4393823
solar,52,48000,49728,0.8926212577345928,0.0697037966211667,0.28473616,0.32436895,0.30869436,0.34832716
solar,10,46400,51008,0.8925239503360289,0.2137265924122717,0.5215273,3.1940427,0.13985777,2.8123732
solar,13,48256,51136,0.8924602174816996,-0.0004307097020815,0.3997383,4.3971477,0.040501595,4.037911
solar,68,46080,52416,0.8924317696823969,0.1351162026181117,0.31652594,0.14091158,0.28445292,0.10883856
solar,35,42560,51200,0.8924265197108406,0.280764323406561,0.11730099,2.3523984,0.25709152,2.2126079
solar,38,42816,46272,0.8923453576692808,-0.195525271832376,1.2305903,0.100081444,1.0303245,0.30034733
solar,27,45120,52032,0.8923353367439731,-0.1231431356903761,1.4775028,0.057587147,1.0909224,0.32899332
solar,36,47104,47680,0.8922568808488243,0.0030062441139467,0.047020912,0.013739586,0.082576275,0.14333677
solar,69,44416,52480,0.8920557052579392,0.1896162914480749,0.039796352,2.6794348,0.12482643,2.514812
solar,14,49472,52480,0.892021540892746,0.1960687368701568,0.14109993,0.5529151,0.35389137,0.34012365
solar,14,42368,44672,0.8920206161758949,0.0261950750530148,2.1068382,0.52722454,1.8925552,0.31294155
solar,121,44672,48384,0.8919588881173587,0.2107898585658442,0.03493929,0.7235408,0.38709927,0.30150223
solar,4,49856,50432,0.8918661621006997,0.1028109151254217,0.9978552,0.32353735,1.2728763,0.048516273
solar,57,43264,52480,0.8918251554665033,0.1257382958520193,0.17276812,4.4550433,0.07820463,4.36048
solar,133,46656,52416,0.8917117037621253,0.0712145674544961,0.06949806,0.49395418,0.17524862,0.73870087
solar,22,45952,49408,0.8915224218014718,-0.1232674958407851,2.6622496,0.76742125,2.9297853,1.0349569
solar,74,46400,47552,0.8915186789137929,0.1519468217839931,0.7006879,0.16721487,0.6882343,0.15476131
solar,16,49856,51136,0.8914877035285459,-0.0089284590506541,0.9222455,0.07229042,0.90919447,0.08534145
solar,120,44672,48128,0.8913930411640881,-0.0785159424915464,0.34334993,1.4422078,0.033207417,1.0656505
solar,3,47744,52352,0.8913825018110173,-0.2717242797731967,0.028038502,0.61397743,0.19415236,0.39178658
solar,103,45952,51136,0.8912783352503859,0.1066162751513214,0.4436264,1.4589019,0.08389521,1.0991707
solar,111,42560,43136,0.891249654679183,0.1028141314621933,0.18585777,2.2727113,0.4126296,2.0459394
solar,91,43072,49408,0.891234809022856,-0.1420722304232555,1.587748,0.8361416,1.2701826,0.51857615
solar,130,46848,49728,0.8912162147561342,0.0380889957409932,0.54619646,0.85918665,0.24707317,0.56006336
solar,1,49152,49728,0.8910977571014361,-0.0282265396366388,0.5352044,0.56236315,0.6724582,0.6996169
solar,119,45824,47552,0.8910331656026812,-0.1051040539283299,0.15387869,0.0035042763,0.1106863,0.03968811
solar,36,43136,44864,0.8909746612568803,0.0513224072206801,1.6786027,0.3640113,2.090849,0.04823494
solar,106,49472,50048,0.8908367200193315,0.2830858532759619,0.13790083,0.15883732,0.19839811,0.098340034
solar,112,48128,51584,0.8906043000469561,0.1605139995796245,1.0564485,0.085146904,1.5561852,0.5848837
solar,57,43840,51328,0.8906003982350754,0.2459827170740923,4.0490136,0.006623268,4.3148756,0.27248526
solar,6,46976,52160,0.8905924295050239,0.1284575907144678,1.0417275,0.2792716,0.84693,0.08447409
solar,123,44800,46528,0.8904544808642285,-0.0094252637386445,1.7310925,0.030899525,2.0377765,0.2757845
solar,109,42240,50304,0.8903671557930583,0.2617397899664236,1.1344681,0.24325132,1.0906825,0.19946575
solar,76,46400,52160,0.8903661688716044,-0.0651875082595033,0.82965946,0.4602785,0.81685495,0.447474
solar,117,42368,52288,0.8903376206146353,-0.0852191286349111,0.5140047,1.4072189,0.41347742,1.3066916
solar,125,42368,49280,0.8902320995890379,-0.0132399112951437,0.59274054,2.8589644,0.3941183,2.6603422
solar,56,45440,46592,0.8902294339784449,0.097370844400603,0.13452005,1.4983878,0.5602279,1.07268
solar,104,49280,51584,0.8901392693290441,0.1264018497941731,0.27662897,2.6835866,0.5435152,2.9504728
solar,4,43200,46656,0.8900801604827714,-0.0519035002894851,0.16013622,1.7945418,0.042162895,1.6765685
solar,111,47552,51008,0.8900713135659886,0.070225683795831,0.09594154,1.4349232,0.3535266,1.1773381
solar,60,51136,52288,0.8900164381389036,-0.0419616643899497,0.954443,0.0020542145,1.0121884,0.05979967
solar,44,45248,51584,0.889997443678164,-0.0410811992744532,0.15797853,0.038150787,0.26656246,0.14673471
solar,103,45696,46272,0.8899859642263759,0.1163612772954852,0.45619726,0.19129229,0.39260244,0.2548871
solar,78,42112,52480,0.8898828357214289,0.0373459934499148,0.011511803,0.53585434,0.3156066,0.23175955
solar,28,42944,51584,0.8896350728263167,0.2364322128598956,1.4737663,0.2909751,1.0230565,0.15973473
solar,49,46016,47168,0.8895150956064011,0.1256154715124025,1.086832,0.2909627,1.2289095,0.14888525
solar,106,48448,51904,0.8893887155842467,0.0767643526985798,1.2440491,0.5079708,1.4587474,0.7226691
solar,61,44672,49280,0.8893840059969588,0.0335704372367049,1.0578871,0.18176699,1.4123669,0.1727128
solar,15,42816,43392,0.8893220658949227,0.0107979043217313,0.30104828,0.02538681,0.4756317,0.14919662
solar,49,47808,49408,0.8892877015860713,-0.0219803949882654,2.9629426,0.460083,2.7409596,0.23810005
solar,23,45568,51456,0.8892833718539401,-0.0125018462780996,1.3019226,0.47842765,0.87965965,0.05616474
solar,115,42048,47232,0.8892762353789418,0.1318806664493143,0.65448093,1.2667398,0.11998367,0.7322426
solar,37,45248,45824,0.8892669732454703,0.200405856354196,0.24494791,1.4885106,0.14248323,1.1010795
solar,112,48320,49024,0.8892050790955219,0.2211843601923277,0.2222004,1.0930934,0.3750825,0.9402113
solar,92,48704,52160,0.8891546832001056,0.267532746164893,0.5870509,0.28062248,0.8692198,0.0015463829
solar,86,45248,51584,0.8891461583357992,-0.0288859355536691,0.67217636,0.26375437,0.93528175,0.0006489754
solar,63,44928,47680,0.8890690766903635,0.269639652444641,0.4770422,0.98312616,0.11878443,0.6248684
solar,92,46848,50880,0.8890108668707146,0.2427781538891795,0.12449074,1.3628869,0.15073729,1.0876589
solar,36,49664,51968,0.8889203191323006,-0.1628036329022492,0.058054447,0.05545664,0.24339771,0.12988663
solar,102,42944,48704,0.8888075392677841,0.1920676818571425,0.2390914,1.294704,0.27421665,0.7813959
solar,39,47424,49728,0.8887785943913867,-0.013475107523916,0.45806932,1.0307574,0.08286619,0.6555543
solar,99,42624,52416,0.8887283770182246,0.0306504972660705,0.69081354,0.068617344,0.55859566,0.20083523
solar,103,42368,46400,0.8884129788311431,-0.1017650422508037,0.98326683,0.3940549,0.8658056,0.2765937
solar,130,42688,42816,0.8884124832168637,0.1106376190456749,0.24980497,0.1708188,0.28228235,0.20329618
solar,106,48128,52288,0.8883903687591101,0.018169028161907,0.37224197,0.19672823,0.25133133,0.075817585
solar,67,43712,51776,0.8883695132564843,0.196730233256263,0.15640402,2.4998512,0.27538776,2.3808675
solar,86,43648,44800,0.8883574444158384,-0.5022202261898017,0.23710108,2.6343265,0.20064354,2.597869
solar,69,42112,51456,0.8882396474265002,0.1773072537304126,0.7142744,0.77113104,0.68193054,0.7387872
solar,69,44928,47808,0.8882273475538613,0.2650829684686874,1.0363121,3.3108912,0.7971606,3.0717397
solar,86,43136,46592,0.8882049824829016,0.0356129938758834,0.0710125,0.016139507,0.015316486,0.07183552
solar,23,44864,51776,0.8881395750279757,0.2112555010212564,0.010447025,2.562004,0.08761215,2.484839
solar,107,45440,51776,0.8881204877292765,0.2660748880203635,0.058984756,3.31595,0.16976643,3.2051682
solar,62,46528,52288,0.8880953988676984,-0.1473393747407153,0.3366599,0.02913332,0.5099406,0.1441474
solar,59,44672,49280,0.8880461249409735,0.1367325860866664,0.4967389,0.30213165,0.714108,0.08476257
solar,2,43840,47168,0.8876959228442921,0.0340246970153058,2.1966438,0.49627113,2.4460502,0.2468648
solar,50,47872,51904,0.8875700655757834,-0.1223815089750174,3.2823315,0.070204735,3.473927,0.2618003
solar,7,43392,49728,0.887527937461349,0.2488438727049264,0.23095703,1.363327,0.05524683,1.6495309
solar,51,44672,50432,0.887503264396189,0.0205079323451763,0.16704226,0.16800308,0.29435444,0.0406909
solar,121,44224,52288,0.8874186187574923,0.0955055697946086,0.8569069,2.2649655,0.63327026,2.041329
solar,50,43328,47936,0.8874004502125633,-0.0204682994243537,0.16968393,0.9141922,0.4139142,0.6699619
solar,10,42368,45824,0.8873371911427856,0.2822617661322921,0.1690104,3.4538891,0.21064782,3.4955266
solar,60,46016,51776,0.8872429428957763,-0.5656748861053961,0.024347305,0.099576,0.24038792,0.16515923
solar,90,42368,52160,0.8872149907758468,0.1016157518803266,0.30840635,0.37761116,0.36059046,0.42979527
solar,62,45696,47424,0.8872139963012725,0.2539448095015477,0.28452253,0.7469244,0.4431963,0.90559816
solar,97,50752,50880,0.8870579391585273,-0.1064582768252496,0.15870953,0.26655912,0.20939207,0.31724167
solar,127,44672,48832,0.886996269787489,-0.0834362570146179,3.2507453,0.48700666,3.0039406,0.24020195
solar,74,43648,49856,0.8869889933712183,-0.2199444573634512,0.22527885,0.6326051,0.41098738,0.8183136
solar,19,48000,50304,0.8869869068391955,0.1955541886083091,2.5003343,0.21186304,2.377901,0.089429855
solar,83,42944,45248,0.8867350481574611,0.2361846062746605,2.3479433,0.58370876,1.9947085,0.230474
solar,71,46848,50880,0.8867269719324687,0.107077343271883,0.1372819,0.028391838,0.18089914,0.07200909
solar,31,43520,45248,0.8866817186350819,0.0230385666568098,0.33700085,0.9280653,0.12341738,0.71448183
solar,109,45504,50112,0.8866360820438951,0.2194759251168338,0.43156958,0.82290983,0.5778308,0.96917105
solar,134,44800,45952,0.8865985451112539,0.2724980462808016,0.005545616,0.15227127,0.2116375,0.36945438
solar,42,44672,52288,0.886533210251073,0.2086003301179256,2.207303,0.29543877,2.0799942,0.16812992
solar,26,47680,49984,0.8863457643179175,0.11019162060787,0.21352577,2.9432044,0.32397938,3.053658
solar,69,42752,46784,0.886322699405192,-0.2459228521110577,0.060855865,0.03202963,0.08233118,0.010554314
solar,29,43840,47296,0.8860714320950177,0.0865017326958577,2.4771156,0.19682074,2.5763922,0.09754419
solar,6,42112,51456,0.8860492677377778,0.1265611232238519,1.2332087,0.4819889,0.8912196,0.13999987
solar,40,42560,43136,0.8860044333044822,-0.0571082328235042,0.008157253,2.5429235,0.24912691,2.3019538
solar,102,46848,50880,0.8858777228190948,0.0059481866828187,0.18589354,1.1009922,0.025474548,0.9405732
solar,41,45696,46272,0.8858774474688998,0.1583680810668486,2.139327,0.16813421,1.7099237,0.2612691
solar,3,45824,51008,0.8855377053697437,-0.0419043612253996,0.66574335,0.14772177,0.98610115,0.46807957
solar,77,46528,51712,0.8855372528427536,0.0090821246613191,0.4166851,3.1818,0.15664768,2.9217625
solar,43,43520,45248,0.885454700848439,0.1049217907215783,0.1299901,0.10405111,0.36102724,0.12698603
solar,20,44096,46400,0.8853621489807926,0.0544543396857595,1.4031439,0.32343197,1.177309,0.09759712
solar,82,51328,51776,0.8852965363673351,-0.0766423387581717,0.076779366,2.6443653,0.07130957,2.6388955
solar,71,47552,51008,0.8852861995607004,-0.0653369488478344,0.17453146,2.242188,0.20315886,1.8644977
solar,14,42816,50304,0.8851844796061021,0.1044858221842952,1.3183241,0.009878159,1.4933877,0.16518545
solar,9,44800,46528,0.8851541336397456,-0.1504574984232211,0.53329897,0.015865326,0.7891269,0.27169323
solar,119,43328,51712,0.8851517338300678,0.1424026351607573,0.059629917,1.4821649,0.048164845,1.4936299
solar,36,42816,50304,0.8851154875796458,-0.1852200785985937,0.36397076,0.15928888,0.38825798,0.13500166
solar,130,48576,52032,0.885115399890542,0.1352570379178577,0.28920364,1.3452773,0.28443432,1.340508
solar,96,48128,49856,0.8849768197956458,0.1899132152933016,1.0958076,0.20536995,1.3596935,0.058516026
solar,47,44672,51712,0.8849712519932037,-0.0741050342333153,0.1094017,0.80049706,0.13624287,0.5548525
solar,135,45440,46016,0.8849451829806859,-0.0502200433883471,0.5523386,2.0409627,0.54011536,2.0287395
solar,86,44928,48832,0.8848770189701027,-0.0190668489618569,0.6834841,0.88963556,0.2437048,0.44985628
solar,130,51008,51584,0.8848688238623651,-0.0319778370489361,0.57127047,1.295083,0.24937963,0.9731922
solar,61,45696,50880,0.8847722496955199,0.0405017224746217,0.1182456,0.2866397,0.0052042007,0.16318989
solar,121,42560,51776,0.884621532720227,-0.1653557081044813,0.45632935,3.4645905,0.2029357,3.7179842
solar,15,45632,52416,0.8845597105095103,0.1770780335151017,0.116271496,1.3268151,0.04763937,1.258183
solar,53,42112,50752,0.8845535826912209,0.2540371701992234,1.6748476,0.20172882,1.9615455,0.084969044
solar,39,44864,52480,0.884430536852783,-0.1220308493709445,0.7692504,0.08888054,1.1939154,0.5135455
solar,89,45504,47808,0.8842345136480932,0.260246661482903,0.74768114,3.5572777,0.49453592,3.3041325
solar,27,49024,51904,0.8842176755702618,0.1553267672666208,4.1389503,0.21045804,4.1956,0.2671075
solar,75,42816,46272,0.8840728265099101,0.0741754123060383,1.3422596,0.0077621937,1.0820131,0.25248432
solar,2,42944,48704,0.8840709555186427,-0.0413433921129173,0.9564614,0.039587498,1.1960349,0.19998598
solar,61,46400,52160,0.8840345192909606,0.1184078192707645,0.24593687,0.6692033,0.24492979,0.17833662
solar,83,44352,47808,0.8839615385608808,-0.0128160960430633,0.16925383,1.9539928,0.3216982,1.8015485
solar,93,42240,42816,0.8839327488936907,-0.1108806796419309,0.10885763,0.29949188,0.0925684,0.31578112
solar,27,45376,47680,0.8839040780237821,0.0410013647294463,1.1031275,0.20880222,1.2333698,0.078559875
solar,131,44800,48832,0.8838707899224094,0.2784071929592107,3.8403702,0.28891993,4.0025496,0.4510994
solar,30,47680,48256,0.883710492306361,0.0981443592074637,1.9296083,0.4641919,2.2436538,0.77823734
solar,53,49408,51136,0.8837071513825167,0.2369770574035296,0.06925392,2.9785395,0.48235703,3.3916426
solar,83,45952,49664,0.8836426644509776,0.0788113362305803,2.1737947,0.7124157,2.2500267,0.78864765
solar,3,49728,50176,0.8834581717195972,0.0235965740550415,1.6904492,0.1998787,1.6516337,0.1610632
solar,24,42816,43968,0.8834337055517577,0.2369617765361543,0.8112464,0.07066584,0.6547046,0.08587599
solar,92,44992,52480,0.8832070126229836,0.1729821129577235,0.40319252,3.0951033,0.35393143,3.0458422
solar,36,42112,43264,0.8831976934082659,0.1439166555373075,3.8934505,0.09055328,4.0846386,0.10063505
solar,23,44672,50432,0.8831736581092401,-0.0300047211260824,0.82111835,0.55517197,1.3006172,0.0756731
solar,87,46272,49728,0.8829936358489744,0.0774360154863946,0.53045416,0.9337187,0.16501951,1.2991533
solar,19,49024,49472,0.8829240851329734,-0.4102972923593852,0.09183264,0.67705345,0.22747278,0.5414133
solar,130,49152,50880,0.8828076835133348,0.1484676116477022,0.015501499,0.22460032,0.049861908,0.28996372
solar,44,42816,43392,0.8826009301612956,0.1742773486029327,0.4100256,0.06247711,0.26855803,0.07899046
solar,31,42368,44672,0.8825410038937624,0.1979643628178848,0.12623835,3.2896886,0.49895048,3.6624007
solar,0,45248,49856,0.8824907322612243,0.1087328289167728,0.36829376,0.86220264,0.07365751,0.5675664
solar,68,42112,51200,0.8823530472003349,0.0950008459943059,0.21920538,2.870573,0.31422472,2.9655924
solar,54,44864,49024,0.8823299961651092,-0.1593047303962844,0.10311794,1.3439541,0.30541992,1.1416521
solar,35,42240,50880,0.8823184350181852,0.2713333888702119,0.24580526,0.19577456,0.41518164,0.36515093
solar,62,43968,44544,0.8823156435195324,0.2686076293201872,0.053292274,0.5159097,0.2307992,0.80000114
solar,91,44800,47680,0.8822749232665038,0.0885973271602325,2.2301903,0.64133024,1.8718705,0.28301048
solar,14,42048,46080,0.8822276249929462,0.0828374247856991,1.7358985,0.13904619,2.1242108,0.24926615
solar,108,47680,51712,0.8822093015818473,0.0387096880244924,0.15711832,2.9779825,0.4899335,3.3107977
solar,125,42816,43392,0.882184518878408,-0.1074662994190189,1.9146037,0.012999535,1.7137804,0.18782377
solar,52,42368,48128,0.8820340484011492,-0.0185020085760454,0.7245908,3.093522,0.23351431,2.6024456
solar,71,45952,48256,0.8820169276998218,0.1680450459773165,3.8738408,0.028244972,4.306142,0.40405607
solar,10,43200,44800,0.8819615885339531,0.1267357241860576,0.40677643,0.14749193,0.57213116,0.017862797
solar,79,42944,45824,0.8818928683632088,-0.0248151463527078,0.39697838,2.9727454,0.24697256,2.8227396
solar,18,48448,51904,0.881875420400154,0.1883158985392129,2.3412075,0.056206226,2.5870938,0.30209255
solar,65,42944,51584,0.8817145101380445,0.1582301151395115,0.46495533,0.27989388,0.5686517,0.17619753
solar,42,49152,51456,0.8817040852285745,0.1568422418705669,0.12598181,3.3144784,0.06819153,3.3722687
solar,25,44416,50176,0.8816522265528032,0.1065332883868124,0.3299141,1.0294743,0.032864094,0.73242426
solar,27,49152,51456,0.8815609247952892,0.1708664482096377,0.20795727,4.111311,0.3692832,4.272637
solar,94,43136,45440,0.881403564810165,0.1314313101265301,2.5193348,0.33697033,2.724698,0.13160706
solar,65,49280,52160,0.8813028230866482,-0.0070600865682974,0.6167741,0.13804436,0.41691017,0.061819553
solar,126,42560,46016,0.8811319451981191,-0.0384938020548651,0.08092022,3.0596466,0.27634478,2.864222
solar,4,45312,51776,0.8810898961489304,0.2681042897514538,2.1623468,0.7310152,2.262236,0.8309045
solar,124,44096,51584,0.880948675082378,-0.0631023178634246,0.33047962,1.4744697,0.107151985,1.251142
solar,30,49728,50176,0.8809401191866537,0.0773391845099391,0.43090773,0.87824106,0.10259724,0.5499306
solar,56,50048,51200,0.8809347993239911,-0.222336441635266,0.05853796,3.0295482,0.30617332,2.7819128
solar,97,43648,49856,0.8809135651699652,0.2512532001121041,0.34687185,0.40793133,1.0020137,1.0630732
solar,6,46528,51712,0.8808735323127421,-0.0779601558254737,0.3694744,1.3411832,0.482152,1.4538608
solar,12,47424,51456,0.8808083794063956,0.2305362789973803,0.59644985,0.7960863,0.51427364,0.7139101
solar,84,44800,45952,0.8807488191372415,0.1476261599121848,0.011816978,0.21374512,0.27269268,0.047130585
solar,122,46848,51456,0.8807027956058622,0.1837904253507192,0.3138466,3.5378256,0.36720133,3.4844708
solar,46,44096,51584,0.8802896075985213,0.0715676951002551,0.123929024,1.4998221,0.30783463,1.3159165
solar,33,43648,52288,0.880255875334438,-0.0416895764151643,0.11785889,2.4083958,0.26843357,2.5589705
solar,1,51328,51456,0.8802107676280388,0.0101030391412225,1.6710966,1.0906289,1.2333748,0.65290713
solar,4,42816,49152,0.880199679057686,0.0190123540537079,0.40623617,0.058723927,0.2465992,0.10091305
solar,59,42560,51200,0.8801607819802247,-0.0305465311657704,0.0879817,3.9871516,0.21311378,3.8620195
solar,106,43136,45440,0.8801228061097214,0.2544029415083514,2.0116906,0.62136364,2.4489536,0.18410063
solar,57,51136,51712,0.8799414166609356,0.0704913556227249,0.14677238,0.23008251,0.13627243,0.24058247
solar,10,47680,51136,0.8799153661790459,0.2657637880895372,0.38847065,2.785891,0.34842825,2.7458487
solar,15,43136,44288,0.8799019373265526,0.1363647037407373,3.104414,0.6210208,2.9663916,0.48299837
solar,27,49728,51776,0.879872469161953,-0.1245893726451505,0.5733957,1.1630001,0.2492466,0.838851
solar,101,42112,44416,0.8797321236087524,0.2181555471588736,1.4123788,0.12287474,1.6532321,0.11797857
solar,133,49472,49728,0.8797075586092076,0.2874477378364943,1.528306,0.97895956,1.3194103,0.7700639
solar,7,44416,52480,0.8796703356894925,0.1878403944276943,0.0046339035,2.367549,0.21733475,2.154848
solar,28,45824,46400,0.8795862331294535,0.0097144566911651,3.4846764,0.5998111,3.1546602,0.26979494
solar,40,50880,51456,0.8795861526287553,0.0618025971095236,0.1311779,1.4934607,0.08383942,1.4461222
solar,59,42368,52160,0.8794527729962565,0.2406853633896621,0.67467785,0.114350796,0.71086407,0.15053701
solar,95,45120,50880,0.8792865540739995,0.2728799039063522,0.010843277,0.18908405,0.116939545,0.082987785
solar,76,46976,51584,0.8792435708497196,0.0518600302190941,0.18514585,2.0873861,0.5370021,2.4392424
solar,112,45824,51008,0.8792410980591974,0.1671879642283332,0.12670374,0.36245632,0.062973976,0.1727786
solar,99,42816,43968,0.8791894605515218,0.177677735620659,0.05594635,0.42143106,0.022478104,0.4548993
solar,39,45952,51136,0.8791168553186657,-0.0024123937224869,0.20778465,0.1636343,0.014936447,0.029213905
solar,39,44672,45248,0.8790260429143038,-0.1216443834069298,0.053132534,0.028528214,0.30219555,0.2205348
solar,29,42688,52480,0.8789864930073742,0.2624546212917931,0.12627506,1.876226,0.11618614,1.6337647
solar,92,46656,47808,0.87879455410943,0.2674138962939333,0.15272903,0.16285992,0.11093712,0.100806236
solar,72,45824,51584,0.8787549541120556,0.2839226702382011,3.2553039,0.14481068,3.588943,0.47844982
solar,130,44160,52352,0.8786929076139788,-0.1850068774923894,0.19268084,0.46952343,0.2153387,0.4921813
solar,51,49152,49728,0.8785791404326047,0.1643981452871171,0.44809532,0.27300835,0.421525,0.24643803
solar,33,42432,46592,0.878534987690154,0.112183511629561,0.5080471,0.46660185,0.6792612,0.29538774
solar,45,45952,47680,0.8784400741524112,0.206932137702601,2.1478195,0.3874054,2.6157393,0.8553252
solar,19,45248,51584,0.8783929981007971,0.0214613098243839,1.3623028,0.31499624,1.676116,0.001183033
solar,60,42944,45824,0.8782921683235521,-0.1360883042592543,0.28085184,0.55731297,0.074327946,0.20213318
solar,23,47808,50112,0.8781797319707662,0.0099670282135375,1.9670734,0.0045194626,2.4417,0.47010708
solar,22,45248,51008,0.8779444220157355,0.162375267573378,0.63642883,1.5220137,0.16936588,1.0549507
solar,63,45248,51584,0.87792490446501,0.1303565803873537,0.17161131,1.1578336,0.3455186,0.6407037
solar,4,45952,47680,0.8778070495395845,-0.0640332538339512,1.4809952,0.05045414,1.8290653,0.39852428
solar,50,43072,50560,0.8776676144081085,-0.1684034012871391,1.1115918,0.6429143,0.47462463,0.005947113
solar,41,43840,46720,0.8775770444342244,0.1078902654158602,2.488099,0.07509518,2.4890351,0.07603121
solar,15,43968,49408,0.8775462855470073,0.0076441676851308,0.48636055,0.86066675,0.79919004,1.1734962
solar,11,43072,52288,0.8774934516570265,0.1705557767930849,1.3884478,0.77127886,0.99262667,0.37545776
solar,30,44160,45312,0.8774480886871018,0.1143759570235286,0.5673404,1.8325453,0.6475735,1.7523122
solar,2,42048,52416,0.8774373540563171,0.09975293314528,0.6777935,4.52316,0.40655422,4.2519207
solar,102,49152,49728,0.8774371571722986,0.152546648790264,0.22406483,2.7402015,0.44170904,2.9578457
solar,85,45696,51456,0.8774157368019692,0.1131276288041887,1.2774756,0.45614696,0.85463285,0.033304214
solar,88,44800,47680,0.8773161369815096,0.1133940427470501,3.0843205,0.5437069,2.7443395,0.20372581
solar,96,42816,52032,0.8772250273053463,0.0921812909929718,1.0607243,0.44210577,1.1940713,0.5754528
solar,19,42432,52352,0.8771450100181657,0.024947395287145,0.20748854,0.2855053,0.12158871,0.19960546
solar,110,43136,45440,0.877125372086186,0.0357907445390311,3.8882074,0.14721298,4.040514,0.0050935745
solar,18,43648,49984,0.877105839801819,-0.0975428677841968,0.48511648,1.9557395,0.63499546,2.1056185
solar,49,49600,52480,0.8770921998886423,0.1394922536605548,0.14910793,2.307004,0.21482229,1.9430737
solar,67,48320,52352,0.8769259833108654,-0.181013372052582,0.13346815,2.3694925,0.30632544,2.1966352
solar,26,43392,48000,0.8769198811746246,0.1874303679578705,0.85728693,1.6046453,0.28678894,1.0341473
solar,113,42368,45248,0.8769014059581889,0.2323282480250471,0.15729284,1.3097429,0.30992794,0.84252214
solar,4,44992,52480,0.87685109501736,0.0568482396754505,0.75156355,2.2614684,0.88551235,2.3954172
solar,43,49152,50880,0.8766494783028301,0.0142189905249027,0.26938105,1.4218507,0.44179583,1.5942655
solar,6,48000,49152,0.8764726296595409,0.2461047548775769,2.142809,0.2608924,2.2495394,0.36762285
solar,45,51136,52288,0.8763980877560386,-0.1474433451425399,2.1612797,0.19672108,2.631021,0.6664624
solar,52,51904,52480,0.876379560591643,0.1963149826613896,0.29692578,3.2065585,0.23459435,3.144227
solar,11,49600,52480,0.8763353968798153,0.0780425408126792,0.040893555,2.6306143,0.23366499,2.3560557
solar,15,43584,51648,0.8762509971264756,0.1246153035304254,0.24468851,0.45212078,0.08723736,0.60957193
solar,46,48832,52288,0.8762177008060004,0.1088420896410628,0.32961226,1.8683195,0.49711514,2.0358224
solar,88,42112,50176,0.8761307735473504,0.2069626522043273,2.0367393,0.47793102,1.7866435,0.22783518
solar,95,47424,52032,0.8761012576776,0.1228738323501699,1.4001555,0.5366101,0.91069794,0.04715252
solar,OT,43904,50688,0.8759747197434351,0.0491605471725231,0.20277023,0.07577753,0.3770976,0.2501049
solar,100,46656,47680,0.8759609876743022,0.2258149111796035,3.066853,0.57168865,2.7214851,0.22632074
solar,122,44288,46016,0.8759436713886569,0.0123553133373518,0.014066219,3.4312668,0.18787766,3.2574553
solar,65,45824,47552,0.8759127521436834,-0.0676750612164513,2.1354542,0.026255608,2.2742882,0.11257839
solar,40,49280,52160,0.8758176623066614,0.0715982940175564,0.42448616,0.94545794,0.71392727,1.234899
solar,134,48000,52032,0.8756307352870516,0.135384235849098,4.551199,0.64193726,4.4245863,0.51532435
solar,24,45248,50432,0.8755683937098924,0.2718849697440919,0.38937664,0.25906324,0.5427208,0.10571909
solar,86,42368,44096,0.8753999431599894,0.256667145395163,0.33398676,2.1116214,0.36352158,2.1411562
solar,12,43648,44800,0.8751615676338905,-0.0939539024091884,0.095992565,3.0233483,0.43492174,3.3622775
solar,33,49152,50880,0.8750903586669869,0.2849170916166477,0.13463211,0.03907585,0.021443367,0.07411289
solar,126,47168,52480,0.8750666829465565,0.0071243708648496,0.26263952,2.3724952,0.51577425,2.1193604
solar,22,48000,50304,0.8749099912933179,0.2281794222213228,3.6650472,0.104016304,3.5858784,0.1831851
solar,59,49856,52288,0.8748555666810158,-0.0433321056990374,0.68826246,1.864192,0.27067757,1.4466071
solar,102,50752,51904,0.8748402500241483,0.1758775815354181,2.5894303,0.09247494,2.8188605,0.13695526
solar,77,46400,51008,0.8746892056307202,-0.4083838959037193,0.54567957,0.48882675,0.23894167,0.18208885
solar,67,46144,49728,0.8745955208693341,0.0347763252560475,0.26168966,0.8885703,0.13165998,0.75854063
solar,91,51008,52288,0.8745317571096994,-0.1444519928330253,2.2778282,0.21149588,2.1802564,0.11392403
solar,101,42816,48576,0.8744184742808669,0.0777259936426377,0.62792873,0.023162842,0.8209877,0.16989613
solar,94,42816,43968,0.8744101264673765,0.1799369334664093,0.17547655,1.0362148,0.41889715,1.2796354
solar,50,47680,52416,0.874014228095239,0.2160648881914152,0.10105848,2.9664855,0.37833023,3.2437572
solar,90,44928,47808,0.8738711709125795,0.257712744003896,0.30994225,0.13873196,0.20274925,0.031538963
solar,32,45248,51584,0.8738654606264268,0.0071109963851135,0.5011282,1.782834,0.06514263,1.3468485
solar,34,44800,51712,0.8738439616803992,-0.1926826353958591,0.011530876,0.3771286,0.1049099,0.26068783
solar,46,45952,52160,0.8738069188813749,0.2730865959033255,1.7992592,0.025611877,1.9950886,0.17021751
solar,104,44800,46528,0.8737386634022151,0.1476287022826072,0.4589038,0.08200598,0.48169136,0.10479355
solar,61,42752,51840,0.873717909794915,0.0820221899511399,1.4287028,0.18277693,2.0467443,0.4352646
solar,105,47872,48448,0.8737044614854387,-0.058379319148482,2.1711645,0.25476742,2.387064,0.03886795
solar,127,43840,44544,0.8736446300733869,-0.1803185127152698,0.13415861,0.3100009,0.1696496,0.3454919
solar,63,45952,52288,0.8736069945027791,0.1324875471287929,0.4249897,0.10815477,0.52636147,0.20952654
solar,33,47552,51008,0.8735898095409873,-0.0599792139283218,0.047983646,1.3697705,0.37739754,1.0403566
solar,118,46592,50048,0.8734827304774051,0.021850334889975,0.9352455,0.3500414,1.1872063,0.098080635
solar,120,47104,51136,0.8733514649913378,-0.0971244345618522,0.23309422,2.8718204,0.5300474,3.1687737
solar,100,43264,47872,0.8733435350567914,-0.1253489177585624,0.13251448,2.8627768,0.109063625,2.839326
solar,58,45824,51712,0.8732905234963143,0.2806064539618862,0.29304266,2.4953165,0.189116,2.0131578
solar,125,49728,50304,0.8732664124058542,0.1041629268530073,1.2244105,0.04578638,0.7360902,0.44253397
solar,21,48960,52416,0.8731328217286688,0.2890564725191541,0.10920048,0.40875912,0.06149578,0.4564638
solar,74,43264,49728,0.8731318217993571,0.1310554495914838,0.3496592,2.9327314,0.18805051,2.7711227
solar,121,43520,48704,0.8729105657212469,-0.0989312439797945,0.10330629,0.9282875,0.21202517,0.61295605
solar,124,44288,46016,0.8729069535179403,0.049235936999158,0.07111645,3.5570083,0.2024622,3.4256625
solar,2,52160,52288,0.872900001702082,0.169967691337898,0.2637558,3.3805008,0.18896914,3.3057141
solar,24,44672,49280,0.8728910967169452,0.1643084741645834,0.28771782,0.9129119,0.6193328,1.2445269
solar,55,47232,47680,0.8728796881051947,0.189585973000443,1.0305786,0.2764511,0.9397831,0.1856556
solar,2,44672,46400,0.8727972350685969,-0.3151094073761954,3.6320877,0.07069826,3.6643353,0.102945805
solar,79,48000,51904,0.8727931243678329,0.2183065199705674,1.8606112,0.3181672,2.0943112,0.55186725
solar,101,45248,51584,0.8727466090711903,0.058070974352341,0.72905827,0.08906269,0.72137547,0.08137989
solar,82,42368,46400,0.8726495360394324,-0.1400889095278271,0.6842451,0.3064685,0.4433794,0.06560278
solar,46,49600,51456,0.872645936658382,0.0151271802717108,2.2960253,0.4526403,1.8581738,0.014788866
solar,54,46144,51776,0.8724728992789278,0.1288466191152995,0.22911787,2.7952833,0.10862732,2.6747928
solar,62,45952,47680,0.8724201053340745,0.1799995373321005,2.4675474,0.54165125,2.1102057,0.18430948
solar,85,47680,52416,0.872289866215277,-0.5030594149927514,0.23014688,2.6993055,0.47209644,2.941255
solar,78,48128,51584,0.8722081622889323,0.0893520902686974,0.17102957,0.27815962,0.067267895,0.3819213
solar,70,44096,45248,0.8720750034596259,-0.0622844315586083,2.138918,0.2532177,2.5123606,0.62666035
solar,81,47168,52480,0.8720502126447444,-0.05856595561164,0.22528458,0.7559519,0.25075197,0.7304845
solar,27,42112,52480,0.872041996384789,0.1444362870436694,0.23982191,2.470757,0.030252934,2.2006822
solar,12,50752,52480,0.872006495415338,0.2258150539133547,0.1289649,3.0338173,0.2107315,2.9520507
solar,93,42432,44736,0.8719196602224626,0.1709561755154612,0.32747602,0.73133755,0.55098295,0.5078306
solar,60,51008,51584,0.8718514547287661,-0.0013737569581292,1.0241742,0.13110447,1.2664742,0.111195564
solar,125,48128,51584,0.871808671791912,-0.124521759873591,1.4727783,0.20110893,1.6981602,0.42649078
solar,106,43072,46528,0.871788034812446,0.1036344636940417,0.63126373,1.9534068,0.059299946,1.381443
solar,55,45248,48704,0.87167577336202,0.1705306276291814,0.5225196,0.18014574,0.4713564,0.23130894
solar,81,42176,51712,0.8716625470260044,0.2767573615848314,0.5110502,0.29717255,0.072439194,0.14143848
solar,102,44800,52288,0.871619762668807,-0.0080484873922333,0.62846136,0.11425209,0.6701975,0.072515965
solar,89,51712,52288,0.8715189099837602,0.2517297696508268,0.5107932,0.15049839,0.34979534,0.010499477
solar,20,45952,49408,0.8715183182445166,-0.1242831057119167,2.96637,0.50121784,2.6971445,0.23199224
solar,110,43776,51712,0.8714911178498879,0.1512624995549862,0.037353516,0.72117805,0.032809258,0.7166338
solar,96,48832,51584,0.8714620284683162,0.1738856676550311,0.8909869,1.576016,0.67360115,1.3586302
solar,66,50176,51456,0.8713569098649354,-0.1549638393338205,0.18247032,0.41750717,0.02749157,0.26252842
solar,73,43520,50432,0.8707265502723441,0.1988188027209898,0.70279837,2.1115146,0.3777852,1.7865014
solar,100,45824,47552,0.8706900196049892,0.2052496470427083,1.3954101,0.0065722466,1.6396732,0.25083542
solar,0,42048,46656,0.8704764966466328,-0.3629929983328621,0.62857866,0.10153198,1.0104685,0.28035784
solar,OT,46080,52416,0.8702930014152302,0.2207952795729493,1.7104473,0.1129179,1.8949265,0.07156134
solar,71,48000,52032,0.8700289556734196,0.0750006089188983,3.3261056,0.5125923,3.1860137,0.37250042
solar,113,45824,48000,0.8699884328084498,-0.0474713869973721,2.184681,0.34080505,2.984767,0.45928097
solar,75,43072,44800,0.8699805674442429,0.2782791068383747,0.0067272186,0.4444046,0.1884408,0.26269102
solar,56,47680,52288,0.8699597970792855,0.2114717253288115,0.24929094,1.0545769,0.5011358,1.3064218
solar,32,44224,45952,0.86947771972782,0.0800340430267777,0.16269255,2.4475574,0.29912138,2.5839863
solar,21,49152,51456,0.8692371970968514,0.241231220154431,1.6788306,0.09682226,0.99043226,0.5915761
solar,133,43712,51776,0.8691536580068311,0.0456582340977419,0.10396147,2.2860403,0.24074268,2.149259
solar,47,45952,52288,0.8690665094127061,0.1430342765633112,2.0333843,0.19081783,2.1262841,0.09791803
solar,49,49280,52160,0.868832527510004,0.1858099309786342,0.09130669,1.8320665,0.53719044,2.2779503
solar,9,48000,49152,0.8688006777727708,0.2606839672621107,3.3524113,0.4445486,3.3065767,0.39871407
solar,119,43072,47680,0.8687656864184952,0.039759729265461,0.037562847,0.85131264,0.4871831,0.4016924
solar,45,43392,44544,0.8686772673701064,0.2850058374417457,0.3188281,2.3998675,0.2978344,3.01653
solar,47,46016,50624,0.8685334937108832,0.1390680424478971,2.0744305,0.42341852,2.2830906,0.2147584
solar,19,46848,49728,0.8684081313591465,-0.0822756419473887,0.3258052,1.0764203,0.23674488,1.1654806
solar,13,43136,47296,0.868343450287405,0.1856440447602687,3.3089347,0.25635624,3.4191632,0.1461277
solar,20,42112,44992,0.86821451900628,-0.0730758107543201,2.6964693,0.2924142,2.6947422,0.29068708
solar,66,49408,51712,0.8680910382686186,-0.2927783650020481,0.26041555,2.4364443,0.54678774,2.7228165
solar,45,45888,50496,0.8680308953387447,0.2432300966744113,1.5210795,0.54563046,2.0165906,0.0501194
solar,127,47424,49728,0.868003616450942,0.093453582923031,0.33560228,0.8892145,0.090566635,0.64417887
solar,13,43520,46400,0.8680033325637985,-0.0150350765689634,0.31920862,1.1659603,0.033426285,0.8133254
solar,118,42816,50304,0.8679098681753905,0.2991414665870915,0.57963943,0.12502241,0.7306466,0.025984764
solar,18,44992,48000,0.8678861158668971,0.2213295600361756,0.037275314,3.4419293,0.1148572,3.5195112
solar,26,50880,52032,0.8677933570421298,-0.0616760203017588,0.8972249,0.09266567,0.7568822,0.23300838
solar,126,42944,45248,0.8676441155231822,-0.0447763429929113,3.0580206,0.4422593,3.0430555,0.42729425
solar,117,45824,48128,0.8673564085894913,0.1370509437389381,0.04775858,0.90576506,0.16987896,0.6881275
solar,56,43648,48384,0.8673193247774438,0.0819756638392077,0.61437845,0.17661524,0.64276505,0.20500183
solar,110,45248,45824,0.8671846264677812,0.2695153200361663,0.43228674,2.3532267,0.02217865,1.8987613
solar,41,43072,45952,0.8671730546591188,0.1729451665743066,0.41149616,0.06191635,0.7245302,0.3749504
solar,30,46528,51584,0.8671205964522504,-0.0088550766234905,0.7897606,3.0594716,0.7980671,3.067778
solar,109,45952,52160,0.8670325719795806,0.2941848686124426,2.5475698,0.02691698,2.7369113,0.16242456
solar,59,48000,50304,0.8669997358658011,0.0236876023725239,3.0556703,0.103441715,2.9177976,0.24131441
solar,4,48704,51584,0.8665320318264009,0.084802069632912,0.44287014,2.3610725,0.058029175,1.9762316
solar,65,44992,52480,0.8665046144776952,0.1049374951543773,0.3679824,3.4322329,0.34176302,3.4060135
solar,32,49472,50048,0.8662451804115623,0.2668811183252484,2.2056427,0.33470726,2.479075,0.061275005
solar,5,47296,47872,0.8662298628204854,0.2617350430925213,0.055974007,2.3802552,0.24185896,2.1943703
solar,133,43072,49408,0.8661111653180051,-0.0988815950990767,1.1793785,0.23439646,1.0314803,0.08649826
solar,31,51328,52480,0.8660627161261291,0.2855003293070117,0.4895525,2.4518323,0.24024057,2.2025204
solar,23,51008,51584,0.8658491161782679,0.0419518989985562,0.07174301,1.1467977,0.4348488,0.7836919
solar,122,46784,51392,0.8657359104287151,0.1649451059160006,0.21317625,0.58299255,0.34643602,0.7162523
solar,42,42944,50432,0.8657331928498795,0.2662982469918161,0.384408,0.21377563,0.49059582,0.107587814
solar,74,42240,43392,0.865612809241284,0.0644806081404749,0.49102354,3.2553039,0.07178974,2.83607
solar,75,42112,51904,0.8655789625316197,-0.0620675791631151,2.9920788,0.1904192,2.9198728,0.11821318
solar,94,46016,50624,0.8654671809938467,0.2527909811632123,2.8077621,0.4521165,3.072196,0.18768263
solar,9,43712,51776,0.8654265122189277,0.1910884131404354,0.05254078,1.3240728,0.1545763,1.1169558
solar,93,45824,46400,0.8654242013537664,0.1036824642102234,0.0065021515,0.40521574,0.25965166,0.13906193
solar,103,47296,48448,0.8652758351837117,0.2835113958161812,0.0012598038,1.606575,0.25926924,1.346046
solar,20,42944,51584,0.8651924263159706,0.119755142242961,0.791554,0.07262421,0.9884634,0.12428522
solar,113,42432,46016,0.8651812012416927,-0.4242696847696943,0.39897966,0.093829155,0.6724744,0.17966557
solar,108,43648,44224,0.8651344152923925,0.0174103586583037,0.5558934,1.618216,0.6347809,1.6971035
solar,21,51008,51584,0.8650916440642675,0.2378068532652298,0.24046707,0.0809927,0.1793251,0.01985073
solar,111,42368,46976,0.8650783017397827,-0.0539531888686167,0.5181384,0.3199072,0.3660183,0.16778708
solar,9,43840,49600,0.8650617605711327,0.0251010146051566,2.8501568,0.27511787,3.0284877,0.096786976
solar,123,48000,50880,0.8648853006219009,-0.0513120462956654,2.9860377,0.42395926,2.7906213,0.6193757
solar,129,42944,46400,0.8647459875733002,-0.0549942441008016,2.5553236,0.57728815,2.4396534,0.46161795
solar,35,43520,45248,0.8646395113870615,0.1504310882368427,0.10868883,1.6208277,0.51932716,1.2101893
solar,41,48000,49728,0.8644889409273109,-0.1954636659655493,0.04609871,0.19795275,0.07419062,0.16986084
solar,104,47232,47808,0.8644568702407627,0.0192564075425059,0.2500372,1.6038942,0.1885519,1.6653795
solar,6,45440,46592,0.8641899031689525,0.2401647561263488,0.068300724,0.6925416,0.2205162,0.5403261
solar,119,43520,51584,0.8641845808446108,0.241855019263254,0.11413813,1.5302744,0.27350092,1.1426353
solar,102,43776,49984,0.8641781325237999,0.270597948892544,1.3649287,0.1703043,1.5661488,0.030915737
solar,14,42112,51904,0.8641682355351681,0.2661859625688135,2.1632247,0.24129248,2.2777119,0.35577965
solar,26,50176,50752,0.8640535961906864,0.2858657801666683,0.19088173,2.055637,0.026147366,1.8386078
solar,16,42816,52032,0.8640494901065235,0.0809531587958292,1.7082791,0.072749615,1.4307437,0.35028505
solar,116,42176,51712,0.8639949124099476,0.116951212911233,1.2413268,0.15600777,1.383595,0.013739586
solar,69,45248,51008,0.8637935713313791,0.2593670232964572,0.30411768,1.3803287,0.31842804,1.394639
solar,78,42048,44928,0.8636749896456696,-0.0408707646287396,0.25890207,1.1586161,0.13846922,0.7612448
solar,123,43072,49856,0.8636671764819269,0.2973933516431605,0.9623127,0.121110916,1.3497963,0.5085945
solar,67,46528,51712,0.8636504204199661,-0.0780827949816455,0.11389446,2.1208768,0.47557163,2.482554
solar,1,46848,52032,0.8636078585047883,0.1530908699054388,1.3403788,0.27503777,1.0685234,0.0031824112
solar,80,51136,52416,0.8633207801692078,0.1040898746352732,0.27732563,1.4304614,0.006178856,1.1469569
solar,28,48128,49856,0.8632494591173239,-0.0937579514586096,2.8396678,0.0578475,3.3521075,0.45459223
solar,83,43648,51712,0.8631977110221802,0.2672163597715419,0.01541996,1.7109075,0.11137104,1.5841165
solar,91,45248,45824,0.8631345833186004,0.0024740722365106,0.16045761,0.11635208,0.5620408,0.2852311
solar,88,45248,46976,0.8631286085115195,0.1524642050686589,0.8113828,0.118163586,0.7760277,0.082808495
solar,24,43072,45952,0.8631129305921212,-0.1040881898623288,0.68796253,3.630385,0.2117877,3.15421
solar,124,42816,51456,0.8630893055444926,0.2746223118045713,0.49180222,0.44569397,0.7351227,0.68901443
solar,132,45248,51136,0.8630181393536066,-0.1319127567335791,0.4716735,2.298481,0.1320033,1.9588108
solar,16,46272,48000,0.8628680705474328,0.1146255164221142,0.42617846,2.9685526,0.07084608,2.471528
solar,16,44864,46592,0.8627107435202583,0.2881037736606293,0.26291084,0.65023947,0.11398363,0.273345
solar,0,43712,51200,0.8625711131177897,0.2042678924571657,0.17980719,0.6940479,0.44203854,0.9562793
solar,111,42112,51328,0.8625657956421364,0.2683517941051283,3.2852101,0.058488846,3.5032008,0.27647948
solar,56,45824,47552,0.8625451131638201,0.1811664918132347,0.918025,0.25898218,1.2892146,0.11220741
solar,28,46144,52480,0.8623291541282511,-0.0321813680005156,0.58754206,3.0861368,0.46207476,2.9606695
solar,54,45952,52288,0.8621358144141068,0.289332937089396,2.6607985,0.41358328,2.5452895,0.29807425
solar,55,44672,45952,0.8620555821176386,0.2478820151091828,0.18052435,0.11510849,0.19328976,0.1278739
solar,118,48960,52416,0.8619734502148609,0.2482796176474378,0.26211452,0.62585115,0.23007727,0.6578884
solar,27,45824,49280,0.8617991905863717,-0.2296140468544294,2.1337261,0.32567835,2.6757789,0.2163744
solar,113,44800,51712,0.8615877071399077,0.1727548459444493,0.4060235,1.2169585,0.018850803,0.8297858
solar,76,49472,52224,0.8614979472609501,-0.5042943484956157,0.081335545,1.0411844,0.13087654,0.82897234
solar,113,43072,43648,0.861489964340823,0.2136844572689616,0.9850068,0.71869516,0.6015644,0.33525276
solar,29,45248,48704,0.86141448222479,0.1044552624561822,0.34098005,1.1844239,0.021898746,0.8215451
solar,54,42368,50432,0.8614083954071092,0.1021738240479638,0.30529642,0.8570838,0.002295494,0.5494919
solar,71,44096,49856,0.8613801660695455,0.1052128363739061,0.16750336,2.1661882,0.2815857,1.7170992
solar,7,45824,51008,0.8613656067577045,0.0571011891857811,0.016064644,0.97807217,0.3792858,0.5827217
solar,2,44224,51136,0.8611564070337616,-0.0613179966186315,0.2585988,3.4620214,0.31618357,3.519606
solar,90,46848,48000,0.8609565707355544,0.073451662319372,0.595139,0.9775281,0.62012196,1.002511
solar,72,50304,50880,0.8609443164809625,-0.0339102885314454,0.10247278,0.24928904,0.02438593,0.37614775
solar,33,43712,47296,0.8607640529942994,-0.1099727910511768,1.9477139,0.25625753,2.124205,0.07976627
solar,131,44288,52480,0.8607306590279447,0.1261039040665478,0.17641497,2.3972516,0.47128153,2.102385
solar,121,42112,46144,0.8606088759212758,0.1754043866053704,0.32793617,0.069767475,0.38096952,0.12280083
solar,115,42240,42816,0.8605531158151639,0.0981584657345749,0.042771816,0.64248085,0.062057972,0.6231947
solar,OT,44800,51712,0.8603890082440228,0.0474935374521685,0.071863174,0.17490959,0.28438854,0.5311613
solar,55,51136,52160,0.8603836236792555,0.091166001541329,3.5416112,0.19053793,3.4576473,0.10657406
solar,48,44672,49280,0.8601312812136281,-0.0509023308467048,0.017016888,0.39296865,0.18858242,0.18736935
solar,84,42112,47424,0.8599575193845914,-0.0386920544277519,1.9935288,0.345932,2.0404496,0.29901123
solar,66,42112,45824,0.8599298237558533,-0.148453239598474,1.1581101,1.0351329,1.1509576,1.0279803
solar,36,49280,52160,0.8598529512363963,0.2425024748620552,0.17786074,0.15467358,0.38933325,0.056798935
solar,114,47424,48000,0.8595567894489952,0.1372528259166454,0.6378617,0.99976397,0.45441628,0.8163185
solar,52,50304,50880,0.8594917423388706,0.2254694642527245,0.36817455,0.58522224,0.0010356903,0.9523611
solar,27,51136,51712,0.8594109180388371,0.2558097467874222,0.0006222725,1.8240671,0.32323313,1.5002117
solar,0,49280,51584,0.8594075426553893,0.014031136746917,0.7149749,3.2058363,0.5388341,3.0296955
solar,129,52288,52416,0.8593996080574835,0.2520538617525081,2.4191103,0.43257952,2.8745542,0.8880234
solar,112,51456,51776,0.8592870623163494,0.2738387462777528,0.3227439,2.7639318,0.062142372,2.5033302
solar,127,49024,49600,0.8590879055912083,0.0926158877522922,2.116858,0.25828743,2.3906693,0.0155239105
solar,71,50176,52480,0.8590791840067158,-0.0284949714654626,0.4042263,2.8852186,0.1990757,2.680068
solar,11,42368,47680,0.8589950797586998,0.2472487407843749,0.1664834,1.0630913,0.17263603,1.0692439
solar,101,44800,46528,0.8589849282572658,0.1140787767411995,0.09589243,0.74954367,0.10724497,0.54640627
solar,30,43136,44864,0.8589459450805542,-0.1746509275311063,2.3299952,0.21022177,2.6282654,0.08804846
solar,115,48000,48576,0.8589353389781844,0.1180352379151261,0.5509887,0.5373173,0.8556962,0.8420248
solar,84,46848,48000,0.8587869311276706,0.2516049997673503,0.030833721,1.980577,0.14639711,2.0961404
solar,68,47808,48384,0.858704941843048,0.2060689827225054,0.49384785,0.2032733,0.8628793,0.16575813
solar,44,46400,52160,0.8586657181664029,0.1990481088171473,0.4483161,1.5665317,0.90519047,2.023406
solar,64,45824,46976,0.8585979891145288,0.1866935366267523,0.8582258,0.087338924,0.86692715,0.09604025
solar,101,43136,50624,0.8585799734937436,0.2498911077951089,2.4880252,0.43749475,2.7565079,0.16901207
solar,98,42048,49536,0.8584673907854509,-0.1412107930743122,0.040590286,2.543601,0.3418131,2.1611977
solar,112,43008,52224,0.858222335390361,0.0242382905892533,0.5718303,0.6552329,0.6039386,0.6231246
solar,55,43584,44160,0.8581538333007666,-0.0420711534131419,0.4482026,0.50542736,0.49386024,0.45976973
solar,122,43072,47680,0.8581504097146055,0.0729021423604121,0.16164875,1.0449257,0.3623886,0.5208883
solar,55,47872,50624,0.8580408853359062,0.0793404352250302,0.9029088,0.3102789,1.0631871,0.15000057
solar,58,48000,50304,0.8579877390725964,0.1149913712530225,2.1809883,0.36567736,2.1569996,0.34168863
solar,9,51328,52480,0.8574608468704382,0.2185074489475246,0.2689433,3.078189,0.14237905,2.9516246
solar,17,46016,50624,0.8574595136618592,-0.031390513624173,2.1502008,0.52416706,2.4796448,0.19472313
solar,3,42944,47552,0.8574553324170558,0.2764550151675973,0.5650153,0.19949579,0.28509474,0.080424786
solar,34,42368,50432,0.8572423925079624,-0.0023845570449566,0.5008335,1.8939948,0.049390793,1.4425521
solar,78,43072,45952,0.857222014420412,-0.1990354360298877,0.35172462,3.794269,0.08969116,3.3528533
solar,60,42816,46272,0.8572006100476187,0.1705017986635659,1.1214039,0.028368711,1.0050802,0.087955
solar,8,49728,50176,0.857107475048235,-0.0084873011498568,0.48934698,0.024675846,0.56762123,0.053598404
solar,50,44288,52352,0.857075508905191,0.2042678142915618,0.16845942,2.4003544,0.45457602,2.1142378
solar,40,43520,45248,0.8568687014243267,-0.0402666227566004,0.2453351,1.601501,0.15732718,1.1988387
solar,130,44672,49408,0.8568346393623906,-0.368556798686341,2.4239602,0.50198555,2.317121,0.39514637
solar,79,42368,48704,0.856773415326774,0.2718744931460276,0.3449192,0.26221943,0.120687485,0.03798771
solar,102,43520,46400,0.8567381858115585,0.1320444233077122,0.28041172,0.7823329,0.14208221,0.35983896
solar,48,46848,51456,0.8567185806891943,-0.0710282348008188,1.292619,0.29802346,0.87422323,0.120372295
solar,94,43264,49728,0.856639707091931,0.1994049544617943,0.26469088,1.3537288,0.07149601,1.5469236
solar,22,44224,44928,0.8565984121599995,-0.2578768098926385,0.16475391,0.39024687,0.336092,0.56158495
solar,62,45248,50432,0.8565482138503102,0.1686529972933217,0.39956093,2.6106997,0.012357712,2.2234964
solar,52,43968,45824,0.8564422308892453,0.0399683063288914,0.34935188,2.2963266,0.41462517,2.3616
solar,78,44288,47744,0.8563671104598648,0.0740389382181653,0.09785652,2.4611268,0.35299444,2.205989
solar,58,42816,46848,0.8563080907454463,0.0977629867422542,0.07745886,0.22576666,0.2914133,0.4397211
solar,OT,44672,52160,0.8560460418539407,0.0243196352706316,1.4627447,0.07347393,1.7237024,0.18748379
solar,133,50752,51776,0.8557574988328194,0.1350202068988475,0.109772205,3.0758853,0.2389636,2.946694
solar,128,51008,51584,0.855743320687767,0.2759285040533223,0.09584284,0.049264908,0.17233753,0.027229786
solar,19,45952,51136,0.8556626941891796,-0.2395716055440443,0.17602777,0.47436953,0.026319504,0.32466125
solar,8,50048,51776,0.8556318269965775,0.1305900136205227,0.013438225,2.7355127,0.27043152,2.4785194
solar,121,47424,50880,0.8555063551157519,-0.0090503738378341,0.6231594,1.2815347,0.55576134,1.2141366
solar,117,51136,51712,0.8554965865258857,-0.3524636184365726,3.1323614,0.11753273,3.5113273,0.26143312
solar,31,42816,43392,0.8554681659129801,-0.1470883241980129,1.4077306,0.046080828,1.1070437,0.34676766
solar,30,48000,50304,0.8554072411706525,0.183237437158414,1.2216115,0.8021622,0.9666662,0.5472169
solar,95,48000,50304,0.8553343051873948,0.1863424725177294,1.1182027,0.0537982,0.91968966,0.14471483
solar,93,42944,43968,0.8552957083918756,0.1867618048005114,1.4174066,0.7967825,1.4157548,0.7951307
solar,8,43072,45952,0.8552380527068983,0.2505433820698257,0.21382618,0.20238972,0.30728865,0.10892725
solar,45,44416,52480,0.8551914721721166,0.0813229168923385,0.83848,2.0555434,0.4820242,1.6990876
solar,52,44672,44800,0.8551465679827958,0.2797903356036018,2.882978,0.022825241,3.1380062,0.2778535
solar,131,47680,51264,0.8550543726337492,0.1485509530812698,1.1596627,0.29909277,1.2984042,0.16035128
solar,74,47424,51456,0.8550158456135859,0.1525601672609715,1.8202455,0.7843492,1.4260299,0.39013362
solar,9,42816,52032,0.8548990278921472,-0.0037224516538958,2.3738732,0.4055252,1.8835249,0.08482313
solar,48,45376,51712,0.8548112541178357,0.1684952069096041,1.0399089,0.032620907,1.4075127,0.33498287
solar,62,50048,51776,0.8546974013289038,0.2609880537892287,0.19778872,2.7442575,0.029497623,2.516971
solar,80,45952,48384,0.8541833156264449,-0.0462548877851178,2.8072672,0.11810446,2.6301465,0.29522514
solar,101,45952,48128,0.8541785420377858,0.06486179209987,3.2578583,0.37419415,3.6508384,0.76717424
solar,117,42112,51456,0.853988145352142,0.2038156711661996,0.75992155,0.50152683,0.46133995,0.20294523
solar,110,42112,49152,0.8538993071841899,0.2364574946939069,2.567761,0.5926027,2.3596673,0.3845091
solar,41,45824,46400,0.8538772004202192,-0.0474669666749674,0.86274815,0.014991283,1.1416192,0.26387978
solar,5,49728,50176,0.853815698955401,-0.1718138204250588,0.32861042,0.16094303,0.30107355,0.13340616
solar,40,44672,51136,0.8538037267862202,0.1916022565657915,0.20647907,2.9818277,0.32074308,2.4546056
solar,65,44800,45952,0.8537512530865274,-0.0915627568603051,0.3739729,1.4011292,0.079277515,1.1064339
solar,121,51264,51712,0.8535740466734849,0.003050446935775,0.08506489,0.42568302,0.03646946,0.3770876
solar,69,46976,51584,0.8535330515109754,0.2642554369281474,0.61250114,1.5814204,0.8209162,1.7898355
solar,9,42048,43776,0.8533484237702554,-0.0091748541217787,0.4791007,4.0348706,0.21744347,3.7732134
solar,12,43968,48000,0.8528509682987567,0.2454562807884235,0.15142679,3.3746223,0.55506134,3.778257
solar,31,42432,51072,0.8526897409447867,-0.0933951070274115,0.5091071,0.8561964,0.6886678,0.67663574
solar,120,45952,52288,0.8524987764861972,-0.0074952213950713,0.47024775,0.16684437,0.49872208,0.13837004
solar,24,48000,52032,0.8524047026389883,0.1994890147194551,5.140172,0.41024232,4.7505374,0.020607471
solar,114,44096,45248,0.8522454600648787,0.1622629481323484,1.4501395,0.21590662,1.8528218,0.18677568
solar,86,42752,50688,0.8520694975154482,-0.2398907019304177,0.0034976006,0.18322039,0.15736246,0.029355526
solar,18,43136,44416,0.8520334531320494,0.1521011314035703,2.1243749,0.22062635,2.2817845,0.063216686
solar,3,42368,43520,0.8520161092318469,0.1759291816616165,0.17295837,1.2346191,0.1899333,0.87172747
solar,115,49536,52416,0.8519602384526322,-0.1592732309910383,0.024289131,0.26888275,0.109457016,0.35405064
solar,65,42368,52288,0.851831498537995,-0.2255210286074767,0.16584158,1.5531902,0.28186846,1.1054802
solar,15,43840,52480,0.851771773962597,0.1747990510928376,0.25245667,2.2988153,0.04428816,2.0906467
solar,45,44096,51584,0.8515689286140843,0.1699680633051652,0.14329576,1.8026848,0.3967247,1.2626643
solar,29,45440,48320,0.8514829972434577,0.0532429313482606,0.048387527,0.9983697,0.18325615,0.8635011
solar,89,42560,47744,0.8514689768121823,0.2566648235201355,0.18715572,2.1603546,0.44087553,1.9066348
solar,123,51136,52288,0.8514258675051216,0.1659765530889163,0.24603176,0.08852577,0.3551445,0.020586967
solar,48,45248,49856,0.8513474249641,-0.3623804546305881,1.9615993,0.29803658,1.8898087,0.22624588
solar,126,42368,43648,0.8510462763777125,0.0187512634668229,1.3506427,0.022396564,1.549809,0.22156286
solar,5,47744,51200,0.8509567224526752,-0.577252306880383,0.4490471,0.2873788,0.49274683,0.33107853
solar,51,42368,46400,0.8509519813760211,-0.0300800453035328,0.33108187,0.2206192,0.24060488,0.13014221
solar,62,51136,51584,0.8508075446345761,0.0794876921102198,2.3332763,0.43312025,2.5304751,0.6303191
solar,2,43712,50048,0.8508006404174323,0.2792677716796451,3.1078506,0.17942381,3.269146,0.34071922
solar,116,42816,49024,0.8506334710400493,-0.0153568469687864,0.5741372,0.9274306,0.6747122,1.0280056
solar,105,48832,51136,0.8505187542577087,0.0009832545734749,0.16235399,2.8134804,0.48135948,3.1324859
solar,127,42368,45824,0.8503822688562528,-0.2225817906831347,0.06725216,3.3411393,0.1315074,3.4053946
solar,101,42944,43520,0.8502667620796512,0.2305335043763447,1.5229149,0.15165663,1.8983345,0.22376299
solar,78,46016,48896,0.8502453449561561,-0.3399008640229528,0.67430925,0.35300064,0.85878086,0.16852903
solar,122,42816,48448,0.8501976202194035,0.0009475960888142,0.7966862,0.31156254,0.9583988,0.47327518
solar,120,49152,50880,0.8500717431931099,0.1671787668862761,0.29561996,0.36639833,0.11106253,0.1818409
solar,11,49024,51328,0.8499281195489805,0.0547022433544728,2.4101562,0.4203577,2.3847094,0.3949108
solar,135,43008,49920,0.8496694577249837,-0.1902727350778816,2.2941728,0.06578255,2.7464933,0.5181031
solar,58,43072,50112,0.8496534637809997,0.068766460608683,0.076693535,1.4094491,0.49676323,0.83599234
solar,28,44544,46720,0.8495647608604292,0.042384494162575,0.6817455,0.14737844,0.93166924,0.39730215
solar,4,45824,50880,0.8495476046182339,-0.3285254010239948,0.6845217,0.30919504,1.2554188,0.26170206
solar,57,46656,52416,0.8495216960810492,0.2106553820796643,0.039360046,0.09548092,0.045538902,0.08930206
solar,125,48384,51136,0.8493991946536393,0.0916197737632707,0.11486101,1.3774095,0.042698383,1.5349689
solar,3,43264,51456,0.8493620105206295,0.2201327910435145,1.0086277,0.45562625,0.65790343,0.10490203
solar,9,44672,45952,0.8493129901494051,-0.1799161335693838,0.051747322,0.41955376,0.087331295,0.28047514
solar,76,43072,52288,0.8492192079687965,-0.2654129487684908,1.4568696,0.6685333,1.1494985,0.3611622
solar,42,44928,52416,0.849180871116078,0.1227098530543179,0.7705436,3.8677683,0.34217596,3.4394007
solar,83,48576,49728,0.8490388887786489,0.0170448885119464,0.047484398,0.04454899,0.105121136,0.19715452
solar,131,46272,48000,0.8489816985802091,0.082774178793078,0.11863518,3.6841693,0.08323908,3.6487732
solar,7,45248,51584,0.8487807796970597,0.1180661607898389,0.61138725,0.06854868,0.46181107,0.08102751
solar,116,42944,44096,0.848606037564231,0.2848665307634795,0.59242725,0.49213362,0.5786915,0.47839785
solar,14,43648,52288,0.8485223961411777,-0.2046129423003068,0.6032481,3.0935836,0.51425314,3.0045886
solar,55,44096,46400,0.848452655281308,0.0394741746922341,3.0181704,0.29374743,3.058754,0.33433104
solar,111,43968,45248,0.8484272283440699,0.1561565746789037,2.0412865,0.036723614,2.6119666,0.5339565
solar,100,42944,49280,0.8484248824068492,0.2401613857804623,1.1820912,0.37158012,1.4153061,0.13836527
solar,133,42112,52032,0.8484063000863601,0.2392145916696905,1.3076737,0.6603067,0.9971726,0.3498056
solar,59,46720,52480,0.8481803467764464,-0.1794619739025811,0.062014103,3.3707948,0.098817825,3.4075985
solar,43,44416,48000,0.8481363090784184,0.1974197412972022,0.29837036,1.0528088,0.17219448,0.9266329
solar,73,48832,50688,0.8479877779772259,0.1688982954067225,0.094398975,0.14759064,0.07850361,0.13169527
solar,109,48704,49856,0.8477980397870026,0.2950264413592951,0.006822586,3.004788,0.1820488,3.1936593
solar,5,48576,50880,0.8476602042120203,0.1257736561126354,0.12295818,0.046512127,0.030280113,0.10672617
solar,115,51712,51840,0.8476411817706784,0.1399979511473184,2.302369,0.5497298,2.5643883,0.811749
solar,108,44800,47104,0.8475362569103722,-0.0220379320549805,3.121241,0.4547329,2.9499063,0.28339815
solar,14,42752,50688,0.8474825842561798,-0.1961615849135177,0.1405878,0.09026575,0.18456459,0.046288967
solar,92,44672,50432,0.8473724262849415,0.1801391879629865,0.18906546,0.083135605,0.041130066,0.064799786
solar,5,44992,52480,0.8473599580657263,-0.2522071520636928,0.47685814,3.4740682,0.28023577,3.2774458
solar,107,42816,52032,0.8471595356098532,0.086242145904919,1.1433878,0.1067462,0.9083214,0.3418126
solar,80,42176,46080,0.846958782401811,0.1094059866636676,0.40534687,1.3180265,0.5219512,1.2014222
solar,4,48000,51904,0.8469025391689986,0.0040503276402429,0.718719,0.068630695,0.5748191,0.21253061
solar,112,49984,51136,0.8468947492180906,-0.4913984921978992,0.08877754,0.4674301,0.26720905,0.2889986
solar,35,47872,51456,0.8468541676220964,0.1110954083274403,4.0273438,0.1285975,3.5986104,0.3001361
solar,68,44800,49856,0.8467525214537819,-0.0317132446722733,0.30531502,0.109817505,0.36382532,0.0513072
solar,104,47296,52480,0.8467173413714061,-0.0462929619943107,0.05498886,2.1926742,0.29711008,1.9505529
solar,85,46016,50624,0.8466494842827393,0.1004443634878454,1.701148,0.4643898,1.9470491,0.2184887
solar,38,42368,52288,0.8466025303640959,0.0975627318502857,0.46479273,3.0584502,0.039405823,2.6330633
solar,123,45248,51584,0.8465739222626909,-0.0977115177976089,0.1144228,0.019480705,0.13045645,0.035514355
solar,52,45952,48384,0.8465543944206971,-0.0010110205464494,2.082924,0.17226744,2.109088,0.14610338
solar,73,44288,52352,0.8464665144746669,0.0005209714159127,1.2232585,1.799367,1.1894665,1.7655749
solar,79,44800,52288,0.8464140296534279,0.054991113870237,0.021386147,0.05995226,0.16542292,0.24676132
solar,114,46272,49728,0.8461640784536163,-0.0454833641112712,0.06871891,1.732523,0.14609289,1.655149
solar,OT,45824,51584,0.8457665636572613,0.1780365995836622,0.25496197,0.062772274,0.27312136,0.044612885
solar,111,44416,52480,0.8454745554911485,0.1389192283440616,0.16012096,2.9421067,0.04801941,2.8300052
solar,26,43136,44992,0.8454134198867118,0.1781285262651848,4.366501,0.14291954,4.3323574,0.10877609
solar,4,45248,47872,0.8453805993990869,0.0455255688304944,0.11574316,1.034028,0.30595303,0.61233187
solar,128,49152,49728,0.8450827185028971,0.1991293377907274,0.20565033,0.39506292,0.050608158,0.24002075
solar,35,45440,46016,0.8446970038032322,0.0621231602406091,0.10206509,3.4785743,0.30797863,3.2726607
solar,124,42368,44672,0.8446225789159744,0.0490020698124601,0.43388796,3.059362,0.25543308,2.880907
solar,30,45952,47232,0.844527142786365,0.2817398403105294,1.9907742,0.31141853,2.3943744,0.71501875
solar,61,42432,51776,0.844523110384023,-0.047459259497815,1.859827,0.56064177,2.0296469,0.7304616
solar,56,45952,49984,0.8443904580836994,0.2860107960123642,0.19887733,1.4045787,0.021933556,1.2276349
solar,OT,50176,52480,0.8439578757509137,-0.0267379561811622,0.03536415,1.881609,0.1628027,1.6834421
solar,34,51008,51136,0.8437077913672307,0.0932738741271798,0.23941803,0.31291676,0.03563595,0.58797073
solar,116,48128,51584,0.8436538764358253,0.116534955495012,0.5099888,0.09844208,0.7512851,0.14285421
solar,3,49856,51712,0.8436080248075968,-0.0830476048197448,0.6079006,0.2609625,0.48977947,0.14284134
solar,19,42368,45824,0.8434575732292914,0.1146261821796341,0.37141323,3.2267485,0.0009050369,2.8544302
solar,104,42816,49728,0.8433219503516204,-0.0961287778266168,0.17242146,0.24759483,0.113613605,0.30640268
solar,60,44864,46720,0.8432486635929709,0.1225268757718501,3.474143,0.017604351,3.5497842,0.058036804
solar,123,47680,51712,0.8432404473177576,0.1058664555646505,0.15762758,2.9335523,0.271307,3.0472317
solar,40,43072,51008,0.8429324589591931,0.1806621715823995,0.2468276,1.2782459,0.26395988,0.76745844
solar,65,43072,51712,0.8429003029805807,0.2387440343676275,0.28743553,1.292901,0.18898535,0.81648016
solar,49,45440,49472,0.8428406644790483,0.1474199500908846,0.17286682,0.38695717,0.28752995,0.27229404
solar,53,42368,44096,0.8424745921991115,0.0278444295682467,0.42950106,1.5322266,0.18592167,0.91680384
solar,49,42816,52032,0.8423766804907135,-0.1039353723797748,1.9609628,0.18142939,1.5885477,0.19098568
solar,23,42368,48704,0.8422281974585644,0.1667281819021049,0.040985584,0.5413122,0.27962637,0.22070026
solar,OT,42048,47808,0.8421827137968046,0.1211791954853023,0.7589264,3.9297085,0.43156338,3.6023455
solar,17,44352,52416,0.842134364645081,-0.0432849830103745,0.19570017,2.547543,0.09698534,2.6462579
solar,134,42176,43200,0.842022353511472,0.2005567022088102,0.623898,0.3106923,1.0004282,0.06583786
solar,54,43136,47168,0.8420124392180682,0.1903013369735983,2.0023732,0.5564823,2.271391,0.28746462
solar,49,44672,47552,0.8419929370781876,0.1706816547220744,1.743423,0.0026788712,2.1364012,0.39029932
solar,87,43520,44672,0.8418976894344122,-0.0858370616994469,0.4124217,1.9506426,0.110384464,1.6486053
solar,15,51072,52224,0.8418785244911703,-0.1422471912180029,1.8419061,0.21656704,2.058971,0.4336319
solar,30,43904,46208,0.8418446747159203,0.1375882006732776,0.6319003,1.9947338,0.87249327,2.2353268
solar,116,42048,44672,0.8418207883800478,-0.050724910105314,0.66316986,2.4245114,0.44017792,2.2015195
solar,66,46848,50880,0.8416282708762052,0.2547809619204857,0.21683311,0.2627473,0.16909504,0.31048536
solar,39,44992,47872,0.8416200320216393,0.0378811846247155,0.38829136,2.911663,0.2862358,2.8096075
solar,2,46848,50880,0.8415651323767024,0.0569066336157303,0.13923502,0.81887054,0.06912279,0.61051273
solar,109,49728,51904,0.8415224638684579,0.0757045108508272,1.1467042,0.13043594,1.4524813,0.43621302
solar,72,43072,47808,0.8413348844774577,-0.3851939692871872,0.7248316,0.12972641,0.7695055,0.08505249
solar,45,42368,46656,0.841248779142978,0.1949928094544027,0.0012688637,3.5211973,0.22370672,3.2987595
solar,29,44352,45376,0.8412331570873518,0.0788218400270282,0.2954483,0.29075336,0.40802336,0.40332842
solar,108,50176,52480,0.8410665439118048,0.0584831198968317,0.20962,4.0234303,0.024565697,3.838376
solar,120,49280,52160,0.8409599449230615,0.2936902479705879,0.17315912,0.97061634,0.2590027,1.0564599
solar,10,51584,52288,0.8407490781008449,0.2423258988311642,0.31023884,1.9022722,0.13965559,1.731689
solar,96,42048,49536,0.8405601656374091,0.2454860992178213,0.24564695,1.3551173,0.09340048,1.0160699
solar,67,51008,51584,0.8405575272604531,-0.1649044518790778,0.5207977,0.3746128,0.9875331,0.092122555
solar,72,48896,51776,0.840553920920015,0.0510792998290384,0.020861149,0.23648882,0.10653782,0.3638878
solar,50,49152,49728,0.8405052905364083,0.0066205867939441,0.10082865,0.14522791,0.110441685,0.13561487
solar,124,47296,47872,0.8404392993954057,0.1169494482014344,0.15756989,0.52285194,0.01459837,0.3506837
solar,53,45824,51008,0.8403791691255134,0.0682016664048211,0.086177826,0.21269608,0.1350193,0.008501053
solar,58,51136,51584,0.8403684630899355,-0.2058632149646052,3.3362265,0.11595249,3.6013546,0.38108063
solar,78,49280,51008,0.8402818775941896,0.0143923559808249,0.07978821,1.8163328,0.39295387,1.5031672
solar,122,50176,52480,0.8401174719300978,0.2421758459944666,0.17813301,3.329938,0.14278221,3.2945871
solar,27,45440,47872,0.8398318400653195,-0.1023295202694348,0.022290707,0.6353483,0.04374647,0.56931114
solar,119,49024,52480,0.8398278122985797,0.1701593904548716,0.02696371,2.9485054,0.12364292,2.8518262
solar,55,48576,50880,0.8398210892366269,0.1000403028556637,0.09377718,0.15539694,0.189085,0.06008911
solar,31,48256,49408,0.8397899443852668,0.0112281210073456,0.59560776,0.16790676,0.42833138,0.0006303787
solar,48,46656,52416,0.8397700462872106,0.0983084269206873,0.21203041,0.085897446,0.283916,0.01401186
solar,127,48704,51008,0.8396950241580338,0.0937132198460286,0.3547182,1.5785613,0.77059364,1.9944367
solar,52,49408,51712,0.8394867571111978,0.023461141023399,0.373446,1.3875399,0.462636,1.4767299
solar,79,42688,51456,0.8394301853244095,0.1493904956126371,0.2523799,0.90871096,0.114313126,0.7706442
solar,80,43136,45440,0.8393326291172626,0.0757982828533352,2.83743,0.3600092,3.078673,0.11876631
solar,28,51264,52288,0.8392058455482777,-0.011523298797264,0.62341976,1.4805408,0.43663788,1.2937589
solar,20,42368,45248,0.8392055112400234,-0.1107022944528319,0.12659788,0.33003426,0.053874493,0.25731087
solar,79,44096,49856,0.8391019704487865,0.2461815408884165,0.033543587,0.02929306,0.25960445,0.25535393
solar,2,42368,45248,0.839051834636036,-0.0854380737199053,0.12753868,1.0722084,0.54764915,1.4923189
solar,48,43968,51584,0.8390398412009864,0.283306717268292,0.8701029,1.3137665,0.5610657,1.0047293
solar,84,42688,46592,0.8388093235267569,0.0196879574639691,0.3341689,2.5146608,0.37598372,2.5564756
solar,43,42560,44992,0.8387456564160285,0.2691530284566161,1.827456,0.097402096,2.0043633,0.2743094
solar,14,50880,52032,0.8387145072509657,0.2282126733570225,0.6466012,0.11248875,0.49886274,0.2602272
solar,3,42240,43392,0.8386810165643861,0.2528004191284882,0.026300907,3.735136,0.2776928,4.0391297
solar,130,51136,52416,0.8386215417374533,0.0178433428094785,1.9961128,0.035564423,2.1805701,0.14889288
solar,93,47168,51200,0.8385584635773571,0.1775851573999138,0.24542522,1.3320417,0.4316163,1.1458507
solar,132,42816,46400,0.8385005703869771,-0.2108655937286282,0.67013407,0.9316859,0.73011255,0.9916644
solar,58,42688,44864,0.8384058040566073,-0.1413594218476166,0.15337515,2.3229694,0.030055523,2.1996498
solar,119,48000,49152,0.8382041329116031,0.1976799074742127,2.4791274,0.10399294,2.2690148,0.3141055
solar,17,45248,47552,0.8380983049656472,-0.0291766571233959,0.4150343,0.86427116,0.22235537,0.2268815
solar,114,42944,48128,0.8379533040624865,-0.008423917608241,0.46467352,2.9742126,0.18740606,2.6969452
solar,107,42944,48704,0.8378601222845378,0.2192108786179027,0.2465434,0.36072683,0.10479975,0.009383678
solar,44,44928,45632,0.8376310857769701,-0.3168228334788499,0.79061365,0.20803213,0.5692563,0.013325214
solar,110,42688,52480,0.8374353828092564,0.1642296931882209,0.1722517,1.176013,0.010124207,1.0138855
solar,105,42048,47808,0.8369340556721935,0.1334747628109731,0.06016779,2.2451372,0.10909939,2.1962056
solar,57,47424,48000,0.8368704750916238,0.0476399551024846,0.5589924,3.27993,0.5311675,3.307755
solar,56,43392,50880,0.8367200428751508,0.2365054436820371,0.0029654503,1.0110736,0.47204804,1.4801562
solar,17,48576,50880,0.836683938463028,0.1527955232906125,0.16640568,0.16178656,0.21012163,0.1180706
solar,84,43264,50176,0.8366532142937734,0.1791564119005896,0.0585742,1.6957536,0.0049557686,1.6322236
solar,50,42368,51712,0.8364204218791924,0.0511847969397205,0.21138048,1.4147167,0.21558046,0.9877558
solar,93,42112,52480,0.8362260883597041,0.1151814187996686,0.31553125,4.2481847,0.0182333,3.9144201
solar,56,44864,49600,0.8361846711041973,-0.01055262582586,1.5556097,0.07736158,1.6735115,0.04054022
solar,69,42048,44224,0.8360965005547719,0.000811006902392,0.35851717,0.7871604,0.13293028,0.5615735
solar,96,43136,44864,0.8358530940510962,-0.2656479988617993,1.0491915,0.11992645,1.431644,0.26252604
solar,67,50624,51200,0.8357996096112095,-0.0059564811293357,0.11165047,2.445395,0.28977108,2.2672744
solar,41,49856,52288,0.8357337744823338,-0.2327594830430242,0.9085908,0.09187794,0.88750553,0.070792675
solar,18,42112,42688,0.8357198211437411,0.0499624838032537,1.7017446,0.14713383,1.8783817,0.323771
solar,125,42560,47744,0.8356533875519374,0.1520693231651154,0.07483721,2.0961204,0.07554388,1.9457393
solar,70,42944,43968,0.8354425133311321,-0.0149970882579943,0.63476276,0.926682,0.4773078,0.769227
solar,66,46400,48128,0.8353519421248697,0.1813265619198189,0.52329016,1.9757457,0.22496367,1.6774192
solar,92,46272,48000,0.8348788587900661,-0.007652309313476,0.11923313,0.17164612,0.3913374,0.100458145
solar,85,44672,51136,0.8347226742107732,0.2320755221331973,0.38562918,2.2397456,0.14160252,1.7125139
solar,23,42560,49472,0.8345496274475785,0.0577447678552483,0.05448246,2.2193646,0.15989447,2.1139526
solar,68,44672,45248,0.8345253959386282,-0.1192317731941843,0.669703,0.000626564,1.0811362,0.41080666
solar,111,44864,46016,0.8344886346720527,0.0359693292162711,0.26099253,2.8211694,0.052915096,2.5072618
solar,13,43968,48000,0.8344171104183554,0.1024274935572259,0.05824423,2.6739392,0.1184206,2.850604
solar,16,42944,51008,0.8341659561024354,-0.2950954913086148,0.018157005,0.47233057,0.27513266,0.21535492
solar,36,48000,48576,0.8340957478817556,0.2740088568448002,3.245749,0.3465476,3.2363973,0.35589933
solar,133,49856,51584,0.8340260752309718,-0.0693227197756035,2.9445846,0.3539784,2.454917,0.13568926
solar,52,44096,49856,0.8337607647475829,0.1035055953383187,0.4276557,2.3576765,0.03466463,1.9646854
solar,68,46656,51136,0.8336565597267133,-0.2002406307166009,0.34228706,0.30691147,0.1166935,0.0813179
solar,103,49152,50880,0.8336400530609398,0.0770016460089127,0.6029277,0.5648737,0.37253666,0.33448267
solar,83,43968,48000,0.8333606964197081,0.1187713521925155,0.13318348,2.3120046,0.15630627,2.3351274
solar,115,42432,46016,0.8333130608685717,-0.4566237738786096,0.059355736,0.315763,0.050097466,0.30650473
solar,32,42816,48576,0.8332177025297768,0.2907894581300282,0.8784385,0.14403057,1.1883154,0.16584635
solar,86,43520,45824,0.8330942130073339,0.1508016524818811,0.018104076,1.6094093,0.3060403,1.3214731
solar,19,43136,44416,0.8329321058908333,0.0400656381202915,3.111444,0.21119833,3.239493,0.08314943
solar,108,42944,51584,0.8328199143163282,-0.1617102508685728,0.26643515,0.019515038,0.3750639,0.08911371
solar,89,43072,51136,0.8326055215462395,0.0502611860637325,0.22143126,1.6804762,0.3685565,1.0904884
solar,94,44992,52480,0.8325297710953127,0.1245224169679557,0.33390903,2.723175,0.3360777,2.7253437
solar,15,43072,52288,0.8325204075675778,-0.0649503665785089,0.4401574,1.5203848,0.03344536,1.1136727
solar,36,48704,51584,0.8324747999404338,0.0892584216346814,0.09791565,0.58361673,0.22637844,0.45515394
solar,81,42112,43392,0.8324590821384149,0.0564031330872544,3.3388307,0.3086717,2.9272995,0.1028595
solar,21,50880,52032,0.8323543000415766,0.0944158442825964,1.6212847,0.5061717,1.0770409,0.03807211
solar,61,51904,52480,0.8320006914061707,-0.0152230544358521,0.11120319,4.0247946,0.039640427,3.873951
solar,66,48384,52416,0.8318879165616785,-0.0048696586015633,0.0019812584,0.8265071,0.045435905,0.86996174
solar,20,44672,48128,0.8318477994250599,0.195938068066238,0.5303068,1.7286415,0.016720772,1.2150555
solar,30,47872,51904,0.8317983808106901,-0.0101906609815083,2.2409344,0.20031261,2.1459665,0.10534477
solar,31,43072,44224,0.8316802941054204,-0.0079203690614654,1.1034408,0.6743016,0.8753123,0.4461732
solar,85,43776,51712,0.8316644479217918,0.1259522520469133,0.11297417,0.40642452,0.2248578,0.51830816
solar,66,42240,45248,0.8316404295314896,-0.1820450787230161,0.4712901,1.5266538,0.8101578,1.8655214
solar,46,47680,47808,0.830928944988478,0.1144343381554603,0.2555604,2.7154489,0.5006733,2.9605618
solar,52,42688,51456,0.8307911142156277,0.1046388540856613,0.5324054,0.6003127,0.39919662,0.46710396
solar,109,49408,51136,0.8307081906221015,-0.1237391696923267,0.08817673,2.3397083,0.27551842,2.52705
solar,104,51200,52352,0.8305702975205119,-0.2377228186145432,0.1288166,0.0128183365,0.14599991,0.03000164
solar,118,50688,51712,0.8304348345903896,-0.2375370681260571,0.31938505,1.7868571,0.33007956,1.7761626
solar,50,44672,46976,0.8303815777328422,0.0918237036279613,0.41124535,0.29669905,0.47081757,0.23712683
solar,111,49280,51584,0.8302433558394574,0.2685155153215917,0.85993385,0.41925287,1.3562002,0.07701349
solar,43,43840,47296,0.8302152363891058,-0.0020785435163408,2.0913615,0.2725587,2.250854,0.1130662
solar,130,45248,45824,0.8300575394090814,0.1357604864370069,0.31674004,2.201261,0.192204,1.692317
solar,8,43648,51136,0.8299236416455984,0.1013171830186244,0.06394625,1.9023457,0.12301445,1.715385
solar,117,46592,52352,0.8298913519720083,0.1340888340360055,0.19448757,2.0095448,0.3315425,1.8724899
solar,67,43072,44800,0.8298595281290863,0.2694091697861867,1.1689377,0.13240051,1.3375072,0.036169052
solar,74,42944,45824,0.8298179356449915,-0.2231626283856541,0.22884369,1.2661443,0.22399807,0.8133025
solar,22,44160,46592,0.8297641061110044,0.259058142179388,0.08929682,0.78809786,0.18203545,1.0594301
solar,60,47424,49728,0.8294695595429133,0.2157199592972954,0.18879986,0.72531796,0.07470608,0.46181202
solar,16,44672,48704,0.829367118317793,0.1762744537093386,0.44257402,0.24012423,0.47711515,0.2055831
solar,85,42560,51200,0.8292875220867995,0.1706015488377805,0.16085863,3.467184,0.35845423,3.2695885
solar,13,44864,44992,0.8290632160298667,-0.0568489335389877,3.4707952,0.11387873,3.7054696,0.34855318
solar,127,50304,52032,0.82901117089143,0.1874259574197267,0.3239627,0.13600445,0.05321312,0.13474512
solar,33,44096,45248,0.82876215085117,0.1148184293708221,0.07031393,1.0939541,0.21447277,1.2381129
solar,85,43648,45952,0.8287095121105177,-0.1181670463568856,0.053868294,3.0199804,0.36359215,3.3297043
solar,58,42112,52480,0.8286337826665127,-0.0947009427755747,0.13870811,2.3850665,0.3489952,1.8973632
solar,4,44352,49536,0.8285349021001478,-0.0458629830277,0.6096573,3.1311426,0.8954773,3.4169626
solar,47,45504,52416,0.8284659386993932,-0.0032347329866135,0.7294221,3.472588,0.5484619,3.291628
solar,103,42944,44672,0.8282231542831763,0.2294310562863817,0.43359232,2.390205,0.464293,2.4209056
solar,115,42368,45952,0.8281578939688753,0.100638267463859,0.2527957,3.2587433,0.4881935,3.494141
solar,40,43968,52032,0.827970344648163,0.0522413457623347,1.5335732,0.22974443,1.3861394,0.08231068
solar,102,44672,46976,0.8277352329523213,0.0755554205488381,2.8222303,0.5055609,2.5474072,0.23073769
solar,41,42688,49024,0.8276289944359607,-0.0441142548074935,0.18001604,0.3973713,0.09889698,0.31625223
solar,66,49856,52160,0.8275965928852663,0.1234511856810149,1.5174403,0.21844196,1.6506505,0.08523178
solar,43,43136,46720,0.8274451551277564,0.0425093933747552,4.3038917,0.30618238,4.0688,0.0710907
solar,115,51136,51584,0.8272212367200938,-0.0613670420821115,0.12372875,0.88945293,0.10665274,0.65907145
solar,18,42944,46400,0.8272124260616077,-0.1316406082355881,1.0954456,0.19570112,1.1095371,0.18160963
solar,92,46016,47168,0.8271626115549374,0.1536012165243264,1.824543,0.5236392,2.1653638,0.18281841
solar,134,42816,46272,0.8271619655711354,0.1833673688383558,1.8838866,0.022166729,1.6116848,0.25003505
solar,72,42368,44672,0.8271545498972296,0.0115543994587677,0.28438044,2.3205147,0.17243004,1.8637042
solar,133,51136,51712,0.8270678892622976,0.2614054984029331,2.2658482,0.30177784,2.4888153,0.07881069
solar,107,47296,47872,0.826927051955431,0.2061587629805024,0.043740273,1.8078113,0.29256964,1.5589819
solar,77,43392,48000,0.8267419792234233,0.2437757220864857,0.22970867,1.3237553,0.5568514,1.650898
solar,55,42944,46976,0.8266513927137582,0.1615330115395156,1.4760599,0.22797966,1.8598938,0.15585423
solar,70,43392,50880,0.8266494778332247,0.2613084496204246,0.17994738,1.4979568,0.03279686,1.710701
solar,43,51136,51712,0.8265547192703746,0.2865479734704128,0.08157349,0.24056816,0.11474991,0.20739174
solar,72,42560,49600,0.8263091507346475,-0.161991591038852,0.1953125,0.119902134,0.21692133,0.098293304
solar,26,42176,51840,0.8262260835923555,0.2257228533569486,0.25054026,0.57831,0.4714985,0.79926825
solar,13,43648,51712,0.8261692085353057,0.0896429157225395,0.4577856,3.3483162,0.57278347,3.463314
solar,130,44096,49856,0.8261604842230161,0.032548886191719,1.5969725,0.46317482,1.1906662,0.056868553
solar,33,45504,52416,0.82612893030219,0.0639584617254926,0.61212015,3.7346601,0.4378085,3.5603485
solar,36,47872,50752,0.8260759653087486,0.1450398475734975,2.6693382,0.18331194,2.8308063,0.02184391
solar,115,45248,48704,0.8258576508792553,-0.0331016000997439,0.12990952,0.7105155,0.26567507,0.31493092
solar,5,47232,52416,0.8257539442063315,0.131535754209554,0.021617413,0.26085806,0.014606476,0.29708195
solar,19,48448,51904,0.8257026529887583,0.196914645962488,2.5809984,0.008366585,2.8027954,0.2134304
solar,61,42368,46976,0.8256677775287092,0.0995744565955297,0.5051131,0.34596634,0.24235535,0.08320856
solar,90,47168,47872,0.825478846997952,-0.0155734584247618,0.2309289,1.9878244,0.599771,1.6189823
solar,66,47424,52480,0.825448967111235,0.2324496548006932,0.14384317,2.5157185,0.34590864,2.313653
solar,132,49728,51328,0.8253966661327252,-0.0346831311803176,1.8245523,0.10868955,2.1414406,0.42557788
solar,62,42560,44992,0.8251126795996433,-0.0374024651692883,1.2558942,0.20390844,1.2926555,0.24066973
solar,89,42112,46848,0.8250075669416478,-0.0509371814474378,2.5369492,0.09041548,2.5199986,0.07346487
solar,67,44224,44672,0.8248404250014252,0.0040464614875132,0.41808748,1.9340296,0.28905535,1.8049974
solar,75,46976,51008,0.8247748644819011,-0.0672172829046145,0.011265755,3.6046004,0.41999292,4.0133276
solar,102,43072,47680,0.8247201169655053,0.1504464902236311,1.0841918,0.59673214,0.82543373,0.33797407
solar,30,42368,48384,0.8246208916667879,-0.0481959537738919,0.032280445,0.42967844,0.19252586,0.58992386
solar,90,42944,45248,0.824617295551694,-0.1029616568053976,0.04450035,0.6970501,0.11460352,0.5379462
solar,128,45952,52288,0.8240854984586242,0.2520704266362876,2.0497298,0.20701075,2.0412369,0.2155037
solar,107,42560,46720,0.8240553528917085,0.0884466003422774,0.30202103,0.14089823,0.28060293,0.11948013
solar,66,47744,49024,0.8239621436053882,0.0146267609677388,1.2472925,0.10270405,1.3877525,0.037755966
solar,92,43072,49280,0.8238521475952514,0.2374506114962829,1.2388616,0.35323954,1.2331519,0.3475299
solar,12,45824,46976,0.8237412807927005,0.039144990800358,1.9054203,0.030130863,2.1413455,0.26605606
solar,55,42112,46272,0.82356525199825,0.07478961677164,3.6259825,0.35570312,3.4141445,0.14386511
solar,116,51328,52480,0.8233682493754408,0.1340261102752642,0.13623166,4.4649673,0.01713562,4.345871
solar,53,44672,52288,0.8231436878935735,0.0554537946964382,1.1365681,0.034956932,1.0477333,0.05387783
solar,86,49984,50112,0.8228928855837572,0.1587398039287464,0.110711575,1.3999248,0.2796464,1.0095668
solar,22,42816,44288,0.8227680704068446,-0.0579909831710264,1.4905224,0.5836835,1.5746598,0.66782093
solar,52,44288,45568,0.8225970171941019,0.0748799684833781,0.4782529,0.057704926,0.54915905,0.12861109
solar,133,49152,52480,0.8225267776910946,0.1216771236384499,0.30553198,2.588924,0.2554345,2.5388265
solar,18,48576,49728,0.8223750361544416,0.201729880211518,0.19049263,0.26454973,0.059131622,0.514174
solar,123,49024,52480,0.8223190082122934,0.0166217082239657,0.09302759,2.854661,0.17870426,2.7689843
solar,107,44288,46016,0.822276973055685,0.1670812941050244,0.18427038,2.0390673,0.41230583,1.8110318
solar,25,43072,48704,0.8222567457306016,0.0195580574559825,1.8305526,0.18910646,2.0566502,0.41520405
solar,76,44672,49280,0.8221249411786126,-0.0220009112272369,3.5580273,0.42189693,3.1575627,0.0214324
solar,45,48000,49152,0.8220306852770353,0.0191160250878342,1.000637,1.0837903,0.98796844,1.0711217
solar,70,42688,52352,0.8220161981116946,0.076730841942131,0.07844639,3.2473435,0.02379322,3.1926904
solar,21,43520,45248,0.8219208133460953,0.1090355417147723,0.13933516,0.37582445,0.20199871,0.3131609
solar,26,46528,48128,0.8218076467709786,0.2167637631657883,0.47774887,0.743413,0.21196175,0.47762585
solar,59,45248,51584,0.8216871726897946,0.2388635865942799,0.1980424,0.34475183,0.036743164,0.10996628
solar,13,51904,52480,0.8213209764925443,0.1018719171877187,0.14350367,2.7695298,0.19179249,2.8178186
solar,107,44800,44928,0.8212498290234611,-0.0051894106220771,2.9046903,0.4835143,3.3663454,0.94516945
solar,87,45248,51008,0.8211335122600024,0.1884692092225988,0.49935818,2.424636,0.16720963,2.0924873
solar,37,43136,49600,0.8211236210799053,0.0919870433154246,1.7256422,0.20596504,2.128264,0.1966567
solar,20,42560,47296,0.8210951445507575,0.0045402968181124,0.17814255,0.16456175,0.29515266,0.047551632
solar,12,42944,51008,0.8209200573561996,0.1164876722532016,0.13679218,2.0662766,0.3310566,1.5984278
solar,43,46016,50624,0.8207863879961812,-0.0765688168359487,1.9573965,0.42319822,2.1760902,0.20450449
solar,72,42944,46976,0.8206758987973624,0.2779902983683223,0.701972,0.31586504,0.41692162,0.030814648
solar,79,43968,51008,0.8205247793658657,0.1360084525961593,0.27660704,0.15870762,0.36223555,0.07307911
solar,75,49984,51712,0.8204187805477847,0.0443894048766199,0.17148018,0.4458189,0.04746914,0.22686958
solar,102,47552,51008,0.8204111411685777,0.1894919181394451,0.48033047,2.4992924,0.069675446,2.0886374
solar,27,42560,46144,0.8202278578630318,-0.0297279385687892,0.7203369,0.37632942,0.71618843,0.37218094
solar,25,50624,52352,0.820070611683772,0.1591985856999523,0.071454525,2.3774142,0.28895998,2.1599088
solar,95,42560,46720,0.820009036843649,0.0054901268081982,0.060369015,0.06436205,0.16249561,0.03776455
solar,31,44544,48000,0.819677754916912,0.0618400080812989,0.34829473,0.68620205,0.16043806,0.49834538
solar,101,50304,50880,0.8195648800045447,-0.3469540705458664,0.57481766,0.65759325,0.3539486,0.4367242
solar,106,43520,44672,0.8192971008769258,-0.2276082781402295,0.18909931,0.008703709,0.37164068,0.17383766
solar,74,44672,51584,0.8191980066980316,-0.0119992277700203,0.07942343,0.5296645,0.18879986,0.4202881
solar,67,48448,49472,0.8191319724114599,-0.0116985641353115,0.15751553,2.2237258,0.25367355,2.1275678
solar,112,42944,51712,0.8191172209620945,0.1370963999835881,0.7831011,0.24904346,0.7010231,0.16696548
solar,100,46848,48000,0.8189480901194384,0.150531393619544,0.31882095,3.0974655,0.18184423,3.2344422
solar,49,45504,50560,0.8188734557682669,-0.0038429090403933,0.27721882,0.028064728,0.5657139,0.26043034
solar,11,50560,51136,0.8188643313342192,0.1789954134345534,0.32908058,2.7472749,0.5898404,3.0080347
solar,87,47296,47744,0.8184962034281618,-0.0188599332143169,0.14993048,2.7542043,0.14522362,2.7589111
solar,29,48128,51136,0.8184920309310032,0.1397614586636513,0.34343433,0.1577158,0.33464622,0.1665039
solar,34,43136,49600,0.8184502412883506,-0.1274107276515438,2.7759185,0.05046606,2.9563918,0.13000727
solar,39,43776,51712,0.8181884840321572,0.1581123548063701,0.15316296,1.3369122,0.020803928,1.1629453
solar,27,45248,48128,0.8179147408977623,0.1718598669683801,0.33627748,2.9395304,0.0599308,2.543322
solar,11,43520,45824,0.8175345070545614,0.2576726617469669,0.1731782,2.1578174,0.25197124,1.7326679
solar,117,45952,48384,0.8173484691400277,0.2250076222282702,1.5525889,0.0059728622,1.412427,0.14613485
solar,98,44800,45952,0.8172516968276919,0.2066324349740826,0.08177471,0.08722401,0.45406055,0.28506184
solar,60,45248,46400,0.8168482133793683,0.1755959626193955,0.007842064,1.240982,0.41313505,0.82000494
solar,133,45824,50432,0.8168442608310702,0.201023793546155,1.0044336,0.41482353,1.4326448,0.01338768
solar,25,42368,51584,0.8167863919998458,0.1723463745755583,0.3547306,1.5593805,0.24755049,0.95709944
solar,101,44672,47552,0.8167445654540387,0.2308399102313187,0.10258007,0.1524272,0.032678127,0.017168999
solar,63,48576,51456,0.8167183724863677,0.1024235402066334,1.4847674,0.3259263,0.9945507,0.16429043
solar,55,51904,52480,0.8167012377280303,0.037861817841786,0.25102687,3.733543,0.077008486,3.5595245
solar,1,51136,51712,0.8164470494111576,-0.173410317263873,0.073916435,0.017205238,0.12892628,0.037804604
solar,9,43520,45248,0.8163752162758467,-0.2007810957039604,0.0819664,0.08999252,0.2925105,0.120551586
solar,60,42176,51840,0.8159588900527665,0.1833936486725998,1.5876546,0.2459712,1.9129019,0.5712185
solar,132,42688,52480,0.8157314062750564,0.0131913376084533,0.39198065,1.3013806,0.3355031,1.2449031
solar,115,48128,51008,0.8156715475872491,-0.2604034206416059,0.19772387,0.4093604,0.028770924,0.6358552
solar,120,48000,48576,0.8153702729953926,0.1929604216137724,3.235486,0.4159665,3.1452708,0.5061817
solar,77,44288,46720,0.815202358151894,0.0016883688661329,0.56138515,0.21912432,0.48771238,0.14545155
solar,87,43840,47872,0.8151049373046109,0.2565388398933647,0.025144577,1.947804,0.13645983,1.7861996
solar,3,43072,49536,0.8149672047025268,-0.1538185149708162,0.5704317,3.5268726,0.1998558,3.1562967
solar,62,43840,47296,0.8149325433428407,0.0819751844379973,2.080699,0.22731924,2.2972584,0.0107598305
solar,1,42112,42560,0.8148741893630991,-0.0644560843661364,0.21127701,0.5745621,0.3115778,0.47426128
solar,130,42560,46144,0.8146917295422921,0.0151104433048344,0.8490648,0.5922766,0.9648919,0.70810366
solar,84,44416,52480,0.8146262276354012,-0.2116326369405966,0.115364075,1.8265128,0.14141178,1.569737
solar,57,44096,51008,0.8145944639517972,0.0085115005959709,0.070865154,1.2679787,0.43763304,0.9012108
solar,68,50752,52480,0.8145632487480626,-0.0722964369940739,0.08421087,2.4920082,0.26658392,2.3096352
solar,68,45824,52288,0.814476459822951,0.2128169999667128,0.17856693,0.29473305,0.11882973,0.35447025
solar,71,43136,47296,0.8144068980077647,-0.1457477644192015,1.866322,0.24670172,2.0071087,0.10591507
solar,38,46976,51584,0.8140555637432303,0.0809294392053469,0.235363,3.3915753,0.08717251,3.2433848
solar,128,43968,48000,0.8140461470201571,0.1146705433907743,0.091116905,0.41406345,0.028544426,0.35149097
solar,72,46656,51136,0.8139884772939034,-0.2114971836649397,0.237185,1.7877164,0.28601027,1.7388911
solar,133,45248,46400,0.8138815007646194,0.2448513890089673,0.37668037,0.6814251,0.28708363,0.59182835
solar,120,42944,43520,0.8137737217488096,0.1679721839111771,2.1960592,0.16680574,2.499164,0.46991062
solar,56,46656,47808,0.8136708398401323,0.0545005651338526,0.10367012,0.24280739,0.15879726,0.29793453
solar,102,45824,48576,0.8136492023718565,0.1801265722372316,3.488019,0.2992854,3.4641767,0.27544308
solar,94,45952,51712,0.813597048934341,0.0066107721413096,0.07656956,0.7421341,0.17057705,0.6481266
solar,112,42560,50752,0.813573242702217,-0.0766986210228625,0.16377735,0.12862873,0.2768488,0.015557289
solar,42,42368,46400,0.8134826468573445,0.0983847154338304,0.4719944,0.6633811,0.5531082,0.7444949
solar,9,43136,44416,0.8134749751882072,0.0837962338345382,2.6709824,0.2464056,2.7860708,0.13131714
solar,119,43136,50752,0.8133855246522701,-0.1013904425016898,2.5547786,0.24271727,2.6856718,0.111824036
solar,97,43520,51584,0.8131983302131599,0.0860797354574041,0.25379562,0.540565,0.17845964,0.46522903
solar,99,43712,47296,0.8131541626433848,0.0621849531926137,0.46657848,0.2013874,0.63951254,0.02845335
solar,38,46016,50624,0.8130284455525321,0.245064811699066,3.2885098,0.49626303,3.5963655,0.18840742
solar,114,45568,50624,0.8128778301782955,0.0874375755647756,0.27274275,0.28044176,0.31469727,0.32239628
solar,23,42816,46848,0.8128713487919308,-0.0904392349356259,1.7193208,0.1258936,1.691906,0.098478794
solar,85,45248,49280,0.8125391211942703,0.1556390747212078,0.81309366,0.48968554,0.4733677,0.14995956
solar,37,42048,48256,0.8123624093897794,-0.1232381707186147,0.0035066605,0.144979,0.029306889,0.17779255
solar,61,42944,49856,0.812292547888724,0.0581054628406176,0.17886019,2.7410235,0.49991894,3.0620823
solar,81,42048,48384,0.8122794567458662,0.046937941731682,0.43305683,3.1181073,0.23585606,2.9209065
solar,104,48000,52032,0.8120343548633856,-0.0479695208262857,4.8047748,0.32643843,4.6685705,0.19023418
solar,50,42944,43520,0.8120224236986299,0.2351028082754751,1.2747359,0.027070522,1.7242689,0.4766035
solar,97,42688,47872,0.8119746765606222,-0.05512401247179,0.12615824,2.2311373,0.013805389,2.0911736
solar,69,43136,45568,0.8118263335956908,0.1372205885043493,2.8962812,0.10265303,2.9983554,0.20472717
solar,127,42624,48256,0.8111688181376818,-0.018982940956761,0.84314394,0.36108208,0.9979229,0.20630312
solar,59,47680,51712,0.8111614680428454,0.0371649003055508,0.39100695,3.1456923,0.46631145,3.2209969
solar,62,42624,51712,0.8110139933068179,0.0505212240162777,0.24609947,2.8535905,0.007138729,3.1068287
solar,72,46592,46720,0.8109206635793738,-0.1531943764093223,0.1928935,0.19931078,0.2479105,0.14429379
solar,1,42944,49856,0.8107874958983432,0.1415964908248283,0.23049116,0.87781715,0.15738821,0.48993778
solar,119,44992,47872,0.810737836314359,-0.0122300503595509,0.61234426,2.5876656,0.3958454,2.3711667
solar,95,49152,52480,0.8107197247302544,0.0975925817597038,0.48567295,3.599668,0.3769722,3.4909673
solar,134,43648,44928,0.810485294484584,-0.1468600741539079,0.5290489,0.22449017,0.567389,0.26283026
solar,74,49536,51136,0.8104039453493469,0.0906457860458344,0.5946846,0.35898638,0.64310217,0.40740395
solar,25,44096,51008,0.8103013090689626,0.1670683579425276,0.27975273,2.3003855,0.20168114,1.8189516
solar,119,45632,48960,0.8099278228666146,0.2578939641574941,0.40534544,0.04251623,0.42351055,0.060681343
solar,133,51456,51904,0.8097984870259826,0.1384996889232057,2.3002303,0.2048378,2.3734012,0.2780087
solar,34,44416,47872,0.8097308128738767,0.0037705297192726,0.18466091,1.7386031,0.044908047,1.5090342
solar,27,44928,52416,0.8096953231172108,-0.0632276347720323,0.6517663,1.8491564,0.36493063,1.5623207
solar,36,42368,46976,0.8096256977437389,-0.0686593245257008,1.6152158,0.5782466,1.1254172,0.08844805
solar,22,42368,46400,0.8093911117672771,-0.284772828204452,1.6486411,0.19275284,2.2592587,0.4178648
solar,24,45568,50176,0.8093346533341153,0.2381924513167944,0.19333553,0.37046623,0.10279751,0.07433319
solar,30,46976,51008,0.8092779624634678,0.1614344893167618,0.86785173,2.5447607,0.76635075,2.4432597
solar,35,47232,47680,0.8092200084453401,0.054184827407512,0.61512184,0.18121004,0.5957284,0.1618166
solar,6,43648,51136,0.8091809047882381,0.1607349056413034,0.19197321,2.2947745,0.043128967,2.1459303
solar,55,48960,52416,0.8091214363731377,0.1879642694362188,1.0391216,0.4429531,1.3641915,0.117883205
solar,135,45824,50880,0.8091205137006378,0.0414430403113099,0.74977684,0.14610815,1.2205625,0.32467747
solar,60,44800,50432,0.8091157918105902,-0.0364305726522164,1.2140589,0.058041573,1.5681133,0.29601288
solar,127,42560,48448,0.8090842601468832,-0.0320248481920878,0.22078085,0.24326801,0.2029891,0.26105976
solar,46,46720,50048,0.8090677143563757,-0.0333831422863507,0.031021118,0.72635794,0.21289015,0.5444889
solar,80,42816,52032,0.8090303404399948,-0.0546213974360562,0.40369987,0.042494297,0.7519622,0.3907566
solar,97,45952,52288,0.8089696085750793,0.2002692301788954,2.4149733,0.0009646416,2.3977137,0.016294956
solar,93,44672,48128,0.8088255423246765,0.1124961004392599,0.03911686,0.39926434,0.1270361,0.23311138
solar,66,42944,51008,0.8088120863017652,0.1235314656846994,0.05003071,0.21181583,0.1519785,0.31376362
solar,17,42944,51008,0.808738885032941,-0.115192371113644,0.20414877,1.9054718,0.31850958,1.3828135
solar,39,42944,48704,0.8087279396807401,0.1815465192611512,0.26418257,0.6617546,0.12893009,0.26864195
solar,45,50176,51456,0.8086436858222783,-0.1595998874440223,0.36771727,1.9154625,0.6760664,2.2238116
solar,71,44800,51136,0.8085708295313996,0.2966537114166489,0.61428547,0.040756702,1.0569234,0.40188122
solar,128,42560,44992,0.8084362727730092,0.0042489544057603,0.5172534,0.1547513,0.62463045,0.26212835
solar,32,43136,44864,0.8084279871029615,0.0262264798967691,3.5083013,0.016498566,3.9029555,0.41115284
solar,121,47296,47872,0.8082305477670855,0.0511187911354271,0.08045292,1.8910899,0.24566412,1.5649729
solar,26,46400,47552,0.8082255562965225,0.2868054495927261,0.09021902,0.980844,0.03443575,0.92506075
solar,12,43712,46720,0.8081472170241162,-0.1172517116972037,2.4001431,0.13593769,2.5156646,0.25145912
solar,106,42368,44096,0.8081413441460186,0.2251491563447093,0.30361986,2.8132038,0.039108276,2.5486922
solar,114,44672,48704,0.8077475424308117,0.2205943254609219,2.5710058,0.6691303,2.2113352,0.3094597
solar,124,42944,49856,0.8076791796199998,0.2983575287152201,0.90046597,0.45368147,1.1180768,0.23607063
solar,62,48576,50176,0.8075608871019905,0.1900877332796049,0.08573675,1.7235794,0.18308687,1.6262293
solar,50,43136,46720,0.807531579038792,-0.0795389572757686,3.3737888,0.19114447,3.487759,0.07717419
solar,120,47552,51008,0.8074794969812044,0.1550198704419993,0.27055025,1.8952141,0.050450325,1.5742135
solar,43,42176,51264,0.8066675793303255,0.1923537995611335,1.4555817,0.7567253,1.5621634,0.863307
solar,32,51904,52480,0.8065677073131091,0.116330230176661,0.15143013,4.2108154,0.09840727,4.1577926
solar,59,47872,50752,0.8064541903451595,0.1353676303317776,1.5423198,0.26565504,1.7316608,0.07631397
solar,88,51904,52480,0.8064489726529961,0.0957052626905361,0.19672108,2.354209,0.14363527,2.3011231
solar,79,47168,47296,0.8063401575760584,0.0800282912527742,1.0967617,0.19938898,1.2983289,0.0021781921
solar,78,43712,46720,0.8060968980570618,-0.0187449685740727,0.4915266,0.22342777,0.63289356,0.082060814
solar,108,42560,47296,0.8059950642890956,-0.0363966593759578,0.042407513,0.08915949,0.087350845,0.13410282
solar,0,43520,47552,0.8057896353476747,0.0202069086646052,0.18750763,1.4696045,0.3024249,0.97967196
solar,97,43136,44416,0.8055293007806477,0.2339111427127731,2.4589581,0.17412329,2.6517472,0.01866579
solar,123,45568,50624,0.8053390292179554,-0.015284934625402,0.11897707,0.373312,0.19695091,0.45128584
solar,23,42496,45952,0.8052334189286529,-0.0758841690563214,0.34658194,0.07272339,0.24368334,0.030175209
solar,98,42944,45248,0.8046105871589981,-0.2837420115935534,0.7550149,0.385612,1.2077689,0.06714201
solar,75,43136,46720,0.8045786616171425,0.1383341944556431,2.768849,0.23894978,2.8134942,0.2835951
solar,33,46272,51456,0.8044764880369322,0.0055142577120985,0.21499324,0.08777428,0.3029127,0.00014519691
solar,72,44096,49856,0.8043764309761297,0.2874080573451021,1.974421,0.1482296,2.2184615,0.3922701
solar,6,44864,44992,0.8043308036722961,-0.0963044157126699,0.69750595,0.5050926,0.59013844,0.3977251
solar,42,45824,46976,0.8043193517230428,0.2181775390258607,1.9827375,0.22833586,2.148501,0.39409924
solar,66,48000,49152,0.8043167658662476,0.0365737625283106,0.8982229,0.3574419,0.86348724,0.32270622
solar,126,43776,48512,0.8041909292581793,0.2919136855908432,0.07314682,0.41941452,0.055727005,0.2905407
solar,117,44288,46720,0.8040913546673837,-0.0367768089402407,0.00815773,0.14983892,0.04388523,0.11411142
solar,125,44288,46144,0.8040280563819674,-0.083465212843346,1.067585,1.0536327,1.102778,1.0888257
solar,117,42944,46976,0.8039721643975206,0.1625781618610248,1.2306805,0.40372133,1.1198201,0.29286098
solar,36,42048,44928,0.8036073486229429,0.1334808426691348,0.24008656,0.11921215,0.5247326,0.16543388
solar,38,50432,52160,0.8035518872740807,0.0490290797392002,1.283752,0.1272831,1.3238769,0.16740799
solar,4,44416,51456,0.8033429460039204,0.1344439582197125,0.90893793,0.82979965,0.81815434,0.73901606
solar,46,44672,49280,0.8033298469204678,0.00124100652077,1.9863992,0.24164772,2.2971373,0.06909037
solar,67,46976,49856,0.8032910156917409,0.2347036825541954,0.2756405,3.1929007,0.0008802414,2.91638
solar,58,43328,51840,0.803102545524863,0.1034225454312844,2.918429,0.3103881,3.3735118,0.765471
solar,33,49408,51136,0.8030407921367367,0.068396889534143,0.28481674,1.6836009,0.62325096,2.0220351
solar,9,47680,49536,0.8029764776940325,0.046470536496182,0.34557247,2.0261645,0.49556112,2.1761532
solar,64,43968,51008,0.8027524827080988,-0.2298337836428982,2.2787151,0.07960129,2.628756,0.27043962
solar,99,46976,49856,0.8025761075795849,0.0506689877331546,0.27462482,0.8897004,0.6574402,1.2725158
solar,109,44992,50880,0.802544885621199,-0.0005169007577802,0.12486601,1.2820835,0.030341148,1.4372907
solar,42,43520,51008,0.8025306909606729,0.0249615189329497,0.18390894,2.5386295,0.005092144,2.3496284
solar,14,45824,51584,0.8024736694513931,-0.125858090154108,0.65843105,0.19315672,0.8517275,0.00013971329
solar,99,42560,46720,0.8023847798026587,-0.0904360960993048,0.008896828,0.0065159798,0.053972244,0.056353092
solar,51,43136,47296,0.8022899314770787,0.0195568605419425,2.265596,0.28308773,2.436089,0.112594604
solar,51,45248,45824,0.8022384438443536,-0.2124843657016119,0.500494,2.5189166,0.036743164,1.9816794
solar,98,42432,49024,0.8021554222647013,-0.3853809690343443,3.1167126,0.013788223,3.2606063,0.15768194
solar,116,44288,44992,0.8019134552486262,-0.1724235645678626,0.776597,0.44919348,0.7634387,0.43603516
solar,101,43264,44864,0.801891497356759,-0.0095962864216245,0.22268629,4.226047,0.38670397,4.0620294
solar,7,44352,48832,0.801657649410032,-0.2839347395603017,1.9696279,0.42009354,1.9992347,0.44970036
solar,112,43072,52288,0.8016400658644771,0.2256806236807655,0.5729437,0.4651332,0.27941227,0.17160177
solar,42,44864,47296,0.8015629057887558,0.1387956365239018,0.20294046,0.11744118,0.47681522,0.39131594
solar,92,45248,45824,0.8013885649273322,0.2137273589093025,0.24300003,1.262598,0.15410328,0.8654947
solar,52,42816,43264,0.801321591957879,0.0520703975552883,1.377873,0.026479721,1.2404532,0.16389942
solar,31,43264,44288,0.8013062544449189,0.0923595495857546,0.104610205,1.4188173,0.008447409,1.5149801
solar,83,46720,47872,0.8012885143247704,0.0534506133764875,0.024686337,2.7011738,0.20667744,2.46981
solar,94,42368,48704,0.8006554700284608,0.0043682675010194,0.5613432,2.624092,0.19835138,2.2611003
solar,101,44992,49472,0.8005622695250568,-0.1615658733283084,0.31181526,2.7785263,0.25700092,2.723712
solar,14,42560,47296,0.8003680970429758,-0.2304553114139602,0.10414362,0.11565828,0.2335124,0.013710499
solar,129,48000,48576,0.8003086321527217,0.0201976297407311,1.1163969,0.17546606,1.1661305,0.2251997
solar,105,43072,45952,0.8001981981092013,-0.1692405484209699,0.6678686,2.9106646,0.2691369,2.5119328
solar,102,43264,47168,0.8000840116601775,0.0964063043290722,0.18269229,1.6249688,0.09484029,1.5371168
