dataset,channel,start_i,start_j,trend_corr,residual_corr,d_A,d_B,d_ctrl_A,d_ctrl_B
traffic,184,14676,15636,0.9898279735865702,0.2672260859982149,0.1297462,0.22430754,0.0010039806,0.09355736
traffic,842,14292,15636,0.9895226746459266,0.276955677177435,0.053236008,0.026233912,0.041538715,0.014536619
traffic,524,14228,16724,0.9889976693321328,0.1499348475945832,2.6497815,0.90190935,2.3311763,1.2205145
traffic,280,14676,15636,0.9887605219509398,0.2701891379885531,0.18797994,0.18948388,0.058908463,0.060412407
traffic,107,14100,15444,0.9882868884972108,0.2879844859871916,0.16766047,0.17441583,0.14869595,0.19338036
traffic,593,14164,15508,0.9877047784981976,0.2709257827304954,0.03349161,0.03938389,0.064573765,0.008301735
traffic,535,14036,15764,0.9873742632962996,0.2536396120544841,0.105852365,0.059013247,0.08570671,0.0791589
traffic,101,14676,15636,0.9865853300382617,0.1732946632072339,0.18169141,0.036853313,0.14520144,0.0003633499
traffic,62,14484,15828,0.9864198624388884,0.2765356202833676,0.12249613,0.26959276,0.27912498,0.112963915
traffic,708,14484,15828,0.9859956645761578,0.2845084172331571,0.06922412,0.072659254,0.03546071,0.038895845
traffic,836,14804,16148,0.9856879145372044,0.0298014775244322,0.25828576,0.26634312,0.25815344,0.26647544
traffic,619,14164,15508,0.9855310404891964,-0.0040701079176424,0.009661436,0.003608942,0.033996582,0.020726204
traffic,167,14804,16148,0.9854166531943892,0.2409934884477868,0.123753786,0.031217098,0.09988141,0.055089474
traffic,756,14228,14612,0.9852955626018716,0.2826541629556884,0.25687253,0.07774806,0.13126743,0.20335317
traffic,112,14100,15444,0.9848594631985408,0.2061981606557212,0.12379098,0.26184654,0.19094396,0.19469357
traffic,748,14612,16724,0.9840223527398818,0.2812616930185663,0.21324635,0.37764287,0.22313023,0.367759
traffic,788,14676,16980,0.983292511888811,0.2702201826782063,0.13292217,0.45117474,0.11357021,0.20468235
traffic,124,14484,15828,0.9830711815468116,0.2064082626902987,0.14773607,0.026383638,0.11287022,0.061249495
traffic,738,14676,16980,0.9826932220915195,0.2596915105756853,0.35370708,0.9710947,0.13709807,0.48028958
traffic,256,16148,17300,0.9823641915600824,0.0671866132765973,0.04938841,0.06870508,0.115569115,0.13488579
traffic,203,14676,15828,0.9822661765888514,0.1188226357758956,0.14382195,0.70837545,0.45160818,0.40058923
traffic,296,14420,16724,0.982081220977042,0.2505080604013391,0.31501484,0.21845555,0.2413125,0.2921579
traffic,564,14484,15828,0.9813992367953072,0.2617982211576485,0.01894784,0.37283897,0.3094244,0.08236241
traffic,547,14164,16852,0.9810842732559092,0.2782944961169741,0.12060475,0.5771079,0.076990366,0.3795128
traffic,161,14164,15508,0.9809829731943404,-0.1145315478377364,0.16055727,0.23119593,0.21045184,0.18130136
traffic,788,14036,14612,0.9808440379529044,0.2798780472322308,0.3022511,0.2076683,0.20578504,0.30413437
traffic,452,14420,16724,0.9804951705213512,0.2602779549131335,0.36891603,0.25210094,0.29878855,0.32222843
traffic,37,15828,16980,0.9802102230055862,0.2026855426858653,0.029233217,0.7687061,0.38845873,0.40948057
traffic,508,14484,15828,0.9799399485489032,0.2301385777521998,0.25241256,0.36897397,0.4785118,0.14287472
traffic,633,14484,15828,0.9796407581515886,0.2017197155197481,0.027935266,0.059236526,0.026163816,0.057465076
traffic,636,14100,16212,0.9795009838688644,0.2946693156936205,0.2650211,0.057831287,0.20519471,0.11765766
traffic,215,14100,15252,0.9793826908315764,-0.0629725434870688,0.36085677,0.37410235,0.26818728,0.46677184
traffic,277,14164,16852,0.9792308480276752,0.2919468565110603,0.22159696,0.10870123,0.19608617,0.08319044
traffic,679,16148,17300,0.9790678862250068,0.0295604084294774,0.16288161,0.2085793,0.0003809929,0.37107992
traffic,179,16276,17044,0.9789981376279238,0.217459189048334,0.13710737,0.23955679,0.1792295,0.19743466
traffic,244,14676,17172,0.9788204716563164,0.2307728685474714,0.34073615,0.02238655,0.22980762,0.13331509
traffic,278,14484,17172,0.9787789888560228,-0.0392136503964632,0.098076105,0.08591652,0.12184882,0.109689236
traffic,607,14100,16404,0.978308804139745,0.274762386181103,0.10419297,0.17469788,0.13607836,0.14281249
traffic,601,14484,15828,0.978006861394528,0.2031372776485974,0.37954187,0.3925848,0.3241191,0.44800758
traffic,860,14804,16148,0.9780023927535524,0.2737152904422826,0.029419899,0.08653283,0.033788443,0.08216429
traffic,716,14676,16788,0.977993115692696,0.2381069986046588,0.21410131,0.25788617,0.029593468,0.073378325
traffic,756,14804,16148,0.9779681622209716,0.2045887614090027,0.12801886,0.2207365,0.15752268,0.19123268
traffic,132,14484,16980,0.9779486200451374,0.2054111950840931,0.106390715,0.64668655,0.34325433,0.40982294
traffic,258,14932,17428,0.9778659229587296,0.1691365532359658,0.2720878,0.40693378,0.20357561,0.475446
traffic,735,14676,16980,0.9776803718625644,0.1827096946253664,0.23843575,0.6107166,0.08337045,0.2889104
traffic,388,14484,17172,0.9775714336716153,0.252082550682929,0.03793025,0.22879219,0.09738135,0.16934109
traffic,778,14484,16980,0.9775444431403624,0.2712938516177978,0.17812872,0.67930126,0.43041372,0.42701626
traffic,678,14100,16404,0.9775079879984384,0.1914561522659587,0.3343742,0.21885657,0.45627928,0.096951485
traffic,530,15892,17044,0.977259567416987,0.2632899177253436,0.44753158,0.5431082,0.8808154,0.10982442
traffic,159,14292,14676,0.9772534637350684,0.2437056618503599,0.48068643,0.92738557,1.0107541,0.3973179
traffic,587,16148,17300,0.9772340014867013,0.1205345762627256,0.41086388,0.23010683,0.31284928,0.32812142
traffic,730,14228,16724,0.9770348939664628,0.2241250858491195,0.40264344,0.43443274,0.2032814,0.6337948
traffic,709,15956,16148,0.9769691260787882,0.0722644970412188,0.99739015,0.28269696,0.3303504,0.9497367
traffic,530,15124,17428,0.9768338356424068,0.2520968033786342,0.3739084,0.014487505,0.6493007,0.2609048
traffic,836,14932,15892,0.9767898825514226,0.2475570861803919,0.33478796,0.35904312,0.32499802,0.36883307
traffic,748,14548,14740,0.976755718623386,-0.21732384086556,0.016011238,0.003219843,0.0222373,0.041468382
traffic,764,14676,16596,0.9767292365632928,0.2642973772550796,0.39309216,0.6009786,0.5334959,0.46057487
traffic,575,16660,17236,0.9765241449757788,0.2636443598927835,0.4431095,0.35956502,0.3724897,0.43018484
traffic,740,14100,15060,0.9763929577023972,0.226561503215401,0.01333642,0.11013937,0.023321152,0.10015464
traffic,494,14164,16852,0.9762666563483948,0.1729598157631492,0.1124382,0.53945565,0.04923415,0.3777833
traffic,747,14868,15444,0.9761856534378368,0.2434809169171083,0.45385146,0.43836904,0.48014235,0.41207814
traffic,530,15060,15636,0.9761719197163704,0.179433835268088,0.09097016,0.19561446,0.31881618,0.03223157
traffic,8,15060,16788,0.9759690665207168,0.175012579761023,0.34782553,0.29067826,0.04033768,0.016809583
traffic,247,15828,16980,0.9758272279772984,0.0991797053533334,0.18933797,0.78843546,0.39409733,0.5836761
traffic,77,14484,17172,0.975712940810289,0.0528882867945198,0.12104821,0.29088783,0.15214586,0.25979018
traffic,530,15252,16020,0.9754389799347932,0.1706453505291211,0.48644376,0.60145164,0.6666815,0.42121387
traffic,304,14228,15380,0.9753135158991943,-0.0147453110903778,0.4938556,0.1404481,0.18659246,0.44771123
traffic,51,16724,17108,0.9751693715976028,0.2524000919468722,0.50281763,0.2672143,0.20923519,0.56079674
traffic,735,14100,15060,0.974809520228559,0.2252760452894124,0.052615643,0.08124304,0.010547876,0.039175272
traffic,456,15508,16852,0.9747127891607004,0.1331485488320324,0.108842134,0.4766283,0.27287078,0.09491539
traffic,769,14804,17300,0.9746299405472344,0.1342057131679142,0.16494107,0.3173914,0.10559678,0.58792925
traffic,678,15764,16724,0.9743099400230638,0.2043687617227606,0.80610895,0.24468708,0.505219,0.54557705
traffic,572,14612,14804,0.974055631082598,0.284211416360993,0.40115547,0.11797595,0.19729781,0.3218336
traffic,15,14292,16788,0.974028621061858,0.1963594714470967,0.15045118,0.62543106,0.14210486,0.6337774
traffic,207,14228,16724,0.9738602866193964,-0.0405522791434576,0.099309206,0.08838773,0.11899924,0.108077765
traffic,59,14804,16148,0.9738527139240428,0.296412435565307,0.078933,0.08421755,0.08671117,0.07643938
traffic,173,14996,15188,0.9738406576559756,0.2510967247081793,0.037450314,0.119921446,0.055169106,0.102202654
traffic,431,14100,16404,0.9737981942974396,-0.0056410058459006,0.13603926,0.31548762,0.030957937,0.48248482
traffic,612,14676,15828,0.9737093371814168,0.1968558086814638,0.8266797,1.9263675,1.3398833,1.4131639
traffic,239,14292,14676,0.973645740859448,0.1086342384562513,0.39633584,0.107136965,0.44402575,0.05944705
traffic,730,14868,16788,0.9736012392336496,0.2481688731012883,0.12040877,1.0903376,0.6805353,0.5302111
traffic,13,15380,15572,0.9733199258124144,0.2290040185417538,0.04774785,0.12030876,0.03870845,0.033852458
traffic,301,14676,15636,0.9733104538970888,0.2678092605432201,0.0069174767,0.53835726,0.12545633,0.40598345
traffic,515,14932,17428,0.9732883330765248,0.287726602070209,0.012214184,0.0966022,0.011855364,0.072532654
traffic,685,14612,16148,0.973144468960686,0.2081851475525129,0.30875468,0.16214585,0.23077154,0.240129
traffic,162,14932,17428,0.9731390066787045,0.2666588940469056,1.4964179,1.3828835,0.6784204,2.200881
traffic,232,16660,17236,0.9730490385251742,0.2066508952435886,1.0641773,0.74357915,0.8900459,0.91771054
traffic,539,14292,15828,0.9729473273699007,0.2225381707497767,0.60380423,1.8748276,1.3253402,1.1532917
traffic,65,15380,16724,0.9728863319220226,0.2725506608441687,0.1500454,0.07803869,0.18106604,0.109059334
traffic,681,15316,16468,0.972798478757359,0.2774789209868914,0.08217454,0.22368264,0.060212135,0.24564505
traffic,626,14228,15764,0.972769039554528,0.2501297108253985,0.11186671,0.08299351,0.047980547,0.24284077
traffic,126,16660,17236,0.9726777804283226,0.2523980458874296,0.020418644,0.3667028,0.13034391,0.21594024
traffic,208,14996,16340,0.9726059099931542,0.1582137888750196,0.15619421,0.21164751,0.15196729,0.21587443
traffic,415,14676,15636,0.9724343408329048,0.2699876296128071,0.12418127,0.2595291,0.022132397,0.15748024
traffic,379,14292,16596,0.9722795906088836,0.1638154807594541,0.5125346,0.36738086,1.0330474,0.15313196
traffic,214,14420,15572,0.9722765460223564,0.2605097047329421,0.27518225,0.21181631,0.22799468,0.25900388
traffic,356,14484,16980,0.9721923897807032,0.2317981398148541,0.1661737,0.42211866,0.07653093,0.17941403
traffic,799,14484,15636,0.9721505179685064,0.2500374791578981,0.14157772,0.24396491,0.16779613,0.2177465
traffic,708,14676,16404,0.9721180460515148,0.2688885715153541,0.020780087,0.42396092,0.17266464,0.27207637
traffic,836,14868,15444,0.9720686669561226,0.0413158444844211,0.3062532,0.977937,0.98305523,0.30113494
traffic,317,14548,14932,0.9720160661917612,0.2211242258163767,0.21028256,0.12360549,0.1743586,0.15952945
traffic,189,15508,16852,0.9720073947271732,0.2405625635269356,0.09302282,0.48654652,0.2928996,0.100624084
traffic,682,15316,16468,0.9719470278165904,0.2491766528931543,0.04095745,0.19685245,0.035096645,0.20271325
traffic,407,15124,17428,0.9717714036640522,0.2946726061182019,1.1154132,0.1695869,0.4774096,0.8075905
traffic,407,14676,15828,0.9717047178297368,0.2547747767061742,0.49995184,0.74572325,0.9311733,0.31450176
traffic,530,15828,17172,0.9716782781433656,0.2455993342896784,0.015241861,0.28087378,0.014930725,0.2507012
traffic,460,14484,17172,0.971528100800289,0.2970383302100096,0.5038028,0.2818315,0.41423082,0.37140346
traffic,151,15252,16404,0.9713850222492192,0.1302633483529894,0.08255863,0.073822856,0.013258338,0.004522562
traffic,747,14228,16916,0.971361067916183,0.2353082994657601,0.2635305,0.31209683,0.09610176,0.47952557
traffic,55,15124,16468,0.9711616895527518,0.2528361440761538,0.20494318,0.29906082,0.00041484833,0.09453249
traffic,716,14356,16084,0.9711269982502756,0.2393245974296927,0.06622124,0.14188528,0.11256862,0.18823266
traffic,2,15444,16788,0.9710768269459112,0.2798149688183447,0.091715336,0.18117428,0.060998917,0.15045786
traffic,368,16788,17364,0.9710332807859752,0.2044926651920739,0.8436129,1.6424255,0.99861073,1.4874277
traffic,462,15444,16404,0.9710295982302038,0.2991065753484987,0.31813276,0.3428663,0.60526824,0.05573082
traffic,578,14484,15636,0.9709377332834918,0.2861660816652534,0.27643585,0.26828647,0.1896832,0.35503912
traffic,173,16276,16660,0.9708881511158256,0.2783942733525445,0.27528524,0.10236478,0.1648891,0.21276093
traffic,320,14612,14804,0.9708579382541936,0.228781596246108,0.380311,0.07886791,0.1574502,0.30172873
traffic,338,14996,16340,0.9706185676958348,0.2874393131432107,0.36159706,0.3919387,0.38106775,0.372468
traffic,406,14420,16916,0.9705572933722316,0.1741772954419762,0.12426734,0.1628964,0.030129671,0.3172934
traffic,671,14100,14676,0.9705208304093846,0.1903944583939444,0.313339,0.39742208,0.5233612,0.18739986
traffic,472,14676,15636,0.9704263037401936,0.2970416177484664,0.02205801,0.24024749,0.010111332,0.20807815
traffic,79,14484,16596,0.9703842197750344,0.2835150083535414,0.013748169,0.7383294,0.25598907,0.46859217
traffic,388,14932,17428,0.9703590886496024,0.155878555597207,0.20534134,0.0012590885,0.2095015,0.0029010773
traffic,159,14164,16852,0.9702942156671251,0.17386375661216,0.32238698,0.06184888,0.31302714,0.071208715
traffic,669,14676,16788,0.97017687475905,0.1362338507079858,0.13403368,0.66273236,0.39631653,0.4004495
traffic,266,15828,16980,0.9701700350860888,0.171961503579871,0.26802516,0.24010348,0.08720875,0.05928707
traffic,125,14484,15828,0.970169197800316,0.1033801766641149,0.3579545,0.32072496,0.28738785,0.39129162
traffic,462,14228,16724,0.9701229169146852,0.1972135820874484,0.8364562,0.89384055,0.90531313,0.8249836
traffic,256,14676,15060,0.9701118896033754,0.2398483505234171,0.25685167,0.512321,0.43096995,0.33820271
traffic,254,14356,17044,0.9700665492554684,0.1771142691369591,0.105127335,0.5455239,0.16152358,0.27887297
traffic,530,14804,16532,0.9700543787387056,0.1795736351362079,0.44340873,0.2918303,0.41712713,0.3181119
traffic,259,14164,16852,0.9700400455291128,0.2080970610526496,0.3915372,0.6592293,0.119042635,0.38673472
traffic,319,16148,17300,0.9699978676787662,0.2615442079708087,0.71241975,0.35380983,0.19427896,0.8719506
traffic,730,14100,16404,0.9699851309107304,0.2598633077622025,0.47988605,0.51534057,0.565259,0.42996764
traffic,313,15828,16980,0.9699069467518,-0.1532173485965237,0.26605392,0.81916165,0.64370155,0.44151402
traffic,789,15956,16916,0.969887495827489,0.2519896879295518,0.3816173,0.20047903,0.42226028,0.241122
traffic,793,15508,16852,0.9698254093416462,0.2992987185145589,0.19472814,0.6335149,0.44701982,0.3812232
traffic,530,14484,16404,0.9697646158240664,0.1241649272345045,0.07257819,0.26445913,0.051041603,0.14083934
traffic,789,14484,15828,0.9697620402385446,0.2922130646552369,0.15604997,0.1165247,0.20826793,0.064306736
traffic,839,15572,16916,0.9697614286455908,0.298997055528154,0.34206057,0.3922503,0.22332096,0.5109899
traffic,492,14676,17172,0.9697172647757712,0.2215489577398052,0.5136566,0.03868413,0.36717772,0.10779476
traffic,125,14100,16404,0.9696601455122094,0.2227524989076438,0.076738,0.073351026,0.090593815,0.08720684
traffic,460,14356,17044,0.9696129103161706,0.2603928295247431,0.14487624,0.2703886,0.034522533,0.1600349
traffic,799,14676,16980,0.9694859351877024,0.1562761885866506,0.33077502,0.5089495,0.46443462,0.37528992
traffic,629,14100,16788,0.9694200606699034,0.1197958216708805,0.24983549,0.10688543,0.11902189,0.023928165
traffic,510,16468,16852,0.9693977747678428,0.2253929689246032,0.57271814,0.33402967,0.4449265,0.46182132
traffic,224,15252,15636,0.9692946037993144,0.1795553711781785,0.08607054,0.02857542,0.06436515,0.0068700314
traffic,290,14228,16724,0.9692086152977922,0.2906417002591677,0.54754007,0.0008189678,0.3976134,0.15074563
traffic,713,16148,17300,0.9691526264801206,0.2700605416391038,0.15547156,0.333318,0.035129786,0.52391934
traffic,65,14484,15636,0.9691286597215274,0.2811656725678954,0.19722033,0.49983358,0.43098164,0.26607227
traffic,569,14676,17364,0.9691215892163284,0.2379307942888198,0.39649415,0.8151822,1.027735,0.18394136
traffic,524,14036,16916,0.969078132490894,0.2858430571243006,4.5965433,0.9164059,3.9677224,1.5452268
traffic,554,15700,17044,0.9690730860706706,0.2783128639620466,0.77852917,0.027451754,0.7550628,0.003985405
traffic,789,14036,16724,0.9689719295190864,0.292288188536396,0.8352282,0.42740917,0.64656496,0.6160724
traffic,359,14100,15828,0.9688647765244132,0.2529069606233204,0.39909637,1.1142507,1.0366701,0.47667694
traffic,110,14484,16980,0.968769508680028,0.1512034594932544,0.031200409,1.0296284,0.529732,0.468696
traffic,745,14804,16916,0.9686707429605949,0.2962010741317333,1.2589352,0.90319705,1.3528829,0.8092494
traffic,679,14164,14932,0.9686439153910708,0.2781331083996385,0.28848648,0.32123733,0.13451529,0.47520852
traffic,87,14548,14932,0.9686053584558336,0.1229435897261653,0.23568392,0.16730285,0.23101807,0.1719687
traffic,385,14676,17172,0.9685749216838349,0.1886892038912606,0.49189043,0.008630514,0.33472872,0.1485312
traffic,49,14292,16980,0.968550159637954,0.2673383534144186,0.18711185,0.18671083,0.08532214,0.08492112
traffic,604,14100,16404,0.968545394903757,0.2435523895580539,0.027142406,0.098017216,0.043385863,0.11426067
traffic,28,14676,15828,0.9685438122662846,0.288394140448416,0.45400262,0.02679491,0.3321061,0.095101595
traffic,530,15956,16916,0.968534899693372,0.2675520260566674,0.28284192,0.000521183,0.35990787,0.07758713
traffic,744,15444,16404,0.9685170759798376,0.2245442627739803,0.18601012,0.07819295,0.12169647,0.1425066
traffic,537,15444,16404,0.9684809594860908,0.280501731759057,0.035716295,0.01805377,0.096042395,0.04227233
traffic,49,14676,16404,0.96843004887634,0.2967743556129045,0.018129826,0.38910985,0.1566565,0.25058317
traffic,554,14164,16852,0.968426593894162,0.1049099729458504,0.47761583,0.420022,0.36991978,0.31232595
traffic,604,14484,15828,0.9683949311167503,0.1048945656375141,0.35546374,0.32598615,0.28200197,0.39944792
traffic,860,14996,16340,0.96825952778844,0.259169470845378,0.051290512,0.07070804,0.0072152615,0.12921381
traffic,791,14804,17300,0.9682476721062582,0.1886802540871461,0.22398925,0.32199502,0.061109543,0.6070938
traffic,60,14420,15764,0.9682045828547412,0.2861465320668332,0.06281471,0.07147598,0.09823561,0.036055088
traffic,539,14484,16596,0.9681476502556652,0.0730073709249211,1.403439,1.4948381,1.9517205,0.9465567
traffic,744,14100,15060,0.9681132479397474,0.2821643954895476,0.13815045,0.18058467,0.15916204,0.15957308
traffic,203,14804,17300,0.968085208694612,0.264228507072467,0.19846392,0.10628128,0.28605175,0.19386911
traffic,313,14420,15764,0.9680244036676832,0.2705900950883735,0.0046048164,0.03685832,0.07683349,0.03537035
traffic,476,15828,16980,0.9679915275845484,0.0958961764028078,0.12683964,1.1211181,0.71483827,0.53311944
traffic,468,14676,15636,0.9678763382972392,0.0794051621361754,0.39779377,0.95666325,0.7279699,0.62648714
traffic,789,14868,15444,0.9678330246939394,0.2945257585119535,0.52606606,0.6843451,0.6670897,0.5433215
traffic,713,15444,16404,0.967832382449576,0.263264476140392,0.334013,0.059877396,0.16354704,0.11058855
traffic,397,15572,17108,0.9678007885167136,0.1904192380950851,0.27602267,0.26827526,0.31705582,0.3093084
traffic,259,15956,16916,0.9677949235639762,0.2740753979943852,0.29519773,0.72990775,0.10409367,0.5388037
traffic,358,15828,17172,0.9677266620413348,0.2967956028336022,0.10012388,0.035870075,0.07677555,0.012521744
traffic,742,15124,16276,0.9676984585231336,0.2936416984978393,0.3115971,0.29689002,0.22056913,0.387918
traffic,699,16020,17364,0.9676224053746236,0.1292850938509222,0.20183611,0.13604236,0.22562575,0.11225271
traffic,530,14932,16276,0.9676203222177168,0.1486296819531663,0.05045557,0.07128501,0.045741558,0.07599902
traffic,103,15252,16404,0.9676095374932216,0.2784507875764289,0.27910912,0.11621547,0.25621235,0.13911223
traffic,530,16980,17364,0.9675911767813083,0.1109785657818782,0.21202874,0.10158682,0.30252075,0.011094809
traffic,657,15572,16916,0.967586163848468,0.2341235536259052,0.08396435,0.357813,0.42007208,0.8618494
traffic,698,14292,15636,0.9675855181355868,0.0896070911189316,0.107516885,0.11421442,0.10747874,0.11425257
traffic,465,14164,16852,0.96754540222904,0.1037334084926105,0.36922145,0.6896739,0.062903404,0.38335586
traffic,816,15380,16724,0.9674974472689584,0.2735453335231927,0.19716334,0.066986084,0.17088342,0.09326601
traffic,317,14036,16916,0.9672858288791648,0.2774311868143798,0.31728792,0.20684409,0.27062917,0.16018534
traffic,716,14292,15252,0.9671887677943786,0.2452358014199857,0.083776,0.04529214,0.18736577,0.14888191
traffic,50,14292,15636,0.9671605779969422,0.2891273557303086,0.014844894,0.05909872,0.021589518,0.022664309
traffic,676,14036,15764,0.9671399822572082,0.2472352733322041,0.098848104,0.042161465,0.05316472,0.08784485
traffic,256,14164,14932,0.967052948174175,0.2558303649261437,0.23647547,0.3036046,0.10658169,0.43349838
traffic,22,14100,14676,0.9670446551871812,0.2676394289164813,0.34985566,0.15712285,0.36488533,0.14209318
traffic,804,14804,16148,0.9669790192364476,0.291431297930284,0.29395723,0.15185118,0.28583527,0.15997314
traffic,678,14484,16980,0.9669146635529404,0.0468548720560443,0.14235091,1.0695264,0.41679025,0.5103853
traffic,421,14804,16148,0.9668983137950444,0.2695452372797283,0.13959575,0.06107664,0.1244967,0.07617569
traffic,453,16724,17108,0.9668481873441968,0.2506405455015259,0.7424247,0.35629582,0.3517778,0.74694276
traffic,23,15444,16788,0.9668285408019832,0.2985562693671696,0.1547761,0.1313622,0.07324004,0.049826145
traffic,679,15444,15828,0.9667533930094452,0.2136801546064224,0.4000826,0.46817493,0.6017082,0.26654935
traffic,860,15188,16532,0.9667428373429904,0.2812924140142483,0.08965039,0.0043125153,0.17237282,0.08703494
traffic,275,14676,15828,0.9666627293236612,0.2680168419899753,0.8464289,0.95256567,1.0832057,0.71578884
traffic,325,16660,16852,0.9666109282338068,0.2627443640379148,0.043492794,0.49611926,0.34662223,0.10600424
traffic,235,14804,17300,0.9665879783686556,0.2957182643313301,0.46283078,0.054831505,0.33150578,0.0764935
traffic,790,15828,16596,0.9665777914330458,0.2981951767624786,0.120447874,0.2680881,0.019872427,0.36866355
traffic,65,14676,15444,0.9665256576941332,0.2802690141779001,0.1324532,0.6356292,0.4411342,0.32694817
traffic,254,14676,15444,0.9664984574176084,0.2496462438925929,0.6510041,1.692708,1.8792391,0.464473
traffic,83,15444,16404,0.9664769019023668,0.2221471035189513,0.056909084,0.026694536,0.020497799,0.009716749
traffic,719,14676,16788,0.9664555655821676,0.2492673804935658,0.15567422,0.48928022,0.20294905,0.13065696
traffic,716,16660,17236,0.966454349953838,0.1006228839940502,0.013470173,0.4142778,0.15904593,0.24176168
traffic,32,14676,15636,0.9662823100191276,0.2481311858850525,0.058603287,0.41911364,0.025638342,0.50335526
traffic,841,14676,16788,0.9662552689612444,0.2398390737511593,0.15714073,0.45112705,0.16902995,0.12495637
traffic,395,14164,16852,0.9662177442532626,0.248484010344214,0.13403606,0.3333037,0.010707378,0.209975
traffic,453,16148,17300,0.9662001565333788,0.1599848029887676,0.33653522,0.13827777,0.2793467,0.19546628
traffic,820,15636,16788,0.9661737030277364,0.0892325831566628,0.15641451,0.4692781,0.0913434,0.22152019
traffic,312,14484,14676,0.9660265846829384,0.24880244848847,0.3625865,0.064037085,0.32769942,0.09892416
traffic,803,14804,16148,0.9659325295387606,0.2245553835746434,0.10478163,0.006407976,0.01993084,0.091258764
traffic,626,14100,16788,0.9659235146672556,-0.065604343723586,0.23579264,0.2589743,0.119505405,0.14268708
traffic,715,14804,15956,0.9659207382934046,0.2867119837080411,0.3425839,0.29703104,0.1772542,0.46236074
traffic,145,14100,15444,0.965899906550598,0.2811152511130049,0.58690345,1.0217662,0.9808074,0.6278622
traffic,126,14100,14676,0.9658878981949413,0.242445671556064,0.46810102,0.3456142,0.45956206,0.35415316
traffic,167,15444,16404,0.9658530850723164,0.2827465782406254,0.15902162,0.15389347,0.0060060024,0.011134148
traffic,848,15124,16468,0.965752673230836,0.1565438213950293,0.7121656,0.897136,0.72067094,0.8886306
traffic,136,14100,16212,0.9657034279098066,0.2975833434148194,0.08561826,0.15237975,0.050440073,0.18755794
traffic,508,15956,16916,0.965620372759941,0.1728571523021827,0.55520177,0.022007227,0.47730064,0.055893898
traffic,159,15956,17300,0.9655273769542868,0.260634930733589,0.25255442,0.12706876,0.24628592,0.13333726
traffic,258,14292,16596,0.9655092325630356,0.2888504778489956,0.07350373,0.18128657,0.02401185,0.08377099
traffic,470,15636,17172,0.9654548212861848,0.134409534193321,0.3062545,0.10233021,0.15165389,0.052270412
traffic,428,14036,16916,0.9654402286195948,0.1670387700986266,0.11061633,0.5347156,0.22025633,0.6443556
traffic,44,14676,16404,0.9654077649995002,0.2673580873639065,0.09713912,0.26858282,0.062386036,0.109057665
traffic,824,14868,16212,0.9653936336574268,0.2657641886543292,0.06696594,0.09942818,0.09492624,0.07146788
traffic,165,14740,14932,0.965388816075588,0.1004115941162408,0.14649987,0.17947936,0.326905,0.00092577934
traffic,319,14100,14676,0.9653637438539984,0.2244504319344813,0.72618115,0.90516853,0.82399595,0.80735373
traffic,443,14292,16980,0.965333453982444,0.1372272436095914,0.14157581,0.15000772,0.16683745,0.17526937
traffic,708,14292,16980,0.9653249426779316,0.21878359093744,0.20972323,0.11893439,0.14205194,0.051263094
traffic,724,16788,17364,0.9652941120471606,0.2713091168559999,0.17484593,0.21160626,0.2979474,0.08850479
traffic,792,14356,17044,0.965291650818298,0.2517881263624714,0.21680617,0.14461565,0.09346247,0.021271944
traffic,696,15764,16724,0.9652257330946196,0.2541839835973963,0.6555567,0.6129017,0.561326,0.70713234
traffic,490,14164,16852,0.9651864482278364,0.2760844961154881,0.023528576,0.48963213,0.26812863,0.19797492
traffic,161,14548,16084,0.9651788668456076,0.2939090946788468,0.01533246,0.2898873,0.17097616,0.10357869
traffic,759,15444,16212,0.9651746978412126,0.1832097570594407,0.19250059,0.14310241,0.21792126,0.11768174
traffic,327,15764,16916,0.9651594554594228,0.2429302231930838,0.00777483,0.26249504,0.15693927,0.09778094
traffic,854,14676,17172,0.9650484386781396,0.0479806093893667,0.6525729,0.339149,0.6433742,0.34834766
traffic,517,14036,15380,0.965011885500086,0.1518871917992717,0.12705636,0.30346918,0.18201542,0.24851012
traffic,517,14100,16788,0.9649961520373886,0.2557407260778624,0.06572366,0.7575244,0.3037784,0.3880223
traffic,837,15508,16852,0.9648897047581858,0.0185791972134266,0.16329527,0.42888045,0.038975954,0.30456114
traffic,383,14292,14676,0.9648527511174132,0.2888915951938285,0.6513772,0.40985608,0.6051054,0.45612788
traffic,208,14420,16724,0.96481545505994,0.1938994704439687,0.72472215,0.07817435,0.48531437,0.16123343
traffic,789,15188,16532,0.9647969601700392,0.1876833993338322,0.0884099,0.0852375,0.032166243,0.028993845
traffic,524,14484,15060,0.9647654119718756,0.268953431935455,0.90341806,0.89393425,0.77853346,1.0188189
traffic,759,16404,16788,0.9647531345294992,0.2966854326655497,0.022750616,0.052005768,0.029874802,0.059129953
traffic,317,14292,15636,0.9647174976447972,0.1140604196809461,0.13313723,0.01646185,0.12010288,0.0034275055
traffic,102,14676,15636,0.9647158694086234,0.2410101499765573,0.13426948,0.37334156,0.06777549,0.1712966
traffic,586,14164,16852,0.9646834453741984,0.1125625860430559,0.3099842,0.6274855,0.051713705,0.2657876
traffic,554,15572,16724,0.9646633062761234,0.294519916650966,0.9790726,0.33305526,0.5717249,0.07429242
traffic,790,14676,15252,0.964643591806586,0.1121499132352275,0.122926,0.39335346,0.24780488,0.26847458
traffic,88,14356,15700,0.9645753235647686,0.2316674760605911,0.3398099,0.24093485,0.27103686,0.30970788
traffic,417,14484,16596,0.9645500855007616,0.2564017329543608,0.30383182,0.6381321,0.42802262,0.5139413
traffic,51,16148,17300,0.9645424274079764,-0.0431927627624862,0.4283092,0.27312613,0.3431883,0.35824704
traffic,281,14100,16404,0.9645283879543692,0.2805242321135617,0.1351378,0.025098324,0.116229296,0.006189823
traffic,50,16596,16980,0.9644969825442256,0.2252546555348433,0.39770937,0.5482719,0.512264,0.43371725
traffic,770,14804,17300,0.9644632130485176,0.1713027551890682,0.012321472,0.20675206,0.18530321,0.3797338
traffic,815,14100,16788,0.9644610189492372,0.2378301448441689,0.19139326,0.45606172,0.16589248,0.4815625
traffic,51,15828,16788,0.96443749117948,0.2889486332287783,0.03732705,0.579613,0.2749958,0.34194422
traffic,110,14996,16340,0.9644357922560038,0.1883533410113659,0.05110836,0.077888966,0.018549204,0.11044812
traffic,41,15508,16852,0.964389800562716,0.1977423411417695,0.07988715,0.19283676,0.0034787655,0.116428375
traffic,168,14868,15444,0.964343966481456,0.2649205860774269,0.022078514,0.2638743,0.18904996,0.09690285
traffic,129,14612,17300,0.9643216787539228,0.125475935984796,0.15658116,0.023704052,0.16251254,0.017772675
traffic,58,15508,16852,0.9643205122543584,0.0868358474492307,0.030348301,0.49902654,0.26077962,0.26859522
traffic,489,14164,16852,0.9643011693443326,0.1560382439255835,0.008847237,0.6044594,0.14772606,0.4478861
traffic,476,14292,16404,0.9642979465561524,0.2383260486853652,0.30402493,0.8363309,0.68757296,0.45278287
traffic,848,15252,16020,0.964157119385804,0.1785843390775347,0.61892366,0.93812656,0.8241277,0.73292255
traffic,704,14292,15636,0.9641409627062794,-0.0419538655333188,0.12312448,0.16626835,0.14177573,0.1476171
traffic,325,14228,16916,0.9639982715436236,0.0634313242032557,0.26606834,0.32447278,0.17523253,0.23363698
traffic,16,17172,17364,0.9639669470056108,0.2037674101955617,0.025877237,0.032337427,0.15153551,0.20975018
traffic,359,14484,15636,0.9639618846756716,0.1197694515202413,0.29269528,0.888083,0.8900535,0.29072475
traffic,525,15508,16852,0.9638676654786068,0.2041046142614298,0.014997959,0.297477,0.13363671,0.17883825
traffic,628,15764,16916,0.9638388990739558,0.1745115931036339,0.20186591,0.027197838,0.15690446,0.07215929
traffic,145,14164,16852,0.9638387260800584,0.2814234952962157,0.037580967,0.3662033,0.08160806,0.24701428
traffic,438,14420,16916,0.9637923876157516,0.1816799275892587,0.18190241,0.21027994,0.028292418,0.05666995
traffic,358,14868,16788,0.9636895680975563,0.0527379823906379,0.022675753,0.1670568,0.07228923,0.11744332
traffic,775,14036,15572,0.9636823843547796,0.2595204146948724,0.19423819,0.1251483,0.07992673,0.23945975
traffic,535,14676,15636,0.963654086073253,0.1712709271912462,0.015922546,0.403867,0.10572219,0.52551174
traffic,575,14676,16980,0.963637363520177,0.2742846573451614,0.13038373,0.55447197,0.25483966,0.16924858
traffic,235,14868,15060,0.9636288193137094,0.1752391689968857,0.1981113,0.28054452,0.3543551,0.12430072
traffic,14,16660,17236,0.9636096132903992,0.2176697513627177,0.5743911,0.59541607,0.5921538,0.5776534
traffic,440,16660,17236,0.9635992657951576,0.2973247712010414,0.24270916,0.3801651,0.26729584,0.35557842
traffic,37,14868,16212,0.9635758963948486,0.273335325457847,0.028398275,0.02702713,0.043076277,0.04170513
traffic,334,14100,16788,0.9635160857964464,0.1935488011058717,0.14862657,0.6897633,0.19035435,0.3507824
traffic,34,14676,15252,0.9634558581164352,0.242560491409634,0.61080265,0.83594084,0.93096495,0.51577854
traffic,142,14292,14676,0.9634382457729376,-0.1772874674427299,0.38465977,0.04078245,0.29134607,0.13409615
traffic,748,14420,16916,0.9634208454472236,0.2860319941066783,0.18562126,0.39218473,0.14368916,0.43411684
traffic,423,15508,16852,0.9633117819696566,0.0874835273280139,0.04742551,0.42740607,0.12842155,0.25155902
traffic,284,15316,17428,0.9632780581447176,0.0467405703279823,0.023254395,0.081600666,0.16420698,0.26906204
traffic,839,14420,15380,0.96321409518522,0.2405228845696719,0.01901555,0.02341652,0.025652647,0.06808472
traffic,260,14676,16980,0.9632110801689322,0.2961542144632614,0.052128315,1.2190465,0.68317485,0.4837433
traffic,79,15828,16980,0.9631820076676902,0.1800775035627609,0.14446044,0.6551926,0.27729702,0.52235603
traffic,269,15828,17172,0.96315144994474,0.1212386128493867,0.36807013,0.08146286,0.16877842,0.117828846
traffic,247,16660,17236,0.9631474672718928,0.149525861057353,0.19624257,0.9069848,0.60382915,0.49939823
traffic,224,14612,15764,0.962994968795126,0.2128832701843794,0.7486912,0.91166437,0.82057047,0.8397851
traffic,457,16660,17236,0.9629852236673924,0.1636160151151739,0.17198873,0.75806284,0.43163133,0.49842024
traffic,796,14548,14932,0.962904526908129,0.2151096620937393,0.25446153,0.33522058,0.3045938,0.2850883
traffic,65,14932,17428,0.9629016586448904,-0.0260871302589933,1.3922486,0.75331736,0.67839074,1.4671752
traffic,154,16660,17236,0.9628974575018722,0.2150128869417097,2.3793042,1.3947822,2.8379118,0.9361745
traffic,239,15572,16916,0.9628608536438332,0.2774943741153876,0.16424084,0.34562886,0.051692724,0.5615624
traffic,781,14356,17044,0.9628370689429884,0.2922757793617921,0.19090176,0.18881416,0.058246613,0.05615902
traffic,453,14676,16788,0.962817101113296,0.2719091247871304,0.37217855,1.0665486,0.921252,0.5174751
traffic,720,15764,17108,0.962752665338832,0.2856416294850909,0.13046026,0.25716257,0.41482806,0.5415304
traffic,6,15508,16852,0.9627190923438088,0.233961560441382,0.07794094,0.35810518,0.12011814,0.31592798
traffic,575,14292,15636,0.9627087796617452,0.2673918922219656,0.057738543,0.064311504,0.07730222,0.04474783
traffic,678,14356,17044,0.9626700253198012,-0.0965059940023244,0.033334732,0.6586399,0.10547519,0.51983
traffic,120,14868,16212,0.9626455039425932,0.2907142296621375,0.068933845,0.101487756,0.10004914,0.07037246
traffic,450,14676,16404,0.9626199195007362,0.2997862786304864,0.0012247562,0.2652681,0.114014626,0.15247822
traffic,341,14292,17172,0.962578343066628,0.2972692661414549,0.67406845,1.0168781,0.71325207,0.9776945
traffic,748,16404,16788,0.962576145567298,0.2508997055291289,0.34849954,0.4099536,0.42629266,0.33216047
traffic,614,14292,14484,0.9624782536016074,0.2678496964872836,0.14873147,0.059996128,0.19255376,0.01617384
traffic,121,14164,16852,0.9624506246777926,0.2222812486619442,0.52203536,1.1164491,0.99775314,0.64073133
traffic,813,14420,15764,0.9623638290704678,0.1297347134907326,0.06929779,0.0068359375,0.017825484,0.058308244
traffic,87,15252,16788,0.9623502099905716,0.2060538990824924,0.037792683,0.33127117,0.041126966,0.25235152
traffic,369,15636,16980,0.9623239949585112,0.2161020552414091,0.278836,0.49971938,0.3480487,0.4305067
traffic,313,15444,16404,0.9622362986475558,0.1476824064652305,0.02401638,0.050040007,0.02510047,0.09915686
traffic,8,14932,17236,0.9621069889523096,0.2434424495498755,0.07862425,0.23650122,0.017477393,0.14039958
traffic,504,15764,17108,0.9619052533961356,0.2702957434421035,0.35145998,0.31336308,0.004332304,0.04242921
traffic,730,15124,15892,0.9618181187781216,0.2604466986172057,0.034540653,0.011655331,0.11747384,0.09458852
traffic,306,14164,16852,0.9618022968540214,0.2965059563987,0.046971798,0.32637453,0.0435462,0.23585653
traffic,301,14292,15828,0.9617767589845015,0.2940069868457166,0.33540893,0.39951777,0.42477894,0.31014776
traffic,469,14100,16788,0.9617511020965508,0.15559269221486,0.29621553,0.41355038,0.2647729,0.44499302
traffic,199,14484,16788,0.961741954853078,0.2767888318554691,0.62828374,0.7188299,0.7145877,0.6325259
traffic,161,14676,16980,0.9617390521859832,-0.0101384985833883,0.16066098,1.0778505,0.6522887,0.58622277
traffic,100,15508,16852,0.9616858901489456,0.0598584579478492,0.029326916,0.4215088,0.19582844,0.25500727
traffic,81,14676,15636,0.9616614128155484,0.0870756784372177,0.4953642,1.0244329,0.85739017,0.6624069
traffic,295,14420,14612,0.9616576307522988,0.2241242795717509,0.47760606,0.35705948,0.3633256,0.47133994
traffic,427,14164,16852,0.9615614341890208,0.212435254153366,0.08967352,0.25864673,0.07121754,0.2771027
traffic,640,14676,15828,0.9615157550596356,0.2639662227031105,0.48916173,0.16820216,0.54613805,0.11122584
traffic,495,16468,16660,0.9614756252532066,0.201257153881496,0.40301085,0.37713027,0.32160354,0.45853758
traffic,173,14612,16532,0.961460994276348,0.2420468376330052,0.28482032,0.20073795,0.2938571,0.19170117
traffic,741,14164,14932,0.9614520018752892,0.2796740260665433,0.16604614,0.29159474,0.07721138,0.3804295
traffic,713,15764,17108,0.9614161896821072,0.2673421304001262,0.15030992,0.23201215,0.42789817,0.5096004
traffic,386,14100,16404,0.9614067022911326,0.2614190840078679,0.18330336,0.025757313,0.19527721,0.013783455
traffic,662,14676,16788,0.961361749181628,0.1341119565405433,0.057258606,0.7697313,0.3628664,0.4641235
traffic,618,14484,17172,0.9612926948659108,0.130877590906712,0.38509154,0.21396852,0.13158989,0.03953314
traffic,589,15508,16852,0.9612895025682512,0.1639462667003784,0.015552044,0.60889053,0.21035337,0.38298512
traffic,385,14100,16788,0.961237303623282,0.2771335291792864,0.16837525,0.30351615,0.038757563,0.09638333
traffic,37,14100,16404,0.9611932564445173,0.2112876328787666,0.08471036,0.28563118,0.026283741,0.17463708
traffic,790,14740,15508,0.9611754733152004,0.2167871858825782,0.11880255,0.33845806,0.051933527,0.16772199
traffic,376,14804,17300,0.9611700823819798,0.1180797565316583,0.16410136,0.21079588,0.063067675,0.43796492
traffic,624,14676,15828,0.961157973687104,0.2224342696329835,0.5716202,0.35732603,0.4373803,0.49156594
traffic,333,14676,15636,0.9611522486203204,0.1570267107848102,0.033904076,0.4088223,0.12985706,0.3128693
traffic,396,14292,16788,0.9610979982044274,0.2513617307273741,0.38324714,1.3875574,1.2595419,0.51126266
traffic,571,14420,14804,0.960997254025998,0.2522361938321756,0.8270855,1.0268271,0.8136091,1.0403035
traffic,202,14036,16724,0.9609955075501462,0.2738364711145279,0.44589865,0.12337303,0.293697,0.02882862
traffic,681,14676,16980,0.9609232696240136,0.1895614234597298,0.025419474,0.73386765,0.2648754,0.44357276
traffic,753,14484,16980,0.9608544055496646,0.2135516074127978,0.053971052,0.6259804,0.241112,0.43883944
traffic,807,14292,16788,0.9608142219441186,-0.0216124701902911,0.11106491,0.46008444,0.06566477,0.4146843
traffic,235,15828,17172,0.960772324123203,0.2201817550017518,0.39846158,0.29137707,0.3398087,0.35002995
traffic,421,15444,15828,0.9607428720769252,0.1230728149353184,0.4582832,0.40620518,0.53886986,0.3256185
traffic,534,14228,16724,0.9607285072960372,0.225830703856633,1.0877069,0.94779384,0.69493973,1.340561
traffic,110,14100,16404,0.9606981206555424,0.1884119909506026,0.043740988,0.22159815,0.12559485,0.13974428
traffic,309,14676,15636,0.960678283736584,0.2705714322696603,0.04813528,0.28103995,0.062294483,0.17061019
traffic,552,14164,16852,0.9606537373869104,0.2812210952217823,0.0061273575,0.17998266,0.006816864,0.16703844
traffic,476,14420,15572,0.9606390428126178,0.2950937088783785,0.3332479,0.27736902,0.10413766,0.50647926
traffic,682,14100,15252,0.9605559155427648,0.2989636427853518,0.027581215,0.15385127,0.06309247,0.063177586
traffic,820,14100,16212,0.9605491456829116,0.2816486181942675,0.09164977,0.15003848,0.11365461,0.12803364
traffic,421,14932,17428,0.9605087389036076,0.0905901166142068,1.1328523,0.8615141,0.5915055,1.4028609
traffic,665,15636,16980,0.9604938986756724,0.1939268173064188,0.30941224,0.60456884,0.09287715,0.20227945
traffic,405,15956,16724,0.9604399808686392,0.2081586692834103,0.7463174,0.4500475,0.4994483,0.6969166
traffic,135,16660,17236,0.9604168694927536,0.2037782732075305,0.59448004,0.5551063,0.59199905,0.55758727
traffic,839,15060,15636,0.9604147987741808,0.1225999779605632,0.112656355,0.066474915,0.28489518,0.10576391
traffic,459,14036,16532,0.9604147834474828,0.2871758470520028,0.59887075,0.6819055,0.7096789,0.5710974
traffic,824,14036,16724,0.960403448729925,0.156518893414991,1.2846639,0.29625368,0.6253655,0.9555521
traffic,602,14484,15444,0.9603914447052454,0.22347374274353,0.3302195,0.67840624,0.55853105,0.4500947
traffic,693,14164,15892,0.9603279551931824,0.2671967747720922,0.8390019,0.43221068,0.49035668,0.7808559
traffic,295,14036,17300,0.9601913577658322,0.1724296770616715,0.86194897,0.58345723,0.56904864,0.87635756
traffic,717,14676,17172,0.9601627878256253,0.2203863187931146,0.09342098,0.16935468,0.03519845,0.111132145
traffic,699,14612,15572,0.9601327569401298,0.2696205508729573,0.0073657036,0.10729027,0.02786827,0.12779284
traffic,87,14036,15572,0.9600663117778896,0.281375198634603,0.29330754,0.16143894,0.1864016,0.26834488
traffic,7,14100,14676,0.960064951555804,0.175924238250402,0.62150645,0.7177205,0.7593398,0.57988715
traffic,247,14228,16724,0.9600646449091672,0.2887664430848372,0.5227716,0.27132344,0.4790194,0.31507564
traffic,435,14100,16788,0.960055285245117,0.0339484129023349,0.9597995,0.3744632,0.14990485,1.4841676
traffic,239,14484,16980,0.960030773257483,0.1569720459123476,0.14510417,0.96533704,0.69110155,0.41933966
traffic,231,15764,16724,0.9600113918936948,0.2324364522981952,0.77448225,0.5006201,0.59926844,0.67583394
traffic,304,14484,17172,0.959958583839578,0.1600983803350825,0.33509207,0.5042293,0.044605017,0.21374226
traffic,748,14484,16596,0.9599482031105876,-0.0579350334880842,0.050709248,0.53467464,0.06514025,0.41882515
traffic,673,14612,16916,0.9599123102006858,0.2957378841856998,0.083823204,0.20672894,0.05353403,0.34408617
traffic,789,14420,14612,0.9598627415191622,-0.0756739385939987,0.28787374,0.2067678,0.38384104,0.110800505
traffic,27,16788,16980,0.9598193920976102,0.2977981271001167,0.030732393,0.048030376,0.0053272247,0.022625208
traffic,179,15892,17428,0.9598058169717636,0.2649645910515179,0.20041966,0.03292203,0.14735627,0.020141363
traffic,238,14292,14676,0.9598019987368068,0.0300460861728648,0.50469494,0.46198297,0.88124704,0.08543086
traffic,462,14420,16916,0.9597914512304984,0.2784758660264247,0.6887691,0.73403865,0.18661809,1.2361897
traffic,628,14164,16852,0.9597787273701472,0.28613721592533,0.012549639,0.21255565,0.038682222,0.2637875
traffic,675,14676,16788,0.9597512550090552,0.276287847062002,0.20739508,0.67891157,0.5059042,0.38040245
traffic,293,14676,17172,0.9597403911115506,0.2110953905023482,0.48670912,0.10586214,0.33872008,0.042126894
traffic,644,15508,16852,0.9596584069203548,0.2842878092915767,0.085996866,0.2831123,0.013050079,0.2101655
traffic,789,16212,16788,0.9596522325565382,0.2102092875880697,0.48300242,0.18807745,0.26588988,0.029035091
traffic,796,15636,15828,0.959652089598868,0.1022057410947615,0.1319611,0.012971401,0.1392281,0.0202384
traffic,208,14676,17172,0.9595972488003116,0.2560262876399675,0.19834733,0.7348261,0.0580585,0.47842026
traffic,508,14420,14612,0.9595887164140224,-0.0672107553111224,0.29290676,0.15041447,0.43610573,0.0072155
traffic,818,14676,15636,0.95955391823828,0.2976424157420444,0.3975687,0.71727324,0.008890152,0.32859468
traffic,860,15636,16212,0.9595321735166296,0.2302510926947304,0.112443686,0.3752905,0.050052643,0.43768156
traffic,358,14164,15892,0.9595292951981016,0.2498379565646786,0.06277871,0.19742751,0.10499287,0.23964167
traffic,127,15508,16852,0.9595127373039508,0.2410259229548994,0.22987294,0.047224045,0.10589743,0.07675147
traffic,711,16660,17236,0.9594606035583896,0.1793691974222959,1.4971387,0.6404927,1.1882586,0.94937277
traffic,317,15252,16788,0.959278441238322,0.2481790032672802,0.1369524,0.27888966,0.011445999,0.15338326
traffic,421,14484,15636,0.9592703519196322,-0.3428692143854719,0.05485773,0.5978966,0.3046112,0.23842764
traffic,530,16468,16660,0.9592444538199644,0.2641137894717104,0.13579583,0.008448124,0.122737885,0.021506071
traffic,250,14164,16852,0.9592440795293758,0.1811451266416169,0.022172928,0.21030974,0.06487775,0.25301456
traffic,491,15828,16788,0.9592271399814808,0.297682267308539,0.5212343,1.3361955,1.3052733,0.55215645
traffic,735,14996,15764,0.9592169775775004,0.2311121135555966,0.29974556,0.49169207,0.31215954,0.4792781
traffic,101,16404,17364,0.9592050390284196,0.2342430483730499,0.101845264,0.04811883,0.16797352,0.018009424
traffic,593,14292,16980,0.9591974812536266,0.1230629596549579,0.1345892,0.6895604,0.33447433,0.2204969
traffic,491,14868,16212,0.95919410622252,0.177955869255084,0.030131102,0.045571804,0.06216359,0.013539314
traffic,274,15508,16852,0.9591640048341424,0.2504160754267892,0.02451992,0.2156384,0.07584977,0.16430855
traffic,491,14292,14676,0.9591562288063588,0.2792942532732906,0.22909904,0.16964817,0.39560056,0.0031466484
traffic,485,15764,16724,0.9591054212307148,0.2981754982678696,0.66019416,0.6425953,0.71821856,0.5845709
traffic,679,14676,15252,0.959058495890374,0.2806411745273823,0.29169154,0.7046907,0.63729024,0.359092
traffic,638,14036,15764,0.959047924018245,0.221262021847846,0.09656119,0.050667524,0.03078413,0.11644459
traffic,687,16148,17300,0.9590375155825172,0.1977812798211719,0.55464077,0.49987733,0.35140443,0.7031137
traffic,615,14676,15252,0.959028631091916,0.2372675151246807,0.50402045,0.77089334,0.8013365,0.47357726
traffic,688,14292,16596,0.9590203897323212,0.0995394350069672,0.4813578,0.42542315,0.87959385,0.027187109
traffic,37,15124,16276,0.9590027430847986,0.0926565144532538,0.06537557,0.11265254,0.03826356,0.08554053
traffic,426,15444,16404,0.9589915850853412,0.148904755979387,0.36632276,0.21956491,0.33393955,0.25194812
traffic,159,15124,16468,0.9589741618029762,0.2835498279136828,0.099466085,0.051521063,0.051520824,0.0035758018
traffic,637,14996,16340,0.958956489594598,0.122035762996217,0.23552656,0.30353642,0.31315947,0.22590351
traffic,614,15828,17172,0.9589547237265132,0.15387687114751,0.4068427,0.3672943,0.41251373,0.3616233
traffic,2,15124,16468,0.9589504088851772,0.2008826758945904,0.053135395,0.28296566,0.114993334,0.11483693
traffic,424,14036,16724,0.9589348968565116,0.167621207938877,1.0869861,1.5698996,0.72609496,1.9307907
traffic,362,16276,16660,0.9589246229154476,0.2792472073491636,0.91681206,0.6000221,0.5437509,0.97308326
traffic,485,14292,14676,0.9589174105294092,0.2575560244906562,0.6732869,0.9840646,1.0219567,0.6353948
traffic,839,14676,16212,0.9588998904965172,0.2069746409506862,0.16274595,0.0011456013,0.10785985,0.0537405
traffic,65,14420,16532,0.9588904714098678,0.2912098728913634,0.89612556,0.18299341,0.42370844,0.6554105
traffic,14,15636,16980,0.9588353830717926,0.2229864036629982,0.0840776,0.093765974,0.06726861,0.07695699
traffic,460,15828,16596,0.9587141582659158,0.1332563763259118,0.7896743,0.8838116,0.9245539,0.748932
traffic,735,16660,17428,0.958713501995824,0.2586357501673432,0.08854866,0.20941734,0.16051173,0.13745427
traffic,459,14612,14804,0.9587082246041124,0.240856555817157,0.43655002,0.11841869,0.18679368,0.36817503
traffic,312,15956,16724,0.9586304799574036,0.192199305561813,0.6083715,0.58681655,0.62215567,0.5730324
traffic,530,15444,16212,0.958600432660801,0.2848725200359503,0.42343664,0.3931235,0.43007135,0.3864888
traffic,175,14100,16404,0.9585992999588852,0.1618730829123709,0.028915524,0.09750211,0.18947613,0.31589377
traffic,572,16660,17428,0.9585962974587224,0.1741950223277586,0.5679352,0.47882247,0.5260892,0.5206685
traffic,257,14228,16916,0.958578281828652,0.2532966727806432,0.52096105,0.60785145,0.05974412,1.1885567
traffic,196,14804,16148,0.9585014205984717,0.2430541398311956,0.16418076,0.083296776,0.2272191,0.020258427
traffic,380,14356,17044,0.9584960389315332,0.1240877131618212,0.16920412,0.08991504,0.4473952,0.18827605
traffic,138,15828,17172,0.9584728325509404,0.2566849657933889,0.27272868,0.0838635,0.14520979,0.043655396
traffic,162,14164,16852,0.9584508078288771,0.2588046304389019,0.064941645,0.6646488,0.31191373,0.4176767
traffic,471,14612,16916,0.9584444220200722,0.2919354874744519,0.480047,0.47618604,0.14352942,0.8127036
traffic,327,15252,15444,0.9583768945888866,0.2783689745500873,0.13880897,0.14494705,0.1465404,0.13721561
traffic,444,14932,16660,0.9583674166819026,0.2183665515364473,1.3971826,1.9152353,0.772195,2.540223
traffic,88,14996,16340,0.9583492454564468,0.1193620291065375,0.09451175,0.1346519,0.07430649,0.15485716
traffic,457,16404,16980,0.9583446602028798,0.2766866247916965,0.19110274,0.013073921,0.16700387,0.011024952
traffic,516,14100,16788,0.9582837652744772,0.1717327077308296,0.18078077,0.462466,0.15339947,0.4898473
traffic,762,14484,15636,0.9582602479947916,0.1850443874958721,0.13406634,0.279258,0.044456005,0.100735664
traffic,289,16596,16980,0.9582499871167516,0.2861286426557371,0.16949773,0.05975461,0.14987636,0.07937598
traffic,561,14804,17300,0.9582006127192108,-0.0085661006732796,0.22957158,0.34641302,0.039078712,0.6150633
traffic,833,14484,16980,0.95818560187003,0.2365678405507055,0.847646,0.6694536,0.5775187,0.9395809
traffic,548,14676,16212,0.9581306244317918,0.2554726846387293,0.12581539,0.17107797,0.014565468,0.059828043
traffic,561,14164,16852,0.9581091799595468,0.1662492310035063,0.13689733,0.3787632,0.03489113,0.276757
traffic,351,16660,17236,0.9580407059079704,0.2073477371682675,2.4025626,1.351037,2.7834399,0.97015977
traffic,101,14228,14804,0.9579903059205858,0.2790089276173522,0.07388067,0.048570156,0.06675053,0.04144001
traffic,161,14036,15572,0.9579242804913374,0.277616460269056,0.044178724,0.03218937,0.00712955,0.004859805
traffic,473,15764,16916,0.9579208048040868,0.1958457589180117,0.112579584,0.06435466,0.09731722,0.049092293
traffic,538,14484,16980,0.9578098802785,0.1154979099077633,0.7870705,1.348767,1.3947964,0.7410412
traffic,257,14100,16404,0.9578072637805553,0.2435665462747264,0.0077768564,0.43189013,0.058853745,0.36525953
traffic,199,14164,16852,0.9577866538714608,0.2744309185832793,0.038942337,0.44481635,0.24141693,0.16445708
traffic,603,14676,16788,0.9577808614232056,0.296304687454769,0.15831733,0.47038317,0.3522234,0.2764771
traffic,382,14292,14484,0.9577275106030864,0.2811230641243841,0.44093966,0.44868994,0.6217716,0.26785803
traffic,18,16916,17300,0.9577128710636982,-0.0481627393762892,0.3654647,0.24606633,0.26088428,0.35064673
traffic,329,16148,16724,0.9577053831550406,0.2155304108863345,0.26726198,0.42322755,0.16462255,0.525867
traffic,88,14292,16980,0.9576555041714376,0.2332433142629521,0.15453649,0.79155016,0.2440238,0.39298987
traffic,569,14484,17172,0.9576407206580104,0.2707984075827665,0.43854642,0.38064957,0.30088902,0.24299216
traffic,831,14740,16084,0.9576388355743768,0.1787095228807546,0.12994194,0.12460971,0.13658714,0.117964506
traffic,8,15124,16468,0.9575934714984686,0.1156530547587721,0.3100803,0.289562,0.5304408,0.06920147
traffic,716,16020,17364,0.9575782489252996,0.0912142551355303,0.029087782,0.04500985,0.07354689,0.089468956
traffic,122,14676,15828,0.9575460788463748,0.1359303268062285,0.38542104,0.76277065,0.78935003,0.35884166
traffic,276,14484,17172,0.9574794746899076,0.2018225182940676,0.2946334,0.022627115,0.25607514,0.01593113
traffic,808,15508,16852,0.9573930904724168,0.1734139545191754,0.033470154,0.6152544,0.2524526,0.39627194
traffic,732,15508,16852,0.957332494643796,0.2482721569029325,0.008949041,0.73586094,0.30384016,0.42307174
traffic,206,15252,16212,0.957220001644054,0.2814298338737626,0.35399365,0.42249894,0.54026484,0.23622775
traffic,724,16276,17428,0.9572161645694852,0.239986157142162,0.15969062,0.059194326,0.13477921,0.08410573
traffic,790,15060,15636,0.9572077383781072,0.2302081498451549,0.039170265,0.047026157,0.09601498,0.10387087
traffic,803,14292,16596,0.9571390694069408,0.0462681479923428,0.024826765,0.47953534,0.25762153,0.7123301
traffic,342,14164,16852,0.9571368433883998,0.2115107448369162,0.21796799,0.36951804,0.10347843,0.2550285
traffic,676,14868,15444,0.9571331076051652,0.2765351773066951,0.009349585,0.19419312,0.1727221,0.012121439
traffic,462,14164,16852,0.9571303481787826,0.2964694443237332,0.03425145,0.8850467,0.4656682,0.38512707
traffic,206,14932,16852,0.9571162484889,0.1080889552218275,0.9153061,0.09093523,0.39809036,0.4262805
traffic,174,16660,17428,0.9571129633578512,0.2836047076539701,0.3992002,0.5773003,0.47010326,0.50639725
traffic,219,14676,17172,0.9571031398902398,0.1293191893839458,0.5628245,0.1001482,0.41836095,0.044315338
traffic,73,14292,17172,0.957002024870956,0.2626852955307213,0.7136264,1.4121647,1.1347768,0.99101424
traffic,193,14036,16340,0.9569985255098592,0.291992378736974,0.47508097,0.24989033,0.2498424,0.024651766
traffic,495,14676,16980,0.9569846918496068,0.1680559185621422,0.3778813,0.38976192,0.0691905,0.08107114
traffic,521,14676,16212,0.9569730673579796,0.2233877472797151,0.09886789,0.21999621,0.0057575703,0.11537075
traffic,508,14228,16724,0.95688297701278,0.2109820542207732,0.80467486,0.4995978,0.70871496,0.5955577
traffic,60,14292,16596,0.9568712928624414,0.2487065719330909,0.011132002,0.31986046,0.05084586,0.2578826
traffic,599,15828,17172,0.956819048255352,0.1584962862735855,0.5486629,0.44623423,0.42445016,0.57044697
traffic,673,14164,16852,0.9568127718347966,0.2742494127389279,0.13490057,0.17566586,0.0774014,0.118166685
traffic,159,14100,15060,0.9568034643570296,0.1607295299644507,0.026674032,0.11406994,0.06740284,0.07334113
traffic,524,15956,16340,0.9567999958118856,0.2032664614915847,1.352201,0.6805401,1.0624006,0.9703405
traffic,403,14036,16724,0.9567981719796252,0.0250398618584244,0.8444531,1.7022994,0.84012556,1.7066269
traffic,347,17108,17300,0.9567857038948095,0.2462939604557168,0.2477094,0.15366673,0.16555607,0.23582006
traffic,56,15508,16852,0.9567827379594632,0.2486274143517924,0.016211748,0.55445623,0.22482228,0.3458457
traffic,194,14676,15828,0.9567702381875692,0.1959572250367506,0.25741792,0.19289994,0.15823889,0.09372091
traffic,257,14036,16724,0.956769189839681,0.1818036969874823,0.8064778,0.94150066,0.9750025,0.7729759
traffic,793,15764,16724,0.9567225378677546,0.2548237276482411,0.84455776,0.64929247,0.60850143,0.8853488
traffic,860,15316,16468,0.9567183454395836,0.2387311749292236,0.25916338,0.34243035,0.230088,0.37150574
traffic,740,14996,15764,0.9566774793360108,0.2593116492201695,0.3267715,0.47861505,0.29777646,0.5076101
traffic,690,14228,15764,0.9566765091284394,-0.0928493128570765,0.105109096,0.07641983,0.066684365,0.11484456
traffic,860,14292,16980,0.9566686113778988,0.282910626321566,0.17893481,0.25635457,0.014652491,0.06276727
traffic,244,15252,15828,0.9566578584715424,0.2334862277889754,0.46650004,0.6140008,1.1423342,0.06183338
traffic,637,14164,16660,0.9566528524652635,0.0449970549614,1.0108578,1.0458829,0.8295486,1.2271922
traffic,381,14164,16852,0.9566209373524516,0.1817293910460304,0.16788578,0.38734674,0.030122995,0.24958396
traffic,465,15956,16916,0.9566148771826352,0.2917920619422923,0.29900682,0.69663155,0.099983335,0.49760807
traffic,441,16020,17364,0.9566127793844756,0.2080570545236198,0.20870328,0.104112625,0.22819352,0.08462238
traffic,429,14164,16852,0.9565912594031634,0.1813450603651692,0.15871644,0.38437438,0.034047127,0.25970507
traffic,384,15508,16852,0.9565631472790096,0.0463129484953068,0.08413315,0.49905705,0.2573793,0.3258109
traffic,60,15828,16980,0.956546044612751,-0.2629498547672101,0.3236029,0.97632575,0.83262444,0.46730423
traffic,48,14036,16916,0.9565143168460964,0.0498395784777445,0.16738188,0.58978754,0.3098575,0.73226315
traffic,629,14740,14932,0.9564990365789444,0.2200088653348056,0.18410516,0.18478179,0.32797837,0.040908575
traffic,407,14164,16660,0.9564713570324852,0.1374856071286665,0.8909633,0.6165502,0.66881704,0.8386965
traffic,669,14484,16980,0.956435423425454,0.1893768643791429,0.067335844,0.4247458,0.14984536,0.20756459
traffic,224,15892,17428,0.9563974185213118,0.2096365178180003,0.10534358,0.0151331425,0.12285113,0.032640696
traffic,532,15060,15444,0.9563694491371172,0.0921509998971219,0.12150502,0.00041556358,0.08324337,0.03784609
traffic,740,14676,15444,0.956364257669484,0.2797381748557568,0.06767225,0.30279016,0.1559732,0.21448922
traffic,594,15508,16852,0.9563239250395066,0.2999653377132291,0.06821537,0.2625916,0.011869192,0.18250704
traffic,578,14036,16724,0.956305462432862,0.2391088258320276,0.31308436,0.23699617,0.51583266,0.034247875
traffic,339,14100,14676,0.9562674395506904,0.282868991419793,0.57283735,0.58545566,0.71299815,0.44529486
traffic,503,16020,16212,0.956258174949244,0.2629370289427273,0.13968444,0.027553558,0.13398933,0.021858454
traffic,287,14484,16980,0.956244408373386,0.0984015891982404,0.4430344,0.6472626,0.25985885,0.83043814
traffic,43,14484,17364,0.956240924526648,0.2419901571889703,0.6864507,0.91843534,1.0913885,0.5134976
traffic,121,14484,16980,0.9562010097033046,0.2645692029624125,0.68485975,1.216846,1.079179,0.8225267
traffic,194,16660,17428,0.9561930390354568,0.2565997035824917,1.4099178,0.7854116,1.2982619,0.89706755
traffic,485,15444,15828,0.9561929885219544,0.2862186703260445,0.680467,0.946048,0.9718832,0.65463185
traffic,788,14932,15508,0.9561858199257056,0.2950359434798244,0.25204468,0.08343363,0.11284661,0.055764437
traffic,65,16084,16276,0.9561427471107012,0.1707768781577976,0.23403645,0.05217123,0.08763957,0.1985681
traffic,213,14100,16212,0.9560930809136364,0.2041263147673187,0.23338401,0.15864384,0.30136168,0.090666175
traffic,65,14548,17044,0.9560719397234054,0.0127828997983781,0.8568876,0.20046973,0.3151492,0.34126866
traffic,76,15508,16852,0.9560381634331552,0.1894879007803506,0.075953245,0.25918388,0.12936711,0.20577002
traffic,1,14420,16916,0.9559657444193922,0.2159479064199144,0.67404854,0.49317533,0.32011056,0.8471133
traffic,753,14676,15636,0.9559525337528232,0.2888127265554166,0.23528457,0.2142427,0.11261439,0.09157252
traffic,340,14676,15636,0.9559162644269246,0.1788715925146894,0.17151332,0.39437866,0.045638323,0.26850367
traffic,407,15188,16532,0.955910142978823,0.2647728295012795,0.084029675,0.40277815,0.059987783,0.37873626
traffic,291,14676,15444,0.955889494127643,0.2491240916301934,0.7598436,0.7869272,0.87961555,0.66715527
traffic,97,15956,17300,0.9558890905924168,0.2598631236103598,0.071128845,0.085430145,0.397133,0.240574
traffic,312,16148,17300,0.9558664952138186,0.2567473251446496,0.35373187,0.066339254,0.26320767,0.15686345
traffic,599,14740,14932,0.9558660347597884,-0.0204211039795576,0.11473799,0.10450673,0.10521722,0.1140275
traffic,594,14164,16660,0.9558609829619192,-0.0317486597256392,0.711606,0.4280944,0.6763284,0.463372
traffic,449,14356,17044,0.9558357181343882,-0.1554523307034357,0.51444125,0.8670633,0.9383795,0.443125
traffic,345,14292,15828,0.9558319168608388,0.132263811401595,0.74163985,0.804811,0.7910242,0.75542665
traffic,79,14292,16788,0.95580356094677,0.2858934231453309,0.097596884,0.6399851,0.26449108,0.4730909
traffic,110,14356,17044,0.955731425835427,-0.1852536666142043,0.20367932,0.5389838,0.29697728,0.44568586
traffic,134,14036,17108,0.9557142454212812,0.2156863887762349,0.016775131,0.54615307,0.42295206,0.95233
traffic,79,14228,16724,0.9556872166871714,0.2466912837909321,0.50608635,0.19302082,0.44725156,0.2518556
traffic,87,14292,15636,0.9556474480135558,0.131935442940624,0.15279722,0.005772114,0.17298007,0.014410734
traffic,116,14036,16724,0.9556408082032524,0.2510053395892225,1.3120503,1.5365388,0.8708482,1.977741
traffic,53,14740,15700,0.9556098572202104,0.0042173888834517,0.42712116,0.205755,0.27858877,0.3542874
traffic,554,15188,16532,0.9556076444116992,0.1781009788576237,1.2000242,1.2594728,0.7460655,1.7134316
traffic,531,14292,16788,0.9556060852357258,0.170833260088581,0.04632187,0.691782,0.29299235,0.4451115
traffic,72,14612,16532,0.955561265119961,0.2626254380218374,0.3094902,0.09108853,0.2969246,0.103654146
traffic,108,15828,16980,0.9555397292067912,-0.1064538488119814,0.3207388,0.91045284,0.7730191,0.45817256
traffic,167,15828,17172,0.9555113146425822,0.2640887150040012,0.5044856,0.09256172,0.37880492,0.2182424
traffic,154,14100,14676,0.955486283212164,0.195471795469141,0.50754726,1.1857061,1.119563,0.5736904
traffic,440,14676,15444,0.955485610607189,0.2395100136934054,0.0446074,0.2777028,0.13448715,0.18782306
traffic,567,14676,17172,0.9554512812899816,0.2692575622580456,0.92042136,0.6352129,0.6525433,0.90309095
traffic,502,14676,16980,0.9554512147718875,0.2373388502474754,0.4959147,0.26246977,0.46686506,0.2915194
traffic,203,14420,16916,0.9554256327526556,0.2786332898720539,0.28992367,0.3800311,0.09730959,0.18741703
traffic,530,14996,15188,0.9554094856637828,0.2938798385496078,0.09230685,0.12595367,0.013791084,0.019855738
traffic,83,16660,17428,0.9553383356002462,0.1192662829616176,0.2895844,0.45170736,0.37700772,0.36428404
traffic,772,14804,16916,0.9553244269476998,0.2443786334982039,0.7829442,0.56241226,0.20876908,1.1365874
traffic,338,14100,16212,0.955306906880576,-0.0759525168854559,0.39700627,0.23173976,0.33732295,0.29142308
traffic,487,16404,16980,0.9552708665436768,0.2847984988961435,0.2636354,0.026735544,0.22452593,0.06584501
traffic,440,15636,16212,0.9552443102914564,0.2851283796520189,0.11217332,0.22217202,0.08889747,0.24544787
traffic,513,14100,14676,0.9552399268421792,0.1447212180509592,0.60479933,0.96191037,0.92801875,0.63869095
traffic,816,15124,17428,0.9552179647358668,0.2830300698637188,0.8377056,0.61563206,0.5476513,0.9056864
traffic,323,15764,16916,0.9551961729355356,0.2694818255708798,0.11336219,0.47196555,0.15309,0.20551336
traffic,836,14740,15508,0.955188451933226,0.282241980023273,0.38962936,0.12299442,0.24329066,0.26933312
traffic,666,14292,14676,0.9551088674528168,0.2450123866679557,0.33879042,0.0968101,0.5519767,0.11637616
traffic,226,14100,16788,0.9551055324355258,0.0174993293620056,0.59441066,0.08780813,0.4917841,0.01481843
traffic,738,14100,16788,0.9550854759267936,0.1448204420340433,0.13619256,0.72928417,0.1515218,0.4415698
traffic,120,15956,17108,0.9549662668526872,0.2127147118859405,0.050834298,0.26437712,0.15362525,0.36716807
traffic,247,14100,14292,0.9548667452440806,0.0883762392854449,0.11126351,0.1625011,0.24330497,0.030459642
traffic,55,14100,16788,0.9548362785626676,0.2038984981890947,0.16636229,0.53402066,0.09267664,0.27498174
traffic,681,14100,16212,0.9548031965698812,0.2285137895101864,0.046020746,0.051701307,0.028074026,0.033754587
traffic,65,14100,16980,0.9547987761034756,0.1451501606480122,0.23365068,0.5048156,0.06053233,0.33169723
traffic,173,16404,17364,0.9547923676844652,0.2599329843894057,0.32091784,0.2898643,0.3853364,0.22544575
traffic,235,15764,16724,0.9547690428023552,0.2971209110479682,0.5789356,0.24464607,0.49484825,0.32873344
traffic,380,15252,16788,0.9547646758754053,0.2543145239177097,0.11755645,0.5237471,0.057384253,0.4635749
traffic,788,17108,17300,0.9547537757114708,0.2556939060623839,0.17178679,0.031042337,0.08393359,0.11889553
traffic,58,15764,16724,0.9546804694616432,0.2895835882987598,0.7992765,0.72438,0.61341655,0.91023993
traffic,450,14164,14740,0.9546619890919794,0.204646599862776,0.026568174,0.29071903,0.0044209957,0.3128662
traffic,73,14100,14676,0.9545879725117512,0.1613322318538761,0.739938,2.485544,1.5191066,1.7063754
traffic,493,14228,16916,0.9545726138313736,0.2144946602160734,0.06049931,0.4291675,0.18249345,0.55116165
traffic,440,16788,17364,0.9545146414718264,0.2095550137327606,0.28809452,0.34765196,0.43640327,0.1993432
traffic,699,16660,17236,0.9545084699319588,0.2893812387112391,0.59689665,0.37691545,0.31056166,0.66325045
traffic,605,14228,16724,0.9544937282580876,0.2348924509947458,0.5794698,0.3581233,0.498613,0.4389801
traffic,787,14676,17172,0.9544637843847452,0.0262202281340054,0.5776746,0.016647577,0.4480679,0.1462543
traffic,372,14484,17172,0.9544591598077108,0.2820434184804006,0.2552085,0.24690366,0.115101814,0.10679698
traffic,648,14676,15828,0.9544265414519236,0.2255270517493123,0.26389074,0.06885719,0.11562276,0.07941079
traffic,310,14612,17108,0.9543958367733572,0.2820804280838724,0.21481287,0.17450774,0.18499088,0.14468575
traffic,483,15124,16660,0.9543551506166252,0.2986835651300127,0.82769656,0.62234616,0.47008252,0.9799602
traffic,167,14420,14612,0.9543271642786104,0.0884190131907992,0.0067224503,0.10860014,0.008862257,0.10646033
traffic,200,14100,14676,0.9543218030615012,0.2175904735173937,0.66997814,0.6462579,0.6791911,0.6370449
traffic,355,14100,16212,0.954316640122906,0.2133595379335754,0.31867337,0.12754488,0.19198,0.25423825
traffic,532,14100,16788,0.9542551044355004,0.1232648722124055,0.15002775,0.3733995,0.014242649,0.2091291
traffic,312,16660,17236,0.954234502554836,0.034063051318816,0.86303973,0.9561125,0.8754356,0.94371665
traffic,534,14036,16916,0.954202150627484,0.1021964602610924,0.3696996,0.44855177,0.3812573,0.46010947
traffic,717,17236,17428,0.9541843484549208,0.2452833502812173,0.90826356,2.2677298,1.4038953,1.7720981
traffic,59,14164,15892,0.954164339705206,0.2696257511913468,0.147609,0.35182357,0.009312391,0.49012017
traffic,839,14228,14804,0.9539901020170436,0.0705152857205072,0.12317872,0.11163211,0.024369478,0.21044135
traffic,30,16660,17236,0.9539182425159972,0.2788135812031669,0.97276926,0.5895648,0.8149359,0.74739814
traffic,318,14676,17172,0.9539080958868752,0.1324890325355747,0.57212067,0.15216017,0.39383864,0.026121855
traffic,620,14676,16980,0.9537988588516652,0.0925900580556738,0.08592129,0.9393697,0.19621539,0.657233
traffic,579,16212,16788,0.953776884155343,0.2869360910889473,0.28739357,0.3113079,0.044086695,0.06800103
traffic,530,15316,17236,0.9537656812259434,0.1856489615997267,0.06482649,0.2537346,0.15944886,0.47800994
traffic,400,14100,16404,0.95373682693153,0.2801804320170434,0.14853358,0.32595682,0.12180042,0.35268998
traffic,208,15124,16276,0.9536227403942468,0.1575895827860339,0.6123276,0.37373734,0.37091327,0.61515164
traffic,242,14676,15828,0.9536006922464692,0.2282823880001798,0.0022540092,0.18880963,0.079689026,0.1068666
traffic,15,14484,16980,0.953575655671326,0.1540182503710233,0.088635206,0.72432375,0.17575216,0.45993638
traffic,407,14932,16276,0.9534920729806052,0.2714516858320412,0.47664976,0.07160163,0.2137798,0.33447158
traffic,83,15700,17044,0.9534808643631788,0.2491529282503342,0.20107388,0.12711859,0.06607199,0.00788331
traffic,312,15444,16404,0.9534357771412788,0.1771686341254242,0.1679256,0.13967097,0.24040043,0.06719613
traffic,142,16788,16980,0.9534289125113417,0.2830140713768888,0.16950727,0.046064615,0.11431503,0.10125685
traffic,524,14292,14868,0.953422485162521,0.2956547365872097,0.42082262,0.06441355,0.22959518,0.25564098
traffic,100,14100,17172,0.9533463191028996,0.0703829243616064,0.5561727,1.3161279,1.427603,0.44469762
traffic,759,15188,16532,0.953337942854083,0.2219033376997858,0.16184711,0.16522288,0.238307,0.088763
traffic,202,14228,16916,0.953313766496346,0.152145101467573,0.19148183,0.36212552,0.13577199,0.30641568
traffic,266,15252,16212,0.9533054271798128,0.2614879098590091,0.025179863,0.14654422,0.038737297,0.13298678
traffic,789,15252,16404,0.9532844196853876,0.2810778482901695,0.19182312,0.25308394,0.28077972,0.16412735
traffic,370,14292,16404,0.9532734163555664,0.0545776595955929,0.04450035,0.1568253,0.01149559,0.12382054
traffic,120,14484,16980,0.9532548770889194,0.2211699738010916,0.05342436,1.0429368,0.573925,0.41558743
traffic,429,14804,17300,0.953217505400678,0.0146892092370587,0.26309085,0.37938142,0.018519402,0.66099167
traffic,90,14484,16596,0.953210073212496,0.250282070361443,0.6098082,0.9096769,0.76208806,0.75739706
traffic,100,14420,14804,0.9531528677760692,0.2926741246678462,0.98026097,0.30443215,0.33819413,0.946499
traffic,197,15252,16788,0.9531510042105809,0.2876007381054675,0.2753508,0.006180048,0.22664452,0.05488634
traffic,759,14228,16916,0.9531399596376188,0.2519407332392164,0.010636091,0.13000298,0.09180832,0.23244739
traffic,465,14100,14676,0.9531169192269764,0.278024472235529,0.4862877,1.3534606,1.1815656,0.6581826
traffic,788,16404,17364,0.9530827466440216,0.2301536895121349,0.15643382,0.014986038,0.28078198,0.1393342
traffic,286,14868,16212,0.9530777906959386,0.2471524672015772,0.038297534,0.13155532,0.10967457,0.06017828
traffic,465,14228,16724,0.9530655678620344,0.2569589567939071,1.3888818,0.35474324,0.5647,1.178925
traffic,432,14100,14676,0.9530391661591237,-0.1179012392497731,0.5558671,0.7599491,0.82277083,0.49304533
traffic,708,16084,17428,0.9528743014648784,0.1886790813740062,0.23747587,0.010350943,0.24242115,0.015296221
traffic,283,14292,14484,0.95287187856071,0.2666218796620462,0.29471517,0.22867584,0.36425614,0.15913486
traffic,233,15572,16724,0.9528152407222044,0.2086619953291583,1.2529457,1.4942615,0.8981855,1.8490217
traffic,619,15060,16404,0.9527991086145938,0.1039436215003541,0.21540368,0.17439067,0.053807855,0.012794852
traffic,170,14292,15636,0.9527950783871852,0.2483049443349821,0.029150248,0.0745852,0.025748968,0.019685984
traffic,32,14484,17364,0.9527391433539828,-0.0661710936259531,0.35205817,0.041487694,0.46053863,0.14996815
traffic,346,14164,16852,0.9527055551878084,0.2862145643838315,0.07225847,0.5002899,0.09824896,0.3297825
traffic,586,15828,16980,0.9527020208132616,0.261737384707315,0.20724487,1.005958,0.7022258,0.510977
traffic,776,14676,15252,0.9526982117026338,0.0207133631302473,0.44572496,0.5666585,0.47314072,0.53924274
traffic,298,15956,16340,0.9526825921786264,0.2950246139125564,0.26115704,0.025215626,0.21699905,0.06937361
traffic,113,15124,16468,0.9526723527970904,0.2852198902218958,0.001681447,0.13024926,0.17204988,0.04011917
traffic,555,14484,15828,0.9526611800493004,0.2579929869559915,0.21557832,0.65615463,0.63787436,0.23385859
traffic,664,15636,16980,0.9526390856382052,0.262764727816858,0.16126537,0.3965702,0.056314945,0.17898989
traffic,56,14676,16084,0.952536816356825,-0.0627193227980673,1.2283044,0.8296715,0.7727246,1.2852513
traffic,775,14292,16980,0.9525256579837448,0.2680170291935274,0.62660813,0.51791286,0.4176755,0.30898023
traffic,415,14164,14932,0.9524949019943874,0.2867589239544731,0.028614998,0.3138473,0.019636154,0.36209846
traffic,261,14484,16980,0.9524839186582796,0.256572919513413,0.009430647,0.8206668,0.42306042,0.38817573
traffic,207,15060,17364,0.9523825229209858,0.2990834960494506,0.3094535,0.4000981,0.53121996,0.17833161
traffic,569,14036,16148,0.9523645752057266,0.2947455529116603,0.8271327,0.348449,0.34249294,0.83308876
traffic,73,15316,16660,0.9523556349325027,0.0893047291761013,0.07016015,0.28478193,0.005125284,0.21974707
traffic,533,15700,17428,0.952292341309006,0.0256064946598896,1.7008889,0.7003591,1.1193135,1.2819345
traffic,256,14484,16980,0.9522739645853529,0.1793376487084673,0.027857542,0.5446527,0.25564742,0.31686282
traffic,497,14484,14676,0.9521724936999868,0.0469762987059916,0.13719082,0.21631622,0.17012215,0.24924755
traffic,288,15572,17108,0.952150428023609,0.2897301120371768,0.30373442,0.20475161,0.36286914,0.26388633
traffic,478,14292,16788,0.9521016250787228,0.1740642530529426,0.24590206,0.5124936,0.28046823,0.47792745
traffic,435,14676,17172,0.9520957900512188,0.1722511888920214,1.0539556,1.3914266,1.0382462,1.407136
traffic,285,14100,14292,0.9520612788444618,-0.1008430074197102,0.3177035,0.20902252,0.28625846,0.24046755
traffic,124,14292,16404,0.9520493591234594,0.247624329733198,0.013492107,0.52540946,0.19293165,0.34596992
traffic,549,14100,14676,0.952042677302976,0.1754719775237216,0.5841193,0.80595887,0.82234216,0.567736
traffic,198,16148,17300,0.9519895939805963,0.2833863032959862,0.05973959,0.22902131,0.11881757,0.40757847
traffic,106,14868,15060,0.9519454243161976,0.2741852696981908,0.09751296,0.23772335,0.15883136,0.17640495
traffic,414,15828,16404,0.9519345855844568,0.1039517902967365,0.24875331,0.44446325,0.24950671,0.44370985
traffic,604,14804,17300,0.951919282854668,0.2721156704569095,0.14780378,0.05271721,0.18140626,0.086319685
traffic,231,14292,16596,0.951909475718204,0.1796494624731177,0.040421724,0.4970355,0.16870928,0.36874795
traffic,761,14228,16916,0.9518800787782276,0.1979904334316668,0.04559636,0.42232615,0.3838014,0.7605312
traffic,334,15124,16468,0.9518634676896678,0.2283404893114183,0.23682666,0.38023615,0.03757429,0.1058352
traffic,520,15124,16468,0.9518579141550368,0.2873933770147434,0.37002993,0.30462146,0.2653954,0.40925598
traffic,470,15508,16852,0.951841603994927,-0.2137278834864943,0.20791411,0.010417938,0.21696377,0.0013682842
traffic,621,16148,17300,0.951813856048596,0.2466968035017932,0.49400234,0.58063686,0.49849677,0.57614243
traffic,665,14676,15828,0.9518070536550134,0.1714836550763251,0.5849285,0.3028164,0.71741915,0.17032576
traffic,253,15444,16212,0.9517991475406038,0.2814842285248758,0.0797739,0.31863797,0.41331685,0.014904976
traffic,79,16468,17428,0.9517577151826312,0.2854577915776801,0.1080153,0.13015199,0.30485225,0.06668496
traffic,97,14164,16852,0.9516955108089368,0.138922474149041,0.0040376186,0.39995527,0.09105563,0.30486202
traffic,750,14484,16980,0.9516933773330356,0.1704862419133184,0.19112301,0.48803592,0.034651518,0.33156443
traffic,788,14356,17236,0.9516760683155938,0.1373293791309841,0.20374036,0.5457885,0.31972337,0.42980552
traffic,365,14676,15060,0.9516711137190712,0.1555750535307854,0.36558795,0.65877855,0.59185576,0.43251073
traffic,340,14292,15828,0.9516566121838678,0.2747501365625479,0.29853296,0.30956578,0.38709927,0.22099948
traffic,385,14292,16404,0.9516099161573804,0.0983589409429949,0.0057673454,0.28203392,0.1135025,0.17429876
traffic,81,14164,15508,0.9515842871576078,0.0984223612452088,0.15999842,0.14457965,0.14000869,0.16456938
traffic,817,14484,16980,0.951582029699946,0.1076129932741699,0.34057045,1.1055782,0.9009309,0.54521775
traffic,780,15764,16916,0.9515334524888388,0.2529289533220537,0.065294385,0.017799616,0.33743525,0.28994048
traffic,534,15508,16852,0.9515207238002292,0.1992359418024906,0.10195041,0.34879208,0.17827511,0.06856656
traffic,493,14100,16404,0.9514689739790256,0.1872840594937561,0.1832776,0.12250221,0.4384147,0.3776393
traffic,716,16340,16724,0.9514583849543518,0.283736557489407,0.032542706,0.08382344,0.020783424,0.09558272
traffic,358,14996,15764,0.9514547705037094,0.2004525362094872,0.121742725,0.16924381,0.013353586,0.27763295
traffic,747,16468,17428,0.951365882883793,0.1072268463504173,0.19247341,0.42026687,0.2355361,0.37720418
traffic,158,14484,16596,0.9513595541931852,0.2347339073327864,2.0637252,0.9616058,1.6681418,1.3571892
traffic,716,16916,17300,0.9513368645171004,0.2920269515448065,0.26342297,0.05943775,0.1377554,0.18510532
traffic,351,15508,16852,0.951324716432452,0.2324161500452075,0.17042255,0.20400023,0.10305929,0.13663697
traffic,164,14228,16916,0.9513198454972032,0.0675808102877089,0.45969236,0.75324285,0.1002599,1.3131951
traffic,517,14292,14484,0.9512780990504408,0.19083479433832,0.0039966106,0.05288911,0.00771904,0.04916668
traffic,334,15380,16724,0.9512678250935996,0.2605157664162131,0.43355155,0.12199044,0.34016395,0.028602839
traffic,256,14356,17044,0.9512514444267044,0.2670084797785673,0.09484577,0.33662248,0.11010337,0.13167334
traffic,325,16084,17428,0.9511556928901926,0.2365488814365779,0.3140118,0.46087933,0.017237306,0.16410482
traffic,434,14292,16788,0.9511239262355228,0.15546206706562,0.654029,0.39957798,0.28360724,0.76999974
traffic,348,14100,14676,0.9511049280643872,0.1646819492643003,0.34446692,0.69505954,0.7636087,0.27591777
traffic,511,15316,17428,0.9511029753689568,0.2763168902547172,0.07391405,0.44658136,0.078784704,0.4417107
traffic,177,14164,16852,0.9510299591368252,0.1631164251825017,0.40147734,0.81466293,0.097399235,0.31578636
traffic,172,14676,15636,0.9509917736114089,0.067477681028091,0.10866928,0.14014173,0.3824277,0.41390014
traffic,92,14996,17108,0.9509409525398624,0.2908753805451986,0.29532576,0.23123443,0.065766096,0.4607941
traffic,421,14612,17300,0.9509247854978884,0.2548947470325255,0.3484726,0.16211772,0.24313474,0.26745558
traffic,106,14164,15892,0.9509010551568764,0.2243549013697088,0.183779,0.17210746,0.22954845,0.21787691
traffic,799,16404,17364,0.950899642135542,0.149730379761142,0.36821723,0.41416907,0.45824146,0.32414484
traffic,479,14484,15636,0.9508730339346428,0.1111352210490249,0.10815477,0.39483166,0.2472539,0.25573254
traffic,790,14356,16660,0.9508548922477882,0.1706728087271078,0.38507962,0.20547867,0.34635997,0.24419832
traffic,455,14676,17364,0.950851449278444,0.2199188544514508,0.19629502,0.24832249,0.38576746,0.05885005
traffic,655,14100,16212,0.9508442811404524,0.2904796226368316,0.08193302,0.15523767,0.093569756,0.14360094
traffic,769,15764,16724,0.9508340895948456,-0.0863927971933473,0.7985325,0.52718997,0.6122296,0.7134929
traffic,183,14228,16724,0.950800235631588,0.1896074770352739,0.7499423,0.4391632,0.5699744,0.6191311
traffic,554,15828,16788,0.950787619335262,0.2355633379196594,0.30481434,1.2047164,0.31091666,0.58898544
traffic,334,14612,15956,0.950750327328198,0.084105907917921,0.15648532,0.14902496,0.12249899,0.1830113
traffic,374,14036,16340,0.9507134305166218,0.2998475946549171,1.0731516,1.3184555,0.8280511,1.563556
traffic,238,14228,16724,0.9506947821671868,0.2849792731966436,1.0475082,0.6749053,0.69364953,1.028764
traffic,750,14100,16788,0.95066623874582,0.2705219701756126,0.6153147,0.21841931,0.38068652,0.016208887
traffic,298,14100,14292,0.9506474928974086,0.2130905800001118,0.095860004,0.0045702457,0.08140564,0.009884119
traffic,256,15124,16660,0.950644957355413,0.2544339440491391,0.4351132,0.08551645,0.2694974,0.25113225
traffic,193,16020,17364,0.950600053959108,0.1242325933845941,0.0013010502,0.08874321,0.16319442,0.25063658
traffic,789,14356,14932,0.9505970588640412,0.2831454690466589,0.12108612,0.085591555,0.3130772,0.106399536
traffic,748,14996,15956,0.9505952912997626,0.2609434918468311,0.09594703,0.22518778,0.034834623,0.28630018
traffic,685,15060,16404,0.9505633001776562,0.2705697494760096,0.4330318,0.24458766,0.29986894,0.37775052
traffic,59,15956,16916,0.950517882374702,0.2339418589965022,0.080382824,0.22060513,0.045165062,0.2558229
traffic,381,14804,17300,0.950510809297742,-0.0498583878542823,0.19518328,0.30957997,0.09675884,0.6015221
traffic,730,14932,17044,0.950504939349968,0.2697862823897348,0.04387641,0.48203135,0.040454865,0.39770007
traffic,657,15124,16276,0.9504518600829596,0.23816344385855,0.12067795,0.17720199,0.3154099,0.25888586
traffic,263,14868,16212,0.9504092775056556,0.2350148803017153,0.18753552,0.38076055,0.3802979,0.18799818
traffic,600,15700,17236,0.9503840415649348,0.1940248251363272,0.37842965,0.052566767,0.26457524,0.16642118
traffic,442,14484,17172,0.9503360348275648,0.2809892523198592,0.2558322,0.019701958,0.15611076,0.080019474
traffic,804,14484,14676,0.9502615331330077,0.2469128624006062,0.4148121,0.046895027,0.3145144,0.14719272
traffic,519,14228,16724,0.9502546480077522,0.1905851505409927,1.2496431,0.5309427,0.6617267,1.118859
traffic,464,14868,15444,0.9502373283319536,0.2186199588550903,0.09487891,0.12762487,0.13284636,0.089657426
traffic,711,15316,15892,0.9502276096655694,0.1591829418969517,0.9606626,0.61633897,0.60892344,0.96807814
traffic,162,14676,15444,0.9501514494959418,0.2752697561282943,1.4548895,2.1066465,3.0358233,0.5257126
traffic,471,15508,16852,0.9501243639737564,0.2618053016372608,0.028465748,0.51738596,0.3429489,0.2029028
traffic,468,14164,15508,0.9500809507964798,0.0331513451996577,0.15911102,0.20261502,0.17500019,0.18672585
traffic,465,14484,17172,0.950072367150384,0.1314741781319098,0.40768862,0.31509376,0.3397119,0.24711704
traffic,199,15508,17236,0.9500568562253944,0.2291469133551922,0.36487675,0.70441365,0.5306761,0.5386143
traffic,53,14676,17364,0.950035293337858,0.1350245069975327,0.027377129,0.1552167,0.0007240772,0.1833179
traffic,767,15060,16788,0.9500351553439552,0.2449585477819376,0.2048688,0.0063774586,0.21354127,0.015049934
traffic,704,15188,16532,0.9500310500147994,0.2987977643551664,0.018307447,0.31516695,0.040334463,0.25652504
traffic,475,14228,14420,0.9500040780830732,0.2114171705966933,0.08311963,0.12706828,0.19509935,0.015088558
traffic,257,17172,17364,0.9499957300737564,0.1561852962167755,0.19336414,0.1307311,0.33006978,0.005974531
traffic,734,14676,16980,0.9499953637219688,0.2235706693526445,0.8623128,1.3987479,1.4720721,0.7889886
traffic,696,15316,16660,0.9499783946830616,0.1665730076405988,0.5867841,0.48108053,0.35260916,0.7152555
traffic,685,16276,17044,0.9499653375690011,0.2498883357583464,0.17967892,0.026891232,0.08772707,0.065060616
traffic,67,14484,15444,0.9499529053721674,0.2582618575833734,0.9418404,1.1344892,1.3939159,0.6824137
traffic,607,16596,17172,0.9499387818343126,0.1814606859871368,0.5532577,0.08121419,0.45878267,0.013260841
traffic,172,15060,16212,0.9499009214921356,0.2778520832757964,0.4608463,1.1077346,1.0666106,0.5019703
traffic,185,16596,16980,0.9498971690314636,0.2596721345529356,0.44162595,0.068675995,0.16628563,0.20666432
traffic,521,16468,16660,0.9498869018688508,0.2881520402476215,0.28805232,0.14175487,0.18864202,0.24116516
traffic,564,14292,14676,0.9497657115310808,-0.0156160897802407,0.5676091,1.9414971,1.6457162,0.86338997
traffic,685,15124,16660,0.9497102873991748,0.2159736321807804,0.65352345,0.61708903,0.5160539,0.75455856
traffic,14,14484,17172,0.9496999355345151,0.2755790339121395,0.16156626,0.0818727,0.13576889,0.056075335
traffic,648,14612,16532,0.9496867158556732,0.2872023452028022,0.24702692,0.084055185,0.22630715,0.10477495
traffic,609,14100,16404,0.94968200214925,0.2101499317119474,0.04964912,0.565284,0.3975587,0.21737444
traffic,795,14036,16916,0.9496774500279588,0.1724454977720533,0.31909811,0.43202853,0.4089948,0.5219252
traffic,637,15508,16852,0.9496550987000036,0.207294647689236,0.091403484,0.3507179,0.016109228,0.24320519
traffic,475,14100,16788,0.9496537946908258,-0.1858190850902266,0.026411772,0.39466095,0.010076761,0.37832594
traffic,676,14612,16340,0.9496312313768048,0.06179955305773,0.41473722,0.16202211,0.31978822,0.25697112
traffic,106,15764,16724,0.9495811078793766,0.1269429216869115,0.3816917,0.26864123,0.48738813,0.1629448
traffic,313,14676,15636,0.9495780404992232,0.2927240471732965,0.38852906,0.75331044,0.77075696,0.37108254
traffic,569,15700,17044,0.9495178137755592,0.1650087119518594,0.044261932,0.816448,0.34111834,0.51959157
traffic,839,14164,16468,0.9494568968810536,0.2754191131602921,0.1300385,0.39646363,0.27260637,0.25389576
traffic,788,15700,17044,0.9494550465351644,0.2229837816789133,0.026844263,0.2719276,0.07230282,0.17278051
traffic,678,14996,16340,0.9494293824180576,0.0965739635476138,0.054655552,0.1342125,0.06982994,0.119038105
traffic,682,14676,16980,0.9494216916525228,0.2312602484412676,0.08129811,0.7717087,0.3869462,0.46606064
traffic,317,14228,15764,0.9494047696195224,0.2559442666793582,0.12671232,0.021349907,0.07111907,0.034243345
traffic,524,16276,16852,0.9493570458723332,0.1719078963573201,0.4265771,0.064459085,0.30518723,0.05693078
traffic,690,14996,16340,0.9493405364672154,0.2937422920776134,0.26171422,0.30080009,0.3566184,0.2058959
traffic,826,16468,16852,0.9493153138040844,0.1287973214279756,0.35818982,0.06768036,0.16709137,0.2587788
traffic,726,14100,15636,0.9492839726415154,-0.066405116251989,0.115647316,0.8225677,0.42535353,0.28156686
traffic,825,14484,15252,0.949281623700305,0.1204775907452356,0.4764105,1.1869732,1.0148598,0.6485239
traffic,512,14292,16980,0.9492721965818476,0.2385743363871367,0.74889183,0.737525,0.8464289,0.63998795
traffic,644,16660,17428,0.9492565404789162,0.2496270216837716,1.5316763,0.6848235,1.1984069,1.0180929
traffic,744,14612,15188,0.9492529425586352,0.0886223926585297,0.17951107,0.06637859,0.052080154,0.061052322
traffic,161,15188,16532,0.9492237343135066,0.092950332495706,0.39952564,0.5007839,0.3117156,0.58859396
traffic,750,14036,16724,0.9492142982027928,0.2528449835238263,0.8583307,0.65239453,0.9487624,0.56196284
traffic,525,14932,16660,0.9491831595576472,0.2518569085709792,1.2633418,1.7668407,0.8278698,2.2023127
traffic,172,15572,16148,0.949177883854856,0.1719832956805477,0.8436017,0.48904014,0.56489396,0.7677479
traffic,654,15444,16788,0.94912641008528,0.2805788561414802,1.1229445,0.63491166,0.41935086,1.3385053
traffic,742,15316,16468,0.9490800838815644,-0.0068157033680952,0.16978168,0.45691562,0.20029354,0.42640376
traffic,162,16788,16980,0.9490682741856568,0.2555312849342673,0.33127946,0.48003078,0.46052855,0.35078168
traffic,554,14676,16980,0.9490448579123612,0.2727068927401013,0.18177462,1.5572994,1.0409231,0.6981509
traffic,273,16660,17428,0.9490166162311796,0.2614598155437573,0.22819471,0.35984588,0.43683314,0.15120745
traffic,83,16084,16276,0.9490127455011784,0.297289908192994,0.25738668,0.17372727,0.23924398,0.19186997
traffic,290,14484,15636,0.948992503396604,0.1055208291451172,0.11743736,0.28402472,0.19626474,0.20519733
traffic,346,15764,16724,0.948989991927572,0.2749677026257558,0.8315706,0.90933466,0.67160773,1.0692976
traffic,326,14484,14676,0.948986557138288,0.2728696758402891,0.2625649,0.5468428,0.32601738,0.48339033
traffic,120,16660,17236,0.948872725994916,0.2975639028587796,0.5855496,0.6073791,0.63569427,0.5572344
traffic,751,14740,17236,0.948868616704775,0.2031603912529223,0.21271086,0.42722344,0.036620498,0.25113308
traffic,605,14676,16980,0.9488645985648424,0.2219560125332062,0.020889044,0.65272355,0.23363233,0.39820218
traffic,471,15828,16980,0.9488117218246982,0.1998923085187697,0.4492514,0.9344013,0.76438236,0.6192703
traffic,615,14740,16852,0.948792704048917,0.2905665037596138,0.7016101,0.21955419,0.45835304,0.46281123
traffic,734,14292,16788,0.9487798268884964,0.2735326093837056,0.42066026,0.8845328,0.6307986,0.6743945
traffic,269,16724,16916,0.948765869185581,-0.056843073349718,0.92592764,0.40893316,0.5320208,0.80284
traffic,669,14420,17108,0.9487539742654644,0.2283664653081269,0.16551208,0.118971825,0.26260185,0.21606159
traffic,485,14100,16212,0.948726195547736,0.093523482440769,0.021061182,0.105927706,0.037791252,0.04707527
traffic,493,15508,16852,0.9487181315902592,0.2787201422441815,0.03451848,0.60148215,0.39577317,0.24022746
traffic,301,14740,16852,0.9487132885214868,0.2300098388515541,0.8901906,0.289196,0.5274811,0.65190554
traffic,69,15764,16916,0.9487037280934336,0.1279703803897995,0.029593945,0.18342924,0.0067908764,0.16062617
traffic,709,15188,16532,0.948695208912244,0.207334009461906,0.19733691,0.15332937,0.07875085,0.03474331
traffic,208,15828,16980,0.948687920511404,0.1655325143816898,0.4906447,1.4717754,1.3532777,0.6091424
traffic,602,16532,16724,0.9486753395763508,0.2617562544616738,0.3189926,0.23677349,0.3270142,0.2287519
traffic,848,14740,17428,0.9486203762659232,0.273102972941679,0.11125934,0.14214122,0.56779695,0.31439638
traffic,177,14228,16724,0.948592535777514,-0.1129267896557642,1.1559392,1.1183124,0.87096274,1.4032888
traffic,81,14932,16660,0.9485815463905342,0.2184506538661796,1.588462,1.4265804,0.6756389,2.3394036
traffic,288,14484,17172,0.9485635909147624,0.085833711158846,0.4431727,0.2046938,0.25440168,0.015922785
traffic,696,14100,16404,0.9485268066130766,0.1235739684917367,0.013456106,0.29948354,0.18931222,0.123627424
traffic,836,15572,17108,0.9485267682787172,0.2536485874055946,0.18695045,0.28210115,0.14918971,0.24434042
traffic,259,15252,16404,0.9485248367342568,0.2788838199933303,0.49516675,1.9241738,1.409584,1.0097566
traffic,744,14676,15252,0.948468977935226,0.2278763430169333,0.19825697,0.40961862,0.27270722,0.33516836
traffic,447,16660,17428,0.9484496171526986,0.2991962865754952,1.4009051,0.63724065,1.0366077,1.001538
traffic,196,14228,16916,0.9484010127298632,0.113402373962723,0.5289062,0.72042865,0.14720654,1.3965414
traffic,708,14100,16788,0.9483959165541752,0.2997586790690893,0.22185993,0.1463852,0.113178015,0.037703276
traffic,778,14676,16788,0.9483567436083628,0.2393913537531288,0.11170936,0.60065484,0.22264242,0.26630306
traffic,690,14612,17300,0.9483098190636416,-0.1938586838752031,0.28738916,0.20620894,0.06995809,0.011222124
traffic,161,16404,16788,0.9482804582352652,0.2746203135051164,0.40408373,0.39231443,0.07861805,0.066848755
traffic,83,14612,15380,0.9482573643982724,0.2785526208520875,0.11677861,0.21735835,0.1520946,0.18204236
traffic,619,14676,16980,0.948218383265642,-0.0117726521814352,0.38498044,1.108186,0.8552158,0.63795066
traffic,610,14676,16980,0.9481970184360256,0.087175196825852,0.30772138,0.4383142,0.10832071,0.23891354
traffic,458,16020,17364,0.9481804395200262,0.0967077895309263,0.19514251,0.26534176,0.19917369,0.26131058
traffic,597,14676,16980,0.9481600039488032,0.2680956634714546,0.30880737,1.3479127,1.043256,0.613464
traffic,29,14420,16724,0.94815197881244,0.1914368961056311,1.5797532,1.5358794,0.7631645,2.352468
traffic,165,14100,16788,0.94813369073811,0.0604977038293713,0.123006344,0.13615179,0.06483364,0.07797909
traffic,150,15828,16596,0.9481284697707288,0.1467901657839991,0.16702843,1.0131786,0.51085424,0.66935277
traffic,462,14292,16980,0.9480878331515196,0.2879619243546883,0.52321196,0.4432652,0.07902527,0.8874519
traffic,391,14100,15828,0.9480360725556868,0.057761691830925,0.80585504,0.879442,0.86284137,0.82245564
traffic,662,14420,17108,0.9480236074111944,0.2705632378516027,0.16123915,0.17926717,0.354918,0.37294602
traffic,594,14676,15060,0.947988484656396,0.1373641147441914,0.71818376,0.9235011,1.018719,0.6229659
traffic,27,15828,17172,0.9479702579890422,0.2924784276979872,0.34051752,0.42723012,0.35474372,0.41300392
traffic,266,15316,16468,0.9479636680060828,0.1183607712719385,0.17508101,0.29782498,0.1298585,0.3430475
traffic,573,14612,15956,0.9479574056080212,0.2977591936258669,0.46757936,0.44645488,0.26602983,0.6480044
traffic,753,14804,17108,0.9479396636082452,0.246395280443168,0.25896335,0.5159192,0.15873647,0.6161461
traffic,55,15060,15444,0.9479057807211894,0.1747567344514402,0.19785213,0.13462687,0.1687522,0.1637268
traffic,23,15124,16468,0.947857814744212,0.1903215287893801,0.013963461,0.1902113,0.068473816,0.10777402
traffic,249,15764,16916,0.94782069288489,0.1461959680285287,0.14862752,0.087307215,0.077797055,0.01647675
traffic,673,14292,16404,0.9478049186373584,0.2792812171712935,0.1867919,0.4260807,0.2735057,0.3393669
traffic,824,14100,16788,0.9477921158218728,0.1192005654198256,0.52821183,0.7539544,0.22375345,0.44949603
traffic,619,15124,16468,0.9477648985232036,0.0356179202428881,0.23258543,0.034081697,0.43986344,0.17319632
traffic,111,14676,16788,0.9477252227739672,-0.0789385289249363,0.39781213,1.278881,1.0276668,0.6490263
traffic,68,14548,16852,0.9477190666280096,0.2803114408550506,0.23812175,0.039447308,0.18874907,0.08881998
traffic,551,14164,16852,0.94771473469268,0.2490032718526993,0.17635083,0.36986995,0.09900594,0.29252505
traffic,317,14420,15572,0.9476860889892922,0.2903451087483891,0.21366525,0.088430405,0.13054991,0.17154574
traffic,848,14676,16980,0.947685506784338,0.097050989651205,0.06956124,0.79927015,0.38368487,0.48514652
traffic,707,15828,17172,0.94765454077983,0.2396744633337124,0.24204946,0.056818724,0.22776914,0.07109904
traffic,595,15828,17172,0.9476073524706472,0.1229551745055358,0.2503872,0.046141148,0.22013807,0.015892029
traffic,508,16084,17044,0.947540609565604,0.2036347005413651,0.92296124,0.056704998,0.52492,0.34133625
traffic,303,14804,17300,0.947532511791195,0.2560564167863164,0.192559,0.30833507,0.04251361,0.45838046
traffic,172,14932,16852,0.947506674331922,0.0898575590350378,1.1081586,0.3091712,0.5825069,0.8348229
traffic,298,14228,16916,0.9475009232959049,0.2367707006634598,0.52009916,0.20399761,0.39063358,0.3334632
traffic,723,16788,17364,0.947471823701292,0.2282342893443421,0.22236323,0.28911233,0.36958027,0.1418953
traffic,351,14100,14676,0.94745178044754,0.1166868174011432,0.5202421,1.2677279,1.17391,0.6140599
traffic,38,14100,16212,0.9474363166428288,0.2379386656535157,0.3059163,0.21749544,0.22867942,0.29473233
traffic,651,15764,16916,0.9474274633472992,0.2658157084182595,0.40559083,0.5113576,0.17245936,0.27822614
traffic,1,15060,16212,0.9474147101504524,0.2423480512489943,0.30865884,0.17125511,0.3014102,0.17850375
traffic,852,14612,16532,0.9474032346161084,0.2799978119968399,0.36140013,0.058884382,0.25598383,0.16430068
traffic,374,14100,14676,0.9474020953770576,0.2320904186493647,0.6019417,0.56984663,0.6959208,0.4758675
traffic,730,14676,16980,0.9473730602269884,0.2610288943016213,0.19682384,0.82920027,0.29904437,0.33333206
traffic,593,14676,16788,0.947333431643767,0.163131049445787,0.11086893,0.851943,0.46386695,0.27720714
traffic,48,14164,16852,0.947304483027632,0.2537923952138097,0.26699162,0.65302634,0.17203021,0.21400452
traffic,397,14612,17300,0.9472415956726554,0.0825005761920952,0.40992033,0.12741947,0.42704618,0.14454532
traffic,232,14612,17300,0.9471919734088312,0.2558863788858916,0.39958835,0.06716108,0.32543862,0.14131081
traffic,216,14100,16788,0.9471910905400842,0.2659031640407887,0.12524867,0.62580657,0.31122208,0.81178
traffic,207,14612,15188,0.9471813390919016,0.0304238543447322,0.39302087,0.19137764,0.31375313,0.27064538
traffic,247,14164,15508,0.9471804883460994,0.1009728792594503,0.09101391,0.46679807,0.24682498,0.310987
traffic,629,14420,17108,0.9471450178709868,0.096460235137195,0.012465477,0.15474248,0.051680326,0.21888828
traffic,738,15828,16596,0.9471293247779128,0.1587222907135788,0.35708642,1.0245907,0.7825959,0.5990813
traffic,848,15060,16212,0.9471221822305091,0.032160435043899,0.42576456,0.4276526,0.425223,0.42819417
traffic,15,15828,16596,0.9471208348013762,0.2089671859891898,0.7993624,0.95522106,0.830601,0.9239825
traffic,375,15508,16852,0.9471055420418686,0.1855489851912546,0.021109581,0.37050128,0.08229923,0.30931163
traffic,162,14484,15636,0.9470448264929406,0.0780013415582934,0.27291226,0.8025125,0.795449,0.27997577
traffic,571,15892,17236,0.9470360044569348,0.0956976128196364,0.37073064,0.20072746,0.4066794,0.16477871
traffic,824,15700,17044,0.9470200416870744,0.2486344157023421,0.3258946,0.31411827,0.2923119,0.28053558
traffic,530,14612,15764,0.946986832824518,0.2433803108323048,0.111914635,0.22417545,0.23731375,0.09877634
traffic,710,14100,16788,0.9469771488917644,0.178310508621002,0.13009477,0.07476473,0.3784895,0.32315946
traffic,693,14228,15956,0.9469663226868834,0.0215394790181666,0.72165644,0.7813314,0.5098913,0.9930966
traffic,120,14036,16916,0.9469584304950618,0.2147680417789313,0.058808446,0.38100266,0.2981043,0.6202985
traffic,451,15252,16404,0.9469577856570022,0.2901676494192678,0.18500853,0.02788949,0.11653781,0.09636021
traffic,246,14932,17428,0.9469448543169484,0.2253007905835708,1.3804508,0.57322216,0.6343229,1.3193501
traffic,786,14804,16916,0.946935341961767,0.1665350801579207,1.0800004,0.63058245,0.42442346,1.2861594
traffic,753,14036,16724,0.946914740630462,0.2765972443868166,0.7541239,0.38123512,0.8070631,0.32829595
traffic,852,16404,16596,0.946908549520046,0.2806833889034499,0.07505751,0.067745686,0.09415841,0.04864478
traffic,310,16148,17300,0.9468962899657176,0.1816552413324831,0.38963246,0.51788354,0.34517336,0.56234264
traffic,172,16660,17428,0.9468740800608288,0.2412769976769629,1.1510584,0.6290257,0.8623693,0.91771483
traffic,412,14484,14676,0.9468433732730632,0.242937649685497,0.63078046,0.8081846,0.640347,0.7986181
traffic,145,15828,16980,0.9468342432884452,0.1568368639723419,0.265656,1.0767183,0.92060304,0.4217713
traffic,837,14996,16340,0.9467879191838218,0.2408250346665,0.14273643,0.107661724,0.16859198,0.08180618
traffic,477,16148,17300,0.9467424010341492,0.233779113077884,0.10217309,0.32957983,0.07139683,0.50314975
traffic,362,14484,17172,0.9466920600701536,0.2667252789163765,0.23814917,0.014985323,0.17344594,0.049717903
traffic,661,14164,16852,0.9466829976991816,0.2923545274601404,0.26616263,0.7157694,0.45429838,0.52763367
traffic,839,14868,15444,0.9466539413613028,0.1525248877936401,0.20994139,0.3573997,0.4591639,0.108177185
traffic,179,14100,16788,0.9466416019479174,0.2809918205995377,0.11706662,0.2679193,0.19314146,0.19184446
traffic,129,14100,15444,0.94662553830109,0.2848795891329651,0.037674665,0.052061796,0.026221275,0.06351519
traffic,79,16660,17236,0.94662451130257,0.1861796993907408,0.25034904,0.8144151,0.6048398,0.45992434
traffic,708,14164,16852,0.946569565624744,0.2845861340799734,0.20523381,0.007601738,0.14155889,0.05607319
traffic,508,16852,17428,0.9465226598997848,0.1258983539072448,1.2375233,0.5910201,0.950017,0.87852645
traffic,65,14164,15892,0.9464892597166216,0.2168850818427171,0.62433124,0.4208939,0.26404524,0.7811799
traffic,780,14292,16404,0.9464421188302844,0.219860416208304,0.1314485,0.3440535,0.2036047,0.27189732
traffic,533,14676,17364,0.9464399753262528,0.2146166039876685,0.2146895,0.35816646,0.55592275,0.016933203
traffic,246,15252,16788,0.9463976280457712,0.2620855830256471,0.3836038,0.75687444,0.40701026,0.7802809
traffic,706,15444,16404,0.9463584779973868,0.0472236206106985,0.009917498,0.08833456,0.05653,0.15478206
traffic,471,14100,16212,0.946356428540372,0.2660212874025974,0.15076911,0.0253793,0.15715063,0.018997788
traffic,136,14356,16276,0.9463491876025828,0.2008483571711829,0.20121574,0.25275517,0.29260707,0.16136384
traffic,619,15700,15892,0.946335641452608,0.2969709334600433,0.4820938,0.24825251,0.19526982,0.5350765
traffic,750,14804,16916,0.9462449361275062,0.2147666139890107,0.03564477,0.5625659,0.018259525,0.57995117
traffic,14,14100,16788,0.9462430283491072,0.2543890353701537,0.08809543,0.32398605,0.14996696,0.26211452
traffic,100,14484,15636,0.9461756509213872,0.1918339418469841,0.60937405,1.1213988,1.2729533,0.45781958
traffic,428,14100,16212,0.9461288220680502,0.0916299277855932,0.24169683,0.26511264,0.027367592,0.050783396
traffic,759,14100,15252,0.9461039688646384,0.2073613803625102,0.020339966,0.054795742,0.02828908,0.04684663
traffic,588,16660,17236,0.9460488924816004,0.211273010780414,1.5203972,0.9187547,1.5452478,0.8939041
traffic,703,15316,16468,0.9460434628749416,0.2983646794977982,0.7434993,0.9609705,1.0000939,0.70437586
traffic,207,14676,15444,0.9459919799909268,0.2177578758266926,0.3931768,0.76732945,0.7059901,0.45451617
traffic,676,14676,15636,0.945981320778142,0.2665041976931089,0.15830326,0.20160198,0.04089427,0.08419299
traffic,614,14740,14932,0.9459800773278896,0.0072962720417424,0.1118176,0.08132887,0.09009957,0.103046894
traffic,351,15252,17364,0.9459776566987168,0.2241231539535368,0.7168517,3.1007187,1.5996037,2.2179668
traffic,444,15508,16852,0.9459769747915148,0.1743372821166809,0.13427854,0.23277521,0.009212494,0.10770917
traffic,824,14676,16980,0.9459504268031528,0.246196816580689,0.060325384,1.5026437,0.91895723,0.64401186
traffic,228,14036,16724,0.9459469313436858,0.2417886301258489,0.15102363,0.18421555,0.026912928,0.30832624
traffic,735,15828,16596,0.9458792398407272,0.1258068308026279,0.27988815,0.65404916,0.45858622,0.4753511
traffic,600,15060,16788,0.9458717232767418,0.2637354845663991,0.3215871,0.020902872,0.2762115,0.06627846
traffic,457,14996,16340,0.9457838394460336,0.2381866933098936,0.05354166,0.060059786,0.10017109,0.013430357
traffic,406,16596,16980,0.9457807626653252,0.2269207089810644,0.2384131,0.151263,0.21786332,0.17181277
traffic,741,14676,15060,0.9457788295588954,0.2745955273882316,0.1104846,0.24346733,0.047150373,0.08583236
traffic,528,15252,16212,0.945718128782927,0.2208296699064323,0.019311428,0.04900253,0.031217575,0.060908675
traffic,839,14484,16404,0.945708144521246,0.2431154049905611,0.070580006,0.09093332,0.0072305202,0.16874385
traffic,790,16788,17364,0.9456745676625942,0.2196299241167969,0.15865302,0.05198884,0.20976305,0.0008788109
traffic,385,14164,16852,0.9456596103039052,0.2739108407633313,0.13321781,0.15530896,0.051590443,0.07368159
traffic,289,15764,17300,0.9456586738366076,0.0710218494708022,0.3347479,0.33942723,0.4896871,0.18448806
traffic,387,14484,17172,0.94560891988747,0.2281678939932395,0.32660747,0.0028443336,0.26702452,0.056738615
traffic,327,14484,16980,0.9455765138718808,0.2100043025950554,0.22507691,0.15302968,0.09677124,0.024724007
traffic,126,15956,16340,0.9455457261538566,0.2682081957933294,0.86233234,0.62026334,0.55914927,0.9234464
traffic,55,14356,15508,0.9455269183633682,0.126914515943149,0.12899637,0.017031431,0.15149355,0.005465746
traffic,699,14228,16532,0.9454816061886993,0.2852700921509539,0.27747917,0.20158315,0.32912612,0.1499362
traffic,508,14356,14932,0.9454572849749096,0.28558299816058,0.36382246,0.1753931,0.41280627,0.12640929
traffic,266,15572,16724,0.945451350623052,0.2946441447925321,0.1857593,0.022490978,0.42516184,0.21691155
traffic,739,14100,16788,0.9454475335004474,0.2171900290427028,0.26594055,0.5059736,0.14730263,0.38733566
traffic,465,15252,16404,0.9454053922477365,0.2840530018767564,0.52825344,2.2462304,1.5561115,1.2183725
traffic,165,16276,17236,0.9453743399648792,0.2747187186635621,0.19628191,0.46945262,0.31639314,0.3493414
traffic,592,14292,16788,0.9453702030099396,0.2456652920367907,0.17596841,0.8102757,0.5010829,0.4851612
traffic,202,14932,15508,0.9453698638686272,0.2794994466732063,0.73588574,0.19877315,0.35954034,0.57511854
traffic,860,15508,17428,0.945369141396037,0.1297779150637163,0.046383858,0.2647407,0.07112074,0.24000382
traffic,149,14676,15828,0.9452932553368956,0.169312570681287,0.28407955,0.101878405,0.2983563,0.11615515
traffic,612,14484,16596,0.9452651754275766,0.1625719050096607,2.4352422,0.9649238,1.9876833,1.4124827
traffic,839,15124,17428,0.945258937332588,0.1571762698819029,0.029752493,0.27429938,0.12162638,0.1824255
traffic,388,14676,16980,0.9452471360367716,0.2613128259593356,0.026771545,0.56408167,0.18072534,0.41012788
traffic,667,14676,15252,0.9452447654474204,0.1864274777360058,0.36323333,0.6042886,0.5110383,0.4564836
traffic,172,15828,16980,0.9452358222531118,0.0783633413800828,0.06941724,0.769537,0.42200065,0.2781191
traffic,65,15572,16916,0.9452136404431168,0.1145273094063161,0.31593013,0.5076376,0.16671586,0.6568519
traffic,238,15700,17044,0.9452051783250006,0.2838030853040382,0.23464477,0.41524208,0.108903766,0.28950107
traffic,465,14356,17044,0.9451876175937642,0.1406808646598558,0.660957,0.93815255,0.10605943,0.383255
traffic,225,16148,17300,0.9451852921391728,0.2218127079789584,0.9656693,0.82590055,0.6978618,1.093708
traffic,848,14932,16660,0.9451683424626032,-0.0524348322246427,0.73402536,1.777844,1.3734249,1.1384444
traffic,685,14100,17364,0.9451632393051212,0.0432579272047524,0.9417987,0.5366132,0.4683535,1.0100584
traffic,202,16660,17428,0.9451552044729806,0.2547102180777291,0.7701392,0.6685364,0.80856514,0.6301105
traffic,135,14676,15828,0.945129718502312,0.1948483213092645,0.27128816,0.10207534,0.16012001,0.009092808
traffic,272,14676,15252,0.9451253186546538,0.2228592903648463,0.3260138,0.52998626,0.47676182,0.37923825
traffic,246,15700,17044,0.9451224137028856,0.2976622677273984,0.57839954,0.938134,0.0028637648,0.36259824
traffic,560,14676,17172,0.945085540729476,0.294666173475902,0.0958519,0.74845743,0.33424568,0.31835985
traffic,656,14420,15764,0.9450766000153452,0.1746198352884128,0.15167701,0.121777296,0.12807345,0.14538085
traffic,527,14036,16916,0.9449943981100968,0.2887402142903998,0.21308255,0.37033772,0.015829444,0.5992497
traffic,508,15188,16532,0.9449763511383376,0.2724368388045942,0.18279672,0.058475256,0.144166,0.09710598
traffic,393,14484,17172,0.9449554830054055,0.1986672311403925,0.1426959,0.23672342,0.08151436,0.17554188
traffic,389,14868,16212,0.9449415709216104,0.1991401127791123,0.10512793,0.6730838,0.5721954,0.2060163
traffic,441,14676,15444,0.9449377576778,0.2668874509170314,0.20593429,0.4042356,0.2962494,0.3139205
traffic,470,16148,16340,0.944926306627985,0.2195154147021546,0.89643216,2.6724424,1.1369834,2.4318912
traffic,106,14548,16660,0.9449199150242312,0.0541101841815582,0.73149633,0.6358168,0.6425195,0.7247937
traffic,353,15636,15828,0.9449191760958108,0.0613025122656723,0.71156454,1.5380154,1.3017039,0.947876
traffic,507,14484,16980,0.944882193234914,0.2779286478170436,0.13635564,0.5991163,0.12684393,0.33591676
traffic,135,15636,16980,0.94482521653994,0.2036481161849402,0.018641233,0.13639688,0.025991201,0.09176445
traffic,635,15828,16980,0.9448186461331785,0.0700182426953518,0.17741227,0.7485082,0.5384016,0.38751888
traffic,773,14484,16596,0.944816804686931,0.1400488059931708,1.8997465,0.95087874,1.4908614,1.3597639
traffic,776,16020,17364,0.944793683793836,0.0690844201198846,0.043907166,0.06555724,0.012932301,0.12239671
traffic,93,14100,14676,0.9447560837018182,0.1101993348407321,0.5860605,1.0170141,1.0344031,0.5686716
traffic,169,14484,17172,0.9447299858031938,0.2591989812070602,0.3243773,0.1422596,0.15367484,0.02844286
traffic,561,14676,15636,0.9447098174971396,0.0724677205450399,0.03720498,0.5863004,0.19095731,0.43254805
traffic,368,14676,15636,0.9447003495206192,0.2716504051452309,0.018807888,0.4599898,0.15437913,0.28680277
traffic,124,15636,16788,0.9446770681185598,0.2540640655774147,0.14359498,0.63031113,0.41850972,0.3553964
traffic,198,15636,16596,0.9446673292798616,0.2932431562048274,0.029471159,0.040305614,0.28749204,0.3572688
traffic,106,15572,16340,0.9446499199959922,0.2519455860744565,0.476933,0.35433674,0.5284784,0.30279136
traffic,446,16468,17428,0.9446475243222994,0.1437956908213531,0.13492155,0.06324661,0.19160128,0.11992633
traffic,491,15956,17300,0.9446474316247356,0.1307178535590243,0.45263767,0.25876856,0.39649248,0.31491375
traffic,34,14740,16852,0.9446298251968702,0.2772764600958916,0.6972506,0.13659644,0.46623397,0.36761308
traffic,14,14292,16404,0.9445851307150196,0.2013323312550974,0.10696697,0.31265926,0.09403181,0.32559443
traffic,435,16148,17300,0.944577529259352,0.2338681915357615,1.0265417,0.95288086,0.6839459,1.2954767
traffic,529,14100,16788,0.9445372493600542,-0.1973408724819551,0.27968574,0.3762591,0.1907978,0.46514702
traffic,169,14292,16980,0.9444883529300236,0.1746673473492059,0.07984042,0.3478489,0.06619358,0.4938829
traffic,272,16020,17364,0.944488050904642,0.2844425818741608,0.17879319,0.09198713,0.22486329,0.045917034
traffic,646,14356,16852,0.9444428088620864,0.2786539582475009,0.35551858,0.09149313,0.26587605,0.18113565
traffic,145,14676,15060,0.9444391399447006,0.0938113000715648,0.6642499,0.8986546,0.9811187,0.5817858
traffic,701,14676,15828,0.9444332665448076,-0.0632838879070854,0.48642302,0.2041769,0.94087553,0.2502756
traffic,324,17236,17428,0.9444304661491884,0.2405495934683142,0.42381787,1.3297979,1.1750523,0.57856345
traffic,623,14164,16852,0.9444169268391645,0.2756865040140469,0.2186017,0.9681586,0.30361676,0.44594014
traffic,818,15124,16468,0.944370723702331,0.1780521311215371,0.15798497,0.7555015,0.49294412,0.42054236
traffic,313,14612,14804,0.9443564854889656,0.2939848428118374,0.36341977,0.20569944,0.25072002,0.3183992
traffic,121,14100,16404,0.9443492962820884,0.1407838758995279,0.44414783,1.0974561,0.9340339,0.60757005
traffic,741,14548,16276,0.9442886167938688,0.2107882888863996,0.07810974,0.04761958,0.082003355,0.043725967
traffic,337,14676,16788,0.9442678903591188,0.1851511333664693,0.20239282,0.64932823,0.22926497,0.21767044
traffic,185,14100,16788,0.9442545220976446,0.2238443765562042,0.1810242,0.5633142,0.3893689,0.7716589
traffic,530,14164,14548,0.9442484675289584,0.2131937065442902,0.35919476,0.5623596,0.4769807,0.44457364
traffic,796,14612,16916,0.9442302529993054,0.151837537116585,0.1444335,0.33483815,0.13724256,0.3420291
traffic,575,16788,17364,0.9442076435473136,0.1669442706813285,0.24985552,0.47884393,0.5142553,0.21444416
traffic,664,16468,16660,0.9442038369692062,0.2583149348346274,0.4078536,0.43429303,0.4455738,0.39657283
traffic,OT,14676,15828,0.9442003828228815,0.2036198931770863,0.22301602,0.17938042,0.013054609,0.056690216
traffic,199,14676,16404,0.9441863680841884,0.1999822675695358,0.15380192,0.53494346,0.368047,0.32069838
traffic,599,15252,15636,0.9441614014583496,0.2812112969039366,0.1390698,0.28747725,0.19531178,0.23123527
traffic,89,14100,16788,0.9441161494664234,0.2916058274855804,0.21991622,0.25864553,0.3276446,0.3663739
traffic,7,14036,14996,0.9441106662377136,0.2711798785628986,1.1904548,0.897598,0.67989814,1.4081547
traffic,460,16660,17236,0.944091104350502,0.0334968428162925,1.089793,1.1976038,1.4508576,0.83653915
traffic,579,14548,15124,0.9440616205864782,0.2606441030611867,0.28620148,0.18655276,0.22103739,0.25171685
traffic,772,15316,16468,0.9440494498512844,0.0968673139637452,0.85761833,1.0980345,1.212798,0.74285483
traffic,761,15508,16852,0.9440470234529444,0.1796791401173881,0.58914566,1.2770666,1.4075599,0.45865238
traffic,551,14484,17172,0.9440030163295584,0.2550035368465456,0.45730114,0.49099636,0.90930676,0.038990736
traffic,601,14100,16788,0.943981824997129,0.2796125757146302,0.026403666,0.2903179,0.11332214,0.37723637
traffic,804,14420,14612,0.9439757179972842,0.2920635851301402,0.016867638,0.13584423,0.041337132,0.07763946
traffic,586,14612,16148,0.9439643702413671,0.244746828693091,0.2367754,0.26749587,0.13620114,0.36807013
traffic,490,14484,14676,0.9439188237448172,0.2697728534476273,0.07153487,0.4810779,0.002054453,0.4115975
traffic,49,14548,17428,0.9439050158506168,0.1991495650632916,0.061934233,0.34922147,0.027940035,0.31522727
traffic,286,14100,15252,0.9438713894130644,0.2660421971910572,0.10373664,0.20319045,0.019582272,0.2873448
traffic,177,14100,16788,0.943827593419868,0.0059805579639772,0.7673038,0.5500344,0.4061942,1.7235324
traffic,860,14100,15444,0.9437765452143816,0.2953924790674073,0.122906685,0.07813287,0.15107083,0.04996872
traffic,786,15764,16724,0.9437412175188652,0.1308362341607138,1.1585542,1.2962894,0.8583776,1.5964661
traffic,479,14740,15508,0.9437375127681122,0.2894276270831021,0.87172043,0.22498989,0.38372588,0.71298444
traffic,8,14676,16980,0.9437341679082062,0.0715594732114696,0.27333736,0.9996768,0.7858839,0.48713028
traffic,729,15508,16852,0.943733255051814,0.2795627442994804,0.04857731,0.24298,0.16425443,0.12730289
traffic,206,15572,16148,0.9436770085352438,0.2320051170324655,0.68330526,0.25052786,0.42246723,0.5113659
traffic,36,14676,16980,0.9436573648965078,0.2762113941773422,0.2762897,1.0438145,0.8152776,0.50482666
traffic,87,17172,17364,0.9436487159739062,0.1770731187283629,0.079152584,0.033589125,0.16852283,0.2140863
traffic,810,14228,16916,0.943629700898898,0.2812979689649529,0.6076517,0.68662417,0.31010866,0.9841672
traffic,839,14740,15316,0.9436260621321824,0.0295652957360852,0.16778922,0.060414553,0.19930577,0.028898
traffic,270,14228,16916,0.9436081635389926,0.105877360138162,0.8528116,0.7990224,0.17190027,1.4799337
traffic,28,14036,17108,0.9436019133493752,0.2495870783902805,0.03159058,0.39337397,0.18702507,0.6119896
traffic,568,14164,16852,0.9435520733985796,0.147322691414006,0.5112469,1.0545465,1.1304317,0.43536174
traffic,444,14100,14676,0.9435497473447302,0.212313025182016,0.5867851,1.7283442,1.3457906,0.96933866
traffic,346,14484,17172,0.9435242932745012,0.2998203014466414,0.41944432,0.014463425,0.32080507,0.084175825
traffic,849,14100,14676,0.9435197872601953,0.1014622130614405,0.42780614,1.3039773,1.3011712,0.4306122
traffic,541,14420,16724,0.94351559874254,0.2858362728775379,1.1219445,0.89775133,0.7440251,1.2756708
traffic,188,14292,16788,0.943504140220002,0.1294489379299946,0.7841289,1.0620986,0.87390494,0.9723226
traffic,848,14484,16404,0.9434529320679412,-0.2463859833126314,0.41450858,0.32254565,0.27001,0.46704423
traffic,270,14292,14484,0.9434303330221904,0.1655213651681689,0.42429996,0.34738827,0.53491855,0.23676968
traffic,307,16596,17172,0.9434049136394452,0.2685044136897542,0.4781487,0.021428108,0.42843628,0.07114053
traffic,517,16148,17300,0.9433830967465212,0.2229647073819387,0.098178625,0.06754398,0.032868385,0.0022337437
traffic,227,14356,17044,0.9433651265707989,0.2611087781687907,0.15615952,0.05348921,0.39010358,0.18045485
traffic,407,15252,17364,0.943286860859828,0.1856457295827501,0.59895635,3.1151168,2.090778,1.6232951
traffic,64,16724,17108,0.9432676214041608,0.2568942560655172,2.2277036,0.6441366,1.5454826,1.3263576
traffic,635,15508,16852,0.9432266385250224,0.1742767592037392,0.034744024,0.26345444,0.11652303,0.18167543
traffic,378,14100,16788,0.9431896855114316,0.2516177730908152,0.18846309,0.65341544,0.31626117,0.7812135
traffic,87,14228,15764,0.9431846820916368,0.1958722271770145,0.20596266,0.0016825199,0.09548259,0.10879755
traffic,291,14740,16852,0.9431386240577684,0.0887917346568,1.003463,0.74836826,0.6432266,1.1086047
traffic,532,15252,16404,0.9430914965023042,0.2382490699521619,0.04581809,0.24409914,0.100409985,0.097871065
traffic,114,14356,17044,0.9430443727206228,0.2807102838319766,0.15040696,0.3525442,0.0030394793,0.20517671
traffic,11,14100,16788,0.9430218126473966,0.2553409087224161,0.21292472,0.44266653,0.15568805,0.38542986
traffic,192,15508,16852,0.942979477213603,0.2843492709598668,0.003955364,0.44443333,0.33051682,0.10996115
traffic,358,14676,16404,0.9428952961862224,0.0110326301360882,0.10120654,0.31972003,0.2087431,0.21218348
traffic,423,14100,17172,0.9428949237160204,0.1663524751690846,0.5989655,2.0570045,1.7009649,0.95500493
traffic,462,14036,17108,0.9428561415798482,0.1798928579730774,0.74833935,0.6767194,0.10342276,1.321636
traffic,542,14484,16596,0.9428290967018508,0.1724438469916411,0.81094813,1.4169041,1.4026017,0.8252505
traffic,811,14484,16980,0.9428014054901324,0.1877737238979505,0.029278755,0.29615974,0.093387604,0.17349339
traffic,523,16660,17236,0.9427618807495332,0.2665196206478354,1.2251523,0.72478676,1.1041796,0.8457594
traffic,783,14228,16916,0.9427277771901136,0.0752179088871558,0.38462567,0.640262,0.34802532,1.372913
traffic,629,16276,17236,0.9427009422111524,0.2948088051519952,0.24798274,0.43394065,0.37877488,0.3031485
traffic,8,16084,16660,0.9426306766919192,0.2625812924619071,1.1998636,1.0704496,0.6426381,1.627675
traffic,463,15188,16532,0.942613341160392,0.297025888255883,0.13338757,0.063830376,0.11946654,0.049909353
traffic,553,14484,16596,0.942609430766606,0.1974905984532869,1.694567,0.8711436,1.2129066,1.352804
traffic,334,14356,15508,0.942609187874206,0.2010437379013141,0.056854486,0.027571201,0.1128099,0.08352661
traffic,621,14612,17108,0.9426002635450842,0.2215618894246758,0.15424311,0.24514091,0.059298635,0.15019643
traffic,839,14100,15828,0.9425384094503966,0.2499225061986967,0.04508543,0.08866811,0.044024944,0.08760762
traffic,439,15508,16852,0.9425227437063736,0.0844882548528532,0.28751636,0.0764513,0.26496458,0.09900308
traffic,687,15380,16724,0.9424928574712002,0.2090268497431896,0.6838623,0.17896056,0.44239557,0.42042732
traffic,772,14292,15828,0.942486487703628,0.2287219204934698,0.4365661,0.5697732,0.55869436,0.44764495
traffic,816,15444,15828,0.9424833080931287,0.1931968082593267,0.42693138,1.2133069,1.1174107,0.5228276
traffic,256,16788,17364,0.9424826737098054,0.160617483237244,0.51558995,0.94425845,0.8314822,0.62836623
traffic,142,15828,17172,0.942475167661736,0.2099082030966353,0.42829394,0.445688,0.42273998,0.45124197
traffic,572,16788,17364,0.9424531479826016,0.0583550364434217,0.53604496,1.0303092,0.8373829,0.72897124
traffic,209,14676,17364,0.9424501317401028,-0.0573584712108229,0.2032311,0.33350182,0.44675756,0.08997536
traffic,43,14676,15444,0.9424425093890204,0.0886925994714308,0.8005185,0.81360114,0.88252246,0.7315972
traffic,250,15508,16660,0.9423970822964592,0.2807314306507285,0.29988837,0.29564238,0.54444385,0.051086903
traffic,500,15252,15828,0.9423862885670712,0.1334080186084121,0.8485498,3.2456155,1.3342084,2.759957
traffic,261,14676,15636,0.9423790101588828,0.2563788608454047,0.6445091,0.93766844,0.91367435,0.66850317
traffic,793,15828,16980,0.9423556585590868,-0.0224361935786799,0.22676206,1.0076214,0.7423724,0.49201107
traffic,317,14868,16404,0.9423327632471898,0.2370236520779554,0.18685007,0.044667482,0.16074681,0.018564224
traffic,796,14100,15060,0.9423303116018268,0.1499277863762776,0.48794937,0.3618536,0.35922933,0.49057364
traffic,517,14932,15124,0.942307043714385,0.2422320008818332,0.1518333,0.08056927,0.17413473,0.05826783
traffic,755,14804,16148,0.9422840135744392,0.2687071768024193,0.05458069,0.11409068,0.064700365,0.103971004
traffic,385,14356,17044,0.942279412221046,0.2457071343833999,0.20117283,0.09794307,0.1309576,0.027727842
traffic,579,15060,16980,0.9422647686680864,0.2050349629566951,0.2817645,0.20095658,0.13690925,0.056101322
traffic,603,16148,16916,0.9422569162556174,0.2524372381588458,0.09781456,0.15447164,0.23110986,0.28776693
traffic,120,14164,16852,0.9422162484746414,0.1700940332760155,0.076937675,0.32678676,0.04331684,0.29316592
traffic,53,14804,17300,0.9422064112981324,0.2626402234633895,0.06690335,0.19461036,0.0002245903,0.26128912
traffic,361,14804,17300,0.9421814452908092,0.2865253357645987,0.0583992,0.114368916,0.14499521,0.20096493
traffic,598,14804,17300,0.9421809462693072,0.2716303414777247,0.13942719,0.25034523,0.037193537,0.35257888
traffic,55,17108,17300,0.9421534687610514,-0.1290762381900189,0.5580672,0.31194663,0.38932693,0.4806869
traffic,433,14868,16212,0.942146370770645,0.1426448786197916,0.024767399,0.081083536,0.07517886,0.030672073
traffic,415,16020,17364,0.9421452801664588,0.2795221439327797,0.1958785,0.10470271,0.24018955,0.060391665
traffic,159,14356,14740,0.942140507667376,0.119448258620926,0.539279,0.40397942,0.42513466,0.51812375
traffic,356,16468,16660,0.9421360802417872,0.0960087548970989,0.18708372,0.09590697,0.17124248,0.11174822
traffic,464,14292,16980,0.942130927495774,0.2737769692712823,0.18070841,0.3826517,0.09656,0.4668001
traffic,417,14292,14676,0.9420639366595822,0.269754874180957,0.20697021,0.069775105,0.32652903,0.049783707
traffic,374,17108,17300,0.9420258273348164,0.2107382632156236,0.18591404,0.12700403,0.13233578,0.18058228
traffic,359,14676,15444,0.9420068750305208,0.2633123776753182,1.4325631,2.177365,3.1025257,0.50740254
traffic,312,15252,15636,0.9419665020084864,0.2832992769837425,0.49052465,0.8147459,0.89314306,0.4121275
traffic,257,14292,16788,0.941965017710002,0.2763130807826147,0.9557768,0.5713252,0.35280335,1.1742986
traffic,426,14484,15636,0.941939493423678,0.2790426743336462,0.048873425,0.34808207,0.095513344,0.30144215
traffic,60,15252,16404,0.941935881324412,0.2692975531771512,0.21842337,0.24168253,0.34636903,0.11373687
traffic,615,14292,15828,0.941918661422902,0.2111500194637043,0.32573152,0.35365152,0.39378977,0.28559327
traffic,824,14804,15956,0.9419061902545848,0.2973127894660341,0.9158244,0.3114072,0.31167626,0.91555536
traffic,789,16020,17364,0.9418741360707512,0.2980095771070308,0.17129946,0.40599203,0.084456205,0.49283528
traffic,803,14228,16724,0.9418233938471272,0.2890869056706848,1.3417144,1.1707087,0.8306906,1.6817324
traffic,231,15956,17300,0.9418212316413432,0.2280770966876953,0.30290818,0.33701086,0.14850688,0.49141216
traffic,452,16020,17364,0.9417992464038334,0.2864953433544296,0.0134112835,0.0108447075,0.07414222,0.09839821
traffic,211,14676,17364,0.9417932250803788,0.0155712766753335,0.38784266,0.68049836,0.63789606,0.43044496
traffic,112,15828,16980,0.9417931442796108,0.2808801896448557,0.23891664,0.16022158,0.18132782,0.10263276
traffic,99,14228,16916,0.9417800863440514,0.2623676235872964,0.105556846,0.16104972,0.12226856,0.38887513
traffic,679,14292,15636,0.9417767495751728,0.2351429352186657,0.03345561,0.15594888,0.12151933,0.06788516
traffic,87,14868,15060,0.9417678680744852,0.061018928037849,0.13503718,0.084667206,0.16453195,0.055172443
traffic,699,14548,16468,0.9417601252719472,0.1608925996606159,0.07698178,0.050233603,0.21765924,0.09044385
traffic,662,14484,16980,0.9417147571560056,0.1380112887646225,0.09392476,0.64193106,0.34371853,0.3921373
traffic,750,14676,15636,0.9416943858174568,0.1203107658756971,0.32313633,0.15996146,0.20662975,0.043454885
traffic,438,14868,16404,0.94167863762449,0.2990137780086787,0.04633808,0.10977745,0.025516033,0.037923336
traffic,175,15316,16468,0.9416699936319456,0.2730118917966655,0.31903982,0.75485635,0.6380577,0.43583846
traffic,678,15124,16276,0.9416483250949268,0.1204956973132998,0.26748562,0.224509,0.13664508,0.35534954
traffic,523,14292,14676,0.9416164143732446,-0.0592050317431332,0.37730002,0.045446157,0.40143657,0.021309614
traffic,49,15508,16084,0.9416110969432444,0.2420628552493569,0.4597962,0.5308285,0.4312141,0.5594106
traffic,489,14100,14676,0.9415533246148554,0.1857489628629041,0.6415522,0.7533872,0.76989496,0.62504447
traffic,756,14676,16020,0.941540359179128,0.2585610086098535,0.006383896,0.11516142,0.055272102,0.05350542
traffic,213,14484,14676,0.941516341385217,0.2452293687595202,0.07264042,0.12651229,0.3335929,0.38746476
traffic,293,15444,16788,0.9414950459773604,0.2412453495958037,0.11513519,0.15368629,0.008589268,0.029961824
traffic,347,14996,15956,0.9414363854807996,0.2874744818811563,0.66227055,0.47189665,0.3359244,0.7982428
traffic,754,14100,14676,0.9414240245892738,0.0762094131168878,0.51180947,1.0452938,1.0444609,0.5126424
traffic,93,14228,16340,0.941409876574547,0.1469782733821031,1.4460407,1.8719893,0.8435067,2.4745233
traffic,847,14676,15252,0.9414047640096664,0.0595869585047173,0.4825635,0.8280196,0.8115256,0.49905753
traffic,786,15316,16468,0.9414032966868014,0.1262942995215487,0.60274386,1.0536325,1.0200338,0.6363425
traffic,680,14804,16148,0.9413950732932262,0.2822281394121135,0.11850834,0.05956793,0.16905165,0.00902462
traffic,817,15636,15828,0.9413562014474586,0.2223840765282073,0.3246646,0.45166707,0.580204,0.19612765
traffic,215,14740,16660,0.941339510094146,0.2926692631514471,0.16916513,0.07297659,0.15080237,0.05461383
traffic,292,14292,16980,0.9413296971560052,0.1369051281031481,0.106286526,0.30762863,0.04740143,0.15394068
traffic,45,15764,16916,0.9413183014167784,0.032919820891209,0.14442563,0.18764949,0.08274078,0.12596464
traffic,202,14484,14676,0.9412218917252116,0.1367080466711126,0.1492083,0.12833524,0.16420197,0.1433289
traffic,167,15252,16212,0.9412208637312656,0.2623028537970904,0.015861273,0.04957509,0.02877307,0.004940748
traffic,785,14676,15828,0.9412123157442464,0.2364304102786342,0.47969532,0.8574796,0.8427887,0.4943862
traffic,615,14164,15892,0.941189952338722,0.2892122803015091,0.5779357,0.55920124,0.41682076,0.7203162
traffic,230,14036,14804,0.9411794570112412,0.2749162921808742,0.17024088,0.16685271,0.011941433,0.015329599
traffic,483,14484,17172,0.9411775023826784,0.230597690844,0.27160048,0.02444601,0.20868802,0.038466454
traffic,682,14292,16212,0.9411510452925536,0.2874702022941355,0.0038769245,0.2693882,0.058666706,0.20684457
traffic,14,14676,15828,0.9411320757518208,0.1520775282251966,0.29923058,0.022283316,0.21635151,0.06059575
traffic,530,17108,17300,0.9411295195142042,0.1853368289913811,0.0045404434,0.10594821,0.059162617,0.051326036
traffic,400,14996,16340,0.9411235466522704,-0.1932081094617901,0.075805664,0.1701107,0.102261305,0.14365506
traffic,302,15828,17364,0.9411122520736528,0.2643625882170721,0.20467281,0.12057996,0.2146976,0.11055517
traffic,8,14548,15508,0.9411115585542056,0.2950683332588015,0.81169796,0.30074716,0.35022068,0.76222444
traffic,334,17108,17300,0.9410851822690562,-0.1022698134810921,0.5806967,0.26959443,0.38112032,0.4691708
traffic,716,14804,15572,0.9410750692677412,0.2433622796709737,0.35378718,0.12209439,0.18099809,0.050694704
traffic,88,15764,16724,0.9410667554628224,0.2851423338025242,0.8166511,0.19169664,0.5228622,0.48548555
traffic,687,14676,16980,0.941061499684936,0.0139525169883485,0.42555952,0.8584987,0.57585716,0.70820105
traffic,459,15508,16852,0.9410580822816113,0.2792351406117432,0.06635332,0.23222065,0.10415959,0.19441438
traffic,803,14676,16980,0.9410421651029636,0.2486284406367681,1.8388891,1.2773392,2.1159708,1.0002575
traffic,532,16468,17428,0.9410171439277218,0.1487808279142037,0.14379525,0.15810084,0.2861762,0.01571989
traffic,160,15508,16852,0.9410143210951832,0.2683265641587961,0.15392804,0.41420472,0.30884433,0.25928843
traffic,578,14164,15508,0.9409998021488202,0.1270690768193138,0.49565077,0.4052329,0.35376453,0.54711914
traffic,235,14292,16788,0.9409899749782064,-0.1025513513317589,0.4933288,0.04454565,0.6662996,0.21751642
traffic,23,14100,16404,0.9409872545310128,0.2934520190310022,0.044533968,0.20303774,0.022608757,0.13589501
traffic,8,14804,16340,0.940985313164842,0.2914531070378285,0.48305607,0.65024376,0.6005485,0.5327513
traffic,111,15636,16596,0.9409538399748268,0.2702348291286246,0.38397455,0.023256302,0.5775788,0.17034793
traffic,475,14036,16724,0.9409311607436032,0.2104860708936929,0.33965898,0.06767273,0.27989125,0.12744045
traffic,106,14100,16404,0.9409310250348568,0.2402851609077151,0.28899527,0.503737,0.3400221,0.45271015
traffic,317,14996,16724,0.9409305091535876,0.085655211974733,0.2077632,0.17557168,0.4517777,0.06844282
traffic,202,14100,16788,0.9409201000251064,0.2685784735604821,0.386361,0.062217712,0.40759146,0.08344817
traffic,135,14932,17428,0.94091939079605,0.2156410063174288,0.6317651,0.56729007,0.5841403,0.6149149
traffic,45,14612,15956,0.940864565365928,-0.1007031415688634,0.09142661,0.01322794,0.08474088,0.019913673
traffic,9,14676,16980,0.9408403365257726,0.07503717424891,0.045901537,1.0590947,0.3611164,0.7438798
traffic,547,16660,17428,0.9408137782674122,0.2862922164302849,0.011275768,0.13350725,0.028040648,0.11674237
traffic,499,14676,16788,0.9408136322936352,0.2329953244121387,0.147362,0.6362567,0.2445879,0.2443068
traffic,87,15444,16404,0.940805221505402,0.0966715927783951,0.075837135,0.11853027,0.014909029,0.057602167
traffic,713,15892,17236,0.940779474517458,0.2564537893841364,0.021400928,0.6603309,0.0023095608,0.6366204
traffic,182,14100,16788,0.940776521651082,0.266326826576468,0.07608163,0.5744176,0.21866405,0.717
traffic,602,15700,17044,0.9407673136086984,0.1626703702902705,0.116123915,0.8283223,0.33865666,0.3735417
traffic,465,15828,16596,0.9407336832336564,0.2540863191864023,0.3018055,1.4664724,1.1988963,0.56938154
traffic,397,14484,16980,0.9407293808436,0.0238071204079921,0.13529658,1.2015965,0.7496574,0.5872357
traffic,541,14484,16980,0.940716457268708,0.1606566288068799,0.44269943,1.0044607,0.69711924,0.7500409
traffic,591,14036,16724,0.9406885607641864,0.2876022151969448,0.9186473,0.38381815,0.6039798,0.6984856
traffic,41,14100,17364,0.9406838799949572,0.2482103948396806,0.8146907,1.0921481,1.0484959,0.8583429
traffic,23,15508,17236,0.94066549361167,0.2839560463940279,0.06917024,0.625229,0.1461556,0.40990317
traffic,33,15124,15316,0.9406630674427398,0.0924434797109479,0.2001729,0.16062832,0.31032443,0.05047679
traffic,669,15636,16212,0.9406312362192052,0.2494215381923648,0.10758257,0.22527432,0.055914402,0.2769425
traffic,170,15252,15444,0.9405953745419152,0.2944858298647349,0.02201724,0.060741663,0.08997297,0.0072140694
traffic,219,15636,15828,0.9405067555907196,0.2985129357517854,0.45722198,0.5043986,0.62507486,0.3365457
traffic,169,14100,16212,0.9405027652487143,0.239036773954737,0.07710338,0.14360607,0.09636438,0.124345064
traffic,594,14228,14996,0.9405016407155672,0.1591948007237144,1.2827137,1.2649176,0.8218579,1.7257733
traffic,581,15316,16468,0.9404861328398004,0.1597641092686379,0.13180113,0.55404735,0.31043315,0.37541533
traffic,465,14292,16980,0.9404674578052824,0.1759983443280351,0.4450518,0.90721905,0.037854433,0.5000217
traffic,711,16020,17364,0.940464694274629,0.1895107316525047,0.63228893,0.6377909,0.8320229,0.43805695
traffic,718,14292,16404,0.9404514649596614,0.2733710427233356,0.06195426,0.24334049,0.06681943,0.23847532
traffic,572,14484,14676,0.9404490452877048,0.1069087507037198,0.011162758,0.29536128,0.04183817,0.3260367
traffic,478,14484,16980,0.9404149380247316,0.2341226989981015,0.29322314,0.6206796,0.012042522,0.339499
traffic,720,15124,16468,0.9404032147528788,0.2992505609940306,0.32363558,0.36242604,0.12068105,0.5653806
traffic,848,15188,16532,0.9403745165750004,0.160298982455851,0.4167645,0.2920599,0.4912901,0.2175343
traffic,696,14036,16340,0.9403538377716592,0.2862083433124595,0.78260994,1.0328958,0.78798914,1.0275166
traffic,295,14484,15828,0.940300331019361,0.200632687666578,0.30260015,0.63285017,0.583529,0.35192132
traffic,801,16660,17236,0.9402858684546844,0.234475040415581,1.7780416,0.9724033,1.7909033,0.95954156
traffic,748,14356,17236,0.9402789939401304,0.2392077334727522,0.25208855,0.44468093,0.19067621,0.50609326
traffic,818,17172,17364,0.9402669337239026,0.1599352407642903,0.32171464,0.36787295,0.47193027,0.21765733
traffic,753,16148,16916,0.9402589216725584,0.2996248984197482,0.20901752,0.4953574,0.17527223,0.5291027
traffic,779,14484,16980,0.9402486214811826,0.2621733093814575,0.55527544,0.87125814,0.62239933,0.80413425
traffic,240,14676,15828,0.940241551424671,0.1347072503315354,0.29901147,0.7374406,0.6914656,0.34498644
traffic,49,14612,16916,0.9402040778143862,0.284448127775624,0.122650385,0.000490427,0.2280271,0.10488629
traffic,648,16020,17364,0.9401833889140008,-0.0015298852634342,0.019676447,0.16159415,0.0323267,0.1489439
traffic,54,14484,16212,0.9401756760873372,0.0359447301719101,0.074258566,0.5485041,0.11467314,0.3595724
traffic,270,16596,16980,0.9401272909998472,0.114632832268179,0.107670665,0.12686217,0.0025770664,0.016614437
traffic,847,15060,17364,0.9401256487733836,0.16161224190876,0.7226541,2.1879354,1.4180217,1.4925678
traffic,685,14740,17428,0.9401060253478986,0.0847374684532283,0.6482767,0.53405166,0.61335576,0.5689726
traffic,325,15828,17172,0.9401019614591511,-0.0106506818951897,0.19908834,0.17387104,0.053278685,0.02806139
traffic,837,15700,17044,0.940100150466564,0.0962312175209838,0.35608995,0.35975456,0.20537627,0.20904088
traffic,238,15060,16788,0.9400911874790736,0.1898589850647062,0.37782246,0.5262133,0.3357256,0.48411644
traffic,290,16660,17428,0.9400836872388884,0.2152519919801829,0.90153027,0.6200638,0.8437998,0.6777942
traffic,116,15764,16916,0.940055255480382,0.1692786070986359,0.13540864,0.19083428,0.30879855,0.3642242
traffic,553,14228,16916,0.9400296967166136,0.1813917374322137,0.15963513,0.55157375,0.37951595,0.7714546
traffic,431,14036,16724,0.9400077754242396,0.2571996366999308,1.3083394,1.5219307,0.784299,2.045971
traffic,214,15252,16212,0.9399967721417138,0.2401441611566507,0.24649882,0.24936748,0.28776217,0.20810413
traffic,488,14868,16788,0.9399601326718706,0.2000878609187597,0.1667223,0.21837711,0.042214632,0.09386945
traffic,333,14164,16660,0.9399144775616434,0.1640015402857569,0.17402506,0.105707645,0.28177834,0.0020456314
traffic,161,15124,16468,0.9398774620814726,0.0371505371322576,0.30779052,0.1655097,0.33147216,0.14182806
traffic,131,14612,16148,0.9398446205176884,0.2654258952024234,0.42519975,0.1922543,0.26926637,0.34818769
traffic,32,15764,16340,0.9398371843635274,0.2961554654672055,1.2808123,1.1926296,0.6803653,1.7930765
traffic,269,14100,16212,0.9398231977849224,0.2529909986098148,0.13529444,0.23573494,0.21697879,0.15405059
traffic,120,14676,15444,0.9398112374698204,0.1950545031423136,0.39777446,0.6552464,0.50780225,0.5452186
traffic,167,14484,14676,0.939798108512299,0.232585718850308,0.14649987,0.13392735,0.1588552,0.14628267
traffic,65,15252,17364,0.9397815713100572,0.2248026936560044,0.6104562,1.1173501,1.1834109,0.54439545
traffic,61,14228,16724,0.9397722322485031,0.2164866430291203,1.1532433,0.550112,0.8064625,0.8968928
traffic,315,14996,16340,0.9397621012357792,0.1166905432309079,0.31484318,0.89752173,0.7452636,0.46710134
traffic,350,14996,15188,0.9397600913794736,0.096493902533384,0.54316354,0.52060246,0.29420042,0.7695656
traffic,699,14740,17428,0.9397117923755672,0.2220041371440018,0.023367405,0.13631153,0.2052958,0.31823993
traffic,770,15764,16724,0.9396784529488664,0.1362860936699803,0.85359836,0.64805865,0.6496458,0.8520112
traffic,256,14804,17108,0.9396758358344184,0.2539984307372054,0.32257676,0.4501425,0.09146595,0.6812533
traffic,29,15188,16532,0.9396266797299696,-0.0277811117617889,0.3249663,0.01423049,0.21045077,0.10028505
traffic,548,16660,17236,0.939614536160033,0.2481675162309406,0.10182428,0.05115366,0.06939268,0.08358526
traffic,283,14676,16596,0.939614220339032,0.1684537015167641,0.038442373,0.51178503,0.20500469,0.26833797
traffic,100,15252,16404,0.9395964684067548,0.2886168924824647,0.16420257,0.3825643,0.42095006,0.12581682
traffic,693,14292,16596,0.9395883745922669,0.2427843468138841,0.43538523,0.881178,0.23029351,0.6760863
traffic,848,14164,16084,0.9395634716334056,-0.0758720121012338,1.1231189,1.114419,1.5247732,0.7127646
traffic,759,16724,17108,0.9395506139583064,0.0938008308399012,0.50381875,0.33497024,0.39641356,0.44237542
traffic,112,14804,16724,0.939544001195085,0.2567508624505588,0.7395303,0.6803303,0.63966393,0.78019667
traffic,101,16468,17044,0.9395384827654756,0.2900364523316192,0.028097868,0.16183472,0.087990046,0.10194254
traffic,316,16148,17300,0.9395351405149636,0.197101678578568,0.1033144,0.3768661,0.025714636,0.50589514
traffic,732,14484,17172,0.9395263381591368,0.2583357887128669,0.38329864,0.14176822,0.2948997,0.053369284
traffic,172,15764,16916,0.9395051944179112,0.2775788775800761,0.41556263,0.36759257,0.0700047,0.7131505
traffic,320,15828,16980,0.939451107158833,0.2232091716372466,0.17772555,0.7288059,0.51998425,0.3865472
traffic,467,14228,16916,0.9394458618326796,0.2512057947220331,0.060390353,0.34807926,0.24845207,0.536141
traffic,582,16020,17364,0.9394093697133504,-0.0237943044011715,0.20935082,0.22860193,0.21725154,0.22070122
traffic,696,14292,14676,0.9393968889663294,0.0468738977928116,0.52342176,0.11837506,0.545485,0.09631181
traffic,101,14612,16340,0.9393776026913409,0.2724079988529727,0.2245059,0.100714445,0.21878219,0.10643816
traffic,741,16468,17428,0.9393240815431948,0.2610697326965932,0.21343279,0.09922457,0.15319109,0.15946627
traffic,428,14164,16852,0.9393038372209264,0.2388914390369306,0.2897792,0.30789137,0.056400537,0.07451272
traffic,491,15764,16724,0.939266359330594,0.1370306708976763,0.66348386,0.6412668,0.65845656,0.6462941
traffic,637,15700,17044,0.9392508324880076,0.2756204108052304,0.21954882,0.24117649,0.16471171,0.18633938
traffic,471,15316,16468,0.939241432181068,0.1464879975057154,0.36782002,0.62986636,0.5540557,0.4436307
traffic,636,15124,16276,0.9392248274176462,0.1010866306164707,0.038662434,0.019500494,0.06693578,0.047773838
traffic,259,14420,16724,0.9392184343902924,0.2880688433164862,1.6318384,0.473737,0.48171818,1.6238573
traffic,287,14036,16916,0.939195316719057,-0.119772901227567,0.2313503,0.5521971,0.004676342,0.78822374
traffic,89,15828,16980,0.9391296140994664,0.1760011133738281,1.8774581,1.5331794,2.5953774,0.81526005
traffic,848,15508,16852,0.9390550567657484,-0.0007730856321504,0.26519632,0.2681942,0.77167916,0.23828864
traffic,14,14612,16148,0.9390368371023528,0.2718464364133304,0.18492007,0.056693554,0.22351408,0.018099546
traffic,37,15572,16724,0.9390197392749008,0.2925865879722458,0.9304447,0.44464898,0.5745144,0.8005793
traffic,338,14036,15572,0.9389972141757392,0.1890505826745095,0.39278793,0.2796595,0.39155543,0.280892
traffic,239,16276,16660,0.9389431829100416,-0.0809734664870426,1.0114286,0.7064829,0.54142094,1.1764905
traffic,32,16660,17236,0.9388524553240344,0.2980257414034399,1.410048,0.74369395,1.160197,0.99354494
traffic,747,14292,16596,0.9388382546021516,0.2592877843891114,0.31312537,0.009383917,0.3415618,0.03782034
traffic,609,15764,16724,0.9388366556335428,0.2835871851838248,0.8130809,2.4201949,1.4533371,1.7799387
traffic,433,14228,16724,0.9388340723203316,0.2903424094612609,1.6625752,1.7802811,0.7353306,2.7075257
traffic,60,14740,16276,0.9388312449122864,0.2474234006261548,0.21371436,0.107059,0.17235708,0.14841628
traffic,753,15828,16404,0.9388218780172778,0.1644893701389446,0.041926622,0.58844733,0.15114188,0.47923207
traffic,578,14676,15444,0.9388188244135144,0.2987793421384812,1.9962535,1.6393688,2.8413749,0.79424745
traffic,634,14932,16660,0.9387777780400508,0.2503818210630155,0.84118116,0.7005043,0.50354755,1.0381379
traffic,479,16660,17236,0.9387768887213512,0.2145319737675067,0.7676711,0.6342795,0.79068136,0.61126924
traffic,197,15060,17364,0.9387684613152464,0.2007968207310086,0.7658367,1.3326943,0.85579824,1.2427328
traffic,848,17108,17300,0.938761178901976,0.2206567514999929,0.008777618,0.090731144,0.04987979,0.049628973
traffic,575,14036,14420,0.9387349242446312,0.2790936228198821,0.09718609,0.11888981,0.122823715,0.09325218
traffic,680,14292,14484,0.9387257808378224,0.1179208458191932,0.5916445,0.5512953,0.64364076,0.49929905
traffic,323,15252,16788,0.9387150895402928,0.2137251628398173,0.5520022,0.10264659,0.3523085,0.09704709
traffic,335,14676,16212,0.938686897812609,0.2305486605866144,0.3914504,0.44068623,0.3656547,0.46648192
traffic,525,14100,17364,0.9386246881789168,0.2411776478444359,0.85851943,2.4595504,1.3175918,2.000478
traffic,441,14164,16660,0.9386242692117754,0.2374461138744665,0.06639075,0.06477094,0.23833251,0.10717082
traffic,796,16148,17300,0.9386073994318048,0.1821893797840822,0.806443,0.58806825,0.75575185,0.6387594
traffic,635,14484,17172,0.938595827801778,0.2683664035359935,0.41252923,0.12670302,0.44168448,0.09754777
traffic,586,14676,15636,0.9385771045997136,0.1415403261156424,0.6532643,1.5225998,1.6402614,0.5356027
traffic,788,14996,16340,0.9385753905320492,0.2812328443371281,0.26018667,0.24643135,0.24869823,0.2579198
traffic,22,14484,17172,0.9385662473961592,0.07058765513795,0.067765236,0.14536834,0.010969162,0.06663394
traffic,771,15252,16404,0.9385582258159526,0.1488614601721401,0.16630816,0.29265475,0.2280531,0.23090982
traffic,230,14164,16852,0.9385150518833828,0.2816828519715887,0.12370992,0.15593457,0.1471653,0.17938995
traffic,537,14100,16212,0.9385016670159392,0.2641269492713005,0.007122755,0.29834843,0.06621814,0.22500753
traffic,357,14676,16980,0.9384874611733236,0.2853761898507785,0.42107797,0.6509836,0.0010671616,0.23097277
traffic,65,14740,16852,0.9384676282764411,0.2564596116094201,0.9795902,0.14820886,0.5176194,0.61017966
traffic,472,16404,17364,0.9384631112095584,0.2708702785895142,0.4003005,0.3865409,0.45040727,0.33643413
traffic,140,16660,17236,0.938417372458095,0.1831954909608832,0.17932987,0.44882417,0.09987736,0.5282767
traffic,317,15700,17044,0.9383596229326556,0.1704460389078482,0.20890307,0.08916044,0.11907458,0.00066804886
traffic,845,14676,17364,0.9383367534600416,0.0585603773243213,0.0703311,0.18285894,0.057021618,0.19616842
traffic,409,14676,15828,0.9383273753221358,0.2379434609324544,0.1932683,0.26573825,0.068801165,0.14127111
traffic,51,16596,17172,0.9383035119993344,0.2087986307606409,0.46380854,0.29526186,0.46934557,0.28972483
traffic,535,16084,16660,0.938298808800049,0.1559102684580143,1.2947894,1.0896897,0.6221025,1.7623767
traffic,770,14100,15828,0.9382524201822984,0.1297813315511893,0.7570181,0.8513136,0.8067069,0.8016248
traffic,256,14292,17172,0.938222091175458,0.1173862940421419,0.33506656,0.19240618,0.36054516,0.16692758
traffic,290,14996,15188,0.9382174657108824,0.1469521586753871,0.34050298,0.42289758,0.16411924,0.5992813
traffic,350,14100,17364,0.9381896225137096,-0.1190303507421047,0.9001982,1.9767244,1.1854672,1.6914554
traffic,371,14612,16916,0.938167200214688,0.2819156637969808,0.46827352,0.13603377,0.37482822,0.22947907
traffic,115,14292,16980,0.938078182478966,0.287026763526344,0.42358398,0.83949804,0.8614917,0.40159035
traffic,144,15508,16852,0.9380478476818004,0.1191234893784273,0.11985397,0.08990812,0.039879322,0.009933472
traffic,266,16148,17300,0.9380187062607368,0.1230600541117438,0.2539599,0.31193888,0.031939745,0.53395903
traffic,839,16020,17364,0.9379931869921893,-0.0547157916202642,0.31901503,0.41482043,0.4511745,0.28266096
traffic,29,14356,17044,0.9379859021011056,0.1455005796394028,0.27813733,0.6111181,0.20097136,0.5339521
traffic,820,14420,16916,0.9379722582129296,0.2667363882172681,0.4643495,0.27366173,0.18452585,0.006161928
traffic,13,14612,16916,0.9379344702116412,0.2385508169641428,0.31045222,0.35090268,0.16513193,0.20558238
traffic,350,14228,17108,0.9379334084429748,0.2805735501140715,0.17947853,0.3636396,0.17390192,0.35806298
traffic,790,14164,14548,0.9379219704775285,0.2332848802928823,0.1517005,0.057350874,0.26448202,0.1701324
traffic,554,14484,17172,0.9379040795442533,0.1538608511009842,0.36388898,0.13861775,0.46417093,0.23889971
traffic,516,15828,17364,0.9378978734040696,0.1082509374336517,0.13853073,0.257349,0.16559696,0.23028278
traffic,214,15124,16468,0.9378835579745592,0.2516192203767796,0.074492455,3.886223e-05,0.119409084,0.19386268
traffic,640,15252,16788,0.937881900946448,0.2465137244921451,0.32800353,0.019645214,0.340402,0.032043695
traffic,462,15124,16468,0.9378815117420128,0.291604280660549,0.35534847,0.037298918,0.3945042,0.0018568039
traffic,2,14100,16404,0.9378666918488188,0.2969414692801042,0.11278319,0.17127514,0.08637214,0.14486408
traffic,2,17108,17300,0.9378297306817248,0.2709288481939042,0.6473429,0.14910746,0.34905696,0.44739342
traffic,16,16148,16916,0.937813779986355,0.1692007238552415,1.1091251,0.73813736,0.96114993,0.8861126
traffic,62,14292,17172,0.9377704848092716,0.2018847808787995,0.4306717,0.83589673,0.8730719,0.3934965
traffic,274,16660,17428,0.9377629887806144,0.2681886496493077,1.0997846,0.67674375,0.93336487,0.8431635
traffic,33,14100,15060,0.9377496086223696,0.2038335298077608,0.1577146,0.14559245,0.10067272,0.20263433
traffic,541,15828,17172,0.9377367568636392,0.290697201384174,0.008327007,0.38672066,0.10565925,0.2727344
traffic,213,14292,17172,0.93770580654223,0.213981669206483,0.49559212,0.044130325,0.4218006,0.029661179
traffic,87,14996,16724,0.9376941492555748,0.067382852598824,0.12388182,0.024752855,0.34776115,0.19912648
traffic,111,15572,16724,0.9376182523980472,0.2094612297609165,0.8048408,0.19312239,0.49653196,0.5014312
traffic,315,14484,16596,0.9375901488029116,0.0869853871684632,0.8327105,0.76144147,0.59098244,1.0031695
traffic,259,16148,17300,0.9375835592377272,0.2381670391564161,0.1766715,0.58785367,0.092466354,0.8569915
traffic,578,14804,15572,0.9375481188382412,0.2086297234005938,0.0025413036,0.14488506,0.06245041,0.20987678
traffic,790,14868,15444,0.9375317011672274,0.271427309046964,0.35402203,0.307343,0.34584045,0.31552458
traffic,246,15124,16468,0.937529132840472,0.2170695536236866,0.47389054,0.42041397,0.086452246,0.032975674
traffic,645,14676,15636,0.9375084500761708,0.2999172116677406,0.13942885,0.8569901,0.4242189,0.57220006
traffic,707,16276,16660,0.9375033318423756,0.2783076880686709,0.95044446,0.5910716,0.52018285,1.0213332
traffic,231,15828,16980,0.9374619057008882,-0.0886505161823053,0.074677706,0.7100587,0.42618608,0.3585503
traffic,235,14932,15892,0.9374599416892824,0.2912084208057244,0.33548188,0.21007276,0.25692892,0.28862572
traffic,804,16660,17236,0.9374501330893464,-0.0666543025448769,0.7405,0.83695745,0.6265321,0.95092535
traffic,22,15956,16340,0.9374500264638116,0.2648292556675053,1.1132964,0.9199817,0.66524947,1.3680286
traffic,449,14292,15060,0.937446026941714,0.2526257572854758,0.05151391,0.14653468,0.048359156,0.14337993
traffic,735,16020,17364,0.9374315643721598,0.1752522664636491,0.1648097,0.02041936,0.14188647,0.002503872
traffic,116,14100,16404,0.9374234959080946,0.2574720455781373,0.3160131,0.19893229,0.34133708,0.22425628
traffic,636,16468,16660,0.9374008215126988,0.2238329791288309,0.20681667,0.17445946,0.1745925,0.20668364
traffic,37,14356,17044,0.9373920739791256,0.1882472005333163,0.13842106,0.7045295,0.27622867,0.5667219
traffic,97,14292,14676,0.9373486746391864,0.2954870750767395,0.61874115,0.32548428,0.6972071,0.24701834
traffic,467,15508,16852,0.9373425780279908,0.2760504500691603,0.21658349,0.18319774,0.029659271,0.063045025
traffic,682,15828,16788,0.9373249634838656,0.2869030078388598,0.42964172,0.68327296,0.6010771,0.5118376
traffic,773,15508,16852,0.9373097949449822,0.0845906860506818,1.4486809,1.7618465,2.6171792,0.59334826
traffic,571,14548,16276,0.9373035452503432,0.2717043393293509,0.4117589,0.03890586,0.26726055,0.10559249
traffic,564,16660,17236,0.93726196905508,0.2316753132333565,2.6326292,1.5120368,3.2414284,0.9032377
traffic,289,14676,15828,0.9372583702728352,0.0905862098991251,0.34941316,0.10790062,0.27007556,0.18723822
traffic,762,15444,16404,0.9372397597594546,0.1969014750392974,0.18022418,0.36963367,0.22047806,0.3293798
traffic,30,14292,15636,0.937235142997751,0.2756363151547515,0.0653131,0.028123379,0.07393718,0.019499302
traffic,48,15124,15316,0.9372343430181354,0.1448322965863901,0.53727484,0.9669769,0.81056905,0.6936827
traffic,85,15252,16788,0.937230050357002,0.1747184679779286,0.46948147,0.018790245,0.3264376,0.16183412
traffic,55,15316,17428,0.9372245016285902,0.1997357062004844,0.026117802,0.13298106,0.0489254,0.15578866
traffic,797,14356,17044,0.9372201686880308,0.2642021768002841,0.4432528,0.3031535,0.4210211,0.28092182
traffic,654,15764,16916,0.9371907331372784,0.231870203180236,0.31710282,0.61475,0.114299744,0.41194692
traffic,21,14420,16724,0.9371868083462892,0.2997658074919634,1.9023161,1.7720468,0.62132823,3.0530348
traffic,621,15060,15636,0.9371850260051138,0.2464754381474964,0.0795989,0.06813073,0.16087198,0.013142347
traffic,547,14676,15636,0.9371815337194422,0.2249420441857945,0.26559448,0.8219526,0.44662285,0.6409242
traffic,447,14676,17364,0.9371794186286178,0.1938683848752789,0.19521427,0.19313908,0.34492016,0.04343319
traffic,426,15828,17172,0.9371705667803536,0.2055085827309808,0.3072965,0.042701244,0.22096753,0.12903023
traffic,175,14356,17044,0.9371676912798238,0.2416092615058239,0.073497295,0.35842967,0.013629675,0.2713027
traffic,790,14804,15380,0.937166419991888,0.2739787510785134,0.14435196,0.11670804,0.015746593,0.2453134
traffic,836,15764,16916,0.937148230586926,0.1266249101561419,0.16241217,0.36776352,0.18370152,0.38905287
traffic,72,14676,15444,0.9370783707375452,0.2324927460297104,0.14622855,0.5709624,0.42583752,0.29135346
traffic,65,14228,17108,0.937037876734646,0.2385812266640865,0.5109956,0.74694324,0.2878635,0.97007537
traffic,493,15316,16468,0.9370182429420036,-0.0064742090271351,0.43446136,0.79426074,0.7251582,0.5035639
traffic,705,15316,16468,0.9370094543521078,0.104124087875666,0.41802168,0.76461196,0.50203085,0.6806028
traffic,834,15636,16980,0.9370092344488802,0.2340913654713986,0.1686697,0.7297683,0.20344782,0.35765076
traffic,478,14676,17364,0.936929195569424,-0.0485173925929376,0.56086946,0.26133633,0.4830103,0.3391955
traffic,710,15316,16468,0.9369203590227554,0.2368352250461931,0.14264083,0.6050012,0.38461185,0.3630302
traffic,659,14420,16724,0.9369188551930684,0.2611558855250261,0.9594946,0.7179053,0.7031493,0.97425056
traffic,493,15828,16980,0.9369148003113916,0.1991730853473585,0.34865713,0.8467963,0.59848094,0.59697247
traffic,688,14228,16916,0.9368907644830446,0.2763930453441117,0.31720054,0.77277815,0.083340764,1.1733195
traffic,679,16404,17364,0.9368904726677006,0.2406786420301626,0.40832806,0.6964357,0.71788573,0.386878
traffic,716,14484,14868,0.9368207654048232,0.1844438272440584,0.14317489,0.09182382,0.2963946,0.24504352
traffic,699,14100,14676,0.9368064238543372,0.2181043288197993,0.24898005,0.09057093,0.2528174,0.08673358
traffic,483,14676,17364,0.936788896214141,0.2539360570418322,0.36642265,0.86838937,0.8425906,0.39222145
traffic,202,14996,15380,0.9367886980605372,-0.0242059375685289,0.655905,0.50271916,0.24979544,0.90882874
traffic,478,15828,17172,0.936785715531161,0.2796620466066575,0.06286669,0.26678753,0.07257056,0.13135028
traffic,607,14484,14676,0.9367508246324598,0.1983481034581069,0.023254395,0.29269862,0.046962023,0.36291504
traffic,135,14292,16404,0.9367297606417742,0.2766184263968722,0.14994049,0.32213497,0.14160562,0.33046985
traffic,388,16660,17236,0.9366673707043058,0.1445204661810597,0.49766707,0.6606878,0.40091014,0.75744474
traffic,447,14484,17172,0.936656650482348,0.1426083721577017,0.35596085,0.3631959,0.06355953,0.07079458
traffic,722,14100,15636,0.9366395086512804,-0.1754564706937293,0.29698992,0.5878768,0.12270594,0.16818094
traffic,571,16532,16724,0.9366240764153184,0.1755428139597091,0.07890582,0.18701863,0.20943451,0.056489944
traffic,193,15764,16916,0.9365971328334584,0.271481776519466,0.31822538,0.33052564,0.048412323,0.6003387
traffic,259,14292,14676,0.9365897909997484,0.0815838055552384,0.47614706,1.0324763,1.2260377,0.28258562
traffic,491,14484,15444,0.9365895598485836,0.2653488507907322,0.19535303,0.4790151,0.18743992,0.48692822
traffic,329,14676,16020,0.936582200502919,0.0274112761347356,0.32559967,0.27688837,0.27712822,0.32535982
traffic,581,14164,17428,0.936558421327578,0.290726946607185,0.31736803,0.33350086,0.45576692,0.19510198
traffic,317,14484,15828,0.936516085212618,0.096304963735071,0.29475355,0.11648059,0.26512074,0.1461134
traffic,587,16596,17172,0.9364445845780496,0.1800244813154703,0.59689975,0.46455145,0.64327955,0.41817164
traffic,100,15892,17044,0.9364384668455936,0.2052315957926296,0.852602,0.023395896,0.34908688,0.48011923
traffic,88,15124,16468,0.936423685457054,0.1517969242799428,0.0755651,0.2625544,0.042879343,0.38099885
traffic,221,14036,16916,0.9364117161005134,0.0532699200173299,0.33650935,0.6257172,0.094884515,1.057111
traffic,824,15316,16468,0.9364086525962612,0.2239585142191668,0.034908533,0.36895895,0.06582093,0.33804655
traffic,328,14100,14676,0.9364077988941292,0.1072177909200143,0.7126132,1.2127464,0.9846722,0.9406874
traffic,238,14484,16596,0.9364000497680256,0.2028742225065052,0.59512925,1.3953129,1.2190261,0.77141607
traffic,108,14228,16724,0.936391609990794,0.2613353262774428,0.94199014,0.099226475,0.5119479,0.52926874
traffic,665,14612,17108,0.9363771951796936,0.2951315008558341,0.21360445,0.30099666,0.3381605,0.42555273
traffic,236,14804,17300,0.9363124674995194,0.196799762213541,0.24838495,0.04332471,0.2365427,0.031482458
traffic,459,15828,16980,0.9363058961002672,0.1993686967890066,0.2107358,0.7439163,0.5623007,0.3923514
traffic,154,15252,17364,0.9363024612148816,0.2281726607945081,0.71728706,3.296394,1.6202097,2.3934715
traffic,259,15828,16596,0.9362469131472372,0.2793633220637627,0.33843875,1.5096046,1.269342,0.5787014
traffic,432,14996,15764,0.9362097291747904,0.2846595535492962,1.3368871,0.5869951,0.6438112,1.280071
traffic,309,16404,17364,0.936209116063166,0.1296452496587332,0.3224442,0.4191923,0.50327086,0.23836565
traffic,164,14100,16404,0.9362045654093664,0.1791834024485188,0.12749529,0.64499867,0.22646976,0.5460242
traffic,458,14676,15636,0.9361965073939892,-0.0630913285161188,0.049454212,0.5835185,0.113143444,0.5198293
traffic,383,16020,16788,0.936191840620228,0.2716115718604514,0.22769356,0.8080189,0.51269007,0.5230224
traffic,209,16084,16660,0.9361840626268644,0.278610738502442,1.2685617,1.2098598,0.67235434,1.8060672
traffic,527,14676,15828,0.9361712442712372,0.0678941495217552,1.0341454,1.0523946,0.8792062,1.2073338
traffic,816,16660,16852,0.9361576026768448,0.1006622973358792,0.41697288,0.9840436,1.0111637,0.38985276
traffic,169,14036,16916,0.9361350083228624,0.2837748665564909,0.8467578,0.54636705,0.29887402,1.0942509
traffic,55,15252,16404,0.9361265232186408,0.2971808366722533,0.012276173,0.43683028,0.24769902,0.20140743
traffic,347,14676,15252,0.9361116307103042,0.2956145961160646,0.47987628,0.79563427,0.80602384,0.4694867
traffic,346,16788,17364,0.9360849573897512,0.2344866484798998,0.5537553,1.744117,1.2853341,1.0125382
traffic,477,15828,16980,0.9360332102666602,-0.1706363144960159,0.124952555,1.1924078,0.7898209,0.5275395
traffic,139,14100,14676,0.9360188746405532,0.2526562935215745,0.5882654,0.69988203,0.71857715,0.5695703
traffic,581,15444,16788,0.9360127551698824,0.2871863397506228,0.17160308,0.25030625,0.345855,0.42455816
traffic,559,16148,17300,0.935987383987718,0.2407990307354527,0.022465467,0.22474861,0.101600885,0.34881496
traffic,827,14804,15956,0.935984691854868,0.1860244539025907,0.4155271,0.3070202,0.22838044,0.49416685
traffic,788,14100,15636,0.9359817785029744,0.1830861880002463,0.07268119,0.16186976,0.1237216,0.11082935
traffic,106,14932,17044,0.935963913203134,0.2595192724809188,0.09894991,0.269341,0.21004415,0.38043523
traffic,427,14676,15828,0.9359150443766084,0.1337916425965715,0.36541867,0.031276226,0.26750398,0.12919092
traffic,147,14228,16724,0.9358864609265546,0.1917044374417951,1.1959167,1.4557312,0.984823,1.6668248
traffic,541,14676,17364,0.9358831519476456,0.2053404225967682,0.38095093,0.09916067,0.29461527,0.18549633
traffic,224,16404,17364,0.9358780693200572,0.0696988964432453,0.13609791,0.035021305,0.15429854,0.01682067
traffic,63,14676,16788,0.9358732537747688,0.2704928046327555,1.3249569,1.183432,1.6429911,0.8653978
traffic,656,14676,16980,0.9358587939019254,0.2838873671599946,0.16445565,0.9302006,0.32380486,0.44194007
traffic,11,14164,16852,0.9358563834239438,0.0582402327008607,0.39656854,0.81324744,0.7208657,0.48895025
traffic,93,16468,16660,0.935846248167816,0.2588503766949434,1.2566578,1.3378367,0.70702124,1.8874733
traffic,533,14036,14996,0.9358279745919362,0.2051640761559257,1.4406936,1.3025227,0.6645534,2.0786629
traffic,628,14676,15828,0.9358257620224384,-0.0483030682047957,0.3387308,0.028437853,0.26270747,0.047585487
traffic,427,15636,16980,0.9358201927035452,0.1339127435308919,0.011906385,0.12209201,0.043295145,0.06689048
traffic,825,16788,16980,0.9357822777157816,0.285694990044295,0.3749752,0.9063308,0.76584744,0.5154586
traffic,190,14676,16980,0.9357722827034156,0.2431922738784147,0.334687,0.77301574,0.14517379,0.29315495
traffic,216,16596,16980,0.9357614633607304,0.2674042775573595,0.48947442,0.014512062,0.18965638,0.28530598
traffic,235,14164,15508,0.935751476539844,0.0124690322385973,0.21696949,0.05105424,0.19169569,0.07632804
traffic,8,14036,16724,0.935748427913752,0.249212756884382,0.35338092,0.10847688,0.3989098,0.06294799
traffic,140,16404,16596,0.9357368153094484,0.0167574030392285,0.06849456,0.009185791,0.04924369,0.02843666
traffic,235,15124,17236,0.935725818588356,0.1082607710495744,0.41987872,0.032206774,0.39622283,0.008550882
traffic,543,14164,16852,0.9356733022743546,0.2489017373444286,0.15996623,0.22540689,0.047498703,0.017941952
traffic,574,14292,16788,0.9356629598139592,0.254206811015547,0.04107666,0.2447871,0.00799942,0.19571102
traffic,769,14676,15636,0.9356617120165474,0.0788763439106182,0.07577467,0.73056054,0.42727757,0.37905765
traffic,533,16660,17236,0.9356023630101188,0.1980779519366322,2.074294,0.825125,1.6537087,1.2457104
traffic,806,14676,16788,0.93558161917006,0.1879921976860546,0.0016224384,0.72449756,0.39909697,0.32702303
traffic,54,14228,16724,0.9355785049973256,0.252696200442929,1.119153,0.51917315,0.59149814,1.046828
traffic,298,14164,15892,0.9355358531846516,0.2754402561592798,0.6460302,0.5516989,0.46969485,0.72803426
traffic,457,14676,15636,0.9355164308292196,0.2489273686278927,0.050276756,0.30842328,0.044095993,0.21405053
traffic,381,14100,14676,0.9354897033556572,0.0488891592857218,0.55301154,0.5755098,0.6254343,0.50308704
traffic,141,14676,15828,0.935451459636078,0.2118178666946241,0.12580109,0.34148765,0.005100727,0.22078729
traffic,755,14612,16724,0.935446342725831,0.2713074344533904,0.46093845,0.028167248,0.28836226,0.14440894
traffic,521,15636,15828,0.93538652186292,0.2869793814136192,0.7154999,1.0820658,1.0877945,0.70977116
traffic,413,14484,17172,0.9353715804027556,0.2038180563940438,0.32313156,0.117584705,0.2797451,0.16097116
traffic,505,14676,17172,0.9353671922238564,0.2717288018810882,0.5432551,0.019207716,0.3322971,0.19175029
traffic,581,15060,16212,0.9353474568964044,0.2889360322121622,0.14297485,0.44488704,0.42716432,0.16069758
traffic,15,14676,17364,0.9353380197434136,0.2237062730146521,0.6237502,0.30580068,0.49693203,0.43261886
traffic,27,14356,14932,0.9352952605305174,0.262837214691871,0.24856687,0.2844174,0.25914335,0.2738409
traffic,374,15508,16660,0.935292568074213,0.1587397178256508,0.48480105,0.8065605,0.76391673,0.52744484
traffic,517,14420,17108,0.9352878184310396,0.2847097692060977,0.40643215,0.5166725,0.122707844,0.8003968
traffic,541,14292,16788,0.9352623096082892,0.268641880999744,0.7844093,0.8922717,0.74409556,0.9325854
traffic,313,14036,14996,0.9352592827575118,0.2451172900384515,0.7369871,0.48374104,0.51027656,0.7104516
traffic,390,14036,16724,0.9352541428812152,0.1573935538140055,0.88874817,0.5288881,0.5785816,0.8390547
traffic,813,16660,17236,0.9352511555946672,0.2605113218658225,2.425065,1.1235932,2.5122063,1.0364519
traffic,120,14804,17300,0.9352423242545936,-0.0551367979752759,0.1699872,0.394251,0.22885442,0.7930926
traffic,789,16084,16852,0.9352320299979636,0.0153421592125279,1.017096,0.3442893,0.6392429,0.72214246
traffic,15,15508,16852,0.9352162470696288,-0.0213617424067304,0.2984438,0.1900754,0.13628054,0.02791214
traffic,788,16276,16852,0.9351571344760916,0.2704282500512732,0.16688967,0.29826927,0.040472507,0.0909071
traffic,54,16660,17236,0.9351483421330276,0.0450142826132423,1.0902097,1.2712553,1.74113,0.620335
traffic,733,14676,16788,0.9351406404523974,0.2321539800020235,0.10522628,0.57762074,0.23166275,0.24073172
traffic,746,14868,16212,0.935133923912417,0.2580178849102145,0.041401386,0.13443089,0.044728518,0.04830098
traffic,612,14036,16916,0.935112803305878,0.2918506164420736,0.81794506,0.7014704,0.21382344,1.305592
traffic,634,14676,15444,0.9351056685153616,0.2737023531353583,0.42660594,0.6655226,0.5384264,0.5537021
traffic,481,15508,16852,0.9350988776802284,0.2174918485573247,0.18867779,0.10860038,0.05384636,0.02623105
traffic,106,15252,16980,0.935094678357693,-0.029424968842128,0.41916037,0.15211344,0.3375075,0.07046056
traffic,648,14484,17172,0.9350252583498492,0.284419579085801,0.284338,0.06386328,0.27199507,0.07620621
traffic,185,14164,16852,0.935017895204212,0.0772582346601429,0.5161543,1.263605,1.3089201,0.47083914
traffic,361,14100,16404,0.9350058335595952,0.1883473790166918,0.01752758,0.1020987,0.20912504,0.32875133
traffic,754,15508,16852,0.9349998683883424,0.1281245969896344,0.20746303,0.21397781,0.12531805,0.13183284
traffic,623,14228,16916,0.9349978727515164,0.190014796152184,0.5418562,0.40741935,0.5079264,0.37348953
traffic,768,16660,17236,0.9349812943430692,0.2433456389618564,1.8960876,0.9404075,1.8557725,0.98072267
traffic,463,14292,15828,0.9349613741665268,0.1703679740646136,0.35080278,0.53350544,0.6054288,0.2788794
traffic,388,16404,16596,0.9349519094570586,0.0073775612446156,0.19110703,0.09829712,0.16500592,0.12439823
traffic,106,15956,16916,0.9349503249003356,0.2423188740095,0.3562199,0.07410121,0.60942614,0.17910504
traffic,406,14292,16404,0.934943289717421,0.2712837151253828,0.007867098,0.06521678,0.13622522,0.2093091
traffic,787,15508,16852,0.9349387677200556,0.2520898498214953,0.16294646,0.0038702488,0.14298344,0.016092777
traffic,750,16148,17108,0.9348981543529822,0.2216544315561474,0.21541238,0.48594284,0.16048932,0.5408659
traffic,8,14484,17364,0.9348711339125666,0.0052895055611293,0.23992562,0.10290074,0.25305796,0.11603308
traffic,820,14676,16980,0.934869564664581,0.0950115915210724,0.118524075,1.2388911,0.5907378,0.52962923
traffic,234,14100,16212,0.9348641698786744,0.2448654934908407,0.043508172,0.04710865,0.23509574,0.14447892
traffic,685,14996,15956,0.9348300822477262,0.1761573822929039,1.1292887,0.6454792,0.8142698,0.9604981
traffic,553,15508,16852,0.9348064456694138,0.0490968480263167,0.44404507,1.2790825,1.2567563,0.4663713
traffic,528,14164,16852,0.9347502052231932,0.2916329919472915,0.20550084,0.3490095,0.07004905,0.21355772
traffic,782,15060,16788,0.9347458338653636,0.1636561300325967,0.23488343,0.04574275,0.21421158,0.025070906
traffic,325,14996,15572,0.9347319824738896,0.2403422164908652,0.39812303,0.4115293,0.047544956,0.8571973
traffic,535,14484,17364,0.9347285766636996,-0.1756535418815214,0.41426253,0.11073828,0.61736083,0.09236002
traffic,513,14932,16660,0.934658022942329,0.2883109199369656,1.4167053,1.8618712,0.8215624,2.457014
traffic,561,16660,17428,0.9346565884520552,0.1800274692337072,0.45293784,0.42327738,0.4701376,0.40607762
traffic,216,14036,16724,0.9346415059406156,0.1728962933796116,0.84707737,0.7671783,0.8370681,0.7771876
traffic,246,14292,17172,0.9346223348756436,0.2966012843221468,0.4639238,0.60434914,1.0640868,0.0041861534
traffic,596,15636,16020,0.934607452692137,0.2998813111893758,0.15279412,0.038187027,0.22563124,0.034650087
traffic,206,16660,17236,0.9345995999407436,0.2305222062024015,0.7834344,0.7229109,0.849417,0.6569283
traffic,435,14484,15828,0.9345809319383824,0.1047889126005596,0.23642063,0.15825701,0.21027708,0.18440056
traffic,93,15700,17044,0.934574530783376,0.2578237757079165,0.17376041,0.27203703,0.115858436,0.21413505
traffic,714,14164,16084,0.9345519628912232,0.2754629155169941,0.17017698,0.16624069,0.21200919,0.2080729
traffic,429,14100,14676,0.9345272374261112,0.0437505513086489,0.55150855,0.5764718,0.62541306,0.5025673
traffic,290,14932,15508,0.934518052462466,0.1746560029401287,0.8545356,0.23394513,0.39311576,0.69536495
traffic,815,15828,17172,0.9345165279845268,0.2689143600494147,0.26457977,0.009812832,0.18517542,0.089217186
traffic,184,14100,15444,0.9345018470471204,0.1939349587758132,0.0227108,0.016785145,0.00037050247,0.005555153
traffic,734,14164,16852,0.934493540712834,0.0080421441970903,0.47360897,1.0224895,0.9814906,0.5146079
traffic,79,14100,16212,0.9344899316544072,0.2709978351199248,0.03662324,0.67864764,0.35923123,0.35603964
traffic,72,14804,16724,0.9344444173937692,0.1915606877405151,0.014433622,0.1379621,0.13957763,0.29197335
traffic,544,14932,16660,0.934442498716549,0.0445999022201645,1.4096707,1.6626065,0.7560214,2.3162558
traffic,224,14484,14868,0.9344234979354504,0.2758183369032952,0.6236212,0.43881035,0.5659182,0.49651337
traffic,432,14932,16660,0.9343893806335736,0.1971442706961247,1.3622551,0.86483026,0.6972451,1.5298402
traffic,510,15252,15828,0.9343552127415892,0.1160637637953376,0.3963108,0.7479205,0.65737057,0.48686075
traffic,225,16660,17428,0.9343268718958136,0.2168311943689714,0.51426554,0.6080179,0.57866144,0.543622
traffic,335,16916,17300,0.9343263560888204,0.2823510426390054,0.53446937,0.3034675,0.24695635,0.5909805
traffic,85,14036,16916,0.934298040528704,0.0013525188566379,0.21642947,0.46829975,0.18840194,0.87313116
traffic,329,14420,14996,0.9342640262510028,0.196453740844739,0.61066246,0.3536098,0.469558,0.49471426
traffic,295,15636,16596,0.9342628402563656,0.2676931542397144,0.32720852,0.17096555,0.2502495,0.09400654
traffic,707,14484,14676,0.9342556594228516,0.2689672058226941,0.19907045,0.27510858,0.16474414,0.24078226
traffic,177,14420,16916,0.9342371661398184,0.2263169150026139,0.39315474,0.8468697,0.043132424,1.2831569
traffic,623,14484,16596,0.9342224378145288,0.1402068818163742,3.1650372,0.98005074,2.6741352,1.4709525
traffic,397,15508,16852,0.9341930441633556,-0.2469843221514642,0.051825285,0.50670147,0.1927445,0.36578226
traffic,783,14484,16980,0.9341542352166264,-0.0260424264409623,0.52670527,0.9063057,0.58023286,0.8527781
traffic,481,15252,16404,0.934146550937104,0.2926326160629943,0.17663598,0.3917942,0.37109864,0.19733155
traffic,142,16084,16276,0.934144122446044,0.2655700101304293,0.17247987,0.22037888,0.17593503,0.21692371
traffic,416,16020,17364,0.9340898876626924,0.027855552648984,0.34325647,0.37629938,0.37018514,0.34937072
traffic,407,14548,17044,0.934070047672687,0.1910873387545736,1.1608822,0.46787143,0.34380317,0.34920764
traffic,460,14100,14676,0.9340402378106925,0.1992479268126347,0.34042192,0.40178132,0.57074547,0.17145777
traffic,161,15700,17044,0.934036492513445,-0.0865832282194913,0.05930519,0.45195127,0.15721798,0.54986405
traffic,773,14228,16916,0.9340306216376124,0.2248217063478505,0.23317695,0.6603851,0.13621122,1.0297732
traffic,680,14228,16916,0.9339930929456152,0.1148065629771836,0.5647392,0.7372754,0.09684515,1.3988597
traffic,796,16276,16468,0.9339914216790702,0.2606112130203663,0.043064117,0.02850151,0.0872345,0.07267189
traffic,713,14676,16980,0.933973759426492,0.2361434876119988,0.29810572,0.6824963,0.04352522,0.34086537
traffic,193,14548,16852,0.9339658603511736,0.196924524379933,0.23081112,0.6156869,0.03358221,0.35129356
traffic,334,15060,16404,0.933955206217067,0.1923135236132378,0.33018792,0.07500982,0.21880114,0.036376953
traffic,194,14484,17172,0.9339537393740692,0.2714502452091702,0.03494072,0.2522955,0.068109035,0.14924574
traffic,333,16788,17364,0.9339510284132454,0.2020054242876821,0.59538984,1.2689033,0.97103024,0.89326286
traffic,224,15188,17300,0.9339339506824176,0.255477509305743,0.034979343,0.13930845,0.018579483,0.15570831
traffic,848,15700,17044,0.933890979379824,-0.122794764028609,0.32199526,0.41310453,0.7774446,0.04234481
traffic,797,14228,16724,0.9338885389503992,0.2761481933769459,0.8934612,0.13969874,0.61071956,0.4224404
traffic,224,16084,16276,0.9338787098481636,0.2988872908308354,0.14002776,0.14696789,0.15482354,0.13217211
traffic,75,14484,17172,0.933824480730035,0.2995631415369492,0.2701435,0.43425608,0.022086382,0.18619895
traffic,264,14484,14676,0.9337914325877318,0.2573244791799656,0.26123,0.55629826,0.067126036,0.3621943
traffic,301,16596,16788,0.9337834920826668,0.2968694542081621,0.14848375,0.23516941,0.24201977,0.14163339
traffic,315,14356,17044,0.9337477581308666,0.234436391283325,0.01279664,0.7170223,0.20077968,0.52903926
traffic,538,14228,16916,0.9337451510981064,0.2969392898984501,0.3368809,0.28099948,0.5333712,0.47748977
traffic,601,14804,17300,0.9337271413030138,0.2690387211272856,0.1768403,0.028710604,0.22823119,0.08010149
traffic,625,14676,16788,0.9336970028464028,0.2044338419869533,0.13688779,0.7279577,0.4736619,0.3911836
traffic,106,16084,16852,0.9336277999937868,0.2469723834064377,0.49925065,0.07744193,0.50423646,0.07245612
traffic,525,14292,14676,0.9336263736178072,0.2160999528598013,0.45978236,0.14849639,0.5828488,0.025429964
traffic,786,14164,16852,0.9336094320007032,0.2444071192324731,0.19145775,0.7332115,0.32522154,0.5994477
traffic,359,14164,16852,0.9336088507502638,0.2604980096360585,0.16705513,0.875185,0.5090604,0.53317976
traffic,260,15316,16468,0.9336048720561714,0.2833773930965019,0.05048585,0.18056512,0.038053274,0.16813254
traffic,60,14996,16340,0.9336000007298496,0.2892226763371043,0.015429497,0.02720952,0.018005133,0.06064415
traffic,14,14932,17428,0.9335877807978304,0.1309426676853312,0.7587528,0.60579324,0.6333337,0.7312124
traffic,727,15060,16212,0.9335866221228336,0.2224678945526543,0.2604978,0.22845554,0.38571072,0.103242636
traffic,385,14804,15956,0.9335311747297692,0.2764786591465117,0.088210106,0.12929893,0.007047415,0.21046162
traffic,94,14676,17172,0.9335216292238964,0.2609370214830049,1.0904446,1.8936586,0.96624136,2.0178618
traffic,327,16020,16788,0.9335183952933062,0.1259416702436327,0.1847384,0.51292014,0.33995295,0.3577056
traffic,269,14484,16980,0.9335027980399128,0.0369415232355481,0.4353342,1.0047851,0.8933518,0.5467675
traffic,9,16148,17300,0.933476169403882,0.2830056861733846,0.9813787,0.88641787,0.7057601,1.1620364
traffic,448,15124,16468,0.9334671278624248,0.1109059896830144,0.15297127,0.027799606,0.08320904,0.041962624
traffic,69,14484,17364,0.933446202980318,0.2367540243565262,0.53411865,0.9424968,1.0884099,0.38820553
traffic,676,16084,16660,0.933443949749098,0.2298088346219955,0.4527135,0.088326216,0.29807734,0.24296236
traffic,87,15700,17044,0.9334156845741052,0.1032036286161247,0.24311829,0.041744232,0.14739418,0.053979874
traffic,86,14676,15828,0.933308771909254,0.1727601993809835,0.2811799,0.12736869,0.29276752,0.13895631
traffic,251,15764,16724,0.9332590833180942,0.2662211717716704,0.71646285,2.5790174,1.6091483,1.686332
traffic,389,14996,16340,0.9332585186150922,0.1787470167438945,0.26483774,0.33453298,0.37858295,0.22078776
traffic,173,14676,15252,0.933245078108666,0.1461112303889104,0.13200831,0.28456783,0.20063567,0.21594048
traffic,151,14292,16788,0.9332154535314576,0.2631872312594689,0.019234061,0.40103388,0.041183114,0.37908483
traffic,386,14612,17108,0.9331937877407348,0.2428888083136944,0.110583544,0.34153414,0.05218017,0.3999375
traffic,111,14164,16852,0.9331526893684,0.2811951051640854,0.37505937,1.0476401,0.8742659,0.54843354
traffic,33,14740,16276,0.933136605619802,0.2139374146718448,0.13378179,0.2700498,0.30191934,0.10191226
traffic,473,14100,16788,0.93312770201486,0.2575329057401806,0.09518278,0.114145994,0.085906625,0.10486984
traffic,514,14036,16724,0.9330959115014456,0.1688342532120958,0.71343386,2.1444368,1.2382741,1.6195967
traffic,504,14676,16980,0.9330697399338812,0.2429712261246788,0.42713308,0.3309052,0.21178794,0.115560055
traffic,141,15444,17364,0.9330614979476528,0.1069980091120369,0.5174222,1.0266347,0.91509557,0.6289613
traffic,707,14804,17300,0.9330378582621646,0.1823364056751661,0.21523523,0.27887392,0.24199772,0.7361069
traffic,358,16276,16660,0.9329895762794248,0.0145524506994356,0.27957392,0.23693538,0.33435702,0.18215227
traffic,569,16276,16660,0.9329878554946948,0.2309878990111139,1.5506563,1.9840546,0.73204684,2.802664
traffic,348,14996,15572,0.9329837047560714,0.2975445965994145,0.6171806,0.7456925,0.61000943,0.75286365
traffic,58,14932,15892,0.9329792766852784,0.2740881052571708,0.24112189,0.1707288,0.18426394,0.22758675
traffic,335,16084,17236,0.932948676646044,0.2415428717165286,0.08776343,0.3636074,0.07854283,0.3543868
traffic,407,14100,16980,0.9329240825187624,0.2591632285471184,0.483586,0.18155813,0.6969312,0.3949033
traffic,797,15188,16532,0.9329237215994198,0.0398216997010717,0.421077,0.017407417,0.2807598,0.15772462
traffic,44,14484,16020,0.9329207748872356,0.2048283492514066,0.12950587,0.08245778,0.14009714,0.09304905
traffic,313,16468,17428,0.9329170978283884,0.2151058650313726,0.36100554,0.31519008,0.33272243,0.3434732
traffic,416,14676,15252,0.932884052159513,-0.0630397639015505,0.6696274,0.7061641,0.67465043,0.7011411
traffic,552,17236,17428,0.932874083515487,0.2988597610987977,0.10882747,0.06943691,0.061913013,0.116351366
traffic,758,14676,15636,0.9328637764554316,0.0980011778460457,0.13393736,0.71426725,0.35660672,0.4915979
traffic,450,14996,15956,0.9328408208205962,0.2850116547022241,0.21617746,0.29472423,0.09387541,0.41702628
traffic,409,15444,17364,0.9328231624467952,0.0691659736187972,0.5480168,0.9490335,0.83114195,0.66590834
traffic,168,15060,16212,0.9327964851962876,-0.0499695635329296,0.12394214,0.12644148,0.18002939,0.07035422
traffic,574,15444,16404,0.932786084277532,0.2673741361134786,0.032805204,0.08243644,0.14134312,0.02610147
traffic,768,14612,17300,0.9327765410487624,0.0200380142088604,0.29911923,0.14052701,0.094518065,0.06407416
traffic,240,16276,16660,0.9327764619844824,0.216021553081922,0.94501805,1.1394839,0.8804233,1.2040787
traffic,824,14484,16596,0.9327639139519264,0.1907922522073994,0.019684553,1.0808893,0.5161176,0.5844563
traffic,328,14740,16660,0.9327563864148324,0.2698731742015468,1.1185384,1.4570847,0.77388597,1.8017371
traffic,325,15316,15508,0.9327489583261892,0.2011377892017754,0.18885875,0.3152523,0.029603958,0.0967896
traffic,626,15124,16468,0.9327316868905507,0.1891298896241433,0.009947062,0.19883037,0.0636189,0.14515853
traffic,87,15956,17300,0.9326893615177404,0.0911852911731242,0.17877841,0.00797987,0.18298292,0.0121843815
traffic,651,15444,16788,0.9326173876582978,0.25927409420068,1.4148848,0.68032897,0.721838,1.3733758
traffic,140,16020,17364,0.9326065334438848,0.088412275547643,0.08710241,0.011631489,0.14857936,0.049845457
traffic,555,15572,16916,0.9326026190742972,0.260179595364684,0.66374385,0.6597144,0.36360502,0.95985323
traffic,400,15700,17044,0.9326016272323668,-0.3145116462699236,0.20271778,0.9068997,0.052201986,1.0574155
traffic,278,15252,17364,0.9326007812701876,0.0113216501219917,0.7056799,1.2635458,0.90760064,1.061625
traffic,490,14612,16148,0.9326007245408768,0.1565883797579053,0.34001768,0.15554118,0.28413355,0.2114253
traffic,627,15508,16852,0.9325845645745215,0.2457640385177727,0.014569998,0.17532015,0.016759872,0.20665002
traffic,776,14420,15188,0.9324993233676864,0.2888908899717813,0.39771795,0.2625203,0.30986142,0.35037684
traffic,682,15700,17044,0.9324964741690271,0.2841500240310126,0.11714625,0.26415062,0.026194572,0.17319894
traffic,518,15828,16596,0.9324644182267048,0.2059871828348908,0.25233197,0.9878392,0.65627086,0.58390033
traffic,460,14420,16724,0.9324411318399356,0.2695553951511652,1.0744226,1.3214626,0.916425,1.4794602
traffic,95,14164,16660,0.9324180421149012,0.222927618382157,0.49987292,0.74010825,0.8087704,0.43121076
traffic,159,15252,16980,0.9323985236696972,0.1681161919693129,0.34777737,0.35196543,0.5382502,0.16149259
traffic,350,14484,15636,0.9323916248734534,0.2968774057386443,0.28089452,0.40730083,0.37770295,0.3104924
traffic,520,14932,16084,0.9323877751875356,0.2911200733412125,0.48907328,0.339844,0.41291142,0.41600585
traffic,161,15956,16148,0.9323513153600772,0.1689180982023314,0.43174756,1.1262889,0.97532046,0.582716
traffic,123,15700,17044,0.9323280422907608,0.2431323297264308,0.27200055,0.09780395,0.13730276,0.036893845
traffic,469,14484,15828,0.932324969036116,0.1179306269521813,0.86826205,0.4105773,0.40333128,0.87550807
traffic,738,14164,16852,0.9322585264803231,0.1333602081687502,0.091252565,0.525722,0.16801572,0.26645374
traffic,738,15316,16468,0.932252466873886,0.2548851905516747,0.29765463,0.5961404,0.43362546,0.46016955
traffic,179,16660,17236,0.9322514279004964,0.2691134044966339,0.23891401,0.3037057,0.17385435,0.36876535
traffic,836,15956,16724,0.932249897655631,-0.0805687220688365,0.059876442,0.63961935,0.1101172,0.6898601
traffic,238,14996,16916,0.9322482920003664,0.268838434279975,1.5509444,0.7204017,0.64748764,1.6238585
traffic,58,15828,16980,0.932224058277445,-0.0729268657523297,0.1731615,0.9647119,0.67722416,0.46064925
traffic,224,14676,15060,0.9321740529188528,0.2477089601688447,0.5992365,0.8247936,0.79236364,0.6316664
traffic,234,15636,16596,0.9321699145401942,0.2875085969744637,0.25624585,0.76616955,0.4109106,0.6115048
traffic,23,14420,16916,0.9321553624269632,0.2237534142432532,0.12506676,0.24128604,0.17774844,0.29396772
traffic,491,14420,17108,0.9321097234513842,0.282626679151102,0.35149026,0.28539085,0.1483717,0.7852528
traffic,67,14676,15636,0.932108174403941,0.2935924198413324,1.1181779,1.1222568,1.4704978,0.7699368
traffic,165,14228,14420,0.932104249410822,0.2662972718785658,0.19339657,0.16749501,0.16777062,0.19312096
traffic,741,15572,17300,0.93210232394128,0.2333078186967,0.10177159,0.05046439,0.19246316,0.14115596
traffic,603,14228,14996,0.9320939873906794,0.2116677564959568,0.18732095,0.0782969,0.09275341,0.016270638
traffic,272,14164,16660,0.932078983952571,0.2412749107542157,0.09407139,0.12570071,0.2761631,0.056391
traffic,179,14676,16404,0.9320785404020138,0.2286581131426581,0.26302457,0.005329132,0.13910651,0.12924719
traffic,258,14356,15124,0.9320736203870408,0.2260093005659095,0.18294525,0.0031859875,0.16471982,0.021411419
traffic,626,15508,17236,0.9320718593862152,0.1960364369161742,0.15436244,0.55532503,0.015725374,0.38523722
traffic,393,14996,16340,0.9320636149010566,0.1534416017845449,0.09286785,0.28099966,0.3189819,0.054885626
traffic,306,14100,17364,0.932050312156224,0.2245019085767545,0.8617846,1.7460577,1.1757613,1.432081
traffic,600,14996,16724,0.932048009052288,0.2981213216820573,0.15661025,0.13801026,0.20072317,0.09389734
traffic,533,15764,16340,0.9320240825621742,0.2263655864317949,1.5288594,1.6989839,0.7387457,2.4890976
traffic,422,14292,16788,0.932015527482985,0.2384765943917774,0.004668951,0.30160248,0.11734557,0.423617
traffic,637,14676,15060,0.9320017299787008,0.1241974452745115,0.7305794,0.9500743,1.0595412,0.62111247
traffic,747,14484,15828,0.9319963633419815,0.1821449790167491,0.2347796,0.181185,0.15763664,0.25832796
traffic,685,14676,15636,0.931928433097556,0.175834462966249,0.2854743,0.7208469,0.68074083,0.32558036
traffic,374,15252,17364,0.9319147455695704,0.1036946646659375,0.6399603,0.99015737,0.88306355,0.7470541
traffic,639,14676,15636,0.9318811590168182,0.1620142904706459,0.09719658,0.92332935,0.31948447,0.5066483
traffic,839,14932,15700,0.931877463030248,0.1452175823888178,0.36129332,0.23858023,0.31202412,0.28784943
traffic,380,14292,15828,0.9318773675521568,0.2782950206524519,0.62961817,1.0905523,1.0044928,0.71567774
traffic,342,14100,14676,0.9318438993536547,0.1557431787472732,0.6647531,0.87172043,0.83075404,0.7057195
traffic,586,14036,16724,0.9318376235139176,0.2743841111332337,1.3494728,0.62027264,0.53479886,1.4349465
traffic,437,14228,16724,0.9318287864078468,-0.0677814925070863,1.3436877,1.2656689,0.79556644,1.8137901
traffic,600,14164,16276,0.9318233851664548,0.297739184485838,0.018825054,0.06339526,0.0542562,0.13647652
traffic,456,14100,16788,0.9318156793886776,0.1821395537478436,0.059087157,0.30650318,0.20340765,0.45082366
traffic,508,14996,15380,0.9317987264767624,-0.0950578940381267,0.56329155,0.45785475,0.2891872,0.7319591
traffic,406,14804,17300,0.9317957881411428,0.2638589375827267,0.0974884,0.21549392,0.069508314,0.38249063
traffic,741,14612,17108,0.9317932193515978,0.2763143882399888,0.06001091,0.08305144,0.09690857,0.1199491
traffic,243,15124,15316,0.931761414784577,0.2080468707987128,0.45547438,0.6737392,0.69317293,0.43604064
traffic,295,14100,16212,0.9317473397024572,0.1268190896148133,0.7064011,0.49379635,0.5912888,0.60890865
traffic,437,14484,16596,0.931740038495399,-0.1285418629946865,1.6561986,0.58540857,0.50996065,1.7316465
traffic,810,15380,16724,0.931733302429132,-0.0534794935886805,0.3976755,0.13808823,0.3194089,0.21635485
traffic,600,16468,16660,0.9317174474162347,0.2281309980425132,0.22481704,0.14754987,0.24616623,0.12620068
traffic,564,15700,17044,0.9316780783532644,0.0738089865287323,0.23318982,0.7260661,0.07966733,0.41320896
traffic,468,15252,16788,0.9316585208188494,0.2980611167597974,0.49464095,0.036780596,0.37277186,0.15864968
traffic,101,15892,16660,0.9316512241790283,0.1677735048246619,0.16720223,0.094096184,0.12764192,0.054535866
traffic,635,14996,16340,0.9316317200869336,0.1126638219106088,0.07988429,0.10735631,0.14523935,0.17271137
traffic,481,15636,16788,0.9315943284303662,0.238531198207111,0.014728546,0.5751995,0.2280097,0.33246124
traffic,149,16660,17428,0.9315808062028098,0.2882170627774252,1.453615,0.78973603,1.3703606,0.87299037
traffic,339,15508,16852,0.9315693412480957,0.2830192378081726,0.13327551,0.102660656,0.27087975,0.03494358
traffic,203,14164,16852,0.931552350680002,0.0486060296194505,0.14721394,0.6172662,0.3822596,0.3822205
traffic,635,14356,17044,0.9315451868646396,0.2180650947464369,0.3600726,0.08132076,0.43418407,0.007209301
traffic,380,14676,15060,0.9315361627743708,0.2618105272888975,1.0079045,1.0240657,1.3210936,0.7108767
traffic,339,15892,16660,0.9315267890640052,0.2492479338174803,1.035641,1.5592811,0.83815503,1.756767
traffic,850,14740,16084,0.9315090982795348,0.2854519814291671,0.18202555,0.13685763,0.85618615,0.8110182
traffic,121,15828,17172,0.931504981537169,0.1800067436207618,0.038403273,0.18808627,0.00062441826,0.15030742
traffic,845,15508,16852,0.9314651245449586,0.1866353798337335,0.016178608,0.7791784,0.560287,0.20271277
traffic,377,15828,17172,0.9314604486985948,0.26972940715848,0.11489105,0.3244071,0.015265226,0.19425082
traffic,17,14484,15828,0.9314311370260092,0.2835299344393996,0.08471155,0.2087233,0.036985874,0.25644898
traffic,30,14100,17364,0.9313529470047628,0.2279100965676144,0.7192522,0.84313655,0.90709126,0.6552975
traffic,317,14612,17300,0.9313331817966096,0.1145530171151606,0.24193072,0.044517517,0.2929778,0.095564604
traffic,432,15444,16788,0.9313330846652376,0.1509965419902673,0.3176402,0.17218685,0.15619648,0.010743141
traffic,518,16276,16660,0.9313264253240168,0.2838095324272388,0.883924,0.7236519,0.5819504,1.0256255
traffic,848,14612,16916,0.9313078702645612,0.0522579462557659,0.3818097,0.036100626,0.80190814,0.3839978
traffic,242,14420,14996,0.9312959787821162,0.2336461574134943,1.0048046,0.50462055,0.5067935,1.0026317
traffic,361,14292,16788,0.9312675377113332,0.1679592993371717,0.9849162,0.43190324,0.15886784,1.2579516
traffic,469,15636,16980,0.9312505207561812,0.1709334734640697,0.09800911,0.13494086,0.087034225,0.12396598
traffic,340,14484,15252,0.9312090250167764,0.2971583165753517,0.05367422,0.7083961,0.24954462,0.5125257
traffic,614,14164,16852,0.9311822396303132,0.182895642026266,0.4092393,0.23723197,0.34761834,0.29885292
traffic,594,14036,16340,0.9311778437881316,0.2994689437641041,1.3975885,1.7156351,0.80975175,2.3034718
traffic,254,14164,16852,0.9311727446991848,0.2853360023596345,0.02387333,0.7600148,0.40165496,0.38223314
traffic,196,14292,14484,0.9311666826355957,0.1627160224258589,0.5757029,0.49425626,0.6409395,0.4290197
traffic,437,14420,16916,0.9311603682348272,0.1548027943482985,0.33875966,0.88778436,0.01213181,1.2386758
traffic,546,15572,17108,0.9311586042907914,0.1600920701821896,0.20832598,0.043727636,0.14132881,0.023269534
traffic,388,14356,15124,0.9311192270039887,0.2938412503165779,0.12560225,0.030445099,0.18898487,0.093827724
traffic,358,16020,17364,0.9311053873115211,0.243992757752914,0.16562033,0.026168346,0.12627554,0.065513134
traffic,377,15764,16724,0.9310924692995244,0.2841850630099675,0.37950087,0.016856432,0.28367138,0.078973055
traffic,679,14036,16532,0.9310898531547518,0.2452695116145815,0.51687527,0.18516469,0.27739167,0.42464828
traffic,194,14100,17364,0.9310891296384144,0.0612310878487724,0.5816182,1.3724638,0.93837404,1.015708
traffic,370,15060,16788,0.9310712049766372,0.1911114806517048,0.29202342,0.08079171,0.26021457,0.112600565
traffic,258,14612,15188,0.9310272277045184,0.2971104499301882,0.09180927,0.1545353,0.010813475,0.073539495
traffic,772,14036,16724,0.9310072283848854,0.1905992789698385,0.105840445,0.025297165,0.12508154,0.04453826
traffic,706,16276,17236,0.9309904740365644,0.2466930740705196,0.07693982,0.13098359,0.016873837,0.07091761
traffic,79,14164,14356,0.9309656472259772,0.206678675172951,0.19698238,0.016646147,0.13177371,0.08185482
traffic,713,14612,14804,0.9309341011831204,0.2862601080106272,0.106868744,0.0056216717,0.110882044,0.0016083717
traffic,10,15444,16212,0.9309166526725589,0.212287579396257,0.05118251,0.008205771,0.01745689,0.060433626
traffic,678,14804,17300,0.9309044671126064,0.2533027110221365,0.4829762,0.68882513,0.3037398,0.86806154
traffic,608,14676,15444,0.9309001367038312,0.0852478922267497,0.6505017,0.8695702,0.867187,0.6528849
traffic,589,14100,16788,0.9308980653422556,0.2836582172425604,0.5233245,0.5077168,0.11180782,0.09620011
traffic,842,16084,16468,0.9308946878496988,0.1864247931507766,0.0881567,0.10564494,0.07085252,0.08834076
traffic,468,16084,16660,0.9308570678467992,0.2035894767221152,1.3982493,1.4714863,0.6985847,2.171151
traffic,440,14612,16532,0.93085568918353,0.294649610902035,0.30799437,0.06660819,0.23305464,0.14154792
traffic,269,14996,15572,0.9308521399532635,0.1225752171313835,0.52064633,0.5108931,0.3247385,0.70680094
traffic,479,14292,14676,0.9308297699712738,0.0153614174073392,0.5153861,0.10419011,0.47472763,0.14484859
traffic,54,14356,17044,0.93079523588607,0.0929974731436331,0.6874987,0.3670187,0.40099633,0.08051634
traffic,687,14484,15828,0.9307568914717304,0.2396983806188776,0.23165488,0.34484982,0.33397102,0.24253368
traffic,741,16212,16596,0.930748194269615,0.1228055875099309,0.1528368,0.03282833,0.10949993,0.010508537
traffic,345,14612,14804,0.930713244262523,0.0128093070919579,0.06416297,0.04202056,0.013541698,0.008600712
traffic,317,15508,16852,0.9306922213397734,0.2953888559667227,0.3548243,0.09350085,0.17449999,0.08682346
traffic,661,14676,16980,0.93068995698599,0.053000331913777,0.205307,1.265215,0.5115416,0.5483664
traffic,153,15700,17044,0.9306888222661454,0.1409769821033211,0.19577622,0.8852346,0.14854419,0.5409142
traffic,95,15252,17364,0.930673676845314,0.0623615668043125,0.7753606,1.8033929,1.1777923,1.4009612
traffic,515,14676,16404,0.9306579472371688,0.1765027415073056,0.13019538,0.7291484,0.5224261,0.33691764
traffic,310,15124,16084,0.930657527178126,0.2273301532625763,0.15586603,0.7416223,0.39506614,0.19069016
traffic,37,14676,16788,0.9306488797680836,-0.001395018952862,0.67437506,1.1828291,1.246577,0.6106272
traffic,514,14164,16852,0.930563463340338,0.1964293011897559,0.3012848,1.0063342,0.9012289,0.40639007
traffic,385,15316,17236,0.9305485900443178,0.1176392781871144,0.1639359,0.6246147,0.34429407,0.44425654
traffic,138,16852,17236,0.9305028648722296,0.243014893367944,0.3277192,0.41993225,0.20421696,0.5434345
traffic,132,14996,16340,0.9304902767936122,0.2898011195610381,0.044765234,0.11334133,0.18218064,0.024074078
traffic,53,14228,16916,0.9304564878929124,0.122463243292234,1.6122899,0.13188255,0.525229,1.2189435
traffic,641,16660,17428,0.9304511964232998,0.1218932502694575,0.8733249,0.5787947,0.39032388,1.0617957
traffic,224,14804,16148,0.9304076750245628,0.0752534842835458,0.5129514,0.4503548,0.49906087,0.46424532
traffic,269,14612,14804,0.9304033458851616,0.2720167394284799,0.07211089,0.08720636,0.04119134,0.05628681
traffic,200,15252,17364,0.9303495564858816,0.2189755065601266,0.83124256,2.129502,1.2472017,1.7135429
traffic,263,15508,16852,0.9303195352212656,0.0766176021939958,0.30430388,0.52122736,0.06762552,0.14929795
traffic,681,15828,16788,0.9302968453939936,0.2671788682673556,0.19547653,0.57645035,0.35890627,0.4130206
traffic,707,15444,17364,0.9302843742871648,0.2201768011521893,0.9131715,2.3038833,1.2654724,1.9515824
traffic,417,14100,17364,0.9302820605675108,0.1688309220143487,0.47143817,0.4689672,0.5506828,0.3897226
traffic,101,14100,15444,0.9302790546311184,0.1790421414721937,0.09551144,0.061770916,0.07144284,0.08583951
traffic,346,14932,15892,0.930245716505555,0.2844073104244785,0.03908336,0.013886452,0.06351614,0.010546327
traffic,234,14484,17172,0.930211720663064,0.2503959423025645,0.42193866,0.23114371,0.24113512,0.050340176
traffic,532,14228,16724,0.9301475028804004,0.2002986171528781,0.1272788,0.2252276,0.112942934,0.21089172
traffic,757,15316,16468,0.9300850504504148,0.2601244521569205,0.27696776,0.48222756,0.39623928,0.36295605
traffic,2,16276,17428,0.9300822192189192,-0.0197487683247617,0.300956,0.16158152,0.4402969,0.022240639
traffic,189,14100,16788,0.9300626554756686,0.0724809596423547,0.46763086,0.63734984,0.24773264,0.85724807
traffic,391,14612,16148,0.9300383275811388,0.180756903054011,0.054143667,0.22873092,0.036545277,0.31941986
traffic,554,15252,16212,0.9300175023265772,0.2615315750238146,0.15180689,0.5687521,0.59379673,0.12676227
traffic,11,14676,16980,0.9300043826848272,0.2723417207580216,1.2955055,1.509617,2.0292323,0.77589023
traffic,463,14164,16660,0.929990749775271,0.2696673840385552,0.62034965,0.78500414,0.6431627,0.76219106
traffic,155,16660,17236,0.9299767472936876,0.0374280095210397,0.04227829,0.6035894,0.23057818,0.33073294
traffic,87,14484,16980,0.929958782025803,0.1200712814131071,0.40578532,0.21066737,0.31262946,0.11751151
traffic,5,14100,14676,0.9299559395468044,0.1376327242635305,0.710299,0.92023706,0.8892634,0.7412727
traffic,362,14676,15828,0.9299486999888174,0.0220700874224674,0.35464978,0.15382051,0.4375968,0.0708735
traffic,421,16980,17172,0.9299351041128004,0.2395928506728854,0.48941517,1.768676,1.2869024,0.9711888
traffic,285,14676,17172,0.9299264472239938,0.203172311584078,0.41553807,0.31944418,0.3206308,0.2245369
traffic,310,15828,16980,0.9299032854861108,0.2378419529436268,0.38117313,0.06925011,0.21806669,0.093856335
traffic,518,15124,15316,0.9298907726598956,0.2796085974488921,0.48799503,0.20730734,0.29493654,0.40036583
traffic,61,14484,17172,0.9298783019122854,0.2685530136169561,0.6587341,0.5591464,0.53010726,0.6877732
traffic,804,15444,15636,0.9298756420418705,0.0775351429346899,0.47393537,0.7956258,0.8362981,0.43326306
traffic,404,14100,17364,0.929866606062668,0.2554648038829369,0.8136189,2.2217226,1.3554051,1.6799364
traffic,428,15252,16404,0.9298547849827766,0.2134387043105662,0.15585446,0.003358364,0.13470161,0.024511218
traffic,340,14612,14996,0.9298460631755928,0.2237802402813342,0.6683252,0.108751774,0.4303105,0.34676647
traffic,748,14292,15444,0.9298439468403772,0.2662479840022568,0.22305083,0.3292122,0.26475358,0.37091494
traffic,444,15252,17364,0.9297864330972712,0.2852697297622097,0.67605007,3.5129576,1.7394321,2.4495757
traffic,170,15828,16980,0.9297626592287256,0.1628461356423248,0.008805513,0.38305902,0.18445325,0.20741129
traffic,582,15956,16340,0.9297348952509054,0.2593790016747114,1.0837306,1.2765315,0.761047,1.599215
traffic,364,14292,16788,0.9297046937345428,0.2580708545482619,0.78764486,0.87080806,0.9567344,0.7017185
traffic,696,14484,17172,0.929690383971818,0.2624900160339119,0.3923669,0.13908029,0.26070762,0.0074210167
traffic,657,14484,17172,0.9296801238371536,0.1560317173786303,0.26661468,0.2274816,0.354357,0.13973927
traffic,54,14100,14676,0.9296784203966032,0.1952247813905189,0.5629854,1.3981185,1.2097464,0.75135756
traffic,407,14420,17108,0.9296502407365844,0.2363813603622498,0.58663714,0.60510856,0.20609105,0.22456247
traffic,717,14228,16916,0.929642386541781,0.1829464919329778,0.43084025,0.70837957,0.21449363,0.9247262
traffic,299,15508,16852,0.9296256415971024,0.2879665962315303,0.1618762,0.1677165,0.0032787323,0.009119034
traffic,613,14676,17364,0.9296157468611642,0.2658119291454648,0.26665235,0.023952723,0.16712832,0.0755713
traffic,229,15764,15956,0.929606458910126,0.2149932441119933,0.48737705,0.27120292,0.37862825,0.37995172
traffic,648,14164,14548,0.9295516683803288,0.2995710485176904,0.15120816,0.07771206,0.29991794,0.22642183
traffic,356,14164,16852,0.9295420649471018,0.2138155842778526,0.22640157,0.10894561,0.07826924,0.039186716
traffic,119,14036,16724,0.9295420259619884,0.0800126509528309,1.0073578,0.96182966,0.753508,1.2156795
traffic,43,15124,16468,0.9295415765328334,0.2745366447382337,0.0644021,0.13048422,0.08224261,0.14832473
traffic,222,15508,16852,0.9295225054603596,0.2879679716658423,0.14728785,0.27189374,0.106034756,0.018571138
traffic,215,14164,14548,0.9295114511292096,0.2749401121317525,0.010540485,0.097072124,0.11399913,0.22161174
traffic,521,14612,14996,0.9295094674616708,0.2245720801875065,0.48355746,0.014158487,0.26556468,0.2038343
traffic,301,14996,15956,0.9295072206238718,0.2851218428413792,1.0767765,0.47177744,0.31576276,1.2327912
traffic,178,14100,15252,0.929506450730764,-0.0645011528672911,0.18572927,0.36055624,0.070720434,0.47556508
traffic,551,14228,17108,0.929498300209171,0.250853463009029,0.5728524,0.63831186,0.2940395,0.91712475
traffic,485,14484,16788,0.929477926371573,0.1283846303243104,0.5265858,1.4763077,1.3388317,0.6640619
traffic,167,14292,16788,0.929473710369606,0.2148676247742745,0.16489983,0.5964296,0.15298843,0.27854133
traffic,213,14612,16916,0.9294448378135356,0.2570351494028385,0.0027971268,0.2457937,0.2215811,0.46457767
traffic,306,15956,16340,0.9294339347788576,0.265448129788383,1.098057,1.9754298,0.9123759,2.1611109
traffic,787,14292,16404,0.929415394419095,0.2516695901824951,0.07670736,0.48878932,0.15300512,0.41249156
traffic,30,14676,15444,0.9294116263368823,0.2764517032806525,0.43286943,0.66054654,0.55453706,0.5388789
traffic,573,15060,16212,0.9294081875467156,0.0305413395770813,0.6311407,1.070046,0.95239663,0.74879
traffic,750,15828,16596,0.9294030617504574,0.2666026059843072,0.13595223,0.5219631,0.004565239,0.38144565
traffic,851,14164,16852,0.9293677134619622,0.2400404334168536,0.11487651,0.10107803,0.05138302,0.037584543
traffic,538,14100,16788,0.929338176562411,0.2095033994171606,0.25184703,0.19354582,0.4077382,0.349437
traffic,747,14996,15572,0.9293044957207788,0.2761707546985662,0.5230715,0.45988417,0.390733,0.5922227
traffic,651,14356,17044,0.9293011943059728,0.1514030524480938,0.30319357,0.977443,0.67329454,0.607342
traffic,545,15892,17364,0.9292568108219296,0.0379415118980535,0.062473297,0.8791895,0.3140626,0.5026536
traffic,544,15764,15956,0.9292473399048976,0.2668126396422968,0.099437,0.017286897,0.030916452,0.08580744
traffic,744,14164,17044,0.9292389128537656,0.2905371806564391,0.0024402142,0.26942205,0.015216112,0.25176573
traffic,121,15572,16916,0.9292343236925872,0.2658889771386115,0.27981263,0.12828076,0.34803736,0.75613075
traffic,744,15316,16660,0.9291925712406036,0.0933511799719611,0.3046553,0.17062092,0.23299074,0.24228549
traffic,626,14036,16724,0.9290817639492626,0.2266531134837053,0.3801117,0.017593384,0.22024941,0.17745566
traffic,810,16660,16852,0.9290687226200202,0.1070745882004055,1.1216307,1.3980452,1.9223571,0.59731877
traffic,417,14164,16660,0.929061870256474,0.0411415439557278,0.08707094,0.09240532,0.23795843,0.05848217
traffic,597,15444,16212,0.9290556793508092,0.1219846128831906,0.16536391,0.5687392,0.61247885,0.12162423
traffic,596,14164,15124,0.9290536528549624,0.2764131493238864,0.03253603,0.17296481,0.089169264,0.2946701
traffic,95,16852,17236,0.9290457033459074,0.275214120550822,0.67701626,0.44029832,0.36245775,0.7548568
traffic,685,14484,16596,0.9290199321150194,0.2767982886137556,0.23369527,0.6047907,0.17485714,0.6636288
traffic,65,16788,17172,0.9290145043758842,0.2782463602417451,0.28292418,0.36077666,0.5019374,0.14176345
traffic,407,15572,16916,0.9290089630351328,0.2426623509880363,0.38760614,0.84767556,0.23125458,1.0040271
traffic,726,14164,17428,0.9290071867453812,0.2336227495472509,0.13442421,0.34351397,0.054007053,0.42393112
traffic,545,16660,17428,0.9289838439721148,0.237370058271616,2.2789986,0.9324329,2.0422266,1.169205
traffic,696,14164,16852,0.9289694277272044,0.2844568406049697,0.12160015,0.25225234,0.16075778,0.29140997
traffic,324,14228,16724,0.9289144094177676,0.1721161044248091,1.4790301,1.2769153,0.67700195,2.0789435
traffic,789,15700,17044,0.928879285456936,0.2840908905047629,0.07632089,0.45644832,0.03585863,0.41598606
traffic,110,14676,16788,0.9288726012503924,-0.0721633208411324,0.02794838,0.8563211,0.4832437,0.40102577
traffic,23,14676,17172,0.9288090417948524,0.2012729894915009,0.006901264,0.47436333,0.11828613,0.36297846
traffic,210,15764,16916,0.92880379162071,0.2530034046701255,0.34320897,0.40069133,0.026964009,0.08444637
traffic,175,14612,17108,0.928787384950404,0.2377134331764025,0.23993623,0.12969029,0.2146157,0.10436976
traffic,654,14228,16724,0.9287517000139732,0.2839785730437938,1.0287971,0.7765231,0.706563,1.0987573
traffic,31,14548,17364,0.928709415832322,-0.096440895283921,0.9731134,0.0030157566,1.3710715,0.4009738
traffic,540,15508,16852,0.9286748641263196,0.2581787994632373,0.35917377,0.5054076,0.48749614,0.3770852
traffic,325,14100,15636,0.9286277384751356,0.1335577226817371,0.34367216,0.35042405,0.40346348,0.29063272
traffic,464,14484,17172,0.9286124118270508,0.2636562337614506,0.12782693,0.2353394,0.018871069,0.12638354
traffic,47,14100,16788,0.9286112436922358,0.1444851193440356,0.23753858,0.5389118,0.16312921,0.46450245
traffic,688,14612,16724,0.9285699792839084,0.118070730633767,1.7059641,0.97764325,0.5975194,2.086088
traffic,317,17172,17364,0.9284925848598018,0.158525031611136,0.10952783,0.036610365,0.18342495,0.2563424
traffic,97,14612,16340,0.9284895086478492,0.2168616204927733,1.3949395,3.061767,0.88334215,3.5733645
traffic,812,15828,16788,0.9284861046540412,0.148377019615421,0.49785614,0.91890657,0.80391526,0.61284745
traffic,636,14676,16596,0.928403001822706,0.2791991892927501,0.04455304,0.23335695,0.0007236004,0.2786336
traffic,696,15956,16916,0.9283710222110934,0.2238986880009283,0.91370916,0.4199978,0.26499438,1.0687126
traffic,270,14100,16404,0.928354199628574,0.0636061270270942,0.33379364,0.85897374,0.55927587,0.6334915
traffic,779,14292,14676,0.9283329179004016,0.1939087460197453,0.21949697,0.45449495,0.06990743,0.3049054
traffic,287,14292,16788,0.9283324554485284,-0.010537775787516,1.0805087,0.58747673,0.26907134,1.3989141
traffic,778,14164,16660,0.9283194982191292,-0.0044534002910782,0.34443688,0.12932515,0.35885406,0.11490798
traffic,218,14484,16596,0.9282847253715848,0.1771998551672238,0.25160193,1.262225,0.95813763,0.55568933
traffic,112,14676,17172,0.9282311135538966,0.2712888976436031,0.64185214,0.023485184,0.3773315,0.28800583
traffic,446,14292,15252,0.9282141523590164,0.1362944429374306,0.24072516,0.19480085,0.50842917,0.07290316
traffic,48,14484,16980,0.9282013755677978,0.2489858196793156,0.040715456,0.5784497,0.14303303,0.47613215
traffic,235,14036,16532,0.9281897023676366,0.1350871562924853,0.8993783,0.40179658,0.5789974,0.7221775
traffic,409,16660,17236,0.9281724473745612,0.2019719773463364,0.92776346,0.79103875,0.9479122,0.77089
traffic,793,15060,16404,0.9281724298572048,0.2508620187116818,0.34205735,0.3092717,0.4180715,0.23325753
traffic,747,15252,15636,0.9281718705749924,0.2392093629413057,0.14957285,0.112633705,0.19666338,0.065543175
traffic,328,16788,17364,0.9281477239771662,0.0959357500973309,0.808725,3.0112808,1.4967052,2.3233006
traffic,600,16084,17428,0.9281452460323654,0.2633084012696416,0.6661203,0.387609,0.5239608,0.52976847
traffic,247,14420,16916,0.9281237531500088,0.2924620169272083,0.35788798,0.522331,0.04959774,0.83062124
traffic,334,15252,15444,0.9280996677001794,-0.0617623832856194,0.01704812,0.12960291,0.111876726,0.00067806244
traffic,771,14292,14484,0.9280520461883284,0.131614250637377,0.25753784,0.18392181,0.32475543,0.116704226
traffic,18,14740,15508,0.9280373263730778,0.1434463856435252,0.55825067,0.27782345,0.34724236,0.48883176
traffic,327,16468,17236,0.9280197365125754,0.0734274188446303,0.19173717,0.47071385,0.2523589,0.41009212
traffic,93,15828,16596,0.9280157406848784,0.1563023551278641,0.27250648,1.3352588,1.1215907,0.48617458
traffic,232,14292,14676,0.927949774806354,0.1517736492757042,0.46819627,0.12823582,0.72997725,0.13354516
traffic,672,14036,16724,0.9278968510341832,0.2723069532317059,0.3152542,0.03759408,0.3313234,0.053663254
traffic,119,14484,14676,0.927894672171836,0.2902519079660685,0.34574795,0.75221133,0.11588526,0.29057813
traffic,82,14100,16788,0.9278715995215698,0.2864586566456275,0.022248983,0.416839,0.09611392,0.5352019
traffic,121,14292,16788,0.9278477275102672,0.1696830621770969,0.7766688,1.3236154,1.2772322,0.82305205
traffic,355,14740,16084,0.9278369403638488,0.2133791903848066,0.11533296,0.068721175,0.09283233,0.09122181
traffic,792,15252,16788,0.9278253360883336,0.2877316430610345,0.19398034,0.12562597,0.15713513,0.08878076
traffic,135,15508,16852,0.9277651240681134,0.2385030878651498,0.018301249,0.16781473,0.025580883,0.1605351
traffic,249,15444,16788,0.9277505228211672,0.2162920456388031,0.09251666,0.09807861,0.04039347,0.04595542
traffic,600,16212,17364,0.9277451494853703,0.0737561542916628,0.61026335,0.65680003,0.7658005,0.5012629
traffic,354,14484,15828,0.927735743942424,0.2015674343576607,0.96254706,0.72158,0.35756803,1.3265591
traffic,326,15636,15828,0.9277234516434164,0.1984319521722751,0.55323577,0.75883603,0.7687702,0.5433016
traffic,44,15636,17172,0.9277096806355082,0.28619102902827,0.29718757,0.036180973,0.36203456,0.02866602
traffic,448,16660,17236,0.9276848724319676,0.2303656792770182,2.164539,1.1549492,2.3194888,0.9999995
traffic,706,14612,17108,0.9276328367099388,0.2167851438455763,0.13144863,0.36164033,0.030917645,0.46217132
traffic,30,14740,16852,0.9276295337525888,0.1149090062540126,0.711521,0.19443226,0.34511554,0.56083775
traffic,404,16660,17236,0.9276145413025456,0.2818288985277725,1.8735468,0.80580294,1.5525494,1.1268004
traffic,176,15828,17364,0.9276140983166556,0.2605181044192386,0.12799358,0.021474361,0.19307137,0.08655214
traffic,101,14484,15252,0.9276137545267782,0.2068099685976771,0.06846762,0.259295,0.0044107437,0.33217335
traffic,587,14676,16212,0.927609730284422,0.2710372702513549,0.29244113,0.62075377,0.5496743,0.36352062
traffic,107,16276,17428,0.9276003378714128,0.2742715191939137,0.40482998,0.32933378,0.4932115,0.4177153
traffic,196,14100,16404,0.9275977425485618,0.1955855665895478,0.118941545,0.71767974,0.33951688,0.4971044
traffic,643,14292,16980,0.9275926688727014,0.2260582608382159,0.022386312,0.19336653,0.07817054,0.09280968
traffic,356,14676,16788,0.92755888967276,0.0581838149430547,0.12878108,0.4788127,0.15332627,0.19670534
traffic,141,14164,14548,0.927551600425126,0.2104164537150296,0.57542205,0.47218025,0.25706244,0.79053986
traffic,17,15636,16980,0.9275496311620568,0.2608357038583441,0.04830575,0.20829904,0.23362899,0.49023378
traffic,705,15124,16276,0.927518470361138,0.2375609342321627,0.10223389,0.020104408,0.27048993,0.39282823
traffic,619,14932,17236,0.927506720547086,0.0579442860805091,0.17091262,0.30616176,0.104812026,0.24006116
traffic,321,15252,16404,0.9275045255907192,0.2014536595918354,0.39717424,0.5377259,0.4725095,0.46239066
traffic,621,15124,16084,0.9275030516680128,0.1831367295850484,0.15306604,0.80242693,0.4353354,0.2140255
traffic,852,14676,15636,0.927487253037143,0.1858544468762801,0.047307253,0.23167634,0.004096985,0.28308058
traffic,602,16788,17364,0.927481255384272,0.2421823662757971,0.7244381,1.9333408,1.176524,1.4812548
traffic,8,14164,14740,0.9274753740231306,0.0637598798506257,0.54245114,0.2533009,0.06666422,0.7290878
traffic,687,14164,16852,0.9274497648210748,0.1704305372464114,0.19189644,0.370013,0.010166645,0.1882832
traffic,397,14548,17236,0.9274382306511084,0.2894736263583494,0.43932533,0.47254956,0.23647833,0.26970255
traffic,15,14932,15316,0.9274214298467292,0.2770244293646402,0.83242714,0.92309976,0.95304024,0.80248666
traffic,783,14164,16852,0.927402260667391,0.1867516608374577,0.2073288,0.8971441,0.50721025,0.5972626
traffic,504,15828,16596,0.9273373385879202,0.2980303041646808,0.114895344,0.5668328,0.25381756,0.42791057
traffic,108,14292,15444,0.9273361305631632,0.1542555815142541,0.12758851,0.6129508,0.3775828,0.36295652
traffic,845,15444,16212,0.9272886455353418,0.1600852328358527,0.1881088,0.052413583,0.10135138,0.139171
traffic,76,16660,17428,0.9272796250468144,0.2694798476910219,0.83324575,0.5643256,0.671612,0.7259593
traffic,523,16340,17108,0.9272593803396126,-0.0857743864616704,1.8194339,0.79478025,1.4106147,1.2035995
traffic,781,15060,16788,0.9272448520570608,0.1046721767793955,0.24648178,0.07553983,0.2393322,0.06839025
traffic,420,14548,16660,0.9271966691715066,0.1994274907695673,1.2625358,1.3247199,0.7167661,1.8704896
traffic,171,15636,15828,0.927196424322048,0.2985077217627484,0.6198151,0.6605718,0.8366294,0.44375753
traffic,667,14100,17364,0.9271930547756168,0.2821756681805988,0.5665953,1.1333442,1.0773711,0.62256837
traffic,397,14228,14420,0.9271814578572224,0.2948115051433591,0.37330592,0.26282477,0.2746445,0.3614862
traffic,339,15444,17364,0.9271464206896716,0.2739321790608351,0.57367146,0.7991998,0.78677905,0.58609223
traffic,817,15572,16724,0.9271151143707744,0.1981035544652278,0.957623,0.4751389,0.5644429,0.86831903
traffic,370,14548,15124,0.9270930961553212,0.2253592494432137,0.06385088,0.07213235,0.20295501,0.06697178
traffic,758,16724,17300,0.9270753270610796,0.2612798876626732,0.22272348,0.23230422,0.23583412,0.21919358
traffic,465,14036,16340,0.9270697609032056,0.2722028633657663,1.7248918,0.9368379,0.5816251,2.0801046
traffic,477,14292,15444,0.9270428263268634,0.1154731403476138,0.051067114,0.49287677,0.24474311,0.29920077
traffic,818,16148,17300,0.927021102039875,0.2460786370104527,0.852016,0.6647761,0.78420854,0.7325835
traffic,0,14164,16852,0.9269985459924802,0.1260875426560472,0.62958455,1.2507136,1.1813991,0.69889903
traffic,797,16340,17300,0.9269934871231346,0.2256228461622965,2.9905117,0.7503146,2.0241706,1.7166556
traffic,588,15956,17300,0.926982494881664,0.2155219767960671,0.18256474,0.18532753,0.07187009,0.07463288
traffic,521,16340,17300,0.9269717226140304,0.2503297201717675,0.26474142,0.29578424,0.13360786,0.4269178
traffic,557,15828,17172,0.9269672571700802,0.1482831745545668,0.28284073,0.049283028,0.13482285,0.098734856
traffic,619,14228,16724,0.9269590505131096,0.2809242654182524,0.58531094,0.5474224,0.6600721,0.47266126
traffic,619,17044,17428,0.9269583057464512,0.2454178391732084,0.34175062,0.095778346,0.012016773,0.44954574
traffic,545,15380,17236,0.92695209447385,0.1531974984840244,1.8294226,0.41729593,0.8563484,1.3903701
traffic,284,14292,16788,0.9269432659534556,0.2996255020029167,0.40063977,0.78320336,0.6258048,0.55803835
traffic,114,14676,15828,0.9269377253068768,0.2501957536772736,0.39803982,0.287755,0.7332587,0.047463894
traffic,675,15060,17364,0.9269272795436172,0.2925826624875133,0.59225726,0.6392927,0.7188735,0.5126765
traffic,587,15636,16788,0.9269264248976148,0.2526466081780539,0.13604903,0.21731329,0.030144691,0.11140895
traffic,151,15956,16724,0.9268592174273272,0.1836168481291263,0.8140284,0.32971382,0.4871291,0.6566131
traffic,701,14036,16340,0.92684492358617,0.0556676813056681,1.4297585,2.9940794,0.93934655,3.4844913
traffic,628,15444,16788,0.926831352087993,0.1320754337328643,0.14766824,0.010420561,0.10517478,0.052914023
traffic,0,15444,15636,0.9268214807839036,0.0315309259151249,0.342013,0.6551558,0.6380987,0.35907006
traffic,823,14676,16788,0.9268004772028156,0.2732899156667767,0.23163414,0.63410807,0.46629643,0.39944577
traffic,835,14484,17172,0.9267710586060568,0.2828661415454487,0.16086197,0.009916544,0.19698548,0.046040058
traffic,421,14548,15700,0.9267629202534806,0.1716000291375496,0.3205495,0.07622218,0.18123055,0.21554112
traffic,404,15764,16340,0.9267605389086596,0.2809227330111177,1.3174663,2.094849,0.83634377,2.5759716
traffic,688,14868,16212,0.9267426568320108,0.2416904049480935,0.38002694,0.9346484,0.76732993,0.5473454
traffic,763,15316,16468,0.9267134352488944,0.2612299911954138,0.3239956,0.82920325,0.79345536,0.35974348
traffic,525,14996,15956,0.9267129835632212,0.2792445784201817,1.3430321,0.80918396,1.1324651,1.019751
traffic,10,14228,17108,0.9267072176588704,0.186240205545363,0.17237663,0.609415,0.14699161,0.92878324
traffic,7,14228,16340,0.9266941921493066,0.0568342895262684,1.2436764,1.453692,0.79953814,1.8978302
traffic,275,14100,16404,0.9266628853568856,0.2603521209757806,0.0026067495,0.39488256,0.25447285,0.14301646
traffic,168,14036,15188,0.9266497918468076,0.2834283191841961,0.4132309,0.0747633,0.21002412,0.27797008
traffic,526,15956,17108,0.9266432591234898,0.2877555017792553,0.007907629,0.7321707,0.49046475,0.23379833
traffic,205,14676,16980,0.9266336112271611,0.2617280049964181,0.41273594,0.69207,0.63678885,0.4680171
traffic,221,14292,16788,0.9265889738944856,0.2483294609388988,0.14918184,0.7602463,0.18142128,0.72800684
traffic,252,15764,16340,0.9265625431738644,0.2121585261949623,0.7655554,0.54467964,0.42107797,0.88915706
traffic,436,15508,16852,0.9265410146625048,0.2046278664560972,0.04379344,0.53686655,0.27925348,0.21381962
traffic,711,14932,16276,0.9265350252383584,0.2947327073088582,0.009262562,0.005744219,0.06372619,0.06724453
traffic,579,15700,16276,0.926503871497899,0.2273075806144394,0.11762047,0.043650866,0.052174807,0.21344614
traffic,533,15636,16980,0.9264206671642417,0.2598914923539281,0.161901,0.49089563,0.25751173,0.0714829
traffic,202,14164,16852,0.9263442163568232,0.1872884642505985,0.33039427,0.21931696,0.20345306,0.092375755
traffic,218,14676,17364,0.926312193550388,0.2999651842209953,0.13064766,0.060106993,0.10497546,0.034434795
traffic,542,14164,16852,0.9262876839190306,0.1816575452930063,0.14857054,1.0505295,0.64956355,0.54953647
traffic,518,14612,14996,0.9262718237525416,0.1201456427721826,1.2664174,0.6971357,0.6069969,1.3565562
traffic,608,15700,17044,0.9262404394810678,0.1427085292569263,0.17786336,0.4001975,0.094872475,0.31720662
traffic,7,15700,17044,0.9262238519802388,0.2900439196940964,0.19033527,0.2456696,0.07786393,0.13319826
traffic,388,15700,16276,0.9262050552448258,0.2696587526610477,0.06936073,0.052838087,0.06043911,0.18263793
traffic,69,14612,17300,0.9261933341439056,0.1691992045091983,0.050025463,0.20128131,0.09025669,0.24151254
traffic,196,16596,16980,0.926190646355828,0.1872896860497168,0.2723359,0.0013073683,0.10939431,0.1616342
traffic,612,14356,17044,0.926188494861032,0.2457267543155882,0.36905646,0.43720603,0.28946245,0.357612
traffic,523,15636,17364,0.926188233458482,0.1318578633948265,0.5203786,0.7829292,0.87361956,0.42968822
traffic,643,16468,16660,0.9261863451136072,0.1051646839244877,0.42248654,0.29277658,0.2877941,0.42746902
traffic,286,15636,15828,0.9261799892811527,0.2586697982227555,0.60522914,0.46693707,0.73511887,0.33704734
traffic,371,16276,17236,0.9261785697397288,0.0947642361886919,0.12778139,0.2507639,0.18808508,0.1904602
traffic,842,16788,17364,0.9261753758416204,0.2890833849864876,0.14115596,0.15683746,0.2581315,0.039861917
traffic,592,15508,16852,0.926168633419642,0.2195461211097933,0.40245605,0.63433146,0.6800382,0.3567493
traffic,127,15316,16468,0.9261310799329988,0.2115057456574241,0.1333301,0.35713983,0.0690949,0.15471482
traffic,619,16276,16660,0.9261074684084216,0.2758010046966194,1.0233397,1.2105396,0.7999575,1.4339218
traffic,110,15956,16148,0.926078821359806,0.2804684288135322,0.32219434,0.13693142,0.17699337,0.2821324
traffic,106,16148,17300,0.9260728614762064,-0.1226166990247708,0.039384127,0.18386555,0.10035205,0.32360172
traffic,425,15316,15828,0.9260710430439502,-0.0541574802980046,0.61386466,0.34561992,0.7219372,0.45369244
traffic,15,14228,16724,0.9260219366534708,-0.0925013642296557,0.7019346,0.30566144,0.59289646,0.41469955
traffic,342,15252,16212,0.925995787556664,0.2916050533279558,0.14946496,0.15463626,0.23260176,0.07149947
traffic,347,16788,17364,0.9259815838270592,0.19450414911901,0.46548843,1.0610836,0.9177625,0.6088095
traffic,669,14228,14996,0.9259454472145746,0.1960111861400922,0.5066843,0.16736984,0.3518908,0.32216334
traffic,524,15828,16596,0.9259367121617802,0.1989847728990897,2.6841488,1.0816677,2.7284498,1.0373666
traffic,439,15060,16212,0.9259275001972166,0.2914849094070527,0.118234396,0.06321108,0.083438516,0.098006964
traffic,214,15828,17172,0.9259088705115238,0.2439998089829336,0.6607373,0.36392808,0.4572661,0.56739926
traffic,340,17172,17364,0.9258815530972532,0.0870295660281347,0.2997017,0.3277297,0.3289039,0.29852748
traffic,191,14292,16980,0.9258690062641866,0.2705738711862027,0.21585703,0.8431003,0.16552925,0.46171403
traffic,693,14996,16148,0.925868563703494,0.2349728807269502,0.34989405,0.3696866,0.30807543,0.41150522
traffic,822,15508,16852,0.9258555236301512,0.2779552343495586,0.10202694,0.036896944,0.06993818,0.0048081875
traffic,246,14676,15444,0.9258535094603,0.1916100067902233,0.44293976,1.410671,1.429279,0.42433184
traffic,168,14100,16788,0.9258499952573286,0.1763523943704227,0.028673172,0.41439438,0.14742541,0.29564214
traffic,87,14164,16852,0.925812934190943,-0.1470061861375349,0.41675687,0.12796354,0.3493607,0.06056738
traffic,541,15060,16212,0.9258121742713916,0.2941689730593589,0.56039727,1.5468063,1.1082927,0.9989109
traffic,269,14036,14228,0.9257925757389036,0.1677738323539259,0.19772077,0.14457083,0.14818978,0.19410181
traffic,312,15316,16468,0.9257459246015628,0.1053340569049333,0.03078103,0.40781975,0.09690952,0.34169126
traffic,622,15572,16916,0.92571291632287,0.2975133117571604,0.10937554,0.2692137,0.23543191,0.6140212
traffic,145,14612,14996,0.9257123251045516,0.2714119785357557,1.2316887,0.5146599,0.4968822,1.2494664
traffic,233,15444,16788,0.925706309053854,0.2137330646710252,0.13617611,0.28891993,0.22669864,0.37944245
traffic,288,15508,16852,0.9257033567024312,-0.2154163221565031,0.055951357,0.43393064,0.11561656,0.37426543
traffic,530,14100,16788,0.9257008659987545,-0.0395799044868666,0.11068702,0.034802675,0.3101418,0.16465211
traffic,804,15956,16724,0.9256830356939248,0.1405693516851648,0.6411414,0.71707916,0.6753504,0.68287015
traffic,358,14804,16148,0.9256514132744662,0.2305165718566505,0.031859875,0.03636527,0.01113081,0.006625414
traffic,231,16276,16660,0.9256489027345952,0.1204147060230304,0.9478078,0.9263871,0.70575595,1.1684389
traffic,732,16660,17236,0.9256154501813384,0.2699631389226452,1.3697929,0.8187939,1.3426455,0.8459413
traffic,679,14484,16788,0.9256017887486236,0.2777374290735357,0.19679809,0.67271876,0.4504764,0.41904044
traffic,816,14164,15892,0.925582281411314,0.2310488950694583,0.8101206,0.47424185,0.37026525,0.9140972
traffic,647,14100,16404,0.9255662110655244,0.1803116326230665,0.15069318,0.028944373,0.107830286,0.071807265
traffic,88,14676,16788,0.9255619400562652,-0.1551797175738952,0.16392994,1.0373697,0.7057133,0.4955864
traffic,110,14164,15508,0.9255551915480574,0.2946565200537559,0.13842487,0.08113432,0.05814624,0.16141295
traffic,454,15508,16852,0.9255545405619288,0.2247102756467758,0.006237507,0.2347238,0.073850155,0.15463614
traffic,615,15444,17364,0.9255508898252442,0.1744937917897149,0.68646,1.2687705,1.0319881,0.92324233
traffic,532,14804,17300,0.925543717928387,0.1685438445931752,0.08877063,0.10715723,0.07014084,0.08852744
traffic,380,14612,16724,0.9255313127477328,0.2199814800016922,0.62246466,1.0943,1.0121524,0.70461226
traffic,613,14484,16596,0.9255255291938416,0.1902434690350405,0.035758734,1.1511865,0.6807381,0.5062071
traffic,804,14356,17428,0.9255190111886764,0.2564503405023412,0.8738425,1.5666497,0.9028237,1.5376685
traffic,810,14548,17044,0.925499919499203,0.2939215866139145,0.8825742,0.5363574,0.26277924,0.08343756
traffic,661,15700,17044,0.9254840830016172,0.2619425977247911,0.23144948,0.62707317,0.22377181,0.63475084
traffic,107,15380,17108,0.9254714925645564,0.2273672778057195,0.16587806,0.2712921,0.08389604,0.5210662
traffic,37,15956,16916,0.9254683321012308,0.1998397582318227,0.083945036,0.5662632,0.0718627,0.57834554
traffic,32,14228,14996,0.9254644715701008,0.2599845569216215,1.3092446,0.9751005,0.68521166,1.5991335
traffic,446,16660,16852,0.9254367176544605,-0.0068824256846001,0.18432522,0.43886828,0.22936153,0.025181532
traffic,408,14292,17172,0.9254294582051984,0.1742232229821738,0.6350808,0.5150542,0.6327281,0.51740694
traffic,749,16660,17428,0.9254273770181656,0.2163290571503984,1.2748775,0.7154801,1.1145582,0.8757994
traffic,741,16020,16788,0.9254193367445116,0.2868001234522013,0.16407228,0.15178084,0.04246521,0.030173779
traffic,219,15764,16916,0.9254032912945348,0.2468841594569493,0.31847346,0.065763,0.13676977,0.11594069
traffic,83,14292,16788,0.9253998043045336,0.2992287940203208,0.15608025,0.105839014,0.12605786,0.07581663
traffic,685,15828,16212,0.9253951094970734,0.2977507953184207,0.0354383,0.09420419,0.15187979,0.21064568
traffic,201,14676,15636,0.925364849262717,0.2343176528949532,0.3810506,0.8247868,0.5502584,0.655579
traffic,111,15444,15828,0.9253396417712416,0.2245320697769697,0.5180025,0.8508725,0.7140734,0.6548016
traffic,70,14100,16404,0.9253346133221212,0.2943295182301605,0.08052313,0.4728595,0.27149284,0.2818898
traffic,203,14932,17428,0.9253191806947654,0.1101704683968755,1.3913884,0.6158526,0.61232996,1.394911
traffic,374,14996,15956,0.9253182715909024,0.1418061957532242,1.4156826,0.8093908,1.2313509,0.99372244
traffic,543,15636,16788,0.9253084316994552,0.1669178677300778,0.39467168,0.5233245,0.42207336,0.4959228
traffic,69,15060,16404,0.9252932415362586,-0.1660909645893975,0.5417299,0.33466816,0.31563354,0.56076455
traffic,61,14164,16852,0.9252742533661644,0.1114997747800089,0.12811804,1.0096915,0.56632614,0.3152473
traffic,532,15828,17364,0.9252358986282992,0.0749063065079897,0.18337965,0.087608814,0.14757705,0.05180621
traffic,732,14292,14676,0.9252152722118844,0.2096329498350597,0.47356772,0.16445851,0.55510044,0.0829258
traffic,437,14164,16852,0.9252034306068236,0.1711692369980716,0.48178196,0.94409966,0.10512662,0.3571911
traffic,10,14036,16724,0.92520237793381,0.2511961178329827,0.3976097,0.22725642,0.3450129,0.17465961
traffic,157,14676,17172,0.9251934683100688,0.1805964522613546,0.5629685,0.007506132,0.3800156,0.17544675
traffic,238,14612,17108,0.9251870441803116,0.2751312776156568,0.1119802,0.4185679,0.14709318,0.45368087
traffic,818,14292,16788,0.9251843458187098,0.2848156913094957,0.2827754,1.1555792,0.8715465,0.5668081
traffic,302,14484,16596,0.9251796002140285,0.2669740043170881,0.017018557,0.17834473,0.01444006,0.20980334
traffic,341,15508,16852,0.9251374657825454,0.1209071065575958,0.014647245,0.1809864,0.07792473,0.08841443
traffic,145,15316,16276,0.925133363711317,0.2151018001444333,2.025082,0.71396244,1.2742493,1.4647951
traffic,297,14740,17364,0.925113544882211,-0.0711726167741648,0.9806652,0.48356128,1.4203389,0.043887615
traffic,242,14804,16916,0.9251101724513754,0.263437200573356,0.49162793,0.55287945,0.2762077,0.7682997
traffic,631,14676,16980,0.9250857787468748,0.2574907318999264,0.9499166,0.99433565,1.0902073,0.8540449
traffic,103,15892,16276,0.9250753677878653,0.291821112592131,0.038181305,0.033435345,0.02672267,0.09833932
traffic,640,14036,16916,0.9250412139210796,-0.0145119529131881,0.33564532,0.4769603,0.074346304,0.8869519
traffic,574,14484,16980,0.92503795166561,0.2248354108067075,0.020588636,0.6759119,0.19682217,0.49967837
traffic,423,14292,14676,0.9250284201908472,0.20091882189413,0.41453516,0.10414362,0.6314148,0.11273599
traffic,517,14164,15508,0.9250157533106944,0.135801599696255,0.009359598,0.116075516,0.006980419,0.118454695
traffic,808,16660,17428,0.9249970130209404,0.0130392816442161,0.74420047,0.49513137,0.5911784,0.6481534
traffic,450,16788,17364,0.924988647708355,0.1855467541808124,0.38012028,0.43260336,0.51346946,0.29925418
traffic,271,16020,16788,0.9249819930471652,0.0687276973016292,1.1990821,0.9798286,1.1472571,1.0316536
traffic,798,14100,16788,0.9249737994905064,-0.0833039862017153,0.15022254,0.46277213,0.16270924,0.45028543
traffic,607,14292,16788,0.9249270677336412,0.0253774053010194,0.43465376,0.4685588,0.4120059,0.49120665
traffic,759,14932,16660,0.9249226600288312,0.2924925877048554,0.58094835,0.6051359,0.6335654,0.55251884
traffic,538,14164,16852,0.9248623955522888,0.1644879017477261,0.3127613,0.83223414,0.6754303,0.46956515
traffic,140,14676,15060,0.9247997248768992,0.0883325440300454,0.5481951,0.5268762,0.58865285,0.4864185
traffic,819,16724,17300,0.9247896949032388,0.1302132263254587,0.33835208,0.2557211,0.23508537,0.3589878
traffic,485,14612,14996,0.9247779826565024,0.274898046497893,0.61730003,0.28901625,0.49877954,0.40753675
traffic,235,15700,17044,0.9247594960085213,0.0702206450690333,0.3540864,0.06787443,0.25864792,0.16331291
traffic,726,15508,17236,0.9247532192276916,0.2826133599158065,0.5755596,0.31742597,0.49662185,0.39636374
traffic,13,14676,15252,0.9247467799563056,-0.0141907420314949,0.47463632,1.0093719,0.9793427,0.5046655
traffic,675,14932,16660,0.9247457412012392,0.1676235077961873,0.8873415,0.6287062,0.6244643,0.89158344
traffic,494,16660,17428,0.9247416938543463,0.1712380425313967,0.03544855,0.17161536,0.030033588,0.17703032
traffic,334,16212,16980,0.9246823340726108,0.2373799047894889,0.036638737,0.5359106,0.20832801,0.36422133
traffic,49,14484,16788,0.92468055133738,0.1385418846030224,0.074418545,0.49154735,0.12251687,0.44344902
traffic,432,14228,16340,0.9246772561562592,0.2713920127729785,1.4024999,1.1191144,0.64706063,1.8745537
traffic,448,15444,16404,0.9246668022980248,0.2919957574481341,0.028856754,0.1379708,0.008342743,0.10077131
traffic,379,16660,17236,0.924662267782402,0.2376140291901453,0.728096,0.6519134,0.7288928,0.6511166
traffic,494,14484,16980,0.9246455043983152,0.1814114932531071,0.07063818,1.0129716,0.5660416,0.51756823
traffic,165,15444,16212,0.924637285078166,0.2526064580371194,0.0058288574,0.15616965,0.06558347,0.08475733
traffic,636,15636,16404,0.9246274846129114,0.2503402592549691,0.78194547,0.7103596,0.87418556,0.6181195
traffic,402,14676,15060,0.9246150066506748,0.0875957379943836,2.1711898,1.8061664,3.2959392,0.68141705
traffic,571,14868,15636,0.9246108528645592,-0.142599864427215,0.27748203,0.09296298,0.26835012,0.10209489
traffic,522,15316,16276,0.9246076496889084,0.1587536361329082,0.39605904,0.38917422,0.07323456,0.7119987
traffic,179,16020,17364,0.9246042270888531,0.0143370316070457,0.060349226,0.035312176,0.088008404,0.06297135
traffic,603,15508,17428,0.924593468851684,0.2856073791591648,0.097656965,0.5585339,0.19637156,0.45981932
traffic,295,15508,16276,0.9245737739489702,0.1184976460844588,0.53679466,0.20277858,0.4564302,0.28314304
traffic,810,15060,16404,0.9245732966127808,0.200896516512986,0.34279132,0.7562891,0.75444186,0.3446386
traffic,803,17236,17428,0.9245703815418116,0.2249486831243078,0.030420303,0.055630445,0.011392355,0.074658394
traffic,155,14164,16852,0.9245657105573424,0.2931939148792887,0.12033486,0.53680325,0.045681953,0.61145616
traffic,406,15444,15636,0.9245498095517368,0.2967540064165943,0.32298982,0.2462573,0.32849538,0.24075174
traffic,350,16660,17428,0.924521444612738,0.272009683651754,1.1931837,0.7244412,1.1088445,0.8087803
traffic,43,14548,15508,0.9245049230064988,0.1983966478331961,0.98755836,1.0429537,0.73812807,1.292384
traffic,813,14228,15956,0.9245035138416394,0.1868196119508814,0.49167252,0.14914298,0.17502487,0.46579063
traffic,756,16084,16660,0.9244983737695244,0.2654351569446709,0.64035094,0.5655775,0.68333304,0.5225954
traffic,42,15316,16084,0.9244911931434568,-0.063739369455196,0.06821203,0.30564904,0.094712496,0.27914858
traffic,108,16596,17172,0.9244866965691164,0.274288964916823,0.33919644,0.4450419,0.7683115,0.015926838
traffic,55,14036,16724,0.9244549570766378,0.2077478255967873,0.30690217,0.13297391,0.26563,0.091701746
traffic,345,16596,17172,0.9244453256990076,0.1859405297805048,0.6665852,0.57591677,0.62727094,0.61523104
traffic,453,15828,17172,0.9244322016595186,0.213885095496095,0.36195517,0.2234025,0.29647732,0.28888035
traffic,43,15828,17172,0.9244198627540215,-0.2590699912183624,0.37062168,0.0031468868,0.3330927,0.04067588
traffic,386,17172,17364,0.9244051471108714,-0.0387841847575259,0.031714678,0.16373038,0.08720875,0.21922445
traffic,612,14228,17108,0.9244000873466572,0.2809278945278479,0.4589401,0.35786182,0.54261875,0.44154048
traffic,242,16020,17364,0.9243921436479244,0.1450282217648029,0.3318162,0.3543203,0.3949852,0.2911513
traffic,184,14932,16468,0.9243879642909152,0.1944276841341426,0.4633336,0.117129564,0.2786932,0.30176997
traffic,111,15956,16916,0.9243744636590148,0.2764179242702986,0.4661039,0.778982,0.21953046,1.0255554
traffic,491,14100,15060,0.9243694045831948,0.2705408113767529,0.009660482,0.09474087,0.07079482,0.03360653
traffic,569,14228,16724,0.9243662684662636,0.142350031854309,0.3202114,0.2941574,0.14563727,0.11958325
traffic,341,15252,16212,0.9243533692695428,0.2889280292719161,0.13104928,0.17750168,0.2746997,0.033851266
traffic,826,14676,16980,0.9242726359710142,0.1684244201966,0.07387924,0.59794736,0.28296065,0.38886595
traffic,718,14676,16980,0.9242703975652374,0.2401279638080923,0.20357466,0.42182827,0.043066025,0.26131964
traffic,384,14100,14676,0.9242421508596969,0.1698250302147236,0.4624228,1.291639,1.2522407,0.50182104
traffic,102,14164,16276,0.9242307782054536,0.2648889925943026,0.1235559,0.25155067,0.0034837723,0.3716228
traffic,334,15828,17364,0.9242259545339236,0.2345839692640003,0.105433226,0.18466783,0.0492723,0.1285069
traffic,847,14932,16660,0.924225199438828,0.2109321235234866,1.2117816,1.5118237,0.83987653,1.8837287
traffic,106,14740,16276,0.9242064623142612,0.2514411532093247,0.5622399,0.45126534,0.4074571,0.6060481
traffic,459,14676,17364,0.9241894245929998,0.2653499743654169,0.42041993,0.103960276,0.32436085,0.007901192
traffic,603,14484,16212,0.9241674122142916,0.2083121599321591,0.86358523,0.81909764,0.79847765,0.8842052
traffic,458,15956,16340,0.9241003649318416,0.1405494957965275,0.9999839,1.2608652,0.85752857,1.4033206
traffic,113,15444,16212,0.9240217327996888,0.2766441602970342,0.33707976,0.27856326,0.26487017,0.35077286
traffic,784,14676,17172,0.9240088848847522,0.0901061207195409,0.6321399,0.066881895,0.4432354,0.25578642
traffic,726,14036,17108,0.9240026936922652,0.2055694576732263,0.42293,1.4603082,1.1854973,0.6977409
traffic,707,15124,16468,0.9239903864856158,0.2646897926806492,0.08699691,0.07605684,0.090871096,0.07993102
traffic,717,14868,16404,0.9239795369931662,0.2914006401415762,0.11529088,0.31603765,0.19678402,0.23454452
traffic,652,14676,16596,0.9239598349856992,0.1920435228073198,0.024298906,0.46387267,0.1974287,0.29074287
traffic,23,14036,15380,0.9239525917130288,0.2060791446808247,0.07860637,0.07985854,0.006365776,0.15209913
traffic,263,14036,16916,0.9239510051962322,0.15169628042598,0.8543372,0.7697614,0.3843614,1.2397373
traffic,372,14100,14676,0.9239386565487656,0.1785466369131758,0.81946325,1.3675094,0.9646735,1.2222991
traffic,581,14100,14676,0.9239335825573344,0.2857811626941372,0.26978898,0.2284329,0.44777322,0.050448656
traffic,753,14164,15892,0.9238809897551152,0.2330815489198055,0.21343446,0.4952649,0.10802245,0.38985288
traffic,209,14996,15764,0.9238594097897458,-0.0144921574427776,1.4203784,0.7241452,1.0323002,1.1122234
traffic,713,15700,17044,0.9238584035848472,0.2230413943053857,0.3331573,0.186378,0.2370832,0.0903039
traffic,586,14100,14484,0.9238555138361488,0.2549217633500977,0.52793336,2.3351278,1.6714139,1.1916473
traffic,249,16660,16852,0.9238285120715845,0.1591150599070661,0.25074077,0.58008933,0.5276437,0.30318642
traffic,531,15508,16852,0.923826318906787,0.2071780930470976,0.6290126,0.7515073,0.9235318,0.4569881
traffic,443,14484,17172,0.9238191651623652,-0.0199091040126554,0.34379148,0.07618022,0.3508296,0.0691421
traffic,225,14100,14676,0.9238056951296632,0.0378342948371828,0.495059,0.9098933,0.9354737,0.4694786
traffic,188,14036,16916,0.9237679247702364,0.0127138444940704,0.7482437,0.7477366,0.060942292,1.5569226
traffic,532,14996,16916,0.9237634720923842,0.1359492135790451,0.31919408,0.4631865,0.10278487,0.6795957
traffic,201,16660,17236,0.923758869471818,0.297260993170329,2.1110733,0.9295312,1.9356117,1.1049927
traffic,241,14164,16852,0.9237578205940736,0.132107769219107,0.06830859,1.1410944,0.6132028,0.45958304
traffic,141,16660,17236,0.9237554895088133,0.2132963375519992,1.5315173,0.9915695,1.6364093,0.8866775
traffic,592,14676,17364,0.9237503465379212,0.2600400769056508,0.4991665,0.3444724,0.48834753,0.35529137
traffic,407,14228,17300,0.9237451580938354,0.1566063264246749,1.9010528,1.1988163,0.5779284,2.5219407
traffic,380,14548,15124,0.9236067326639223,0.2577454767177241,0.41991997,0.6340188,0.67106545,0.3828733
traffic,648,14228,14996,0.9236045570788388,0.2813791520287864,0.43237805,0.009633303,0.34961128,0.092400074
traffic,27,16276,17044,0.9236000044552206,-0.2176534786570619,0.114163876,0.118153095,0.057469845,0.061459064
traffic,159,14036,15764,0.923594884641717,0.2234472052905866,0.13001728,0.11425996,0.102033615,0.14224362
traffic,214,15316,17428,0.9235665890005538,0.176262127602632,0.012697935,0.22786188,0.02380824,0.26436806
traffic,22,16788,17364,0.9235175996659754,0.2472899438882325,0.4328401,1.2233222,1.0833535,0.57280874
traffic,259,14100,16788,0.9235062896204066,0.2985192068370547,0.455979,0.51526093,0.45843923,0.5177212
traffic,324,14484,17364,0.923462304149822,0.0863985729428202,0.44199753,0.3296771,0.5814495,0.19022512
traffic,514,14676,16980,0.9234601080483632,0.2012080006564018,0.24845147,1.2283368,0.29064822,0.6892371
traffic,0,17172,17364,0.9234386996504336,0.2330257827947599,0.2660737,0.45290756,0.25404167,0.4649396
traffic,232,15060,17364,0.9234240643845324,-0.033490196269548,0.69193375,0.72476614,0.9620719,0.454628
traffic,240,14612,17300,0.9234036267938064,0.1675467392948331,0.48902893,0.009663701,0.18470895,0.31398368
traffic,476,15956,16148,0.9233485968091278,0.0922623200148375,0.4666469,0.19147801,0.23112631,0.42699862
traffic,335,14100,16788,0.9233481716542056,0.170020458339326,0.3495736,0.26062,0.1494993,0.060545683
traffic,717,14356,17044,0.9233325129241104,0.2205369634517574,0.24657035,0.82336295,0.47694933,0.59298396
traffic,688,17236,17428,0.9232473192113704,0.2818972802902032,0.01587677,0.008698463,0.051794767,0.027219534
traffic,671,16276,16660,0.9232422228424706,0.2073598139390147,0.57082033,0.40039062,0.50436735,0.4668436
traffic,582,15124,16276,0.9232077114071092,0.2938283761172481,0.32231236,0.25591135,0.22278547,0.35543823
traffic,52,14484,16596,0.9231797627441491,0.297847689694851,1.9434988,0.617679,1.0076168,1.5535611
traffic,750,14996,15956,0.9231519719474643,0.0517419141834351,0.019421339,0.24923718,0.23638988,0.5050484
traffic,49,15124,16276,0.923134565966472,0.2672179345203806,0.13311267,0.06997919,0.16851687,0.034574986
traffic,266,15124,17236,0.9231343420142292,0.2517573548562233,0.06341267,0.40184045,0.11566675,0.34958637
traffic,789,16148,17300,0.9231266798222264,0.2730923189846554,0.39179635,0.3360921,0.075683594,0.6522049
traffic,688,15828,16980,0.92311929555507,0.1865553772295915,1.3357368,1.2321355,1.6309702,0.93690205
traffic,120,14228,14996,0.9230702619777924,0.2536561864997902,1.0356785,1.0078392,0.75479543,1.2887223
traffic,415,14612,15956,0.9230486239541454,0.2155174111334067,0.03490591,0.03662753,0.030635834,0.040897608
traffic,561,14100,16404,0.9230432733568322,0.2594431091276249,0.17740595,0.09247613,0.041761518,0.043168306
traffic,340,14164,16660,0.923036613480418,0.2988519766794828,0.21980023,0.23324943,0.3873868,0.06566286
traffic,679,15892,16660,0.9230149589584083,0.288209995252188,0.6121433,0.20959544,0.43661022,0.3851285
traffic,597,14612,16916,0.9230103943320156,0.2933544777278936,0.49286294,0.25847816,0.24231315,0.007928371
traffic,44,14164,15124,0.922972919452304,0.2323476527596037,0.12535095,0.27211738,0.089771986,0.23653841
traffic,479,14164,15892,0.92296874723581,0.2436663175897012,0.40335226,0.24901068,0.10479069,0.75715363
traffic,379,14228,16724,0.9229569706790084,0.2639550137703887,1.6472781,2.0760965,0.754213,2.9691615
traffic,13,16020,16788,0.9229362566834842,0.2728430552602841,0.4514358,1.3642374,1.3399019,0.4757713
traffic,404,14676,15636,0.9229249278855336,0.1209006456262014,0.20223951,0.69048774,0.32189393,0.5708333
traffic,714,14484,16020,0.9229098657052156,0.2499972032746385,0.22794223,0.026941061,0.32820702,0.07332373
traffic,417,15956,16340,0.9228669230935518,0.0748109087433224,0.5491648,0.31074762,0.4399631,0.4199493
traffic,170,15124,16468,0.922842911587948,0.2159463788897427,0.36175752,0.085493326,0.26378393,0.012480259
traffic,317,15892,16084,0.9228222338054752,0.2910462245800276,0.043587685,0.043498516,0.021173477,0.06591272
traffic,463,14612,16340,0.9228199848739266,0.2135312527348964,1.400114,1.0609975,0.71020436,1.7509072
traffic,860,14740,16084,0.9228164010916624,0.2775845242125221,0.10907698,0.08768439,0.03976059,0.15700078
traffic,87,15124,16084,0.9228136281465724,0.1319148821388876,0.32116008,0.3173592,0.17685103,0.46166825
traffic,335,14164,16660,0.9227860391027792,0.2894182481085326,0.69402957,0.40721297,0.6006453,0.50059724
traffic,854,15572,16916,0.922761650978544,0.1235874027887401,0.3277905,0.3308636,0.52700245,0.53007555
traffic,128,15444,16212,0.9227094838220644,0.1792426178571216,0.3400898,0.46835518,0.5481311,0.26031387
traffic,2,14420,15380,0.922702470282412,0.2696822271117584,0.0053732395,0.0070261955,0.07999301,0.07834005
traffic,112,14036,15572,0.9226658212874754,0.2525461517927327,0.25643337,0.18974113,0.14800858,0.29816592
traffic,291,14612,16340,0.922664727822844,0.203107678900781,1.1534307,1.5415957,0.7753279,1.9196985
traffic,517,15572,16724,0.9226435943492224,0.2099158481835768,0.33221006,0.01286459,0.45332646,0.13398099
traffic,634,14740,16852,0.9226265778228736,0.1089861644435927,0.8001189,0.24074769,0.3797078,0.6611588
traffic,751,14356,16276,0.9226232904200334,0.2947598892697439,0.14377844,0.23329723,0.12587523,0.25120044
traffic,37,15316,16468,0.9226227462806218,0.1243796797150687,0.4351468,0.27529526,0.27370286,0.11385131
traffic,747,14676,17172,0.9226139944581414,0.2231634140059024,0.32451272,0.2033298,0.1745534,0.053370476
traffic,793,14676,15636,0.9226113712258543,0.1046336685589715,0.8276212,1.0303876,1.1648769,0.6931319
traffic,15,15252,16212,0.9226010152530406,0.0416129306922238,0.19816518,0.3701644,0.38336706,0.18496251
traffic,70,14036,16916,0.9225984091465228,0.2382570572556713,0.38312978,0.5556698,0.08582604,1.0246255
traffic,741,15124,16660,0.9225859172668894,0.2804667535342958,0.37447858,0.21334767,0.33627152,0.25155473
traffic,474,14100,15636,0.9225688685473034,0.0655352002998118,0.44360256,0.4352162,0.47638726,0.4024315
traffic,371,15444,16404,0.9225197917242668,0.2157448717198569,0.07690644,0.1346891,0.030817032,0.026965618
traffic,29,14100,14676,0.9225157398859004,0.0845442881466901,0.6133034,1.4553056,1.3490672,0.7195418
traffic,631,14164,16852,0.9224926414726676,0.118233915749298,0.49541473,0.4681716,0.5140052,0.44958115
traffic,260,14484,16596,0.9224843858682557,0.288029621209065,0.0017077923,0.9952843,0.54703784,0.44995427
traffic,239,15828,16596,0.9224612906129472,0.1587727708672925,0.6212969,1.2548813,1.2852437,0.5909344
traffic,753,14740,15508,0.9224386354901292,0.2580109436784255,0.36391556,0.23779917,0.4858812,0.11583352
traffic,582,14676,15252,0.9224370900780636,-0.1165367498306838,0.60462236,0.68501794,0.6425743,0.647066
traffic,85,14484,15828,0.9224242503644656,0.1324365499940692,0.2668848,0.08674812,0.059450626,0.120686054
traffic,415,14740,17428,0.9223974421738732,0.2218063128133363,0.35701823,0.25392604,0.38520956,0.22573471
traffic,796,15508,17428,0.9223824390325088,0.0693693068876598,0.3709092,0.34480786,0.25546932,0.46024776
traffic,770,14676,15636,0.9223744779204798,0.037976751753144,0.018189192,0.66480327,0.33630633,0.34668612
traffic,188,14228,16724,0.9223697714538188,0.1472264377819793,0.7281945,0.8345597,1.1381845,0.4245696
traffic,310,15572,16724,0.9223444156919696,0.2771873825740401,0.013065696,0.094051,0.35221362,0.43319893
traffic,730,14292,16020,0.9223134571234062,0.2351121205817684,0.111371756,0.2219863,0.1000061,0.23335195
traffic,477,14676,17364,0.9222975032655402,0.0559805901798452,0.50904083,0.36324406,0.57205486,0.30023003
traffic,269,16276,16660,0.922295607221776,0.1319421854853143,0.457026,0.22938061,0.5154917,0.17091489
traffic,715,14932,16852,0.9222879976197592,0.1010520410540523,0.75155926,0.13580441,0.38161218,0.23414266
traffic,198,14292,15444,0.9222756641265668,0.2897572639640269,0.4129653,0.43753803,0.38599396,0.46450937
traffic,468,14100,17364,0.9222469638563364,0.1276258020433079,0.7931905,1.3837483,1.0702713,1.1066675
traffic,711,14996,15572,0.9222411197394114,0.2441457375847355,0.37130165,0.46709037,0.2866397,0.5517523
traffic,354,14868,16404,0.9221858834806058,0.227811711418116,0.32535136,0.02442956,0.29943812,0.0014836788
traffic,674,14036,15764,0.9221341895355988,0.0948757674984238,0.34482193,0.34327197,0.34431434,0.34377956
traffic,28,14100,16404,0.9221205422400146,0.2308832630275093,0.096713305,0.9998262,0.7705809,0.3259586
traffic,571,14164,15508,0.9221113101680044,0.2249086069918773,0.30562449,0.18232512,0.11645031,0.0068490505
traffic,100,14740,16660,0.9221108024159332,0.1916609725934476,1.4184436,1.5486865,0.6965245,2.2706056
traffic,599,16852,17236,0.922103888452513,0.1940981758947864,0.22479653,0.27468228,0.10766125,0.39181757
traffic,464,14100,16212,0.9220999802174602,0.2974117720192798,0.037913322,0.060155034,0.082125545,0.015942812
traffic,465,14996,15572,0.9220949407728876,0.2773295634448113,1.7842674,0.49182034,0.548301,1.7277868
traffic,322,14036,16724,0.922084337992664,0.1013704203431249,0.6903552,1.4020212,1.1474367,0.9449396
traffic,746,14484,16980,0.922050012073081,0.2592609565052794,0.3308103,0.61755013,0.06794572,0.2187941
traffic,799,16148,16916,0.9220166318400868,0.2868972851993025,0.10955429,0.32796383,0.059309006,0.3782091
traffic,794,14292,14676,0.9219987163249252,0.2872587320929058,0.87328327,2.7964761,1.4725257,2.1972337
traffic,555,15636,16788,0.9219881215423948,0.176003092053964,0.23968649,1.0651402,0.6698146,0.63501215
traffic,53,14292,16404,0.9218657664792064,0.1764229643102981,0.77373374,0.30258393,0.9253975,0.15092015
traffic,848,16596,17172,0.9218451062511598,0.2095925213175394,0.22928357,0.25856256,0.3748827,0.11296344
traffic,603,15764,16724,0.9218267361414773,0.2000785759024945,0.7888454,0.08762884,0.37215126,0.32906532
traffic,33,15508,17428,0.9218181574636856,0.23482108274207,0.08532214,0.2074275,0.14270687,0.26481223
traffic,126,14164,17044,0.9217645387667882,0.2717293489482893,0.17551088,0.41604304,0.12727332,0.4642806
traffic,7,15060,17364,0.9217456323899548,0.2913041738574875,0.8983997,1.9469783,1.2233318,1.6220462
traffic,839,16596,16980,0.9217332444016672,-0.0664712663229989,0.16024423,0.006382942,0.076024055,0.07783723
traffic,265,14292,15636,0.9216877496501896,0.1587666687477098,0.031606436,0.0031809807,0.017280817,0.011144638
traffic,725,14676,16980,0.9216676974467244,0.2588759161737597,0.30060625,0.68199253,0.07212329,0.309263
traffic,539,16660,17428,0.921623639772328,0.2847969223118244,1.3871627,1.1700512,1.7828169,0.774397
traffic,732,14100,16788,0.9215950120480776,0.139980692872228,0.54388404,0.6108955,0.10798359,0.17499506
traffic,409,14164,14548,0.9215874994922678,0.2229551856627711,0.57093596,0.4585837,0.24920177,0.7803179
traffic,250,14292,14676,0.9215873515670524,0.0705851984221811,0.3073349,0.27148294,0.46452856,0.114289284
traffic,769,14292,16596,0.921583055476305,0.1899513021538303,0.22512698,1.3030981,1.0619273,0.46629775
traffic,309,16660,17236,0.9215616644146426,0.2928403353409448,0.37105942,0.38021684,0.32437706,0.4268992
traffic,146,17172,17364,0.92155427423876,0.1846632754599814,0.20906973,0.32457495,0.3282261,0.20541859
traffic,666,14036,16916,0.9215436859853552,0.217921090023814,0.121028304,0.36046702,0.3927046,0.8741999
traffic,735,14612,17300,0.9215401855373622,0.2990608219032675,0.34356642,0.08575153,0.31256127,0.11675668
traffic,29,14164,16852,0.9215164614013484,0.1718469201405788,0.28940916,0.42800903,0.21382165,0.35242152
traffic,320,14484,14676,0.9215016708109454,0.0116426572076372,0.21893954,0.18532228,0.47422934,0.06996751
traffic,327,15828,17172,0.9214985163239662,0.009389866264377,0.2433064,0.24401999,0.3295827,0.15774369
traffic,245,14100,16788,0.9214882519643912,0.2895581034807857,0.06649935,0.56250334,0.10488212,0.6008861
traffic,350,16724,17300,0.9214525729694772,0.0974415352830295,0.13126111,0.1214273,0.10285139,0.14983702
traffic,608,14484,16596,0.9214090790028532,0.1926393187828346,0.052000523,1.1859059,0.8176943,0.4202121
traffic,376,14100,16212,0.921389556309314,0.1280963470287175,0.012530565,0.34229088,0.20110703,0.12865329
traffic,621,14484,16980,0.9213791623005742,0.2411622451061377,0.39803338,0.15957904,0.26840878,0.029954433
traffic,850,15316,16468,0.92136835781537,0.1591676585855399,0.05078864,0.5685158,0.3670299,0.2522745
traffic,302,16276,16660,0.9213625040018948,0.2616497966490156,0.20530963,0.1392436,0.23329735,0.111255884
traffic,602,15060,16980,0.9213195336766612,0.2985771766782712,0.47923636,0.15890002,0.5256268,0.20529044
traffic,753,14996,15956,0.9212800809683126,0.0657605565478088,0.10311508,0.26236367,0.14571571,0.51119447
traffic,89,14164,16852,0.9212616277808032,0.1411674977068344,0.25819373,0.69839644,0.4987247,0.45786548
traffic,407,15764,16340,0.9212427453946124,0.2876432254909579,1.7336328,0.8213093,0.56501603,1.9899261
traffic,765,14676,16788,0.9212130753376032,0.2812943737104079,0.4698243,0.66562915,0.614939,0.5205145
traffic,332,14484,17172,0.9211854540129,0.229897780474511,0.31333303,0.10567856,0.36085558,0.058156013
traffic,194,14292,16788,0.9211753288163398,0.2574900979874109,0.13653004,0.42982066,0.20315349,0.3631972
traffic,319,15252,17364,0.9211587590445456,0.2649628062048332,1.024242,2.4694197,1.2605857,2.233076
traffic,756,14868,16212,0.9210795149308568,0.0977056331696374,0.026694298,0.18252587,0.13490605,0.07431412
traffic,779,17172,17364,0.9210561374660255,0.2936187973774425,0.2046907,0.116494894,0.32514262,0.003957033
traffic,345,14356,17044,0.9210377103440373,0.2199411284357356,0.83591616,0.37511158,1.2695307,0.058502913
traffic,253,14484,17172,0.9209423775503476,0.2642293285958196,0.32714176,0.50399446,0.12623072,0.30308342
traffic,335,15060,17364,0.9209349625578612,0.2678352589887844,0.75375795,2.3657887,1.5917795,1.5277672
traffic,251,15636,16788,0.9208713613301184,-0.2989007674703682,0.2591462,0.8712268,0.4524802,0.6778928
traffic,559,16020,16788,0.9207959670742252,0.0735988804874072,1.0611963,0.9819646,1.0525689,0.990592
traffic,287,14100,15444,0.9207773773240392,0.2894050291032611,0.27859998,0.49018288,0.32683635,0.4419465
traffic,471,14292,16788,0.920771023719664,0.1518389298431408,0.27773404,0.5322279,0.3076446,0.5023173
traffic,446,14676,17172,0.9207587231399148,0.2947660461313136,0.258286,0.39258432,0.15122557,0.2855239
traffic,193,15060,16596,0.9207473649343606,0.2813746769230548,0.35638785,0.9219599,0.88740253,0.3909452
traffic,209,16340,17108,0.920728330222374,0.0077163772634155,2.0297909,0.86278117,1.6724048,1.2201673
traffic,849,16724,17300,0.9207280263376046,0.1970426034083384,1.2218467,0.54194534,0.81825686,0.9455352
traffic,388,14228,17300,0.9206792004041732,0.2947842293528891,0.06691861,0.083361864,0.1898818,0.20632505
traffic,312,14292,16788,0.920678526590852,0.0658894371659559,0.06950569,0.37296915,0.15632749,0.45979095
traffic,258,14548,16468,0.9206763446555568,0.176955234840591,0.26771164,0.26853538,0.13577628,0.40047073
traffic,67,14100,17364,0.9206621366876276,0.1748239498645683,0.96625227,3.5907881,1.527245,3.0297954
traffic,326,14100,16788,0.9206406026983888,0.1260001186653692,0.27435112,0.3675536,0.047976494,0.14117897
traffic,821,14676,16980,0.920612142157887,0.2298320646625439,0.3145399,0.67628527,0.07980704,0.2819383
traffic,317,15188,16532,0.9206118428296052,0.2496896520582966,0.11346269,0.26225305,0.09637499,0.27934074
traffic,77,15252,17364,0.9206051794320194,0.2194706244076912,0.7112833,1.2853067,0.8895844,1.1070056
traffic,27,14484,16596,0.9205715476935352,-0.0891403330084404,0.40128946,0.43796396,0.25665736,0.58259606
traffic,199,17172,17364,0.9205608547880212,0.2702953321361527,0.13534307,0.13673377,0.16168952,0.110387325
traffic,678,15828,16788,0.9205367296519206,0.1522871532144248,0.12790799,0.81778216,0.41235948,0.5333307
traffic,628,16340,17108,0.9205098111688776,0.1679576058146832,0.8755894,0.49947608,0.574265,0.80080044
traffic,728,15508,16852,0.9204965362382452,0.0032866590706624,0.3311653,0.124699354,0.2254188,0.018952847
traffic,589,14676,15444,0.9204425622758664,0.0348163877763311,0.86075306,0.8171294,0.9426465,0.7352359
traffic,153,14036,16916,0.9204399729170256,0.2861518460365055,0.44051743,0.6720065,0.12908113,0.9834428
traffic,348,16276,16660,0.9204362054671242,0.1130097010252561,0.6677524,0.7023988,0.7856811,0.58447003
traffic,495,16404,17364,0.9204109193362168,-0.0485792316327684,0.34503174,0.45732713,0.55093384,0.25142503
traffic,431,15508,16852,0.920389748805612,-0.036962521948712,0.007967949,0.1535306,0.08142495,0.080073595
traffic,55,15828,17364,0.9203897137159256,0.1767658646716224,0.13738775,0.062889814,0.13618469,0.061686754
traffic,318,15764,16916,0.9203809403293508,0.2604305562230786,0.2808329,0.1440816,0.08654642,0.050204873
traffic,556,14676,16788,0.9203754278041962,0.1729548585550142,0.11884332,0.7852118,0.5316458,0.37240934
traffic,52,14676,17364,0.9203487202205444,0.2341056137461228,0.67166615,0.09865475,0.5435631,0.22675776
traffic,246,14420,16724,0.9203332596971296,0.2602892441390578,1.3333517,0.27120018,0.4496436,1.1549083
traffic,164,14292,14484,0.9203327206916764,0.2017045956047245,0.54008484,0.36587453,0.54200387,0.3639555
traffic,549,15508,16852,0.9203014225446204,0.2727874525031191,0.03202367,0.35513592,0.15623474,0.16687751
traffic,473,16340,17108,0.9203005029816173,0.2920500176226103,0.76988745,0.4757023,0.49757195,0.7480178
traffic,591,14292,16980,0.92030025784795,0.2940338194302401,0.20058239,0.68726254,0.048437595,0.43824255
traffic,564,14036,16148,0.920266709414629,0.2035699997918864,0.46845984,0.028102636,0.13640761,0.3039496
traffic,674,15636,16596,0.9202195820257528,0.1268488563677821,0.1062901,0.5142628,0.24843466,0.37211823
traffic,228,15060,16404,0.9202136345794276,0.291806866472233,0.060520053,0.18143207,0.084674,0.32662612
traffic,106,15188,17108,0.9201954761315544,0.2895579930321111,0.31935716,0.42146683,0.101275444,0.63954854
traffic,13,14164,16660,0.920187580817831,0.1413374739645711,0.7271557,0.45480394,0.6079643,0.57399535
traffic,489,16660,17428,0.9201541649391218,0.2655476627932001,0.85698986,0.57410836,0.685231,0.74586725
traffic,99,15508,16276,0.9201137393287288,0.2660020156552672,0.236902,0.4234872,0.29487324,0.36551595
traffic,506,15764,17108,0.9200806540848872,0.2492119849514042,0.34772658,0.012919188,0.20337534,0.13143206
traffic,329,15828,16980,0.9200547680512992,0.2614363798689707,0.32440925,0.608088,0.39589643,0.5366008
traffic,859,16788,17364,0.9200358155724478,0.2993732772260419,0.3766117,0.79516006,0.68650794,0.48526382
traffic,140,16276,16852,0.9200318998294575,0.2758526714303379,0.31354475,0.026800156,0.21348715,0.07325745
traffic,383,14548,14740,0.92002607584301,0.297002595531824,0.4689772,0.6996248,0.6069906,0.5616114
traffic,718,14804,17300,0.9199966841875769,0.2668029039158477,0.018938303,0.032803297,0.13326621,0.08152461
traffic,139,15252,17364,0.9199946487313596,0.2501551312472096,0.804469,1.814004,1.1740581,1.4444149
traffic,578,14100,17364,0.9199804450636088,-0.0052406085971768,0.8448112,2.2447202,1.4269865,1.662545
traffic,796,17172,17364,0.919957593555014,0.2877481956565044,0.103168726,0.22627068,0.057610273,0.27182913
traffic,571,14036,14996,0.9199561662713484,0.2533538638513017,0.33905888,0.06486201,0.07018232,0.20401454
traffic,230,16276,16660,0.919924743393324,0.2214396749952226,0.38245416,0.45724034,0.39632726,0.44336724
traffic,553,14100,16788,0.9199173554128006,0.1730072233842249,0.15948486,0.66434693,0.04952514,0.77430665
traffic,853,14484,16596,0.9199154944307792,0.2260034012697241,0.017452478,0.5182216,0.039024353,0.57469845
traffic,731,14292,14676,0.9199090567023568,0.2960591503340815,0.1545291,0.033361435,0.44198608,0.32081842
traffic,88,15828,16404,0.9199006841978656,0.2636721610848591,0.28871942,0.5083046,0.3402679,0.45675611
traffic,797,15508,16852,0.919892763487595,0.0702744320650816,0.020124912,0.5435957,0.077064514,0.44640625
traffic,803,14612,16916,0.9198754213881756,0.196149953435822,0.2608919,0.69338197,0.045932174,0.9083417
traffic,298,15636,15828,0.9198698263071576,0.1289605932972804,0.33296537,0.30561137,0.16617823,0.47239852
traffic,321,14484,16212,0.9198566744830072,0.2855766634152896,0.030543089,0.5636556,0.13214278,0.46205592
traffic,203,16084,16660,0.9198034192046042,0.2761638682296407,1.7485502,1.6091101,0.75402886,2.6036315
traffic,808,15252,16404,0.9197876124479925,0.2669374789474473,0.12407029,0.20123827,0.10648,0.029312015
traffic,453,14868,15060,0.919773888398094,0.2903166823467252,0.02380085,0.034100533,0.017887592,0.04001379
traffic,769,14164,17236,0.9197636371691652,0.1252093938287838,1.2388239,1.1606523,1.3235319,1.0759443
traffic,325,15892,17044,0.9197612037186282,0.2651855400299649,0.43250787,0.35499406,0.020288587,0.057225227
traffic,294,14164,16852,0.9197598647831045,0.1032408239460629,0.10851121,0.96384263,0.44676328,0.40856814
traffic,653,14100,16404,0.919752645552635,0.1467591014247332,0.21576631,0.034145594,0.24913478,0.06751406
traffic,788,16148,16724,0.919750322438518,0.2982722693962487,0.016523838,0.07712555,0.014708519,0.10835791
traffic,503,14676,17172,0.9196917126604978,0.2126393693561241,0.4243796,0.23621726,0.80095124,0.1403544
traffic,162,16084,16660,0.9196889493465062,0.1959318578349957,1.6339145,2.0681221,0.78675395,2.9152827
traffic,60,16468,17428,0.9196483374864904,0.2472663097345872,0.3515756,0.2421534,0.3118496,0.28187943
traffic,60,14676,15636,0.9196304060412508,0.2200562256472171,0.39921618,0.7260611,0.70276093,0.42251635
traffic,547,14484,16980,0.919620471872439,0.1696253723560397,0.074344635,1.0441334,0.61979914,0.49867892
traffic,463,14676,15444,0.919616622647484,0.0572919122579048,0.29544592,0.85536695,0.67538,0.47543287
traffic,215,16404,17364,0.9196143728197232,0.2657261385753349,0.36069036,0.3512268,0.40900373,0.30291343
traffic,106,16020,17364,0.9196081582743156,-0.233683906178058,0.044938326,0.18360114,0.06344867,0.1650908
traffic,327,15124,17428,0.9196041041649948,0.1438693943328898,0.28441334,0.5360625,0.23095298,0.58952284
traffic,138,15060,15636,0.9195763737436736,0.15596629205399,0.70637226,1.0348275,1.1533675,0.5878322
traffic,384,14164,16660,0.9195386736155734,0.2140600517668277,0.84305215,0.866519,0.7170203,0.99255085
traffic,581,14996,16340,0.9194933471464338,0.2767751614499132,0.425385,0.39372587,0.37368226,0.4454286
traffic,762,14036,14996,0.9194693573949064,0.1518411406412664,0.45415568,0.08143902,0.16210222,0.21061444
traffic,432,14164,17236,0.919451823713092,0.0649293677744236,0.69127095,0.732375,0.47487712,0.94876885
traffic,353,14868,16404,0.9194313370027052,0.1239888289257973,0.50153923,1.2403681,0.92605233,0.815855
traffic,406,15764,16340,0.91942827814649,0.281094251322808,0.57924175,0.38988566,0.64786243,0.32126498
traffic,227,14036,14996,0.919386944826975,0.0667325799115545,0.5582707,1.0606356,1.1935067,0.42539954
traffic,345,14036,17108,0.9193422089171088,-0.1090517656683728,0.1637764,0.10322404,0.27023578,0.0032353401
traffic,43,14036,16340,0.9193393616062344,0.159324016518853,0.89058185,2.1942983,1.3762124,1.7086678
traffic,804,15828,17172,0.9193232452420064,0.2530634687744023,0.3036337,0.15803552,0.09658766,0.049010515
traffic,148,14100,15444,0.91931612287911,0.1941807681650762,0.054546356,0.08405268,0.022448182,0.116150856
traffic,134,14868,15060,0.919306640674016,0.2465300674410137,0.08262944,0.14647865,0.13159657,0.09751153
traffic,470,14484,16596,0.9192878770063844,0.2043598844304203,0.110358,1.0902951,0.7607701,0.439883
traffic,671,16404,17364,0.9192544687111058,-0.011245564357034,0.58632326,0.97522974,0.87592816,0.68562484
traffic,643,14164,16084,0.919244181988031,0.2679722164860982,0.31813717,0.2489779,0.112170935,0.45494413
traffic,291,14804,17108,0.9191844041533768,0.2575113734575845,0.55498147,0.506336,0.2134893,0.84782815
traffic,106,15700,17428,0.9191831793051456,0.2457862255212528,0.11842942,0.17839336,0.11874938,0.41557217
traffic,232,15892,16852,0.9191800130437284,0.2518669085445682,0.78338194,0.1893661,0.38029194,0.2137239
traffic,595,14804,17300,0.9191725022779422,-0.023618216024952,0.11435723,0.39624262,0.07754803,0.3594334
traffic,418,15252,17364,0.9191494747590452,-0.0219238002134189,0.59465146,0.77386355,0.7953346,0.57318044
traffic,33,14996,16340,0.9191171392006078,0.1560139299375644,0.23719239,0.2835083,0.3064108,0.2142899
traffic,172,14740,15700,0.919108322466911,0.1725460742417233,1.6527648,1.6973524,0.77536523,2.5747519
traffic,252,14484,14676,0.919104393457873,0.0602719245748029,0.21091533,0.13498211,0.42855024,0.08265281
traffic,797,14164,17428,0.9191013887370048,0.2979858000718968,0.34440303,0.24467373,0.43734002,0.33761072
traffic,497,16788,17364,0.9190904620223572,0.1485357892534445,0.5405582,1.6417687,1.2194272,0.9628997
traffic,813,14164,15508,0.9190867765716554,0.1295191302563197,0.26804876,0.2106092,0.19171715,0.2869408
traffic,696,14612,15188,0.9190834893386228,0.1777352288144711,0.28599834,0.043293953,0.3758521,0.13314772
traffic,810,15636,15828,0.9190727568745444,0.1408864589753897,0.43534994,1.3226464,1.1219151,0.6360812
traffic,296,14676,15636,0.9190710276144346,0.1800287410860596,0.05799198,0.49853706,0.18367624,0.3728528
traffic,420,15444,17364,0.9190520906413466,0.127877415719651,0.84673893,2.305832,1.3264593,1.8261116
traffic,135,14804,17300,0.919038945334233,0.2706896177723805,0.119054556,0.1428709,0.08286786,0.34479332
traffic,218,15316,17428,0.9190240941737386,0.2436647257527619,0.009282112,0.91938615,0.5392659,0.3894024
traffic,429,14868,16212,0.9190236555054,0.2890569646424727,0.06405127,0.06324458,0.07162058,0.05567527
traffic,165,14484,15828,0.9189914441331224,0.2174197510316044,0.16516376,0.31920266,0.26377726,0.22058916
traffic,142,16660,17428,0.9189360263162638,0.2905767250330971,0.040798426,0.06751561,0.078286886,0.0515697
traffic,381,14868,16212,0.918896612351395,0.2884493705560855,0.06742358,0.06578076,0.07376647,0.05943787
traffic,487,15700,17236,0.9188893843316804,0.2915755811212464,0.019056559,0.51445615,0.23332751,0.3001852
traffic,439,15828,16980,0.9188186429995872,0.2938943459657039,0.14027715,0.53842926,0.07307196,0.32508016
traffic,18,14100,14676,0.9187944750972123,0.2931844594456103,0.255625,0.37751102,0.4384761,0.19465995
traffic,836,14676,16980,0.9187874739602464,0.1298513546879069,0.13539386,1.2359364,0.50543785,0.5951047
traffic,614,15124,15316,0.918758718514156,0.299126979077717,0.0024781227,0.0004386902,0.0828352,0.08487463
traffic,258,15700,16276,0.9187523206575045,0.2772157005045412,0.110782385,0.058734655,0.007242918,0.17675996
traffic,622,16596,16980,0.918734653962896,0.0241554642149531,0.18358874,0.054792643,0.11838198,0.010414124
traffic,149,14100,17364,0.9187239259655412,0.0236253900177497,0.54130816,1.4974723,1.1551263,0.8836541
traffic,757,14164,16852,0.918717201580172,0.2877539422012157,0.046853304,0.44545794,0.26004958,0.13855505
traffic,699,15956,17108,0.9187166894056116,0.2910811386591593,0.21267009,0.04277587,0.24312377,0.012322187
traffic,804,15124,15316,0.9187083661845552,0.2017192362208955,0.3728478,0.574424,0.6342013,0.31307054
traffic,324,14932,15124,0.918662264861288,0.2794178664279882,0.28709126,0.2258488,0.28925943,0.22368062
traffic,124,14612,17108,0.9186483618771432,0.1992523357378632,0.088853836,0.36303127,0.06341219,0.33758962
traffic,724,14740,17172,0.9186266231223584,-0.0513954101235165,0.78784895,0.5395534,1.0891118,0.23829055
traffic,422,14356,17044,0.9185778649618052,0.2625482328036652,0.03602588,0.46984518,0.19319022,0.31268084
traffic,808,14676,15636,0.918575969328044,0.1489609957757068,0.17890859,0.6095154,0.24153638,0.54688764
traffic,51,14676,16212,0.9185703258234732,0.2629768647540652,0.33445477,0.66723037,0.6050489,0.39663625
traffic,134,15764,16916,0.9185310986086476,0.0508610473494279,0.6199163,0.5592524,0.08860612,1.0905626
traffic,594,15444,17364,0.9185281018702688,0.2679693601832284,0.858647,2.0313165,1.3616115,1.528352
traffic,547,14612,17108,0.9185191102123844,0.2725485060876392,0.07262516,0.32296598,0.22001648,0.6156076
traffic,433,14036,16916,0.9185148449428334,0.1043835741819032,0.43570697,0.18114209,0.3680761,0.113511205
traffic,69,14164,15508,0.9185062044352172,0.1543528567245356,0.657274,0.17343688,0.42193723,0.40877366
traffic,13,14228,14996,0.9185033627609256,0.0745189296968144,1.4319186,0.9124453,0.6143842,1.7299798
traffic,701,15636,16980,0.9184977548261342,0.2594419518613257,0.25797522,0.177616,0.18845522,0.108096
traffic,383,14100,14484,0.9184794240134292,0.0849346224158396,0.37274027,0.57825947,0.16410255,0.36962175
traffic,762,14164,16276,0.918476147629125,0.2141144495898115,0.16602087,0.47908807,0.25157356,0.39353538
traffic,280,16660,17236,0.9184565842374474,0.2982409182857676,0.34429383,0.482378,0.41172194,0.4149499
traffic,387,16660,17428,0.9184189009716368,0.2264806318704379,1.7472641,0.83239484,1.6202095,0.9594495
traffic,517,14804,14996,0.9184016204280376,0.2560816311833136,0.1528492,0.10121584,0.03708768,0.014545679
traffic,414,14676,16788,0.918387212765098,0.2588344973070252,0.11183882,0.40715718,0.15081811,0.14450026
traffic,648,15508,15892,0.9183721809111728,0.2782614161781302,0.18957877,0.16780186,0.030120134,0.38750076
traffic,647,15636,16980,0.9183658620158957,0.1375971782334293,0.13071632,0.42503977,0.020234585,0.27408886
traffic,558,15508,17236,0.9183565383758728,0.0574757726992353,0.5349994,1.0869931,0.9889945,0.632998
traffic,220,15828,16596,0.9183244694145803,0.2723415377993771,2.807256,1.0745292,2.7416553,1.1401298
traffic,47,14676,16980,0.918311875652792,0.2463572009466572,0.9415891,1.5097675,1.6712632,0.78009343
traffic,640,14484,15636,0.918293103281144,0.2901716126484783,0.002169609,0.7989266,0.3104062,0.49069
traffic,453,14228,16916,0.918268502705586,-0.0874955302081906,0.05556822,0.050312996,0.29647923,0.291224
traffic,222,15828,16980,0.9182634132292572,0.2472868838898833,0.4892161,0.8799529,0.74350524,0.62566376
traffic,797,15828,17172,0.9182490616256226,0.2600447835175824,0.3884306,0.29649663,0.2204032,0.12846923
traffic,258,14228,17300,0.9182457389944636,0.2819444026922832,0.3997867,0.22343898,0.47754335,0.14568233
traffic,313,16276,16660,0.918223074749171,0.2693814735035313,0.56522846,0.48143244,0.54434013,0.50232077
traffic,386,14804,17300,0.9182037199614128,0.2707426208392269,0.14025307,0.060045958,0.17891002,0.09870291
traffic,136,14612,15572,0.9181955564569886,0.2638453779674381,0.0013659,0.110146046,0.009677887,0.10183406
traffic,480,15956,17108,0.9181713572449032,0.2892899606926955,0.052610517,0.7823349,0.5487869,0.28615856
traffic,486,14484,16980,0.9181636635582952,0.2599063553901413,0.19012856,0.74225616,0.49600458,0.43638015
traffic,318,15636,16788,0.9181260338231207,0.2378429922032828,0.059870005,0.43129992,0.14844513,0.22298479
traffic,480,15508,16852,0.9181179399246168,0.0267321773966802,0.13737392,0.115537405,0.006931782,0.0149047375
traffic,322,14228,17108,0.9180953854579632,0.2742206590687094,0.17291129,0.6726534,0.41790742,1.2634721
traffic,832,15316,16468,0.9180908524029776,0.270137300020837,0.089129925,0.38675952,0.16766548,0.30822396
traffic,327,14996,16724,0.918002844225444,0.2557156442475632,0.1473918,0.25513458,0.36733842,0.03518796
traffic,613,15828,16980,0.91798271844522,0.2983295572005538,0.06006384,0.67108226,0.32954764,0.40159845
traffic,197,14804,14996,0.9179772065477516,0.2468436422771976,0.49745774,0.66456294,0.6113279,0.5506928
traffic,837,14036,17108,0.9178936846601612,0.2758303887690871,0.36058939,0.2699468,0.39003336,0.2993908
traffic,744,14356,16276,0.9178774166373896,0.2737108330126919,0.09023714,0.085999966,0.02357769,0.1998148
traffic,249,16340,17108,0.9178739340904404,0.2188593749827932,0.7949679,0.46436107,0.49609947,0.7632295
traffic,552,14100,14676,0.9178724193057328,0.108766190367705,0.8880966,2.661813,1.380182,2.1697276
traffic,8,15252,16404,0.917855540692441,-0.106131702797652,0.45471013,0.122896075,0.38353407,0.19407213
traffic,549,14484,17172,0.9178116478494605,0.2974459109061164,0.41098738,0.06517935,0.37416148,0.028353453
traffic,154,15444,16788,0.9177961721643392,0.2955629201414103,0.14656341,0.26360834,0.034600854,0.4447726
traffic,387,14100,17364,0.9177819829065876,0.159297516762758,0.83787966,0.889014,0.9345064,0.79238725
traffic,29,14228,14996,0.917760639016694,0.1972981818358468,1.314833,0.7142272,0.5661584,1.4629018
traffic,591,14100,16212,0.917740327092047,0.1672082390153049,0.009418249,0.072423935,0.15870559,0.24054778
traffic,651,16980,17364,0.917735508959532,0.1853538312202278,1.2768589,1.2381148,0.83097637,1.6839974
traffic,136,14996,15764,0.9177223749639328,0.0585937022144682,0.25160408,0.35512733,0.13154697,0.47518444
traffic,48,14676,17364,0.9177172045469008,0.2702741150372469,0.6604638,0.59589577,0.5890827,0.66727686
traffic,302,14676,15636,0.917700968942381,0.2249569804025628,0.06513691,0.18115115,0.015235662,0.1312499
traffic,127,15828,17364,0.917691563408052,0.0849015169712332,0.15131164,0.6811576,0.32200098,0.51046824
traffic,259,14036,14996,0.9176696958086998,0.2184667741044985,2.0806015,1.1166468,0.53871596,2.6585321
traffic,234,14292,16980,0.9176654782121344,0.2825832881346092,0.11725414,0.5771147,0.09530389,0.36455667
traffic,129,14356,14740,0.9176643886383372,0.2875222316282575,0.46554804,0.30822134,0.29569316,0.47807622
traffic,353,16148,17108,0.9176613642154756,0.0311901897155879,1.4365895,0.6799686,0.36783862,1.7487195
traffic,107,16596,16980,0.9176571466930094,0.0747424500090116,0.44040847,0.16206384,0.113242865,0.16510177
traffic,99,14676,15828,0.9176490252023844,0.2461779935336459,0.14409423,0.25333238,0.00017118454,0.10940933
traffic,21,14676,16788,0.9176425291906312,0.2354354540029934,2.790763,1.2874119,3.0627985,1.0153763
traffic,45,16212,17364,0.9176319990345542,0.1704422683425381,0.333421,0.13265777,0.51041675,0.044337988
traffic,238,14100,16404,0.9176296862453548,0.296451248260786,0.15278876,0.028383374,0.11610985,0.008295536
traffic,361,15956,17108,0.9176198809922462,0.064765425365006,0.12241459,0.374416,0.12023139,0.617062
traffic,15,14100,15636,0.917616271465541,0.2491784745589784,0.1209414,0.16052532,0.012726784,0.052310705
traffic,523,14996,15764,0.917599130351248,-0.0159156428115373,0.9070687,0.5163584,0.37989855,1.0435286
traffic,132,15828,17364,0.9175864969378292,0.2189242184577517,0.06090665,0.09042764,0.04061842,0.07013941
traffic,59,14932,16660,0.91756810141984,0.2008301820346623,0.46248412,0.31435084,0.4316995,0.34513545
traffic,672,15828,17172,0.9175615958660716,0.1239587222567793,0.35200024,0.19562888,0.23214674,0.075775385
traffic,526,15636,16980,0.9175486242542736,0.2125635592223733,0.10348868,0.55440235,0.33528137,0.32260966
traffic,161,14932,17236,0.9175341157761708,-0.0117196938735627,0.21207738,0.19572353,0.25192463,0.23557079
traffic,61,15956,17108,0.9174540623403132,0.1801971561160397,0.4589386,0.45064235,0.11948955,0.7900914
traffic,544,15444,17364,0.9174534993689174,0.0044684751151977,1.0671662,3.497813,1.4508895,3.1140897
traffic,793,14164,16660,0.917440811947618,0.2588234359933845,0.26287603,0.07148576,0.45572877,0.12136698
traffic,127,16596,17172,0.9174142863027024,0.1833253806150494,0.3724115,0.041963577,0.5252111,0.19476318
traffic,82,14292,16980,0.9173893102118156,0.199788675579483,0.011548519,0.5161252,0.09727001,0.40730667
traffic,364,14676,16980,0.9173831659305922,0.2559599910072232,0.12697458,1.1097118,0.33112288,0.6516143
traffic,104,15508,16852,0.917367033069872,-0.0184620276574237,0.06016922,0.5653887,0.34852123,0.27703667
traffic,587,16660,17236,0.917343162172605,0.1718009393027451,0.15150523,0.2802391,0.16251993,0.2692244
traffic,808,14420,17108,0.9173381530922542,0.2976607903306867,0.16523123,0.16144395,0.32709348,0.3233062
traffic,295,14932,16852,0.9173028568417628,0.2216467311525688,0.43944216,0.05811262,0.4278729,0.04654336
traffic,381,16468,16660,0.9173013437546154,0.1173871799148946,0.6740265,0.69030356,0.53094745,0.8333826
traffic,633,14676,17172,0.9172891912302722,0.1347371020326189,0.45911098,0.309968,0.1900444,0.040901423
traffic,818,15956,16916,0.917247901128094,0.0523566638536184,0.16806006,0.56048346,0.3177296,1.0462731
traffic,843,15636,16212,0.9172313192541433,0.2241762786486049,0.37615037,0.23216152,0.36109734,0.24721456
traffic,644,14676,15444,0.9171817460272992,-0.0650967374897049,0.52834654,0.66148365,0.5646832,0.625147
traffic,72,16660,17236,0.9171646863275852,0.2204618334469442,0.47876406,0.6210687,0.5823579,0.5174749
traffic,111,15252,16212,0.917119157039363,-0.1243293010608587,0.23363185,0.44014597,0.4484923,0.22528553
traffic,35,16212,16980,0.9171134289806258,0.2908847874951954,0.37307882,0.11392045,0.16364956,0.095508814
traffic,502,14036,16532,0.9170921418631688,0.1925888775575698,0.44671583,0.42755103,0.43377137,0.4404955
traffic,578,14228,16916,0.9170749611813508,0.1403325723174145,0.11380768,0.14993453,0.59094226,0.6270691
traffic,335,14228,14996,0.9170640686950264,0.2386787985078416,1.3703718,0.5856595,0.57184005,1.3841913
traffic,526,15508,16852,0.917063927708762,0.080788701734878,0.104656935,0.07653475,0.023934364,0.0041878223
traffic,167,16660,17428,0.9170561696695632,0.2089459937020779,0.27832246,0.56111836,0.34875584,0.490685
traffic,709,14676,15060,0.9170485544271398,0.1807905891580583,0.536324,1.1198187,1.2340058,0.4221369
traffic,161,16276,16660,0.9170390113542808,0.0372668453121919,0.7225752,1.7029898,1.1825075,1.2430575
traffic,237,14548,14740,0.9170263229130092,0.2268602420048123,0.18684101,0.13380969,0.1275487,0.193102
traffic,546,14676,17172,0.9170231585251144,0.2715055509402315,0.7820852,0.2924955,0.6949966,0.37958407
traffic,320,16788,17364,0.9170187917786438,0.1837817164853494,0.56074965,1.2187815,0.86745965,0.91207147
traffic,642,15444,17172,0.9170137264891504,0.2405832226167442,0.69197977,0.80826235,1.207739,0.29250312
traffic,513,15444,17364,0.9170123949841584,0.249385960868373,0.84057736,3.1081262,1.5557361,2.3929675
traffic,580,14676,15060,0.917001271672864,0.0187659199582156,1.3512261,1.4118366,2.109673,0.6533895
traffic,119,15444,16788,0.9169855574027902,0.2845050644152087,0.17793095,0.2432288,0.27202678,0.33732462
traffic,238,15124,16468,0.9169729324001364,0.281083218556303,0.35572922,0.22014344,0.13819218,0.002606392
traffic,776,14932,16852,0.9169662303168136,0.2223910502936255,0.83439875,0.2665143,0.42929363,0.6716194
traffic,43,14164,17044,0.9169619049422444,0.2490390450784797,0.2205782,0.51682067,0.0113277435,0.7260711
traffic,796,14676,16596,0.9169495961454948,0.0801468810090549,0.259521,0.1545713,0.14209294,0.03714323
traffic,655,14804,17300,0.9169479636290312,0.2529904953766186,0.51978993,0.3331802,0.46983624,0.3831339
traffic,526,15252,16212,0.916946094765657,0.1640993864997988,0.32799435,0.50638795,0.61805654,0.21632576
traffic,360,14292,16212,0.916934904695722,0.2679807700334768,0.123348236,0.3217466,0.14370418,0.30139065
traffic,498,14676,16980,0.916928434515159,0.1647455041135191,0.33904433,0.6961329,0.07780361,0.27928495
traffic,139,14548,16660,0.9169267623042846,0.2409743559043264,1.2299346,1.9505963,0.88341177,2.2971191
traffic,274,14292,14676,0.916915160810578,0.2141461915127412,0.6311947,0.22706246,0.6125685,0.24568868
traffic,156,14100,14676,0.9169109203185712,-0.133542982973454,0.65747225,1.3800561,1.1033758,0.9341526
traffic,231,14676,15636,0.9168759458811572,0.0779982076023329,0.64556503,0.8855746,0.9215257,0.6096139
traffic,258,14676,15828,0.9167966196532024,-0.0880619339472768,0.09226704,0.22339368,0.056780577,0.074346066
traffic,721,16404,17364,0.916788303906052,0.2685377444011708,0.1892469,0.07194877,0.21855235,0.04264331
traffic,246,15508,16852,0.9167786004409314,0.2135691366098537,0.4960258,0.872218,0.032327175,0.4085194
traffic,723,14676,14868,0.9167587899094012,0.250306610552899,0.007086754,0.20354462,0.05299306,0.1434648
traffic,473,14932,16660,0.91669592305869,0.1187385010167908,0.61778927,0.62338114,0.50507855,0.73609185
traffic,319,15828,16596,0.9166947433899336,0.158629891744164,0.755301,1.3260841,1.4872446,0.5941405
traffic,621,15572,16724,0.916694366618645,0.2631150459632304,0.011841416,0.11778903,0.31736588,0.44699633
traffic,693,14356,15124,0.9166902272287708,0.2978634823067003,0.37890387,0.39947164,0.2037338,0.5746417
traffic,443,14676,17364,0.9166647909313062,0.2276267651008134,0.73989344,0.13649917,0.47959352,0.3967991
traffic,816,14676,15060,0.916664489044763,0.1506655579981363,0.9595413,1.4106233,1.772203,0.59796166
traffic,635,15380,15764,0.9166393373344917,0.2891689236649559,0.19514239,0.14519584,0.12633729,0.21400094
traffic,408,14100,14676,0.916633763466102,0.1477247112867108,0.56966066,0.4038856,0.57200146,0.4015448
traffic,732,14036,17108,0.9166330350603742,0.2916756811969789,0.09000492,0.42051136,0.3776797,0.888196
traffic,269,14356,17044,0.9166325959688092,0.2555817576079833,0.3459375,0.30183482,0.06986904,0.025766373
traffic,61,14292,15828,0.916625005287537,0.293464752379201,0.7750628,2.8648179,1.5481842,2.0916965
traffic,323,15060,16212,0.9166155113305644,0.2743325333593381,0.84126186,0.9182693,0.6083107,1.1512204
traffic,766,14100,16404,0.9166062884599596,0.1513789898867539,0.19422245,0.55405784,0.25562418,0.10421121
traffic,37,16148,17300,0.9165837607216728,-0.0206883526221018,0.40489554,0.46911168,0.2557261,0.6182811
traffic,503,15828,17364,0.9165836484683364,0.2389058785415123,0.84769535,0.5460396,0.66234136,0.7313936
traffic,114,15380,16532,0.916564956832208,0.0859907029847158,0.024855614,0.429569,0.15078878,0.30363584
traffic,76,14676,16980,0.9165587142750428,0.2046133949375738,0.1159544,0.89321303,0.39903188,0.61013556
traffic,685,16852,17236,0.9165343149163332,0.2624161519830222,0.043479204,0.036092997,0.05488968,0.13446188
traffic,783,14292,16788,0.9165258937599634,0.235145398993558,0.5085752,0.9429804,0.51136255,0.94019306
traffic,83,14676,15060,0.9165210935280986,0.0433301096151009,0.2003529,0.4669726,0.35313702,0.31418848
traffic,761,14100,16788,0.916503554097374,0.2175795986671785,0.1747005,0.32313466,0.27478766,0.42322183
traffic,615,16596,16788,0.9164905825196248,0.1833943926132047,0.14897847,0.24116218,0.25520384,0.13493681
traffic,493,16596,17172,0.9164763589758208,0.2837938137557516,0.83621,0.09671235,0.48739624,0.44552612
traffic,797,15572,16916,0.916467763996984,0.2532420490137897,0.03686881,0.4519884,0.3236971,0.7388167
traffic,396,15252,16212,0.9164513060778672,0.2710447301597006,0.08775425,0.069713354,0.07594156,0.08152604
traffic,621,14036,14996,0.9164506757504473,0.2762787713938504,0.3537879,0.33476782,0.5688579,0.11969781
traffic,716,15700,17428,0.916449764266927,0.2572961169588502,0.0065283775,0.22991681,0.0880599,0.13532853
traffic,513,15508,16852,0.9164382817244088,0.2586751675374851,0.023097038,0.4660864,0.23528004,0.2539034
traffic,621,14100,16788,0.9164286564470372,0.2684693584288022,0.28619528,0.011288524,0.40713084,0.109647036
traffic,687,15124,15316,0.9164140100274212,0.1344550477726865,0.7240896,0.4495654,0.42980218,0.74385285
traffic,818,14484,16980,0.916391771440003,0.2459112071953925,0.17792058,1.248879,0.7951813,0.63161826
traffic,69,14292,15636,0.9163909743547431,0.2821678686860035,0.37552,0.020773888,0.34228563,0.054008245
traffic,702,15316,17428,0.9163803907560648,0.1535698077631916,0.30704498,0.6226913,0.30068064,0.6290556
traffic,473,15828,17364,0.9163223120488198,0.1639586639137268,0.41286755,0.63724566,0.6136608,0.4364524
traffic,824,14612,17108,0.9163213292403968,0.2719084259042052,0.12245417,0.68825746,0.0472579,0.6130612
traffic,689,15828,16788,0.9163120874082517,0.1307099884141232,0.5052388,0.9104674,0.79306126,0.6226449
traffic,425,14676,15636,0.91628916535158,0.2002587092799823,0.3901565,0.62748384,0.094359875,0.14296746
traffic,494,14676,15444,0.9162801943225138,-0.133979575907097,0.8129902,0.9349862,1.049229,0.69874734
traffic,388,16020,17364,0.9162567179731732,0.1826278124842213,0.22103739,0.111496925,0.28139377,0.051140547
traffic,716,16404,16596,0.9162486974577412,0.2817719573216907,0.034005165,0.011383057,0.026793718,0.00417161
traffic,153,15636,16980,0.9162393693995382,0.2765709898926732,0.5674249,0.9231556,0.6233957,0.8671848
traffic,27,14420,17108,0.9162296077554574,0.2951129556632916,0.5997975,0.5053232,0.4135201,0.69160056
traffic,826,14100,16788,0.916216233104174,0.1860401627838527,0.022102356,0.24105549,0.019696236,0.1992569
traffic,208,14356,17044,0.9162123789372923,-0.2288314858227347,0.66181874,1.0573746,1.0099258,0.7092675
traffic,55,14420,16916,0.9162004746340864,0.2744743062945335,0.20069456,0.4549774,0.1121521,0.54351985
traffic,354,14420,17108,0.9161803628885036,0.2337787772334721,2.003178,0.7046269,0.9403751,1.7674298
traffic,43,14228,16916,0.916179186634963,0.2844901769963719,0.4648862,0.35611486,0.98864555,0.1676445
traffic,151,15508,16852,0.9161695593601232,0.2139927122236966,0.13127518,0.11723685,0.05929327,0.045254946
traffic,145,14804,16340,0.9161285040447052,0.2848531718648016,0.85331035,0.78415656,0.64297104,0.99449587
traffic,235,15188,17108,0.916127071177043,-0.0775357506496354,0.23623824,0.16343546,0.37400937,0.3012066
traffic,465,16788,17364,0.916114726687918,0.2085151198223557,0.75406724,2.9052272,1.6516256,2.0076687
traffic,780,14100,15828,0.9160883976581948,0.2953804291735625,0.6180754,0.55360055,0.6963086,0.4753673
traffic,492,14612,15572,0.9160849804699795,0.2442441698770412,1.0233408,0.66424954,0.9430293,0.7445611
traffic,626,15316,16276,0.9160832650509648,0.1807638019837781,0.39570713,0.425416,0.118162155,0.14787102
traffic,29,14612,16916,0.9160674680687894,0.2722336036974338,0.31387043,0.5763587,0.36334765,0.6258359
traffic,477,15764,15956,0.9160607317309686,0.2922141001784566,0.49865913,0.13885832,0.29537416,0.3421433
traffic,416,14612,16724,0.9160186723216314,0.2689370221187272,0.038261652,0.17596424,0.1821146,0.3198172
traffic,638,16468,16660,0.9159795310700284,0.2283694202253023,1.1022432,1.0834157,0.5965378,1.5891211
traffic,143,14932,16276,0.9159535354176156,0.1130525276521811,0.2746451,0.28437567,0.31485963,0.24416113
traffic,628,14932,16660,0.9159467174336156,0.1275223599389306,0.82035875,0.84637403,0.62192345,1.0448093
traffic,556,16212,16596,0.9159443156221562,0.2505261287927127,0.14048004,0.2181778,0.012943268,0.064754486
traffic,453,16660,17236,0.9159411711383856,0.2682793649569945,0.6912942,0.63785625,0.54754615,0.7816043
traffic,476,16916,17300,0.9159342295756282,0.2071188073571998,0.12496483,0.08716977,0.12965405,0.08248055
traffic,206,16596,17172,0.9159171250997058,0.2670030931942806,0.5356717,1.0179713,0.94940186,0.60424113
traffic,811,16660,16852,0.9158806050321652,0.182214032977751,0.024453878,0.30706596,0.1798625,0.15165734
traffic,353,16340,17300,0.9158507813842848,0.2987633140102645,0.45732498,1.201931,1.2859931,0.37326288
traffic,185,14036,16724,0.915846473109265,0.1958016479765056,0.8734429,1.0309904,1.0008099,0.90362334
traffic,378,14612,17108,0.9158438321095664,0.2181782411508234,0.21250582,0.44024193,0.10152626,0.754274
traffic,531,14676,17364,0.915808687552447,0.2446726743605152,0.52045035,0.26483583,0.49584174,0.28944445
traffic,485,14228,16916,0.915804577728935,0.1897300474421392,0.36520362,0.35806322,0.1096766,0.83294344
traffic,437,14100,16788,0.9157984830357884,-0.0346138009562375,0.8854172,0.5692241,0.403471,1.8581123
traffic,680,16596,16980,0.9157955619606016,0.1282051715332688,0.37086928,0.049046278,0.17795801,0.24195755
traffic,690,14676,15828,0.9157813469841692,0.1343655572309931,0.1978159,0.40673256,0.0087111,0.21762776
traffic,817,16084,16276,0.915748984929928,0.2342656701728291,0.4463756,0.30149293,0.27555156,0.47231698
traffic,604,14676,16980,0.9157435852440228,0.1400485462003441,0.116806746,0.87724936,0.32836604,0.66569006
traffic,354,15252,16788,0.9156986701444096,0.2696790875173382,0.34017846,0.1717118,0.508523,0.34005636
traffic,299,15636,15828,0.9156868268416124,0.2551087642019707,0.47278214,0.5851004,0.72536254,0.33252
traffic,664,14676,17172,0.9156842355581702,0.2543029750782725,0.5954468,0.00957489,0.5268996,0.07812214
traffic,714,16788,17172,0.9156683034283069,0.2579460026721611,0.4517882,0.21964478,0.44637275,0.22506022
traffic,603,15956,17108,0.9156494830211728,0.2839863675427839,0.18183887,0.3092699,0.20605361,0.33348465
traffic,761,14676,16980,0.915608099465668,0.2314175747339799,1.5693603,1.1812729,1.7365348,1.0140983
traffic,246,15828,16596,0.9155974380715808,0.1076055137068264,0.47678423,1.5423181,1.2444084,0.7746939
traffic,263,14100,16404,0.9155845501607636,-0.0086763909880781,1.4759269,0.50702554,0.064379334,1.918573
traffic,531,15764,17108,0.9155601559121412,0.2643415810902454,0.23486674,0.057054162,0.12929523,0.048517346
traffic,589,15252,16404,0.9155311880135468,0.2483864379431499,0.15591264,0.25362873,0.12635648,0.02864039
traffic,180,15252,17364,0.9155249672569166,0.0023656021956231,0.8470851,2.1692986,1.3148807,1.701503
traffic,111,14804,17300,0.91552353915649,0.2392934255359284,0.65320516,0.40619016,0.5439863,0.515409
traffic,28,14484,17172,0.9154942933460216,0.2565954059348778,0.5725839,0.23356962,0.413378,0.39277554
traffic,608,14932,16660,0.9154821981709692,0.1878182147166079,1.5160773,1.112916,0.6923262,1.9366671
traffic,609,15508,16852,0.9154800749217712,0.0428798741063179,0.027392387,0.4727745,0.2705419,0.22962499
traffic,359,16084,16660,0.9154331216714862,0.1987094220180705,1.6781607,2.2283196,0.7987318,3.1077485
traffic,79,14036,16340,0.915418970167492,-0.0343399633813665,0.006381035,0.23836827,0.04677868,0.18520856
traffic,396,14612,16916,0.9153983813112752,-0.0058634006819468,0.5575403,0.5724169,0.16692746,0.96302974
traffic,545,15060,15252,0.9153982924913828,0.2593138870005002,0.1833148,0.17818964,0.16167343,0.19983101
traffic,685,14228,17300,0.9153972207910016,0.1518753127998717,0.4414494,0.03466177,0.26394725,0.14284039
traffic,27,16084,16468,0.9153922466113192,0.1643632708883378,0.3314569,0.09723234,0.29672933,0.13195992
traffic,637,14100,17364,0.9153701796460252,0.1763403292885933,0.7610898,2.4249156,1.6955011,1.4905043
traffic,216,14164,16852,0.9153666054206036,0.0078495912173543,0.1989572,0.77596474,0.29578924,0.2812183
traffic,153,14292,16596,0.915355991399959,0.2900852630753375,0.3492489,0.75185335,0.19287348,0.90822875
traffic,171,14100,16404,0.9153470033715068,0.1481817993469869,0.13264215,0.34251285,0.054856777,0.42029822
traffic,355,16404,16788,0.9153434763539108,0.2064435922710726,0.14845812,0.19812477,0.1859355,0.16064739
traffic,376,15508,16852,0.915342884864499,0.2048845416002954,0.11643839,0.33103776,0.26572037,0.18175578
traffic,486,15444,16788,0.9153267297386892,0.2693773732066647,0.14902544,0.2053175,0.016248703,0.07254076
traffic,813,14100,14676,0.915303640077164,-0.0270599252504362,0.74231875,1.9265164,1.3196146,1.3492205
traffic,377,16852,17428,0.9152959523040496,0.2213447332217588,0.10351992,0.27459097,0.35712934,0.02098155
traffic,7,14164,16660,0.915293422371379,0.2770547454390362,0.5899484,0.3732016,0.60954595,0.35360408
traffic,198,14100,16212,0.9152785000083205,0.2873637743794403,0.08618367,0.24198139,0.14955783,0.17860723
traffic,235,14420,16916,0.915267038382884,0.2949255068100722,1.0500977,0.030791521,0.6500368,0.36926937
traffic,388,14548,16468,0.9152462466103616,0.1099348168411958,0.05331731,0.16299105,0.07588673,0.18556046
traffic,364,15508,16852,0.9152390837499352,0.2918022942911605,0.05804372,0.316056,0.18447423,0.073538065
traffic,407,15508,17236,0.9151913215702436,0.2228268592500588,0.9767518,1.6011413,1.6195807,0.9583124
traffic,234,17236,17428,0.915175810151622,0.2750011909146772,0.9185235,2.1903555,1.3312633,1.7776158
traffic,290,14100,17364,0.915171047538755,0.052501461820489,0.75334895,1.4857988,1.0515915,1.1875563
traffic,713,14292,15636,0.9151478883664568,0.1184485182998506,0.04354334,0.14455366,0.03393054,0.15416646
traffic,25,15636,16596,0.9151393045057312,0.1347401764050147,0.13022447,0.57163775,0.27069545,0.43116677
traffic,242,15508,16660,0.9151112702651576,0.2600520880623884,0.30351543,0.19013429,0.4434247,0.05022502
traffic,87,15188,16532,0.915091255063028,0.2362291601299805,0.13233328,0.28591156,0.111209154,0.30703568
traffic,744,14292,16596,0.9150800012927776,0.1086117781152614,0.04230976,0.26887727,0.12123871,0.1053288
traffic,238,16660,17236,0.915073615144321,0.1388012473950308,1.2837987,1.062862,1.4942187,0.852442
traffic,330,14676,15828,0.9150593381980782,0.0455220953914402,0.39976335,0.26078224,0.2969246,0.15794349
traffic,811,14676,15636,0.9150545977158264,0.1912391363767473,0.089202166,0.4203055,0.059781075,0.27132225
traffic,427,14932,16660,0.9150426878963196,0.1392227192713029,0.8888602,0.92184854,0.7916455,1.0190632
traffic,178,15124,15316,0.9150423322518008,-0.107887063461784,0.4752891,0.87165165,0.75140524,0.5955355
traffic,311,16788,17364,0.9150386574268822,0.1342190270619102,0.7351091,1.9795394,1.3049858,1.4096627
traffic,224,14932,16852,0.9150376315607848,0.2888502634395463,0.38861203,0.38640428,0.26972032,0.505296
traffic,347,15508,17236,0.9150241197288388,0.2963074528367775,0.307647,0.54976726,0.25874114,0.5986731
traffic,235,14484,16980,0.9150177018572884,0.1807178517144667,0.7250631,0.30375266,0.65973806,0.36907768
traffic,494,14612,17108,0.914991452815618,0.2619678583268344,0.04078901,0.3109455,0.22251701,0.57425153
traffic,253,17236,17428,0.914988294943358,0.2446093088406507,0.810363,2.2684274,1.3650169,1.7137736
traffic,717,15444,16788,0.9149792079132334,0.2140729745247732,1.2498689,0.6645375,0.5950067,1.3193996
traffic,468,14036,16724,0.9149730146446036,0.2510716326905913,0.41044843,0.004973173,0.41560733,0.00018572807
traffic,0,14292,14676,0.9149380449312232,0.2663990536166036,0.5203538,0.68501616,1.1141715,0.091198444
traffic,819,14676,15444,0.9149149992970648,0.1247435162346204,0.37247646,0.83023465,0.7304592,0.4722519
traffic,749,14292,14676,0.9149044787036614,0.2919125560493706,0.87017465,2.712298,1.4568257,2.1256468
traffic,402,14484,16596,0.9148950792995576,0.2787036415185046,0.633574,1.1662221,1.177948,0.6218481
traffic,358,15956,16340,0.9148810327131792,0.2441934868336243,0.3022356,0.14274001,0.22924685,0.21572876
traffic,779,15316,16468,0.9148740782076572,0.2550493146279167,0.28870034,0.8820108,0.6646855,0.5060257
traffic,81,15764,16340,0.9148705280168395,0.1891101868949345,1.1068258,1.9098918,0.92486024,2.0918574
traffic,284,16148,17300,0.914864726489232,0.178860160478163,0.3799262,0.15866232,0.38077116,0.15781736
traffic,687,14932,16660,0.9148591770167956,0.253625204736548,1.4973127,1.5945051,0.73577297,2.3560448
traffic,672,14676,15444,0.9148566941988846,0.0606147420841346,0.4525529,0.7667611,0.63917434,0.5801397
traffic,467,15124,15316,0.9148053270441026,0.2523425090258108,0.45212328,0.9075208,0.7984334,0.56121063
traffic,212,14676,17364,0.9147978047287152,0.2282103113106912,0.37227082,0.112406254,0.22999954,0.25467753
traffic,398,16084,16660,0.9147932618991216,0.172065187337909,1.4333718,1.6923981,0.7375492,2.3882208
traffic,749,16148,17300,0.9147720076967996,0.1161658153555287,0.3490293,0.36875153,0.06383133,0.78161216
traffic,789,14740,16276,0.9147683913659976,0.2557735539800996,0.73996556,0.48665965,0.57420015,0.65242505
traffic,470,16788,17364,0.9147655484104196,0.0808395545766684,0.41329896,1.3945906,1.2703999,0.53748965
traffic,493,14292,16788,0.9147564167007148,0.0875363726530781,0.34466577,0.4732281,0.1718235,0.64607036
traffic,140,14804,15572,0.9147290562189296,0.299897078769454,0.07356095,0.2509036,0.14249945,0.18196511
traffic,786,15828,16596,0.914689831398205,0.2540245080780726,0.012913227,0.66443896,0.28507495,0.39227724
traffic,33,14292,16788,0.9146650102967496,0.2378375237414609,0.6121061,0.44065976,0.37205696,0.6807089
traffic,849,15444,17364,0.9146517933674873,0.294787784828169,0.6186429,3.1591244,1.9027138,1.8750536
traffic,301,15124,16276,0.9146212329329756,0.1787791635165798,0.13229609,0.3011229,0.17394483,0.25947416
traffic,492,14484,16980,0.9146185559562204,0.2931807635097417,0.6118033,0.8908763,0.96187615,0.54080343
traffic,327,14292,15636,0.9145794976064284,0.2009266126419555,0.13093114,0.06927991,0.1373043,0.06290674
traffic,608,15572,17300,0.9145682912078166,0.2595469273580419,0.4532702,0.028844714,0.48261464,0.00049972534
traffic,747,14356,17236,0.9145657463676816,0.2683334763069936,0.8751793,0.7866268,0.78594613,0.87586
traffic,43,16852,17428,0.914563466279191,0.2745042558232925,0.7928777,0.4428618,0.34484553,0.89089394
traffic,485,14420,16532,0.9145601946683086,0.2691110836880258,0.6029161,0.23082042,0.7541102,0.07962632
traffic,448,14100,17364,0.9145519291035548,0.0207195654885488,0.64501214,1.586194,1.1808162,1.05039
traffic,365,16788,17364,0.9145042121902212,0.2950885917025008,0.6387714,0.9101536,0.77140224,0.7775228
traffic,312,15828,17172,0.9145021604678824,0.1670713919124971,0.27767682,0.11186409,0.15118718,0.014625549
traffic,347,14036,15764,0.9145014987583834,0.1238313800999907,0.29100132,0.20609164,0.18545747,0.3116355
traffic,368,14292,15252,0.9144974567893696,0.2786039705457293,0.29751348,0.31600404,0.21221328,0.40130424
traffic,844,16340,16724,0.9144692409673714,0.2902350974970578,0.36654258,0.24467278,0.23410583,0.37710953
traffic,473,14484,14676,0.9144312386656994,0.1882926909150261,0.21986198,0.07959008,0.36781597,0.068363905
traffic,353,15252,16212,0.914415305308697,0.1713872964612708,0.10598573,0.257518,0.24970719,0.11379653
traffic,3,14100,16404,0.9143943951050144,0.2002575979243272,0.14570105,0.35154974,0.037822366,0.16802633
traffic,543,14676,17172,0.9143784443315084,0.1406292069857482,0.66680765,0.038651466,0.54119134,0.16426778
traffic,789,14292,16980,0.9143736171491994,0.189075831400729,0.756716,0.16587782,0.38602448,0.20481372
traffic,317,15124,16468,0.9143723962038454,0.1683874402814824,0.14403653,0.23396444,0.054003716,0.32399726
traffic,748,16148,17300,0.9143688404769864,-0.2481140391598283,0.08836484,0.14955378,0.028874397,0.20904422
traffic,339,14996,15956,0.9143650969361364,0.1247520068488159,1.3387618,0.8252809,1.1924677,0.971575
traffic,358,14740,14932,0.914336803089184,0.2894650981594323,0.12059879,0.07439685,0.07613325,0.11886239
traffic,137,15828,17172,0.914323884675925,0.293675104149953,0.106090546,0.46724224,0.2788267,0.29450607
traffic,615,14932,16660,0.9143128049562822,0.1376121557914532,0.94720185,0.97593975,0.7505475,1.1725941
traffic,823,16980,17172,0.9142975514026604,0.1880798120729779,0.40814257,0.46270943,0.5272374,0.34361458
traffic,665,16276,16660,0.9142962395332702,0.078083559760363,1.0828093,1.5429857,1.0158893,1.6099057
traffic,73,15764,17300,0.9142841231958828,0.2187049378105893,1.0215174,0.47442484,0.5220648,0.97387743
traffic,342,14612,16916,0.9142700314161852,0.160304725646544,0.0011637211,0.3164724,0.27912307,0.59443176
traffic,578,15380,16532,0.9142522787689918,0.2465401623850124,0.38998485,0.26817203,0.41332674,0.29151392
traffic,147,16596,16980,0.914248072847488,0.1699521035031513,0.4399792,0.048246622,0.2431289,0.24509692
traffic,833,16340,17300,0.9142435185293998,0.1464165671732186,0.8301058,0.33181167,0.5402663,0.6216512
traffic,2,15828,17364,0.9142186495527294,0.1914221836544797,0.2136476,0.04354024,0.25805545,0.0008676052
traffic,457,16148,16724,0.9142150999805004,0.2266462533033843,0.36799598,0.19791508,0.31895065,0.2469604
traffic,226,14612,16148,0.914165682655694,-0.0107918092434328,0.22738123,0.028232813,0.18737745,0.011770964
traffic,213,15956,17300,0.914165338492634,0.2455824761908256,0.19066942,0.13381469,0.28664505,0.22979033
traffic,378,14164,16852,0.9141387899156442,0.0010407532401027,0.109636545,1.1126169,0.8446107,0.37764275
traffic,566,15316,16468,0.9141362518052616,0.2868047318502921,0.3717816,0.67916846,0.5658686,0.48508143
traffic,848,15572,16724,0.9141264353931792,-0.020777435018414,0.71073055,1.1145425,1.0933588,0.7319143
traffic,564,14740,16852,0.914124397716513,0.2095299860232299,0.9782859,0.32867646,0.42477942,0.22483003
traffic,221,14100,16404,0.914123155716576,-0.032392043123711,0.1989801,0.9229078,0.26379097,0.46013677
traffic,532,14356,15508,0.9141212373759324,0.1263245304906498,0.09711051,0.047811747,0.18400979,0.039087534
traffic,626,14676,17172,0.9141061331434812,0.1751541961494605,0.15984583,0.3693521,0.078205585,0.28771186
traffic,381,14228,17108,0.9140517537023825,0.2580208869873513,0.16142392,0.22760153,0.3229643,0.38914192
traffic,571,15444,16212,0.9140377740948888,0.294155213841884,0.25214505,0.32080817,0.34123707,0.23171616
traffic,425,16212,16404,0.9139974418153164,0.2138023290127531,0.14166307,0.17357159,0.13455439,0.18068027
traffic,429,16468,16660,0.9139939240766344,0.111443031859433,0.6944854,0.71340466,0.5410795,0.86681056
traffic,304,14932,17428,0.9139842040291836,0.1985105997991712,0.41927302,0.013637662,0.1710397,0.23459566
traffic,634,14100,17364,0.9139729898106788,0.1668470031780546,0.74417984,0.9620359,0.94014275,0.766073
traffic,429,14228,17108,0.913938799782624,0.2578157460515058,0.16578197,0.22309971,0.3265301,0.38384783
traffic,708,15124,16276,0.9139296617026342,0.1674593506182246,0.085231066,0.082509756,0.18306208,0.015321255
traffic,561,14228,17108,0.9138984277527,0.251845334744942,0.118926525,0.23774242,0.3142445,0.4330604
traffic,746,14804,17108,0.9138692160966128,0.2973056260687844,1.1475923,0.6793821,0.7817533,1.0452211
traffic,240,14484,16596,0.9138671675016684,0.2544156660575362,0.26903677,1.0177641,0.7745347,0.51226616
traffic,502,15508,16468,0.913834550488352,0.2913740418121028,0.23790765,0.048238754,0.020647049,0.21031594
traffic,729,14484,15636,0.9138164527331786,0.208698946820356,0.2163086,0.7162945,0.40379786,0.52880526
traffic,602,15764,16340,0.9138160827855494,0.1948513509266916,1.40218,0.562577,0.5728631,1.3918939
traffic,842,14996,15188,0.9138160710684926,0.2273929093948374,0.011446238,0.08521199,0.012725115,0.083933115
traffic,193,14740,17044,0.9137683235914807,0.2363926241905971,0.49042702,0.802232,0.61177754,0.6808815
traffic,86,14100,17364,0.9137275755010672,0.0101735853003844,0.6388699,2.6686888,1.5828859,1.7246728
traffic,155,14932,16468,0.9137110906954086,0.1860722231939992,0.36971855,0.087720275,0.30773306,0.025734782
traffic,289,14420,14996,0.9137104830075404,0.2945974302775239,0.5034592,0.25555563,0.40632963,0.3526852
traffic,741,16404,17364,0.9136786821233686,0.045318335942194,0.16441703,0.10430908,0.29052162,0.021795511
traffic,289,16852,17428,0.9136680964278556,0.2413149136666782,0.3863635,0.45684958,0.4313798,0.4118333
traffic,547,14100,17364,0.913629105683052,0.1106522637706804,1.0455397,3.0227034,1.3960594,2.6721838
traffic,715,15444,16020,0.9135279889946212,0.2196900503225451,0.65144455,0.6310847,0.6839856,0.59854364
traffic,227,14548,15124,0.9134570456809572,0.2380294088418074,0.2952981,0.39203537,0.43206525,0.25526822
traffic,206,14228,14996,0.9134204629899804,0.2125815690052702,0.9468355,0.076441765,0.3451488,0.6781285
traffic,138,15252,16788,0.913420048090922,0.297370686037966,0.2192055,0.050216198,0.36527097,0.19628167
traffic,559,14100,16212,0.9134192346852638,0.2025851940747797,0.15193236,0.36722076,0.2967459,0.22240722
traffic,468,15764,16340,0.913411066813368,0.150144736326145,1.1341889,1.9752481,0.9147439,2.194693
traffic,771,14612,15764,0.9134092703937656,0.2634113239706535,0.3296666,0.29146993,0.2703923,0.35074425
traffic,480,15828,17172,0.913387701818456,0.2930590559758903,0.2029109,0.07566023,0.2654271,0.013144016
traffic,286,14932,15124,0.913380874383757,0.270929096375343,0.281353,0.17773128,0.24775481,0.21132946
traffic,155,14996,16724,0.9133580318216836,0.183393559817019,0.11550236,0.57763445,0.12748885,0.56564796
traffic,699,14484,15252,0.9133579549312788,0.272275004998011,0.079868555,0.4137044,0.042666435,0.45090652
traffic,177,14292,15636,0.9133542937286382,0.2954886480791505,0.28619885,0.4731803,0.019969463,0.16701198
traffic,259,15636,16980,0.9133250481282258,0.0428212973846734,0.3667543,0.7316193,0.06334698,0.428212
traffic,836,16788,17364,0.9133149086550548,-0.0254492145499572,0.37454283,1.0138792,0.97819626,0.41022575
traffic,305,14036,14228,0.9132970887410018,0.0849903196926246,0.018399477,0.02854991,0.08100486,0.070854425
traffic,287,14228,17108,0.9132897209796572,0.1786538079611206,0.14820492,0.58719313,0.37390673,0.81289494
traffic,587,14996,16724,0.9132816521298828,0.1976306607351288,0.26469684,0.28472257,0.35369706,0.19572234
traffic,161,14228,16724,0.9132645883486334,0.1869447051701634,0.63235474,0.9606786,0.9445505,0.6484828
traffic,93,14420,14996,0.9132453632773851,0.1227254480210865,1.427636,1.803251,0.8317888,2.3990984
traffic,246,14100,16404,0.9132154563162364,0.2153822300270521,0.16477942,0.23593962,0.43213624,0.03141719
traffic,676,14740,16852,0.9132125178776992,0.0522727590282422,0.4450481,0.13555145,0.19262719,0.11686945
traffic,348,16020,17364,0.9131862701868496,0.2482765105856361,0.3030615,0.29627037,0.36451173,0.23482013
traffic,208,14484,16788,0.913172840093692,0.0131530449102088,0.47224832,1.4881487,1.2323229,0.7280741
traffic,580,14484,16596,0.9131566662429712,0.0932596390091896,0.38746095,1.0085707,0.8607538,0.53527784
traffic,489,14484,16980,0.913141647125388,0.2753478121988758,0.09476781,1.0833464,0.6659603,0.51215386
traffic,77,14100,14676,0.9131363851345716,-0.0517743409555482,0.57968163,0.8617692,0.8339772,0.6074736
traffic,296,14164,14932,0.91312591960187,0.2121297595903101,0.5175648,0.28267264,0.041909695,0.7583277
traffic,8,16852,17428,0.9131150159952822,0.2010164883602863,0.6312885,0.36881423,0.28809142,0.71201134
traffic,770,14292,16596,0.9130800963632708,0.2627467527683669,0.3059113,1.3423016,1.129959,0.5182539
traffic,554,15764,16916,0.913078853447859,0.2902308997228707,1.2323668,0.31356406,0.6360987,0.28270411
traffic,490,15956,17108,0.913078267878034,0.2115894833685741,0.2094866,0.3372079,0.036608815,0.58330333
traffic,6,14932,16660,0.9130780540227256,0.0233541221108425,1.1117522,1.2487726,0.7050779,1.6554469
traffic,227,17172,17364,0.9130746637427388,0.1729536697841703,0.7451112,1.3321462,1.0250506,1.0522068
traffic,5,15956,16340,0.9130668915701684,0.2747615480700752,1.158938,2.7671423,1.0185195,2.9075608
traffic,320,16276,16660,0.9130627754053868,0.2447521784375485,0.97818494,1.0960536,0.6471319,1.4271066
traffic,537,14036,16916,0.9130569913219364,0.1403981827109183,0.45069957,0.2955426,0.10418105,0.6420611
traffic,761,15828,17172,0.9130366813208148,0.2296993046641479,0.2759347,0.19503236,0.17604065,0.09513831
traffic,772,16660,17236,0.9130181226190636,0.2021991785717632,1.310863,0.6980709,0.74887943,1.2600545
traffic,208,15764,16916,0.9130092576458222,0.2528260014965313,0.98591113,0.8209975,0.7246623,1.0822463
traffic,859,14676,16980,0.9129798670781564,0.2610556670817016,0.045175314,0.65935516,0.3145759,0.29960394
traffic,142,14484,16596,0.9129783863180212,0.1492751487574416,0.1453836,0.019456863,0.24647832,0.120551586
traffic,268,15124,15316,0.9129528749359748,0.2148968778763427,0.667899,1.8173635,1.1991688,1.2860937
traffic,65,14612,14996,0.9129522494629698,0.2415808911110991,1.2936249,0.4553795,0.51844764,1.2305567
traffic,111,16532,17108,0.9129513536403971,0.2840235528594796,1.1354992,0.59166205,0.77416277,0.9529985
traffic,49,16660,17236,0.9129490692981131,0.1038086324257482,0.5518451,0.5453286,0.5776334,0.5195403
traffic,1,15956,17108,0.9129300679317868,0.2421276654326585,0.111047626,0.16135502,0.16860652,0.21891391
traffic,97,14740,16660,0.912926956031352,0.007743068858075,1.7087052,2.892074,0.8134912,3.7872882
traffic,172,15444,17364,0.9128847617271526,0.2623119341761392,0.8210044,2.3007112,1.4504347,1.6712809
traffic,177,14484,16596,0.9128692166261028,0.0343517980601042,1.5970073,0.5689,0.4786706,1.6872367
traffic,25,15828,17172,0.9128602468581076,0.2452444898313568,0.081410885,0.5537753,0.18144488,0.29091954
traffic,163,15828,17172,0.9128573006764296,-0.0389142816823382,0.08906984,0.70116115,0.12022424,0.49186707
traffic,673,14804,17108,0.9128531541430251,0.2793557111596973,0.16646338,0.28566027,0.06502485,0.5171485
traffic,351,15444,16788,0.9128293113389884,0.2378890035754925,0.130929,0.26346147,0.059404492,0.45379496
traffic,485,15124,16276,0.912827341745488,0.1289064031352295,0.123393536,0.027452469,0.09345651,0.00248456
traffic,641,14804,16916,0.9128257680773126,0.2839245666704991,0.16753578,0.31862783,0.0030617714,0.4892254
traffic,673,14676,15828,0.9128220775521764,-0.0697884268031971,0.265594,0.33294797,0.020771027,0.08812499
traffic,503,15060,15636,0.9128034969767014,0.1159100602685316,0.44666767,0.6854992,0.9044645,0.22770238
traffic,508,16020,17364,0.9127963479695924,0.266818886027044,0.17504764,0.44120812,0.16040468,0.45585108
traffic,320,14996,16340,0.9127819404853146,0.115616609356835,0.018101454,0.18390131,0.0050985813,0.17089844
traffic,285,16660,16852,0.9127634681974636,0.2886611384117402,0.06894112,0.4617524,0.27597046,0.11684084
traffic,710,14292,16404,0.9127507315316123,0.2918886321562935,0.21826363,0.41646063,0.07532811,0.55939615
traffic,654,14356,17044,0.9127494766079628,0.1552414031111525,0.43325424,1.0875218,0.8358686,0.68490744
traffic,455,16660,17236,0.91274796289192,-0.0103962732020831,1.8152359,0.8345963,1.5910623,1.0587698
traffic,325,14484,16980,0.9126616023713046,0.0346977084562762,0.109458685,0.697093,0.38701105,0.41954064
traffic,528,14100,16404,0.9125912190427836,0.2622008667924588,0.1464014,0.6174239,0.19118345,0.27983904
traffic,516,16660,17428,0.91259077527105,0.2094460332194305,0.14732099,0.036967278,0.14228415,0.031930447
traffic,388,14612,16532,0.9125578569512924,0.2997732461135292,0.20122242,0.10687089,0.13206744,0.037715912
traffic,62,14100,14676,0.912534205436483,0.2915950963399765,0.3162558,0.44736433,0.7279291,0.035691023
traffic,589,16660,17428,0.9125234162888446,0.0285136315675404,0.8605263,0.55285,0.6778953,0.735481
traffic,831,14996,17108,0.9124587944371032,0.1659898256187115,0.22860265,0.18987393,0.010043383,0.4084332
traffic,581,16660,17236,0.9124308353768456,0.1668004807372614,0.897743,1.0593266,1.1588047,0.798265
traffic,67,14036,16724,0.9124167996817976,0.2386362244699676,0.51572156,0.4845791,0.18250561,0.81779504
traffic,213,14996,15380,0.912414958462487,0.2825934230687548,0.775501,0.57454455,0.56685996,0.7831856
traffic,206,15508,17428,0.912399324324832,0.2762100885462616,0.7297323,0.750962,0.6687856,0.8119087
traffic,747,15956,17108,0.9123890175045832,0.1148095255335535,0.50504804,0.33698702,0.42865324,0.41338181
traffic,662,14228,14996,0.9123703598019756,0.1472251733096381,0.68021774,0.36362863,0.4897163,0.5541301
traffic,221,15956,16724,0.9123286151053788,0.1783196048530249,0.927668,1.122366,0.92990315,1.1201308
traffic,238,15252,16212,0.9123245524041932,0.2485121390005232,0.28259838,0.8283318,0.82342374,0.28750646
traffic,573,14100,15636,0.9122973817580972,0.2926783117761573,0.19414663,0.0847373,0.0839653,0.02544403
traffic,155,16788,17364,0.9122662178979756,0.2504405692318732,0.4162799,0.5337887,0.68331635,0.26675224
traffic,33,16596,16980,0.912242000811866,0.1865612750876125,0.29962468,0.2462275,0.035737753,0.017659426
traffic,506,14612,16724,0.9122043529792404,0.1714181538528613,0.23148668,0.09945369,0.20395291,0.12698746
traffic,510,14164,16660,0.912183723467766,0.1520866801237045,0.5449865,0.13488173,0.31220508,0.097899675
traffic,332,15828,16596,0.9121373914762584,0.20691161063547,3.124647,1.0287031,2.9650812,1.1882688
traffic,727,14548,17428,0.912132645368486,-0.0897743872460382,0.7956855,0.9701452,0.72219276,1.043638
traffic,532,14612,17108,0.9120474897960196,0.227898824868713,0.32579422,0.4916451,0.056446075,0.76099324
traffic,202,15444,17364,0.9120248259631984,0.1096644088020111,0.6236826,1.3077619,1.0601062,0.87133837
traffic,149,14484,16596,0.9120216718348104,0.1071720149070701,0.56206894,0.9471501,0.8353623,0.67385674
traffic,807,14484,15828,0.912002860712372,0.2903044021666121,0.18969703,0.182096,0.45511222,0.08331919
traffic,112,14292,14484,0.9119982733055516,0.2036845916773284,0.20581341,0.050467014,0.29348063,0.037200212
traffic,447,15636,16980,0.9119547597055188,0.1871115144669007,0.1391406,0.84738946,0.4078281,0.30042076
traffic,247,14036,14996,0.9119445996351612,0.151705200088096,0.32188892,0.3825829,0.023049831,0.037644148
traffic,474,15956,17108,0.9119399605191152,0.1651074845240144,0.017759085,0.3109585,0.14862573,0.47734332
traffic,740,15828,16596,0.9119111750947612,0.147891722436608,0.8164265,1.1122334,1.2614752,0.6671847
traffic,662,15636,16212,0.9118911160097238,0.2867255584987571,0.00731349,0.1758008,0.02631116,0.20942545
traffic,791,14996,16340,0.9118636287986202,0.191090505312169,0.15219212,0.13969898,0.014631748,0.30652285
traffic,22,14996,16148,0.9118612702807604,0.264611016774868,0.41285396,0.54346323,0.38270688,0.5736103
traffic,420,14100,14676,0.9118543752402624,0.0428213448098261,0.6850463,0.7718687,0.8071526,0.6497624
traffic,43,15956,17108,0.9118489635661432,0.2254742316076396,0.33950067,0.37687957,0.1421802,0.85856044
traffic,312,14356,17428,0.9118363043760612,0.2836129612766446,0.7625871,1.4646697,0.94713736,1.2801194
traffic,155,14420,16148,0.9118331827054742,0.2709963692242409,0.6197126,0.18376625,0.38568974,0.4177891
traffic,133,14100,17364,0.911826035507883,0.138333605109372,0.6952934,1.6979184,1.4771249,0.9160869
traffic,851,14740,16660,0.911786850250688,0.2164156603631799,0.51845527,0.2383132,0.45248222,0.30428624
traffic,73,15252,17364,0.9117364619604322,0.2584820374010726,0.60763144,2.6074176,1.8344134,1.3806355
traffic,459,14484,17172,0.9117127520908208,0.2318291940595089,0.3677609,0.010862589,0.27880645,0.09981704
traffic,836,14356,15700,0.9117042808008934,0.1281311686355274,0.108840704,0.08582497,0.0042653084,0.19040036
traffic,87,15892,16276,0.9117018842317745,0.0296913029442761,0.34402895,0.21077704,0.25909305,0.29571295
traffic,554,14932,16276,0.9116828450351055,0.1687742982185126,0.67171043,0.4937433,0.49069113,0.6747626
traffic,24,14676,15252,0.9116813335174684,-0.0617461053800112,0.67973995,1.1327552,1.2523668,0.56012833
traffic,324,14100,16404,0.9116582753655218,0.051944173740263,0.13180327,0.23320138,0.09201503,0.4570197
traffic,96,15316,16468,0.9116526982525636,0.2199051484958895,0.5620024,0.80096114,0.77883387,0.5841297
traffic,420,14036,16340,0.9116498833879976,0.2769348233395795,1.3616004,1.8462725,0.7901509,2.417722
traffic,467,15636,16788,0.9116222726734808,0.1898495720654757,0.48559427,0.43752587,0.2973075,0.62581265
traffic,295,14292,16980,0.9116007323657622,0.2259406059781445,0.41594982,0.26372623,0.20182776,0.049604177
traffic,44,16468,16852,0.911568847885494,0.2819320695451819,0.24101686,0.035445213,0.30765486,0.03119278
traffic,27,16660,17428,0.91156509494911,0.2765212268677618,0.14372253,0.09530282,0.11016369,0.12886167
traffic,353,14100,15444,0.9115353828619364,-0.0512707181197587,1.103589,1.6215167,1.9973177,0.72778815
traffic,602,14612,16916,0.9115117243630636,0.2501515117512742,0.31588328,0.45867574,0.10146904,0.2442615
traffic,727,15828,17172,0.91149076378969,0.0430183966732355,0.28999782,0.91219735,0.31163597,0.31056356
traffic,334,14484,14676,0.9114895211555804,0.2353489712980726,0.16309857,0.07939386,0.21532178,0.027170658
traffic,365,15124,16660,0.9114665270954838,0.1625319578094314,0.5134065,0.39969516,0.49287605,0.42022562
traffic,269,14676,15636,0.9114591608035032,-0.0210358446331784,0.22991586,0.5903518,0.24472547,0.5755422
traffic,116,16020,16788,0.9114301501993568,0.0857349650999113,0.78826666,1.3458544,1.4589498,0.67517126
traffic,779,14228,16916,0.9114019156688464,0.2939318085482454,0.6572461,0.6776304,0.011427879,1.3234487
traffic,717,16980,17364,0.9113973012545636,0.246365981580773,1.3005735,1.4688964,0.86095965,1.9085102
traffic,813,15060,16212,0.9113858483585716,0.2257589573992205,0.12570333,0.5351362,0.5525956,0.10824394
traffic,554,14612,17108,0.911379850709728,0.2037056371267365,0.5849046,0.5575554,0.2551387,0.22778946
traffic,58,14484,14676,0.9113715877221036,0.1942917864107331,0.33345962,0.6604519,0.77333784,0.22057366
traffic,393,14100,16404,0.9113533897491398,0.2932805090551617,2.161528,1.1488467,2.3011608,1.0092142
traffic,6,14100,17364,0.9113488116080426,0.0659163575508952,1.0516182,2.4683094,1.2340835,2.285844
traffic,513,14612,16724,0.9112811161454554,0.1941777607200926,0.83354867,0.27471638,0.371992,0.73627305
traffic,291,14228,16916,0.9112760741807188,0.2942499475663414,0.043732643,0.4585184,0.04774809,0.45450294
traffic,508,15060,16788,0.9112719782622648,0.2782673988211434,0.40139437,0.19411016,0.23931432,0.032030106
traffic,392,14676,16788,0.9112631652169766,0.2175885275308027,0.040807962,0.59587824,0.2568004,0.29826987
traffic,263,14356,17044,0.9112279481173808,0.1727982485514116,0.3559655,1.0083289,0.7501608,0.6141336
traffic,730,14164,17236,0.9112266996363552,0.2627550857810413,0.5742872,0.8367964,0.65221834,0.75886524
traffic,500,14164,16660,0.911212339786112,0.1845578346790467,0.69544005,0.039230585,0.43888855,0.21732092
traffic,319,14164,17236,0.9112079602913262,0.2492744318482793,0.86500025,0.5647341,0.4026041,1.0271302
traffic,309,15252,16980,0.9112018357092958,0.2663118135730464,0.23007917,0.075921774,0.14193273,0.012224674
traffic,446,14868,16020,0.9111989217988108,0.2982860325067369,0.27603292,0.25860524,0.29498672,0.23965144
traffic,220,15060,16404,0.9111927338353816,0.2793434985299416,0.040161848,0.022617102,0.20645583,0.14367688
traffic,688,14036,16532,0.9111900667109204,0.2862310425241585,1.204818,0.82643545,0.8965578,1.1346956
traffic,448,14676,15828,0.9111796231344998,0.1624502134447382,0.2808771,0.23020244,0.2654488,0.21477413
traffic,669,14740,14932,0.9111650313455488,0.2879882181638841,0.2796471,0.23090076,0.24332857,0.2672193
traffic,479,14612,14996,0.9110612190041404,0.2390784414109739,0.9515288,0.34505248,0.48870325,0.807878
traffic,716,14164,15892,0.911037086583915,0.2178483755367423,0.12869239,0.32042742,0.11663246,0.3083675
traffic,571,15060,16596,0.9110250079439552,0.0274469642681401,0.3729236,0.3800547,0.49208665,0.26089168
traffic,378,14484,17172,0.9110195900860188,-0.0787879609132271,0.5872326,0.43500328,0.5050874,0.5171485
traffic,399,14484,14676,0.9109840463414606,0.2207977119264957,0.49905896,0.4434502,0.2398076,0.18419886
traffic,118,15828,17364,0.910983849897644,0.0962538774976149,0.53129745,0.2836063,0.37091994,0.4439838
traffic,325,15764,16532,0.9108941291874558,0.1251422013928046,0.55373025,0.16910338,0.2916081,0.43122554
traffic,810,15124,17428,0.910880901164062,0.2729908056730935,0.95555735,0.52657986,0.5552714,0.9268658
traffic,491,14548,15892,0.910868173763314,0.2855534481918409,0.1088326,0.08948827,0.078817844,0.11950302
traffic,347,16084,16660,0.9108107302615384,0.2932261265494882,0.8463676,0.41727972,0.44447088,0.81917644
traffic,463,14484,17172,0.9107739135152,0.2828295660136927,0.3877976,0.08484006,0.38705516,0.085582495
traffic,708,16660,17236,0.9107718675630108,0.1003952016402677,0.62526274,0.60817313,0.656981,0.5764549
traffic,159,14804,14996,0.9107604361761152,0.2330370981505517,0.26012373,0.101923466,0.2274971,0.1345501
traffic,283,14100,16212,0.9107548230034328,-0.0220434054981348,0.23943841,0.08188701,0.17031848,0.0127670765
traffic,342,14292,17172,0.910697106035914,0.1389602768820325,0.6583545,0.20232654,0.6261492,0.23453188
traffic,471,17108,17300,0.910693192408274,0.0974114625099169,0.8626778,0.52727056,0.464648,0.92530036
traffic,852,16788,17364,0.910682483548122,0.2521285929491228,0.5797994,0.8876915,0.7245045,0.74298644
traffic,847,15572,16340,0.9106796922211357,0.269089975372972,1.1533848,1.1017051,0.7309073,1.5241826
traffic,822,15124,16660,0.9106757205793786,0.26862608777979,0.35407782,0.20505476,0.2678907,0.29124188
traffic,521,16788,17364,0.9106731700179186,-0.0368029244671245,0.33310795,0.4075215,0.5284672,0.21216226
traffic,536,15444,16404,0.9106523876927192,0.068607496667092,0.06412125,0.4365872,0.26261067,0.23809779
traffic,227,14612,17108,0.9106345480475224,0.0309510011525742,0.023246288,0.4391874,0.23910415,0.22332954
traffic,193,14484,14676,0.9106334566208988,0.2833425535638468,0.87033033,0.049428463,0.5345154,0.2863865
traffic,235,15444,16404,0.9106298781878582,0.0031944829043684,0.19822145,0.17749071,0.091055155,0.07032442
traffic,785,16660,17236,0.9106250164370592,0.2747973154015288,0.69978666,0.47956753,0.39429188,0.7850623
traffic,659,15444,16212,0.9106026279106249,0.2789918858567018,0.06754506,0.08935678,0.10600674,0.050895095
traffic,274,16404,17364,0.9105988971847504,0.1721938882333323,0.67243075,2.466565,1.5502894,1.5887063
traffic,81,17300,17428,0.9105742609646378,-0.1709415442091734,1.3833609,3.0566163,0.80955553,3.6304216
traffic,256,14036,16916,0.9105601658513522,0.248484647454792,0.042733192,0.28319573,0.0006418228,0.32657075
traffic,313,14740,15700,0.9105510873880704,0.2614109225163779,0.20994687,0.008487225,0.11787319,0.1005609
traffic,492,14036,17108,0.910537083514342,0.2574689652286991,0.20218337,0.27653778,0.048079252,0.5268004
traffic,89,14484,14676,0.910534545943619,0.2704741599788263,0.24050331,0.29245424,0.3522339,0.18072367
traffic,215,15508,16084,0.9105219415977494,0.2163293136897431,0.12807035,0.17219734,0.017623901,0.3178916
traffic,459,14996,16340,0.9104880841886502,0.1190635399892561,0.06910539,0.22920299,0.05619955,0.24210882
traffic,23,15316,17428,0.9104791365132968,0.2187517910764611,0.07658625,0.24673676,0.006650448,0.17680097
traffic,565,15636,16788,0.9104636682796988,0.0896828719375159,0.39196396,0.5405359,0.41700363,0.51549625
traffic,178,14740,16084,0.9104395488024672,0.290638826533113,0.03120184,0.16229093,0.11163759,0.08185518
traffic,110,15124,16468,0.9104359393974089,0.1075427987547507,0.10949564,0.22432804,0.0120379925,0.34586167
traffic,259,14612,17108,0.9103813239933958,0.2046351095067091,0.6034016,0.67936176,0.24707049,0.32303065
traffic,214,14548,14740,0.9103811553080572,0.1631225848610063,0.082812786,0.09563279,0.10808802,0.07035756
traffic,631,14548,15316,0.9103778457755456,0.2789986200286635,0.21779132,0.10132384,0.20386362,0.11525154
traffic,2,14996,16916,0.9103651610855592,0.0914925655735453,0.18037677,0.41388917,0.040915012,0.63518095
traffic,105,15572,16916,0.9103514163338248,0.2989924160754346,0.18981063,0.34608817,0.18652594,0.72242475
traffic,54,15444,16404,0.9103451295659338,0.090062637576656,0.27290118,0.29039466,0.6439427,0.08064687
traffic,506,14676,16980,0.9102762943387818,0.2199764719798355,0.51443696,0.89859056,0.11607528,0.26807833
traffic,682,14484,16404,0.9102633459074272,0.2613370676438711,0.103518486,0.64799786,0.25911927,0.49239707
traffic,463,15124,17428,0.9102443559513496,0.2998021140527309,0.1845032,0.09040475,0.074763656,0.019334793
traffic,651,16660,17236,0.9101726306278088,0.1734784694861252,0.050451994,0.079344034,0.021451712,0.10834432
traffic,348,15636,16404,0.9101354393557164,0.2965606704996334,0.061404705,0.28765297,0.11631751,0.23274016
traffic,261,16276,16660,0.9101226788948787,0.1881410684570832,0.812567,0.7132354,0.656935,0.8688674
traffic,12,14036,16916,0.9101129366393366,0.2382734019863081,0.051810026,0.5136136,0.11824477,0.6836684
traffic,209,14484,16980,0.9100941136024364,0.0766580067615362,0.109283924,0.96177673,0.66712546,0.4039352
traffic,367,15124,16276,0.9100345070903288,0.2600785664455713,0.26742792,0.49048233,0.47796237,0.27994788
traffic,257,14676,16980,0.9100312531581202,0.2359845077284288,0.054727316,0.6319952,0.1254499,0.7027178
traffic,87,14612,14804,0.9100303246394584,0.1214292431364787,0.0024466515,0.0032866,0.06691146,0.06607151
traffic,785,15316,16276,0.9099587309570606,0.2322047336781579,0.5756403,0.843383,0.8260497,0.59297365
traffic,495,14164,16276,0.909905966051372,0.2201943442330835,0.021173477,0.19068933,0.11509395,0.32695675
traffic,523,16724,17300,0.9099054822004358,0.2591051062377578,0.21286154,0.05111265,0.04786849,0.113880396
traffic,280,16404,17364,0.9099042931963064,0.2763806995517983,0.30025768,0.4508171,0.53521943,0.21585536
traffic,310,15316,16468,0.9099019092484754,0.2461410620444458,0.14409018,0.34709024,0.1005857,0.39059472
traffic,202,15956,16532,0.9099013221460588,0.233035773101839,0.47865748,0.11374903,0.29983687,0.29256964
traffic,629,14484,17172,0.9098929993334532,0.1137487335755613,0.10034776,0.14752817,0.06872606,0.11590648
traffic,350,14932,15508,0.9098922450752318,0.1603243536905542,0.83410275,0.26110888,0.41708148,0.67813015
traffic,554,15636,16596,0.9098782400646632,0.0752209306195417,0.58918536,0.37685204,0.9042491,0.06178832
traffic,791,14228,14612,0.9098388919883252,0.2706939863863579,0.1742338,0.11488962,0.14117324,0.14795017
traffic,491,16660,17236,0.9098225270464948,0.1097097071144694,0.8575556,0.5490353,0.5884445,0.81814647
traffic,839,15956,16532,0.909787444356549,0.0748471913192859,0.18160295,0.004329443,0.12812209,0.057810307
traffic,480,15252,16404,0.9097626911529064,0.2882945866353734,0.03469658,0.0611552,0.028493881,0.0020352602
traffic,395,15444,17364,0.9097597836398656,0.1896089673930253,0.7558249,1.0650442,1.0386423,0.7822268
traffic,207,14356,16852,0.909751115322744,0.2076140086673471,0.22579432,0.13086557,0.054534912,0.04039383
traffic,19,14292,16788,0.9096894132140144,0.2805059221163405,0.47408903,0.80070055,0.64585936,0.6289302
traffic,278,14740,16660,0.9096817541049512,0.1268885137392663,1.0961128,1.872617,0.8670403,2.1016896
traffic,747,16148,17300,0.9096682016786674,0.1303146504231511,0.1967845,0.28556037,0.010573864,0.471771
traffic,494,14100,17364,0.9096595192683516,0.1410702389805073,1.0793684,3.0957866,1.374321,2.800834
traffic,79,15764,16916,0.9096403865082172,0.2959159981448371,0.008688569,0.07759631,0.43790126,0.506809
traffic,650,15636,16980,0.9096110846014828,0.1247594011267947,0.17009377,0.41540658,0.031996965,0.27730978
traffic,398,15764,16340,0.9096095824957172,0.2896696273011038,1.430136,2.3609688,0.82150793,2.9695969
traffic,465,16084,16660,0.9095987953146776,0.2663409474372427,1.7896147,1.4778864,0.73333275,2.5341682
traffic,122,14292,14484,0.9095979860820654,0.2919581382697154,0.255481,0.6978965,0.71539116,0.23798633
traffic,844,16276,17044,0.9095977001501524,0.2252154263623565,0.14438367,0.09919381,0.038651466,0.006538391
traffic,122,16276,16660,0.909556232404853,0.1852455925785288,0.94585896,1.4386053,1.0252051,1.3592591
traffic,732,15252,16404,0.9095508580243372,0.2587481151767523,0.18157971,0.14976251,0.034422994,0.06624019
traffic,247,15636,16404,0.909548204177352,0.2433763584251606,0.07982254,0.52732444,0.25514913,0.35199785
traffic,214,14612,17300,0.9095466892925864,0.0273786746261829,0.9119742,1.1834283,0.7641156,1.3312869
traffic,684,14100,16212,0.9095241568408968,0.281107446637181,0.73990345,0.85583806,0.6358621,0.9598794
traffic,126,14996,17300,0.9095162443472972,0.1562056597129261,0.06816697,0.12200618,0.37934804,0.43318725
traffic,602,14292,16404,0.9094828208573632,0.2427904047769353,0.44694948,1.236069,1.0862076,0.5968108
traffic,680,14100,16404,0.9094660340069104,0.152498466034009,0.18475866,0.7578988,0.4005313,0.5421262
traffic,635,14100,16020,0.9094585774242264,0.2865638924428806,0.8690548,1.6898808,1.039248,1.5196877
traffic,641,16212,17364,0.9094507525728216,-0.0670376211684071,0.32887948,0.50457835,0.5953237,0.23813415
traffic,304,16660,17236,0.9094015858903588,0.0479015002319134,3.4644184,1.216223,3.6041138,1.0765276
traffic,690,14100,17364,0.909370720538194,0.1095790062402266,0.8387835,2.7178628,1.4381652,2.1184812
traffic,840,15764,17108,0.9093659273978446,0.2967132434255162,0.2537477,0.32880342,0.10137427,0.02631855
traffic,306,14292,14676,0.909356326550066,0.2286294111067158,0.5825405,0.101450205,0.5562134,0.12777734
traffic,2,15508,17236,0.909355722623805,0.2606048069716086,0.01204443,0.7363354,0.33160877,0.3926822
traffic,184,14996,15764,0.9093432729923088,0.2673309376769515,0.16744876,0.15633011,0.025834799,0.34961367
traffic,201,14036,16340,0.9093318242018092,0.2789577074323878,1.4646473,1.7937188,0.7565837,2.5017824
traffic,816,15252,17364,0.9093094347903244,0.2408019505222128,0.57745206,2.1125278,1.7254516,0.9645283
traffic,338,15060,16788,0.9093047945947832,0.2347888433528721,0.5444292,0.054858923,0.21537483,0.38391328
traffic,628,14484,17172,0.9092996029748536,0.1223156393028812,0.19706774,0.31181073,0.011110306,0.10363269
traffic,535,14228,14996,0.9092982155770408,0.1691559881289177,1.5102319,1.3187461,0.6770557,2.1519222
traffic,216,15956,17108,0.9092973515056074,0.2444800861789466,0.46021914,0.41091704,0.13080537,0.7403308
traffic,600,14612,16916,0.9092781642331246,0.252045698282449,0.41188145,0.33193493,0.15592694,0.58788943
traffic,14,15764,17300,0.9092748834360448,0.1534903663337588,0.32169974,0.33489418,0.45322454,0.20336938
traffic,554,16660,17236,0.909266522616782,0.2642203666924591,1.7361312,1.1566216,2.006749,0.88600385
traffic,13,16404,17364,0.9092612436833528,0.1157071704409912,0.48908782,1.528826,1.2504661,0.7674477
traffic,140,14612,15188,0.9092507220915396,0.1869015924061954,0.38472724,0.5246949,0.5287678,0.38065434
traffic,43,16084,16660,0.909248023576641,0.1586793970197308,1.4541323,1.7431908,0.80003864,2.3972845
traffic,492,15700,16852,0.9092277875742876,0.2712546444583252,0.3319497,0.16176462,0.25684357,0.08665848
traffic,133,15508,16852,0.9092261660300536,0.1004040565199425,0.014577389,0.8919549,0.24861741,0.6287601
traffic,724,16084,16660,0.9092068771285048,0.2221914925193751,0.23818064,0.053993702,0.2712462,0.020928144
traffic,740,16660,17236,0.9091971608376972,0.0640553240898708,0.5132253,0.7223501,0.7777144,0.45786107
traffic,138,15316,16468,0.9091802292014324,0.05851689617173,0.2996502,0.6304482,0.3928337,0.5372647
traffic,504,14164,17428,0.9091783527773052,0.2764203735049343,0.008739948,0.39828455,0.062630415,0.3269142
traffic,203,15060,17364,0.9091681336292826,0.0792259421866782,0.6585438,2.6739283,1.7510263,1.5814457
traffic,619,14420,17108,0.9091394960744422,0.0812410427267881,0.21589112,0.21047628,0.20644093,0.20102608
traffic,225,16020,17364,0.9091347654361388,0.0664071427537612,0.7970197,1.9479806,1.320765,1.4242353
traffic,787,14484,16980,0.9091173521397704,0.0706813216892154,0.26886106,0.20654106,0.1880312,0.1257112
traffic,266,15508,17428,0.9089892750315268,0.0328791322573641,0.7325251,0.6379545,0.51736,0.8531196
traffic,657,14612,14804,0.9089222731321448,0.2803713709803768,0.25370884,0.20687199,0.29782152,0.1627593
traffic,565,15060,16212,0.9089208227874386,0.2979060348168997,0.19883204,0.31082797,0.36337936,0.14628065
traffic,710,17172,17364,0.9089184386517438,-0.0528176412265983,0.17722917,0.21696281,0.29138923,0.10280275
traffic,401,15508,16852,0.9089004188181784,0.2986314000434147,0.0053162575,0.4375651,0.28731942,0.15556192
traffic,125,15764,17108,0.9088938320670156,0.1531023774795867,0.2983265,0.3355444,0.04024768,0.5936232
traffic,544,14228,16276,0.9088812616454484,-0.0134404379538618,1.5745842,0.71097326,0.92788076,1.3576767
traffic,728,14036,17108,0.9088806975729824,0.2425413339993653,0.50333464,0.16652548,0.39045763,0.05364847
traffic,143,15764,16148,0.9088617548744684,0.2999996289184093,0.40507984,0.29169965,0.37601805,0.32076144
traffic,465,14804,17108,0.9088306047026103,0.22508073069939,0.40773523,0.7825647,0.15900886,1.031291
traffic,608,14228,16340,0.9088255930389284,0.094079131694935,1.5588124,2.6348138,0.87626934,3.3173568
traffic,746,14228,15380,0.9088160259976596,0.2094861386626512,0.5124378,0.19835103,0.12124395,0.5895449
traffic,532,16212,16980,0.9087802914829596,0.2642719705081985,0.050011635,0.5357561,0.03659582,0.44914865
traffic,110,15060,15828,0.9087775249013784,0.2284198914633493,0.50373244,0.19723177,0.40114427,0.29981995
traffic,475,15508,17236,0.90874976790813,0.10341290272028,0.14327478,0.6253718,0.032760143,0.5148572
traffic,239,14740,16852,0.9087217944941548,0.2969401954853009,0.9189316,0.035283566,0.39565742,0.55855775
traffic,533,16916,17300,0.9087199701100686,0.2786631586628486,0.22532403,0.13677478,0.14011288,0.22198594
traffic,710,14676,16980,0.9086112383059032,0.1189236929329401,0.48617673,0.45601988,0.30030203,0.27014518
traffic,276,15828,17364,0.9085813360804428,0.2835961989546181,0.3841641,0.95297456,1.1022878,0.23485088
traffic,184,16788,17364,0.9085577632270252,0.1906273942483702,0.2203424,0.40305114,0.46110344,0.1622901
traffic,594,15636,15828,0.9085128822176034,0.2789574941514103,0.43343163,0.49646688,0.5179937,0.4119048
traffic,308,14868,16788,0.9085063387232508,0.2973750968316621,0.17164779,0.120327234,0.22538447,0.17406392
traffic,664,14612,16916,0.9084842773354376,0.2220668778050808,0.14670026,0.33186615,0.07836306,0.55692947
traffic,713,14932,15124,0.9084771447949908,0.1865856654641681,0.5264096,0.0366683,0.07417011,0.4155712
traffic,68,14676,16980,0.9084765741241114,0.279622496719417,0.05855155,0.27225304,0.060669422,0.15303206
traffic,532,14676,17172,0.9084610791600326,0.2421893534911195,0.15966535,0.5531795,0.30967712,0.40316772
traffic,58,16276,16660,0.9084536316369932,0.2466317045030523,1.1245006,0.9668553,0.6316575,1.4596984
traffic,536,15508,16852,0.9084529455376972,0.1235176318468479,0.32650495,0.46847248,0.44956613,0.3454113
traffic,735,15572,16532,0.9084445176223652,0.2882574467461475,0.17193389,0.08983874,0.22819018,0.14609504
traffic,630,14484,16980,0.9084227102609168,0.2382461644173565,0.69033027,1.19604,1.2932014,0.59316885
traffic,152,14100,14484,0.9083832520022442,0.0943219068139671,0.630337,0.5018482,0.80091214,0.33127308
traffic,457,14164,16468,0.9083715405383256,0.2348417630531505,0.11429238,0.42101192,0.14208269,0.39322162
traffic,161,14420,16916,0.908356712116794,0.1968181888909209,0.16940236,0.10472572,0.55245304,0.4877764
traffic,843,14100,16788,0.9083374074765792,0.2321612244564078,0.3607769,0.62310743,0.57057595,0.41330838
traffic,691,14740,16276,0.9083137047240036,0.2908252539735986,0.31070304,0.4175222,0.4442184,0.28400683
traffic,602,14740,15508,0.9083015521328904,0.2592443756625881,1.0999315,0.61820483,0.5215788,1.1965575
traffic,810,15444,16980,0.90822755958001,0.023405827626523,0.48459983,0.30762553,0.6066035,0.4296292
traffic,206,14740,15700,0.9081223227570968,0.2176899462306782,1.284258,0.41328096,0.830809,0.86673
traffic,108,14100,16404,0.9081006322010048,0.0550602240521638,0.10328174,0.27755296,0.0032582283,0.17752945
traffic,574,15828,17172,0.9080875821836436,-0.0608032860259296,0.09288883,0.38978362,0.12552333,0.17137146
traffic,756,16788,17364,0.9080648746238792,0.1975944556652844,0.394966,0.7545271,0.70265234,0.44684076
traffic,122,16020,17364,0.9080499817775216,0.13609692975015,0.25612187,0.32064295,0.37103677,0.20572805
traffic,475,15124,16468,0.9080227146267372,0.1835063421049303,0.022302628,0.06650257,0.07176137,0.11596131
traffic,508,14804,17300,0.907999181430974,0.1933518703958889,0.7629223,0.69392943,0.60595393,0.8508978
traffic,227,15444,15828,0.9079895988808636,0.2681860444079962,0.07536316,0.41026616,0.23285294,0.56775594
traffic,785,14804,16916,0.907962290190966,0.1702813893256625,0.9036182,0.5539032,0.2939695,1.1635519
traffic,449,16148,17300,0.9079406547152334,0.2763742081238556,0.926826,0.8411422,0.98330617,0.784662
traffic,422,14676,15636,0.9079362352482268,0.0894227025645999,0.3536682,0.480973,0.15635014,0.28365493
traffic,845,15124,16276,0.9079000312086274,0.2687426274588109,0.55193305,0.67537206,0.7598034,0.4675017
traffic,9,16020,17364,0.9078809558704124,0.1317330524698244,0.78685665,1.7994776,1.2969818,1.2893524
traffic,449,14868,15252,0.907870043826746,0.2832569043938642,0.023355246,0.08927131,0.054429054,0.120345116
traffic,485,15636,16020,0.9078634294646256,0.2395641007201461,0.36808157,0.2906413,0.47872305,0.17999983
traffic,839,16660,17236,0.907842764886698,-0.0579098291498971,0.5227716,0.6203141,0.5786197,0.564466
traffic,635,14228,17108,0.9077995583844162,0.1576324553925857,0.109565735,0.35498488,0.24062276,0.4860419
traffic,520,15188,16532,0.9077780169890098,0.1503337207689039,0.21876812,0.40740967,0.3084674,0.3177104
traffic,608,15060,17364,0.9077161532527388,0.2238470098049763,0.91061854,2.8191147,1.5702511,2.159482
traffic,120,14100,16404,0.9077113274339051,0.1817350703207069,0.21438384,0.2779156,0.056359053,0.0071727037
traffic,579,16404,17172,0.907700256771074,0.2749988806383074,0.6493764,0.6508622,0.71413064,0.58610797
traffic,155,15764,17300,0.9076885902177364,0.2866915636853955,0.38703942,0.20093143,0.31499958,0.12889159
traffic,636,14292,16980,0.9076297856997376,0.1064726690514264,0.51768136,0.37880135,0.5464413,0.3500414
traffic,399,14804,17300,0.9076285169666636,0.1886724159006735,0.09407544,0.24097419,0.009763479,0.32528615
traffic,634,14484,17172,0.9076235636728448,0.2042083176472755,0.20025992,0.047619343,0.14619446,0.006446123
traffic,54,16276,16852,0.9075864179780596,0.2646011524419835,0.3892088,0.6264701,0.1462071,0.0910542
traffic,108,16276,17236,0.9075750567953272,0.067948359339548,0.6645967,0.06309366,0.44712508,0.28056526
traffic,642,14804,17108,0.9075246110059616,0.0547099182162003,0.5441649,0.3761835,0.11123705,0.80911136
traffic,313,14100,14484,0.907509466949157,0.1920079715779537,0.41242766,0.08063722,0.3496499,0.14341497
traffic,380,17172,17364,0.9074653917835842,0.2395914512628927,0.66086364,1.0256822,0.8575759,0.82896996
traffic,704,15060,17364,0.9074503659400188,0.0984724912716706,0.5089239,0.81638455,1.1158549,0.20945358
traffic,218,15828,16980,0.90743794287442,0.2474696101769585,0.025325537,0.7709639,0.36481786,0.4314716
traffic,326,14804,17300,0.907437780581237,0.2165945015826053,0.03918934,0.21722603,0.07260656,0.25064325
traffic,795,15636,16980,0.90742437297113,-0.2147294378190051,0.07275581,0.2624998,0.035778284,0.15396571
traffic,801,14996,17300,0.9073891884225052,0.1349861207984015,1.1013193,0.7478795,0.49926424,1.3499346
traffic,616,14676,16980,0.9073372186130612,0.2629871569971242,0.022892237,0.95239687,0.41591072,0.5135939
traffic,317,14804,15956,0.9073252285024942,0.2497912459175981,0.013128281,0.1538856,0.02743125,0.13958263
traffic,782,15444,15828,0.907305869344553,0.0705385833408712,0.57404685,0.3324046,0.66963696,0.2368145
traffic,54,16596,16980,0.9072964800749304,0.2277796805550813,0.058347225,0.088513374,0.01219511,0.15905571
traffic,748,16020,17364,0.9072928822912532,-0.0867769857402378,0.38573933,0.38413954,0.42401624,0.34586263
traffic,464,16020,16404,0.9072805830813204,0.0787498012758367,0.17079735,0.40925372,0.21878147,0.3612696
traffic,597,14484,16596,0.9072473128305966,0.2577366471647543,0.02559352,0.9729589,0.455204,0.4921614
traffic,385,16980,17364,0.9072189495058663,0.1522863328592084,0.31680202,0.45707083,0.6042688,0.16960406
traffic,489,14612,17108,0.9072026479935824,0.2698655003932372,0.097860456,0.36290705,0.14339364,0.60416114
traffic,346,15636,16980,0.9071747869961544,0.0232572592807792,0.30651462,0.104453444,0.15713143,0.044929743
traffic,699,14164,15124,0.9071593016400586,0.2752089440115859,0.10552335,0.006315708,0.351341,0.25213337
traffic,689,14292,14484,0.907066796569508,0.2793366739546698,0.38077116,0.31196642,0.40386844,0.28886914
traffic,837,15572,16916,0.9070662544833796,0.2993360572008439,0.54196,0.26822054,0.45071673,0.17697728
traffic,136,14676,15060,0.9070617802938156,-0.0475061320527961,0.08627033,0.23704767,0.029814482,0.18059182
traffic,666,15060,16788,0.907061047675622,0.2874110691377326,0.36283636,0.06740582,0.30600905,0.010578513
traffic,701,15572,16724,0.9070597487848652,0.1445235323412685,1.4944593,1.9307702,0.7028879,2.7223415
traffic,546,14100,16404,0.907034078757676,0.2831916940556475,0.09002304,0.071357965,0.18456364,0.02318263
traffic,179,15060,16596,0.9070095968583348,0.095164103136442,0.17674136,0.0856204,0.16671753,0.095644236
traffic,225,14164,16852,0.9070039265777504,0.1254721075343094,0.41889095,1.2401564,1.1458251,0.5132222
traffic,52,15828,17172,0.9069881911091568,0.2743702701200948,0.03877735,0.44133186,0.18458652,0.21796799
traffic,541,15252,15636,0.906985705520048,0.2891520523297919,0.3760205,0.78331876,0.76184756,0.3974917
traffic,263,14292,16788,0.9069656846768464,0.1119822919384154,1.4156024,0.43109643,0.07567811,1.7710208
traffic,35,14164,16276,0.9069602923885084,0.2433283020860268,0.077353954,0.14906478,0.0856359,0.15734673
traffic,359,15572,16148,0.906950182691652,0.2610687387590302,0.45233452,0.03527236,0.19959652,0.21746564
traffic,147,14164,16852,0.9069465668293152,0.0754993762020587,0.21947956,0.94660807,0.36370277,0.36342573
traffic,193,16148,16724,0.9069320944291664,0.2703856616810099,0.18715811,0.17279005,0.0521729,0.41212106
traffic,756,14164,15892,0.9069074297129472,0.177294145902231,0.41655016,0.40923715,0.16472483,0.6610625
traffic,796,14484,16788,0.90689574030686,0.1699387401379221,0.10569954,0.4458952,0.24045444,0.3111403
traffic,631,14612,14804,0.906862741511119,0.297688278483231,0.27179718,0.24579859,0.27162623,0.24596953
traffic,404,14868,16404,0.906848408190478,0.2673816312587174,0.04594052,0.28382444,0.17606544,0.06181848
traffic,317,15060,16020,0.9068172157178434,0.2291092708198708,0.2669611,0.20257759,0.3231578,0.1463809
traffic,449,15444,15636,0.90680619700378,0.1870831423018692,0.24536824,0.0903604,0.20266056,0.13306808
traffic,271,14100,16212,0.9067920620323476,0.2350548785049071,0.09386349,0.30437577,0.2270782,0.17116106
traffic,246,14612,16916,0.906774301829964,0.2951487424538433,0.08118892,0.8311181,0.021858335,0.8904487
traffic,420,14868,16788,0.9067622532395092,0.2437707016188668,0.1451546,0.2974583,0.062901616,0.08940208
traffic,167,15636,16596,0.906756239413437,-0.0122901897252323,0.10698223,0.49722028,0.12691712,0.26332092
traffic,73,15636,16980,0.9067393035345814,0.2535110309468876,0.4209,0.26847434,0.5180112,0.17136312
traffic,642,14036,16916,0.9067164717451188,0.246595884458612,1.0289019,1.361232,1.1014086,1.2887254
traffic,728,14420,16916,0.9066938210953744,0.2259544531573824,0.5171616,0.19070923,0.3959533,0.06950092
traffic,330,14868,16788,0.9066884144742524,0.215523676212622,0.42107654,0.10069275,0.42543507,0.09633422
traffic,433,14100,15636,0.9066852430593192,0.2596674214147751,0.4886899,0.27462316,0.35477996,0.4085331
traffic,552,16788,17364,0.9066826297587234,0.0352740532881182,0.7195833,4.27756,1.7291243,3.2680194
traffic,85,14804,16148,0.9066765001908688,0.1856179125229778,0.1578536,0.202317,0.046192408,0.406363
traffic,311,14676,16980,0.9066350346151502,-0.0251012749574455,0.03537798,0.74524987,0.25490808,0.52571976
traffic,536,15252,16212,0.9066177600522534,0.2291981954835519,0.20750082,0.35014927,0.5220052,0.03564489
traffic,808,14100,16788,0.9066067257341068,0.2495005047623568,0.50346804,0.5175568,0.09617388,0.11026263
traffic,246,15764,16340,0.9065912083361108,0.2317156480754121,2.2616253,1.828007,0.577538,3.512094
traffic,699,16916,17300,0.906569002106964,0.050744343853939,0.0148022175,0.09443641,0.022914171,0.05672002
traffic,434,14100,16980,0.9065102665708036,0.2013933854275962,0.23297012,0.17818165,0.2979473,0.24315882
traffic,277,14100,16788,0.9064973838979372,0.288300239807575,0.50960207,0.15130806,0.23297024,0.12532377
traffic,423,15892,17044,0.9064802118911396,0.1822980643717245,0.85571045,0.011732221,0.36165375,0.48232448
traffic,34,15444,17364,0.9064433275592134,0.2477730532055031,0.71547866,1.3322222,1.1042655,0.94343543
traffic,810,14164,15892,0.9064072203976196,0.2554693645052956,0.6325457,0.44216323,0.24782896,0.82688
traffic,711,14676,15060,0.9063986145456104,-0.0844038542261617,0.1658163,0.021474838,0.10331297,0.0410285
traffic,228,14996,16340,0.9063638309826056,-0.0335592873175301,0.14115763,0.3855064,0.3838365,0.14282751
traffic,297,16276,17236,0.9063637994500638,0.2742524908813074,0.07005072,0.27264094,0.1289308,0.21376085
traffic,687,14100,17364,0.9063221001014016,0.0966329103396164,0.7068888,3.0685463,1.5989152,2.1765199
traffic,614,16660,17236,0.906299627760405,0.11785024510792,0.5641961,0.6794355,0.647671,0.5959606
traffic,132,14164,17428,0.9062705233260168,0.2472367276255105,0.010484934,0.30001354,0.026486158,0.28401232
traffic,587,14228,16916,0.9062610340632132,-0.2312179829047976,0.026156902,0.10111284,0.27352834,0.34848428
traffic,597,16276,16660,0.906225118742485,0.2824166971643133,0.85246,0.52186084,0.50731575,0.8670051
traffic,834,14676,17172,0.9062042064862208,0.2438204970447341,0.62104845,0.7500305,0.08839941,0.21738148
traffic,748,15124,16660,0.9061766181827005,0.2729091203282993,0.49270797,0.38981795,0.37504172,0.5074842
traffic,54,15188,16916,0.9061604241063518,0.1098044008859333,0.69311523,0.7174684,0.35504222,1.0555414
traffic,132,14612,16916,0.9061474450989224,0.1770346967080692,0.36091137,0.43542337,0.22259784,0.5737369
traffic,785,14612,16724,0.906124092227247,0.2589573019386938,1.5349216,1.2589712,0.6612166,2.1326761
traffic,456,15892,17364,0.906116394448822,-0.0269524158248949,0.9286064,1.5105925,1.615558,0.8236408
traffic,758,14292,14484,0.9061000988781098,0.2481158860704103,0.30109227,0.3518908,0.41882765,0.23415542
traffic,281,15956,17108,0.9060964615058862,-0.0795292913769876,0.20274341,0.36174405,0.16133904,0.4031484
traffic,762,16148,16724,0.9060883209727562,0.1851768690803608,0.05709243,0.10401988,0.03529811,0.08222556
traffic,231,14996,15188,0.906073976913608,0.145951293376304,0.1607945,0.17050672,0.019798756,0.31150246
traffic,161,16852,17428,0.9060679850344004,0.0997333447290584,0.7580254,0.45986736,0.35905123,0.85884154
traffic,571,14740,14932,0.905992784013288,0.2867479285452904,0.23128986,0.24806166,0.25222802,0.2271235
traffic,101,14868,16212,0.905989962394696,0.2489021748394644,0.112021685,0.04175639,0.057450294,0.09632778
traffic,240,14420,14996,0.905986593161246,0.2416772028696986,1.4794306,0.69681764,0.5374559,1.6387923
traffic,844,16020,17364,0.9059786652763012,0.2116559912182355,0.0024023056,0.11437583,0.016313791,0.12828732
traffic,185,15956,17108,0.9059752281387212,0.1850066189232739,0.48217893,0.4517011,0.15170538,0.78217465
traffic,342,15956,17300,0.9059706540716465,0.2400319572242447,0.32249534,0.10445356,0.38932192,0.17128015
traffic,512,15316,17236,0.9059556862708916,0.2828571926046715,1.1569414,0.2544906,0.8055489,0.6058831
traffic,163,14292,14676,0.9059370774853016,0.0860532521878564,0.5458001,1.1089177,1.033795,0.6209228
traffic,289,14932,16660,0.9059275076965352,0.1886551514149017,0.6643461,0.6197307,0.73049057,0.55358624
traffic,718,14484,16212,0.905907243845217,0.2116356343763674,0.24878716,0.31807566,0.12494731,0.1942358
traffic,91,14164,14548,0.905905737986034,0.2764837767615526,0.12845874,0.47162223,0.2859409,0.31414008
traffic,304,15252,17364,0.9058945063954674,0.0651828764594103,0.7961838,1.2714689,1.0892355,0.97841716
traffic,791,16660,17236,0.9058913349210564,0.1998966313056873,2.0891156,0.9551264,2.0296307,1.0146114
traffic,755,14484,16596,0.9058620482835644,0.1338634670626166,0.57677245,0.6969149,0.5349994,0.738688
traffic,650,14100,16404,0.9058408900974476,0.1015925872235077,0.19616747,0.020065188,0.12830949,0.08792317
traffic,380,15444,15636,0.9058189454094812,0.1887636440125198,0.14779782,0.11500573,0.20039606,0.062407494
traffic,748,15892,16852,0.9057799381967908,0.0882000524635124,0.35423565,0.025043488,0.31163597,0.067643166
traffic,63,14484,16980,0.9057682969222,0.2675519086545817,0.15623379,0.99660957,0.6045263,0.5483171
traffic,194,14356,14740,0.905764098014447,0.1720384095565829,0.3543223,0.15241158,0.06844282,0.43829107
traffic,596,16212,16596,0.9057570651821388,0.2267661187226959,0.10881472,0.29183507,0.16050458,0.2401452
traffic,578,14932,16852,0.9057551999853344,0.2989011043340076,0.94790184,0.0030448437,0.6087893,0.33606768
traffic,531,14100,16404,0.905735689779168,0.298552202511708,0.08654249,0.26886714,0.072576165,0.10974848
traffic,375,14676,15444,0.905726303403667,-0.1060286751146248,0.41354036,0.5665188,0.3903737,0.58968544
traffic,291,16788,17364,0.9057256687139232,0.246676295008557,0.6941309,1.4963796,0.98755026,1.2029603
traffic,614,14612,17300,0.9057083743903884,-0.0204418591158039,0.52310824,0.44433618,0.5327394,0.43470502
traffic,797,15060,17364,0.9056686637767118,0.2846256444051498,0.83210665,3.7587385,1.76106,2.829785
traffic,742,15188,16532,0.9056649122560348,0.18159945002818,0.14318514,0.35771298,0.23737478,0.26352334
traffic,824,15892,16276,0.9056616867482256,0.1048628164772113,0.5182699,0.4209088,0.45522702,0.4839517
traffic,713,15828,16788,0.9056540382206644,0.1913836912341016,0.16234183,0.87520933,0.51857734,0.5189738
traffic,86,14484,16596,0.905646302278132,0.0988956831330497,0.60186005,0.9583857,0.86035395,0.6998918
traffic,534,15124,15316,0.9056354124177556,0.033720685449172,0.45794868,0.8686216,0.86500573,0.46156454
traffic,767,14036,16916,0.9056289050085334,0.2738757213586012,0.16306663,0.39675272,0.0026324987,0.55718684
traffic,458,14036,14996,0.9056198155820362,0.2842573404817149,0.9864824,1.2067666,0.8772254,1.3160236
traffic,9,14100,16596,0.905603089822526,0.194952752873466,0.45105052,1.5754945,1.3169765,0.7095685
traffic,532,15316,17236,0.9055578123993,-0.0448621876510341,0.30338788,0.92985463,0.64151525,0.59172726
traffic,122,14036,14996,0.9055360967242247,0.261296636757934,1.273411,0.3973236,0.46329165,1.207443
traffic,724,14484,14676,0.9055355532272716,0.2264496886793284,0.19603467,0.52448297,0.11093855,0.43938684
traffic,340,15956,16340,0.9055305352621852,0.2194170777766415,0.6475452,0.25216436,0.47310865,0.42660093
traffic,350,14164,16852,0.905519645770634,0.1464641805843382,0.213835,0.40147734,0.060268402,0.24791074
traffic,304,14548,17044,0.9054948302314428,0.2920292809132477,0.72006166,0.24154007,0.29731476,0.18120682
traffic,622,14292,16788,0.9054931614634668,0.1494128894655572,0.504117,0.9812801,0.5253644,0.9600327
traffic,476,15892,16084,0.905477099380948,0.2699491392515054,0.1279521,0.06440234,0.033564806,0.15878963
traffic,41,14612,16916,0.9054370017969808,0.2764000301154704,0.012708306,0.37464106,0.0543859,0.41631866
traffic,51,14228,16916,0.9054029658553484,-0.2348669111612774,0.13636994,0.00055480003,0.34403396,0.20821881
traffic,325,15444,17364,0.905402539290158,0.0454406440872904,0.51199293,0.83376503,0.78950787,0.5562501
traffic,704,16276,16660,0.9054006086638184,0.2809246177335086,1.3822596,0.99974704,0.60854864,1.773458
traffic,45,14676,15828,0.9053743075445824,0.2967474087335965,0.34258986,0.28193116,0.5183184,0.1062026
traffic,754,16788,17364,0.9053718252384236,0.17822947413739,1.0794172,3.1808689,1.0060902,3.254196
traffic,95,14100,14676,0.9053542833250272,0.0044155857663816,0.6346015,0.8841615,0.859203,0.65955997
traffic,807,15508,16852,0.9053527223432412,-0.330482294217919,0.9046905,0.5005269,0.60556364,0.79965377
traffic,662,14356,17044,0.9053446921076224,0.2210300448081516,0.09949803,0.27868724,0.0228014,0.2019906
traffic,229,15444,16788,0.9053259688855972,0.2618813840639337,0.21042979,0.0014115572,0.16734612,0.04167211
traffic,215,16212,16980,0.9053169041461208,0.2823572589821835,0.33968806,0.5982373,0.42461753,0.5133078
traffic,91,14292,17364,0.9053081184262192,-0.2077128637814567,0.5560703,1.000956,1.1600227,0.39700365
traffic,380,15508,17428,0.9052977247643664,-0.0257336909128988,0.2524805,0.11085105,0.26594448,0.097387075
traffic,619,15764,16916,0.905290307021423,0.1678367569487898,0.11246276,0.27327096,0.50367117,0.6644794
traffic,421,14164,16660,0.9052565048658098,0.0245988648473207,0.47224212,0.53945255,0.50033903,0.51135564
traffic,34,14164,17236,0.9052448327377176,0.2858530806011452,0.12624669,0.61086845,0.20230222,0.5348129
traffic,698,15444,17364,0.9052434397326332,0.2285536699530139,0.52121675,1.0187306,1.1016847,0.4382627
traffic,231,15252,16404,0.9052296639729912,0.1616574290693002,0.39862418,0.53672075,0.65839005,0.2769549
traffic,491,14228,16916,0.9052087712426043,0.0881552570233882,0.020298243,0.132406,0.25545645,0.4081607
traffic,12,15828,17172,0.9051922536461368,0.1068312374646136,0.8511622,1.3384421,1.211921,0.9776833
traffic,293,14484,16980,0.905191981901164,0.2194853925199704,0.10979986,0.4581251,0.061751127,0.28657413
traffic,199,14356,16468,0.9051825466609432,0.2997082683039985,0.1385591,0.24696398,0.06824684,0.17665172
traffic,541,14932,17236,0.9051553497948632,0.2930495959324486,0.85657775,1.0008595,1.005459,0.8519783
traffic,537,15316,15508,0.905151121636758,0.2019837270621752,0.15673423,0.4063728,0.10561609,0.14402246
traffic,669,14356,17044,0.9051508475044066,0.2088337639317649,0.124718666,0.11141944,0.07946825,0.06616902
traffic,53,14420,16724,0.905147546196558,0.1813176982136995,0.22789359,0.44475365,0.2637155,0.40893173
traffic,768,14100,17364,0.9051402823854842,0.1546891002091953,0.7805623,3.249979,1.5758661,2.4546752
traffic,491,16020,17364,0.90513857347212,0.2802372022402647,0.6028619,0.64571667,0.6080103,0.64056826
traffic,779,14100,16788,0.9051368702837694,0.0360657108993784,0.3857417,0.7670956,0.2070905,0.94574684
traffic,281,17172,17364,0.9051340531363172,-0.0960431070776466,0.09445763,0.1098845,0.10093951,0.11636639
traffic,47,15508,16852,0.9051298910344968,-0.1051036435402389,0.009820938,0.29826808,0.18184519,0.12624383
traffic,450,16212,16596,0.905127176289102,0.0603387848757013,0.015089989,0.07665515,0.024132967,0.08569813
traffic,699,15636,16212,0.9051253097624902,0.2981505056545108,0.22117543,0.07504487,0.2873466,0.008873701
traffic,148,16020,16788,0.9051249053656,0.2147309249903806,0.22470164,0.4585725,0.17343402,0.50984013
traffic,770,14164,17236,0.9051205343190168,0.2240581690418195,1.0587001,1.2189468,1.2789378,0.9987091
traffic,810,14036,16532,0.9050983380200218,0.227376604440664,0.01417613,0.42328715,0.0074255466,0.40168548
traffic,22,14164,17236,0.9050820330754306,0.1775005524368271,0.5248773,0.6793505,0.4564104,0.7478174
traffic,101,15700,16852,0.905076615165513,0.1945794360931321,0.019065619,0.20799685,0.059860706,0.12907052
traffic,512,15188,17108,0.905076539734003,0.281747978529087,0.9410615,0.520169,0.8504603,0.6107702
traffic,640,14100,14292,0.905050211340224,0.130763299025631,0.20952678,0.03887844,0.16940808,0.078997135
traffic,147,15956,17108,0.9049842085237072,0.1584861365513099,0.52748066,0.4562168,0.18309236,0.8006051
traffic,91,14868,15252,0.90496018171789,0.0422626936491146,0.3219266,0.30596805,0.29942036,0.32847428
traffic,294,14100,16788,0.9049526103499969,0.185851285855504,0.16432703,0.7459065,0.25519478,0.83677423
traffic,673,14100,16788,0.9049326570208274,0.2446114573347187,0.0920558,0.27053547,0.05973649,0.11874318
traffic,367,14100,16788,0.9049263313171998,0.2408615862966863,0.07709956,1.2797176,0.73702013,0.619797
traffic,155,15316,17428,0.9049181732256962,0.2987811308290702,0.68909097,0.14824247,0.46259785,0.3747356
traffic,678,15316,16468,0.904909307309546,0.0044884134903564,0.18423986,0.28784442,0.10597944,0.209584
traffic,67,14228,16916,0.9049010373643324,0.2626235654283789,0.15382254,0.19464815,0.5990161,0.6398417
traffic,792,15828,16404,0.9048663989972556,0.2368572242120154,0.5315161,0.94607854,0.79430485,0.68328977
traffic,28,15508,16852,0.9048639590942515,0.1721388734140208,0.23879981,0.10261488,0.11160278,0.024582148
traffic,747,14548,17044,0.904835923269176,0.2555471127029258,0.64506316,0.14320397,0.37592912,0.41233802
traffic,35,14996,15956,0.9048222703151928,0.2713492125273277,0.16020226,0.16455054,0.03311181,0.35786462
traffic,794,14868,16404,0.9048144853547928,0.2696127111580433,0.17931461,0.50090134,0.008303642,0.6719123
traffic,844,14164,16084,0.9047944549060296,0.09823149994325,0.038796663,0.29785395,0.1766994,0.43575668
traffic,221,14164,16852,0.9047937383091073,0.2312025403605796,0.20714474,0.53578734,0.087076664,0.24156594
traffic,136,16020,17364,0.904764429985273,-0.0039389331668259,0.2448852,0.35665178,0.29602098,0.305516
traffic,579,15636,16596,0.9047629838329944,0.1629105503872404,0.10745072,0.31665158,0.09856486,0.110635996
traffic,254,15060,17364,0.9047477706196174,0.0653125181395816,0.6225896,2.2032568,1.5967572,1.2290893
traffic,507,14676,16596,0.904716264435342,0.0035475147735351,0.09218216,0.642467,0.34576237,0.3888868
traffic,5,15252,17364,0.9047147534235558,0.257511423887765,0.64113414,1.1037431,1.0050174,0.7398598
traffic,780,14676,16788,0.9047122245878784,-0.1167788533862571,0.24701238,0.78448975,0.56693745,0.46456468
traffic,29,14932,16660,0.904702161270818,0.1198437387321788,1.4483818,0.7526665,0.7103131,1.4907352
traffic,600,15828,16020,0.904675271857566,0.2167011006939374,0.045171738,0.14076757,0.010238171,0.19617748
traffic,54,14420,14996,0.9046563566486914,0.2741155085562459,1.2690338,0.4229529,0.44838107,1.2436056
traffic,686,14100,16212,0.9046442085592584,0.2837017336027191,0.90029883,1.0937388,0.71179223,1.2822454
traffic,801,14676,15828,0.9046184206805952,0.2324554087771331,0.37476492,0.7285292,0.7123883,0.39090586
traffic,711,15124,16468,0.904589907194638,-0.1524409169689127,0.061587334,0.085871935,0.27229214,0.12483287
traffic,164,15636,16980,0.9045831214864382,0.1733516328436022,0.15670896,0.3225819,0.06829929,0.41099155
traffic,96,14292,16788,0.9045724924180424,0.2835415785176143,0.379727,0.6882545,0.3132782,0.7547033
traffic,188,15188,16532,0.904565340353171,0.225000292992204,0.18690848,0.40751135,0.08394861,0.67836845
traffic,259,16084,16660,0.904561946867186,0.2026769989906899,1.8498836,1.9667618,0.7660983,3.0505471
traffic,705,14292,16212,0.9045579961028156,0.299855341763286,0.35097837,0.44381356,0.18298364,0.6118083
traffic,335,15764,16340,0.9045511050094956,0.2807998437825385,1.3028432,1.3874965,0.81121576,1.8791239
traffic,454,15124,16276,0.9045477621125568,0.2786102779126112,0.14507294,0.029043555,0.14356971,0.2595991
traffic,681,17108,17300,0.9045450139161422,0.2237193874022068,0.35698628,0.0964036,0.17568803,0.27770185
traffic,530,14868,16596,0.9045268144722326,0.2513310405960975,0.39288545,0.03312707,0.43067503,0.0046625137
traffic,836,16084,16852,0.9045153247647504,0.2102195531536104,0.6818142,0.36328197,0.19092369,0.12760854
traffic,75,14292,14676,0.9045141167716352,0.1009243295506967,0.6764214,1.6003523,1.2639089,1.0128648
traffic,690,16084,16660,0.9045111388050526,0.2134577160869076,1.4480879,1.3607845,0.6670451,2.1418273
traffic,609,15956,17108,0.9044312211184355,0.2283919126072666,0.21817648,0.30712134,0.21745801,0.74275583
traffic,427,14612,17108,0.904420634005272,0.2417525571685795,0.09643316,0.22117221,0.00039315224,0.31799853
traffic,687,15188,16532,0.9043788458857288,0.2345668794844828,0.3657527,0.01658535,0.24545884,0.103708506
traffic,704,14676,15252,0.904348915594848,0.2224286510177858,0.55935454,0.9200419,0.9789126,0.5004839
traffic,696,14548,17428,0.9043309315949783,0.2170201240249103,0.3596568,0.36396313,0.32949424,0.33380055
traffic,745,14676,16788,0.9043289148560112,0.2736948091518636,0.027592182,0.73144674,0.4756801,0.2833588
traffic,120,16788,17364,0.9043273209784456,0.1031472712545735,0.5658606,2.2047274,1.5779504,1.1926377
traffic,386,14484,16980,0.904312486344594,0.2965740676470889,0.006447315,0.60029864,0.17220497,0.42164636
traffic,696,16084,16276,0.9042869553874848,0.2571578139060735,0.5299851,0.33612573,0.26615143,0.5999594
traffic,65,14356,16660,0.9042818308625142,0.1146943334697728,0.008903503,0.14954638,0.019513607,0.121129274
traffic,549,15444,17364,0.9042686286104336,0.2868991327358383,0.80869734,2.8174016,1.4999012,2.1261978
traffic,162,15572,16148,0.9042619152625796,0.2506576088167312,0.5856414,0.03417015,0.23785567,0.38195586
traffic,669,15188,16724,0.904258101777991,0.2061469543164739,0.32942367,0.15985441,0.3969884,0.092289686
traffic,376,14868,16788,0.9042433804590498,0.1975580972014725,0.11895764,0.075902104,0.08778095,0.044725418
traffic,51,16660,17236,0.904214576180889,0.2387325755920228,0.37395406,0.5297756,0.34998798,0.5537417
traffic,13,14420,16340,0.9042087851780138,0.2905426003975141,1.4136686,1.0970311,0.6272068,1.883493
traffic,816,14612,17108,0.9041982492190392,0.2846675380349498,0.029036283,0.3680811,0.046677828,0.38572264
traffic,523,14164,14932,0.904195765512518,0.0982172412960824,1.1186988,0.4626354,0.40579987,1.1755344
traffic,197,16340,17108,0.9041758031918596,0.2688006975255751,1.4204557,0.77298546,1.1312318,1.0622094
traffic,599,15956,17300,0.9041535864044876,0.119263030146437,0.49757075,0.29954195,0.35702777,0.44008493
traffic,799,14420,16532,0.9041380170860336,0.1912630917079977,0.27241874,0.054474592,0.28038025,0.04651308
traffic,246,15572,17300,0.9041371593448344,0.2920128586705561,1.5869094,0.5980792,0.50710857,1.67788
traffic,821,14484,16788,0.9041023404342852,0.2764948545477865,0.35526848,0.71799874,0.41896605,0.65430117
traffic,508,14292,16596,0.904089154178874,0.2327363849472383,0.73007345,0.18114924,0.49922872,0.41199398
traffic,231,14164,14740,0.9040847028617816,0.1825196804456163,0.45003748,0.573961,0.4172945,0.606704
traffic,25,14036,15764,0.9040797903507166,0.1572393519267323,0.25083613,0.27544713,0.27446795,0.25181532
traffic,485,14932,16660,0.9040288529461826,0.0363315604600344,0.8048315,0.7260592,0.7325065,0.7983842
traffic,58,16788,17364,0.9040229696292554,0.226972938171878,0.62801766,2.2869525,1.4365406,1.4784296
traffic,642,15508,17236,0.9040223618153642,0.1298362337377757,0.42185926,0.8438935,0.43833947,0.8274133
traffic,96,16148,17108,0.9040100494361922,0.1052783983830566,1.1414322,0.7447381,0.75747657,1.1286937
traffic,716,14996,15764,0.9039727883660152,0.236866399071606,0.10622597,0.24661303,0.06426096,0.20464802
traffic,334,14164,17428,0.903965706288756,0.284350903302842,0.04860115,0.28121972,0.02183652,0.21078205
traffic,843,14420,16724,0.903935295524734,0.2322583415160473,0.050167322,0.34289432,0.10153937,0.29152226
traffic,564,15572,16724,0.90391133573043,0.2812760354877678,0.7110822,0.114791274,0.39217222,0.20411873
traffic,641,15636,16980,0.9038608179118072,0.128173825511312,0.028596163,0.10944486,0.0033938885,0.08424258
traffic,542,14292,16980,0.9038546351733394,0.1163790834151224,0.10822654,0.93118703,0.2527691,0.5701914
traffic,433,14740,15124,0.90384182884035,0.1756106060868043,0.1928972,0.13910556,0.22766232,0.104340434
traffic,188,14356,17044,0.9038362541192062,0.1791662808608223,0.42846036,0.63222444,0.13986039,0.34362447
traffic,438,14676,16788,0.9038323277394656,0.2518228876555423,0.08880901,0.6922287,0.4541924,0.3268453
traffic,681,14484,16404,0.9038249574872405,0.2560899712343052,0.12319708,0.6778743,0.28234506,0.51872635
traffic,340,15124,15508,0.9038102416083796,0.1001237737795024,0.41062403,0.046624184,0.33828902,0.025710821
traffic,837,15124,16468,0.9037866770200068,0.2869081544746209,0.3394407,0.14100564,0.23662603,0.24382031
traffic,674,15828,17172,0.9037772978542574,0.2031295478140594,0.1411264,0.6149759,0.37737775,0.37872458
traffic,121,14676,15636,0.90372870152455,0.0751846366852083,0.0040893555,0.77464294,0.317873,0.4526806
traffic,286,14292,16980,0.9036810430736996,-0.1983586473743472,0.24617958,0.6942413,0.30782437,0.6325965
traffic,93,15252,17364,0.9036793438620936,0.2735938934906055,0.8923751,2.944655,1.5516825,2.2853475
traffic,665,15124,16468,0.9036322747402218,0.2625765643367639,0.21091354,0.2814691,0.116039276,0.18659484
traffic,177,14676,15828,0.9036101591185486,0.1232792525858388,0.8050444,0.6335604,0.7157955,0.7228093
traffic,836,15380,16340,0.9036072397837152,0.2901028625113685,0.22026205,0.05852914,0.06735563,0.09437728
traffic,334,14420,16916,0.9034829369001228,0.1729625330112639,0.23700833,0.5028522,0.11170745,0.6281531
traffic,254,14100,16980,0.9034219685663938,0.2255668206239603,0.25982428,0.44533932,0.031363487,0.21687853
traffic,362,14996,15956,0.9034123279164208,0.2380996806506466,0.8070147,0.58625627,0.50750566,0.8857653
traffic,612,14100,16788,0.9034028180663308,0.1900595977620929,0.068813205,0.4731034,0.29428756,0.8362042
traffic,277,15252,17364,0.9033958696017128,0.1268325980961841,0.68941593,1.0264148,0.974372,0.74145865
traffic,685,16084,16468,0.9033848760519528,0.2994545291791363,0.31782675,0.1376009,0.34359646,0.11183119
traffic,123,14036,17108,0.9033693532999116,0.225311241240219,0.23215556,0.32302684,0.054170966,0.60935336
traffic,155,15252,16980,0.9033411859371644,0.2210466635725003,0.6134949,0.014258623,0.64117646,0.013422966
traffic,341,15764,16724,0.9032788096730118,0.2596690645476554,1.5338078,0.7049067,0.40144545,1.8372691
traffic,727,14036,14420,0.9032783950337137,0.2249287761651848,0.19468665,0.18807173,0.17569375,0.20706463
traffic,389,15316,16468,0.9032773680499564,0.2822692580197916,0.8356159,1.008493,1.1860383,0.65807056
traffic,22,14036,14228,0.9032660924018358,0.2024653585611292,0.29809523,0.21090817,0.24240494,0.26659846
traffic,316,14676,17172,0.9032624535952912,-0.094064955137295,0.60936666,0.37133145,0.2713356,0.0333004
traffic,712,14676,17172,0.903167703489824,0.1734973982783239,0.32681608,0.3544855,0.040242672,0.0679121
traffic,571,14356,17428,0.9031667795727946,-0.0138165806833074,0.0334363,0.32825565,0.03403306,0.32885242
traffic,534,14292,16788,0.9031434776367058,0.1080203894329505,0.17026734,0.82112694,0.22318554,0.76820874
traffic,213,15636,16596,0.9031429489177673,0.2088560519146012,0.13466096,0.46871066,0.1366632,0.1973865
traffic,294,16596,16980,0.9031356451594542,0.1663971286619083,0.46962607,0.11808741,0.28306317,0.3046503
traffic,837,15956,16724,0.9031353278497464,0.2240660321431186,1.0070844,0.26518512,0.555202,0.7170675
traffic,579,14932,16468,0.9031263129437328,0.241373521286822,0.15255713,0.22605014,0.05415678,0.3244505
traffic,168,15636,16404,0.9031168907425234,0.0746770217011707,0.085378885,0.6162379,0.45747375,0.24414301
traffic,3,14036,17108,0.9031117835108656,0.2836781625750633,0.020396352,0.45430338,0.12716997,0.561077
traffic,569,14740,15892,0.9030306533261172,0.255333772907775,0.018547893,0.043591022,0.049664617,0.0124742985
traffic,180,14100,14676,0.9030196484197672,-0.0557115299124394,0.7355424,0.96495533,0.8905252,0.8099725
traffic,132,17108,17300,0.9030173734511002,0.2740601783445697,0.51662564,0.30742908,0.33874965,0.48530507
traffic,235,14356,17428,0.9030085648109312,0.1375920908733596,0.6783755,0.3296337,0.71638894,0.29162025
traffic,591,14484,17172,0.9029271205274262,0.2687866378951792,0.428689,0.39164805,0.2330482,0.19600725
traffic,603,15444,16596,0.9029238858435832,0.1835129900638432,0.5375993,0.4559288,0.5472224,0.44630575
traffic,250,16404,17364,0.902907145888259,0.0624183467045403,0.4331751,0.5255823,0.5473609,0.4113965
traffic,848,16788,17364,0.9028832970403636,0.1323070837674193,0.13319016,0.32760453,0.10765791,0.08675647
traffic,629,14164,16852,0.9028692332019176,0.189421932451171,0.13137531,0.06893802,0.093732834,0.031295538
traffic,297,14100,16212,0.9028340745310228,0.2344197409977549,0.28609753,0.5535979,0.5285859,0.31110954
traffic,230,14292,16212,0.902823804889267,0.2177848853535134,0.19021797,0.019288778,0.24490643,0.07397723
traffic,827,15636,16788,0.9027883677585394,0.2458302336421687,0.69494534,0.5174655,0.5013099,0.71110094
traffic,88,14484,16596,0.902776178460941,0.0375833420953455,0.022510767,0.77553177,0.32991743,0.4681251
traffic,698,14676,15252,0.90276833256175,0.2047814408298221,0.56826544,0.90070784,0.95707667,0.5118966
traffic,694,14100,16404,0.9027545398056528,0.0715305609361524,0.19273567,0.74485445,0.6042094,0.3333807
traffic,584,14676,16980,0.9026686575918778,0.2861451561575917,0.14320421,1.1040548,0.6417258,0.60553324
traffic,117,14740,16276,0.90265338319405,0.2794860313413294,0.18738818,0.30461264,0.28237867,0.20962214
traffic,42,14676,14868,0.9026529410721664,0.2850989695277148,0.21241546,0.46625352,0.39615703,0.28251195
traffic,167,14932,17236,0.9026453841992208,-0.0031679306664279,0.032224655,0.5583954,0.091976166,0.43419456
traffic,61,16596,16980,0.9025946398892972,0.2375362479256493,0.46520042,0.0822227,0.25888538,0.28853774
traffic,621,17172,17364,0.9025912639852296,0.2615947669476415,0.52152133,0.81461906,0.74248743,0.59365296
traffic,214,14676,16980,0.902568548513372,0.1181320799905528,0.2576673,1.2399848,0.59388614,0.3884313
traffic,45,15060,15252,0.9025458236733952,0.2625614015893977,0.11677241,0.098992586,0.112546206,0.103218794
traffic,507,15316,16468,0.9025311868523614,0.2235057957626194,0.41187978,0.53627396,0.4490826,0.49907112
traffic,130,15764,16916,0.9024874145665572,0.2515467238957879,0.09018707,0.07605672,0.08835864,0.07422829
traffic,476,14356,17044,0.9024831124935068,0.1369062456574716,0.6712091,0.9927871,0.9984536,0.6655426
traffic,322,14356,17044,0.9024825555261012,0.2124356521345489,0.3053162,1.1140563,0.720734,0.69863856
traffic,622,14164,16852,0.9024782777955068,0.1430219941512314,0.23929524,0.97658706,0.57281256,0.64306974
traffic,415,16468,16660,0.9024687586498692,0.1347129043015401,0.31502724,0.19687462,0.2564819,0.25541997
traffic,475,14484,15636,0.9024472948517392,0.1846138450744378,0.11419392,0.55003285,0.11641216,0.31942677
traffic,807,14804,16724,0.9024447550343532,0.2837910744836449,0.1717565,0.29562473,0.006944418,0.47432566
traffic,476,14804,16724,0.9024252401435024,0.0715707552333099,0.8984245,0.40968418,0.66501033,0.64309835
traffic,660,14484,17172,0.9024069663300384,0.2936549413558428,0.60491943,0.4219761,0.5204654,0.50643015
traffic,263,15572,16724,0.902401778956254,0.2650703261557898,1.7732184,1.139097,0.6058972,2.3064182
traffic,253,14676,15828,0.90239924923134,0.2419687237455087,0.012617588,0.66899943,0.4362228,0.24539423
traffic,173,14164,16468,0.9023789701007514,0.2634133351695245,0.075591326,0.0059387684,0.15330291,0.08365035
traffic,714,16212,16596,0.902375565838492,0.2642094271029277,0.06958151,0.035918236,0.1089766,0.07531333
traffic,611,14292,14676,0.9023223347721858,0.1363235405438527,0.66405666,1.4926121,1.2114385,0.94523025
traffic,791,15252,17364,0.9023199578786012,0.0261262744654769,0.6786468,3.8654172,1.822264,2.7218
traffic,750,14164,15892,0.9023056547312804,0.1722469565682411,0.29054904,0.58614683,0.10094762,0.3965454
traffic,693,15636,15828,0.9022910178774765,-0.1044864768092825,0.11464214,0.7471874,0.6898575,0.17197204
traffic,739,15508,16852,0.9022628723122088,-0.1518317706152531,0.02825141,0.2996452,0.16969514,0.15820146
traffic,97,14100,17364,0.9022422606197114,0.1687941734782699,0.8876256,0.7758777,0.9852599,0.6782434
traffic,511,14868,16212,0.9022263308386964,0.2404054559166459,0.124063015,0.034638166,0.08436847,0.074332714
traffic,860,15124,17236,0.9022202555034152,0.13419105724108,0.27334094,0.33304596,0.10913658,0.49725032
traffic,360,17236,17428,0.9021715164265028,0.2821023470152606,0.5473461,0.9927304,0.80851555,0.73156095
traffic,530,14356,16852,0.9021532626335692,0.2489052445594017,0.31216383,0.05554962,0.37441492,0.0067014694
traffic,565,14676,17172,0.9021449297723566,0.1976297292160186,0.66826105,0.12000203,0.45605302,0.092206
traffic,227,14484,14676,0.9021378153711628,-0.0115852591515307,0.45529246,0.315243,0.632277,0.13825846
traffic,759,14676,15060,0.9021279044051402,0.1752058315508784,0.5835533,0.5551245,0.60267806,0.5359998
traffic,103,14676,16980,0.9021171352996564,0.2619686490415652,0.48031282,0.38899636,0.12044525,0.02912879
traffic,373,15124,15316,0.902081802630784,0.2686422318647111,0.48847997,0.842314,0.6881658,0.6426282
traffic,143,15828,17364,0.9020188398962152,0.0618988164048517,0.6129081,0.44220614,0.46194124,0.593173
traffic,304,14676,15444,0.9020180216670072,0.0686483373581887,0.62494254,0.85874844,0.6484127,0.8352783
traffic,24,16788,17364,0.901999194627663,0.2493231267542367,0.5960684,1.6620554,1.205501,1.0526228
traffic,476,14100,16788,0.9019895429587316,0.0388882946932219,0.20380425,0.9753468,0.28969693,0.48184562
traffic,226,15444,16404,0.9019691985333216,0.2439938142962875,0.16848159,0.06268549,0.17856336,0.07276726
traffic,799,14164,16660,0.9019613870388096,0.1554257067240704,0.29427958,0.17471695,0.3634498,0.10554671
traffic,88,14612,16916,0.9019291118247548,0.2884341053564912,0.049236774,0.64118457,0.068250895,0.62217045
traffic,161,14868,16212,0.9019276737276448,-0.0583299795136618,0.5503595,0.5795636,0.53551507,0.59440804
traffic,703,14676,15828,0.9019257660213102,0.1710444177826844,0.7408248,0.39347458,0.59899104,0.53530836
traffic,813,14612,16148,0.9019095986533582,0.2858206767112045,0.17657757,0.37274408,0.31715727,0.23216438
traffic,793,14036,14420,0.9019037603584648,0.247897126725506,0.024917841,0.08865595,0.10241485,0.011158943
traffic,765,14548,16276,0.901892546275528,0.2862173621896142,0.16610503,0.13559198,0.14541888,0.15627813
traffic,241,14676,17172,0.9018906329208376,0.2191178426425859,0.5821228,0.6720166,0.6820636,0.57207584
traffic,723,16084,16660,0.9018690946181268,0.2040503902650814,0.38534737,0.11199093,0.38780355,0.10953474
traffic,593,14356,16852,0.9018464800307672,0.1618936538106809,0.19158697,0.13110304,0.16558576,0.105101824
traffic,786,14100,14676,0.9018299995354574,0.2333236680722344,0.84613466,1.8126478,1.2297492,1.4290333
traffic,31,14676,15828,0.9018149451361648,-0.1481307647771764,1.0070655,0.6191721,0.767622,0.85861564
traffic,367,14292,15828,0.901780262372541,0.1378688741524691,0.5177276,0.46476007,0.64736223,0.33512545
traffic,88,15892,16276,0.9017736404424008,0.2573579705684717,0.047923326,0.046586275,0.068365574,0.06702852
traffic,668,17108,17300,0.901756844957051,0.0881600033191768,0.5955336,0.44197083,0.40909696,0.6284075
traffic,116,15508,17428,0.9017040284123236,0.0488006231184604,0.07197547,0.20887804,0.14482617,0.28172874
traffic,459,14100,16788,0.901703189508634,0.2124339076896807,0.20351648,0.3794979,0.005425215,0.18140662
traffic,27,15124,15700,0.9016878403003924,0.2166073889063078,0.072861195,0.022700548,0.06654024,0.016379595
traffic,155,14036,16532,0.901665856006638,0.2770881194665011,0.012334585,0.8043833,0.21486163,0.57718706
traffic,321,14164,16276,0.9016120731931024,0.2297749079293655,0.15507603,0.014724731,0.27124405,0.13089275
traffic,64,14292,16788,0.9015993241113404,0.1965547697330968,0.8412266,0.7337359,0.8355665,0.739396
traffic,24,15380,16532,0.9015896144295016,0.1086865500477205,0.3916924,0.12853503,0.16891623,0.09424114
traffic,153,15444,16212,0.901576094227582,0.289819453245716,0.0021297932,0.15642035,0.28317058,0.12888002
traffic,442,14804,17300,0.9015414899776764,-0.0754896791052174,0.19836831,0.29044604,0.045845747,0.5346601
traffic,168,14804,16724,0.9015216760475236,0.185597951391518,0.0575428,0.3399968,0.19574451,0.47819853
traffic,144,14164,17428,0.9014902361463398,0.2396356231126294,0.051859856,0.3229549,0.014292479,0.28538752
traffic,655,14292,14676,0.9014885797257696,0.2496849700157959,0.1604898,0.027093649,0.3307259,0.19732976
traffic,406,16468,16660,0.901428970876482,-0.103883605340545,0.16663575,0.005871296,0.17837405,0.0058670044
traffic,176,14676,15636,0.9014055540808664,0.2532720715384841,0.16241741,0.21801448,0.05797577,0.113572836
traffic,681,16276,17428,0.9013895646958604,0.0583556304428229,0.5205332,0.43435192,0.57518613,0.379699
traffic,624,14612,17108,0.901382584001618,0.0120544606863233,0.1636275,0.4278792,0.21678007,0.37472665
traffic,88,15956,16148,0.9013468444673538,0.0571709818915608,0.44095755,0.20645523,0.2390871,0.40832567
traffic,775,15316,17428,0.9013381175818164,0.2206304769879936,0.5374458,0.22122717,0.2806356,0.03558302
traffic,693,16660,16852,0.901306555834522,0.097387525378077,1.1831536,1.544249,2.1379874,0.5894153
traffic,452,14164,14932,0.9012701394545896,0.2351338294687827,0.68646216,0.41252732,0.18188691,0.9171026
traffic,278,14676,15444,0.9012580445664868,-0.0379085683800808,0.6586876,0.78468263,0.8222501,0.6211201
traffic,691,14484,16980,0.9012523312451606,0.1381153473829915,0.02769947,0.301512,0.10387969,0.16993284
traffic,713,15316,16468,0.9012413455397368,0.0421625485283771,0.4785292,0.6085987,0.33196092,0.755167
traffic,804,14292,15060,0.9012320317528544,0.1603525408241301,0.18066287,0.868724,0.5162653,0.5331216
traffic,518,14100,17364,0.9012316009264376,0.1796561919217107,0.61016285,2.1755345,1.4870542,1.2986431
traffic,109,14804,17300,0.901216882785294,-0.1225973631716454,0.23093677,0.3186208,0.0025529861,0.55211055
traffic,672,16276,16660,0.9011173796777152,0.2792579467091264,1.2014751,0.7388706,0.56140876,1.378937
traffic,363,15828,16020,0.9010592548625592,0.1744857632730816,0.39788532,0.6756034,0.52929854,0.54419017
traffic,171,14292,16980,0.9010553264906314,-0.1686053280395976,0.21984363,0.60426116,0.22290516,0.6011996
traffic,648,14932,17428,0.9010536849531796,0.2544285186712038,0.41611362,0.09541583,0.23840404,0.2731254
traffic,103,14484,16596,0.9010255453717256,0.2107716125016409,0.023944616,0.43352938,0.094694376,0.36277962
traffic,414,14996,17108,0.9009997049912662,0.25677774203399,0.30635905,0.33860886,0.114738226,0.5302297
traffic,509,15316,16276,0.9009794425220596,0.2840690309851165,0.3504753,0.12824202,0.3105228,0.0882895
traffic,678,15956,16916,0.9009789664712266,0.2161475932307728,0.008664846,0.52553535,0.023209095,0.4936614
traffic,258,16020,17364,0.9009729346672244,0.1196766244931985,0.39567876,0.2384963,0.33901334,0.29516172
traffic,452,14036,14996,0.9009636411641648,0.2759808340870278,0.99986553,0.6383128,0.706501,0.93167734
traffic,229,14484,14676,0.9009581102542582,-0.0303373398073235,0.2705791,0.11743617,0.45145798,0.06344271
traffic,193,14996,15380,0.90095412682083,0.0467616477520103,0.47013593,0.13229012,0.39997053,0.06212473
traffic,844,15892,16468,0.9009358498712638,0.1514330611273165,0.23440742,0.05716157,0.1996584,0.022412539
traffic,794,16660,17236,0.900935656308282,0.2325287794104457,2.3276029,0.9373059,2.1383162,1.1265926
traffic,517,14868,15444,0.9008889912121956,0.0703372315695515,0.07084751,0.0049602985,0.06341362,0.0024735928
traffic,209,14164,14932,0.900863947881198,0.1576695641856075,1.0262138,0.46097302,0.3751905,1.1119963
traffic,397,15636,16596,0.9008488189479662,0.2758500856585519,0.02524209,0.5065234,0.1622237,0.31905758
traffic,186,15124,17428,0.9008346971265484,0.2658555651825174,0.0041241646,0.09428191,0.09321499,0.18337274
traffic,356,15060,15828,0.9008234117707704,0.288744659221366,0.58024716,0.66607976,0.72438,0.5219469
traffic,569,14292,16980,0.9008159008338092,0.1607961870666969,0.25528622,0.70063496,0.12772119,0.31762755
traffic,348,14292,14484,0.9008112271161792,0.1592925072511309,0.18053937,0.22347236,0.31017852,0.09383321
traffic,121,15316,16276,0.900808384079899,0.2657222670687608,0.58217263,0.6432917,0.6462618,0.57920253
traffic,722,15828,16596,0.9007938186624868,0.2721214083989923,0.14350653,0.6375179,0.26803684,0.22597456
traffic,576,14676,16980,0.900763070568728,0.1795005823238541,0.26571226,0.6684413,0.030956745,0.43368578
traffic,812,16660,16852,0.900709349576093,0.2934898890036524,0.036473036,0.58607125,0.35481954,0.26772475
traffic,296,14996,15956,0.9006924827250818,0.2792432073347773,0.7577882,0.5729525,0.54625154,0.78448915
traffic,855,15636,16788,0.9006893444109803,0.2584126386685142,0.30331588,0.6509602,0.4340949,0.5201812
traffic,435,15764,16916,0.9006843424139136,0.276611452372075,0.062255204,0.44704443,0.09223747,0.6015371
traffic,176,16468,16660,0.900668567267086,0.2377716967184163,0.2508819,0.16458035,0.29785204,0.117610216
traffic,23,14804,17108,0.9006398270455241,0.1600429188706567,0.16433764,0.44123626,0.025375843,0.58019805
traffic,690,15892,16852,0.9006394350672934,0.244549844853842,0.90143454,0.04382181,0.3434795,0.60177684
traffic,768,14484,16596,0.9006329325099406,0.2115246088970579,0.473593,1.1384531,0.92459416,0.68745196
traffic,191,15252,16404,0.9006253729722714,0.2261922178075537,0.0895319,0.03417802,0.07421577,0.01886189
traffic,175,14676,16980,0.9005805151172157,0.1890761465304378,0.74922895,0.19930744,0.45554638,0.09437513
traffic,183,15828,16980,0.9005746688693445,0.1415844528194499,0.36042595,0.5196333,0.4629917,0.41706753
traffic,111,14932,16468,0.9005644153642808,0.0455831110540959,0.5933635,0.038522243,0.29060912,0.26423216
traffic,229,14292,15636,0.9005563777656415,0.0771661142661339,0.03434038,0.13105106,0.033618927,0.063091755
traffic,722,14228,17108,0.9005507996621551,0.1301793914239542,0.27729726,1.748591,1.2992365,0.72665167
traffic,751,14420,17300,0.9005056521625747,0.244983277953951,0.4052992,0.05374503,0.49897432,0.039930105
traffic,756,15380,16340,0.9004835165168583,0.2965030719484101,0.83943534,0.8226719,0.69680715,0.9653001
traffic,541,14228,16532,0.9004492464550901,0.1248341384003993,0.029930353,0.4048611,0.019340158,0.3942709
traffic,642,14612,14996,0.9003817301348788,0.1685543318311185,0.34114933,0.6678817,0.17221522,0.15451717
traffic,671,15956,17108,0.9003629091533758,0.1876193095466309,0.07721162,0.21981108,0.031553984,0.32857668
traffic,706,15956,16724,0.9003586588962514,0.2822224056816361,1.0713751,0.15468884,0.4746151,0.75144887
traffic,99,16404,17172,0.9003161152326755,0.0954205306271203,0.5733516,0.22856998,0.62279654,0.17912507
traffic,629,15380,16916,0.9003122332573904,0.2857633445040582,0.18239093,0.00016486645,0.22265041,0.040424347
traffic,191,15508,16852,0.9003050602240553,0.2724328436562461,0.0024900436,0.3249762,0.16497064,0.16249561
traffic,614,15956,16148,0.9002524485425429,0.1869891592193621,0.36100316,0.21926665,0.24245286,0.33781695
traffic,165,14612,16148,0.9002462760806859,0.2912322038570218,0.32666206,0.014257908,0.11702752,0.19537663
traffic,537,14484,16980,0.9002414836949846,0.2725872195965519,0.013453245,0.563751,0.1728816,0.40432262
traffic,353,15188,16724,0.9002129731992192,0.2288811453318524,0.38969445,1.2698913,1.5957139,0.06387186
traffic,481,14484,16980,0.9001812902853363,0.2662463665194157,0.14295793,0.9170685,0.33874273,0.43536782
traffic,632,14164,15508,0.9001726258609607,0.2229038696290815,0.10464883,0.19106889,0.030964136,0.117384195
traffic,148,16596,17172,0.9001644198426002,0.2320131673975819,1.080545,0.7639048,0.75585175,1.088598
traffic,741,15444,15636,0.9001419518279818,0.1702948293152728,0.16048074,0.12112117,0.18830085,0.09330106
traffic,235,14548,16084,0.9001310663292146,0.2211600167231877,0.45817435,0.41953707,0.42843974,0.44927168
traffic,51,15700,17044,0.9001236369989959,0.2632493940523424,0.45335174,0.22981691,0.35549355,0.3276751
traffic,732,14612,16916,0.9001057304385544,0.1970252002410787,0.1485405,0.33612382,0.40311217,0.5906955
traffic,304,15508,16852,0.9000991322879677,0.2567980492364271,0.27471924,0.61700964,0.46119237,0.4305365
traffic,79,16148,17300,0.9000973423477383,0.0690727397529853,0.2558725,0.14331055,0.14537168,0.032809734
traffic,226,14036,15380,0.900093986904813,0.2980947460351995,0.99324703,0.48792148,0.5105009,0.9706676
traffic,143,14676,16404,0.9000679802955431,0.2680800896539452,0.18287206,0.09442854,0.09567547,0.0072319508
traffic,328,14164,17428,0.900038330127084,0.2022627204297065,0.75381994,0.4836632,0.27117157,0.9663116
traffic,92,15828,17364,0.9000323993881708,0.2473859380659146,0.12216616,0.050929785,0.20116687,0.1299305
traffic,512,14804,15956,0.9000221004562595,0.2847495055993138,0.36861932,0.24957657,0.2311225,0.3870734
traffic,509,14868,16212,0.8999217386498651,0.2015723722825404,0.099167824,0.16960454,0.009757519,0.080194235
traffic,152,14676,16788,0.8999159170173435,0.1084057422555891,0.19734192,0.7305894,0.28237748,0.6455538
traffic,453,16020,17364,0.8999135502773256,0.2993966721620438,0.60539913,0.69560885,0.5920937,0.7089143
traffic,2,14484,17172,0.8998793812630677,0.2508671963594333,0.04303384,0.25426292,0.04384041,0.16738868
traffic,840,14484,15828,0.8998792774418234,0.2949457533546601,0.99108887,2.443677,0.79780746,2.6369584
traffic,27,15188,15764,0.8998628312003865,0.2807968818880879,0.05343008,0.017838001,0.07924461,0.1505127
traffic,756,14292,14484,0.8998601214926785,0.0790751014082994,0.3080268,0.25607824,0.3134148,0.25069022
traffic,598,14484,16980,0.8998491482383331,0.2722963112057355,0.27603507,0.75755954,0.53749156,0.49610305
traffic,768,14996,16340,0.8998338583652954,0.1725305036794465,0.13336325,0.126719,0.05075884,0.31084108
traffic,588,14100,17364,0.89980312195526,0.1047708227688193,0.7063912,2.576822,1.5259925,1.7572207
traffic,631,16596,17364,0.8997987019269695,0.1227579662969824,0.23929,0.19681478,0.34500122,0.091103554
traffic,212,16148,17300,0.8997205629303833,0.2916423022069906,0.10894108,0.21041942,0.040467024,0.27889347
traffic,153,15828,17172,0.8996729512901134,0.1209009959697851,0.77078867,1.316746,1.1812482,0.9062865
traffic,837,14100,16404,0.8996672585855486,0.2245976081860571,0.13162327,0.121347785,0.04270816,0.05298364
traffic,79,15060,16020,0.8996530566340922,0.2618921334442545,0.4983554,0.66542006,0.71848583,0.4452896
traffic,373,15636,16788,0.899637358024591,0.1872857493360285,0.99762416,0.7056762,0.91701293,0.7862874
traffic,679,15508,17044,0.8996234265975953,0.2814475561615606,0.045199394,0.4675858,0.22675037,0.28603482
traffic,693,14484,17172,0.8996011646973049,0.2404413397114007,0.8380945,1.4442673,1.4298902,0.8524716
traffic,776,15380,16340,0.8995923257496654,0.2839462680346578,0.90547943,0.53896,0.594656,0.8497834
traffic,370,14676,16980,0.8995794162054598,0.2097944835704382,0.006075859,0.619472,0.12453389,0.48886228
traffic,391,14676,16596,0.899552552317885,0.2404907260190732,0.2862568,0.973137,0.22026825,0.46661198
traffic,200,14164,17236,0.8995483149906606,0.1935281191380021,0.5503733,0.5686809,0.28483796,0.83421624
traffic,414,15764,16532,0.8995248641825344,0.2995464859176454,0.45648694,0.013269901,0.17411256,0.29564428
traffic,362,14036,16340,0.8995161044092639,0.2838862676660241,1.0686208,0.71974325,0.5689007,1.2194633
traffic,284,14484,17172,0.8995074316446967,0.2073488873132658,0.3669386,0.15380478,0.18116522,0.031968594
traffic,322,15444,16788,0.8994971875386638,0.270094186439649,0.024526477,0.29961514,0.49030823,0.7653969
traffic,545,15444,16788,0.8994663192901848,0.2996443650001967,0.03514421,0.40762675,0.061030626,0.38174033
traffic,245,14036,17108,0.8994516887528251,0.2293895278627367,0.108151674,0.5348196,0.5380261,1.1809974
traffic,484,14676,16980,0.8994152926012079,0.1799753061902546,0.2747445,0.91345215,0.26360583,0.3751018
traffic,804,14100,16212,0.8994130970561951,0.2669719315300459,0.17783165,0.13230419,0.14135408,0.095826626
traffic,459,15380,15764,0.8993814029479857,0.2968816782356683,0.2022258,0.13601589,0.115433216,0.22280848
traffic,240,15188,16724,0.8993722345718744,0.1977636656604792,0.8406936,0.9079728,0.7908608,0.95780563
traffic,449,15124,16468,0.8993217529213955,-0.006985095069272,0.4355669,0.1092217,0.31396532,0.012379885
traffic,182,15124,16468,0.8992838964263161,0.276225440859237,0.20610726,0.104644895,0.22620201,0.08455014
traffic,122,14420,16340,0.8992765444914179,0.2586937089496941,1.6023217,1.1345625,0.6149727,2.1219115
traffic,216,14484,17172,0.899263947717569,-0.0917284757702254,0.5640693,0.47313118,0.54323864,0.4939618
traffic,551,14420,17300,0.8992516404217579,0.1811117957597146,1.1430371,0.05788386,0.5679918,0.6329291
traffic,715,14292,14676,0.8992483021690064,0.0730809246065242,0.41433477,0.05528164,0.4355166,0.07646346
traffic,8,14100,16212,0.8992428375096367,0.1727633010142065,0.39594913,0.4736178,0.5249934,0.3445735
traffic,380,14868,16212,0.8992331963704454,0.2908504105481888,0.26194882,0.4804952,0.4685862,0.27385783
traffic,191,14036,16916,0.8992240905828269,0.0061389808912988,0.1853255,0.6877683,0.08007598,0.95316976
traffic,526,15764,16724,0.8991980798656478,0.2673002590806959,1.4769058,0.742429,0.43253893,1.7867959
traffic,659,16980,17364,0.899168636462034,0.2951854231907629,1.074508,1.0030203,0.8204613,1.257067
traffic,305,15956,17108,0.8991642033212849,0.1788626311987615,0.16592622,0.43180466,0.19546652,0.7931974
traffic,293,14740,15124,0.8991505897118498,0.2428478186088773,0.36272407,0.19587374,0.26380014,0.29479766
traffic,30,14484,17172,0.8991461651312964,0.2009418274405782,0.061867,0.21126413,0.016465425,0.13293171
traffic,799,15828,17172,0.8991103420317287,0.2857275681400621,0.12128377,0.13864613,0.046058655,0.06342101
traffic,382,14100,16788,0.8990808633055796,0.0653934658995121,0.38107324,1.3472886,0.89021456,0.8381472
traffic,638,14356,15508,0.8990530934428187,0.0195430911537502,0.41723347,0.18921328,0.29660952,0.30983722
traffic,0,15956,17108,0.8990401533444492,0.0358937537647905,0.38956428,0.46314138,0.032946467,0.8197592
traffic,804,16020,17364,0.8990333717089711,0.163427961648947,0.617718,0.6876366,0.68104935,0.62430525
traffic,774,14804,17108,0.8990212422794842,0.2076252929357511,0.2600901,0.06574702,0.40517902,0.07934189
traffic,432,15252,17364,0.8990208019454173,0.175412554364053,0.7962073,1.8525865,1.3310465,1.3177474
traffic,388,15060,15828,0.89901867925688,0.2299680710382515,0.6154208,0.21166039,0.5048163,0.3222649
traffic,795,14740,17364,0.8990141168921219,0.0161360772085689,0.9114717,1.6724991,1.6911974,0.8927734
traffic,281,16276,17428,0.8990066169441254,0.2546218336436027,0.15317893,0.031987667,0.15712309,0.028043509
traffic,405,14996,16148,0.8989717671778822,0.2285686392782872,0.32143617,0.29873157,0.32039976,0.29976797
traffic,291,14484,16980,0.8989580889611003,0.1793419676675084,0.4896853,0.8095325,0.67888,0.62033784
traffic,417,14612,14996,0.8989304816585242,0.2314485109571113,0.5288274,0.266361,0.43538737,0.35980105
traffic,677,14036,17108,0.8988945384338171,0.2784784806071341,0.06211078,0.15623951,0.35053158,0.4446603
traffic,98,14676,15444,0.8988645715065595,-0.1654863693951752,0.5731678,0.6751503,0.5854596,0.6628585
traffic,475,14164,16852,0.8988365562223227,0.2706281947710467,0.4392488,0.20278955,0.096591234,0.13986802
traffic,463,14100,17364,0.8988303484936826,0.1664868883188529,0.5702003,1.9755301,1.3873421,1.1583884
traffic,599,15572,16724,0.8988071017181429,0.2635359783157439,0.9790218,0.93465495,0.67870235,1.2349744
traffic,23,14612,17300,0.8988064772723677,0.1873572575843,0.06825209,0.34438062,0.17727804,0.23535466
traffic,62,14164,16852,0.8987905493498374,0.2710503667841187,0.2665136,0.48350334,0.08072138,0.13626838
traffic,244,14484,15444,0.8987195983920656,0.079399804571161,0.37473488,0.66863537,0.5304551,0.51291513
traffic,8,15636,16596,0.8986918607268882,0.2306271141671584,0.13575077,0.76378155,0.55357206,0.34596026
traffic,820,15956,17108,0.8986881045407756,0.2946597375406493,0.035274744,0.62403476,0.066627145,0.59268236
traffic,223,15444,16404,0.8986781760873208,-0.1045238556079174,0.08704138,0.78222144,0.29492307,0.57433975
traffic,62,14036,14996,0.8986605376863168,0.1281393711828166,1.0229461,0.17898107,0.34113216,0.5028329
traffic,34,15124,16660,0.8986598929081159,0.245557321740411,0.8223808,0.7151756,0.601197,0.9363594
traffic,588,14228,15764,0.898593998484191,0.1171305227885499,0.10329676,0.042116642,0.04934919,0.09606421
traffic,351,14292,16980,0.898581912578159,0.2270067208900441,0.2583903,0.43949068,0.12829018,0.5695908
traffic,348,15956,16340,0.898554423774194,0.2104897721157796,0.74247885,0.36046934,0.55586123,0.54708695
traffic,600,14804,15380,0.8985320405730848,0.2888109839112551,0.06249118,0.29269433,0.11875367,0.11144948
traffic,187,15444,17364,0.8985102708751725,0.0111981209680967,0.7932496,0.66604614,0.8966081,0.56268764
traffic,794,14804,17108,0.8985082247234399,0.2608642461759573,0.9207394,0.6136875,0.40140057,1.1330264
traffic,395,14612,16340,0.8984926971200806,0.2738222412100251,1.3344578,2.8003688,0.9006995,3.234127
traffic,149,14292,16788,0.8984829936574094,0.2621269759576695,0.13395405,0.47436392,0.15579867,0.4525193
traffic,249,14484,14676,0.8984609102380596,-0.0403935467631859,0.2818811,0.31833553,0.57737184,0.022844791
traffic,312,14164,16852,0.8984187696085253,0.1424009691836224,0.33592606,0.2679,0.1483345,0.08030844
traffic,363,14804,17300,0.8984136253871284,0.2862377195034625,0.06765294,0.36132467,0.0739584,0.502936
traffic,781,15444,15828,0.8984051763364416,0.2279897985247676,0.5964992,0.552706,0.79496884,0.35423636
traffic,375,14932,16660,0.8983715651357052,-0.0608739976835367,1.3116889,1.6785793,0.7804612,2.209807
traffic,231,14804,16916,0.8983713089523316,0.29793798453576,0.46832705,0.036851406,0.62004447,0.11486602
traffic,651,15380,16724,0.8983587517827548,0.2891901556797486,0.7995117,0.239815,0.44310164,0.596225
traffic,106,15444,16212,0.8983354419147217,0.0406704137295453,0.5189822,0.68890333,0.635689,0.5721965
traffic,10,14100,16788,0.8983342086071945,0.1354738188603802,0.07596302,0.31784534,0.39065588,0.78446424
traffic,430,14100,14676,0.8983242212485113,0.1143418646614529,0.5876001,1.1624203,1.0967063,0.6533141
traffic,43,15380,16724,0.8983234676321703,-0.0571806825360223,0.2514212,0.14643073,0.5476594,0.14980745
traffic,804,14036,16532,0.8983077642675538,0.2798791269216327,0.14784098,0.48993242,0.015320063,0.62245333
traffic,561,15444,16212,0.8983044928606096,0.2983811729364028,0.12399399,0.12269628,0.20857179,0.03811848
traffic,299,15316,16468,0.898299036011417,0.0845381179185999,0.21443081,0.31270862,0.010635376,0.08764243
traffic,508,14100,16212,0.8982899139734036,0.035695618798446,0.45347142,0.44277406,0.5083916,0.38785386
traffic,516,14676,17172,0.898284867286752,-0.1352040799636909,0.9233682,1.2061889,0.991658,1.1378992
traffic,45,14292,15636,0.8982478334843531,0.2533269815586932,0.15443492,0.28658628,0.02329731,0.108854055
traffic,495,14612,14996,0.89824042205117,0.2500547629322434,0.42573214,0.08372617,0.27688503,0.23257327
traffic,728,14484,16980,0.8982282430487668,0.2609275628254607,0.25536418,0.6936327,0.12428856,0.31397998
traffic,317,16212,16980,0.8982160442390341,0.2035659061413858,0.3055942,0.26341057,0.10659742,0.064413786
traffic,757,16660,17428,0.8982034436729553,0.2536142763519953,0.14297676,0.20913076,0.12841964,0.22368789
traffic,673,15316,17428,0.8981982881429625,0.2018697041024204,0.22304511,0.5182867,0.33021617,0.41111565
traffic,172,15188,16532,0.8981946680437741,0.1692721785191383,0.2690196,0.08921409,0.24373937,0.114494324
traffic,573,16596,17364,0.898183177514873,0.141546151309076,0.50402474,0.47996783,0.5697577,0.41423488
traffic,76,16404,17364,0.8981805415616589,0.1298059520856674,0.6276952,1.6139467,1.2363187,1.0053232
traffic,227,14228,16724,0.8981744533726325,0.2927215683673883,0.57959723,1.2620183,1.1286522,0.71296334
traffic,321,15828,17364,0.8981731110463622,0.2724766634107816,0.80311847,0.98956466,0.7307348,1.0619483
traffic,428,15636,16980,0.8981429883368363,0.2644555845671397,0.1197145,0.38525796,0.025383234,0.24016023
traffic,102,16980,17364,0.8981228116460416,0.1127321931313652,0.39775586,0.596344,0.66866636,0.3254335
traffic,429,14932,17236,0.8981008096275704,0.2901526373064828,0.24858642,0.32044077,0.1688999,0.24075425
traffic,493,16148,17108,0.8980892625125837,0.0717075170365092,0.71705854,0.53769696,0.40281463,0.8519409
traffic,444,14612,16724,0.898083322110443,0.2378074454993342,0.40350068,0.11049938,0.2561077,0.25789237
traffic,524,15316,16660,0.8980822149857597,0.0443385278252383,0.3762555,0.19571567,0.4634173,0.10855389
traffic,736,15572,17300,0.898055839998293,0.2732947744837796,0.4912219,0.4327588,0.43571663,0.48826408
traffic,706,17172,17364,0.8980385879533933,-0.0512314132159923,0.08977294,0.117411375,0.091053486,0.11869192
traffic,24,15892,16660,0.8980360423586612,0.2685948135224023,1.5918717,1.9373066,0.7791903,2.749988
traffic,215,15636,16020,0.8980289528679074,0.2886082885516313,0.20927858,0.21429396,0.28755236,0.13602018
traffic,250,14996,17300,0.8980008249807527,0.1402057165385942,0.95946956,0.6815281,0.53880835,1.1021893
traffic,2,14356,17044,0.8979937101675738,0.1675879075082825,0.18891025,0.45738935,0.09950185,0.16897726
traffic,485,15700,17044,0.897991796125015,0.2020175827856726,0.121417284,0.47381878,0.14426565,0.4509704
traffic,543,14292,14484,0.8979529026275738,0.1310954175322368,0.4297638,0.5642717,0.5899303,0.4041052
traffic,588,14612,14996,0.8979261120863187,-0.032927849121598,1.4097676,0.5023813,0.5097275,1.4024215
traffic,194,14164,16084,0.8979014510772573,0.2636515903594852,0.618734,0.51197195,0.23876214,0.8919438
traffic,475,14804,17108,0.897887834215132,-0.1833570599963073,0.24305487,0.48130858,0.12373352,0.84809697
traffic,484,15124,16276,0.8978718075865926,0.2529915501725409,0.0011463165,0.04898858,0.1480751,0.09794021
traffic,405,15252,16404,0.8978611400591731,-0.0195240448587615,0.17851186,0.23798537,0.12991786,0.28657937
traffic,94,15636,16788,0.8978508830862216,0.1897957294714846,0.85456705,0.625437,0.7198622,0.76014185
traffic,641,15316,16468,0.8978451797977355,0.2720104931072745,0.14228249,0.35075974,0.097494125,0.11098313
traffic,242,15572,16340,0.8978397765584939,0.2797706846770701,0.8990054,0.62114954,0.65976596,0.860389
traffic,641,14996,16148,0.8978257762685192,0.2661028369920142,0.2560382,0.22714472,0.05304122,0.4301417
traffic,407,14804,15956,0.8978137463457533,0.2894228236003551,0.21079159,0.06554794,0.040034294,0.31637383
traffic,515,14612,17300,0.8977527317046848,0.2166484830999158,0.5666106,0.53257465,0.4544139,0.64477134
traffic,614,16404,16980,0.897720764524538,0.222691651137409,0.6497805,0.75427604,0.80228305,0.6017735
traffic,288,15892,17236,0.8976616463765794,0.2056905252864335,0.5733212,0.40577853,0.30249298,0.13495028
traffic,380,16660,17236,0.8976448006988654,-0.0749975315517405,1.5237658,0.8050636,1.2167027,1.1121267
traffic,178,14036,15572,0.8976402486666923,0.1682476646934363,0.4043467,0.23927307,0.3870306,0.25658917
traffic,439,14228,16724,0.8976115880045858,0.2268131415913802,0.9782579,0.11797166,0.23699093,0.6232953
traffic,316,15956,17108,0.8975996653697238,0.085385739583432,0.079135776,0.49041808,0.15496266,0.25631964
traffic,363,16788,17364,0.8975947410254139,-0.0150967538812557,0.6374637,2.2094114,1.4421915,1.4046836
traffic,470,15124,16660,0.897591853712783,0.2251300355289691,1.6229382,2.0249956,0.7378614,2.9100723
traffic,174,14676,16596,0.8975626042718859,0.2186125051675413,0.22805023,0.66962624,0.42357087,0.4741056
traffic,605,14548,14740,0.8975589339101757,0.2910776793515884,0.03587818,0.042733192,0.048676014,0.02993536
traffic,345,14228,15572,0.8974767677395795,0.2684218867340848,0.52974117,1.0142524,0.92326033,0.62073326
traffic,713,15508,16852,0.8974477947187945,0.2310444137163933,0.3797164,0.020369053,0.3392291,0.020118237
traffic,207,15764,16916,0.8974436303591304,0.2546652395967438,0.11360979,0.2969041,0.10322571,0.30728817
traffic,420,14996,15764,0.89743567641457,0.1659890595978491,2.1578398,0.8257487,1.6715026,1.3120859
traffic,802,14676,16980,0.8974340573818022,0.077102233541657,0.14036727,0.81611204,0.06670475,0.60904
traffic,163,14484,16980,0.8974337106474235,0.1457319639580873,0.4099946,0.53187037,0.25566268,0.37753844
traffic,126,14484,16020,0.89742840681581,0.2904199054902214,0.24135375,0.13645482,0.3651092,0.012699366
traffic,382,14228,16724,0.897407905072483,0.2338945964030867,0.4992113,0.04296708,1.0534797,0.59723544
traffic,365,14996,15956,0.8974004123700797,0.2921822968729207,0.62469983,0.5019245,0.35585642,0.7707679
traffic,772,14100,14676,0.8973992783874816,0.2045503048038672,0.7756641,1.2671647,1.039047,1.0037818
traffic,616,14420,16916,0.8973968877211267,0.1835314977318322,0.16904163,0.5595095,0.41079712,0.31775403
traffic,257,14804,17108,0.8973918169882077,0.1833003874481338,0.8128598,0.6191932,0.3494656,1.0825874
traffic,494,15124,16468,0.8973836524995011,0.2409416343559062,0.3155706,0.14140975,0.2322663,0.05810547
traffic,55,14484,17172,0.8973622642794381,0.2941899119220235,0.019190073,0.2871406,0.07215047,0.19580007
traffic,144,15828,16596,0.8973452572737922,0.0792836069639221,0.92408085,1.1907818,1.3083639,0.80649877
traffic,537,15828,16596,0.8973171723180574,0.1583247766435685,0.0010745525,0.5518327,0.0400002,0.5929074
traffic,207,14996,16148,0.8973107741766516,0.270824090280738,0.5507808,0.38126206,0.35206008,0.57998276
traffic,368,14996,16148,0.8972924329585004,0.2951910649092633,0.43092275,0.4687326,0.4259231,0.47373223
traffic,532,15124,16276,0.8972776485515921,-0.0616893645061379,0.10789895,0.29149222,0.047543764,0.13604951
traffic,560,14804,17108,0.8972266243456873,0.2534829372318853,0.78137803,0.5030492,0.3177688,0.9666584
traffic,418,16276,17428,0.8972244982482631,0.2240642721958335,0.46183765,0.33136725,0.271173,0.5220319
traffic,455,14612,16340,0.8972230445898828,0.1746559050441886,1.2824129,1.9558806,0.79764545,2.440648
traffic,268,14676,15828,0.8972048636656783,0.0548670133952086,0.830971,0.02994728,0.3512895,0.4497342
traffic,557,15764,17108,0.8971965757768002,0.2895363180517095,0.06360263,0.11413056,0.32350636,0.3740343
traffic,569,14420,16916,0.897135609300217,0.1970708788260023,0.29781413,0.40540898,0.15765381,0.26524866
traffic,421,14740,16852,0.8971226113228437,0.2167648466552135,0.33218694,0.47014856,0.0012667179,0.13669491
traffic,346,14036,16532,0.8971109688560389,0.2437683658775753,0.562654,0.2707119,0.5976293,0.23573661
traffic,393,15828,16596,0.8970283680276749,0.2793369697248128,4.5781803,1.1841612,4.579792,1.1825497
traffic,505,17108,17300,0.8969987692352028,0.2818928627012011,0.31803966,0.46853352,0.11061692,0.67595625
traffic,86,14292,16788,0.8969729926516801,0.2666138549438549,0.13329256,0.49374926,0.15253484,0.47450697
traffic,105,14996,16340,0.8969284980958855,0.2515958412424146,0.11317968,0.18996358,0.23198843,0.07115483
traffic,29,16020,16212,0.8969125301203339,0.2194314150429535,0.14362973,0.04909736,0.018274903,0.17445219
traffic,500,14292,17172,0.8968758528801033,0.2852442884874729,0.89100885,1.5111778,1.2402143,1.1619723
traffic,624,15316,16468,0.896865247943309,0.2852909143439986,0.40630913,0.6399267,0.5730486,0.4731872
traffic,654,16660,17236,0.8968533409673631,0.1979164210608857,0.006612301,0.011275768,0.019017696,0.036905766
traffic,850,14420,15956,0.8968344640302334,0.244580697236364,0.18853545,0.4236852,0.29389608,0.31832457
traffic,758,15252,17364,0.8968095278188934,0.2940140759760386,0.68613076,1.4633954,1.0043006,1.1452255
traffic,288,14868,16212,0.896768287658338,0.290545240965318,0.23372865,0.24703455,0.30564046,0.17512274
traffic,669,14164,16084,0.896764823778875,0.2978669901677392,0.19597888,0.4256425,0.2028172,0.41880417
traffic,330,16468,16660,0.896759495316031,0.1920140256457564,0.604139,0.95733356,0.99341214,0.5680604
traffic,100,14996,15956,0.8967426068408143,0.1769614724116303,1.5502264,0.5316999,0.5462463,1.53568
traffic,845,14292,16788,0.8967089115156651,0.2910645091454128,1.2073501,0.3150835,0.14736176,1.3750719
traffic,42,15380,15956,0.8966108846864145,0.1695718197386675,0.016994,0.011974096,0.02719307,0.032212973
traffic,137,14612,17108,0.896599587050906,0.2986935253069973,0.4037261,0.40874374,0.25383615,0.5586337
traffic,213,14932,16852,0.8965841916001656,0.2131072597898948,0.83938706,0.20260978,0.57378924,0.4682076
traffic,294,15956,17108,0.8965729491341136,0.1649770874632424,0.49204695,0.47806847,0.16098988,0.80912554
traffic,404,14036,14996,0.8965701018158835,0.2792300473235406,1.4290386,1.3666575,0.7286755,2.0670207
traffic,717,15124,16468,0.8965606788142715,0.2613759970238834,0.079073906,0.3350141,0.2370677,0.17702031
traffic,704,15956,17108,0.8965541267994468,0.2835880607016905,0.12530613,0.22977293,0.020427465,0.12489426
traffic,803,14036,16532,0.8965515438784913,0.227365347038425,2.109211,0.851694,1.5443165,1.4165885
traffic,191,14100,16212,0.896548696530337,-0.0456003796767083,0.5615808,0.62534046,0.53029,0.65663123
traffic,382,14164,16852,0.8965482378452286,0.1952213315975082,0.66155744,1.1928579,1.1246936,0.72972167
traffic,228,15508,16852,0.8964873945569356,-0.0318194312912408,0.09035897,0.64745593,0.4881369,0.24967802
traffic,833,14740,15124,0.8964612838021812,0.2418789062116621,0.21788359,0.44415593,0.3589561,0.30308342
traffic,820,15124,15316,0.8964594192924167,0.2910333691311939,0.30783153,0.37175608,0.421165,0.2584226
traffic,201,14868,16404,0.8964519266329924,0.2872042220554404,0.16494381,0.14015257,0.009328127,0.034119368
traffic,32,14868,16788,0.8964287036004558,0.261377300891243,0.23468435,0.37476194,0.07752013,0.06255746
traffic,675,15764,16532,0.8964259292761915,0.2799626342042279,0.1580193,0.004460573,0.19686651,0.04330778
traffic,207,16276,16660,0.8964195586372298,0.2836299645691105,0.85289884,0.49213147,0.44342184,0.90160847
traffic,778,15636,16404,0.896419064919996,0.2271705245765396,0.006513357,0.38456964,0.19964409,0.19143891
traffic,180,14932,16660,0.8964001875009424,-0.0124946416141389,1.3937016,2.0202856,0.82112074,2.5928664
traffic,836,14164,14548,0.8963839060791019,0.1355633251335294,0.3318348,0.28474855,0.12128258,0.49530077
traffic,416,15956,16340,0.8963764292989796,0.1759066681699156,0.92934847,1.3621209,0.9358828,1.3555865
traffic,788,15828,16596,0.8963079327971156,0.0905071416615774,0.08289528,0.23847032,0.11768508,0.20368052
traffic,99,16660,17236,0.8963071365452953,0.1812298336667696,0.38190293,0.6148876,0.55541277,0.44137776
traffic,247,14484,14676,0.8963049749464781,0.2974101030735808,0.050441027,0.20419192,0.028331995,0.18208289
traffic,67,15828,16980,0.8962647772789653,0.2057050591087075,0.044958353,1.184746,0.8492664,0.38043797
traffic,281,15508,16852,0.8962442158276285,0.1692334411183345,0.24874282,0.048419714,0.10173941,0.0985837
traffic,368,15060,15828,0.896229856528398,0.1989908179862315,0.7162161,0.8321588,0.7396085,0.80876637
traffic,855,14676,17364,0.8961778619578435,0.002895557546203,0.28512645,0.084608555,0.2018063,0.001288414
traffic,316,15764,16916,0.8961561572260793,0.274894776031237,0.21582675,0.25505996,0.029801846,0.009431362
traffic,9,14996,16724,0.8961343471679827,0.1819074279860673,0.5374875,1.2606049,1.0615189,0.73657346
traffic,316,14548,17364,0.8961093134914531,-0.1099497538035695,0.9838394,0.63821864,0.95933163,0.6627264
traffic,636,14356,16852,0.8961004789520054,0.2735299217245241,0.71356726,0.57383966,0.60285616,0.68455076
traffic,260,16276,16660,0.896094198182866,0.2881851654276331,0.8747512,0.5679257,0.57193935,0.87073755
traffic,231,14420,17108,0.8960923942367485,0.2684741217572169,0.14630508,0.09101868,0.18763661,0.1323502
traffic,385,14484,15252,0.8960867315118826,0.2491809053058864,0.013128281,0.33159995,0.0056917667,0.35042
traffic,682,15508,16660,0.8960727499260213,0.2774941777299297,0.41082716,0.42594194,0.4785936,0.35817552
traffic,537,16532,16724,0.8960719356978566,0.0618292510833836,0.78415275,0.8986931,0.62299156,1.0598543
traffic,620,16660,17428,0.8960637430787005,0.2567550653938303,0.10939407,0.24835992,0.15775585,0.19999814
traffic,567,14420,15956,0.8960484400008839,0.1790674548816658,0.32837558,0.0172503,0.41753697,0.106411695
traffic,738,16148,17108,0.8959900903737877,0.2572052230493041,0.5713587,0.5964736,0.3077445,0.86008775
traffic,671,15572,16340,0.8959790775122369,0.2709364711176371,0.745939,0.48405313,0.54586387,0.6841283
traffic,376,14484,16980,0.895955036682997,0.2990874660789259,0.1395874,0.9028146,0.46149778,0.58090425
traffic,588,14676,15636,0.8959421258933873,-0.0601007129769242,0.8634536,1.313117,1.4827032,0.69386744
traffic,206,15828,17364,0.8959315457151861,0.0308258680707004,0.35853148,0.26242256,0.5078039,0.11315012
traffic,500,15316,16468,0.8959251367026787,0.21795330626528,0.94445634,0.6869514,0.92732644,0.7040813
traffic,567,14100,16212,0.8959152775391349,0.2660320591328671,0.5717536,0.46800065,0.3699776,0.6697767
traffic,497,14996,15956,0.8959083121815079,0.258196483820603,1.0664425,0.67057884,0.7317009,1.0053204
traffic,240,16020,17364,0.8959039718047122,0.1043254844281403,0.56575227,0.8780441,0.8521774,0.591619
traffic,152,15316,16276,0.8958816765225963,0.2164420440244245,0.6096065,0.5906817,0.4845742,0.715714
traffic,238,14740,16276,0.8958789258514746,0.2961539754580395,0.17794967,0.036917925,0.07868266,0.13618493
traffic,229,15828,16980,0.8958637419824537,-0.0414240593156651,0.3459165,0.8726766,0.13972545,0.38703465
traffic,275,15508,16852,0.8958611008258572,-0.0541870140866649,0.23878813,0.08949804,0.16585207,0.016561985
traffic,252,14932,16660,0.895818337693309,0.1445304747846208,0.8704603,0.8660016,0.6109226,1.1255393
traffic,74,15636,16788,0.8957445302373243,0.1010589610793158,0.87416506,0.7428694,0.91590047,0.70113397
traffic,788,15956,16532,0.8957120444834319,0.2852955195003532,0.24730921,0.045333385,0.13761187,0.06436396
traffic,817,15444,16404,0.8957065832179819,0.1147605131446047,0.08967233,0.11415839,0.28889155,0.085060835
traffic,823,14548,15700,0.8956931025539256,0.2760920266291746,0.018677235,0.04066062,0.032949448,0.054932833
traffic,283,15444,16404,0.8956866274335491,0.0848538648728087,0.011728406,0.25958323,0.16246843,0.10884321
traffic,150,14292,15636,0.8956524056286398,0.2264052458964284,0.0012383461,0.2391591,0.11917877,0.12121868
traffic,355,14036,16724,0.8956501943652845,0.2602782968390346,1.1268541,1.0646124,0.7146555,1.4768109
traffic,258,15252,16788,0.8956314859104162,0.2726418314474505,0.42479992,0.080911875,0.3418076,0.16390419
traffic,171,14228,16724,0.8956197642832662,0.2084382041746608,1.3574593,0.9541476,0.6528292,1.6587777
traffic,347,14100,17172,0.8956025999909325,0.2998584598976466,0.47182083,0.38384724,0.47523975,0.3804283
traffic,714,16404,17364,0.8955891964615217,-0.0777944744284235,0.35674787,0.2621665,0.37999058,0.23892379
traffic,817,16660,16852,0.8955548637856229,0.0947466204343547,0.5152855,1.2884429,1.3711216,0.4326067
traffic,573,14228,16724,0.895548025095403,0.1211153847378677,0.41735148,0.029436588,0.4578154,0.011027336
traffic,53,14548,16660,0.8955048852973304,0.2015427981910833,0.051644802,0.2646203,0.14657998,0.35955548
traffic,82,16276,17428,0.8954959678849249,0.2969787633861438,0.98800623,1.4562333,1.1071345,1.337105
traffic,330,14036,16916,0.8954915203585689,-0.1375661062887367,0.15082037,0.36520886,0.22117388,0.7372031
traffic,580,14228,17300,0.8954863036601568,0.2824127047368392,0.27853274,0.3880099,0.17664099,0.48990166
traffic,264,14804,17300,0.8954848118530873,0.029550577531347,0.057265043,0.2731806,0.027158737,0.35760438
traffic,266,14420,16532,0.8954373292121184,0.1032478872452123,0.26459217,0.079398155,0.3785379,0.19334388
traffic,85,15636,17172,0.8952962973854379,0.2776529292936699,0.7487142,0.44918895,0.72223854,0.47566462
traffic,627,14804,15956,0.8952886370627169,0.2643704368888251,0.73085356,0.35422397,0.34107423,0.7440033
traffic,139,14612,16724,0.8952692006307348,0.2031056770508232,0.04132986,0.22350514,0.11462474,0.29680002
traffic,67,14932,16660,0.89525702508077,0.0084494791203382,1.2486527,2.4925675,1.0199614,2.7212586
traffic,727,14804,17300,0.8952550549940915,0.2894470215137005,0.71753216,0.7293091,0.67804265,0.7687986
traffic,485,14804,15956,0.89522572410023,0.2811032774206649,0.19604468,0.21206379,0.16755676,0.24055171
traffic,665,14228,16916,0.8952125104109246,0.2322646005255322,0.13637316,0.45541233,0.24643934,0.8382248
traffic,306,14036,14996,0.8951796296679159,0.2690371071159784,1.2041093,1.2968225,0.80591834,1.6950135
traffic,365,15764,16340,0.8951733940963993,0.29642511987464,0.7584553,0.5178716,0.5520015,0.7243254
traffic,635,14612,16916,0.8951505253906984,0.0567498737684647,0.2562579,0.08529663,0.2858523,0.11489105
traffic,810,14420,14612,0.8951339243126663,0.2860183992765558,0.0355649,0.0139302015,0.07168698,0.09332168
traffic,4,14676,17364,0.8951311143155266,0.2952047810576138,0.69036317,1.0207486,0.6953304,1.0157814
traffic,772,15636,16596,0.8951150902084836,0.2854013058569222,0.5762185,0.4852388,0.68845975,0.37299752
traffic,713,14484,16596,0.8951037414861128,-0.007130069253731,0.099182844,0.60150385,0.10957718,0.39274383
traffic,792,14740,16276,0.8950638531458415,0.2832997061322549,0.021944642,0.24925005,0.1099174,0.1612773
traffic,762,15060,16596,0.8950390656450123,0.034905392380853,0.31446743,0.31103134,0.44241,0.18308878
traffic,299,14484,17172,0.8950319744383664,0.1367447777288748,0.3350501,0.0032205582,0.30361438,0.034656286
traffic,509,14804,17108,0.8950242777036383,0.1823485831475466,0.5771625,0.46050477,0.18074822,0.85691905
traffic,145,14420,15188,0.8949936946662209,0.2745649582437532,0.7735623,0.47729015,0.40240598,0.8484465
traffic,798,14484,15828,0.8949878726598821,0.2768131195529619,0.5006771,0.09928346,0.30714178,0.29281878
traffic,50,15700,17044,0.8949689593204065,0.2397242358256227,0.034696817,0.18398714,0.022714138,0.12657619
traffic,409,15252,16980,0.8949495546299965,0.2383719802986016,0.3521273,0.09887576,0.33315444,0.117848635
traffic,626,14804,17108,0.8949343808027366,0.0430454008003186,0.08338928,0.4602524,0.122235775,0.66587746
traffic,573,14932,15316,0.8949259338027692,0.2906436109415953,0.6172513,0.79447293,0.9285811,0.4831431
traffic,521,14484,14868,0.8949157872026571,0.2349452993161533,0.009795666,0.43047714,0.022550821,0.39813066
traffic,803,14164,16852,0.8948573017051696,0.2890208134407435,0.0932045,1.412507,0.8806422,0.6250694
traffic,767,14676,16980,0.8948403122123286,0.2936717976406801,0.45356584,0.58195853,0.07496667,0.20335937
traffic,749,15828,17364,0.8948164849421493,0.2676045357087152,0.3705201,0.2161622,0.5180578,0.0686245
traffic,233,15124,17428,0.8947930333731009,0.2924918632749075,0.90595746,1.0075572,1.0995221,0.8139925
traffic,305,16596,16980,0.8947836507070263,0.2854536473479695,0.52727807,0.28270316,0.39467704,0.41530418
traffic,790,16212,17172,0.8947795099032876,0.0577896399079327,0.34487104,0.06690073,0.23546243,0.042507887
traffic,356,15316,17236,0.8947090268931354,0.2003462820665736,0.4843595,0.90704346,0.80450726,0.5868957
traffic,367,14036,16916,0.8946810006805974,0.2012691081774855,1.3228834,0.71599346,0.4207641,1.6181128
traffic,786,16788,17172,0.8946809082817373,0.2837067669734169,0.6249603,1.4269525,1.1215422,0.93037057
traffic,554,14228,14996,0.8946531731395702,0.2970496342530822,1.6082242,0.9417467,0.5956656,1.9543053
traffic,771,14676,15636,0.8946503851199133,0.135724509261591,0.044491053,0.5265317,0.17681599,0.39420676
traffic,531,14484,15828,0.894645977295006,0.2789922873251041,0.101266384,0.004169464,0.030164003,0.06693292
traffic,526,14100,16404,0.8946262817254345,0.1582350029454873,0.33627617,0.96467555,0.35169244,0.27670693
traffic,659,14996,16916,0.8946172630613173,0.2694970893772406,1.4085424,0.8301847,0.9206027,1.3181244
traffic,853,15316,16468,0.894600151801978,0.1400598324596828,0.107156515,0.46632218,0.21817493,0.35530376
traffic,833,15828,17364,0.8945911039244345,0.2640062224814702,0.74044585,0.15168262,0.45301533,0.43911314
traffic,33,14164,16852,0.8945707752327172,-0.1598236337979899,0.21566772,0.3830526,0.27711082,0.3216095
traffic,855,14484,15828,0.8945670730009362,0.1853130362032089,0.010301113,0.0011482239,0.019532204,0.03098154
traffic,241,14420,17108,0.8945385986712994,0.2620368405826503,0.43954268,0.34932008,1.2542269,0.4653641
traffic,285,15316,16276,0.8945377108624837,0.1089605597550868,0.009661436,0.058790684,0.07617164,0.14462376
traffic,183,14676,16788,0.8944774841563652,0.1962359281007892,0.5042331,0.7558358,0.67150927,0.5885596
traffic,773,14100,16788,0.8944719044577902,0.150848091267592,0.36956775,0.81229,0.30502462,0.87683314
traffic,700,14868,15828,0.8944519121005825,0.2943757853458115,0.63272417,0.74548435,0.7734052,0.6048033
traffic,369,16084,17364,0.8944420914317976,0.0048035360293071,1.1611844,2.797551,1.4454392,2.5132961
traffic,580,15252,17364,0.8944144358481413,0.1212716733322773,0.8190667,3.8442872,1.7486057,2.9147482
traffic,167,15316,16468,0.8944142217271183,0.05807720788638,0.098400116,0.52344584,0.14591002,0.47593594
traffic,363,16468,16660,0.8943950650368997,0.1796901898754971,0.933401,0.9617479,0.6131784,1.2819705
traffic,91,15444,16212,0.8943645974959815,0.0968734970416578,0.13351345,0.4374169,0.25190973,0.31902063
traffic,401,14036,15764,0.8943511775926686,0.1076699305659221,0.17402625,0.25898516,0.23998976,0.19302166
traffic,323,14484,15828,0.8943040637157765,0.2945291338631751,0.74430275,0.68658257,0.81038904,0.6204963
traffic,86,14164,16084,0.8942898552486452,0.2642828297776185,0.73870385,0.52068913,0.3233633,0.9360297
traffic,346,14292,14676,0.8942522418302398,0.1569135102397822,0.46216583,0.54991674,0.6757934,0.33628917
traffic,586,16020,17364,0.8942092801299564,0.0900211436265925,0.63934684,1.2767298,1.0802851,0.8357916
traffic,111,15316,16276,0.8941578653007679,0.2848265244052573,0.96278954,0.479774,0.51332617,0.92923737
traffic,287,14804,15956,0.8941572017421823,0.2509087926946555,0.32423484,0.32932246,0.2382288,0.4153285
traffic,537,16468,17428,0.894120741005016,-0.0382816529896617,0.5323417,1.0271461,0.95232034,0.6071675
traffic,716,16212,17172,0.8940970828391224,0.245892611203824,0.36149406,0.07131648,0.4864788,0.05366826
traffic,65,14868,16404,0.8940716821103124,0.0563739265980148,0.41297746,0.32896054,0.47064245,0.27129555
traffic,645,14804,17300,0.8940532551529543,0.2438969240488921,0.87414765,0.80486107,0.59849477,1.080514
traffic,564,15444,17172,0.8940399372750852,0.2510917552519697,0.52305853,1.3314555,1.5322448,0.3222692
traffic,747,14420,16340,0.8940210065840787,0.2757628078938816,0.12741756,0.19450212,0.062075138,0.12915969
traffic,631,16148,16724,0.8940169879432482,0.2416594852526049,0.31462216,0.16046834,0.29801774,0.17707276
traffic,319,14932,16660,0.893981046968745,0.1902359922075965,1.4190483,2.1423812,0.8915293,2.6699002
traffic,299,17108,17300,0.8939690030925966,0.225841611177086,0.4778421,0.42433047,0.48710418,0.4150684
traffic,287,16660,16852,0.8939120073377013,-0.189184337472108,0.25743532,1.2292991,1.0220709,0.4646635
traffic,155,14292,14676,0.893870084476179,0.1729386405052068,0.029651642,0.12628293,0.35578847,0.45241976
traffic,678,14292,14676,0.8938618931818822,0.2380317575386994,0.36417198,0.50944495,0.8170366,0.056580305
traffic,611,15636,16788,0.8938269715504353,0.1906277169810774,0.32466257,0.6861987,0.40565717,0.6052041
traffic,750,15700,16276,0.8938216503978438,0.2607714255034942,0.02189684,0.24084198,0.038070202,0.22466862
traffic,810,15572,17108,0.8937988306991945,0.2041572917022069,0.2653029,0.633453,0.13469577,0.76406014
traffic,635,14164,15700,0.8937985046282559,0.2734508020224427,0.50696564,0.502054,0.42713523,0.5818844
traffic,637,15828,16596,0.8937931339421497,0.1819658326004627,0.09021449,1.1487391,0.8260815,0.41287208
traffic,528,15636,16788,0.8937669893571243,-0.0424653188830351,0.03540373,0.5780448,0.24194312,0.37150538
traffic,628,16020,17364,0.8937636971170633,0.1978585207132105,0.21014881,0.017309904,0.21139836,0.016060352
traffic,560,15828,16596,0.8937516901044821,0.2494120413047184,0.9389696,0.92413247,1.0041068,0.8589953
traffic,172,14420,16340,0.8937419926340029,0.2571898791025077,1.1529313,1.5478694,0.9675187,1.7332821
traffic,213,16788,17364,0.8937399796500449,-0.1331805278173272,0.610564,1.1206603,0.8843994,0.8468249
traffic,260,14292,16212,0.8937360184152732,0.2245236710243354,0.023292184,0.16924,0.07384205,0.21978986
traffic,358,16468,17428,0.8937184894013339,0.0795850900576851,0.17751837,0.08196807,0.14994884,0.1095376
traffic,223,15828,16596,0.8937068639518485,0.2651444518909912,0.22040057,0.7858176,0.48373222,0.522486
traffic,753,16788,17172,0.8936849151353539,0.2044515388536391,0.4586929,0.17689347,0.64810383,0.012517452
traffic,639,14036,17108,0.8936525976010381,0.2814621808205676,0.20508754,0.53977513,0.31037545,0.43448722
traffic,590,15828,16980,0.8936408545361012,0.2934716232775263,0.66810274,0.9455259,1.0601621,0.55346656
traffic,120,15764,16340,0.8936178034282783,0.2836189768082464,1.10464,0.99062157,0.7552273,1.3400342
traffic,587,15828,16020,0.8936054716478815,0.2620213698044086,0.105189085,0.23359013,0.04468608,0.29409313
traffic,761,14932,16276,0.893597107197744,0.1931654913040538,0.120598435,0.19732332,0.022690177,0.05403471
traffic,788,16084,16660,0.8935955719912252,0.1935750727394334,0.2937169,0.06880069,0.23341107,0.008494854
traffic,406,14100,17364,0.8935700097832345,-0.1442165124796284,0.37748408,0.37374234,0.4635315,0.28769493
traffic,259,15764,16340,0.8935634938051082,0.1936813481605001,2.2318048,1.446449,0.55358315,3.1246707
traffic,546,14036,16916,0.8935466053872052,0.2541885589198323,0.38891673,0.10888648,0.2842859,0.21351731
traffic,493,14804,17300,0.8935315948561696,0.2425209361026048,0.24726677,0.0064058304,0.29980302,0.04613042
traffic,299,14676,17364,0.8935296593678335,0.2742497156459959,0.528106,0.5010896,0.6551657,0.37402987
traffic,837,15444,17364,0.893523872722546,-0.1657388244676606,0.69714975,1.0910112,1.1892749,0.598886
traffic,123,14292,16788,0.8934966881234836,0.232202297081869,0.8283379,0.46275568,0.34237194,0.94872165
traffic,16,14292,15828,0.8934585225111297,0.1854849731358393,0.40807557,0.23079872,0.4460554,0.19281888
traffic,375,16148,17300,0.8934412707396447,0.2723882551612764,0.5559492,0.42717195,0.13172483,0.8513963
traffic,814,15700,17044,0.8934034604326883,0.1594652343247352,0.05370736,0.5919478,0.39288783,0.25276732
traffic,809,14676,16980,0.8933954400615008,0.2520815248787972,0.4722197,1.1514924,0.94280934,0.6809027
traffic,817,14292,16020,0.8933666960188107,0.135790994169984,0.36867404,0.45866942,0.6439595,0.18338394
traffic,549,14548,16660,0.8933608894789236,0.2929983851657474,1.572494,1.9609349,0.79131687,2.7421122
traffic,661,14612,16916,0.8933513796594093,0.1906858492695911,0.37987596,0.40883633,0.14895463,0.9376669
traffic,270,14164,16852,0.8933370231950729,0.1146981978691116,0.38173175,1.0582361,0.7758899,0.664078
traffic,81,14036,16916,0.8933311370960958,0.252473810605592,0.09911156,0.4133768,0.17435586,0.48862112
traffic,435,14036,16724,0.8933223454103804,0.1843059678742184,1.4234712,1.4748933,0.7839675,2.114397
traffic,320,15764,16532,0.8932936217092866,0.1646685927927967,0.7077429,0.71713495,0.57443976,0.8504381
traffic,259,15892,17044,0.8932828008629203,0.294704744118166,1.0705764,0.7364279,0.23001939,0.104129076
traffic,122,15188,16724,0.8932023288343344,0.1163499854720308,0.40186167,0.10702777,0.49029493,0.018594503
traffic,722,15508,17428,0.8931888319492697,0.2965116220731261,0.61343455,0.5571022,0.6399698,0.53056693
traffic,191,14740,17364,0.893180333881793,0.0262906819958842,0.9909098,1.7270072,1.6252344,1.0926826
traffic,860,14484,16596,0.893162857826761,0.2447095208059939,0.12444425,0.4259255,0.13708162,0.41328812
traffic,759,15764,16340,0.893154289056552,0.2777088709911294,0.40429688,0.09579682,0.29782152,0.20227218
traffic,434,14164,16852,0.8930849802388313,0.2271296242696679,0.06940651,0.5064645,0.27527165,0.16178632
traffic,423,14164,16660,0.8930792818432558,0.2863769868164303,0.8620627,0.88124776,0.70684147,1.036469
traffic,715,15764,16340,0.8930623556344618,0.1420191720012756,1.0765833,1.4359901,0.9055172,1.6070561
traffic,439,16148,17300,0.8930615428766014,-0.0733454216049317,0.4059446,0.45075655,0.35420918,0.50249195
traffic,433,15508,16852,0.8930468570671878,0.135131201260137,0.31646466,0.033723593,0.25320745,0.029533625
traffic,34,15828,16788,0.8930400153758654,0.2282763497919797,0.4390335,0.85398793,0.8292613,0.46376014
traffic,258,14996,15764,0.892969571492768,-0.0515896272006212,0.29197216,0.36089373,0.16644955,0.48641634
traffic,142,14100,16404,0.8929244591503901,0.2599164672170902,0.040304184,0.16525316,0.05629587,0.14926147
traffic,44,14612,14996,0.8929192041371021,0.2466154295681554,0.3633603,0.040700197,0.21179116,0.11086893
traffic,324,14292,16980,0.8929178954602224,-0.2127355838933012,0.19019532,0.52082276,0.11156225,0.59945583
traffic,826,15892,17428,0.8929130673733294,0.1116011811805142,0.2265873,0.02656889,0.15215039,0.10100579
traffic,724,16468,17044,0.8928724840597291,0.1074747425046572,0.08051944,0.027032614,0.05875373,0.005266905
traffic,199,16276,16660,0.8928437643888484,0.1716096244109404,0.45815408,0.18362403,0.36032736,0.28145075
traffic,298,14484,17172,0.892830036921819,0.2701656127529086,0.6951778,0.38012242,0.56668806,0.50861216
traffic,837,14548,16660,0.8928300105004808,0.1525620535457005,1.6688466,2.0402942,0.8072972,2.9018435
traffic,307,14676,15828,0.8928283582782708,0.2286331697607785,0.6159401,0.14742732,0.5115721,0.2517953
traffic,147,14100,16788,0.8928246258227915,0.1653085578299331,0.024861455,0.76689196,0.17803586,0.96978927
traffic,211,16660,17236,0.8928216415469601,0.1695569187997078,1.7609015,0.9201386,1.6735346,1.0075054
traffic,839,16148,17108,0.8927939203465274,0.2289771230316283,0.38189602,0.3817103,0.2786734,0.4849329
traffic,367,15892,17364,0.8927777703386137,0.0723400828402753,0.94644,0.56051373,1.2700593,0.23689437
traffic,702,15828,16596,0.8927734625371903,0.2651334548431217,0.0080394745,0.9098841,0.32996166,0.5879619
traffic,136,14164,16468,0.8927721686054012,0.2612425859554163,0.025240421,0.09051657,0.14796805,0.26372504
traffic,351,14612,16916,0.8927403833760859,0.1987698738095991,0.32656848,0.55310583,0.21052909,0.6691452
traffic,684,14676,16980,0.8926847821676689,0.2038117755181703,0.4586773,0.6409161,0.3247416,0.7748518
traffic,4,15636,16788,0.8926740401888277,0.1812103690576267,0.81402874,0.7926477,0.94369674,0.6629797
traffic,569,14932,17236,0.8926652612526195,0.1433204733789435,0.5373646,0.8621689,0.04751575,0.27728856
traffic,273,15636,15828,0.892635893792196,0.1017127106651651,0.7315178,1.5578206,1.1374352,1.1519032
traffic,291,14996,15956,0.892626453980142,0.1881939043785296,1.2739682,0.8510673,1.1974154,0.9276202
traffic,787,15316,16276,0.8926020487510855,0.1377836881712444,0.31467748,0.1746676,0.2062447,0.06623483
traffic,727,15444,16020,0.8925944682407295,0.2859973926534409,0.5766909,0.8555925,1.1286392,0.30364418
traffic,762,14292,17364,0.892585147427699,-0.054738253068306,0.23201656,0.115032434,0.3882227,0.041173697
traffic,439,14484,16596,0.8925825075235806,0.2068565318439357,0.44120765,0.2284522,0.35873818,0.14598274
traffic,408,16020,16788,0.8925774869541262,0.2065046442335036,0.024730206,0.36318922,0.05115199,0.389611
traffic,390,16148,17300,0.8925498672370895,0.1636970038418944,0.3893565,0.29558313,0.10887301,0.015099645
traffic,106,14612,16532,0.8925458397332957,-0.1038370739226193,0.40818334,0.36495376,0.56633186,0.20680523
traffic,380,14036,14996,0.892542776567119,-0.0230608991683064,0.55597687,0.7298751,1.1401944,0.14565754
traffic,830,14932,16468,0.8925308457591828,0.2807560476503352,0.39621878,0.083532095,0.3222319,0.15751898
traffic,82,14484,14676,0.89252089312891,0.2517928410890571,0.077367544,0.27421427,0.16729784,0.36414456
traffic,516,14164,17236,0.8924938773018586,0.2698622627850368,0.16426039,1.12577,0.41243577,0.8775946
traffic,166,15636,16788,0.8924913022247047,0.2733902575899076,0.5179695,0.58097386,0.47710633,0.621837
traffic,814,14292,16788,0.8924678413144411,0.1733861765945702,0.89869654,0.48551238,0.42662525,0.95758367
traffic,508,15700,16276,0.8924213741953267,0.1725796488014295,0.9042392,0.52558744,0.68315315,0.74667346
traffic,379,14612,16916,0.8924121801026895,0.2392307927537436,0.2161938,0.6475252,0.045973897,0.9096929
traffic,208,14164,15508,0.892410153793874,0.2831201494906696,0.24569702,0.1523335,0.15055108,0.24747944
traffic,117,15828,17364,0.8924011822920772,0.0897762173441916,0.03994131,0.03534031,0.060471296,0.13575292
traffic,310,15252,16212,0.8923867598544545,0.2840362253208103,0.05127132,0.107133985,0.018525004,0.07438767
traffic,200,14932,16660,0.8923601078395705,0.1719654965079398,1.1877862,2.0114884,0.9021343,2.2971404
traffic,805,14676,16404,0.8923573388173955,0.2667943719216578,0.14798546,0.53243375,0.3671608,0.3132584
traffic,394,14740,16660,0.8923310260234014,0.1148114948696744,1.5791402,2.9408178,0.8489277,3.6710305
traffic,452,15636,16404,0.8923032078794525,0.2969650489832542,0.3212583,0.36789548,0.31879497,0.37035882
traffic,303,14356,15700,0.8922703406561513,0.2183775861331922,0.07346463,0.10201311,0.10851693,0.06696081
traffic,459,16276,16660,0.8922602006217959,0.1908107865129362,0.99090385,1.1189027,0.6641884,1.4456182
traffic,233,14804,17300,0.892259679078069,0.2744672007605197,0.32094264,0.37880635,0.14854479,0.2064085
traffic,401,14484,15636,0.8922506583440206,0.2663931801884309,0.0076420307,0.87382007,0.29374337,0.57243466
traffic,620,15828,16788,0.8922332766573392,0.2553912230450198,1.2665088,1.276122,1.5974343,0.9451965
traffic,41,14740,16660,0.8921859382720079,0.1434756395381323,1.4551032,1.897188,0.7618215,2.5904696
traffic,301,15444,17364,0.892177701089015,0.160060704052397,0.61174774,0.84542227,0.9142616,0.54290843
traffic,561,14420,14996,0.8921720574549087,0.2863658560288428,0.8109455,0.6625829,0.65042233,0.82310605
traffic,249,16468,17428,0.8921681138669274,0.216061794159631,0.008727074,0.14801657,0.09141743,0.047872066
traffic,44,15508,16660,0.8921490445273257,0.269639487478051,0.16028929,0.047967672,0.23136926,0.11904764
traffic,471,16596,17172,0.8921315539669057,0.2597761574940852,0.77793026,0.19882488,0.51106906,0.46568608
traffic,688,16148,17300,0.8921223026902422,0.0008869593693681,0.1127913,0.08212638,0.08294034,0.05227542
traffic,107,14996,16532,0.892082959087405,0.0959695647628587,0.12913847,0.06906843,0.29144287,0.23137283
traffic,306,14740,16660,0.8920804655677279,0.099961452601763,1.6144948,2.0930645,0.75947106,2.9480882
traffic,331,14484,16980,0.8920784081236409,0.2036134036648428,2.154177,1.2981461,2.4468234,1.0054997
traffic,421,15060,17364,0.8920765915974218,0.1244220371087252,0.6550429,1.9368725,1.474858,1.1170573
traffic,662,15188,16532,0.8920696463275709,0.1929153583052492,0.2521174,0.04856515,0.33292294,0.03224039
traffic,0,15828,16596,0.8920543469006252,0.2903762039391359,3.3953607,1.1434336,3.3318179,1.2069764
traffic,528,14484,16980,0.8920497126454839,0.2866095058024839,0.055578947,1.1499513,0.6391251,0.5664052
traffic,113,14548,15892,0.8920346577177559,0.2513130498706823,0.14816213,0.15085125,0.022489905,0.019800782
traffic,720,15892,17236,0.8920080457073417,0.2597845029786912,0.27593875,0.6262549,0.159235,0.50955117
traffic,611,15828,16596,0.8919719531317792,0.1692644194322319,1.2353368,1.0095868,1.267669,0.9772546
traffic,673,14996,16340,0.8919688701733295,0.2228952468147205,0.08456063,0.21911931,0.085576534,0.21810341
traffic,471,15124,16276,0.8919284255663539,0.1158106859638189,0.23650908,0.3303697,0.24326968,0.3236091
traffic,835,15892,17364,0.8919055425255602,0.2771606870640411,1.0529101,0.11400032,0.65868926,0.2802205
traffic,803,15316,16468,0.891887920831401,0.1446040294238937,0.21479678,0.99067616,0.80516934,0.4003036
traffic,61,14100,16212,0.8918849138151241,0.2123105265074818,0.04131663,0.5530021,0.2725278,0.23915768
traffic,208,16660,17236,0.8918589421987351,0.2749392049109314,1.0788941,1.1265649,1.5086279,0.6968311
traffic,696,14804,16148,0.8918421453059715,0.2309421949705965,0.67117476,0.9275658,1.0181732,0.58056736
traffic,751,15124,16660,0.891822643839055,0.2955279977764089,0.29523754,0.050800323,0.36528897,0.019251108
traffic,350,15572,16532,0.8918132042480623,0.2674027270453382,0.85034597,0.37061954,0.4498726,0.7710929
traffic,244,14420,16340,0.8918073223213705,0.2735844237196674,0.786036,0.74958754,0.6119361,0.92368746
traffic,203,14100,16404,0.8917827188571338,0.2312292912572341,0.28727126,0.2968167,0.57992744,0.0041605234
traffic,831,16788,17364,0.8917771385961732,0.2998701095236345,0.09142876,0.11710286,0.24819493,0.039663315
traffic,316,15636,16788,0.8917576257468549,0.1787708141437917,0.16841698,0.3980763,0.024983644,0.20467567
traffic,465,15316,16468,0.8917314991377937,0.0746164335334372,0.2680416,0.42564297,0.15561104,0.53807354
traffic,412,16148,17108,0.8917266134485993,0.1158166167443,0.93558073,0.70015347,0.6605557,0.9751785
traffic,531,15636,16980,0.8917046223899834,0.2327461490515486,0.122722626,0.16527247,0.005975485,0.048525333
traffic,428,15956,16724,0.8916783356979173,0.1693342490565012,0.9431672,0.988858,0.8736844,1.0583408
traffic,252,14292,16788,0.8916726527620107,0.221458226301997,0.027943373,0.5418614,0.23703337,0.33277142
traffic,395,14100,14676,0.8916702689207996,0.0810459352333292,0.6893631,0.71268225,0.80815196,0.5938934
traffic,772,16020,16404,0.8916362859764723,0.2668617667502393,1.0190761,1.1395575,1.4962575,0.66237605
traffic,313,14292,16212,0.8915888210614601,0.2363399048528406,0.17316198,0.009093523,0.21733141,0.035075903
traffic,576,15124,17300,0.891566798214435,0.0571499755518615,0.57426,0.14782476,1.1969419,0.7705066
traffic,710,14036,16916,0.8915407129154824,0.2174688353543859,0.3930471,0.45355308,0.0021660328,0.8487662
traffic,797,14676,15444,0.8915366592398922,0.1157239133662999,0.6098485,0.9653648,0.9979093,0.577304
traffic,154,14612,16724,0.8915282848837884,0.1968274628048687,0.5225446,0.31437182,0.39680815,0.4401083
traffic,102,16660,17236,0.8914968683597064,0.2392372037176037,0.16842413,0.19962335,0.007276535,0.038475752
traffic,801,15508,16852,0.8914920472935722,-0.0023823077210695,0.13598657,0.5296247,0.35970306,0.3059082
traffic,388,16084,16852,0.8914915613155093,0.2668130272831686,0.6443547,0.15550494,0.5243288,0.27553082
traffic,849,14548,16660,0.8914831024570434,0.2849500329617206,1.6172264,2.4056756,0.83463943,3.1882625
traffic,701,14164,16852,0.8913805790469232,0.2155611387965623,0.37580204,0.48384714,0.12673855,0.23478365
traffic,519,14100,16212,0.8913384115811407,0.0116945770596116,0.0914197,0.6337422,0.36896026,0.17336226
traffic,779,14036,16724,0.8913374144444604,0.2631380269664439,0.6481651,0.52926326,0.8782774,0.29915094
traffic,810,15252,17364,0.8913287864651728,0.2082336853414535,0.59177154,2.7657871,2.0403154,1.3172433
traffic,133,15380,16724,0.8913282927515627,0.1978462375059682,0.5016118,0.33906066,0.19957972,0.03702855
traffic,57,14676,16980,0.8913244481267627,0.2546835604297001,0.31580424,0.93668604,0.1635685,0.4573133
traffic,438,15124,16468,0.8913108201898452,0.2904003001048996,0.10119128,0.037635326,0.06019163,0.19901824
traffic,401,14100,16788,0.8912861281133835,0.2063452344528688,0.055157185,0.58949316,0.21687818,0.42777216
traffic,844,15124,16660,0.8912266472813365,0.2362510936867134,0.19572234,0.103598356,0.16112685,0.06900287
traffic,429,16788,17364,0.8912019951559982,-0.130934251135966,0.7568791,2.244014,1.3258307,1.6750624
traffic,317,14164,16276,0.8911478800537481,-0.058771162382352,0.27266645,0.10061145,0.2649305,0.09287548
traffic,197,15508,17236,0.8911285019998957,0.2609253295747561,0.5100548,0.62223375,0.24581599,0.8864726
traffic,722,15956,17300,0.8911197644659251,0.1348512278206431,1.4334381,1.3615334,0.621222,2.1737494
traffic,573,14292,16788,0.8910740826460606,0.2521907072009162,0.03218484,0.45464206,0.10614109,0.3806858
traffic,288,15700,17044,0.891018394561297,-0.1070867841992716,0.09331834,0.37511444,0.09727025,0.37906635
traffic,401,15828,17172,0.8910110129878429,0.28903591583081,0.29454517,0.16248131,0.13284636,0.0007824898
traffic,203,15124,16276,0.8909983933297588,0.1266680473237956,0.19123423,0.25859368,0.13599229,0.31383562
traffic,783,15124,15316,0.8909832560220571,0.2304344835560866,0.4475646,0.68083453,0.5997448,0.52865434
traffic,381,16788,17364,0.8909792869362311,-0.1756676730587055,0.7751615,2.5026703,1.3628275,1.9150043
traffic,75,15636,16788,0.8909473427576831,0.2161885681612924,0.2841549,0.6732422,0.38743567,0.5699614
traffic,545,14740,16084,0.8909426421758472,0.2378978043487272,0.33095407,0.44525838,0.38798118,0.38823128
traffic,579,16020,17364,0.8909070747099932,-0.1318369783247164,0.4050877,0.5446267,0.53147006,0.41824436
traffic,588,15508,16852,0.8908735197278528,0.0389090334950427,0.11477661,0.5264509,0.35130596,0.28992152
traffic,43,14996,16148,0.8908733891280032,0.2915378170237425,1.2220004,1.1443908,1.5093765,0.85701466
traffic,68,15892,16468,0.890847662609832,0.1651018759315485,0.1520276,0.003742218,0.20782137,0.052051544
traffic,249,14996,15956,0.8908366188146684,0.0514684840225704,1.1209526,0.6412413,0.700325,1.0618689
traffic,623,14292,17172,0.8908260780651617,0.2539277939293348,0.93859243,1.7828624,1.4093571,1.3120978
traffic,561,16788,17364,0.8908091617066628,-0.1366365590928005,0.74821484,2.0124056,1.2403363,1.5202842
traffic,49,15828,17364,0.8907987317502157,0.2506143927311169,0.24327159,0.29464936,0.35027552,0.18764544
traffic,485,15316,15508,0.8907380116986573,0.2777456535029394,0.6755624,0.40262055,0.5045476,0.57363534
traffic,568,14036,16916,0.8907277812939852,0.1534525066652048,0.9149173,0.45281655,0.2196393,1.1480945
traffic,293,14804,17108,0.8907195703290249,0.181895547100033,0.3138914,0.5024276,0.12689662,0.68942237
traffic,476,15316,16468,0.890706899261248,0.114129561341411,0.72792554,0.049562216,0.47753572,0.29995203
traffic,45,14932,17236,0.8907013327029014,0.2256271558142042,0.8641231,0.9445081,1.2945168,0.5141144
traffic,188,15316,16468,0.8906955621053525,0.0605909429470652,0.425184,1.1898075,1.025517,0.58947456
traffic,480,14100,16212,0.8906953446594716,0.2594669021281472,0.1414752,0.26806092,0.13973987,0.013154149
traffic,368,14356,17044,0.8906826996364154,0.1140584667096493,0.32483077,0.24805927,0.3363328,0.23655725
traffic,75,15828,16596,0.8906802884065464,0.1726992875505659,1.2226148,1.0218947,1.2841063,0.9604032
traffic,221,15252,16212,0.89067257531906,0.2745654578230676,0.2003597,0.36052895,0.36870408,0.19218457
traffic,210,16660,17428,0.8906589073720036,0.1744757758973706,0.098471165,0.14080858,0.11282396,0.12645578
traffic,8,15316,16276,0.8906532923279713,0.28813570360059,0.50143266,0.2790475,0.016423464,0.7969036
traffic,98,14100,17364,0.8906170053056585,0.148963159920875,1.1458424,3.0285368,1.2284411,2.945938
traffic,103,15828,17172,0.8906159621034128,0.2919528627765599,0.1707263,0.13591266,0.06723666,0.03242302
traffic,204,14804,17300,0.8905917018344152,0.226456327520704,0.36977172,0.15053177,0.29731226,0.22299123
traffic,571,14676,17364,0.8905810999307587,-0.1292444340951894,0.2811737,0.031728745,0.25031185,0.0625906
traffic,518,15956,16340,0.8905809010839523,0.2859093555099854,1.2216353,0.82026434,0.6671915,1.3747082
traffic,99,16980,17364,0.8905775319530476,0.2960711773356164,0.44486713,0.40730715,0.57115054,0.28102374
traffic,145,15252,17364,0.8905770760599617,0.1931132359529614,0.6511855,0.5776377,0.7399492,0.48887396
traffic,732,15444,17364,0.8905612097362197,0.1279009317836155,1.0114783,2.191583,1.2486168,1.9544444
traffic,371,14996,16340,0.890525706592877,-0.0235969098193615,0.16509795,0.10959959,0.17903304,0.0956645
traffic,817,15380,16916,0.8905026506635717,0.2390725332481683,1.4262968,0.7184746,0.90666366,1.2381078
traffic,334,14932,17236,0.8904712331105339,0.2724804817008466,0.03701067,0.8936244,0.27084637,0.5857674
traffic,348,14164,17236,0.8904710113197624,0.2932451691587846,0.2739036,0.63621056,0.3614738,0.5486404
traffic,139,14164,17236,0.8904380583245219,0.2299699079698269,0.63482213,0.7023076,0.514704,0.8224257
traffic,608,15892,17428,0.8904282516535404,0.2213197198254417,1.1196775,0.18729043,0.5006047,0.8063632
traffic,603,14292,14868,0.8904261882744909,0.2338253464066143,0.10803676,0.3070588,0.0064673424,0.4215629
traffic,311,15828,16596,0.8904209579194055,0.2117759101762302,0.52869606,0.94008934,0.9290459,0.5397395
traffic,555,14676,17172,0.8904033210750538,0.2365970362625549,0.57541394,0.29262567,0.5073688,0.22458053
traffic,378,14292,16980,0.8903983280443681,0.221130965570886,0.4542458,0.43399024,0.28122163,0.26096606
traffic,127,15060,16212,0.890389629392384,0.2892635493542936,0.10286534,0.16216946,0.181422,0.0836128
traffic,587,16084,17044,0.8903851617369173,-0.0171307199152567,0.6058209,0.43281555,0.62608576,0.4125507
traffic,385,15060,15828,0.8903846546785199,0.2839267361334124,0.61558056,0.55520105,0.68119574,0.48958588
traffic,332,14292,15636,0.8903549424881959,0.2687843408106434,0.22691727,0.18853831,0.20617747,0.2092781
traffic,145,15508,17236,0.8903266545215078,0.254150555545051,1.259067,0.9822562,1.2717121,0.96961117
traffic,448,14484,15636,0.8902701256443091,0.1559871786656421,0.28039098,0.61852217,0.55636907,0.34254408
traffic,319,16084,16852,0.8902390663558795,0.2677514089626708,0.9572294,0.12969637,0.43371558,0.65321016
traffic,230,15636,16980,0.8902309761009619,0.1477155535334931,0.09272885,0.066975474,0.044441342,0.018687963
traffic,2,16212,16980,0.8902247674195476,0.0788763155646024,0.23354697,0.42629933,0.17759466,0.37034702
traffic,718,15188,15956,0.8901517898606113,0.1823426366470535,0.05908513,0.06251001,0.2080965,0.32969165
traffic,186,14676,15828,0.8901494790204184,0.0510305656460803,0.41384745,0.24183035,0.1136713,0.058345795
traffic,154,15316,16468,0.890114881700691,0.1609394479726401,0.3979237,0.3955171,0.26695466,0.52648616
traffic,289,16404,17364,0.8900495539007591,0.1196502008618578,0.59537923,0.85849524,0.78841627,0.6654582
traffic,635,14676,15444,0.8900094305121731,-0.0311470136285451,0.9115927,0.9126061,1.1075013,0.7166976
traffic,449,14932,17428,0.8899997913710339,0.2826433689264266,0.35565066,0.007880688,0.2875514,0.07597995
traffic,151,15828,16980,0.8899987203410384,0.1566284178993719,0.46598506,1.1540418,0.9988544,0.6211724
traffic,801,14100,17364,0.8899345947458603,0.1115249430449184,0.69950616,2.7264795,1.5802749,1.8457108
traffic,398,14868,16788,0.8899283209488971,0.2955562429910354,0.17613864,0.59031916,0.2783265,0.135854
traffic,51,14740,15508,0.8899112617532082,0.276556779053362,0.17414641,0.07345462,0.27661395,0.029012918
traffic,763,15636,16788,0.8898653851300162,-0.0320320790467944,0.10544968,0.8701066,0.57429576,0.4012605
traffic,89,16084,17364,0.8898552724470842,0.0843283226369481,0.87862146,2.6426165,1.7831761,1.7380619
traffic,22,16084,16852,0.8898296660191749,0.2915332562566955,0.9174521,0.09040284,0.37019062,0.6376643
traffic,227,15060,15636,0.8898283306630583,0.0978609790075413,0.33369374,0.36063075,0.42547095,0.26885355
traffic,226,14164,16852,0.8898073273724059,-0.2862480378846059,0.4939921,0.2359531,0.023657799,0.2343812
traffic,521,14804,15188,0.889804265189966,0.2794180714039407,0.17230082,0.25454664,0.108563185,0.19080901
traffic,215,16468,16852,0.8897771328418326,0.2275965546607605,0.33957982,0.17995119,0.30982447,0.20970654
traffic,402,15252,17364,0.8897623623635056,0.1335789130617192,0.70389795,3.571795,1.8945855,2.3811073
traffic,810,14292,16788,0.8897559562706213,0.258564466031417,0.9048116,1.1239109,1.0725535,0.956169
traffic,359,15060,17364,0.8897438886608047,0.1218327480959007,0.5895808,3.5250144,2.1614614,1.9531338
traffic,164,14164,16852,0.8897387491882758,0.1116320500915312,0.024289131,1.0553803,0.50520563,0.57446384
traffic,93,14164,17236,0.88972296233172,0.2004136723997669,0.47510326,0.71806335,0.3290063,0.8641603
traffic,48,14100,16404,0.8897179104616365,0.298229376392191,0.27750206,0.32390034,0.22519517,0.27159345
traffic,266,14484,15636,0.8897174123260101,0.1991470113244931,0.12569165,0.2250843,0.1260426,0.22473335
traffic,277,15956,16340,0.8897073634285475,0.2997413874591189,1.0973749,2.8338184,1.0671153,2.864078
traffic,545,14292,14676,0.8897068820449289,0.1198778417026227,0.14257932,0.15899396,0.76157475,0.7779894
traffic,779,14804,17108,0.8896475430363073,0.2454534705675311,0.7113272,0.60422796,0.29486847,1.0206866
traffic,77,16084,16660,0.8896331236033409,0.1973692557595317,1.049994,1.7133286,0.8557122,1.9076104
traffic,3,15828,17172,0.8896281011488473,-0.0595588206744668,0.07088852,1.0263884,0.4343326,0.6629443
traffic,451,14676,16980,0.8896232630730311,0.2276759404661916,0.4877441,0.33337116,0.18183637,0.027463436
traffic,58,14100,16404,0.8896154962306912,0.1464838268906196,0.19480908,0.24703252,0.014725924,0.03749752
traffic,242,14868,16404,0.889604095536261,0.2849836177773336,0.045078754,0.22265065,0.016617298,0.1609546
traffic,449,15316,17236,0.8896025438930819,0.1539374200055595,0.0053522587,0.25161505,0.059704542,0.31667185
traffic,750,15508,17236,0.8895723356312891,0.1303902353792773,0.18367767,0.7597563,0.25169325,0.69174075
traffic,761,16148,17108,0.8895683862505397,0.2319867897564318,1.185516,0.65424424,0.684579,1.1551812
traffic,759,14484,16596,0.889531342167795,0.2848975824151589,0.17832685,0.41477656,0.18621111,0.4068923
traffic,453,14484,16596,0.8895079471827335,0.2534815524336984,0.023482323,0.24050093,0.03300786,0.23097539
traffic,284,15508,16852,0.8894825303650721,0.1129329736722564,0.29515672,0.5459933,0.5697086,0.27144146
traffic,393,15060,16212,0.8894681295214446,0.2874930424558826,0.16256136,0.2905885,0.27767783,0.17547202
traffic,457,14932,16852,0.889463603543317,0.2854611611264809,0.54255235,0.28646016,0.6031095,0.22590303
traffic,383,16276,17428,0.8894620406970635,0.2071012951344321,0.18090689,0.059336662,0.089398265,0.032171965
traffic,226,14996,15188,0.8894599619571718,0.1606862859585003,0.3264866,0.25767112,0.15664792,0.08783245
traffic,295,14228,14804,0.8894505306284389,0.1861494283770522,0.3762076,0.6776817,0.6363137,0.4175756
traffic,777,16788,16980,0.8894502772501961,0.2834204006379439,0.15679145,0.04511404,0.12018061,0.08172488
traffic,774,16660,17236,0.889444602237211,0.1798100811729391,1.5985498,0.90138626,1.5177212,0.9822149
traffic,132,14676,16596,0.8894353897869591,0.1563790476581803,0.060269594,0.5392513,0.27831268,0.32120824
traffic,63,14804,16916,0.8893663849641563,0.2170178031313659,0.75983953,0.56365633,0.2270844,1.0964115
traffic,193,16212,17172,0.8893531743477022,0.1706083558398468,0.24842882,0.3560691,0.2568488,0.36448908
traffic,356,15636,16404,0.8893521466478087,0.2054145264198748,0.14274049,0.33783793,0.24056864,0.24000978
traffic,791,14484,16596,0.889331335715418,0.1142441688252056,0.4915502,1.1677613,0.98778033,0.6715312
traffic,172,14228,14996,0.8893293541816547,0.2744368859701476,0.97385836,1.2125814,0.82787395,1.3585658
traffic,108,15316,16660,0.8893132550998861,0.1886328010335519,1.0992429,0.83143187,0.7599137,1.1707611
traffic,68,17044,17236,0.8892854815944733,0.190802990995121,0.06762576,0.18809891,0.24110317,0.014621496
traffic,661,16788,17364,0.8892217723692775,-0.0892932965382301,0.5546617,3.3273613,1.9821484,1.8998747
traffic,826,15252,17172,0.8891995752488454,0.0872590185579206,0.583951,0.31528234,0.56678534,0.332448
traffic,407,14868,16212,0.8890370157751276,0.2444637695837508,0.35623866,0.92203,0.7413104,0.5369582
traffic,832,14804,17108,0.8890276637432287,0.2392196317882391,0.42281055,0.43199015,0.17723131,0.6775694
traffic,65,15124,15508,0.8890135359428879,0.2478819723160226,0.3461368,0.09022498,0.3265698,0.109791994
traffic,556,16660,17236,0.8889850204484718,0.1926533444895417,0.5604067,0.67167974,0.6609719,0.57111454
traffic,386,15956,16724,0.8889821512886328,0.2935862672236564,1.0421102,0.26269364,0.4906063,0.81419754
traffic,763,15956,17108,0.8889756958100155,0.270432595896955,0.14124513,0.26892936,0.07096565,0.056718588
traffic,457,14612,16532,0.8889547732198909,0.2820391856433031,0.33358026,0.12426257,0.21740532,0.008087635
traffic,707,14228,16340,0.8889181418840623,0.2853775273174329,1.2709419,1.567013,0.8504337,1.9875212
traffic,422,14484,16404,0.888908407567847,0.22226848599998,0.66145563,1.063966,0.9984739,0.7269478
traffic,201,14228,14996,0.888877294949585,0.1817302759455557,1.4574006,1.3897882,0.71304846,2.1341403
traffic,767,15444,15828,0.8888594732002791,0.1662863068450832,0.5454614,0.33014035,0.70680046,0.16880131
traffic,229,16596,17172,0.8888434407994905,-0.0816725440759043,0.5645554,0.6675513,0.99042034,0.24168634
traffic,393,15508,16852,0.8888368231529863,0.0210354706195879,0.018174171,0.44951677,0.2714008,0.15994179
traffic,701,15956,16916,0.8888064007052137,0.2823922629267125,0.17883635,0.38000655,0.2828697,0.4840399
traffic,539,17172,17364,0.8887804541879242,0.2309096715528671,0.45243907,0.6257067,0.72405267,0.35409307
traffic,508,15444,16404,0.888744207736687,-0.0419914070461647,0.31964755,0.19634628,0.25372362,0.2622702
traffic,582,14420,15188,0.8887375993876551,0.2845619007512678,0.4379537,0.34030533,0.38086057,0.39739847
traffic,175,14804,17300,0.8886704815307377,0.0105138019104943,0.8106129,0.5701289,0.6201105,0.7606313
traffic,777,14676,17172,0.8886623673244648,0.2849375085102429,0.602046,0.16849995,0.29225206,0.141294
traffic,456,14292,16980,0.8886540570380087,0.2843515467692644,0.10780048,0.21403217,0.16604877,0.27228045
traffic,636,15188,15956,0.8886430513036994,0.2855613871030687,0.12539268,0.1829083,0.0032844543,0.30501652
traffic,826,16148,17108,0.8886213433554617,0.2133988725033646,0.4028437,0.43170953,0.27875495,0.5557983
traffic,693,15764,16724,0.8886134356774331,0.0359434558005326,1.2162127,0.19763637,0.708792,0.70505714
traffic,510,14356,17428,0.8886104268587933,0.2944505630406095,0.5149498,0.30951834,0.3444445,0.13901305
traffic,479,16404,17172,0.8885749481181345,0.2536368140263744,0.5072715,0.9313216,0.7401302,0.69846296
traffic,571,15828,16404,0.8885717084202899,-0.1620394077989994,0.05825138,0.2669289,0.06245613,0.26272416
traffic,235,14228,14996,0.888549668576498,0.0021198080416232,0.632102,0.050070047,0.22030091,0.46187115
traffic,747,15316,16084,0.8885494301033061,0.2761280338688534,0.14148974,0.33275008,0.09824371,0.3759961
traffic,623,14100,16788,0.8885371746243621,0.2018955606120719,0.37774372,0.2906748,0.5761733,0.4891044
traffic,634,15252,15636,0.88852412886877,0.2996698916788259,0.3427744,0.31180465,0.36475754,0.2898215
traffic,6,14484,14676,0.8885065072963721,0.0603506564987935,0.19868946,0.3207202,0.1864016,0.30843234
traffic,527,14292,16788,0.888503740581524,0.28444890105732,0.6165755,0.73033667,0.53571224,0.8111999
traffic,754,14292,16980,0.888484211817806,0.2275340519221756,0.40764117,0.5697913,0.36992478,0.6075077
traffic,560,15636,16788,0.88847110222684,0.2071905907943988,0.34239113,0.6586269,0.4392743,0.56174374
traffic,463,14996,15380,0.8884592576150884,0.1219112444679746,0.9377632,0.6254668,0.47375822,1.0894718
traffic,587,15060,15252,0.8884449556156522,0.2689354981544967,0.06922698,0.107470036,0.1077981,0.068898916
traffic,788,15060,17172,0.8884245324970479,0.1336952271910989,0.44662166,0.1270957,0.3430543,0.023528337
traffic,165,15892,17364,0.8883756976442507,0.1415566194589445,0.7155554,0.009721041,0.8568592,0.15102482
traffic,605,16660,16852,0.8883628875295002,0.0684071214285776,0.08586955,0.26384187,0.10482836,0.07314396
traffic,714,14420,17300,0.8883357533035503,0.2979978247518787,0.46558928,0.22148895,0.51298094,0.1740973
traffic,437,14676,15828,0.8883150905410062,0.1373048744448098,0.81525564,0.80620146,0.832252,0.7892051
traffic,567,15060,16404,0.8883117951667929,0.201275665304996,0.6444956,0.7327312,0.73410594,0.6431209
traffic,770,14740,15892,0.8882973943838856,0.2415422644710447,0.073890924,0.09945583,0.11173558,0.061611176
traffic,480,14292,15636,0.8882082903003092,0.2765542079700454,0.33158255,0.133461,0.20587063,0.25917292
traffic,254,16084,16660,0.8881952393528821,0.108501247728085,1.6383797,2.1749158,0.80978405,3.0035114
traffic,480,15764,16916,0.8881802675847318,0.2434163246860063,0.28519464,0.6987933,0.34033903,0.07325959
traffic,419,14676,16788,0.8881651757576776,0.2725517600905029,0.013767481,0.5332606,0.2249384,0.2945547
traffic,682,15764,16532,0.8881347267998763,0.2984256417798821,0.46037555,0.13648868,0.42075872,0.1761055
traffic,385,16468,16660,0.8881097333153394,0.0578923913020027,0.22191715,0.08826995,0.19625187,0.11393523
traffic,669,15892,16276,0.8880883253863533,0.2639440772534051,0.22446537,0.14314938,0.24430704,0.123307705
traffic,433,14484,17172,0.8880539877693371,0.1483618250941526,0.3165593,0.35224605,0.11602688,0.15171361
traffic,301,14612,16340,0.8880513300467524,0.2935586452157117,1.0633075,0.69985914,0.6482105,1.1149561
traffic,582,14036,14996,0.8880134781283437,0.2822038163368258,1.0402312,0.95124626,0.6867049,1.3047726
traffic,402,14932,16660,0.8879925683671528,-0.0328227253127981,1.3679147,2.6456652,1.0565577,2.9570222
traffic,123,15508,16852,0.8879916348482632,0.2749435881311592,0.16364503,0.3338368,0.10949874,0.060693026
traffic,120,15124,16468,0.887988343139111,0.2745243495554427,0.2019968,0.17541718,0.14100242,0.1144228
traffic,628,14804,14996,0.887978243824631,0.0679111018287073,0.51669955,0.5231545,0.5352392,0.50461483
traffic,41,14996,15956,0.8879634725649859,0.2099642770549096,1.8598228,0.929605,1.7465274,1.0429003
traffic,813,15892,16852,0.8879602570826911,0.1990316910968597,1.0281947,0.104958296,0.37425327,0.5489831
traffic,254,15252,15828,0.8879029222561593,0.2879275318123623,0.3822415,0.72101974,0.7830956,0.32016563
traffic,67,15124,16276,0.8878684961141908,0.2529920266165373,0.12805581,0.096297264,0.060019374,0.028260827
traffic,742,14612,16724,0.8878243645898514,-0.0200333428128968,0.8067211,0.3555715,0.7329029,0.42938972
traffic,149,14164,16084,0.8878112367655144,0.2639770855028505,0.6882199,0.51267636,0.27637863,0.92451763
traffic,344,15636,16788,0.8877932119339584,0.2544702648334055,0.42229748,0.5097718,0.35411382,0.5779555
traffic,252,14740,15508,0.8877921964826887,0.2491877512774557,0.6528896,0.25056458,0.36168206,0.5417721
traffic,338,15124,15316,0.8877767709290744,-0.0210878518484712,0.33659935,0.32588577,0.37569332,0.2867918
traffic,797,14932,16660,0.8877761725620563,0.0580636931531213,1.9251409,2.6802447,0.8313137,3.7740717
traffic,54,14804,15956,0.8877636490822095,0.1929659919531691,0.08340192,0.04217577,0.16418576,0.038608074
traffic,232,16340,16916,0.8877571438557302,0.2617232393171413,1.7284293,0.69010115,1.0132921,1.4052384
traffic,449,14484,17172,0.8877186719393658,0.2596214183454225,0.6661267,1.0709698,0.85995793,0.8771386
traffic,782,14740,16276,0.8877071236713369,0.25217942174693,0.012375116,0.1636815,0.033003688,0.14305294
traffic,559,14676,16980,0.8876814771128644,0.1739816722895984,0.3462596,0.83089423,0.022331953,0.46230268
traffic,561,14932,17236,0.8876776761940663,0.2788670814200905,0.24397552,0.32311964,0.16076982,0.23991394
traffic,574,15188,16916,0.887629759447675,0.2969780072089261,0.51832676,0.4889251,0.3165121,0.69073975
traffic,832,14292,16788,0.8876169348513491,0.1672393291703243,0.29121518,0.19496155,0.1276164,0.031362772
traffic,346,14100,16404,0.8876105233072984,0.1511839444820329,0.15372193,0.3397807,0.08884168,0.09721708
traffic,858,14484,16980,0.8875732994443629,0.2880981003399589,0.17438221,0.4308896,0.03250122,0.28900862
traffic,731,16660,17236,0.8875443728507566,0.1896097978612105,0.30445457,0.5600662,0.42252898,0.4419918
traffic,36,16660,17236,0.8875127450284042,0.2282153320449562,0.69921064,0.6251706,0.6679783,0.65640295
traffic,132,15636,16404,0.8875018855492626,0.2804003799828002,0.22610068,0.5880766,0.43506074,0.37911654
traffic,496,16468,16660,0.8875015697417824,0.2333191906203706,0.2802639,0.27441168,0.3531177,0.20155787
traffic,659,16660,17236,0.8874926252621254,0.1719784418783667,0.02167797,0.00025629997,0.033379793,0.011958122
traffic,781,14484,15636,0.8874857742418856,0.2323005662870858,0.08012986,0.4593675,0.21576118,0.3237362
traffic,466,15828,17172,0.8874807495867321,0.1459556100848685,0.1558609,0.63609004,0.49135303,0.3005979
traffic,101,14996,15764,0.88746094023181,0.2082929079115814,0.14245081,0.051426172,0.15866876,0.06764412
traffic,283,15828,17364,0.8874419250427624,0.1844789086588367,0.43669868,0.5077245,0.4632659,0.4811573
traffic,9,15508,16852,0.8874035782562131,-0.0144906686991107,0.16425061,0.34701133,0.02525711,0.20801783
traffic,542,14804,16148,0.8873977897524111,0.278904237634868,0.45394588,0.21705794,0.30039334,0.37061048
traffic,37,14932,15892,0.8873943903044508,0.1933429790981397,0.1443038,0.043801785,0.07806182,0.110043764
traffic,693,15572,16340,0.8873900538688666,-0.3869699914242303,1.4616258,1.1887217,0.6381061,2.0122414
traffic,505,14484,16404,0.8873606297948642,0.2976396770104512,0.47411776,0.85255134,0.6252661,0.701403
traffic,425,14292,16596,0.8873526899422941,0.2720123237310785,0.20398426,0.13106346,0.19974709,0.5347948
traffic,591,16660,17236,0.8873384709114647,0.246685266377595,1.888953,1.3790989,2.3554437,0.91260815
traffic,672,14100,17364,0.8873106229668893,0.233975152749796,0.8459066,1.5767169,1.2655534,1.1570702
traffic,294,15444,15636,0.8873105628506682,0.2808493630865677,0.3809408,0.533926,0.5779828,0.33688402
traffic,387,14612,16724,0.8872780809325435,0.2886951887630298,0.44410443,0.20215678,0.33778,0.30848122
traffic,460,14228,17300,0.8872719931448253,0.2505358364873586,0.26251888,0.38928366,0.044605255,0.17137003
traffic,194,14996,15956,0.8872502465862695,0.1918870607312791,1.6026199,0.6197189,0.8709817,1.3513571
traffic,433,17236,17428,0.8872335781383515,0.1918060925696253,0.46165597,1.5824437,1.2400378,0.8040619
traffic,274,14996,15956,0.8871639965076142,0.194749045876135,1.8561306,0.7347479,1.2611425,1.329736
traffic,269,14292,17364,0.8871517418609599,0.1540250527763948,0.6100528,0.7722502,0.7117307,0.6705723
traffic,169,16468,17236,0.8871392642708894,0.1815295030265369,0.041855574,0.38176227,0.2880832,0.13553464
traffic,709,15252,17364,0.8871287664258324,0.2794960118245797,0.495193,1.2724551,1.4138297,0.35381842
traffic,604,14996,17108,0.88710152644851,0.2449617614983584,1.0547279,0.6132204,0.4973874,1.1705608
traffic,450,16276,16660,0.887092312349606,0.1139323520197055,0.34587884,0.2553556,0.3642552,0.23697925
traffic,142,14164,14740,0.8870779545138301,0.1710440413687243,0.07885289,0.27874088,0.06883788,0.2887559
traffic,635,16276,16660,0.8870673258179941,0.1859130876456523,1.0708383,1.2810917,0.70812356,1.6438065
traffic,156,15124,16468,0.8870512245342446,0.1865670871860643,0.34966588,0.095484376,0.13181353,0.12236798
traffic,209,15636,16596,0.8870497047758857,0.2944463591885684,0.032090425,0.5492835,0.35771728,0.22365665
traffic,136,14740,15124,0.88703044157492,0.2517482366917485,0.11217594,0.02474308,0.056439877,0.030992985
traffic,452,14548,16852,0.8870197043218546,0.2346747841925049,0.84844685,0.51532197,0.50207186,0.86169696
traffic,753,16212,16596,0.8870018420145035,0.1351181904137831,0.22151113,0.015470266,0.23658419,0.030543327
traffic,316,15828,16596,0.8869848035669158,0.0632580912548041,0.10558176,0.91093516,0.37427402,0.6422429
traffic,808,15444,17364,0.8869749687248566,0.1130504346677378,1.0081124,2.215016,1.235182,1.9879463
traffic,825,16212,16596,0.8869608712434706,-0.1290970990005936,0.6111747,1.998351,1.5651672,1.0443585
traffic,785,14100,16788,0.8869517068201253,0.1662202834738506,0.25687444,0.86654323,0.32191396,0.8015037
traffic,589,15572,17108,0.8869263941735372,0.2799855872978025,0.02733612,0.26345193,0.2531786,0.54396665
traffic,153,14100,16404,0.8869030480441109,0.214508238001654,0.03350973,0.58178896,0.28114557,0.33415312
traffic,819,14036,16340,0.8868966219100016,0.2704048736318721,2.0859349,1.9875059,0.5883956,3.4850452
traffic,209,15508,16852,0.8868700931017452,0.1209503412943683,0.10911679,0.018954754,0.13736272,0.04720068
traffic,341,15316,16468,0.8868403203367679,0.0176777793272099,0.7492671,1.091565,1.2502954,0.5905367
traffic,379,14676,15636,0.8868238451252395,0.1307772355070676,0.98207164,1.6557347,1.9444759,0.6933304
traffic,427,14420,14996,0.8867510578239033,0.1857946955995071,0.62015796,0.53086996,0.53920007,0.61182785
traffic,505,15636,16788,0.8867189859678518,0.2305929525404639,0.6829114,0.706002,0.6146295,0.7742839
traffic,433,14292,16980,0.886699753745258,-0.2673791253882985,0.0456028,0.26561475,0.25197458,0.47198653
traffic,148,14164,16852,0.8866936811913152,0.2324963169313249,0.19194293,0.38371062,0.09973955,0.09202814
traffic,239,14996,15956,0.8866699434286461,0.2608448838317173,0.9003966,0.53039765,0.53559256,0.8952017
traffic,261,14100,16212,0.8866668456239294,0.2850067442706581,0.20923185,0.033389688,0.21768689,0.02493465
traffic,367,14612,16148,0.8866433480905986,0.1932026721687077,0.54615617,0.42102885,0.48099542,0.4861896
traffic,398,14036,14996,0.8866229617253518,0.1786963985462901,1.4766406,1.8072987,0.7854661,2.4984732
traffic,330,14100,15444,0.8865926087531888,0.1954436879656992,0.08109546,0.5856272,0.23474479,0.26978695
traffic,86,16660,17236,0.8865555793524813,0.2580585534829165,1.9803531,1.0962898,2.164259,0.9123839
traffic,327,14036,15188,0.8865528873398463,0.2536885435986905,0.5010495,0.21360993,0.26457548,0.45008397
traffic,206,14612,16916,0.886540360746542,0.0041501483634708,0.44535184,0.20446682,0.5325806,0.2916956
traffic,715,14612,16532,0.8865143722359337,0.2283813248862623,0.381521,0.04241991,0.44109893,0.017158031
traffic,142,15636,16212,0.8864887688546347,0.1052424498198765,0.5311167,0.4636302,0.54622364,0.44852328
traffic,312,16020,17364,0.8864817892241478,0.1574372887342146,0.588207,0.5873897,0.64151454,0.5340822
traffic,196,14164,16852,0.8864498396251295,0.1078414282651544,0.23208356,1.1311523,0.71570325,0.6475326
traffic,712,14484,16980,0.8864305415296724,0.2457180606004479,0.7365999,1.2655373,1.2347338,0.76740336
traffic,781,14804,16916,0.8864291927099215,0.2719829862727889,0.52846086,0.47504985,0.1755917,0.827919
traffic,396,15636,16596,0.8864071116136546,0.0986331045618933,0.0033800602,0.95602715,0.54888964,0.40375745
traffic,786,16660,17236,0.8863983515518953,0.2381548817530581,1.2234015,0.62877357,0.7026348,1.1495403
traffic,136,14292,16788,0.8863712704795269,0.1238740347569643,0.5804379,0.33989835,0.40591598,0.5144203
traffic,49,16148,17300,0.8863193897994577,0.2477670379564505,0.05972767,0.3150406,0.12442851,0.25033975
traffic,666,16468,16660,0.8863185948018298,0.0827927133740385,0.44835937,0.43988967,0.44031727,0.44793177
traffic,270,15124,15316,0.8863177006049243,0.2211073179221808,0.44225717,0.7451427,0.6518123,0.53558755
traffic,542,14676,17172,0.8863084104143065,0.2890399849670503,0.84269166,0.4197302,0.8310828,0.43133903
traffic,426,14100,14292,0.8862083001595848,0.1025425220341543,0.3205762,0.22608852,0.30589247,0.24077225
traffic,329,14612,16916,0.8861866445150783,0.2953887563559165,0.19532728,0.33065426,0.05347824,0.4725033
traffic,519,15252,16404,0.8861420533751079,0.1864102041443618,0.06914556,0.044416666,0.058880568,0.034151673
traffic,614,14420,16724,0.8861374040084085,0.2202509815592155,0.83243203,0.872592,0.6725397,1.0324843
traffic,57,14484,16596,0.8861334242677038,0.2385291521074815,0.1430099,0.96418214,0.30762887,0.51354337
traffic,755,14676,17364,0.8860899661829728,0.180037919724058,0.35849,0.27200508,0.42781878,0.2026763
traffic,358,15124,15700,0.8860729947305611,0.1481173148250164,0.10690141,0.0556736,0.081135035,0.029907227
traffic,423,15252,17364,0.886059146877638,0.1685991418796484,0.6091734,3.5501738,1.9904205,2.1689267
traffic,696,14228,16532,0.8860553569013385,0.1742804490574961,0.52540255,0.4765656,0.8080733,0.19389486
traffic,643,14996,15380,0.886045992119276,0.272130944812151,0.19952703,0.26208138,0.11491704,0.34669137
traffic,708,15956,16148,0.8859656329265438,0.2171741388417782,0.3439207,0.28961992,0.35505795,0.27848268
traffic,323,14740,17364,0.8859518497994477,-0.0930877544793062,1.044336,1.6898947,1.5339476,1.200283
traffic,244,14932,16852,0.8859317216816445,0.2872559518174949,0.14423609,0.4200549,0.19462037,0.36967063
traffic,126,14036,16148,0.8859266969638622,0.2609398257943393,0.40238452,0.15284324,0.27004075,0.285187
traffic,255,14164,17236,0.8859138548412204,0.199890833231701,0.14466381,0.07966614,0.2254479,0.16045022
traffic,691,14676,16788,0.8859093462488706,0.2670071150408378,0.22278357,0.6214907,0.35815883,0.48611546
traffic,729,14676,16596,0.8858773989956998,0.0979171048403829,0.21084762,0.83747053,0.561764,0.48655415
traffic,547,15124,16468,0.8858476071432738,0.2842777881768106,0.3328185,0.1273346,0.25274205,0.04725814
traffic,283,16660,17236,0.8858411745424422,0.2739234859177569,1.312542,1.3798437,1.8304064,0.86197925
traffic,311,16468,16660,0.8858278405445099,0.2063294914198623,0.8847786,0.8506193,0.6309339,1.104464
traffic,681,16660,17236,0.8858165869167384,0.2077232300458205,0.7601986,0.6657065,0.7599318,0.6659733
traffic,330,16596,17172,0.8858099344419581,0.1440322168274526,0.6331848,0.25231957,0.69068825,0.19481611
traffic,247,16596,16788,0.8858023057108962,0.1368264213153101,0.10216391,0.11387944,0.092702866,0.12334049
traffic,705,14484,16980,0.8858022144248374,0.1206653418625592,0.29324603,0.48155713,0.118032694,0.3063438
traffic,728,14228,14996,0.8857999123624295,-0.0334630803932885,1.4402425,0.88454914,0.6094096,1.7153821
traffic,585,16276,17428,0.8857958161191816,0.2967943352074276,0.21991563,0.011783123,0.19750357,0.034195185
traffic,593,15956,16148,0.885760343726344,0.2644086253573096,0.015890598,0.14720297,0.07764959,0.053662777
traffic,122,14932,17044,0.8857533864189551,0.2481927057190828,0.7981559,0.429762,0.1537795,0.21461439
traffic,586,14996,15764,0.885736183647545,0.2158265993010278,1.8284024,0.55552566,0.75599074,1.6279373
traffic,599,16404,16980,0.8857098042597162,0.2342918813474907,0.3565979,0.65910625,0.5211079,0.49459624
traffic,211,14484,16980,0.8856898455049775,0.2234824818880781,0.045139313,0.76857495,0.42397428,0.38974
traffic,342,16788,17364,0.8856794115100064,-0.1381371239520398,0.47243118,0.77834845,0.75891995,0.49185967
traffic,797,14036,14996,0.8856589766399778,0.0285202935148094,1.3094437,1.1862535,0.7433684,1.7523289
traffic,137,15508,16852,0.8856529003033304,0.1979875057291349,0.4363997,0.6999948,0.78931403,0.34708047
traffic,664,16020,17364,0.8856510874703939,0.2584709701321585,0.4335029,0.41882682,0.5588186,0.29351115
traffic,225,14036,16724,0.8856039908792679,0.2912318680432125,0.97323155,0.5806005,0.43899083,1.1148412
traffic,424,16084,17364,0.8855963734878801,-0.0096092785772179,1.1599711,1.7886369,1.4065603,1.5420477
traffic,74,14100,16212,0.8854988555141099,0.2610447810283988,0.07487559,0.10172415,0.13188481,0.044714928
traffic,73,15508,16852,0.8854925027913348,0.2535804911327841,0.25244403,0.19721961,0.11522055,0.059996128
traffic,389,15636,16788,0.8854582527317355,0.092166858818801,0.5580616,1.1658607,1.1866622,0.53726006
traffic,854,14100,16404,0.8854578892062405,0.0080271859324469,0.24023724,0.4464252,0.051680326,0.2578683
traffic,733,14164,16276,0.8854315337503444,0.259079029584957,0.032217026,0.19575143,0.04907918,0.21261358
traffic,716,14548,16468,0.8854192399033441,0.2528440403756476,0.18126178,0.19990802,0.049638987,0.06828523
traffic,290,15764,16532,0.8853994311396164,0.2314864276103616,0.6730931,0.3907547,0.41092968,0.6529181
traffic,817,14676,15060,0.8853537246623784,0.171962412026295,0.60749865,1.0180998,1.0990665,0.52653193
traffic,59,14484,16788,0.885352684202327,0.2062685966870495,0.10051751,0.46347165,0.20936418,0.354625
traffic,33,14932,17236,0.8853525427174006,0.0710232987731074,0.07410991,0.38495135,0.028050423,0.28279102
traffic,140,14740,17428,0.8853431795540223,0.2122342418996132,0.48329282,0.44489813,0.32414675,0.6040442
traffic,17,14612,17108,0.8853350625643795,0.2167568552024341,0.32247007,0.38475358,0.031888723,0.7391124
traffic,55,14292,16980,0.8853068118613167,-0.0890093333409509,0.14034963,0.5490427,0.29626894,0.3931234
traffic,843,15572,17108,0.8853014720247081,-0.1954462739038344,0.37353134,0.45481086,0.29879308,0.5295491
traffic,222,15316,16468,0.8852950578607183,0.2111281071467932,0.3764732,0.6326337,0.588923,0.4201839
traffic,493,15060,15636,0.8852723417506193,0.2324369314002876,0.5279329,0.39494443,0.41377616,0.50910115
traffic,287,14164,15508,0.8852709637605825,0.1984695066624098,0.007888317,0.57825375,0.24863482,0.33750725
traffic,539,14676,15636,0.8852594912290687,0.1361757006133434,0.51758146,0.9986131,0.8973613,0.6188333
traffic,412,15316,16468,0.8852514611861578,0.2392461806481947,0.4452138,0.69727576,0.6484127,0.49407685
traffic,619,14612,16148,0.8852260949551546,-0.0953111409390421,0.68337893,0.6440723,0.5183294,0.80912185
traffic,555,15764,16724,0.8851743014861442,0.2916258922681783,1.3188283,0.72150564,0.592571,1.447763
traffic,33,14484,15636,0.8851716566572763,0.1970050432303874,0.13337755,0.4899416,0.14470339,0.47861576
traffic,586,15316,16660,0.8851644813195816,0.2232461907615026,0.92622995,0.57137513,0.5331943,0.9644108
traffic,729,15764,17108,0.8851472678478907,0.2985877022040042,0.27789867,0.049176216,0.25656092,0.07051396
traffic,544,14676,15636,0.885127104901472,0.0829639545897255,0.11566734,0.8307433,0.49009204,0.45631862
traffic,702,14484,16980,0.8851091031476924,0.2893132990438112,0.24980307,0.53449416,0.03180623,0.25288486
traffic,222,14548,17364,0.8850472531822688,-0.2089381506422439,0.9620824,0.3432486,1.3784318,0.073100805
traffic,53,15252,16212,0.8849931140221845,0.1924164276796435,0.011888266,0.091189146,0.05596614,0.047111273
traffic,353,15700,17044,0.8849785918907702,0.0770531097378835,1.9574878,1.8537328,3.1597824,0.6514381
traffic,27,14164,15316,0.8849609143767424,-0.0463239974540197,0.6402006,0.030228615,0.40841436,0.26201487
traffic,27,15636,16212,0.8849221266510884,0.0975680379757808,0.29181528,0.35066867,0.31726217,0.32522178
traffic,208,14100,16212,0.8848876863050668,0.1374109818839012,0.3570037,0.31398463,0.32539105,0.34559727
traffic,687,14228,14996,0.8848679907634716,0.25870851237638,1.6226861,0.9284158,0.57911277,1.9719892
traffic,160,15636,16788,0.8848414571024881,0.1532425310762249,0.35099363,0.92523795,0.67656326,0.5996683
traffic,189,16084,17364,0.8847918966560556,-0.089962660403518,0.90586936,2.0231586,1.7204133,1.2086146
traffic,10,14292,16980,0.8847779023206142,0.1609574821849413,0.23619485,0.47438645,0.124135256,0.58644605
traffic,424,15508,16852,0.8847731251479889,0.0497669403165535,0.007824421,0.28371263,0.21783614,0.058052063
traffic,154,14228,16340,0.8847286637868738,0.287617199989126,1.6141794,2.3352804,0.7314,3.2180598
traffic,529,14932,17172,0.884725984738534,0.2762869005722017,1.1465523,2.0499945,1.5872829,1.6092639
traffic,762,14676,14868,0.884703990251335,0.2242042470901754,0.73226357,0.7514466,0.9063499,0.5773603
traffic,626,14420,15956,0.8847013571509463,0.2510831872277739,0.04590583,0.07317567,0.04499364,0.07226348
traffic,520,15316,16276,0.8846809019595047,-0.0518415762046575,0.23168111,0.4963417,0.23549962,0.4925232
traffic,310,14292,17364,0.8846525613057161,0.1365163282658441,0.8148509,1.1062083,1.1152595,0.8057997
traffic,100,14292,17364,0.8846102946045282,0.2981925077992099,0.5148039,1.7515142,1.4262693,0.8400488
traffic,182,14164,16852,0.8846100358066481,9.910688755265906e-05,0.41708064,1.2133453,1.250062,0.38036394
traffic,219,15316,16468,0.8846087894782867,0.0869914962934134,0.07752943,0.4178648,0.24445939,0.25093484
traffic,602,15316,16468,0.8845945844886974,0.1627923327702113,0.11349368,0.42192888,0.10233569,0.43308687
traffic,227,14740,17428,0.884581985460129,0.1920607908305573,0.71039855,1.4646122,1.1216036,1.0534072
traffic,150,14548,17172,0.8845435028111184,0.0769608101227295,1.174892,0.32551193,1.055114,0.44528985
traffic,168,15252,16596,0.8845085455325468,0.2329030485576371,0.25700855,0.5965296,0.40136886,0.4521693
traffic,346,14228,17108,0.8844974867158305,0.2114014446906292,0.124526024,0.36549127,0.24720812,0.48817337
traffic,372,17108,17300,0.8844651138127223,0.2910313369930127,0.3451115,0.1913302,0.20063913,0.33580256
traffic,114,14740,16660,0.8844613432736101,0.2939851807780475,1.8788106,2.5770104,0.7294082,3.7264128
traffic,611,14804,17108,0.8844443182809242,0.2555097021845738,0.94405115,0.53860015,0.39084363,1.0918076
traffic,400,14420,16916,0.8844359671527897,0.1428501739764733,0.48246884,0.4102924,0.8671217,0.025639534
traffic,626,14740,14932,0.8844333129115806,0.285665922665328,0.11554432,0.08304787,0.060953617,0.13763857
traffic,477,14996,16340,0.8843930618489833,0.0558598261306426,0.34061146,0.801862,0.73706126,0.4054122
traffic,516,16596,16980,0.8843908977362696,0.2103804869799559,0.3426751,0.11965084,0.26816428,0.19416165
traffic,753,16468,16660,0.8843884434220864,0.0444077969336239,0.4265244,0.21366572,0.3870275,0.25316262
traffic,554,15316,17428,0.884378833604919,0.1644022357790752,0.38645792,0.23642612,0.25612402,0.106092215
traffic,499,16660,17236,0.8843737623436075,0.2169041458863657,0.82428813,0.7561065,0.9191644,0.6612302
traffic,600,14676,15444,0.8843736590886435,0.2365473990475069,0.5190785,0.57711625,0.5750072,0.52118754
traffic,322,14164,16852,0.8843710736185777,0.2422870943808298,0.21429777,1.2897098,1.0505881,0.45341945
traffic,444,14996,17300,0.8843547342046089,0.0764237763271127,1.8420014,0.91996145,1.4195986,1.3423643
traffic,220,14676,16980,0.8843263729192792,0.2589899344323181,0.055062294,0.9852797,0.28791666,0.6423007
traffic,794,16788,17364,0.8842947927932823,-0.1736798127945372,0.7075474,2.3025916,1.419018,1.591121
traffic,235,16660,16852,0.8842775326150153,-0.1945386436431469,0.35067987,0.38319278,0.398149,0.33572364
traffic,778,15124,17236,0.884272754461332,0.2168254652026448,0.23279357,0.42513776,0.17737436,0.48055696
traffic,15,16148,17108,0.8842575441066032,0.253062725964596,0.6656256,0.624552,0.33811927,0.9520583
traffic,740,15572,16148,0.8842547322342137,0.211887571154706,0.1266141,0.07784867,0.2368164,0.03235364
traffic,456,14036,16724,0.8842290982992878,0.20645689803014,1.0881892,0.8984802,0.6517302,1.3349392
traffic,275,15764,16724,0.8842063727907533,0.0568775121461006,0.7350378,2.4551585,1.4823306,1.7078657
traffic,168,16276,16852,0.8842047562597106,0.2948806760852775,0.6591728,0.040135145,0.33259916,0.36670876
traffic,576,15636,15828,0.8840551746212947,0.2244665798759602,0.60166883,0.57170486,0.76034355,0.41303015
traffic,593,15316,16468,0.8840132761965451,0.2647373594909589,0.28342962,0.37690377,0.30432296,0.35601044
traffic,51,14868,15060,0.8840047383702561,0.2850776235818321,0.058501005,0.083409786,0.0719955,0.069915295
traffic,479,15956,16532,0.8839962076168074,0.212017926916385,0.4764576,0.2822106,0.38705158,0.3716166
traffic,436,15636,16788,0.8839796872149531,0.1982626987116751,0.51758766,0.7115035,0.45730853,0.77178264
traffic,35,15444,16788,0.8839475408187021,0.2847209361882485,0.17100692,0.18719983,0.03803587,0.021842957
traffic,569,14100,16404,0.8839116158029569,0.2585124221187774,0.03216982,0.73931575,0.41007793,0.297068
traffic,775,15636,15828,0.8839064599444917,0.2825726765560368,0.3298154,0.20869589,0.3757379,0.16277337
traffic,112,15124,15316,0.883894220089196,0.1906735593551106,0.23968577,0.22811341,0.27248955,0.19530964
traffic,539,15508,16852,0.8838934638149692,0.2060561772393845,0.7007332,1.3970281,1.5203621,0.57739913
traffic,505,14932,16276,0.8838460969277959,0.2218742552008841,0.0406332,0.124060154,0.09778595,0.066907406
traffic,372,15700,17044,0.8837870786717636,0.2893451133042108,0.16467953,0.36681676,0.13566923,0.39582705
traffic,114,15060,17364,0.8837862473904352,0.2823168628635956,0.6351833,2.916916,1.8444033,1.707696
traffic,127,16148,17108,0.8837814980566063,0.2986645810288456,0.4034357,0.59423745,0.40057302,0.59710014
traffic,679,14804,15572,0.8837754560618118,0.2172166781935169,0.25210047,0.16849947,0.00071549416,0.41988444
traffic,655,14996,16724,0.8837703830631665,0.2357796738975263,0.2465198,0.14360237,0.3824544,0.00766778
traffic,41,14676,15444,0.883767078430143,0.155764706335227,0.4981215,0.7414292,0.63897085,0.60057986
traffic,358,15508,17236,0.8837375182459556,0.2935957408276874,0.19042516,0.28656173,0.052556276,0.4244306
traffic,461,14740,17364,0.8836811023708004,0.1244575186374406,1.1137128,1.8915434,1.3613808,1.6438754
traffic,559,14484,17172,0.8836678006825753,0.235049250065342,0.106625795,0.36130023,0.12276292,0.13191152
traffic,197,16276,16468,0.8836634227499761,0.2880733216403611,0.26798272,0.3455789,0.3554995,0.25806212
traffic,117,14164,15508,0.8836319295225411,0.2846785656471882,0.060190678,0.0120921135,0.040130854,0.0079677105
traffic,418,14100,14676,0.883610351349742,-0.0694907657287567,0.61932325,0.9351337,0.922596,0.631861
traffic,156,15828,17172,0.8836027529862849,-0.0326148171338588,0.65686417,1.7186909,1.2832141,1.092341
traffic,266,14292,17364,0.8835833466759435,0.1123530064126518,0.66098654,0.7316108,0.76930916,0.62328815
traffic,790,16532,17300,0.8835451056675591,0.2577403987061481,0.108323574,0.20334005,0.06848121,0.24318242
traffic,516,15316,16276,0.8835373421807565,0.1783389477699894,0.35411763,0.54602206,0.31012034,0.59001935
traffic,586,16916,17300,0.8835364712940094,0.2264485140134724,0.41257036,0.2865417,0.29315233,0.40595973
traffic,133,14228,16532,0.8835081231086627,0.2867403096339588,0.3082552,0.55566597,0.06306338,0.18434739
traffic,792,14484,15636,0.8834353460846858,0.2695278074013036,0.017438412,0.4208362,0.18094778,0.25732684
traffic,56,15444,16788,0.8834329541979578,0.2487367727112682,0.7773974,0.61978525,0.4601884,0.93699425
traffic,440,15188,16340,0.8834299048805787,0.2749477768644782,0.20160532,0.075371504,0.19054723,0.086429596
traffic,179,14804,15380,0.8834235464403916,0.2767583603950306,0.20126772,0.07930088,0.2178886,0.062680006
traffic,405,14676,15636,0.883422894952938,0.2717444944701103,0.40504336,0.055402756,0.26275706,0.086883545
traffic,793,16788,17364,0.8834150962456799,0.1822220152984092,0.6718557,2.8913336,1.5986369,1.9645524
traffic,525,15828,16596,0.8834035076730318,0.2463946601642491,0.56891775,1.0324199,0.8834417,0.717896
traffic,814,14164,16852,0.8833960944310781,0.2806477652129832,0.18155599,0.70577836,0.3386755,0.18554688
traffic,633,15636,16404,0.8833751376566754,0.2989008157409001,0.19504428,0.1377356,0.025637865,0.35841775
traffic,508,14036,16340,0.8833573074185961,0.0678221358260242,0.63093495,0.066854954,0.42574096,0.27204895
traffic,526,15828,16596,0.8833517479828527,0.2337230305821783,0.755584,1.7538275,1.8221264,0.68728507
traffic,399,14292,16788,0.883312170652557,0.0759055092016276,0.6150484,0.7481508,0.6249254,0.73827386
traffic,3,15636,16980,0.8832746365577089,0.2485564794633368,0.6345115,0.77254236,0.60978603,0.7972678
traffic,207,14164,14932,0.8832416618132378,0.2831817973215164,0.18296742,0.21859503,0.06305218,0.46461463
traffic,835,14100,14292,0.8831859848090996,0.2648191553394496,0.3446889,0.099187136,0.2264719,0.21740413
traffic,589,15636,16980,0.8831805889941196,0.1952675001661495,0.2877605,0.49842834,0.064689636,0.14597821
traffic,111,14100,16404,0.8831784320191226,-0.0004702447678596,0.009773016,0.50488377,0.36863947,0.12647128
traffic,249,16404,17364,0.8831603754078731,0.0232239533225633,0.43465137,0.56872535,0.5211446,0.4822321
traffic,668,14356,17044,0.8831534746956243,0.1910920014201847,0.5801625,0.33062935,0.588197,0.32259488
traffic,808,15060,16212,0.8831027590629292,0.2944611366809209,0.2777083,0.37921715,0.42645597,0.23046947
traffic,266,14612,14996,0.8830882502393119,0.28631040711407,0.3107412,0.029134035,0.21494412,0.1249311
traffic,657,16852,17428,0.8830844535740457,0.1204679619525452,0.416162,0.12976289,0.255409,0.2905159
traffic,397,15700,17044,0.8828860306639033,-0.1404302898603452,0.07372999,0.4100597,0.051326275,0.38765597
traffic,242,14164,16276,0.8828834254313731,0.2599000809249161,0.3929906,0.518734,0.26872754,0.642997
traffic,64,15508,16852,0.8828602053341983,0.1832037228665014,0.06970358,0.33090138,0.19763827,0.06355953
traffic,297,14676,15828,0.8828519803315866,-0.144761516989961,1.0958254,0.8728914,0.76534414,1.2033727
traffic,226,16596,17172,0.8828138333283718,0.1899118146650391,0.5886202,0.11047959,0.62936115,0.06973863
traffic,706,14676,16980,0.8827777652626722,0.2173451447850987,0.5414121,0.5054827,0.18782902,0.15189958
traffic,228,15316,16468,0.8827734929340239,0.1686610566355124,0.19142866,0.49518645,0.33859038,0.34802473
traffic,336,14292,14676,0.8827169397978607,0.2717827934661898,0.24101186,0.1487379,0.45118237,0.0614326
traffic,470,14100,14676,0.8827129028317904,0.0717720647490892,0.7730881,1.4602768,1.0744206,1.1589444
traffic,283,15124,15316,0.8826932907594383,0.201652600656665,0.35592794,0.2989242,0.33964753,0.31520462
traffic,686,15636,16788,0.8826473210347064,0.1530931345516346,0.8132957,0.26679873,0.091870785,0.9882237
traffic,345,14740,16276,0.8826363288262106,-0.171079401323067,0.7166233,0.7443993,0.34003782,0.36781383
traffic,513,14996,15956,0.882636161342457,0.2678855912153169,2.0951571,0.6820986,1.3470738,1.430182
traffic,574,14676,16596,0.8826241995435691,0.2452052083907645,0.3809862,0.8067231,0.62070584,0.5670035
traffic,806,16276,16660,0.8826044535751946,0.2844245466316413,0.42118073,0.23890638,0.36862063,0.29146647
traffic,591,14356,17044,0.8825802450289109,0.0493504275009263,0.35186434,0.68734455,0.06700766,0.40248787
traffic,347,14164,16276,0.8825548426583646,0.2071042607061229,0.5539737,0.35846472,0.17975593,0.73268247
traffic,649,14676,16404,0.8825430455930732,0.2895554083704629,0.12383175,0.54943156,0.37967372,0.2935896
traffic,111,16980,17172,0.882533494462896,0.1239454571383206,0.54539585,1.932743,1.3172494,1.1608894
traffic,370,15764,17108,0.8825079073814521,0.2107761948484071,0.005781889,0.27422333,0.069774866,0.21023035
traffic,610,16660,16852,0.8824937779986246,0.2184278905253479,0.04629612,0.4768486,0.30772638,0.1228261
traffic,79,15636,16404,0.8824920348449352,0.2379419916480784,0.058359385,0.5204662,0.26669598,0.31212962
traffic,148,16468,17236,0.8824755584229328,0.1795847193452743,0.15086961,0.44853127,0.37127757,0.2281233
traffic,470,14356,17428,0.8824272138172403,0.2345265995922585,0.06922281,0.05700779,0.2194786,0.09324801
traffic,687,14740,15508,0.882426232443058,0.2223880203333981,1.1877584,0.61787486,0.54251146,1.2631218
traffic,246,14740,16660,0.8823556446488853,0.1647859484254539,1.97381,2.5333862,0.74830174,3.7588944
traffic,76,15572,16340,0.8823303649666135,0.2631418185424883,1.1978397,1.6902857,0.8705075,2.017618
traffic,133,14548,17236,0.8823022077745681,0.2172653253210911,0.5091875,0.4472118,0.22440052,0.1624248
traffic,379,14356,17044,0.8822886330385263,0.2912474228844253,0.2748779,1.1095104,0.22663844,0.6079941
traffic,268,14612,16148,0.8822866434171707,0.2067017446551108,0.2982906,0.057360172,0.17947972,0.06145072
traffic,382,14676,16980,0.8822821364913004,-0.0493731494415115,0.070438385,1.123339,0.28271484,0.7701858
traffic,634,14804,14996,0.8822297638322487,0.2515543801010884,0.537205,0.7591512,0.619051,0.6773052
traffic,647,14228,16660,0.882225954117749,-0.4074290958980278,1.7249128,0.48540902,0.72601545,1.4843063
traffic,714,14676,14868,0.8822122854863826,0.1877656994913845,0.27260375,0.18098116,0.040635824,0.050986767
traffic,204,14292,16212,0.8822076609847896,0.2855180429748955,0.1336627,0.2117064,0.49853826,0.15316916
traffic,368,15380,16340,0.8821957407773273,0.2649881431498063,0.8868432,0.7306223,0.6214733,0.9959922
traffic,224,14740,15700,0.8821712056835803,0.1737271057144382,0.4735253,0.36366916,0.30859566,0.5285988
traffic,162,15060,17364,0.8821226746821825,0.0828627690037388,0.5951995,3.5010395,2.129938,1.9663012
traffic,513,14036,16340,0.8821150812670736,0.2424531823279148,1.8713393,2.051121,0.6240361,3.2984242
traffic,742,14676,16980,0.8821081377565761,-0.026940413762009,0.26534176,0.899292,0.56515455,0.5994792
traffic,682,14996,16916,0.8820968426594518,0.2365694641540225,0.454463,0.32803476,0.03743601,0.74506176
traffic,178,15636,16788,0.8820878032171133,0.0811677497179236,0.7440753,0.7317512,0.8443365,0.63149
traffic,411,16276,16660,0.8820761968127411,0.1935774595588273,0.42129588,0.29817104,0.4050095,0.31445742
traffic,411,14676,16212,0.882069435565372,0.2943364700734844,0.18550563,0.60476685,0.4761634,0.3141091
traffic,44,15956,16340,0.8820688410529176,0.2934302903026048,0.4000591,0.097788334,0.15593636,0.14633441
traffic,245,14164,16852,0.8820602071851039,0.1301310950024962,0.23252058,0.50792193,0.08634734,0.18905401
traffic,406,14228,15572,0.8820036118859941,0.297495226954563,8.08239e-05,0.41310227,0.22004247,0.19297898
traffic,96,14484,14676,0.8820019656171362,0.2763889906185068,0.25347328,0.03856516,0.25811386,0.03392458
traffic,573,14164,17428,0.8819796755129485,0.2519443228573721,0.17357635,0.02737403,0.24324489,0.042294502
traffic,21,16660,17236,0.8819771331408903,0.1311051747823245,2.5951345,1.4880726,3.1654449,0.91776216
traffic,689,14036,16916,0.8819368171996985,0.2859835135802582,0.45037186,0.43875182,0.019692183,0.90881586
traffic,130,16020,16212,0.881930733295874,0.2230061968137523,0.091682434,0.37545848,0.19080615,0.092969894
traffic,119,14804,17300,0.881899845983565,0.2080306411236052,0.18435216,0.3061514,0.035965443,0.15776467
traffic,466,14100,16404,0.8818955731814155,0.2676378436239015,0.21480227,0.4695667,0.3475331,0.33683586
traffic,166,16148,17300,0.8818344813501434,0.0297849231440462,0.35854602,0.027192116,0.26773143,0.118006706
traffic,270,17108,17300,0.8818192378424199,0.1653861994826299,0.8513441,0.5297998,0.414688,0.96645594
traffic,598,14356,17044,0.8818175494143176,0.2565687990440027,0.12333083,0.15691018,0.04220462,0.07578397
traffic,340,16212,16596,0.8818121718014684,0.1861785961890546,0.04916191,0.25906265,0.04079318,0.26743138
traffic,512,15636,16596,0.8817687642598482,0.10247506941701,0.85559785,2.9192696,1.5372442,2.2376232
traffic,176,14484,16020,0.8817539939037905,0.2473655504747498,0.020086527,0.20501876,0.05814004,0.28324533
traffic,669,15316,17236,0.8817267195047218,0.2505204083864359,0.2785616,0.5435624,0.35748887,0.46463513
traffic,129,14996,16916,0.8817060646686294,0.2196509683510113,0.66278267,0.5532727,0.4412496,0.7748058
traffic,23,14228,16532,0.881682818800595,0.1155999748204852,0.24574852,0.24650264,0.12774229,0.12849641
traffic,187,14548,16660,0.8816774273189596,0.178322107312929,1.5196878,2.1460757,0.79983175,2.8659317
traffic,169,16020,16404,0.8816739562567445,0.1479382067236763,0.31356788,0.46288657,0.27810073,0.49835372
traffic,156,16660,17236,0.8816716172348594,0.2922109865425165,2.069786,1.3830878,2.5268157,0.9260582
traffic,73,14228,16340,0.8816653235130743,0.2888390831951908,1.2638752,1.2972782,0.7659421,1.7952113
traffic,30,14804,14996,0.8816406256093291,0.2668647156056963,0.521327,0.7250478,0.60639167,0.6399832
traffic,789,15060,15636,0.8816287872454039,0.149220808331094,0.113496065,0.46818805,0.23599505,0.34568906
traffic,271,15636,16980,0.8816048561087279,0.2956345283947719,0.005443573,0.2880373,0.06821251,0.22526836
traffic,467,14548,17364,0.8815865537761559,-0.1461629414933098,1.0627201,1.1698577,1.4929149,0.7396629
traffic,754,14868,16212,0.8815822668219304,0.2790356547111136,0.106966496,0.1558553,0.16615129,0.09667051
traffic,546,15060,16212,0.8815623089880571,0.1460339726394945,0.25899768,0.398381,0.49912548,0.1582532
traffic,636,14996,16916,0.8815129217866421,0.2780195321223789,0.43128467,0.596297,0.6644633,0.3631184
traffic,231,16340,16532,0.8815030114445114,0.1506592418028286,0.08128142,0.22513723,0.06462169,0.24179697
traffic,742,14420,16660,0.8814818192238189,-0.2613868665107843,0.920838,0.54469895,1.2513169,0.21422005
traffic,475,15316,16276,0.881456932287669,0.1185735530607746,0.36103392,0.45876217,0.15854788,0.25627613
traffic,6,14996,16340,0.8814239269587709,0.2921269338821584,0.2287674,0.17521477,0.28116894,0.122813225
traffic,400,15124,15316,0.8814080842071521,0.2086736467489648,0.72624445,0.55183005,0.64471555,0.63335896
traffic,330,14484,15636,0.8814054326532847,0.2267502449302528,0.49605536,0.6795211,0.06929636,0.25276208
traffic,807,14932,16276,0.8813623081279613,0.1172490851849149,0.12033439,0.11185956,0.07679701,0.15539694
traffic,200,14996,15956,0.8813515259276402,0.25068256188401,1.4109282,0.87912273,1.3353097,0.95474124
traffic,240,15956,16340,0.8813133657691092,0.241497291677139,1.4746332,0.8011153,0.5655124,1.7102361
traffic,307,14484,15636,0.8813036940362253,0.1657028904009745,0.35718274,0.24575377,0.106270075,0.005158901
traffic,72,15636,17364,0.8813010423238623,0.2863166880696194,0.22474003,0.25395918,0.41359878,0.06510043
traffic,820,15252,16020,0.8811961573241373,0.2456427116712209,0.2924236,0.26795435,0.36867416,0.1917038
traffic,619,15956,16340,0.8811513517402361,0.2657936038120587,0.6624396,1.7438962,1.3528795,1.0534563
traffic,619,14100,15252,0.8811498361878788,0.2856627056108251,0.021981835,0.23147237,0.00468266,0.2141732
traffic,380,14100,16020,0.8811483580358491,0.0600166614373155,0.68633616,1.5100305,1.4052418,0.7911248
traffic,133,15060,16212,0.8811460749451893,0.1585985422047971,0.22525609,0.8314603,0.85950357,0.19721282
traffic,208,14292,16596,0.8811382590226468,0.2312235695544351,0.1746962,0.939517,0.4954114,0.61880183
traffic,675,15124,16852,0.8811113585347715,0.2390921723747596,0.33697486,0.099481106,0.20431161,0.033182144
traffic,601,14292,14676,0.8810548278835155,0.084569311773358,0.34156632,0.18306899,0.6542976,0.12966228
traffic,225,15508,17236,0.8810416440872101,0.2356958747110346,0.31350815,0.93475956,0.53223693,0.7160308
traffic,186,14484,16788,0.8809807058291508,0.2142375707985177,0.42540646,0.7622696,0.5311599,0.6565162
traffic,416,15636,16404,0.8809753630642556,0.1513652039166692,0.30682683,0.34167826,0.27715755,0.37134755
traffic,402,16724,17300,0.8809666414010674,0.2539561096597471,0.41471648,0.11273897,0.21303165,0.3144238
traffic,559,14036,15764,0.8809663646460283,0.1868547347387038,0.019931912,0.08880782,0.030834079,0.077905655
traffic,578,15828,16596,0.8809599564196512,0.2111989878565345,0.5935328,1.4847919,1.5656132,0.5127115
traffic,452,14612,16340,0.8809499270404028,0.2895508506338459,0.6968367,0.9226873,0.7984934,0.8210306
traffic,588,15828,16980,0.880926220875019,0.2756452965579022,0.40432525,1.0925295,0.92176366,0.5750911
traffic,195,14484,17172,0.8808644492554354,0.2737135578686112,0.2328496,0.21055174,0.10232687,0.08002901
traffic,654,14100,14676,0.8807733079344072,0.2981883191204751,0.4555204,0.70248556,0.84999394,0.308012
traffic,228,14804,17108,0.8806869282923266,0.2712430035712817,0.69814754,0.5970339,0.25081336,1.044368
traffic,789,14996,16340,0.8806772027118778,0.1396590080272217,0.055625916,0.0909946,0.025831223,0.009537458
traffic,613,15316,16276,0.8806220687850501,0.26436764857521,0.08204794,0.73608756,0.39772916,0.42040634
traffic,805,16276,16660,0.8806110321471696,0.1839498570162067,0.49795675,0.38616848,0.49904847,0.38507676
traffic,517,15188,16532,0.8806078324078025,0.2790672919821827,0.16429877,0.28506923,0.07522559,0.3741424
traffic,294,14292,14676,0.8805952966085967,0.2193641414058844,0.7149308,1.9352748,1.4865556,1.16365
traffic,808,15956,17300,0.8805927934551356,0.2404620149982097,0.1757015,0.07623029,0.2970996,0.19762838
traffic,54,16084,17428,0.8805892508471289,0.0387724892929155,0.62145996,0.1846013,0.47147608,0.3345852
traffic,363,15956,17108,0.8805705468977212,0.241529937083585,0.32339835,0.017352104,0.28498745,0.021058798
traffic,604,14164,17236,0.8805670814377737,0.2958794519004563,0.19967103,0.8379879,0.32347822,0.7141807
traffic,159,15188,15380,0.8805418386447127,0.2970421577672132,0.31629014,0.2016325,0.14257431,0.37534833
traffic,429,14996,15380,0.8805408993934825,0.2604314754636114,0.8313782,0.5799099,0.5344298,0.87685835
traffic,397,15380,16916,0.8805372605228938,0.2118653982787392,0.008695126,0.3587786,0.15620291,0.5062864
traffic,75,14804,17108,0.8804444274344848,0.2537704912319327,0.94075763,0.5347032,0.3852712,1.0901897
traffic,708,14932,15508,0.8804251222472909,0.1808843258867322,0.5767462,0.6267371,0.72965765,0.4738257
traffic,833,14292,17172,0.8804070457960019,0.2858841414419338,0.1642189,0.42287445,0.33419108,0.25290227
traffic,631,15636,17172,0.8804032076595515,0.2387002074110709,0.69367886,1.511718,0.8648186,1.3405783
traffic,77,15764,16340,0.8803716145370193,0.2713947159831613,1.1294703,1.6602714,0.8793521,1.9103897
traffic,288,14612,16916,0.8803590306880408,0.2821222317246214,0.031430244,0.41015697,0.2444328,0.68602
traffic,237,15316,16468,0.8803532507190971,0.1072058128726927,0.4069221,0.7875922,0.7438066,0.45070767
traffic,381,14996,15380,0.8803506281057627,0.2617279593175304,0.8269806,0.57828546,0.53153944,0.8737266
traffic,274,14612,16340,0.8803384716172841,0.2616997191023053,1.210203,1.6448393,0.8371309,2.0179114
traffic,217,15508,16852,0.8803358324790803,0.1378828426604465,0.019422054,0.34590042,0.18126881,0.18405366
traffic,709,16276,16660,0.8803244024693574,0.2269381240355152,1.330342,1.2365558,0.6540586,1.9128393
traffic,714,14228,16340,0.8802952382026805,0.2571299667615069,0.28940392,0.082360744,0.34599972,0.025764942
traffic,227,15316,16660,0.8802719758114385,-0.3092628198549729,0.62910056,0.34036255,0.51341796,0.45604515
traffic,163,15444,16404,0.8802629274706977,0.1241368531711972,0.15859783,0.4068923,0.6203474,0.054857254
traffic,554,15444,16020,0.8802357668733988,0.2483361029205479,0.64730847,2.9761298,1.7594789,1.8639593
traffic,56,15956,17108,0.880210981687239,0.27653007329678,0.2460438,0.6190753,0.19948685,0.66563225
traffic,628,15188,15380,0.8801907179826864,0.2606199376847183,0.27849054,0.34231806,0.27457118,0.34623742
traffic,715,14996,15572,0.8801664952278975,0.2620400457886931,1.4744849,0.9160917,1.3622386,1.028338
traffic,77,15124,17428,0.8801530499314717,0.2817200103225579,0.728827,0.45292664,0.42498374,0.7567699
traffic,750,16340,17300,0.8801514635073551,0.1057114844127424,0.03382945,0.37148452,0.12254143,0.5278554
traffic,58,14420,17108,0.880140563805398,0.2424746380457204,0.040804744,0.46664953,0.103835106,0.6112894
traffic,523,15508,16852,0.88010301314873,0.1864209027081783,0.16329813,0.03181362,0.15952206,0.035589695
traffic,754,14612,16916,0.8800948449237966,0.2501770385472654,0.32266796,0.6042603,0.2460792,0.6808491
traffic,406,14740,15508,0.8800754627202002,0.2999663744165761,0.12908769,0.29611206,0.026671886,0.14035249
traffic,566,15060,15252,0.8800691057152468,0.2794844200734713,0.17640746,0.09260523,0.09802818,0.1709845
traffic,386,15508,16852,0.8800562766101303,0.1782791477770369,0.23322129,0.16342711,0.027197361,0.042596817
traffic,168,14228,16532,0.8800448540958631,0.0320378004800181,0.10758662,0.23277569,0.09868288,0.22387195
traffic,496,14676,16788,0.8800227129696829,0.226971048247254,0.15703225,0.53618884,0.19943404,0.17972255
traffic,676,16020,16788,0.8800041218480286,0.0826422228117846,0.092939615,0.47603893,0.3178444,0.25113416
traffic,714,15124,16660,0.879997342472859,0.2663476222650685,0.10753369,0.20751548,0.16072392,0.2607057
traffic,87,14420,17108,0.8799480826755011,0.1178348970585269,0.32249594,0.31133723,0.21866846,0.20750976
traffic,186,15316,17236,0.8799402753453238,0.0594491972233189,0.3083341,0.48528457,0.34251404,0.45110464
traffic,763,14548,17364,0.879854050277033,0.0212336419672848,0.8739935,1.6840816,1.6992713,0.85880375
traffic,518,14484,16980,0.8798531412092688,0.2236686371835127,0.095227,0.74132836,0.3316071,0.31449425
traffic,749,15956,16916,0.8797662563510649,0.2739240050357611,0.28769314,0.17629242,0.35444975,0.24304903
traffic,593,15188,16340,0.8797465110651873,0.1962049597598499,0.24954772,0.049000263,0.1495409,0.14900708
traffic,89,16148,17108,0.8797231554567068,0.2077282344898228,0.9311999,0.7325482,0.6806488,0.9830993
traffic,823,16020,17364,0.8796952548807574,0.2224527674333239,0.43585968,0.3785367,0.45504093,0.35935545
traffic,55,14804,14996,0.8796902214483018,0.234157974636179,0.15948677,0.044519663,0.108789444,0.006177664
traffic,92,14676,15636,0.879687055136025,0.2984621603070899,0.10995054,0.27248144,0.025225878,0.18775678
traffic,202,14804,17108,0.879626376150629,0.2829472870004847,0.40342855,0.5431955,0.16458583,0.7820382
traffic,844,14932,15508,0.8796223163102492,0.2765167438185102,0.15854192,0.21940422,0.05761552,0.11847782
traffic,818,15700,16852,0.8796112069738462,0.0841084380514611,0.27394128,0.32239103,0.2905867,0.33903646
traffic,607,14164,15508,0.8795847333689185,0.2776567915249434,0.23189402,0.22831392,0.23779655,0.2224114
traffic,95,16276,17428,0.8795706300390176,0.2617671942058946,0.58394957,0.5752468,0.4667821,0.6924143
traffic,585,16148,17300,0.8795547189080895,0.2824859350816701,0.21820831,0.2903905,0.1182735,0.3903253
traffic,231,17044,17428,0.8795314933966631,0.2749950272412683,0.18150735,0.19277477,0.31447506,0.059807062
traffic,576,14484,16788,0.879500597518005,0.2742041490134567,0.77698636,0.6904825,0.60919523,0.8582736
traffic,231,14932,15700,0.8794782875719023,0.2898934868865558,0.98585045,0.5801337,0.5614306,1.0045536
traffic,850,16980,17172,0.8794725411358116,0.2981057921380467,0.45474434,1.1447387,1.161488,0.43799496
traffic,252,14612,17108,0.8793383187072334,0.2333731368197548,0.060762167,0.33955872,0.039656878,0.360664
traffic,768,15956,16916,0.8793323407134896,0.2762834544181423,0.0057991743,0.37008977,0.019577384,0.3447132
traffic,722,15444,16404,0.8793301170998752,0.2728137538783403,0.10881519,0.18207455,0.031153083,0.10441244
traffic,705,15828,16596,0.8793180352341148,0.2570158951707046,0.35163665,1.0267426,0.61738586,0.76099336
traffic,178,14228,15380,0.8793151905314468,0.2555921277001295,0.07246089,0.3869357,0.0040626526,0.46345925
traffic,775,14100,16788,0.8793072347155806,0.1961696050165654,0.4360125,0.013862848,0.46533847,0.015463114
traffic,449,14420,14996,0.8793010768470205,0.0043731386087175,0.6544322,1.3443072,1.3097783,0.688961
traffic,290,15828,17172,0.8792460906797019,0.2562579622123853,0.009256363,0.1860187,0.06422067,0.1310544
traffic,381,14932,17236,0.8792345023661279,0.2960294839823877,0.24579561,0.3182913,0.17268217,0.24517787
traffic,776,14996,15956,0.8792208389350443,0.2980356722022192,0.8382344,0.5079198,0.5075457,0.8386085
traffic,432,16532,17300,0.8792127068430785,0.0442910660364139,0.16715693,0.20081782,0.008476734,0.3764515
traffic,684,14292,16788,0.8792095393312562,0.2735494063344139,1.0267292,0.29608035,0.2260623,1.0967473
traffic,693,14036,17108,0.8792093010460105,0.0740592687894264,2.8978963,1.0482312,2.218558,1.7275695
traffic,312,15188,16532,0.8791907554857429,0.2878064597781858,0.10672033,0.08255017,0.36723757,0.3430674
traffic,160,15892,17364,0.8791828414089711,-0.1897876673695931,0.9172175,2.749487,1.8614383,1.8052661
traffic,713,14420,16916,0.8791808740266013,0.1454274338697364,0.066043615,0.41989625,0.28133035,0.635183
traffic,648,14740,17044,0.8791571127019655,0.2479783599237817,0.10107899,0.18549466,0.00939393,0.093809605
traffic,210,14676,16404,0.8791293757962406,0.1999195033550854,0.29392862,1.0947506,0.93898547,0.4496938
traffic,708,15252,15636,0.8791130968165926,0.2588966655120928,0.34730005,0.19092655,0.29899025,0.23923635
traffic,385,15188,16340,0.8791103222933606,0.1211939009491101,0.25251842,0.030495405,0.14893508,0.13407874
traffic,588,16276,17428,0.8791040591878956,0.0610240350371544,0.8530426,0.76402164,0.516891,1.1001732
traffic,165,14164,16852,0.8790818454455448,0.2034957716940688,0.1508565,0.070858,0.09555578,0.015557289
traffic,132,14292,16212,0.8790728117489621,0.2662289657895329,0.27599645,0.8517879,0.6310754,0.496709
traffic,71,14740,17364,0.8790624442379782,0.0834007894756042,1.171913,1.8745885,1.3243986,1.7221029
traffic,156,15764,16916,0.8790536239716541,0.2151464693652381,0.062084198,0.4662789,0.009413719,0.5189494
traffic,135,14100,16212,0.8790533959389489,0.2023759470780301,0.10699868,0.08656001,0.061578512,0.04113984
traffic,537,16340,17108,0.8790155521545664,-0.1536338860022831,0.8196323,0.5131196,0.41206074,0.92069113
traffic,491,15700,17044,0.8789981273506625,0.2770013868982523,0.034656525,0.28789163,0.012264967,0.24097013
traffic,230,15316,16468,0.8789956532490311,0.279871909025539,0.04237604,0.41527772,0.17420888,0.28344488
traffic,640,16596,17172,0.8789314432677191,0.2419561608987434,0.7586062,0.463238,0.8608749,0.3609693
traffic,191,15828,16596,0.8789232306974701,0.2839181205310321,1.6135001,1.363463,1.9645023,1.0124608
traffic,541,15316,16468,0.8787867857249521,0.2645324628170902,0.40960622,0.88586557,0.7551315,0.5403403
traffic,648,15252,16596,0.8787756889840054,0.157722721739014,0.22365975,0.050077677,0.17318153,0.1005559
traffic,13,15124,16276,0.8787704969058137,0.2140591511677455,0.14108384,0.21256828,0.095000744,0.25865138
traffic,495,15060,15828,0.8787362397047874,0.2674887095532897,0.45287442,0.14163661,0.382056,0.21245503
traffic,364,14036,17108,0.8787316972250677,0.2569893592435733,0.32384014,0.30624878,0.14565086,0.48443806
traffic,255,14100,14676,0.8787298278215251,0.2288036419078575,0.50036156,0.9244623,0.91756403,0.50725985
traffic,751,14996,15956,0.8787272626157542,0.2649595994799569,0.124023676,0.3015834,0.08393955,0.50954664
traffic,318,15316,16468,0.8787200180805983,0.0929232641093998,0.14049554,0.4579301,0.30841613,0.2900095
traffic,815,14804,17300,0.8787104210083279,0.2777422385399839,0.4594407,0.009748697,0.33360028,0.11609173
traffic,266,14548,16276,0.8787062512888153,0.1583630708384663,0.112612605,0.30927122,0.17969418,0.24218965
traffic,439,15636,16404,0.8786963565274865,0.1784792835699095,0.052584887,0.99662447,0.64746785,0.4017415
traffic,493,14932,15892,0.8786857035425192,0.2835724739387827,0.20858848,0.54526556,0.46940982,0.2844442
traffic,251,15252,16404,0.878643077132805,0.1503365339463431,0.092939496,0.047667027,0.06376207,0.0184896
traffic,520,14676,16980,0.8786395560492726,0.0744589964812584,0.04269147,0.68583894,0.13756108,0.5055864
traffic,473,14740,16852,0.878632681575264,0.2328225229428963,0.5976403,0.23439932,0.36711574,0.46492386
traffic,390,14484,14676,0.8786148402469485,0.1924025950772896,0.46342444,0.75364065,0.0468421,0.24337411
traffic,503,15252,15444,0.8786121773840855,-0.0742697343310707,0.12336779,0.23554301,0.14835978,0.21055102
traffic,403,16084,17364,0.8785906555771691,-0.0707632087414303,1.14978,2.2333975,1.4112017,1.9719758
traffic,5,14932,16660,0.8785885791290992,0.2218326396807247,1.3797712,1.7192235,0.76236665,2.336628
traffic,434,16468,17236,0.878552351113421,0.0838515081747385,0.07065952,0.2518512,0.17275882,0.1497519
traffic,376,14036,16916,0.8785407961384631,0.2284590412483582,0.038384557,0.18701565,0.058321953,0.20695305
traffic,832,14740,15124,0.8785305841360339,0.2441388986029314,0.36377585,0.09740496,0.3418473,0.119333506
traffic,38,16148,17108,0.878500430476035,0.2608346670655647,0.048984528,0.10384035,0.106438875,0.1612947
traffic,251,14740,17364,0.878482863295018,-0.0173291594869691,1.0720497,2.4006667,1.5393374,1.9333789
traffic,671,14164,14548,0.8784661274195348,0.2686848727304127,0.48776627,0.47838426,0.3637197,0.6024308
traffic,234,15444,16788,0.8783919868839941,0.1737097062774776,0.01764059,0.3905685,0.060736418,0.4689455
traffic,667,14164,16660,0.8783708468194009,0.2839983126906921,0.3289497,0.10734367,0.39560986,0.040683508
traffic,582,14932,16852,0.8783330304524696,0.2593953750028944,1.0090249,0.345047,0.46995115,0.8841207
traffic,522,14740,17364,0.878331596540093,0.1707268476408547,1.16855,0.1820767,0.60271406,0.38375926
traffic,540,16084,17364,0.8783307102439684,0.0955509543912033,0.86487937,2.3842905,1.7748551,1.4743147
traffic,804,14164,16852,0.8783103357860387,0.1146982400596121,0.41406894,0.2208283,0.22880101,0.03556037
traffic,623,14996,16724,0.8782547412442044,0.0911396524823493,0.5139363,0.91594934,0.8982103,0.53167534
traffic,808,14612,16916,0.8782268130746025,0.2531995976131779,0.06946707,0.2810421,0.2914039,0.5029789
traffic,361,14036,16916,0.878180743801148,0.2684022958533609,0.08811724,0.53532857,0.15694594,0.78039175
traffic,518,15636,16788,0.8781704840658862,0.2273218434252593,0.08994913,0.64805245,0.38018394,0.35781765
traffic,803,15828,16788,0.8781244691952287,0.1267465138847842,2.712963,1.2073773,2.7480373,1.1723031
traffic,386,16276,17428,0.8781086972379795,0.2012674168085782,0.16436124,0.012627125,0.16285515,0.014133215
traffic,747,14612,15188,0.8780854641079893,-0.0461968645897179,0.011631489,0.274894,0.15105247,0.13547301
traffic,246,15060,17364,0.8780538975350968,0.2582129989860952,0.59755933,3.179089,2.0241284,1.7525201
traffic,542,15828,16788,0.8780434666142225,0.2464833197357532,2.4641898,1.4387093,2.9274974,0.9754015
traffic,347,16212,16980,0.8780311862985533,0.2586797538201892,0.15332603,0.15804219,0.16275835,0.16747451
traffic,727,14740,16084,0.878029791260349,0.107510852327472,0.3527372,0.2748003,0.36551,0.2620275
traffic,285,15508,16468,0.878005468517642,0.1945116362247603,0.14887738,0.23007321,0.11821079,0.19940662
traffic,736,15252,17172,0.8779931232679952,0.2701546465963849,0.70593417,0.96805763,1.0184523,0.6555395
traffic,750,14612,16532,0.8779913491744944,0.1685313039779514,0.74897695,0.10349512,0.407516,0.23796582
traffic,290,14164,16852,0.877973680908674,0.171773634077716,0.30069447,0.10540724,0.279696,0.08440876
traffic,9,14804,17108,0.8779391751874623,0.2363759109440145,0.5200064,0.62946004,0.2052865,0.94417995
traffic,117,16212,16980,0.8779081730300986,0.2178396001511203,0.2532971,0.28920817,0.08707762,0.1229887
traffic,35,16404,16596,0.8778842068694482,0.2565603476023818,0.047144175,0.02076888,0.0003402233,0.026715517
traffic,193,15188,15572,0.877869484126461,0.1998262659760868,0.15627718,0.25170588,0.08800101,0.18342972
traffic,351,15316,16468,0.8778687673563716,0.203515206626552,0.44095516,0.33313394,0.2593937,0.5146954
traffic,399,14100,16404,0.8778479570450709,0.2518023826761058,0.2059915,0.4022503,0.32626116,0.28198063
traffic,757,14292,14676,0.8778318921988969,0.2286049795251647,0.17506456,0.0018303394,0.52734065,0.35410643
traffic,94,15892,17364,0.8778260656641662,0.0836684488562571,1.1318036,1.4942296,1.4058615,1.2201717
traffic,396,14484,16980,0.8778087983220081,0.0724387739109243,0.2777009,0.6383319,0.08762574,0.27300525
traffic,395,14740,16660,0.8777861594421222,0.1011058679840888,1.6860774,2.6898353,0.79944694,3.5764656
traffic,38,14932,15124,0.8777605167433763,0.1758006684852127,0.36664224,0.049681425,0.17851329,0.23781037
traffic,10,16660,17428,0.8777198141549488,0.1775902312453087,0.00922966,0.099473715,0.00072431564,0.10797906
traffic,328,14996,15572,0.8777176397999472,0.2829418801316642,2.0347786,0.8303908,1.6430869,1.2220825
traffic,651,14228,17108,0.8777050077313039,0.2964526555283476,0.91298974,0.85247874,0.591385,1.1740835
traffic,55,15636,16212,0.8776932283683903,0.1946073311712212,0.13180661,0.1959126,0.08778787,0.15189385
traffic,491,14804,16148,0.8776864016547478,0.2993716361293925,0.019818306,0.013554335,0.0012025833,0.034575224
traffic,91,15508,15700,0.8776708712958647,0.1486002351116087,0.4929824,0.68876827,0.769001,0.41274965
traffic,437,16340,17108,0.8776475155945197,0.1092548306170241,1.5053643,0.62589884,0.8774493,1.2538139
traffic,228,14100,16212,0.8775914985807975,0.2163877479103997,0.14047003,0.7257347,0.5221324,0.34407234
traffic,141,14484,17172,0.8775455357146815,0.1825448561855484,0.07702112,0.36531448,0.21140361,0.230932
traffic,642,16020,16212,0.8775175286972123,0.0593137594478882,0.75820684,0.63163435,0.792114,0.5977272
traffic,385,14036,14996,0.8774827140541785,0.2777166871735548,0.45620131,0.008835793,0.20200348,0.24536204
traffic,304,15188,16532,0.8774656190354304,0.0192801897011695,0.30724669,0.41900182,0.23009014,0.49615836
traffic,197,14164,14548,0.8774587855623187,0.2678838980128754,0.7602923,0.5583999,0.52143097,0.79726124
traffic,661,16660,17236,0.8774485078603987,0.1412974306385297,0.97648776,0.8599158,0.79020154,1.046202
traffic,116,14676,16980,0.8774451682701417,0.1655205973414901,0.20219469,1.2307662,0.66976,0.7632009
traffic,200,14612,16724,0.8774131044415912,0.2835058557899224,0.019765615,0.10864186,0.25774872,0.34662497
traffic,384,15252,17364,0.8774100191684454,0.2896823795106606,0.5379643,1.7580471,1.5515106,0.7445009
traffic,836,14612,16532,0.8773954621146741,0.215294001451145,0.98371196,0.12876034,0.66859865,0.44387364
traffic,710,15636,16212,0.8773785918102929,0.2259017987690762,0.34726143,0.5091882,0.36314082,0.49330878
traffic,310,14484,15636,0.8773639412149362,0.1907195128620378,0.1362102,0.19162416,0.0944705,0.23336387
traffic,277,14356,16660,0.877334047327896,0.0672468515822083,1.0502849,1.7582693,0.9788923,1.8296618
traffic,738,15124,16276,0.877311686528272,0.2825718589244298,0.07146096,0.11545956,0.040170312,0.14675021
traffic,602,16660,17236,0.8773066406597797,0.2813210667825132,0.84025526,1.1093731,1.3131359,0.6364925
traffic,448,14612,17108,0.8773031356467159,0.2869505026582742,0.11227524,0.32565188,0.022506356,0.41542077
traffic,98,14932,16660,0.8772678424030255,-0.0292849942619478,1.2420831,1.6356909,0.7763294,2.1014447
traffic,593,14996,16724,0.877260387608332,0.1506656103614846,0.41677117,0.6968124,0.68815327,0.4254303
traffic,232,14996,15572,0.8772489799436892,0.1377293492298966,0.705618,0.69479394,0.53987646,0.8605355
traffic,320,14228,17108,0.8772357673929665,0.2819091350782033,0.080507874,0.2838776,0.14346063,0.34683037
traffic,407,14356,16852,0.8772318553785927,0.2663352789355802,1.1986053,0.24861312,0.74403906,0.70317936
traffic,776,14484,16404,0.8772174544049216,0.2019226666320001,0.5108261,0.68739164,0.57025266,0.6279651
traffic,707,14996,15956,0.8772072762869866,0.2246787414636844,1.6210024,0.82194746,1.2843223,1.1586276
traffic,584,15124,16468,0.8772014197392694,0.234476460011633,0.13728166,0.22687078,0.11589074,0.24826169
traffic,316,14164,16852,0.8771391616723133,0.0277732862808627,0.13433123,0.5801947,0.19125557,0.25460792
traffic,734,15316,16468,0.8771341644678864,0.2110433978233451,0.40507293,0.7356986,0.6279297,0.5128418
traffic,393,15636,16788,0.8771198540674794,-0.1157071479976589,0.95548046,0.7980043,0.88607836,0.8674064
traffic,825,16340,17300,0.8770291072638493,0.0376757092346809,0.23496866,0.2612772,0.23573375,0.7319796
traffic,437,15636,16980,0.8770277255146687,0.0027446031789664,0.21820688,0.21234035,0.17558098,0.6061282
traffic,716,15188,16148,0.8769768668905257,0.2869399398630171,0.01157856,0.05567217,0.15461993,0.19871354
traffic,312,14612,17108,0.8769717682648596,0.0523444808149591,0.061667085,0.3533063,0.20367885,0.6186522
traffic,616,16020,16212,0.8769650154083971,0.2721011586910852,0.115823984,0.43453264,0.3072908,0.24306583
traffic,299,14100,16788,0.8769396591507564,0.1119459726546857,0.29959738,0.30040503,0.12359953,0.12440717
traffic,769,14612,15380,0.8768896655968924,0.2633982537534676,0.36071944,0.31320763,0.24490094,0.42902613
traffic,258,14484,16404,0.876869906954955,0.2025472479159626,0.3926413,0.45561004,0.29498196,0.5532694
traffic,211,15508,16852,0.8768485487193599,0.1348691327891802,0.15866303,0.11062336,0.10160613,0.053566456
traffic,810,14804,15764,0.8768307089941697,0.2655757189191977,0.775336,0.29538846,0.2246182,0.8461063
traffic,712,15508,16852,0.8768233089361502,0.1438880038941528,0.85126066,0.9114883,1.2517195,0.5110295
traffic,215,14676,16788,0.8768189835692255,0.2419762904063381,0.53964734,0.723871,0.65935874,0.6041596
traffic,186,17172,17364,0.8768103020349668,0.2549487600723721,0.11176753,0.04021859,0.210114,0.05812788
traffic,446,14484,17364,0.876800189588214,0.2030001450130611,0.11387777,0.4654231,0.06401563,0.51528525
traffic,310,14548,17044,0.8767943212473258,0.2880762838513925,0.5037513,0.26680064,0.29171658,0.05476594
traffic,13,14548,16468,0.8767719113338172,0.2720749112230995,0.8327522,0.0064311028,0.36647058,0.47271276
traffic,167,14740,15124,0.8767643495528961,0.2956116586833859,0.30758548,0.041036367,0.11843252,0.14811659
traffic,113,15316,17428,0.8767361603988785,0.2206133913001903,0.3409829,0.608068,0.47903848,0.47001243
traffic,589,14228,17300,0.8767021486571711,0.2921842611281887,0.25052452,0.10256362,0.45180798,0.30384707
traffic,530,15508,15700,0.8766963299253431,0.2956406006746654,0.019578218,0.11639047,0.03458762,0.10138106
traffic,475,14676,17172,0.876694831364824,0.195344868146229,0.35545015,0.21880722,0.39428663,0.2576437
traffic,53,16340,17108,0.8766730593562165,0.1682532219976395,0.5760088,0.46141815,0.50573397,0.531693
traffic,519,15892,17364,0.8766572324819453,0.0412777715552476,0.9916615,2.405209,1.6616347,1.7352359
traffic,711,14292,16980,0.876642184059639,0.2931528137349857,0.7999749,1.6392965,0.89531136,1.5439601
traffic,330,14804,17300,0.8766313326107789,0.0690624830180342,0.13553405,0.20884562,0.09759498,0.17090654
traffic,753,14612,16532,0.8765994716476094,0.239473541362068,0.61521137,0.26064253,0.2519263,0.102642536
traffic,755,15892,16276,0.876586888798283,0.2677459865218256,0.14551342,0.23992848,0.24826431,0.13717759
traffic,383,14036,16148,0.8765178173031828,-0.0568372723939231,0.016543865,0.4632554,0.035208702,0.515008
traffic,443,14612,17108,0.8764401148747876,0.2895016458527781,0.09478736,0.3277601,0.041196585,0.46374404
traffic,704,16148,17300,0.8764373685844117,0.2922501711981168,0.5352719,0.46015358,0.22563672,0.76978874
traffic,690,14484,16596,0.876423113116363,-0.0104742273219739,0.3489678,1.1667614,0.9086218,0.6071074
traffic,489,14996,15380,0.8764193516365919,0.2136274555206978,1.2555139,0.72154224,0.93323755,1.0438186
traffic,599,14292,16596,0.8763993586753669,0.250734235624538,0.21722221,0.065329075,0.1881764,0.094374895
traffic,63,16468,16660,0.8763958253316648,0.2608657061433784,0.8113891,1.4142694,1.1052705,1.120388
traffic,223,14100,15060,0.8763943363863562,0.292047410632317,0.08608949,1.3371011,0.82529616,0.59789443
traffic,833,14932,17236,0.8763749392845646,0.2038872660450633,0.20313263,0.56573987,0.3229072,0.4459653
traffic,631,16532,17300,0.8763278717541281,0.1162441051097341,0.12760568,0.1545217,0.048694134,0.3308215
traffic,517,17044,17428,0.8762916528038728,0.2282172868690326,0.32746208,0.7050884,0.65261066,0.3799398
traffic,527,15316,16468,0.8761986723636054,0.1115642879709779,0.3245504,0.6071154,0.5276818,0.40398395
traffic,572,14164,14932,0.8761831406718182,0.2575722063637021,0.5673754,0.3553201,0.12748504,0.7952105
traffic,511,14484,16788,0.8761725108135285,0.1726539356556937,0.3378687,0.60975266,0.13722849,0.40911245
traffic,714,15700,16468,0.876170676466107,0.2778194411521892,0.14602375,0.12315059,0.09444952,0.07157636
traffic,392,14484,16212,0.8761261430446777,0.2448947694129162,0.23743033,0.6638949,0.18416548,0.71715975
traffic,751,14292,16020,0.8760855620806335,0.2751298044867686,0.19961262,0.06384778,0.20067525,0.06491041
traffic,627,14548,17364,0.8760679873579743,0.0864565419084826,0.84652156,1.817715,1.7489767,0.91525984
traffic,160,14484,16596,0.8760664524711229,0.2946555197785404,1.6529131,1.5499988,2.3060608,0.89685106
traffic,717,15380,16724,0.8760626678246186,0.2681462879622068,0.9675784,0.40586567,0.51809645,0.85534763
traffic,321,14612,14996,0.8760410298386111,0.2088171029893069,0.5655532,0.010377407,0.274019,0.28115678
traffic,618,14676,16980,0.875989015479931,0.1586496737137816,0.5379958,1.3793156,1.2854266,0.6318848
traffic,424,15572,16916,0.875892461208391,0.180179554484422,0.22170198,0.19503802,0.06988835,0.34685165
traffic,9,15636,16788,0.8758922488481352,0.1059387039062738,0.9479146,0.9662248,0.974646,0.9394934
traffic,515,14164,16852,0.8758848489973231,0.2976889786012245,0.37788773,0.18381977,0.24469948,0.31700802
traffic,348,16148,17108,0.8758518040855643,0.2845482622763148,0.24311829,0.3930552,0.14922667,0.48694682
traffic,150,15764,15956,0.875811728732281,0.1849008068986726,0.26017976,0.22781944,0.2878945,0.20010471
traffic,515,15508,16084,0.8758094924534516,0.282447641257626,0.07830596,0.37895393,0.012737036,0.46999693
traffic,511,14676,16980,0.875761885106864,0.1453256386723709,0.71899676,0.11807799,0.4976747,0.103244066
traffic,532,14420,16148,0.8757496696629851,-0.0325292115389999,0.25175714,0.009276867,0.27380013,0.012766123
traffic,273,15444,16980,0.8757472783103826,-0.0163710518550667,0.31841028,0.0019007921,0.36904573,0.05253625
traffic,364,16660,17428,0.8757275717889021,0.2431835761587371,0.40764308,0.3856976,0.41421604,0.37912464
traffic,493,16276,17428,0.8757196666875908,0.1565113159576434,0.66341114,0.9384959,0.98110175,0.62080526
traffic,844,14868,16596,0.8757087071293626,0.2649601764524095,0.25673366,0.17983747,0.08251476,0.0056185722
traffic,840,14100,15636,0.8756862962882812,0.1689536966379375,0.06608319,0.023778915,0.08725619,0.002605915
traffic,399,14036,16724,0.8756790322702804,0.2052025446472156,1.1742265,1.0643327,0.7045295,1.5340297
traffic,351,14228,16340,0.8756688756789832,0.2971442111536474,1.7034814,2.5476847,0.7052412,3.545925
traffic,571,14292,16980,0.8756044973660321,0.2370562432317104,0.566949,0.9272146,0.9909135,0.5032501
traffic,23,14740,14932,0.8755211696651077,0.2966859168181192,0.098394394,0.099438906,0.067920685,0.12991261
traffic,793,14356,17236,0.8754476046691069,0.2454785116859201,0.57460713,0.68773353,0.40946674,0.8528739
traffic,430,15252,17364,0.8754473777730968,0.2569909551367448,0.6041103,1.2498407,1.1602252,0.6937258
traffic,661,14292,16212,0.875444629396117,0.2686414186131726,0.57156134,0.7891066,0.88883686,0.47183108
traffic,512,16148,17300,0.8754113001713768,0.1761942170247896,0.84224725,0.96868396,1.0649652,0.74596596
traffic,578,16020,16212,0.8753961584670898,0.1676981536543897,1.2289248,1.1427244,1.6676135,0.70403564
traffic,854,14612,17108,0.8753453229506997,-0.1492832938798363,0.25490463,0.31093085,0.39313376,0.44915998
traffic,352,14292,16980,0.8753089823747819,0.2759740949617189,0.046339512,0.13562751,0.1305306,0.21981859
traffic,164,14676,15828,0.8753038818435432,-0.042419259231833,0.8346131,0.5330682,0.7209804,0.64670086
traffic,759,14356,16276,0.8752881505390243,0.2586489775690757,0.057567596,0.22493792,0.1033051,0.17920041
traffic,361,14676,16980,0.8752835479559544,0.2818812028975727,0.89958286,0.8364725,0.8461304,0.889925
traffic,834,14484,16596,0.8752766529888648,0.2294672727768757,0.23276138,0.50626135,0.10459089,0.37809086
traffic,19,16084,17364,0.8752488549239871,0.0416470063752824,0.9631884,2.8559928,1.7607166,2.0584645
traffic,577,14292,15828,0.8752455137981489,0.1562689294003272,0.31334376,0.48322248,0.2789042,0.51766205
traffic,681,14996,16916,0.8752431753222997,0.2617456960120026,0.4917928,0.35102952,0.0068683624,0.83595395
traffic,64,14804,17300,0.8752265749408044,0.2386041040347745,0.6529155,0.3493111,0.47739434,0.52483225
traffic,223,14420,16916,0.8752093870841813,0.2319109904071042,0.43372452,0.14153147,0.25038648,0.04180658
traffic,255,15636,16212,0.8752055174107206,0.297252805750321,0.22274315,0.49892044,0.37400293,0.34766066
traffic,266,14228,16340,0.8751921706850985,0.2640448011368833,0.50846934,0.30403996,0.5134914,0.2990179
traffic,619,16788,17364,0.8751914294426502,0.07579599831605,0.45584297,1.1280286,1.0152547,0.56861687
traffic,45,14356,16660,0.8751889492090752,0.1534483050723008,0.43928552,0.33562446,0.63856125,0.13634872
traffic,693,14740,17044,0.8751838970604512,0.2175394290661017,1.6543157,1.4795661,2.331019,0.8028629
traffic,454,14740,17364,0.8751458132749328,0.1334256165927355,0.92999065,1.1636784,1.4372798,0.65638924
traffic,714,14740,17236,0.8751357454859575,0.1719177589947398,0.22749066,0.018413305,0.257097,0.048019648
traffic,580,15508,16660,0.875128168962314,0.2333838116738587,0.99113536,1.9457831,1.0245948,1.9123237
traffic,734,14100,16404,0.8751149742833821,0.1479590979101447,0.14835322,0.41386557,0.10497987,0.37049222
traffic,203,15508,17236,0.8750993596886643,0.2019662018795018,1.0091434,0.91330504,1.0458977,0.8765507
traffic,252,14804,16916,0.875085811872318,0.2859808337625877,0.15644646,0.41176748,0.041548014,0.60976195
traffic,794,14932,16276,0.8750664031445123,0.2310880192344737,0.21174908,0.32325083,0.017266035,0.09423572
traffic,773,14932,16276,0.8750084772806331,0.2634444206571357,0.29068756,0.3202229,0.051805437,0.08134079
traffic,854,15636,16788,0.8750081544501449,0.2002162736105421,0.023630857,0.18424201,0.43771958,0.59833074
traffic,103,15764,17108,0.8749895585030603,0.1290037695010484,0.1558106,0.35813498,0.07448661,0.12783778
traffic,202,16468,17044,0.8749880367229756,0.2703788193810187,0.018565655,0.4525962,0.29553986,0.17562199
traffic,406,14932,15316,0.8749832540305252,0.0392754212740533,0.34833086,0.2205658,0.36127126,0.20762539
traffic,323,14804,15956,0.874973045685173,0.0605279581296646,0.0709157,0.26598334,0.29461002,0.48967767
traffic,633,14740,15892,0.8749646503397772,0.2937741994965058,0.01519227,0.03307736,0.009403229,0.0388664
traffic,356,14932,15892,0.874911674550585,0.2886628697061534,0.26514435,0.18993402,0.18205595,0.2730224
traffic,514,14420,16916,0.8749047761466597,0.2041566807143013,0.1171256,0.16710211,0.5942488,0.8784765
traffic,619,14356,14740,0.8748524742295264,0.2548243690209704,0.58631945,0.21080947,0.13176274,0.6653662
traffic,141,15956,16340,0.8748183839930181,0.2393489651704948,0.7773528,0.49674153,0.49175858,0.78233576
traffic,313,16788,17364,0.8747954358070124,0.113952110673981,0.4768821,0.79322433,0.6936153,0.5764911
traffic,114,14996,15764,0.8747812019547511,0.1888308177906868,1.9855661,0.5698323,0.9129219,1.6424766
traffic,512,14612,14996,0.874768088367129,0.139099651086169,0.63799477,1.1914413,1.1863053,0.6431308
traffic,443,15060,16212,0.87474988993484,0.2989700951093743,0.19902372,0.07331586,0.094441414,0.17789817
traffic,168,16148,16916,0.8747221979579707,-0.2745705603326797,0.80962586,0.55678535,0.41985703,0.9465542
traffic,603,15316,16852,0.8747203905043565,0.2110432298487349,0.2587843,0.13281655,0.14633822,0.020370483
traffic,335,16020,16404,0.8746755924349167,0.0159244868856703,0.15553641,0.47791958,0.30881023,0.32464576
traffic,672,14484,16980,0.8746738542884454,0.1066318215699554,0.2088263,0.96552706,0.7441323,0.43022108
traffic,128,14228,17108,0.8746652072291258,0.199510715577756,0.26711345,0.3837217,0.06465685,0.05195141
traffic,134,14612,16148,0.8746563576835887,0.0914769143841563,0.94894457,0.8435043,0.87584925,0.91659963
traffic,688,15316,16468,0.8746288629825903,0.1863917790207117,0.2332325,0.9351388,0.71462977,0.45374155
traffic,503,15316,17428,0.874611030961008,0.0641057464823528,0.11605549,0.30193853,0.12236929,0.30825233
traffic,579,14164,16660,0.8745670217633359,0.0899322252896619,0.34641647,0.36391497,0.2876475,0.42268395
traffic,79,16276,16852,0.8745181560102575,0.2441678007948891,0.519464,0.40051913,0.69630027,0.22368288
traffic,540,16148,17108,0.8744989077684859,-0.0144437199598258,0.902187,0.7195146,0.68892705,0.93277454
traffic,607,14420,14996,0.8744866853973627,0.2404733872952318,0.47873724,0.0019638538,0.2732979,0.20740318
traffic,816,16596,16980,0.8744797802987478,0.2538496387397191,0.08150351,0.24760127,0.14462066,0.021477103
traffic,356,15188,16340,0.8744670938093759,0.1686557831393292,0.23622918,0.031861305,0.13892794,0.12916255
traffic,567,14484,16980,0.8744597154847279,0.2750696475622564,0.2743492,0.70422196,0.23984647,0.19002628
traffic,760,14932,17172,0.8743196045558248,-0.0288494416768239,1.0302808,5.09283,1.6516042,4.471507
traffic,297,15316,16468,0.8743052540744652,0.0997701650099364,0.13267827,0.5609789,0.32839608,0.36526108
traffic,241,14100,15828,0.8743003417169575,0.1897519477178552,0.9542351,2.8920655,1.214634,2.6316667
traffic,82,14164,17236,0.8742543688654487,0.2947259654907185,0.604727,1.0795282,0.8062171,0.87803817
traffic,823,14228,16916,0.87424901667175,0.0858661184027958,0.08204198,0.18214655,0.15966511,0.42385364
traffic,105,14164,16852,0.8742277155498783,0.2636033156907878,0.044645548,0.73467374,0.51427054,0.26504874
traffic,214,15508,17044,0.8742021982934216,0.2033692002439886,0.89015055,0.7671567,0.6162274,1.0410799
traffic,505,15508,16852,0.8741908089491622,0.0372283094220729,0.66499615,0.816329,0.5677471,0.91357803
traffic,161,15252,17364,0.8741824857083491,-0.1461436717689338,0.90964377,1.249146,1.117318,1.0414717
traffic,359,14740,17428,0.8741780330460963,0.2900988910090892,1.5232698,1.3270273,0.7014669,2.1488302
traffic,321,16148,16340,0.8741766524750308,0.2886116457818035,0.30008888,0.01833725,0.25390673,0.064519405
traffic,808,14036,16532,0.8741685975121406,0.2195004296570263,0.5781107,0.16373682,0.68825984,0.053587675
traffic,288,14932,16660,0.8741515747195624,0.0061577042161432,1.8428316,2.4430354,0.7578244,3.5280426
traffic,509,14484,16788,0.8741209481848615,0.1875612912191867,0.31824946,0.6141343,0.12743187,0.42331672
traffic,271,14484,15828,0.8740658709279798,0.1857471533463085,0.04596114,0.16584682,0.016417503,0.19539046
traffic,750,16468,16660,0.8740640916766703,0.0102915803416316,0.46292973,0.19675422,0.42345,0.23623395
traffic,440,15252,16980,0.8740599942194591,0.2351731378814767,0.25495815,0.090587616,0.14205194,0.022318602
traffic,701,16660,17428,0.8740563051566447,0.0097407743244144,2.023741,0.9527452,1.8654997,1.1109865
traffic,33,14676,17172,0.8740545958051589,0.2361495751379668,0.4040265,0.4025514,0.12752032,0.12604523
traffic,798,14932,17172,0.8740319653492093,0.076842930715641,1.0479594,0.5837252,1.3273216,0.304363
traffic,68,14292,16788,0.8740117428483952,0.2740777804028422,0.066963434,0.084611416,0.18779111,0.03621626
traffic,107,14484,15636,0.8740086903208547,0.2362076255982865,0.02189207,0.52830935,0.028442144,0.5348594
traffic,13,14740,16852,0.8740000645975868,0.2545148472121123,1.1543596,0.37312865,0.5541011,0.9733871
traffic,658,14292,14676,0.8739991544209579,0.2761684036115777,0.2614951,0.13326907,0.57082367,0.17605948
traffic,786,16980,17364,0.8739682383082756,0.2138708788768765,0.56371176,2.0756946,1.5947629,1.0446434
traffic,449,14036,14804,0.8739356948916132,-0.0209796051107645,0.159765,0.015241623,0.25965095,0.11512756
traffic,323,14548,17172,0.8739082134292381,-0.1155827415638136,1.0764135,1.4245806,1.4673761,1.033618
traffic,824,15444,16020,0.8738967556162563,0.2802527161314183,0.53010964,1.3667668,1.1468757,0.7500007
traffic,168,16084,16660,0.8738227900109558,0.2576633354055745,0.6232517,0.28177047,0.52965283,0.3753693
traffic,509,14676,16980,0.873806841288763,0.1369619781218607,0.5830283,0.29839396,0.30996013,0.025325775
traffic,108,14484,14676,0.8737531737978496,0.0757422036249725,0.23816752,0.010981083,0.405483,0.17829657
traffic,686,14676,16980,0.873737644597735,0.2731534453669991,0.3665316,0.62271214,0.2264545,0.76278925
traffic,791,15508,15892,0.8737343865073065,0.2940156418344634,1.0702027,0.4765396,0.5103581,1.0363842
traffic,805,16980,17364,0.8737173628668503,0.2903999184940293,0.5124116,0.54481745,0.6609781,0.39625096
traffic,847,15508,17236,0.8737024916301062,0.2601068966864493,0.54543614,0.77070117,0.51441765,0.80171967
traffic,360,14484,16788,0.8736854970382483,0.2433083708279178,0.4113927,0.7391131,0.5651176,0.5853882
traffic,22,15316,16276,0.8736203844343092,-0.2950369558118123,0.5311656,0.36088026,0.1709032,0.72114265
traffic,403,15508,16852,0.8735993772999392,0.1638810351573329,0.0216465,0.30846667,0.25777888,0.07233429
traffic,518,17108,17300,0.8735975965242713,0.2518020205580853,0.33949816,0.18938279,0.1930821,0.33579886
traffic,489,14036,17300,0.8735837211361978,0.2684965360912323,0.24928176,0.10813868,0.5190629,0.3779198
traffic,735,14484,16212,0.8735738757869689,0.2754332613128442,0.05383897,0.5055492,0.08284736,0.4765408
traffic,642,14868,16980,0.8735559983357186,0.2148615429479286,0.42283344,0.04102087,0.523823,0.14201045
traffic,424,14804,17300,0.8735445804057441,0.04849547763077,0.87305164,0.4709723,0.5487442,0.79527974
traffic,733,14484,14868,0.873543365269546,0.269065011674959,0.04145336,0.3955028,0.06530142,0.5022576
traffic,154,14868,16212,0.8735400290595586,0.2925780647139383,0.08479154,0.09412718,0.11495173,0.06396699
traffic,68,14484,16596,0.8735397208157735,0.2353231392466411,0.35415053,0.34721756,0.23425388,0.4671142
traffic,796,15764,16724,0.8735157650909665,-0.1367160898020546,0.5763264,0.13462329,0.28345728,0.42749238
traffic,256,15636,16596,0.8735073024564197,0.2448541758194922,0.052407026,0.2330451,0.05125165,0.12938643
traffic,720,15828,16788,0.8735036869203779,0.2763334233324038,0.30233073,0.81188405,0.55917335,0.55504143
traffic,409,15956,16340,0.8734350270337558,0.2357343420224557,0.73726225,0.48576093,0.48770356,0.7353196
traffic,698,14996,15956,0.8734062192241746,0.2852842355447548,2.2159977,0.5736939,1.2308679,1.5588237
traffic,140,15252,17172,0.8733878928658277,0.2168427137384062,0.48462915,0.06318569,0.4238584,0.12395644
traffic,546,14420,15956,0.8733794705029783,0.2666166544906318,0.19918239,0.10350442,0.19344652,0.10924029
traffic,603,14804,17300,0.87334849981489,0.2569645147392755,0.5679028,0.57633233,0.43886185,0.7053733
traffic,534,14740,17364,0.8733215613081091,0.0224276877104606,0.964723,1.241797,1.5974497,0.6090703
traffic,395,14484,16596,0.873316273195317,0.2044715291688112,0.36796355,1.2207246,0.9986173,0.59007084
traffic,596,14868,15828,0.8732964922912549,0.2864303842152482,0.35652828,0.050570488,0.27737045,0.12972832
traffic,98,14740,16852,0.8732908077455929,0.2596032532788155,1.0090023,0.28814542,0.5570191,0.74012864
traffic,673,16212,17364,0.8732718243609358,0.0396491621669272,0.4207189,0.558846,0.6105788,0.36898613
traffic,330,14292,16980,0.8732641850537339,0.2335827866401266,0.0065932274,0.6486136,0.18226886,0.47293794
traffic,727,15508,17044,0.8732631165116762,-0.0893258050586324,1.6565504,0.9880198,1.4290185,1.2155517
traffic,469,14612,14804,0.873257025102822,0.2970736310763492,0.2655697,0.004388809,0.1736877,0.08749318
traffic,254,16468,17428,0.8732331401152371,0.1928027659557187,0.99564445,1.3501525,0.9802853,1.3655117
traffic,817,14164,14740,0.8732127106108444,0.2970692122053934,0.34395218,0.45595193,0.36050057,0.43940353
traffic,231,15892,17236,0.8732093721703926,0.1724963359757211,0.36142063,0.6014868,0.37880754,0.5840999
traffic,230,15764,16340,0.8732054671709086,0.1348910635958461,0.41870952,0.3601265,0.37918377,0.39965224
traffic,116,14420,14804,0.8731563212249135,0.255968273139331,0.7115047,0.11708474,0.30757284,0.5210166
traffic,409,17108,17300,0.8731196954895721,0.2476720258283464,0.24810183,0.10931659,0.13686979,0.22054863
traffic,660,14100,15636,0.8730839933414132,0.2715645969904958,0.69401956,0.24758554,0.452554,0.4890511
traffic,512,16020,16212,0.8730597864472883,0.1227204614728805,1.39294,0.94802094,1.5910835,0.74987745
traffic,641,14676,15828,0.8730341466665191,0.0666974103910362,0.33387756,0.14004421,0.3289199,0.14500189
traffic,106,14676,15636,0.8730171703774574,-0.0849749733157555,0.1145947,0.6176728,0.25891376,0.47335374
traffic,205,14100,15828,0.8730010344463441,0.2838437636311064,0.633724,0.28592134,0.56745577,0.35218954
traffic,193,15956,17108,0.872999756405249,0.2992246610894418,0.12710094,0.29758668,0.1635797,0.33406544
traffic,547,15508,16084,0.8729777753449004,0.274558418951233,0.78852534,0.6337608,0.6323283,0.7899579
traffic,241,14036,16724,0.8729649941923572,0.0007149056319195,1.6078696,2.212641,0.8325741,2.9879365
traffic,224,16340,17108,0.8729495344221759,0.1977525126081265,0.37722778,0.36449432,0.32587194,0.41585016
traffic,627,14612,17300,0.8729253166433681,0.2582650077911735,0.5152583,0.3923577,0.34573865,0.56187737
traffic,166,14292,14484,0.8729222615160781,0.2548013761926107,0.6252122,0.86612606,0.9119296,0.57940865
traffic,251,14100,16212,0.8729096428031523,-0.0534261040448907,0.67326283,0.88017297,0.6431718,0.910264
traffic,12,15700,17044,0.8728887932970365,0.181984472891487,0.13578117,0.9075283,0.1965183,0.5752288
traffic,485,16340,17108,0.8728822772605227,0.2198194118309952,1.6505252,0.58890724,0.79218006,1.4472524
traffic,281,14676,16980,0.8728597594571311,0.1073450943771348,0.31164908,0.76033616,0.11203313,0.33665395
traffic,416,14740,16852,0.8728486286502601,0.2974294554570871,0.85072494,0.23775959,0.46602893,0.6224556
traffic,163,16084,17428,0.8728288157650955,0.2730857728645424,0.9769852,0.92390466,0.812444,1.0884459
traffic,214,14292,16596,0.8727947887579135,0.2400907681121003,0.30369163,0.074303865,0.1778462,0.051541567
traffic,662,15316,16468,0.8727742443939288,0.2277201312966372,0.11664486,0.39555955,0.17112255,0.34108186
traffic,854,14484,16980,0.8727072540225062,0.2075525868229768,0.35288072,0.7183678,0.3968687,0.6743798
traffic,168,14484,14676,0.8726573196561481,-0.0684889621063438,0.2871878,0.32225752,0.24615073,0.28122044
traffic,170,16148,17300,0.8725844837980944,0.2825248341536197,0.27149987,0.35359406,0.14400315,0.48109078
traffic,428,15316,17300,0.8725803456800981,0.1044505559605966,0.21186328,0.9039142,0.16087341,1.2766509
traffic,706,14804,17300,0.8725520242800406,0.1431414110087686,0.18710852,0.037968397,0.22798586,0.07884574
traffic,608,14612,14996,0.8725138909932657,0.0011006102289775,1.3925114,2.475025,0.9214097,2.9461265
traffic,508,15124,15508,0.8724821609965704,0.0803500576156041,0.121505976,0.44485664,0.12094021,0.4454224
traffic,233,16404,16980,0.8724578171455325,0.0454405770922157,0.5506046,0.16286945,0.5782051,0.13526893
traffic,621,15252,16212,0.8724432734250299,0.280241907255606,0.062347054,0.06500065,0.04770434,0.050357938
traffic,370,14996,16340,0.8723717550726245,0.27625022015807,0.18333054,0.27183938,0.28636718,0.16880274
traffic,777,15316,17236,0.8723707857609138,-0.0858371189278774,0.17621827,0.50696254,0.18404818,0.49913263
traffic,247,14356,17044,0.8723677438555714,0.1458360994724733,0.051897764,0.889891,0.48040414,0.46138465
traffic,139,15956,16340,0.8723646191472154,0.2413106786556396,1.0213594,1.787427,0.9804685,1.8283179
traffic,452,14676,15444,0.8722969451810693,-0.0607243934782023,0.40506697,0.55874395,0.41511822,0.5486927
traffic,70,14292,16788,0.8722680933093553,0.2778417309042142,0.6294595,0.6599515,0.3828771,0.9065339
traffic,455,14996,15956,0.8722601436723268,0.045315680560798,1.8668017,0.8738502,1.568013,1.172639
traffic,270,15636,16788,0.8722367237341035,0.1729544176556709,0.6299437,0.5476533,0.34309745,0.8344996
traffic,836,15124,16276,0.8722078927993959,0.1137124320701728,0.25023937,0.07586455,0.20147848,0.124625444
traffic,37,14292,16596,0.872191455623745,0.1752562476256483,0.033126593,0.77475667,0.3544531,0.45343018
traffic,694,14740,17364,0.8721675024916161,0.1349913010904947,0.79732215,0.22069454,0.7768327,0.20020509
traffic,490,15828,16788,0.872167021495615,0.1032853079785869,0.8519769,1.253825,1.2302523,0.87554955
traffic,447,15828,16596,0.8720908091197095,0.2399365006216847,0.46853065,1.5217254,1.4506503,0.53960574
traffic,149,14356,14740,0.8720700353363819,0.2707065046667889,0.40700865,0.15915322,0.07199633,0.49416554
traffic,794,14996,16340,0.8720447773417379,0.0725968844732367,0.18018389,0.35578847,0.55495334,0.01898098
traffic,487,16276,16660,0.872039868752652,0.1272915433029779,0.5666785,0.4706037,0.5799041,0.45737815
traffic,831,15764,17300,0.8720346800388772,0.2354652357068909,0.1473558,0.03970933,0.22892714,0.12128067
traffic,354,14228,16724,0.8720180163595035,0.1152175559798568,0.5010309,0.010250568,0.60359526,0.09231377
traffic,488,16468,16660,0.8720178694688766,0.2642818751506098,0.2932458,0.34581423,0.3652177,0.27384233
traffic,444,14484,16596,0.8720107915719302,0.2806516755689446,0.52932334,1.1156169,1.0307193,0.614221
traffic,250,14868,16788,0.8720015556045124,0.2784206972207648,0.029507399,0.39199078,0.15909636,0.26240182
traffic,625,14804,15572,0.8719730653651524,0.2130749817985765,0.3837316,0.06921625,0.25993657,0.19301128
traffic,121,14228,16724,0.8719589018325622,0.2716924549036207,0.025538445,0.50851965,0.3674929,0.8504741
traffic,55,14164,17236,0.8719221650662724,0.1792776967015638,0.30081248,0.9535959,0.6771352,0.57727313
traffic,238,14036,16340,0.871902776591673,0.2605470792536018,0.3877225,0.051914454,0.14469814,0.1911099
traffic,54,15828,17172,0.8719003167654514,-0.2910835544050951,0.17772579,0.7151153,0.07958007,0.45780945
traffic,145,15764,16724,0.871896738853397,0.2692723895844127,0.577888,0.50239706,0.6084821,0.47180295
traffic,136,15252,17172,0.8718373420223595,0.2699854957823343,0.5559714,0.16569519,0.38093233,0.34073424
traffic,636,14228,17108,0.8718084448946939,0.2567895323845932,0.3816471,0.107803345,0.43760276,0.051847696
traffic,735,14036,16340,0.8717639013792328,0.2843923116850386,0.5679505,0.29731202,0.48793602,0.3773265
traffic,701,14740,17044,0.8717495461893661,0.230990311440537,0.5511551,0.3483237,0.16663647,0.03619492
traffic,163,15508,16660,0.8717384228158789,0.2504093784485413,0.56895804,0.1261599,0.47444844,0.22066951
traffic,641,14932,17044,0.8717310992261867,0.2967745932176566,0.41891265,0.008939981,0.3005948,0.12725782
traffic,644,16148,16340,0.8716958579178856,0.2822447510921175,0.79378533,1.0108359,0.8611729,0.9434483
traffic,359,14420,16340,0.8716699357347845,0.2165506169434014,2.0330472,1.6596179,0.61771,3.074955
traffic,387,14292,14676,0.8716524705711927,-0.2004758809371607,0.7916877,2.080108,1.2602649,1.6115308
traffic,277,14676,15444,0.871647732268664,0.1099854091974458,0.5831907,0.8016051,0.7399168,0.644879
traffic,29,16340,17108,0.8716451536837841,0.2451858047857057,2.328686,0.85589147,1.635678,1.5488994
traffic,701,16020,16212,0.8716302130819548,0.0690364659682038,0.72494507,0.7979901,0.9632783,0.55965686
traffic,9,14164,17428,0.87161072145989,0.1881823579954491,0.68044686,0.38608623,0.58486867,0.48166442
traffic,505,15828,17364,0.8716044466572985,0.181844593416103,1.0729244,1.139739,0.75288653,1.4597769
traffic,74,15892,17364,0.8715691788280575,0.1947050057268587,1.1444682,1.7930105,1.401379,1.5360997
traffic,426,14676,16980,0.8715689532025891,0.1860880035266826,0.82253027,0.05616212,0.4829483,0.3957441
traffic,158,14292,16788,0.871553205913043,0.1163774406501601,0.682668,0.6689521,0.39103532,0.96058476
traffic,415,15508,17236,0.871533737418211,0.2565405627179946,0.31560397,0.4141643,0.22236443,0.50740385
traffic,145,16020,16404,0.8714866890413577,0.1983521802175186,0.062137842,0.5989742,0.45692873,0.20418334
traffic,295,14996,16148,0.8714753162590844,-0.0736481417732494,0.899909,0.9884715,0.91632223,0.9720583
traffic,370,15316,16276,0.8714307539221059,-0.1083710846862359,0.20329404,0.24406052,0.04131365,0.082080126
traffic,503,15508,17044,0.8714302138045839,-0.0698680759436188,1.4605136,0.99788886,1.2633073,1.1950951
traffic,640,14804,16148,0.8714087935074162,0.2107936611223212,0.0019643307,0.017724037,0.10001063,0.08425093
traffic,415,16212,16596,0.8713834576599825,0.1068486977458297,0.0054347515,0.1113987,0.010708332,0.12754178
traffic,477,14548,15892,0.8713535467181118,0.271414958059669,0.33692527,0.32083142,0.30243373,0.28633988
traffic,197,16148,16916,0.8713381818641334,0.2939241021950888,0.5752518,0.47372758,0.27507615,0.77390325
traffic,225,15316,16468,0.871328911277008,0.0878287026374771,0.13518381,0.4742831,0.26184678,0.34762013
traffic,733,16980,17364,0.8713191574021192,0.2090297155347871,0.1498437,0.17356348,0.39557195,0.072164774
traffic,610,16212,16596,0.8712880591873853,0.2365716562767562,0.09347892,0.006932974,0.2187736,0.13222766
traffic,732,15956,17300,0.8712789650330445,0.22698225899836,0.07504201,0.19829118,0.35446286,0.47771204
traffic,76,14612,14996,0.8712624847376987,0.2372894256072359,1.1509843,1.4153936,0.8022797,1.7640982
traffic,409,14484,17172,0.8712225145821942,0.1835062704790661,0.20814133,0.018816471,0.14832592,0.07863188
traffic,60,14612,15572,0.8712180105670937,0.2782711399313947,0.27286446,0.08666015,0.173015,0.18650961
traffic,796,14868,16212,0.8712158333807272,0.1529320113614047,0.40374732,0.2946148,0.26220226,0.43615985
traffic,670,14676,16596,0.8712010824697966,0.2682805149106259,0.094566345,0.38894522,0.14741111,0.33610046
traffic,468,14804,17108,0.871193232673406,0.2869969351699862,0.29277706,0.41958213,0.051840305,0.7641995
traffic,327,14804,17300,0.8711748044679415,0.1207729813532518,0.015604734,0.30146122,0.019842625,0.3056991
traffic,466,14676,17364,0.8711652671162158,0.0801883916569414,0.45105886,0.12295008,0.37023258,0.20377636
traffic,204,14484,16788,0.8711578343392831,0.2627065440259388,1.0120497,0.909354,1.095269,0.8261347
traffic,155,15508,15892,0.8710902312700559,0.2776420328615523,0.2003634,0.26340556,0.018157005,0.48192596
traffic,801,14228,15764,0.8710757193928749,0.0749878800572447,0.06337798,0.025024056,0.033878446,0.054523587
traffic,756,15508,17428,0.8710407114283086,0.2923741284009095,0.4419737,0.484362,0.316036,0.6102997
traffic,607,15316,16468,0.871013074019404,0.1509389409500247,0.05623007,0.107278824,0.03082633,0.13268256
traffic,632,14932,17172,0.8709885064748335,0.2225118704476404,0.7456324,0.7089083,0.85292315,0.6016176
traffic,453,15700,17044,0.8709396099870205,0.268327081233979,0.31752586,0.03409791,0.2428534,0.10877037
traffic,843,14292,14676,0.8709311923537459,-0.0058162425239142,1.4845532,0.47740865,0.507203,1.4547589
traffic,688,16660,17044,0.8709289753161359,0.2117221617549771,1.4977741,1.1692662,1.7363188,0.9307215
traffic,718,16660,16852,0.8709156027701469,0.25459431951305,0.10382509,0.34638548,0.25682688,0.1933837
traffic,147,14292,14676,0.8708932141409179,0.2529127964018892,0.6834825,1.5396664,1.3761879,0.846961
traffic,648,14804,16916,0.8708742503396405,0.2977361863885959,0.018111706,0.1993103,0.19904304,0.38024163
traffic,327,16212,16596,0.8708670916299439,0.1384083609455259,0.09849501,0.11398482,0.026348352,0.04183817
traffic,171,14484,17172,0.8708668643328041,0.0539338284901819,0.45056129,0.51423097,0.04044366,0.10411334
traffic,659,14100,14676,0.8708289480468606,0.2309632432717056,0.48252606,0.7916336,0.917284,0.35687566
traffic,52,14612,17108,0.870821352985672,0.2288720973059423,0.3027841,0.37641907,0.04400313,0.7232063
traffic,762,15828,16020,0.8707968652397532,0.0764364666371421,0.050584316,0.18256593,0.03713441,0.0948472
traffic,848,14996,16148,0.8707583215672774,0.1890133689832959,0.39110136,0.85913134,0.7546532,0.49557948
traffic,477,14100,16788,0.8707147196590354,-0.0349856617947744,0.21289587,0.64750016,0.14409947,0.2905048
traffic,569,15444,16788,0.870683658376712,0.2810845775614724,0.2056619,0.31683993,0.26330352,0.37448156
traffic,442,14740,17364,0.8706622321950859,-0.0417525134594457,1.1229877,2.2654736,1.4542687,1.9341927
traffic,439,15892,17364,0.8706548104264058,0.0817423067413242,0.73269516,0.52468646,1.234004,0.023377657
traffic,676,15252,16404,0.8706396567768949,0.2984043120164206,0.16468596,0.015430212,0.091282845,0.08883333
traffic,325,14932,16468,0.8706196148653723,0.2526997583733421,0.39909804,0.012272358,0.20009768,0.21127272
traffic,473,14804,16724,0.8704975286309992,0.2886878133144725,0.09497738,0.019219637,0.30667973,0.23092198
traffic,25,15124,17236,0.8704774921941885,0.2924021358143683,0.16511416,0.25011694,0.04099214,0.37423897
traffic,601,14164,14932,0.8704768523748295,0.2250901034364184,0.3976822,0.8236958,0.5185137,0.7028643
traffic,480,15316,17428,0.8704545461010332,0.1872486827421042,0.2868576,0.023908377,0.507411,0.19664502
traffic,651,14676,15636,0.8704437328521696,0.2636230603489169,0.28005505,1.0954261,0.73384666,0.64163446
traffic,568,14676,16980,0.8704138370082701,0.064680025937017,0.35267234,1.1469666,0.17422724,0.620067
traffic,657,14932,17236,0.8703923401648452,0.0620120619269528,0.22408557,0.7248627,0.21399903,0.73494923
traffic,697,15572,16660,0.8703702920607533,-0.195036206369133,1.5935485,0.31425238,0.7645433,1.1432576
traffic,671,14484,15060,0.8703454004257107,0.284433760830894,0.33008957,0.82318246,0.627543,0.52572906
traffic,834,15508,16852,0.8702803487277717,0.2643158712270426,0.29451942,0.013320923,0.2162292,0.0649693
traffic,561,14036,16340,0.8702771023091483,0.2330296741928899,0.88672495,0.7369437,0.7168515,0.9068172
traffic,106,14356,17236,0.8702403531975239,0.1354196827712747,0.042672157,0.2649827,0.30276465,0.5250752
traffic,674,14100,16404,0.8701727509474899,0.1936884654270932,0.13000822,0.47222698,0.3030399,0.2991953
traffic,310,14036,16340,0.870136830577307,0.0586214137910491,0.5218661,0.5705123,1.0076644,0.084713936
traffic,202,16404,17172,0.8701352135543241,0.1453926155952939,0.4463036,0.6610534,0.6228268,0.4845302
traffic,492,16916,17300,0.8701340171871096,0.0369745264518189,0.36185002,0.17071581,0.17514157,0.35742426
traffic,450,15508,17236,0.8701044050471338,0.2564516380589544,0.39533114,0.45496488,0.3253708,0.52492523
traffic,142,15508,17236,0.8700909350130303,0.1355839173454582,0.3430202,0.60936236,0.390373,0.5620096
traffic,1,15892,17364,0.8700785042561857,0.007365204455739,1.0203408,1.5096557,1.4434041,1.0865924
traffic,357,16468,16660,0.870039365741881,0.1897878084224929,0.22543073,0.2681396,0.31393528,0.17963505
traffic,426,15124,15316,0.870009993731582,0.2286076005147443,0.19155455,0.28041506,0.37493944,0.09703016
traffic,400,14484,17364,0.870008403891394,-0.1268032825541902,0.7645507,1.1359434,1.3364606,0.5640335
traffic,82,16724,17300,0.8700053528274919,0.290431030450034,0.63273835,0.453959,0.39898396,0.6877134
traffic,669,15572,17300,0.8700041738848242,0.2675585292404003,0.22316408,0.053572178,0.25564432,0.08605242
traffic,708,14804,17300,0.8699883207903627,0.130526249983571,0.22154903,0.23619509,0.11458731,0.12923336
traffic,589,14036,16532,0.8699804556687311,0.2360379672584786,0.61672676,0.19446158,0.7327887,0.07839966
traffic,286,14612,17300,0.8699589741325615,0.1847598822157473,0.3165443,0.09759641,0.1614933,0.057454586
traffic,305,14804,16148,0.8699392579457753,0.2301670972171847,0.43252325,0.1192708,0.37408328,0.17771077
traffic,88,14164,15508,0.8699226001650763,0.2211347952265202,0.21657586,0.15325594,0.1396985,0.2301333
traffic,179,15252,17172,0.8699003524095205,0.2765964431522222,0.27031398,0.1674056,0.110054255,0.0071458817
traffic,733,16660,17044,0.8698931154900511,0.2783973956625644,0.18160701,0.41934133,0.30153704,0.2994113
traffic,381,14420,16340,0.8698852434417453,0.272940441214984,0.95107794,0.9975872,0.7836759,1.1649892
traffic,460,16084,16852,0.869834239065069,0.258375192047536,0.7267332,0.36177015,0.74557996,0.3429234
traffic,673,16660,17236,0.8698318133807796,0.2694138516280419,1.1232753,0.73895276,1.0556507,0.8065773
traffic,547,16020,16212,0.8698310988931918,0.2244186163125476,1.8098845,1.4100537,2.3365939,0.8833444
traffic,623,14932,16276,0.8697824784651257,0.2301850761267704,0.23748714,0.4506827,0.06797367,0.14522189
traffic,801,14484,16980,0.8697745397283738,0.2047768926846531,0.07394767,1.0154337,0.56261253,0.5267688
traffic,466,14804,17300,0.8697444192873844,0.2124567311852751,0.1641171,0.25487816,0.020486116,0.39850914
traffic,619,15316,16084,0.8697271791154221,0.1395921704221528,1.0845144,0.7698691,0.987051,0.86733246
traffic,397,14100,16788,0.8697202079605304,0.2489726804296083,0.5768472,0.6029898,0.10865867,0.13480127
traffic,213,14164,17236,0.869699105479616,0.2464202603096041,0.30923176,0.69093025,0.24533057,0.75483143
traffic,691,15124,15892,0.8696821526236902,0.2594445993702252,0.04541087,0.032094717,0.08017802,0.06686187
traffic,360,15252,15828,0.869679711040671,0.1936565187599445,0.5892544,0.39587688,0.57925844,0.40587282
traffic,24,15956,16340,0.8696572934178248,0.2365799718184939,1.4862536,2.137875,0.755514,2.8686147
traffic,718,15124,15316,0.8696375413989736,0.1111101663394117,0.099360466,0.010076761,0.13346434,0.04418063
traffic,772,14164,17044,0.8696363255048426,0.2650832274873727,0.36769533,0.5256908,0.23353267,0.65985346
traffic,786,15636,16404,0.8696332739070304,0.2454935185698198,0.15336168,0.5275779,0.36061645,0.3203231
traffic,48,16148,17108,0.8696267818283899,0.1928556576817406,0.7517359,0.53883183,0.39465117,0.8959166
traffic,227,14100,16788,0.8696023690379795,0.1900205557701027,0.37193298,0.09666741,0.50837445,0.23310888
traffic,429,14420,16340,0.8695693873979786,0.2703696391706592,0.9478109,0.9980726,0.78349257,1.162391
traffic,325,15124,17236,0.8695606390359019,0.1320691932749899,0.06267619,0.6229862,0.22861958,0.33169043
traffic,56,15124,16468,0.869555932350523,0.2934796158529537,0.82996535,0.58651495,0.6835294,0.7329509
traffic,583,14292,14676,0.8695381535267818,0.2558378024301191,0.23566079,0.1261282,0.55306697,0.19127798
traffic,558,16980,17364,0.8695322413493013,0.285913599355899,0.80374575,0.8348203,0.80462813,0.8339379
traffic,565,14292,14484,0.8694927972093567,0.1648845165155956,0.46402144,0.6430204,0.6646936,0.44234824
traffic,573,15124,16276,0.8694815073009761,-0.1560313710106098,0.22011685,0.7957357,0.4539845,0.5618681
traffic,401,14676,17364,0.8694099595533908,0.1792656263335003,0.56514907,0.47800183,0.5535197,0.48963118
traffic,460,15444,16788,0.869397932818474,-0.0093827237264721,0.29129243,0.03153205,0.54752135,0.28776097
traffic,772,16980,17364,0.8693845437673545,0.2691632245626184,0.55901444,2.246636,1.7119693,1.0936811
traffic,295,14164,16660,0.8693592206276817,0.0418739389367882,0.2933483,0.23968983,0.24575996,0.19210148
traffic,574,16468,16660,0.8693447808021659,0.292564528475661,0.4029243,0.39824414,0.38005328,0.42111516
traffic,125,14292,14676,0.8693438052542073,0.246037518965724,0.35826063,0.12695551,0.55676985,0.07155371
traffic,748,15252,15636,0.8693324503011798,0.0064813789176965,0.33626437,0.32414865,0.3588276,0.30158544
traffic,781,14740,16276,0.8693195881144109,0.2893439210785213,0.027498722,0.13952911,0.00023448467,0.1117959
traffic,596,14612,16340,0.8693161073572323,0.2588820606698305,0.41796303,0.14111829,0.30878758,0.25029373
traffic,29,14484,15828,0.8692741274194119,0.2279985968034029,0.6649258,2.1816902,1.2383935,1.6082225
traffic,369,15572,17108,0.8692627570070103,0.1627751967504307,0.074175835,0.13836944,0.015367985,0.22791326
traffic,238,14420,16532,0.8692455013618343,0.2725787074731712,0.9275044,0.0038552284,0.4379096,0.4857396
traffic,591,15956,17300,0.8692401821485364,0.2494099609167485,0.720978,0.02960205,0.34559405,0.40498602
traffic,177,14036,16532,0.8692237642932276,0.0884944633215591,0.1175313,0.768852,0.18215322,0.8334739
traffic,310,14676,16404,0.8692121539610023,0.2295278303055897,0.2791872,0.5451647,0.2527051,0.5716468
traffic,195,16084,17364,0.8691383209293456,-0.1099217953862621,0.9767424,1.5047165,1.6797984,0.80166054
traffic,138,15956,17108,0.8691124016268146,0.2523341969829148,0.5858307,0.54228485,0.3255818,0.80253375
traffic,79,14612,15380,0.8691107922884838,0.2401165803136525,0.09480047,0.59289336,0.42060876,0.26708508
traffic,396,14036,17108,0.8690728576258534,0.255249207792891,0.9516953,0.7200122,0.58677983,1.0849277
traffic,520,16724,17108,0.869070669007346,0.224747684868813,0.10815811,0.33359456,0.02935195,0.47110462
traffic,814,14036,17108,0.8690572102878121,0.2652770674119407,0.05508125,0.2800594,0.0824343,0.41757494
traffic,214,14484,15060,0.8690434760921194,0.2813886255114617,0.16427636,0.17748499,0.19172597,0.2049346
traffic,560,16660,17428,0.8689319999526824,0.2493079408490255,0.27157426,0.30554247,0.3131132,0.26400352
traffic,496,15444,15828,0.8689245445492851,0.2698253493952219,0.5498717,0.061893463,0.4839654,0.12779975
traffic,406,14484,14676,0.8689019317373446,-0.060496460443225,0.07369089,0.058352947,0.24765444,0.1156106
traffic,65,15060,15828,0.8688461889126645,-0.0690837433318752,0.56985533,1.2866023,1.2324647,0.6239929
traffic,293,15828,16212,0.8688440030614512,0.2969790367862837,0.21750379,0.4753089,0.095418215,0.59739447
traffic,753,16020,17364,0.8688184840819361,0.1164650536166749,0.34242177,0.10952425,0.35809636,0.09384966
traffic,23,15828,17364,0.8688098910537627,0.0618964392400293,0.060772896,0.15975642,0.086291075,0.1852746
traffic,27,14100,14868,0.868786850824089,0.280216387668424,0.5489931,0.5581167,0.6461942,0.46091557
traffic,675,14036,16340,0.8687851667625995,0.2867391942516571,0.80040646,0.7850411,0.6457801,0.93966746
traffic,406,14612,16148,0.86874429031286,0.2398326142066935,0.20293903,0.076689005,0.1954925,0.08413553
traffic,519,15508,16852,0.8687417785942753,0.1997573722908763,0.015771627,0.38928497,0.16491485,0.24014175
traffic,53,14164,16852,0.8687175574494904,0.0152119948332025,0.7093351,0.63857937,0.7208798,0.62703466
traffic,131,14484,16980,0.8686372545306996,0.2721485606270147,1.4561374,1.1961288,1.7156463,0.93662
traffic,97,14804,14996,0.8686125393904304,0.1636814933686181,0.74893713,0.991647,0.75362444,0.9869597
traffic,758,14996,15956,0.8685967088678141,0.248361648786156,1.3309717,0.7157327,0.9850571,1.0616473
traffic,135,14420,14996,0.8685916634536242,0.1069543881062194,0.5333662,0.34314227,0.42641568,0.4500928
traffic,334,14868,15636,0.8684918923384943,0.2774292939963369,0.353019,0.034409523,0.27585888,0.11156964
traffic,82,16020,17364,0.8684806967728701,0.2272893989783023,0.59976006,0.75146675,0.70163465,0.64959216
traffic,325,14804,16724,0.8684465755891584,0.2592157668499681,0.095799685,0.3884833,0.17835474,0.6626377
traffic,821,14292,16212,0.8684228019906314,0.273691694572876,0.073883295,0.24035501,0.048638105,0.2656002
traffic,135,14612,17108,0.868416041962577,0.1291444496475807,0.01188302,0.15272999,0.07566309,0.2402761
traffic,389,15892,17364,0.8684009884891045,0.1496807382529228,0.8865657,2.2900522,1.7409873,1.4356306
traffic,311,14996,15380,0.8683855632313217,0.27384086561168,1.1999741,0.6829717,0.7246306,1.1583152
traffic,809,15124,16468,0.8683617455027831,0.2089747332609305,0.105041385,0.20186234,0.1025877,0.20431602
traffic,31,15316,16468,0.868357770099439,0.1405218674381717,0.090736866,0.5560694,0.31993508,0.32687116
traffic,82,16660,16852,0.8682950571134156,0.2781035406834011,0.1113286,0.77427745,0.5709326,0.31467342
traffic,850,15828,16596,0.8682764615150431,0.2810015080763047,1.1359696,1.6369469,2.0628219,0.7100948
traffic,540,14100,16788,0.8682692455432274,-0.0848387593955083,0.28785157,0.21759164,0.6683825,0.16293931
traffic,116,14484,16596,0.8682551820800998,0.1186025298711513,0.18338656,0.88030314,0.45882797,0.60486174
traffic,100,14036,16340,0.8682399397424239,0.2639720521355869,1.3585889,0.85834026,0.5916805,1.6252487
traffic,72,15188,16340,0.8682334853548671,0.294230778747346,0.28496408,0.10682392,0.19014978,0.20163822
traffic,641,14292,16404,0.8682228043609137,0.2664561873460922,0.00546968,0.09678912,0.05851829,0.14983773
traffic,586,14932,17044,0.8682133172163514,0.265317281617025,0.7956291,0.4055742,0.16751868,0.2225362
traffic,660,16084,17364,0.8681986931443446,0.0186165412127709,1.0124342,1.3355076,1.6326532,0.71528864
traffic,785,16980,17364,0.8681949257263866,0.2628709721629275,0.7347983,2.3231504,1.3589052,1.6990435
traffic,77,14164,17236,0.8681771321313619,0.1444795871338955,0.6677885,0.64182854,0.39869452,0.9109225
traffic,732,15636,16980,0.8681492222366464,0.1074130585456033,0.12218809,0.76614475,0.37356877,0.2703879
traffic,640,14932,17236,0.8681445078483084,0.1432862354552104,0.41690427,0.09703243,0.42404383,0.089892864
traffic,169,14676,16596,0.8681358695951263,0.2446804630762734,0.28262734,0.3695315,0.03205943,0.6842183
traffic,718,14164,14356,0.8680813289373539,0.1372790645980967,0.06371856,0.18657398,0.090482235,0.03237319
traffic,597,15316,17428,0.8680700314916822,0.2121615322533864,0.53480244,0.12227154,0.37296987,0.2841041
traffic,235,15252,15636,0.867997276449219,0.1701784980030903,0.2048397,0.018626213,0.15431285,0.06915307
traffic,308,16084,17364,0.8679248704400732,-0.1075777253149361,0.9125006,0.9712546,1.5441847,0.33957052
traffic,156,14996,15572,0.8679221722633644,0.2295767659687494,0.9813335,0.47561693,0.28703523,1.1699152
traffic,63,14292,16404,0.867868268931618,0.2254275787951042,0.34506416,0.4440968,0.7251129,0.06404805
traffic,564,16340,17300,0.8678156359854143,0.2838638888426853,2.3376956,0.9644829,1.8517766,1.4504019
traffic,572,14996,16148,0.8677993093301352,0.18077821992058,0.39225912,0.50177336,0.4216771,0.47235537
traffic,391,14484,16980,0.8677531609993012,0.0639299650687721,0.8466213,0.9416045,0.24358582,0.33856905
traffic,491,15124,16276,0.867730775612998,-0.0096859446372847,0.089817286,0.13160849,0.050215006,0.17121077
traffic,642,15636,16596,0.8677267090047124,0.2255087531172715,0.81270945,2.1886675,1.4235355,1.5778415
traffic,164,16276,17428,0.867726507589728,0.268670658293645,0.6790446,1.2447052,0.89597356,1.0277762
traffic,706,15060,15636,0.8677240065182881,0.2262550489804404,0.45985126,0.10752368,0.2680459,0.29932904
traffic,704,14420,16340,0.8677173427157243,0.2528944988100538,1.877431,1.4658418,0.5641414,2.7791314
traffic,628,16468,17428,0.8677108989780841,0.1816367820935761,0.15132523,0.23930669,0.19739151,0.1932404
traffic,337,14164,16276,0.8677051767419084,0.2944335756352512,0.36902428,0.34341097,0.1964457,0.51598954
traffic,168,15124,15316,0.8676484129516709,-0.3469483134654876,0.026011944,0.08913207,0.023910284,0.08703041
traffic,818,16532,16724,0.8676447709609457,0.0868124237834966,0.94014454,1.2756124,0.8147416,1.4010153
traffic,107,14164,16852,0.8675990727727484,-0.0356153148084048,0.02331853,0.24647307,0.07815933,0.14499521
traffic,271,16276,17236,0.8675782920834076,0.2586178728955696,0.19708192,0.07922411,0.24775267,0.12989485
traffic,225,15636,16788,0.8675714834058126,0.164124838696772,0.9769552,0.97785187,0.9884571,0.96634996
traffic,652,15316,16468,0.8675346343398769,0.0042328212093315,0.21109629,0.36608982,0.25764441,0.3195417
traffic,138,16276,16660,0.8674516093867203,0.1137161090682583,0.76933753,1.2887199,1.0824784,0.975579
traffic,416,14228,14996,0.8673623015676186,0.2832219078432941,0.9710555,1.2103114,0.8809993,1.3003676
traffic,680,15124,15316,0.867354448677479,0.1894430134888154,0.5101652,0.9079813,0.74977434,0.66837215
traffic,234,15060,16404,0.8672742146662078,0.2852280072686952,0.05706477,0.038761854,0.11329615,0.017469525
traffic,27,15508,17236,0.8672340233524342,0.1296197273515525,0.7182214,0.74144864,0.80828524,0.65138483
traffic,332,14164,16852,0.8672314402333497,-0.0613366201264535,0.25760055,0.86337495,0.84471273,0.27626276
traffic,397,14676,17364,0.8671929442734162,0.1630423041419773,0.51703644,0.669682,0.95556545,0.23115301
traffic,631,14740,15892,0.8670923202535396,0.210791381249853,0.3317101,0.5294937,0.34762,0.5135838
traffic,174,14100,15828,0.86708734370648,0.2644999368674134,0.7673253,1.0970786,1.0629367,0.8014672
traffic,50,15060,16788,0.8670798396324461,0.1542094356930423,0.5288998,0.6812961,0.653216,0.5569799
traffic,176,16340,17300,0.8670590821979794,0.2841977197536516,0.0335083,0.098551035,0.0976336,0.16267633
traffic,564,16404,17364,0.8670395882043207,0.1487885972043301,0.5620245,2.75519,1.7253654,1.5918489
traffic,456,14676,14740,0.867039527756196,-0.1509409319102858,0.43367052,1.2975247,0.8045933,0.9266019
traffic,390,16660,17428,0.8670201366650337,0.162025629320882,0.06423879,0.93265915,0.370646,0.62625194
traffic,421,15764,16724,0.867004870535837,0.1722298426875055,0.8423693,0.7478366,0.52676916,1.0634367
traffic,642,14932,17044,0.8669932368348855,0.2440406326164332,0.9116962,0.035446882,0.6591351,0.21711421
traffic,193,14292,14868,0.866982053198734,0.1396523198736687,1.0441456,1.1524997,0.8154204,1.3812249
traffic,638,14228,14996,0.8669456999445205,0.1645697144895767,1.4358063,1.4717097,0.68094206,2.226574
traffic,750,16404,17172,0.8669323052652012,0.211388459170586,0.48364186,0.034265995,0.66020775,0.21083188
traffic,379,15828,16980,0.8669313891555316,0.0752790527543177,2.2159398,1.2347066,2.4535303,0.9971161
traffic,194,16724,17300,0.8669264998693428,0.2487310701661982,0.4130721,0.3944329,0.4155848,0.3919202
traffic,666,14612,16532,0.8668760884362496,0.253494606746691,0.5778793,0.0032827854,0.5398327,0.034763813
traffic,696,14356,17044,0.8668752954295278,-0.0018910404128473,0.12036514,0.57076526,0.12521458,0.816345
traffic,287,16148,16724,0.8668558129962045,0.1422591057938821,0.9989269,0.43500185,0.5791509,0.8547778
traffic,810,14484,17172,0.866840716610948,0.2172569233899611,0.046853304,0.89471006,0.4753449,0.46621847
traffic,368,15316,16468,0.8668164921054763,0.0515296637903675,0.46996665,0.2886405,0.24743676,0.5111704
traffic,368,14420,17300,0.8668117203072908,0.2669328696190602,0.3709135,0.20704842,0.28207636,0.29588556
traffic,751,14932,16852,0.8668097517611539,0.2968280179730689,0.42974532,0.0667572,0.3999921,0.037003994
traffic,804,15252,16788,0.8667614568984292,0.2543554680162259,0.5014349,0.5464426,0.7742443,0.27363324
traffic,762,14804,16916,0.8667312043462998,0.2102045067041859,0.12800598,0.35002542,0.20461226,0.27341914
traffic,641,16340,17108,0.866721024152366,0.2043716729334238,0.3728063,0.2994914,0.19820428,0.47409344
traffic,392,16660,17236,0.8667146512089604,0.1862369283084848,0.4807427,0.6739353,0.6116872,0.5429908
traffic,807,15060,15252,0.8666529822464238,0.0479992444891332,1.1195946,1.1759329,0.78463817,1.5108893
traffic,372,15636,16980,0.8666403423894384,0.2787508898746764,0.16988921,0.48718166,0.15392971,0.16336274
traffic,465,15508,15892,0.8666373324942909,-0.0070560518130472,1.0399938,0.4335258,0.4472865,1.0262331
traffic,836,14292,16596,0.8666330652617725,-0.098997884587694,0.38601232,1.254624,0.27456415,0.59404755
traffic,327,15700,16276,0.8666129552070755,0.2536605606806483,0.15287638,0.17506433,0.10781574,0.22012496
traffic,682,14356,17236,0.8665499255076696,0.266717468130993,0.15239406,0.34926665,0.09105635,0.41060436
traffic,87,16468,16660,0.8665464784881058,0.2841283140206693,0.37568045,0.35988975,0.3150816,0.4204886
traffic,812,14484,15636,0.8665394745488842,0.2308058118113355,0.0222404,0.44693232,0.12729955,0.29739237
traffic,562,15828,16596,0.8665368241533606,0.2857777508563586,0.88785315,0.6818012,0.65013385,0.9195205
traffic,477,14036,14420,0.8665089553392974,0.2654770400058579,0.019139528,0.16655755,0.026378632,0.15931845
traffic,491,14740,14932,0.8664956695936077,0.2440962959009595,0.12496996,0.11156869,0.112737894,0.123800755
traffic,758,15508,16084,0.8664694726307106,0.2817100720467855,0.83914685,0.5048269,0.45777345,0.8862003
traffic,293,14164,14356,0.8664646719793963,0.258893837609072,0.10625982,0.25375462,0.16060877,0.19940567
traffic,177,15316,16276,0.8664639095374619,0.1131954422829296,0.670411,0.9082191,0.987522,0.5911081
traffic,345,14932,15508,0.8664558027763298,0.1950158847224383,0.39113617,0.35952592,0.48830795,0.26235414
traffic,310,14420,14996,0.8664469295351349,0.2835804831230187,0.519145,0.41661358,0.48647976,0.44927883
traffic,513,14484,16596,0.8664442083070052,0.1723807002092469,0.29655457,1.0619504,0.73990464,0.61860037
traffic,316,16660,17428,0.8664288183825509,0.1432284853052004,0.98341846,0.9949013,1.2766044,0.70171535
traffic,499,14484,16212,0.8663967107352403,0.2827692025197734,0.26289248,0.5893235,0.21285987,0.63935614
traffic,432,16020,16404,0.8663862632011052,0.1898822552161012,0.5500159,0.991938,1.0688441,0.47310984
traffic,754,14036,16340,0.8663636248243091,0.270539819315317,1.5612969,2.2496445,0.78276634,3.028175
traffic,798,14804,17108,0.8663386140809368,-0.0963916777360745,0.38799846,0.55812,0.10755849,1.053677
traffic,775,14164,15508,0.8663315861504922,0.2183132847426352,0.36097753,0.20443392,0.32012188,0.24528956
traffic,182,15828,17364,0.8663180360835739,0.2682596637665497,0.19735813,0.056200504,0.24298668,0.010571957
traffic,332,16084,17364,0.8662736470669126,0.1698754021715265,1.1902865,3.0589383,1.4553777,2.793847
traffic,751,14228,16340,0.866272525780468,0.2265252263086918,0.38972676,0.058160305,0.3454274,0.10245967
traffic,118,16852,17428,0.8662433487662823,0.2451899902000252,0.32943535,0.5839076,0.48433924,0.42900372
traffic,446,14996,16724,0.8661937986884135,0.2335440604647109,0.6147189,0.52122986,0.4222269,0.7137219
traffic,451,14484,17364,0.8661763481082313,0.2228162668089144,0.3890407,0.099654436,0.420146,0.068549156
traffic,280,15252,16980,0.8661662713056455,0.2673361455546247,0.3346007,0.015468597,0.24030423,0.07882786
traffic,754,15316,16468,0.8660664579398073,0.1847425899437041,0.38472605,0.36365366,0.2448566,0.5035231
traffic,51,14804,15380,0.866041850187547,0.2951218408676845,0.05383253,0.46301126,0.26159334,0.25525045
traffic,466,15636,16596,0.8659666894675396,0.2158494685567707,0.106952906,0.4195056,0.14229155,0.38416696
traffic,473,14996,17300,0.8659432723975841,-0.044294657632786,0.7129929,0.64731026,0.40639806,0.9539051
traffic,731,16980,17364,0.865917822042993,0.2171113643696227,0.71516156,0.752723,0.78320765,0.6846769
traffic,383,14164,16468,0.8658789182123993,0.2031842979066825,0.29886866,0.48696017,0.2648468,0.45293832
traffic,388,15764,16340,0.865871719947305,0.2741215799646367,0.5728035,0.225873,0.5073347,0.29134178
traffic,703,14804,16724,0.8658660862568491,0.1223868701877289,0.6438918,0.31635284,0.6672008,0.29304385
traffic,779,15636,16596,0.8658537456696095,0.2442421981916638,0.5005071,0.26124716,0.5783222,0.1834321
traffic,647,15124,16276,0.8658243300076093,0.2906407984868689,0.1942432,0.09897947,0.008426428,0.28479624
traffic,162,14420,16340,0.8657914056626339,0.2602005898100326,2.0227048,1.6223304,0.6066584,3.0383768
traffic,839,14996,15764,0.8657664768932469,0.2041699869583036,0.07725859,0.0506649,0.062270164,0.03567648
traffic,642,15572,17300,0.8657620470038423,0.2631697138186929,0.7552638,0.1493876,0.5370761,0.06880009
traffic,350,14804,16916,0.8657571869742865,0.1802196345097079,0.35118842,0.59414864,0.056729317,0.88860774
traffic,668,15700,17236,0.8657142303497974,0.06238302368293,0.884007,1.2059753,0.77731967,1.3126626
traffic,451,15892,17428,0.8656942074650116,0.2875741538412774,0.14229321,0.0905118,0.22531867,0.17353725
traffic,254,14804,16916,0.8656922232654745,0.2327577280346494,0.69064546,0.744944,0.35373116,1.0818583
traffic,79,14420,14804,0.8656787951166528,0.2644736113170418,0.017541885,0.098715544,0.121928215,0.23818564
traffic,524,16980,17364,0.8656664523632404,0.2355598388267675,0.37265325,0.10717821,0.44768786,0.032143593
traffic,553,16148,17108,0.8656362774129059,0.1826751548994752,1.0903003,0.6553152,0.63512695,1.1104887
traffic,226,16340,16916,0.8656305590659754,-0.1570175629955599,0.30137658,0.40084028,0.025424004,0.72764087
traffic,466,14484,16980,0.8655694638417588,0.2209455230299577,0.12656307,0.9228697,0.2510357,0.5452709
traffic,552,14996,15572,0.8654841560803788,0.1476563478550015,3.0388455,0.9601574,2.7448313,1.2541716
traffic,65,15188,15764,0.865480290350124,0.299598181585445,0.70239496,0.37343574,0.3538587,0.721972
traffic,553,14932,16276,0.8653763242678498,0.2205787887015718,0.20612073,0.44416022,0.030030489,0.208009
traffic,44,14804,15188,0.8653689230603197,0.2911654206292254,0.08117962,0.116591215,0.21825767,0.25366926
traffic,305,15252,16404,0.8653565528950409,0.171234329217899,0.21554255,0.36178815,0.38967454,0.18765616
traffic,175,15508,16852,0.865356488952783,0.1497598420785909,0.17788267,0.3532138,0.13716435,0.03816676
traffic,485,17172,17364,0.865315140490256,0.2951572579062319,0.47811747,0.9792373,0.9254954,0.5318594
traffic,242,16148,17108,0.8653077220111836,0.2508462632453103,0.46513963,0.52870274,0.3035307,0.6903117
traffic,466,14036,16724,0.8652791075634257,0.2013027954048341,1.044198,0.6754844,0.6104531,1.1092293
traffic,720,14164,17428,0.8652543023867892,0.2450662547696296,0.27815413,0.19334126,0.3517325,0.2669196
traffic,616,14484,16788,0.8652336558480375,0.2478200770284939,0.7085848,1.1588643,1.1702981,0.69715095
traffic,679,15060,17172,0.8652216536896828,0.1548373535551189,0.50027084,0.33182716,0.6704459,0.16165209
traffic,356,15956,16724,0.8651982905600075,0.2804952973581751,0.41182208,0.19763589,0.33512926,0.2743287
traffic,410,16084,17364,0.8651844148522144,0.2159999762341464,0.954319,1.9735832,1.7028062,1.225096
traffic,820,16660,16852,0.8651811808557347,0.2217451837654446,0.055422068,0.4827566,0.35504794,0.18313074
traffic,789,15508,17428,0.8650949701864077,-0.0017107305572895,0.28285122,0.15700078,0.16339064,0.60324264
traffic,715,16724,17300,0.8650370275134321,0.2687014582105645,0.4317963,0.28609776,0.3391508,0.3787433
traffic,340,14932,17044,0.8649376011276451,0.2932531635259585,0.263386,0.14855921,0.12498164,0.010154843
traffic,119,16660,17428,0.8649357119860547,0.1478799096002943,0.020341158,0.87977624,0.28547835,0.5739567
traffic,199,15828,16020,0.8649155216183976,0.2661257826264194,0.03275895,0.27071738,0.01839304,0.32186937
traffic,664,14036,16340,0.8648989796144863,0.2693108438995529,0.8128853,0.38829708,0.5219269,0.6792555
traffic,546,15828,16596,0.8648891542224473,0.2713671923087752,1.2436595,0.82952833,0.9993017,1.0738862
traffic,358,14228,14612,0.864881504411661,0.2892651848939969,0.100952625,0.08636284,0.118115425,0.06920004
traffic,769,14420,14996,0.8648771665318044,0.2996790082257413,1.1497309,0.32516766,0.39582562,1.079073
traffic,376,15828,17172,0.8648633455592633,0.1677283943528288,0.5554278,0.3554771,0.0573709,0.2573216
traffic,419,15508,16276,0.8648106757916751,0.2715663999702137,0.01556778,0.20945644,0.06863117,0.15639305
traffic,720,15316,16276,0.8647920102047489,0.181659461179025,0.61467457,0.45053506,0.26825404,0.7969556
traffic,366,14676,15828,0.8647563536908562,-0.2925417562127269,1.0252185,0.7687113,0.90062356,0.89330626
traffic,199,14036,16340,0.8647551353539995,0.2690186297952677,0.45354676,0.13545394,0.31506658,0.27393413
traffic,519,14036,16916,0.8647059769627123,0.0120019196602421,0.99224377,0.81788623,0.36767328,1.4424567
traffic,242,14740,16468,0.8646843399052607,0.2764015465161163,0.4064417,0.074098825,0.23127675,0.10106611
traffic,600,15252,16596,0.864675481654869,0.2707044054847284,0.3928182,0.18814135,0.3371117,0.24384785
traffic,726,14292,16788,0.8646600258507341,-0.1301282695267696,0.8922639,2.2374973,2.550444,0.5793173
traffic,362,14804,17108,0.8646581488843346,0.2941640086450307,0.38923788,0.40343475,0.08946872,0.7032039
traffic,217,14676,17364,0.8646564458995006,0.0806851011588329,0.5121863,0.76125646,0.75996304,0.5134797
traffic,604,16020,17364,0.864644609768778,0.2210208805270106,0.4340756,0.45514178,0.51203656,0.3771808
traffic,164,17108,17300,0.8646283686537809,0.2925175091056973,0.91299295,0.54960907,0.41397882,1.0486232
traffic,748,14932,15700,0.8646107967784109,0.246674026512385,0.293988,0.11045623,0.17166257,0.23278165
traffic,695,14740,17364,0.8645779017741007,0.0484012188137711,0.78772473,0.44820356,0.7042651,0.36474395
traffic,176,16212,17172,0.8645240379920152,0.2408053903441049,0.580163,0.09603524,0.59199667,0.10786891
traffic,747,15508,16852,0.8644961127185873,0.2238773934113585,0.52341056,0.47018933,0.44712996,0.5464699
traffic,234,15316,16468,0.8644945129414598,0.2782378074661417,0.30955982,0.6291727,0.43524647,0.50348604
traffic,215,14228,15380,0.8644643492656497,-0.0397605838336598,0.018381357,0.1045351,0.041636467,0.04451728
traffic,735,15124,16468,0.8644630859048689,0.1864782301245691,0.0040524006,0.22391653,0.05781436,0.16204977
traffic,487,14100,14676,0.8644591637206369,0.2583801907470643,0.283777,0.39338803,0.53977346,0.13739157
traffic,837,14164,17236,0.8644526520873959,-0.2485938674627869,0.6624019,0.80026305,0.43499315,1.0276718
traffic,526,15316,17428,0.8644317194367266,0.1880089470160802,0.13664603,0.054391623,0.2741201,0.19186568
traffic,722,16980,17172,0.8643673547027088,0.2335438324925441,0.60417414,2.9277024,1.9199445,1.611932
traffic,391,15700,17044,0.8643451860217017,0.2105539516284691,0.87624884,0.75077975,1.01548,0.61154854
traffic,60,16788,17364,0.8643304547687005,0.1541588904134576,0.5743495,1.3227048,1.0476872,0.84936714
traffic,389,14356,16852,0.8642741822448986,0.2266671555493791,0.45187306,0.3269937,0.5295243,0.24934244
traffic,598,14740,17236,0.8642738939861971,0.2676018146702734,0.011751413,0.20783544,0.019846559,0.19974029
traffic,377,14804,15572,0.8642689977078902,0.1129800137719842,0.33130503,0.15453386,0.34841752,0.13742137
traffic,180,16852,17236,0.8642579458565732,0.2243847782097633,0.81764734,0.55588174,0.56380486,0.8097242
traffic,836,14228,14996,0.8642442934558867,0.183242349493423,0.8198633,0.29100704,0.42564678,0.6852236
traffic,228,16084,17364,0.8642431443333006,0.1819238884134409,1.0982568,3.4595108,1.4986863,3.0590813
traffic,670,15828,17364,0.8642419537641874,0.2759660863330277,0.11407328,0.05229807,0.1228168,0.061041594
traffic,26,15892,17364,0.8642186060406941,0.2197814415134574,1.1133162,1.3924086,1.3395475,1.1661773
traffic,681,14420,16532,0.8641568603537716,0.2342001407582525,0.39289498,0.08174276,0.39712048,0.07751727
traffic,687,15060,16788,0.8641380684807991,0.0585359445989759,0.2243613,0.0024126768,0.40561664,0.17884266
traffic,57,16660,17428,0.8640960547553713,0.2967153555927607,0.3215468,0.28492308,0.310498,0.29597187
traffic,811,14420,14996,0.864089128232032,0.1562442677069094,0.62676513,0.26572466,0.43675888,0.45573092
traffic,207,15636,16596,0.8640533886944242,0.2365399582171316,0.50076437,0.8641429,0.8009074,0.5639999
traffic,536,15316,17428,0.8640210009010811,0.2095624221878426,0.28129005,0.579113,0.38539577,0.4750073
traffic,601,16020,16404,0.8639607809691635,0.247780020481913,0.3363557,0.64675534,0.54646707,0.43664396
traffic,816,14740,15508,0.8639498816684046,0.2832246241488214,0.5709033,0.21099019,0.3283224,0.45357108
traffic,239,14100,16212,0.8639467152827375,0.2758351239771658,0.2082175,0.2877897,0.3973137,0.09869349
traffic,182,15956,17108,0.8639367311621877,0.2265373245860278,0.3676809,0.4202373,0.023886204,0.8118044
traffic,438,16660,17428,0.8639229269738972,0.2892206027459125,0.040632725,0.27311754,0.1693747,0.14437556
traffic,724,15252,16596,0.8638642060814996,0.2829862157367216,0.65724576,0.15810943,0.9835669,0.1682117
traffic,664,14164,16276,0.8638577593496736,0.2730515537385768,0.4248364,0.57834935,0.37250113,0.6306846
traffic,170,14228,16916,0.8638562576583878,0.2871838404765265,0.4026332,0.4045794,0.6183598,0.18885279
traffic,574,15508,17044,0.8638535053383553,0.2278160920354584,0.38321495,0.5264313,0.5004153,0.40923095
traffic,271,14036,15764,0.8638465413255262,0.2796360164526899,0.042460322,0.047827482,0.009571075,0.014938235
traffic,771,17044,17428,0.8638446110428708,0.2895243824220468,0.3190477,0.40337253,0.39833617,0.32408404
traffic,54,15636,16788,0.8637792192667367,0.1759937327797843,0.17856908,0.73750925,0.009135008,0.54980516
traffic,213,14036,16340,0.8637482807593865,0.2328753679238023,0.76165307,0.4617846,0.6973127,0.52612495
traffic,351,15060,16212,0.8637341847607721,0.0444384649367737,0.46729088,0.25329733,0.12564254,0.08835101
traffic,457,16596,16788,0.863731885255837,0.2145505310309168,0.023501635,0.046066046,0.03175831,0.037809372
traffic,168,14164,17428,0.863712001479114,0.2179296700187491,0.26966095,0.76351094,0.37636757,0.6568043
traffic,168,15956,16340,0.8636921220288005,0.246371505289918,0.7659216,0.19845057,0.4663632,0.49800897
traffic,600,15188,17300,0.8636856824748534,0.2413109802627968,0.3866794,0.40175843,0.5359962,0.25244164
traffic,305,14100,15828,0.863681236531339,0.0100366847035131,0.45145345,0.03596425,0.75902724,0.34353805
traffic,247,16276,16852,0.8636751662031068,0.275387430812292,0.45326555,0.36613488,0.63714874,0.18225169
traffic,724,14932,16980,0.8636661746395337,0.0792252410957101,0.7759788,0.24497628,0.8597114,0.16124368
traffic,414,16084,17236,0.8636523962015846,0.298185809487686,0.048722982,0.17121601,0.008962393,0.22890139
traffic,860,15828,16020,0.8636179297792885,-0.0576171577413407,0.13047075,0.04877448,0.2541921,0.07494688
traffic,315,15764,16724,0.8636135823703415,0.1660354640700009,1.0092118,1.6884723,0.98378795,1.713896
traffic,161,15764,16340,0.8635938166127217,0.1155098957586558,0.6595743,2.1229475,1.5927012,1.1898205
traffic,100,14932,16276,0.8635516570263746,0.1896100963105525,0.07019603,0.10372174,0.014282465,0.01924324
traffic,24,16916,17300,0.8635496310873209,0.1584363989100948,0.22589803,0.16710722,0.17665339,0.21635187
traffic,148,14292,14676,0.8635455009982909,0.1976469469757042,0.15399957,0.12432313,0.48256707,0.45289063
traffic,260,16788,17364,0.863539620655984,-0.1134946824772844,0.5455481,1.597096,1.292976,0.849668
traffic,91,15636,15828,0.8635296525426078,0.1400736832578595,0.39404464,0.6123612,0.65445995,0.35194588
traffic,269,17236,17428,0.8634856283420874,0.2545780957086843,0.7914753,1.134506,0.89107037,1.0349109
traffic,801,16276,17428,0.8634697966865492,0.0308840049525435,0.9860344,0.8618281,0.533798,1.3140645
traffic,260,14164,17236,0.8634002396054664,0.2876710662365296,0.7380506,0.73675287,0.5497482,0.92505527
traffic,375,15060,17364,0.8633848545252784,0.0189264326541045,1.0809506,3.575179,1.339008,3.3171217
traffic,123,14676,16980,0.8633808203422688,0.1865705633720268,0.035973787,0.7780076,0.13530064,0.6786808
traffic,590,15956,17108,0.8633658436083295,0.2630680874846108,0.31546366,0.3195933,0.15407956,0.48097742
traffic,754,14804,14996,0.8633469962181,0.1691902855806093,0.7427447,1.2554009,0.8763716,1.121774
traffic,134,15572,16724,0.8633009746621048,0.2499316420234983,0.68232894,0.13184047,0.4103322,0.4038372
traffic,131,14676,15828,0.8632825673798402,0.065426865605352,0.5469928,0.14609861,0.45082855,0.24226284
traffic,528,14548,17364,0.8632278948538559,0.0304163530849853,1.0102386,1.400624,1.3664441,1.0444186
traffic,34,14612,16532,0.8632020505294857,0.290319322502977,0.34519744,0.017094374,0.2817855,0.046317577
traffic,383,14228,17300,0.8631836339981555,0.2812189884093612,0.012325764,0.65171266,0.1467092,0.8107476
traffic,241,16084,17364,0.8631709955215039,0.0953794393901199,1.0564952,3.1790845,1.5444434,2.6911364
traffic,457,15508,15892,0.8631618468016918,0.2565065817569789,0.34924293,0.4628544,0.29608488,0.51601243
traffic,288,14676,16404,0.8631256991674386,0.2120958229601633,0.29880214,0.96510744,0.78776777,0.4761418
traffic,798,14292,16980,0.8630746652081681,0.2320033608050643,0.25687528,0.4265988,0.0224514,0.19217491
traffic,688,16020,17364,0.8630677918926778,0.1483935332358983,0.6216111,0.7389927,0.8946526,0.4659512
traffic,636,15252,17172,0.8630614453274834,0.0086314160799527,0.43812323,0.04815507,0.44799256,0.038285732
traffic,807,15316,17236,0.8630315688406648,0.0281164359901219,1.4159629,0.91282177,1.3015897,1.027195
traffic,211,14164,14932,0.8629918280480398,0.2845667540209838,0.8271797,0.50926197,0.4270339,0.90940773
traffic,152,16980,17172,0.8629754405755954,0.129795625732264,0.6276257,0.67583966,0.6982422,0.6052232
traffic,87,16148,16916,0.8629156666644597,-0.0846285945426506,0.27508187,0.3235948,0.1360259,0.46265078
traffic,125,15124,16084,0.8628969320403248,0.2756000400865592,0.14993417,0.18954706,0.06931925,0.270162
traffic,819,15252,17364,0.8628535351721992,0.2501133544472874,0.67270446,2.8289347,1.6925547,1.8090844
traffic,727,14100,14484,0.8628385426862641,0.2285241700090934,0.21441293,0.17704916,0.14484048,0.10747671
traffic,118,15124,15892,0.8628374384817526,0.1406119330772813,0.061723232,0.23866439,0.35908818,0.05870056
traffic,824,14292,17172,0.8627340759786334,0.2737287580874232,0.6811651,0.8218496,1.2486583,0.25435638
traffic,206,15316,16276,0.8626802346850792,0.2217083690604011,0.21699262,0.17916107,0.24776387,0.20993233
traffic,230,15956,17108,0.8626720242749278,0.2795504471427233,0.018193364,0.14131689,0.06368351,0.22319376
traffic,307,15700,16276,0.8626602997758008,0.2825712469421132,0.28401518,0.22708869,0.16265512,0.34844875
traffic,84,15956,16916,0.8626511577075882,0.2640808336495983,0.34116864,0.39003474,0.058978915,0.67222446
traffic,678,14036,17108,0.8626433716614613,0.2377866832654668,0.2542479,0.7082865,0.25171065,0.7057493
traffic,449,14676,16980,0.8625974688247893,0.0034214069525332,0.41951823,0.08099294,0.22777677,0.11074853
traffic,423,15572,16340,0.8625792209479328,0.2893237210377549,2.0257144,2.3105707,0.6380393,3.698246
traffic,156,14932,16276,0.862559059451354,0.2057959082644994,0.2922393,0.2268517,0.13499117,0.38409984
traffic,396,16660,17428,0.8625384134148667,0.286623481536636,0.48014593,0.61147594,0.44946027,0.6421616
traffic,505,15188,16532,0.8625112773273294,0.2814088895777322,0.06438923,0.04414296,0.1717279,0.063195705
traffic,852,14996,17300,0.8624786812504683,0.2947819649669261,0.28272176,0.060958862,0.3549528,0.011272192
traffic,360,15572,16724,0.862469934448901,0.2841491352980324,0.58399916,0.18347979,0.4377072,0.32977176
traffic,564,14228,16916,0.8624595264576905,0.1067625196146896,0.012516499,0.6263406,0.011349678,0.60247445
traffic,76,14484,16596,0.8624589294813894,0.2832084895269776,0.20879841,1.0331863,0.7678,0.47418475
traffic,146,16148,17108,0.862408418270837,0.189007766221157,0.7611464,0.50486684,0.23382163,1.0321916
traffic,254,15124,16276,0.8623377127704399,0.1725030497380114,0.5345541,0.5101026,0.43804467,0.6066121
traffic,645,14356,16852,0.8623254466643713,0.285316442778028,0.4536978,0.18518269,0.18819106,0.080324054
traffic,237,15380,15764,0.8623147508990732,0.2258773152132279,0.2525617,0.15986252,0.1445688,0.2678554
traffic,671,14356,17044,0.8622716631352637,0.2948699316191311,0.039149523,0.28248477,0.12216711,0.12116814
traffic,268,15252,16788,0.8622606028775895,0.2690847667160604,0.43208945,0.5473106,0.52529943,0.4541006
traffic,701,16148,17108,0.8622292443835611,0.2470019100427765,0.73164654,0.76831126,0.22406006,1.2758977
traffic,2,14612,14804,0.8622197688930234,0.1346841998654779,0.0040078163,0.000279665,0.105508804,0.109236956
traffic,279,14484,16596,0.8622145321756086,0.2868222861936432,1.2119784,1.4717675,1.7757397,0.9080063
traffic,313,16916,17300,0.8621785934623303,0.2538919895067513,0.1326778,0.10496974,0.14059186,0.09705567
traffic,469,14164,15508,0.8621714081911518,0.1577177744288582,0.26694095,0.03692341,0.194435,0.035582542
traffic,16,14484,16788,0.862164021889378,0.298491099899504,0.39202523,0.4048221,0.20481491,0.21761179
traffic,373,15892,17364,0.8621537987500911,0.1927401153285292,1.1191369,1.4914751,1.4334601,1.1771519
traffic,299,14292,15444,0.8621444403852161,0.2424697766097032,0.47011638,0.68560183,0.6366732,0.519045
traffic,823,16660,17236,0.8621212776468076,0.2244499168014254,0.35973263,0.4959073,0.43981814,0.4158218
traffic,597,15764,16340,0.8620890150523186,0.2091884600767012,1.5152396,1.1638775,0.72378635,1.9553307
traffic,214,15764,16916,0.8620694466054588,0.2678938825242558,1.0545449,0.8082031,0.50586724,1.3568808
traffic,665,16788,17364,0.8620593143803478,-0.1471549549531766,0.7542277,2.6123364,1.4974592,1.8691049
traffic,116,14612,17108,0.862020098391023,0.2172258086782742,0.27189565,0.41696918,0.1418581,0.28693163
traffic,362,14932,16852,0.8620165502929302,0.2230118683508216,0.90190744,0.06022525,0.44141412,0.5207186
traffic,109,15892,17364,0.8620146535767318,-0.1079547338706244,1.1509937,1.95152,1.3838822,1.7186315
traffic,171,15316,16276,0.8619739214654984,0.231390739360255,0.8554349,0.8315716,1.0019048,0.6851016
traffic,832,14676,16980,0.8619054974337211,0.2388475720999294,0.6920929,0.19246984,0.36518264,0.13444042
traffic,396,15828,17172,0.8619013110245393,0.2149283752055789,0.38955212,0.015908957,0.2760551,0.12940598
traffic,793,14228,16340,0.8618863875913071,0.289590260230808,0.774745,0.62931395,0.72464514,0.6794138
traffic,396,15316,16468,0.8618049895550268,0.0741137773474328,0.605752,1.0062277,0.81890035,0.7930794
traffic,253,16020,16404,0.8617498673442912,0.1970936333529679,0.4218719,0.95002985,0.9298892,0.44201255
traffic,464,16468,17236,0.8617316477909858,0.1166010103740258,0.119576454,0.4830463,0.41665995,0.1859628
traffic,786,15252,16212,0.8617062599180315,0.2374905959752075,0.21229416,0.3418522,0.41677564,0.1373707
traffic,18,15252,17364,0.8617023776840342,0.2870886355304817,0.3789568,0.34900093,0.42816973,0.299788
traffic,444,14868,16212,0.8616849805239241,0.2271462521391075,0.09329915,0.14720845,0.15521955,0.08528805
traffic,319,15956,16340,0.8616587902002867,0.1137615514285112,0.92516375,1.7619429,1.0293949,1.6577117
traffic,769,14484,16980,0.8616443704612364,0.0506900938711394,0.83169246,1.6439469,1.8638964,0.611743
traffic,22,14740,16660,0.8616396421122925,0.1996212991866104,1.1984326,0.6876645,0.51983106,1.366266
traffic,602,16148,17108,0.8615197892680858,0.2020382967278829,0.3632362,0.6060113,0.096488,0.87275946
traffic,804,14932,16468,0.8615149401650507,0.1863923500262796,0.48734903,0.3786447,0.6904725,0.17552125
traffic,187,14100,14676,0.8614626556188265,-0.0517572438691787,0.48223352,0.10243845,0.38377059,0.20090139
traffic,292,16084,17364,0.8614534981897769,0.0499634327888738,1.0949067,1.9645138,1.5849484,1.474472
traffic,329,14484,16404,0.8614075244774104,0.297965078051327,0.2983985,0.64836264,0.42341328,0.52334785
traffic,114,15956,16916,0.8614034674722834,0.2880758688563555,0.2799114,0.5936588,0.14120948,0.7323607
traffic,97,14484,16596,0.8613623691805635,0.2923867090373131,0.2726059,1.2399307,1.0104872,0.50204945
traffic,62,14228,14804,0.8613349859007584,0.2385137044099063,0.6432371,0.087468624,0.30458927,0.25117922
traffic,196,17108,17300,0.8613073386091554,0.2493222715366507,0.69485223,0.3374728,0.32108748,0.71123755
traffic,95,15956,16340,0.861273705028504,0.167239211611986,1.0975904,2.1182861,1.000843,2.2150335
traffic,372,15828,17364,0.8612704282871833,0.2668355810613669,0.51742315,0.8134804,0.7918072,0.53909636
traffic,48,16660,17428,0.8612281285817001,0.1760849271451369,0.33420682,0.6544349,0.5364404,0.45220137
traffic,580,14356,17044,0.8611983868615083,0.2661810169567495,0.31519485,0.25962937,0.064487815,0.0089223385
traffic,357,14100,15828,0.8611737447478902,0.2967446210107186,0.57342076,0.10370374,0.48802686,0.18909764
traffic,193,15636,16404,0.8611583088596622,0.2803883805399725,0.034022808,0.32464957,0.19843388,0.09219289
traffic,494,16020,16212,0.8611332938069389,0.1663496758799355,2.071295,1.4113694,2.5804112,0.90225327
traffic,476,14484,17364,0.8611303517564908,0.2586446521645819,0.3235755,0.4160142,0.60481024,0.13477945
traffic,701,14484,17364,0.8611082374889444,-0.0499819174159886,0.35934973,0.23390627,0.3900664,0.26462293
traffic,296,15828,16404,0.8610726784524618,0.1779766353060966,0.6369133,0.55733466,0.5495987,0.64464927
traffic,372,15316,16276,0.8610656428603372,0.2385088780805209,0.3993063,0.42244697,0.25687885,0.5648744
traffic,799,14804,15188,0.8610326107986899,0.27050991307041,0.15617347,0.06431699,0.15254259,0.06068611
traffic,261,16788,17364,0.8609785787377299,-0.0571537081119632,0.45440578,0.79984736,0.7553756,0.49887753
traffic,299,14036,15764,0.860880411460699,0.2627706394567247,0.18705487,0.12283838,0.10279071,0.20710254
traffic,839,15892,16276,0.8608223012510879,0.1821794513488176,0.08221245,0.18270183,0.09857297,0.1663413
traffic,113,15828,16596,0.8608217381667311,0.2988701860802406,0.42196703,1.4042617,1.1423733,0.6838554
traffic,489,16020,16212,0.8608199324519114,0.1779302609746563,0.7137761,0.8066158,0.9397092,0.58068275
traffic,397,16020,16404,0.8607865043260932,0.0499162258577202,0.5291784,0.976514,0.94302225,0.5626701
traffic,153,14804,17300,0.8607717356914169,0.2783010751128021,1.1516267,1.3754187,0.6752535,1.8517919
traffic,111,14548,17044,0.8607508322478822,-0.121656568045092,0.117319584,0.7149501,0.28469324,0.31293726
traffic,66,16148,17108,0.8607163979910261,0.1878431337656114,0.8501216,0.5315193,0.28812253,1.0935184
traffic,305,16660,17428,0.8606960469506004,0.1104471100032726,0.5394583,0.36237335,0.5335183,0.3683133
traffic,273,14612,16724,0.860677732764679,0.2955647487452745,1.5362512,1.3094394,0.6530806,2.19261
traffic,481,15316,16468,0.8606740548602158,0.2069458440540502,0.7886021,1.0189372,1.1563513,0.651188
traffic,553,14676,16980,0.8606516166069506,0.074663571781063,1.997977,1.1729363,2.0691857,1.1017276
traffic,298,16788,16980,0.8606261335176514,0.1043325766738902,0.13149714,0.06338978,0.0884912,0.10639572
traffic,298,15060,16212,0.8605800230572646,0.2891440905829733,0.18371964,0.005363941,0.09678507,0.09229851
traffic,206,14868,15060,0.8605548172089836,0.1954893933853153,0.45247436,0.11956453,0.4216925,0.08878267
traffic,500,15700,16276,0.860553026089235,0.2910865277505313,0.9317529,0.5469718,0.81480384,0.6639209
traffic,855,14164,16852,0.860552118773629,0.2699924281141489,0.23474312,0.022839785,0.32184005,0.109936714
traffic,569,14612,14996,0.8605214648378161,0.1042275680074476,2.03027,1.8171759,0.56574225,3.2817035
traffic,591,16020,17364,0.8605129309436477,0.2045220507027759,0.5892124,1.065861,0.91760516,0.73746824
traffic,766,15572,16660,0.8604597557403743,-0.0359416154482355,1.9541532,1.6516728,0.7068764,2.8989496
traffic,257,14484,15636,0.8604498891417586,0.2969744677812567,0.14896297,0.6698909,0.33674955,0.4821043
traffic,642,16084,16852,0.8604398975456615,0.2976805795040566,1.6759706,2.166174,0.88516706,2.9569774
traffic,688,14676,15636,0.8604219921554986,0.2204419044600613,0.85533,1.3966656,1.5432844,0.70871115
traffic,755,15316,16468,0.8603496220914362,0.2409374137740209,0.029822588,0.32031155,0.14000034,0.21013379
traffic,778,16212,17364,0.8603431603494186,0.1704993431784964,0.6489856,0.4359312,0.8012581,0.28365874
traffic,502,15060,17428,0.860331545665377,0.2361378511593485,0.82164884,0.82858634,0.77773595,0.8724992
traffic,283,14612,14996,0.8603287238324515,0.1772264574802978,0.6405735,0.09781766,0.37584805,0.3625431
traffic,251,14036,16916,0.8603192200274404,-0.1264920738192528,0.58779407,0.7304818,0.037911773,1.3561876
traffic,750,14292,16212,0.8603044852521872,0.1763722405593122,0.20312619,0.34711862,0.14709353,0.29108596
traffic,782,14804,16916,0.86028263541578,0.2363892926899598,0.5772736,0.47817683,0.22521758,0.83023286
traffic,841,15188,16340,0.8602630410806832,0.281993049375562,0.09094381,0.016333342,0.124859095,0.050248623
traffic,762,15124,15508,0.8602571481196459,0.1210321057263753,0.19359231,0.17816281,0.12676501,0.111335516
traffic,366,15316,16468,0.8602570251889823,0.1321338416398682,0.14859223,0.5064397,0.3463056,0.3087263
traffic,773,15828,17172,0.8602547840357093,0.2611510813867365,0.52562,0.0969553,0.5430341,0.07954121
traffic,25,14676,17364,0.8601986229092713,0.1709273108188181,0.6573398,0.3541739,0.6153462,0.39616752
traffic,85,16276,17236,0.8601964312568321,0.1484089147396096,0.3129437,0.2366134,0.4898206,0.05973649
traffic,703,14292,16404,0.8601840862309018,0.2906272505698621,0.1769557,0.621853,0.3792795,0.4195292
traffic,56,15252,17364,0.8600412812476088,-0.0080496456643219,0.2869196,0.49448156,0.76641417,0.014986992
traffic,353,15508,16852,0.8599726842287583,-0.0886830505068834,0.62613034,1.8963143,1.8470274,0.67541724
traffic,740,15124,15316,0.8599702769549877,0.1729587573125225,0.21190262,0.1633203,0.21241713,0.1628058
traffic,44,14292,17364,0.8599427619308417,0.0982881015294149,0.29851532,0.1806438,0.41497684,0.06418228
traffic,235,16020,17364,0.8599348570985067,0.0983951752293022,0.27601147,0.0024199486,0.25116634,0.027265072
traffic,550,16660,17428,0.8599276075132702,0.272428824298824,0.088828325,0.39847565,0.27014446,0.21715951
traffic,443,14036,16660,0.8598535597397177,0.2727286596952686,1.2673703,1.3197203,1.0087239,1.5783668
traffic,380,16148,17108,0.8598380168012156,0.1703707673580229,0.25995326,0.9182806,0.72622204,0.45201182
traffic,764,14868,16020,0.85978946392137,0.2382472611560643,0.19775248,0.28518486,0.3351767,0.14776063
traffic,649,16276,16660,0.8597585262842777,0.2099737694438384,0.4547925,0.37398648,0.46830654,0.36047244
traffic,529,15636,16980,0.859749414527643,0.0631675747079209,0.32007742,0.07185888,0.2024033,0.04581523
traffic,275,15956,17108,0.859695449992232,0.2960626022555334,0.054658294,0.30741185,0.23468584,0.596756
traffic,551,15700,16468,0.8596912148385688,0.1687623211500076,1.1188476,0.46460629,0.8329149,0.75053906
traffic,549,14420,16340,0.8596787028063838,0.220826234878696,1.6684246,1.8808494,0.6526356,2.8966384
traffic,337,14484,16212,0.8596681583431264,0.2507920398811165,0.29626465,0.60404885,0.24069118,0.6596223
traffic,693,15060,16212,0.8596315869364534,0.2691718725709434,0.49446654,1.420022,0.97048545,0.9440031
traffic,856,14676,16980,0.8595656308813633,0.1499646310318094,0.48630023,0.6120515,0.14923477,0.27498603
traffic,214,15444,16404,0.8595652092037196,0.2041437779467044,0.2578647,0.18420029,0.3202319,0.121833086
traffic,286,14484,17172,0.8595220102620089,0.0847952204294824,0.40320945,0.59821606,0.04018259,0.15482402
traffic,505,16340,16916,0.8595002582503741,0.1653363499853694,0.6810448,1.1017175,0.85163,0.9311323
traffic,684,14804,17108,0.8594833683295443,0.2835077518875096,0.5513288,0.3599341,0.1912272,0.7200357
traffic,718,14036,14996,0.8594824310952187,0.2575919671172952,0.32522464,0.050239325,0.17745304,0.09753227
traffic,167,14036,17108,0.8594567132022952,0.1088091343539215,0.07622242,0.364007,0.03134179,0.31912637
traffic,691,16660,16852,0.8594459822511772,0.1433948091770308,0.08808446,0.23601937,0.07135606,0.076578856
traffic,834,15124,17236,0.8594035638006515,0.2574451417715954,0.31024992,0.36168098,0.42984045,0.4812715
traffic,17,16660,17428,0.8593901860346516,0.2471748307494306,0.07652426,0.051855087,0.15224051,0.12757134
traffic,269,15444,16404,0.8593495736806823,0.0765267882458337,0.12971091,0.15246248,0.19606829,0.08610511
traffic,296,15508,15892,0.8593069185756932,0.2938016668481304,0.57990956,0.32924116,0.21309114,0.6960596
traffic,150,16148,17108,0.8592958572599303,0.2897708029950631,0.21903706,0.8272741,0.54029894,0.5060122
traffic,381,14292,16404,0.8592595780131621,0.2981737632574657,0.07160616,0.45785964,0.27467,0.2547958
traffic,407,14996,15380,0.8591682593494809,0.2139193493858077,0.05956316,0.10095453,0.120949745,0.07955837
traffic,567,15508,16852,0.8591396206311668,0.0088453313927042,0.17202568,0.09531093,0.24466395,0.1679492
traffic,402,14164,14740,0.859122564182997,0.2888757479170563,0.021937132,0.07316232,0.1070807,0.15830588
traffic,631,14868,16404,0.8591069458350122,0.2507963497930522,0.31226826,0.23037887,0.28986025,0.25278687
traffic,467,15828,16980,0.8590795269342366,0.2401029318875248,0.7204292,0.8706536,0.8545592,0.7365236
traffic,824,14228,14996,0.8590758334146917,0.2995381143069924,1.2264684,0.35301018,0.43573892,1.1437397
traffic,9,16660,17236,0.8590591663044537,0.2914439506012853,2.4292858,1.6074758,3.1473496,0.8894119
traffic,547,14996,15380,0.8590539640380082,0.2444976377148651,1.3269166,0.7857604,1.0976484,1.0150286
traffic,3,14484,14676,0.8590192092191926,0.229763806812604,0.21596885,0.05223608,0.31749177,0.153759
traffic,699,15316,15508,0.8590168154449326,0.257755706180848,0.25134635,0.14553094,0.050877333,0.054938078
traffic,589,15060,16212,0.8589387019371588,0.2210428360294196,0.29861438,0.44282544,0.47740114,0.26403868
traffic,34,15892,16276,0.8589346119799358,0.2736620453210919,0.13449979,0.059551716,0.16399598,0.030055523
traffic,592,14484,15828,0.8589029082635032,0.2969215484651073,0.0059010983,0.08060455,0.046774387,0.027929068
traffic,430,16084,16660,0.8588577512933195,0.2473100621985498,1.45417,1.5140326,0.6854335,2.2827692
traffic,505,14996,16724,0.8588507898997626,0.1967979657699156,0.5038605,0.5943968,0.66288304,0.43537426
traffic,33,14612,17300,0.8588362318161457,0.2524052293384425,0.23458338,0.064190865,0.14525723,0.025135279
traffic,107,15124,15316,0.8588348276077095,0.222056735849332,0.23362684,0.0018947124,0.19546914,0.03626299
traffic,206,15956,17108,0.8587989605787172,0.2790378652077569,0.114002466,0.29942298,0.038072348,0.3753531
traffic,742,14228,15380,0.8587986359383046,0.2956404227631691,0.055805087,0.080044866,0.30183196,0.27759218
traffic,329,16468,16660,0.8587835827216215,0.1318095656550787,0.2951641,0.32937837,0.40546393,0.21907854
traffic,620,16532,17300,0.8587059571003725,0.206165334541392,0.15141153,0.25929952,0.27960467,0.38749266
traffic,8,15444,16020,0.8586985951465361,0.1436995917563439,0.42452812,0.49288797,0.56297183,0.35444427
traffic,36,14164,16276,0.8586881312164422,0.2134270542918104,0.13158727,0.17898583,0.023575306,0.2869978
traffic,538,15892,17364,0.8586878393418247,0.140832154116782,0.9433565,2.8902164,1.7015195,2.1320534
traffic,745,14932,17364,0.8586559646723961,0.0091478153192606,0.53202343,0.22839141,0.7667866,0.46315455
traffic,753,14356,17236,0.8586192708802244,0.2807228713047016,0.19569898,0.65027213,0.056604147,0.5111773
traffic,29,15444,16596,0.8585886809155756,0.2470828435825942,0.40406948,0.0010636449,0.49040866,0.08527553
traffic,474,14484,16596,0.8585630351288052,0.2769096405027364,0.36795068,0.68622994,0.28244352,0.7717371
traffic,289,14164,16276,0.858544034845871,0.2396629350335237,0.62179255,0.57557607,0.42779636,0.76957226
traffic,349,14676,16980,0.8585391860964552,0.1492051375404085,0.4951856,0.7580273,0.0434258,0.3062675
traffic,733,14740,15316,0.8584720498275218,0.2823123115745921,0.49381304,0.18442845,0.44743347,0.23080802
traffic,729,15828,17172,0.8584329798273759,0.2987894287722764,0.0025875568,0.31537867,0.17757392,0.13521719
traffic,196,15636,16788,0.8583767600814161,0.1265156297684595,0.6154964,0.53084743,0.35038745,0.7959564
traffic,837,14676,16980,0.858346901575238,0.0118100051833886,0.056293964,0.8061489,0.1608367,0.5890182
traffic,82,14996,17108,0.8582849915080139,0.2933586151354361,0.98551214,0.65773183,0.476161,1.167083
traffic,489,16788,17364,0.8582821187869207,-0.0897903903973585,0.57211053,1.607485,1.2371899,0.9424057
traffic,33,15380,16532,0.8582246065347344,0.2000384640871092,0.64329696,0.058237553,0.30887747,0.27618194
traffic,289,15508,15892,0.8582003774685985,0.2900868105287585,0.3278253,0.46617436,0.3422079,0.45179176
traffic,606,14548,17364,0.8581869242029403,0.2726706035613045,1.0921869,0.72701097,1.0417423,0.77745557
traffic,83,16980,17364,0.8581769821263084,0.2980035240642034,0.046790123,0.011218548,0.21015859,0.17458701
traffic,740,14612,16916,0.8581431591758597,0.2253539108447127,0.34308624,0.4856069,0.10333347,0.7253597
traffic,771,15956,16916,0.8581409514317528,-0.2209762674119129,0.091867924,0.17444062,0.00010609627,0.082678795
traffic,621,15316,16276,0.8581387287428793,0.0438298290264557,0.3866061,0.75732446,0.61991644,0.5240141
traffic,498,16660,17428,0.8581094184184128,0.2796708824156531,0.21369863,0.41499782,0.34374595,0.2849505
traffic,607,15252,15828,0.8580989509852675,0.2769527814668964,0.7192292,0.35061812,0.7603774,0.30946994
traffic,124,16980,17172,0.8580807237351431,-0.092972034276612,0.32219338,0.5110681,0.5466678,0.28659368
traffic,621,14548,15508,0.858040791115135,0.2469557729440011,0.3999133,0.1890744,0.31338716,0.27560055
traffic,131,14036,15764,0.8580228404785618,0.1812947658449388,1.5612617,0.808964,1.4970117,0.873214
traffic,534,15828,16596,0.8580144929995286,0.2941069010283259,1.334327,1.1679597,1.5342128,0.96807384
traffic,651,14932,16468,0.8579965091818406,0.2470172408044793,0.14938176,0.13793504,0.03040886,0.018962145
traffic,146,16660,17428,0.8579611157809786,0.291078090879035,0.22729588,0.31880808,0.26027656,0.2858274
traffic,172,16596,17172,0.8579063769529891,0.2807084288878086,0.51832354,1.5184705,1.3155886,0.7212055
traffic,110,16660,16852,0.857899060509363,0.2644189397066275,0.06244421,0.47694778,0.3425579,0.07194567
traffic,333,14484,17172,0.8578815662007601,-0.1101050106614172,0.09499097,0.17274165,0.015464783,0.0622859
traffic,453,14164,14548,0.8578666588938262,0.2823940841958579,0.15155935,0.43812966,0.21348119,0.37620783
traffic,76,15252,15636,0.857813588313552,0.2411057056371073,0.28688943,0.40560448,0.43023014,0.26226377
traffic,444,15316,16468,0.8578127975450689,0.2345929958767556,0.42958403,0.40426898,0.28240848,0.55144453
traffic,315,14228,16916,0.8577981759201153,0.2301989989648919,1.504898,0.8123514,1.004653,1.3125963
traffic,198,14932,17236,0.8577805151661684,0.2535835243525094,0.26571655,0.28777862,0.0039219856,0.025984049
traffic,580,15124,16468,0.857763221160154,0.280885667894669,0.24251735,0.01210773,0.23609841,0.018526673
traffic,163,15636,16788,0.8577326360273825,0.1058819136327917,0.21755242,0.19964743,0.7068844,0.28968453
traffic,79,17172,17364,0.8577000567372541,0.2240677398756018,0.4128332,0.41102886,0.4062028,0.41765928
traffic,579,14676,15828,0.8576901624523594,-0.173760771581624,1.0062823,0.98198485,0.58361584,1.4046513
traffic,732,14420,16532,0.8576892746769883,0.1882052748969261,0.74023354,0.2548797,0.6193975,0.37571573
traffic,379,15316,16468,0.8576609217022547,0.2064861206168175,0.18952036,0.9143963,0.7142323,0.38968432
traffic,517,14228,16916,0.8576548962009494,0.0171117122152217,0.37409115,0.5269865,0.17322731,0.7278503
traffic,844,14100,16980,0.8576369684974869,0.2529137726769579,0.3430152,0.0068547726,0.24625778,0.08990264
traffic,322,14292,14676,0.857615897627905,0.2545319124484853,0.82730544,1.8621233,1.3060848,1.3833439
traffic,844,14676,15444,0.857526817153273,0.2611307109287942,0.2643659,0.25649,0.030839443,0.022963524
traffic,162,15124,16276,0.8574843129960087,0.2849337026892088,0.053338885,0.3333398,0.14986289,0.23681581
traffic,767,14484,15636,0.8574666287506124,0.2481759760962992,0.0033693314,0.3761344,0.12088847,0.25861526
traffic,763,15572,16660,0.8574650275089466,0.0109600919983473,1.5023639,2.7795417,0.87529415,3.4066114
traffic,554,15380,16340,0.8574420439742769,0.2094888017366223,1.7046096,1.1381075,0.6643024,2.1784148
traffic,14,16020,17364,0.8574276369902435,0.1500815677919427,0.3519554,0.30982208,0.47760367,0.18417382
traffic,475,15572,16660,0.8573910078955075,-0.0744957479794822,0.5544374,0.1811707,0.6964197,0.039188385
traffic,773,14996,16340,0.8573894353488482,-0.0297868394106188,0.001666069,0.019226551,0.33542466,0.31786418
traffic,473,15188,15380,0.8573714236341015,0.2748691233280855,0.40696216,0.40217614,0.3812976,0.4278407
traffic,284,14676,15828,0.8573503441805782,0.1777375570178133,0.2937019,0.011353016,0.184479,0.120575905
traffic,31,14292,16404,0.8573457040007441,0.2287603459756748,0.32798266,0.63462186,0.29242587,0.67017865
traffic,549,14036,14996,0.8573432043636754,0.2909954921495489,1.6149583,1.0774417,0.58386207,2.108538
traffic,168,14612,15764,0.8573321570763522,0.2516708010266585,0.21698499,0.44436455,0.39185286,0.26949668
traffic,532,14548,14932,0.8572251750627611,0.2161281874870151,0.14778042,0.17936873,0.13877988,0.18836927
traffic,353,16660,17428,0.8572170818824356,0.2478328815366894,0.27837706,0.6471715,0.36110067,0.5644479
traffic,515,15316,15892,0.857209978541417,0.263986148059639,0.033322334,0.2276454,0.10343599,0.36440372
traffic,114,15636,16980,0.8571861723813742,0.2866923814690503,0.26868367,1.1941116,1.0656724,0.39712286
traffic,145,15380,16532,0.8571859700952174,0.2914089340391291,0.29846883,0.3887198,0.090485096,0.5967035
traffic,516,15636,16212,0.8571424908110531,0.2155263595696619,0.2627821,0.51226187,0.35697842,0.41806555
traffic,278,15764,16340,0.8571382233132027,0.2192244536678402,1.1778984,2.0929606,0.95485497,2.316004
traffic,353,14932,16276,0.8570868900396982,0.229504981384157,0.054130286,0.002126336,0.052530825,0.003725797
traffic,200,14036,16340,0.8570018944911146,0.241803298282901,0.9096484,1.1100087,0.82585526,1.1938019
traffic,315,14292,16788,0.8569925965132308,0.0336167277753131,0.13739777,0.09434271,0.59552836,0.82726884
traffic,36,16020,16788,0.8569802875647994,0.2773156205607852,0.5935588,0.9845407,1.0134127,0.5646868
traffic,84,16084,17364,0.8569432834953363,-0.0079435469416552,1.0840392,2.5442035,1.5828846,2.0453582
traffic,619,15636,16596,0.8569218557875263,0.1999180946728278,0.1677581,1.0104218,0.46876943,0.37389416
traffic,251,14164,16852,0.8569165902176206,0.2325180363281208,0.09753084,0.8945353,0.3757038,0.42130065
traffic,609,14484,16980,0.8568924213755681,0.2028078560689707,0.32338953,1.1153153,0.7419944,0.69671047
traffic,814,14484,16980,0.8568679581837723,0.2683381352827445,0.8899362,0.79076743,0.9841366,0.69656706
traffic,824,15764,17300,0.856859539760549,0.2902889589964618,0.7746997,0.30902886,0.47559428,0.009923458
traffic,191,15956,16724,0.8568201229002204,0.125900467616691,0.9187565,1.2156076,0.8140094,1.3203547
traffic,539,14228,17108,0.8567613674087242,0.1556641872723674,0.0497967,0.7091804,0.10383749,0.7632212
traffic,325,16020,16404,0.8567262102698393,0.1751129786538952,0.37374115,0.641979,0.65406156,0.36165857
traffic,5,14804,14996,0.8566904377605402,0.184334451491524,0.8793998,1.7913964,1.0265462,1.6442499
traffic,512,15828,17172,0.8566636446135957,-0.0586657496580691,0.75841594,1.7385416,1.471669,1.0252886
traffic,408,14740,16468,0.8566618406107542,0.2973182678228726,0.48043132,0.5867274,0.5732126,0.49394608
traffic,302,16020,16980,0.8566121909285973,0.2725270880307616,0.20330238,0.12890625,0.105323315,0.030927181
traffic,804,16340,17300,0.8566042312977603,0.2359515330384585,0.001591444,0.31576204,0.027462244,0.34163284
traffic,725,16148,16724,0.8565971836014872,0.2676758110666562,0.31239438,0.106077194,0.32170677,0.0967648
traffic,514,14292,16788,0.8565763290958539,-0.0236525025157896,0.35134578,1.0173916,0.8165393,0.55219805
traffic,437,14292,15444,0.8565256131798695,-0.0147738392630182,0.6678617,1.0182049,0.78103137,0.90503526
traffic,172,15316,16276,0.856515082901321,0.1726878922369544,0.0681901,0.22539663,0.0059096813,0.28767705
traffic,297,14612,14804,0.8564943613179644,0.2844163747012035,0.36918974,0.12642443,0.25380576,0.24180841
traffic,757,16980,17364,0.8564579289394808,0.1435002737477952,0.5750823,0.6580558,0.78674054,0.44639754
traffic,626,15636,15828,0.8563466957153905,0.2024807180937534,0.25182652,0.13547063,0.37833214,0.008965015
traffic,753,15764,16340,0.8563432981282505,0.1817392320990657,0.62572455,0.120651245,0.26593947,0.23913383
traffic,436,16084,17364,0.8563374602169432,-0.0633396058139154,1.1022593,2.8994415,1.5472738,2.454427
traffic,460,15252,16212,0.8562833087132449,0.2277613510439567,0.2807113,0.50054514,0.5165838,0.26467264
traffic,841,14740,16276,0.8562738853143793,0.2989134604607943,0.022794008,0.014688253,0.08557272,0.048090458
traffic,718,15828,16020,0.8562238736786213,0.2249154360078066,0.05194044,0.25060225,0.0918684,0.21067429
traffic,556,16980,17364,0.8562154463679195,0.1231949874514456,0.3757887,0.6091833,0.70458245,0.28038955
traffic,571,15380,15764,0.8562046708926734,0.0916691798553501,0.18087935,0.22292519,0.19404769,0.20975685
traffic,45,14100,15444,0.8561608625690682,0.2439358836566797,0.035021544,0.42061806,0.06088066,0.32471585
traffic,206,14484,15444,0.8561498753945324,0.2673201440196416,0.02389884,0.5292084,0.1342187,0.41888857
traffic,233,16148,16340,0.8561475222489975,0.2898470323751465,0.5137222,0.04373741,0.24929333,0.22069144
traffic,783,14100,16404,0.856055951164857,0.0445829436340925,0.036237,0.6531769,0.14348447,0.54592943
traffic,678,16660,17236,0.8560037780161224,0.267662927952604,0.7228887,0.8991927,1.0597754,0.56230605
traffic,14,14420,14996,0.8559721122546605,0.0577000130700949,0.47340298,0.3010962,0.4017341,0.37276506
traffic,847,14612,14996,0.8559274473096697,0.0911283227606733,1.0684823,0.959677,0.7756051,1.2525542
traffic,359,14804,16916,0.8559101293915935,0.1827206446676845,0.32427,0.69104826,0.14759278,0.8677255
traffic,28,15252,16212,0.8559092784571929,0.2516997164976436,0.23630667,0.35286653,0.58002174,0.009151459
traffic,750,16020,17364,0.8558825360452728,0.1124435243893529,0.3134327,0.022013187,0.31373549,0.021710396
traffic,813,14484,16596,0.8558682753211057,-0.0931561679142621,0.45351887,1.482058,1.3604286,0.57514834
traffic,53,15764,16148,0.8558462321504211,0.2430972126480396,0.1096158,0.094536304,0.022966862,0.007887363
traffic,162,14612,16916,0.8558317704875646,0.245105645426232,0.23368931,0.4775715,0.026667833,0.27055
traffic,799,16212,16596,0.8557892888569927,0.084181779418334,0.010381937,0.12761807,0.045226097,0.16246223
traffic,230,14996,16148,0.8557716553471293,0.1354165955954944,0.22174501,0.23588061,0.041538715,0.4160869
traffic,499,16980,17364,0.8557648377273039,0.2061111583066317,0.43272042,0.7198589,0.84460616,0.30797315
traffic,719,16276,16660,0.8557176851828895,0.2762775627842861,0.24788952,0.053314924,0.3201146,0.01891017
traffic,374,16084,17236,0.855717535292257,0.2997985720506733,0.16821635,0.26672995,0.035338998,0.1338526
traffic,112,14932,17236,0.8556700020551049,0.094455076267324,0.13388991,0.1569078,0.008379936,0.03139782
traffic,294,14228,16916,0.8556404718038216,0.108690674647022,0.19094706,0.3493556,1.0344064,1.192815
traffic,721,16084,16660,0.8556075883714729,0.2991603948800344,0.27334,0.069752455,0.21967983,0.0160923
traffic,639,16084,17364,0.85554697346404,0.0035541648139988,0.99018526,1.6770813,1.5812702,1.0859964
traffic,2,14548,14932,0.8555392281933276,0.2121340025327241,0.2533288,0.21033001,0.20096922,0.2626896
traffic,321,16660,17236,0.8555203765944599,0.2050357561989053,0.1824944,0.28565145,0.018065453,0.08509159
traffic,310,16276,17428,0.8555127634192221,0.1142598257101854,0.7168677,1.1085314,0.8552407,0.97015834
traffic,614,14676,15444,0.8554920912400203,0.2958287430414171,0.13144088,0.37301517,0.2522354,0.25222063
traffic,229,14164,16852,0.8554591833758919,-0.1295593322141241,0.21118331,0.5312629,0.1004765,0.21960306
traffic,138,14996,15572,0.8554063456630886,0.1779527093455707,0.10137296,0.5032358,0.119681835,0.28218102
traffic,719,14548,15316,0.8553998122223346,0.2721904649992219,0.38101697,0.04973054,0.27466536,0.15608215
traffic,337,14804,14996,0.8553943261557071,0.2668672681172461,0.4353249,0.07635069,0.29346585,0.21820974
traffic,824,16084,17236,0.8553935863976421,0.2898080925535033,0.5720191,0.58649814,0.36976492,0.38424397
traffic,585,14676,16980,0.8553872353920123,0.251251016429085,0.5228994,0.69924426,0.017026901,0.15931797
traffic,661,14996,16724,0.8553847616157735,0.1887115004804442,0.41127515,0.339633,0.055740118,0.80664825
traffic,601,14996,15380,0.8553160548065526,0.2714679601276703,0.70198035,0.42898154,0.2077508,0.9232111
traffic,58,14036,16916,0.8552869094811953,0.2782064059289921,0.13996553,0.45707965,0.14646196,0.74350715
traffic,739,16596,17172,0.8552478327492956,0.196038669181442,0.44059086,0.4459958,0.69860315,0.18798351
traffic,7,16020,16404,0.8552464795646054,0.229845801503063,0.62837696,1.0126373,1.1196611,0.5213531
traffic,650,16660,16724,0.8552168493143925,-0.2162648197692759,0.20630193,1.7154716,1.287339,0.6344346
traffic,120,15508,16276,0.8552152405727766,0.1399016100417331,0.80544424,0.46453393,0.3509009,0.9190773
traffic,680,15956,17300,0.855178993528429,0.2994713059950074,0.5890821,0.17466867,0.45686293,0.30688787
traffic,28,14228,16916,0.8551686681950772,0.1722123082419081,0.44930565,0.66859293,0.2644775,0.8534211
traffic,818,14804,17108,0.8551516845559216,0.2472049352043681,0.8394513,0.72662663,0.5047612,1.0613167
traffic,154,14996,17300,0.8551429234615773,0.1328009789233359,1.5440531,0.9048581,1.1412215,1.3076897
traffic,278,14164,17236,0.8551394261194863,0.1516608158640742,0.7494688,0.7336004,0.47966313,1.003406
traffic,283,16340,16724,0.8551019227397487,0.2410386562931396,0.30500078,0.26546407,0.3566587,0.21380615
traffic,278,16916,17300,0.8550545157860977,0.2822917848782506,0.083639264,0.020415664,0.031551957,0.07250297
traffic,621,14676,16404,0.8550397252126075,0.2215126267253826,0.38758564,0.7403234,0.4610467,0.66686237
traffic,451,14164,17236,0.8550259141108498,0.2481638951714082,0.09562731,0.49671113,0.19009233,0.40224612
traffic,682,15124,16276,0.8550209775007767,0.1577634298596235,0.09344363,0.20401978,0.095333576,0.20212984
traffic,298,15700,16852,0.8549497144693043,0.1594967984239035,0.013521671,0.27944994,0.026311874,0.2396164
traffic,231,16788,17364,0.8549371079753189,0.1944021897836137,0.6132004,1.8093827,1.2630081,1.159575
traffic,726,15188,16916,0.8549333782691013,-0.071645269383165,0.8505846,1.32422,1.6458374,0.52896714
traffic,83,15636,16596,0.8549274236524675,0.2860159701018231,0.002431631,0.10572982,0.039737463,0.14303565
traffic,371,15828,16980,0.8548999719053917,0.0900099499753737,0.36639833,0.12661624,0.2003994,0.039382696
traffic,654,14996,17108,0.8548590853876805,0.2612682298387284,1.5322071,0.9582987,1.174243,1.3162628
traffic,503,16340,16916,0.8548463982442271,0.0347340990718294,2.6191053,0.85011333,1.7726821,1.6965365
traffic,226,14484,16980,0.8548230482008631,0.082612310690122,0.81881213,0.70729566,0.23326373,0.121747255
traffic,86,14356,14740,0.8548069635201334,0.2647961519794592,0.3720188,0.13836515,0.04841721,0.46196675
traffic,452,15508,15892,0.8547864488160039,0.2906760925854489,0.6965382,0.373608,0.28399253,0.7861537
traffic,666,16020,17364,0.8547844329756191,0.2694869641433332,0.4870329,0.33817816,0.6564996,0.16871142
traffic,712,14804,17108,0.8547344441762116,0.24610435565156,0.95826745,0.61609167,0.6201997,0.95415944
traffic,626,14996,16532,0.85472539349998,0.2817373506044409,0.22743464,0.1857531,0.21777773,0.1760962
traffic,469,15316,16276,0.8547210029992185,0.0805642848800161,0.24034524,0.5843915,0.1692338,0.6555029
traffic,8,16148,16916,0.8547093850156096,-0.0423374729648802,0.4996152,0.4153582,0.16605067,0.7489227
traffic,426,14612,16148,0.8547071872132204,0.2120015626882481,0.27799034,0.0027170181,0.098499775,0.18220758
traffic,81,14100,16212,0.8547025458762586,0.2575358779213222,0.250641,0.4786029,0.56766355,0.16158032
traffic,479,15828,16596,0.8546938110545433,0.2294195351756043,0.6310811,1.006759,1.070873,0.5669671
traffic,769,15316,16468,0.8546588071190054,0.2856381025339654,0.46507025,0.441432,0.27861786,0.6278844
traffic,512,15444,16404,0.8546525188047644,0.2520228148590704,0.13600802,0.1430986,0.015546441,0.008455873
traffic,687,17236,17428,0.8546092949990108,0.2698571798934042,0.044792652,0.0019820929,0.031311154,0.07412171
traffic,395,14996,15956,0.8546085368823904,0.1750608293253338,2.3661108,1.0075738,2.2662246,1.10746
traffic,340,16468,16852,0.854565857716668,0.268960965140733,0.48682356,0.0020110607,0.33844686,0.15038776
traffic,620,15508,17044,0.8545621335755749,0.1977556751205021,0.019642115,0.6973293,0.35414457,0.36282682
traffic,172,14292,16404,0.8545457576932604,0.2827698309618801,0.41977882,0.07240653,0.41931736,0.07286799
traffic,394,16404,17364,0.8545394761789442,0.2799478779683043,0.5905216,2.3234198,1.5696883,1.3442531
traffic,646,14740,16660,0.8545283102852307,0.2559394201542685,0.41668916,0.27382183,0.47645044,0.21406054
traffic,588,15892,16468,0.854526240421089,0.2199202311132136,0.509429,0.1939187,0.28323162,0.42011607
traffic,622,14100,16404,0.8544222108316346,0.018335227513231,0.06281471,0.776265,0.26377976,0.5753
traffic,337,16980,17364,0.8543626226445585,0.1756517025869012,0.43369186,0.8953686,0.95568764,0.3733728
traffic,754,16276,16660,0.8542593917051323,0.2065428939049894,1.321228,2.5223696,0.92476153,2.918836
traffic,728,15188,15764,0.8542457418911854,0.2912630627357783,0.58010435,0.5010447,0.34849584,0.7326532
traffic,614,16596,16788,0.8542245908579856,-0.0309253868028747,0.06585932,0.22582006,0.19850993,0.09316945
traffic,503,16276,16660,0.8542160203351771,0.2058299731112488,0.28383517,0.012881756,0.18578076,0.08517265
traffic,579,14612,15188,0.8542104251775615,0.167742239524665,0.46874356,0.27983856,0.39814258,0.35043955
traffic,156,16084,17044,0.8542087247956535,0.1633187826961871,0.92887807,0.3953557,0.31421566,0.2193067
traffic,620,14484,16020,0.8541748530515898,-0.0156593746388605,0.16707683,0.17532492,0.21937847,0.12302327
traffic,726,14612,15956,0.85413839395849,0.2555279551921027,1.1959271,0.5424521,0.64743114,1.0909481
traffic,483,14804,16916,0.8541290797189457,0.2219425092007855,0.67597175,0.48727095,0.19103146,0.97221124
traffic,658,15700,17236,0.8541216432811928,0.2251336759152429,0.50906026,0.546715,0.8036753,0.2521
traffic,512,15508,16084,0.8540998674057011,-0.0220828352290807,1.0032604,0.498213,0.511755,0.9897184
traffic,286,15316,16276,0.8540884954485779,0.2232767527335591,0.86307573,0.8522955,1.0161833,0.699188
traffic,156,16020,17364,0.8540527702087575,0.099133361951654,0.6304023,2.1516814,1.3825209,1.3995628
traffic,67,14996,15572,0.8539548361226221,0.2274597182891184,0.013749361,0.060775757,0.1108439,0.18536901
traffic,761,14996,16340,0.853921604787569,0.1959810000055022,0.25579786,0.4556718,0.5360658,0.17540383
traffic,274,16020,16212,0.853888202652078,0.0849545486903556,0.40175104,0.47845316,0.44259787,0.43760633
traffic,516,14292,16404,0.853873812335155,0.0041504240994384,0.08997941,0.6871774,0.3159144,0.46124244
traffic,435,14164,15508,0.8538686738875197,0.2687173756662859,0.8050461,1.2700057,1.4930301,0.5820217
traffic,108,15956,16916,0.8537674959460677,-0.1465419600519829,0.50470495,0.7011596,0.00038433075,0.19607031
traffic,481,15892,17172,0.8537530953717848,-0.3313860356250589,1.1150118,1.5416329,1.2087928,1.4478519
traffic,503,14740,16852,0.8536957911587797,-0.1565059833495521,1.3477025,0.8325558,0.9241042,1.2561541
traffic,265,14676,16596,0.8536715537605918,0.2416784593238513,0.08608365,0.4100169,0.16549182,0.33060873
traffic,76,16020,16212,0.8536448182142329,0.0436491528488649,0.40058732,0.42893112,0.39896894,0.4305495
traffic,534,14484,16980,0.8535796993917029,0.2432357883819907,0.098813534,0.7551701,0.17647171,0.47988486
traffic,360,14676,16980,0.8535733604526807,0.2658060316599003,0.098726034,0.69949675,0.2242384,0.37653232
traffic,378,14036,16916,0.8535647159417663,0.1082176794066177,2.0257864,0.7547064,1.0197985,1.7606941
traffic,21,14868,16212,0.8535575013000268,0.2791468506697888,0.23105669,0.3747921,0.36032438,0.2455244
traffic,819,14996,15572,0.853543354738341,0.2212845563168856,2.4032154,0.6467639,1.4144404,1.6355389
traffic,230,14676,15828,0.8535294685241492,-0.0297217964126819,0.48611188,0.3276918,0.53412485,0.27967882
traffic,691,14420,14996,0.8535073440480085,0.2188997846854022,0.6683905,0.5828855,0.6510534,0.6002226
traffic,520,14612,16148,0.8535006497668166,0.1575633164801158,0.5755997,0.0381701,0.5685837,0.045186043
traffic,610,14484,16020,0.8534884471107625,0.246016322426903,0.06513548,0.29502487,0.04271221,0.40287256
traffic,459,14228,17108,0.8534880841228639,0.2089220097702132,0.123906374,0.26678908,0.20530248,0.34818518
traffic,685,16788,17172,0.853477086348785,0.2164250628597893,0.37784576,0.31938028,0.37735963,0.31986642
traffic,503,14036,14228,0.8534586607353386,0.0814562912078934,0.58790994,0.5289235,0.4631133,0.65372014
traffic,50,14868,16212,0.853407621719757,0.2672570959765912,0.45754838,0.79668283,0.59228206,0.66194916
traffic,607,14804,16340,0.8533929721250322,0.2552954652001544,0.33827043,0.051239967,0.2339387,0.053091764
traffic,393,16084,17364,0.853346206713245,0.1811297217671466,1.0732028,3.5286121,1.5439055,3.0579095
traffic,245,14292,15636,0.8533156557595017,0.2534957585502284,0.09293413,0.021838665,0.037169218,0.15194201
traffic,462,14100,14676,0.8532681912731204,0.2453012123913593,0.22760344,0.053719997,0.24699998,0.07311654
traffic,766,14548,17364,0.8532627577869392,0.0161046521551655,0.8659284,0.7521336,1.2560854,0.36197662
traffic,411,16020,17364,0.853225858073075,0.1895147478778235,0.45469117,0.401371,0.49382663,0.36223555
traffic,264,14292,16788,0.8532048196872881,0.0413394064780557,0.58748055,0.706447,0.6035464,0.69038117
traffic,397,14932,16660,0.8532000398494043,-0.0158910746446745,1.6603855,2.1621673,0.75796044,3.0645924
traffic,768,14228,15764,0.8531891690709709,0.1546518695861554,0.0025750399,0.0027321577,0.0085686445,0.013875842
traffic,665,14292,16404,0.8531855269650804,0.2632359881223259,0.023423553,0.66500854,0.4217466,0.21983838
traffic,178,14484,16596,0.8531571523356944,0.1678161159415064,0.24193215,0.7902603,0.3687365,0.66345596
traffic,304,15828,16596,0.8531179514342929,0.2228661910881153,0.58374214,1.6488472,1.6272249,0.60536444
traffic,498,16020,16788,0.8530698649405499,0.2752374449662899,0.040538073,0.54170823,0.26470852,0.23646164
traffic,589,14164,17044,0.8529677270611425,0.1147516424401736,0.3837111,0.66276145,0.2878685,0.75860405
traffic,101,15956,16148,0.8529576623948614,0.2822477978227165,0.09054017,0.011256218,0.060100555,0.041695833
traffic,658,16980,17364,0.852938168674616,0.2938269382460399,0.91608346,1.0110543,0.9137894,1.0133483
traffic,615,14612,16532,0.8528813416460046,0.2982018481894701,0.3632369,0.11798525,0.35745502,0.12376714
traffic,539,15316,16276,0.8528744459209802,0.0926003070615773,0.6552522,0.51753294,0.4499414,0.72284377
traffic,263,15124,16276,0.8528629996589827,0.1610117373304866,1.0537665,1.2964046,1.7844567,0.56571436
traffic,125,16276,16660,0.8528542551802091,0.1368601983498907,0.66552734,0.7567687,0.8430517,0.5792444
traffic,484,14996,17108,0.852841567725969,0.2458624764933746,0.5351827,0.4959743,0.23912692,0.7920301
traffic,469,14740,17364,0.8528404001381166,-0.0393787950716233,0.9930787,1.1984775,1.5733919,0.6181643
traffic,718,14548,16468,0.8528312666345766,0.2178830968669741,0.20473385,0.22774982,0.10885668,0.13187265
traffic,667,15316,16468,0.852747014641458,0.0926221034130269,0.38229322,0.37875438,0.2280786,0.532969
traffic,537,14676,15636,0.8527233768105059,0.1879118090310445,0.014324665,0.46042728,0.11861014,0.5933621
traffic,285,16532,17300,0.8526642396449038,0.2885555747811433,0.07051301,0.052669525,0.27080297,0.2529595
traffic,546,14548,17364,0.8526068524807638,0.1685174798853936,1.1319344,1.5041475,1.3552876,1.2807944
traffic,49,14420,16340,0.8525884724573679,0.2773182993209576,0.5795927,0.42982006,0.5390971,0.4703157
traffic,538,16148,17108,0.8525867689261449,0.1527995512484515,1.0807054,0.7375107,0.7212647,1.0969514
traffic,809,14804,17108,0.8525771401095699,0.116260052626308,0.9262345,0.54873264,0.4209869,1.0539802
traffic,639,16596,17172,0.8525574559921352,0.2988979620351495,0.74626565,1.12661,1.3349481,0.5379276
traffic,29,15316,16468,0.8525252018638113,0.0728486618944398,0.36003804,0.41708922,0.11725974,0.6598675
traffic,220,16084,17364,0.8525146162066521,0.2354566722903824,1.1524022,2.8797398,1.4780777,2.5540645
traffic,524,14996,15188,0.8524742500744261,0.2886765428355901,1.7235246,0.6477189,1.5094919,0.86175156
traffic,320,14740,15508,0.8524303272690877,0.1983620987573895,0.7970151,0.2995181,0.45990813,0.63662505
traffic,693,14100,16404,0.8524225509778398,-0.0108977704433689,0.5969022,0.06055641,0.79387563,0.25752985
traffic,41,15828,16596,0.8524197433919926,0.1983216071136981,0.4826634,1.068432,0.90697837,0.644117
traffic,315,14676,17172,0.852411955475942,0.0922328311484771,0.8478584,1.8003564,1.4398658,1.208349
traffic,517,15636,16404,0.8523998740270685,0.2464740496320597,0.03247285,0.4680555,0.15452671,0.28105593
traffic,334,14804,15764,0.8523900243317091,0.2571627209045994,0.15266109,0.38287497,0.08177924,0.4537568
traffic,406,14164,17236,0.8523792880054877,0.2673494407607705,0.34541202,0.4608178,0.304991,0.5012388
traffic,603,14420,15188,0.852348171989196,0.2731900879877591,0.031416178,0.5110476,0.1279974,0.41446638
traffic,653,15124,16276,0.8523463670357213,0.2713219931991336,0.022132158,0.21398604,0.32985997,0.093741775
traffic,590,15764,16916,0.8522996200647094,0.1152463599694915,0.011704326,0.1337018,0.055972338,0.20137846
traffic,327,14740,15508,0.8522761719581574,0.2328352087843154,0.3320942,0.32655644,0.45508146,0.20356917
traffic,569,15316,16468,0.8522540234883013,0.1916201105638881,0.39614534,0.5996784,0.33070016,0.6651236
traffic,289,15316,17236,0.8522417348985716,0.2914589381393235,0.33725142,0.45853233,0.29259276,0.503191
traffic,439,15316,16468,0.852239722874522,0.1678150281144812,0.07584548,0.66533065,0.41491222,0.3262639
traffic,214,16276,16660,0.8522241924652473,0.1589392960316444,0.12454414,0.090450525,0.23381352,0.018818855
traffic,725,14484,16788,0.8522203647223139,0.2904548616622193,0.020344734,0.44847226,0.067934275,0.36019325
traffic,768,15508,16852,0.8521862199302404,-0.086585971366736,0.05281329,0.43315816,0.24405932,0.24191213
traffic,0,14036,16724,0.8521844214626753,0.0295781250163686,1.3583429,1.0752268,0.7664058,1.6671638
traffic,354,14932,16276,0.8521304578973378,0.2114529339748806,0.035104454,0.1003589,0.03687793,0.09858543
traffic,415,15828,16788,0.8520731455723245,0.1816456133178787,0.28046155,0.44982958,0.32473683,0.4055543
traffic,217,16660,17428,0.8520474578555401,0.2895677374141811,0.55247974,0.5386398,0.6138401,0.47727942
traffic,707,16148,17108,0.8520341805463673,0.2806744300269854,0.7646487,0.4625864,0.19759703,1.029638
traffic,175,15636,16212,0.8520197211913573,0.2215386116249116,0.3585236,0.42181468,0.30686593,0.47347236
traffic,536,14484,16980,0.8519772277226506,0.2701833166661707,0.72525215,0.2296319,0.44902658,0.046593666
traffic,505,15124,17428,0.8519691228396884,0.2369714062096306,0.3408792,0.11170077,0.44798636,0.0045936108
traffic,391,14164,16852,0.8519450352958589,-0.0872902204377269,0.3820927,0.5496845,0.18698812,0.019396305
traffic,674,14676,17364,0.8519387295691779,0.142480329812482,0.5620277,0.09239054,0.48015904,0.17425919
traffic,544,14612,16340,0.8518989768301313,0.0045635904818227,1.1966566,2.3741684,0.8652748,2.7055502
traffic,526,14740,17364,0.8518581222760885,0.0115751413908215,0.9305097,2.4192057,1.6753858,1.6743295
traffic,537,14292,17364,0.8518533306342299,0.2957390492401863,0.6288953,0.7120602,0.83566046,0.50529504
traffic,536,15828,16596,0.8518162096571888,0.2781742853347719,0.71745133,1.862586,1.8754406,0.70459676
traffic,69,14932,17236,0.8517638951905091,-0.0499510089571388,0.1991055,0.5318589,0.35071445,0.38024998
traffic,203,15764,16340,0.8517486414889046,0.2348115659117636,1.659222,1.453387,0.6630479,2.449561
traffic,2,14228,16532,0.8517473088662202,0.1639460293832449,0.03492403,0.39068198,0.087486744,0.2682712
traffic,131,14740,17364,0.8516813297094599,0.0064779464356694,1.2478218,1.9873695,1.2373161,1.9978752
traffic,293,14036,14996,0.8516614498426232,0.2772879313027853,0.57255673,0.043679714,0.17932367,0.34955335
traffic,324,15252,15828,0.8516578302987287,0.29250806614131,1.067605,1.3407872,0.9801295,1.4282627
traffic,480,14484,16980,0.8516279041683047,0.2589299326388367,0.15760612,1.0305579,0.38961172,0.48334002
traffic,687,14612,16340,0.8516090933578115,0.2505372537426009,1.3565687,1.0472891,0.5586525,1.8452053
traffic,720,14868,16212,0.8516059295688105,0.1382377161309221,0.08631921,0.09831178,0.06751919,0.1171118
traffic,94,15316,16468,0.8516013018579156,0.2144281188728503,0.23172188,0.28721094,0.22625113,0.2926817
traffic,545,14036,14868,0.8515801382435041,0.2256888148577748,0.2654729,0.2935953,0.12642527,0.15454769
traffic,100,15764,16532,0.8515797068646641,0.2189709404165299,0.97003436,0.15584254,0.27865696,0.84721994
traffic,124,14676,16020,0.8515679248260377,0.2921948976613843,0.29818368,0.10282183,0.15808153,0.24292397
traffic,295,15316,15700,0.8514850522428142,0.0272869321519486,0.28989172,0.22716498,0.1723156,0.10958886
traffic,234,14356,17044,0.8514080255462373,0.0187603875405504,0.19582379,0.5998529,0.018050194,0.38597894
traffic,107,16468,17236,0.8513880530729344,0.2951447238801047,0.27126908,0.7308949,0.60999537,0.39216864
traffic,804,15188,16916,0.8513186278729876,0.1498762692025427,0.027815819,0.3277043,0.4149177,0.77043784
traffic,376,14292,16596,0.8512753881513047,0.2895971579757856,0.24415255,0.48095047,0.23207092,0.4930321
traffic,529,14612,14804,0.8512718381384636,0.2414829692980749,0.2238071,0.03200507,0.16469717,0.027104855
traffic,854,17236,17428,0.8512542218741969,0.1993664244715113,0.9602978,3.4757783,1.3067565,3.1293197
traffic,207,15956,17108,0.8512528423576164,0.2140924741087579,0.030154943,0.33561635,0.024477005,0.2809844
traffic,709,14420,16340,0.851223772214197,0.2819036241826548,1.9522965,1.5097117,0.56798697,2.8940213
traffic,247,14804,16340,0.8511855405177563,0.0045799690806996,0.44848084,0.036970854,0.23113203,0.18037796
traffic,281,14612,17300,0.8511803142374111,0.0817030133947148,0.18978715,0.08522177,0.060795307,0.043770075
traffic,732,16020,16212,0.8511439496756661,0.1541265293084938,0.6029506,0.62123704,0.6676917,0.5564959
traffic,735,15508,17044,0.8511132992709746,0.2770723861046688,0.15725493,0.4832046,0.28599644,0.3544631
traffic,803,16660,17044,0.8510724066693446,0.2334301596260904,1.5253208,1.1980431,1.8283342,0.89502966
traffic,135,16020,17364,0.8510721194225545,0.1967943249065415,0.42256045,0.45358062,0.5821779,0.2939632
traffic,205,14292,17172,0.8510695326302331,0.2813581873884814,0.49936342,0.006567955,0.39895892,0.093836546
traffic,802,15636,15828,0.8510506023481789,0.2500515025359901,0.643872,0.73204875,0.87360954,0.5023112
traffic,835,14932,17236,0.8510457995451073,0.1845316008425099,0.16376519,0.3125999,0.038846493,0.1876812
traffic,275,14292,16980,0.8510371344032296,0.1687747980683331,0.2802651,0.32839537,0.07679725,0.12492752
traffic,733,14996,15956,0.8510302031094003,0.2570674024842495,0.16921258,0.24471974,0.08549929,0.4994316
traffic,81,15700,16852,0.8510029020029675,0.1678784746085925,0.28409028,0.08076477,0.18868423,0.014641285
traffic,627,15124,16276,0.8509985918182513,0.1892618107584067,0.18385458,0.42146885,0.363356,0.24196744
traffic,317,16148,17108,0.850966571166608,0.1618498975670728,0.454643,0.45199752,0.33264875,0.5739918
traffic,494,14036,17300,0.8509373553302633,0.2467189133408119,0.27388573,0.04705155,0.54162467,0.3147905
traffic,348,15444,16212,0.850935318077528,0.2602071176627888,0.090649605,0.1384697,0.1867429,0.0423764
traffic,792,15188,16340,0.8509268938145121,0.2288343886745079,0.18780446,0.03788805,0.23963046,0.01393795
traffic,596,15892,17236,0.8509063798374151,0.248579347703908,0.11222768,0.15168214,0.03776741,0.07722187
traffic,397,14164,16084,0.8508727671392601,0.2432686277935528,0.64479184,0.30869234,0.12029028,0.8331939
traffic,287,14356,15700,0.8508707021011586,0.2709530582696419,0.06430411,0.46494198,0.23005271,0.29919338
traffic,640,16468,16660,0.8508514927357874,0.0747100592549006,0.6611335,0.9934199,1.081181,0.57337236
traffic,538,15316,17236,0.8507895357452907,0.0318405496613499,0.675138,0.7156391,0.6827462,0.70803094
traffic,41,14036,16340,0.8507745124823103,0.2851461357158348,1.2148193,2.3193347,0.97306454,2.5610895
traffic,586,15508,17236,0.8507186366309398,0.2917250462613768,1.8462765,1.5167894,2.4873464,0.8757195
traffic,696,16020,17364,0.8507035167939313,-0.510520732540048,0.16962814,0.5215614,0.1510539,0.20087934
traffic,826,14292,16596,0.8506987596117525,0.2218263623831699,0.43184042,0.09690738,0.42336035,0.10538745
traffic,654,16020,16212,0.8506305661959084,0.1330733537504806,0.6492188,0.90793693,1.0274515,0.5297042
traffic,829,15828,17364,0.8506233685306155,0.2507394216483335,0.07823944,0.06311369,0.15143776,0.13631201
traffic,610,14100,15828,0.8506002145869794,0.2514048563733351,0.59709644,0.23923922,0.6188836,0.21745205
traffic,338,15508,16852,0.8505442744751748,-0.100293200459031,0.0007545948,0.059864998,0.037605047,0.09822464
traffic,734,16148,17108,0.8505242919101923,0.1889250454196946,1.051509,0.7049586,0.64498127,1.1114864
traffic,525,15124,16276,0.850523617041654,0.2932156919566336,0.088097334,0.14383721,0.067120075,0.16481447
traffic,850,14548,17364,0.850519460666137,0.048342737134112,0.930434,1.5918949,1.2823288,1.24
traffic,599,14420,17108,0.8505140805138447,0.0978281442307946,0.43931818,0.2703185,0.34372568,0.365911
traffic,314,15892,17364,0.8504940807764604,0.0332563565788515,0.8685005,0.9946997,1.5621586,0.3010416
traffic,150,15188,16532,0.8504438742944753,0.2699695997440486,0.11997914,0.13773823,0.006447077,0.011312008
traffic,334,15188,16532,0.8504402550091062,0.1885815861119162,0.028598547,0.33321834,0.06743145,0.29438543
traffic,24,14484,16980,0.850413388045502,0.2468883662678796,0.051047087,0.80036294,0.42800045,0.42340958
traffic,830,15828,16596,0.8503716943919591,0.2492820172227372,0.90749645,0.7148906,0.57403016,1.0483569
traffic,515,14484,14868,0.8503397546855073,0.2890686234884498,0.12589335,0.41476798,0.0681026,0.47255874
traffic,681,14292,16020,0.8502906518030887,0.277268276284199,0.30241704,0.053491116,0.29997802,0.051052094
traffic,275,14484,16596,0.8502747042602541,0.2783670661228557,1.2813246,1.4278316,1.8194339,0.88972235
traffic,233,14676,17364,0.8502652310449611,-0.0778148788763609,0.8097389,0.8426094,1.1507444,0.50160384
traffic,699,15828,16596,0.8502188377308173,0.1521799810921916,0.08166623,0.30771923,0.016108274,0.40549374
traffic,643,15252,16596,0.8501844728677462,0.2518167901526792,0.09868908,0.13333082,0.015099287,0.04974103
traffic,296,16084,16852,0.8501632003074636,0.2732093793086554,0.94054246,0.5229106,0.48456573,0.9788873
traffic,74,15316,16468,0.85015045070367,0.1785551030424861,0.44699383,0.5607703,0.57978535,0.42797875
traffic,97,15508,17236,0.8500554872996441,0.2595391142468999,0.8736018,0.60808337,0.4534161,1.028269
traffic,508,14164,16660,0.8500389679360274,-0.0139685342023926,0.7859123,0.5805137,0.67344165,0.69298434
traffic,114,15572,16340,0.8499902810502418,0.2506493858144152,1.6407809,1.622927,0.6592941,2.6044137
traffic,666,16404,17172,0.8499896113653003,0.1882690300290808,0.60962677,0.453547,0.82034564,0.24282813
traffic,340,14804,15188,0.8499659303029987,0.1180080716153899,0.33553362,0.28234172,0.1465056,0.093313694
traffic,112,14612,17300,0.8499398792904418,-0.1072182080192556,0.023352385,0.18915331,0.062301874,0.2281028
traffic,755,14292,15828,0.8499150190712271,0.2837796227869074,0.61581373,0.9058809,0.8299651,0.69172955
traffic,485,14164,17236,0.84985041711488,0.2083225242236918,1.1076496,0.70622146,0.6105032,1.2033678
traffic,346,14356,16084,0.8498325472348565,0.2912287489389088,0.6225859,0.30942678,0.19459152,0.73742115
traffic,129,15700,16852,0.8497490437631798,0.2928652595337881,0.25910616,0.03227353,0.15007043,0.0767622
traffic,512,14740,16660,0.8497226970769896,-0.0970362128383151,0.8869059,1.0490103,0.7853,1.1506162
traffic,824,14420,16532,0.8496851261774838,0.259472994167664,1.1023734,0.13196898,0.44453394,0.7898084
traffic,775,15124,17236,0.849659858017534,0.2962273748204506,0.10248351,0.5385444,0.14170456,0.57776546
traffic,689,16980,17364,0.8496305057614325,0.2893814713351618,0.57448983,0.8168552,1.0232863,0.36805868
traffic,462,15508,17236,0.8495399236648052,0.2412820784217873,0.34671187,1.3785534,0.96289706,0.7623682
traffic,322,14100,16212,0.8495029975679984,0.2085792560983573,0.14270568,0.49053907,0.4152223,0.21802247
traffic,382,17172,17364,0.8494792207587947,-0.0293988088832977,0.27511263,0.15812063,0.21628428,0.21694899
traffic,706,14036,16916,0.8494713195718355,0.2842635995290721,0.06187737,0.36062622,0.14991665,0.4486655
traffic,515,14996,15956,0.8494613539377298,0.2793003087079367,0.26289153,0.2824824,0.0908196,0.6361935
traffic,371,16020,16212,0.8494513185905394,0.2804397969304232,0.16398454,0.26188588,0.17413902,0.2517314
traffic,828,14676,16980,0.8494054485659579,0.2201239687037369,0.2675202,0.8424227,0.14969802,0.42520452
traffic,724,14228,16852,0.8493653966253737,-0.0043190063927992,1.1301314,0.15170693,0.7202474,0.5615909
traffic,572,14100,16212,0.8493576839100938,0.2948141773557061,0.26698363,0.2803036,0.39825153,0.14903569
traffic,269,14164,15508,0.8492785487679176,0.2356487501308189,0.1548624,0.2889793,0.2260251,0.21781659
traffic,833,16148,17108,0.849239653788314,0.2866437750017391,0.2528987,0.00057697296,0.58897066,0.335495
traffic,577,16980,17364,0.8492068310681016,0.2468969469101262,0.20652246,0.15555263,0.57769537,0.21562028
traffic,820,15444,15828,0.8491962136119954,0.2248573550226939,0.5306864,0.21381903,0.5252147,0.21929073
traffic,571,15124,15700,0.8491954002601889,0.193371603930684,0.32516503,0.06467295,0.20410609,0.18573189
traffic,515,15380,16916,0.8491826746831389,0.210191631037271,0.32761896,0.46075237,0.04647875,0.7418926
traffic,401,14292,16980,0.849182258223054,0.1832816615063062,0.17680335,0.7263684,0.38567734,0.51749444
traffic,360,14356,15700,0.8491760009454086,0.1101798410932071,0.07542372,0.09577012,0.10733628,0.063857555
traffic,584,14804,17108,0.8491703594974649,0.1263491752150951,0.9161333,0.56674445,0.45554233,1.0273354
traffic,85,16468,16660,0.8491363513339366,0.1640619334579168,0.6001607,1.0423706,1.1032313,0.53929996
traffic,478,14612,16724,0.8491100288937714,0.2643594183218244,0.64443755,0.26518035,0.39336085,0.51625705
traffic,13,15188,17108,0.849092614539247,0.2982012278671453,0.37313485,0.5619103,0.19278097,0.74226415
traffic,644,15060,17364,0.8490678331563463,0.0280436814650687,1.0851848,3.5152311,1.3138769,3.286539
traffic,410,15508,16852,0.849064052712728,0.1362903001269697,0.24932289,0.5289583,0.5067525,0.27152872
traffic,540,14676,16980,0.8490504836460728,0.1776987848313172,0.48544884,0.6585827,0.21663308,0.38976693
traffic,826,14484,15060,0.8490393745090422,0.0794007706110077,0.7044065,0.52222204,0.72599626,0.5006323
traffic,330,15508,16852,0.84902587979239,0.2452669879533638,0.2540722,0.22259831,0.09456706,0.063093185
traffic,361,17172,17364,0.8489978852455025,-0.1261900023960307,0.54104114,0.47111082,0.2387228,0.77342916
traffic,410,14804,17108,0.8489917439237047,0.1880734433369572,0.7139437,0.59376407,0.50436723,0.80334055
traffic,328,16724,17300,0.8489689879616804,0.281569926217369,0.20120978,0.012745142,0.04577899,0.16817594
traffic,88,16660,17236,0.8489447738364404,0.2790389121348737,0.4869058,0.7915369,0.8026333,0.47580945
traffic,520,15252,16788,0.84893940862071,0.2557749794180544,0.4099238,0.109348536,0.17105818,0.12951708
traffic,312,14932,15508,0.8489309487706427,0.1184576657382565,0.58028615,0.65758073,0.8377485,0.40011835
traffic,284,16596,16980,0.8489277144970597,0.1980031395327264,0.31546414,0.06007743,0.23591292,0.13962865
traffic,166,16596,17172,0.8489049901851266,0.2929534303705287,1.1344694,1.7489526,1.0888203,1.7946017
traffic,260,15764,16340,0.8488894556835369,0.2344458975952881,1.2580618,0.6787274,0.6407809,1.2960082
traffic,749,14804,17108,0.8488823598492993,0.1979310443512943,0.88445747,0.6401229,0.41322207,1.1113583
traffic,151,14804,17108,0.8488593796101889,0.2353551144145839,0.7842808,0.4520076,0.29859865,0.9376897
traffic,495,15188,16340,0.848836228551162,0.2732307015780001,0.22156668,0.0868783,0.20583725,0.10260773
traffic,107,14292,15252,0.8488290914645261,0.2234848313893037,0.61631536,0.40165687,0.21590638,0.80206585
traffic,199,14804,14996,0.8487993010942949,0.2100026799313548,0.18859696,0.22477698,0.045761347,0.081941366
traffic,64,14676,16980,0.848798325344131,0.1656770660618797,0.020049095,1.0748137,0.3755827,0.67918193
traffic,383,16596,17364,0.8487775186303455,0.2293183557931518,0.33400226,0.27809405,0.488626,0.12347031
traffic,739,15316,17236,0.8486904966750536,-0.3277115902573176,0.39478707,0.5705681,0.41758442,0.54777074
traffic,684,15636,16404,0.8486892127998023,0.2386423590610878,0.576488,0.22229266,0.02184105,0.77693963
traffic,229,15316,16660,0.8486827560560912,0.2290153608367512,1.0966833,0.68836164,0.7066283,1.0784166
traffic,310,15764,16532,0.8486442777898426,0.2653761178849977,0.3018272,0.13642049,0.60942197,0.17117429
traffic,553,17236,17428,0.8485898587544694,0.2747320908751961,1.0930095,2.2216587,0.9598813,2.3547869
traffic,303,14484,16980,0.8485854666099989,0.1586949062366534,0.502368,0.7621014,0.64914465,0.61532474
traffic,15,14996,16916,0.8485393441023563,0.2953592292257009,0.9380921,0.6561905,0.37827635,1.2160063
traffic,204,16660,16852,0.8485392753682152,0.260193059115611,0.06488967,0.32560372,0.19002914,0.07068491
traffic,497,14804,16916,0.8485157471412178,0.2065252791855333,0.36755705,0.38028193,0.03876877,0.78660774
traffic,234,14676,15828,0.8484980370899169,0.0293561990434653,0.6230986,0.19962764,0.5153806,0.30734563
traffic,617,16276,17172,0.8484633254367516,-0.0251041317924208,0.5280614,0.22371483,0.4673462,0.16299963
traffic,771,14036,16532,0.8484516801366352,0.2905721388486384,0.6289582,0.11429143,0.30540895,0.4378407
traffic,568,14292,16788,0.8483961895717136,0.0648221781885846,0.2878753,0.79878426,0.60120225,0.4854573
traffic,370,16596,17172,0.8483548094545802,0.2415302590776839,0.3397863,0.10281682,0.45696616,0.21999669
traffic,56,14420,16916,0.8483112346783647,0.2851941310524821,0.8512305,0.75168574,0.63277376,0.9701425
traffic,756,14356,14740,0.8482501253902349,0.2619020863402158,0.058954954,0.04039836,0.09783816,0.19719148
traffic,578,16084,17236,0.8482450822019508,0.2883932184927613,0.22219801,0.1976068,0.21571755,0.19112635
traffic,567,15124,16084,0.8482320477627092,-0.0427809189445435,0.48704684,1.1252267,1.3791457,0.23312783
traffic,403,16148,17108,0.8482225744230825,0.0831389700297922,0.7489791,0.62316656,0.554271,0.81787467
traffic,38,15828,17364,0.8482187213371036,0.0364762338057684,0.4463601,0.256258,0.35157514,0.351043
traffic,716,15124,16852,0.8482151660187658,0.2833003886059569,0.23014927,0.1372869,0.21350455,0.120642185
traffic,355,14548,17364,0.8482030577752765,0.0009763874482541,0.94513714,0.5065639,1.1519862,0.2997148
traffic,145,15892,16660,0.8481983345098043,0.2851155028117533,0.73665166,0.9016242,0.82244515,0.8158307
traffic,78,14676,17364,0.8481291981517431,0.2985860711438467,0.6540892,0.20302486,0.45798802,0.39912605
traffic,389,14036,16660,0.8481246670304013,0.2269992189098962,1.479683,3.0309346,1.0004271,3.5101905
traffic,829,14676,16980,0.8480915811947223,0.2131680136627375,0.33236337,0.75159025,0.060516596,0.3587103
traffic,59,16212,16596,0.8480697313325143,0.1195490519791612,0.09687185,0.1815641,0.050904036,0.22753191
traffic,708,14420,16532,0.8480666885193754,0.2684715823282925,0.4229083,0.09131837,0.33275032,0.18147635
traffic,47,15316,16468,0.8480591010038847,0.179388352164541,0.4037361,0.7020129,0.59399843,0.5117506
traffic,312,14420,14996,0.8480081296262515,0.283272787111416,0.37051547,0.15127492,0.45190346,0.06988692
traffic,505,15060,16980,0.8480056533589085,0.2882288452713607,1.0499173,1.2280264,0.7848557,1.493088
traffic,781,16980,17364,0.8479926604285032,0.2854675999247697,0.5325904,0.6565373,0.8817196,0.3074081
traffic,354,16084,17364,0.8479911163955098,0.1150676113365145,1.0964311,4.6032,1.4861786,4.2134523
traffic,229,14228,16532,0.847981944922741,-0.0103022945989698,0.38293362,0.6667273,0.18798828,0.09580541
traffic,13,14484,15060,0.8479531476099628,0.1732533773300717,0.29555297,0.7794167,0.61169505,0.4632746
traffic,281,14996,16916,0.847944915537507,0.2771574089276814,0.9984126,0.5212227,0.33783197,1.1818033
traffic,150,14484,14676,0.8479118048384606,-0.1403864661474973,0.22830486,0.028748512,0.4296744,0.17262101
traffic,720,14676,16404,0.8479014195317793,0.1777060629694186,0.0074334145,0.39673364,0.16243434,0.22686589
traffic,640,15764,17108,0.8478459066919648,0.2733037400729958,0.3305925,0.11602402,0.61702645,0.40245795
traffic,649,14868,15828,0.8478424039651703,0.2724716658752086,0.637305,0.14640975,0.52918315,0.25453162
traffic,222,14676,17172,0.8478157931450407,0.1880025887814021,0.7898774,0.43448853,0.8264873,0.39787865
traffic,437,14356,15508,0.8477652565696384,-0.0911418002709689,0.24009895,0.15270162,0.21621132,0.12881398
traffic,670,14484,16788,0.8477524788882937,0.1736177679379462,0.6127541,0.70244277,0.63276386,0.682433
traffic,129,15060,16020,0.8476598095454857,0.2473018627306579,0.27583027,0.35846996,0.39285922,0.24144101
traffic,19,15508,16852,0.8476224635046854,0.0775029862858422,0.18381047,0.5193,0.41291416,0.2901963
traffic,239,15636,16788,0.8476159134532482,0.2891953613990612,0.11656237,0.8435581,0.5588628,0.40125763
traffic,412,16084,17364,0.8476102370177492,0.0714913169725464,0.9033911,1.9053164,1.5899215,1.218786
traffic,305,15444,15636,0.8475886464868159,0.0945512006328238,0.2959485,0.5740229,1.0140843,0.14411294
traffic,583,16980,17364,0.8475801476051521,0.1223882079883356,1.1612754,1.425421,0.9732199,1.6134765
traffic,853,14036,16916,0.8475128436826818,0.2985313680933488,0.0008511543,0.13309884,0.26609063,0.39833832
traffic,544,14356,16212,0.8474790461270277,0.1651304530422827,0.7497256,1.0078936,1.1742289,0.58339024
traffic,213,16020,16404,0.8474721323867143,0.1883990818380826,0.7385676,1.0922755,1.2530286,0.57781446
traffic,705,14676,17364,0.8474503102025721,0.222773892145146,0.5102539,0.280488,0.46507502,0.3256669
traffic,403,15444,15636,0.847437789663502,0.273678141927044,0.5902593,0.8359122,0.67065334,0.7555182
traffic,766,15316,16468,0.8474145021647461,0.1277432463481859,0.17725778,0.7836909,0.69478166,0.26616704
traffic,553,14996,16340,0.8473991762143596,0.0289500316299324,0.07990074,0.184659,0.14619064,0.4107504
traffic,672,14612,16916,0.8473869571025687,0.2197790495277456,0.34041607,0.3083037,0.32052326,0.2884109
traffic,439,16660,17428,0.8473237406353518,0.1308253032519712,0.5995259,0.86552954,0.8413818,0.6236737
traffic,768,16148,16724,0.8472724003803365,0.2990745850583466,0.5493758,0.48178244,0.53912425,0.49203396
traffic,713,16084,16276,0.8471858548526762,0.1668590528301267,0.1987238,0.034347296,0.15772772,0.07534337
traffic,108,14996,16340,0.8471574608902837,-0.0169515105631721,0.3086617,0.5719633,0.6331651,0.24745989
traffic,318,14292,15828,0.8471063481233775,0.1754956059681609,0.44293118,0.57736564,0.5940647,0.4262321
traffic,17,14676,17172,0.847003345490354,0.052017025860434,0.8894541,0.21617723,0.6126783,0.49295306
traffic,335,15508,16276,0.8469958636278585,0.1620392059148283,0.16393757,0.19357824,0.031219482,0.3887353
traffic,539,14036,16916,0.8469560493074114,0.1927532739257049,0.5109495,0.7668781,0.24157512,1.0362525
traffic,242,14292,14484,0.8469039558580729,0.1159611676468489,0.18988466,0.28040886,0.37221837,0.09807515
traffic,766,16148,17300,0.8468875288662427,0.2627970492368857,0.34533954,0.31426358,0.050997257,0.60860586
traffic,835,14420,14612,0.8468781624985973,0.2248410600102185,0.26159656,0.31024528,0.33515155,0.23669028
traffic,495,14484,16596,0.8468733670293052,0.2356620588915807,0.032576323,0.4897325,0.16507578,0.35723305
traffic,642,15380,16532,0.8468632386227384,0.2958075425388188,1.3676833,2.9482076,1.0034505,3.3124404
traffic,546,15636,16788,0.8468445856132176,-0.0841442916145803,0.26251912,0.4517913,0.24800181,0.4663086
traffic,659,16020,16404,0.8467816841998108,0.1513743747422088,0.5343087,0.83479977,0.7907276,0.5783808
traffic,417,16020,16788,0.8467738628040669,0.285473186406334,0.32831454,0.57902884,0.4380014,0.469342
traffic,477,15124,16276,0.846764149016283,0.2261858149231383,0.07098305,0.028733969,0.29428875,0.25203967
traffic,655,16020,16404,0.8467194657165397,0.2822656830089377,0.017823696,0.35741568,0.2035253,0.17171407
traffic,520,14228,16660,0.8466358496489633,-0.0364345726011344,0.7130126,0.79228735,1.4699494,0.03535056
traffic,712,14292,16404,0.8466343507062514,0.296181194898064,0.27128935,0.72720146,0.55506754,0.44342327
traffic,752,16660,17236,0.8466332700809288,0.2758400587715572,0.33994818,0.5935267,0.41655278,0.5169221
traffic,631,16468,17236,0.84656855129823,0.2269079778391865,0.33842134,0.049982786,0.12152481,0.16691375
traffic,504,14484,17364,0.8465576243005919,0.247964980348402,0.5198839,0.2734604,0.4552033,0.33814096
traffic,768,15636,16788,0.8465464560682184,0.2560051265918289,0.103942394,0.6009878,0.35129857,0.35363162
traffic,127,14804,17300,0.84652790364989,0.2287984931178363,0.111784935,0.2639016,0.09925079,0.25136745
traffic,784,14164,16852,0.8465200592495364,0.2603407340418985,0.16427493,0.064878464,0.13809562,0.09105778
traffic,666,14740,16852,0.8465123229954915,0.2541281944147737,0.74907947,0.21354008,0.71211624,0.2505033
traffic,113,15380,15764,0.8464795322131178,0.186837565685876,0.038760304,0.055498123,0.093991876,0.07725406
traffic,148,14996,16916,0.8464728936485982,0.2450370954657785,0.89082277,0.4406343,0.21609998,1.1153572
traffic,376,14932,17236,0.8464562413156094,0.269348815690651,0.078372836,0.0054352283,0.128286,0.04447794
traffic,244,14036,14612,0.8464273791970753,0.1455157376153249,0.35068083,0.14736342,0.18485904,0.31318521
traffic,521,14356,15316,0.8463682254488356,0.209340969916061,0.30128694,0.010620117,0.36194634,0.05003929
traffic,539,14100,16404,0.8463674523359699,0.1885734429357451,0.18388712,0.08952713,0.22968376,0.13532376
traffic,700,15892,17364,0.8463614711595522,-0.0430716290589183,0.9714272,0.47674584,0.66397357,0.16929221
traffic,152,17108,17300,0.8462979851327453,0.2918606357028374,0.28486645,0.0066086054,0.1802671,0.11120796
traffic,408,14164,17428,0.8461847979199862,-0.0384054091543905,0.74456525,0.3434465,0.47387528,0.07275653
traffic,624,14484,16596,0.8461720866053934,0.1812960918171557,0.52929115,1.0771494,0.8163147,0.79012585
traffic,221,15892,17364,0.8461564186179842,0.0078471557658945,0.9907098,1.3540416,1.4733346,0.8714168
traffic,391,15508,17428,0.8461349030156663,0.0581244627431033,0.8158078,4.4903755,1.4322627,3.873921
traffic,331,14036,15764,0.8460975347763667,0.2625584778228977,2.1047144,0.90677893,2.0233855,0.9881077
traffic,702,14548,17364,0.8460917361387519,0.0995651737538766,0.9850519,0.595278,0.45042014,0.060646296
traffic,780,16660,17044,0.8460452986191528,0.0585488745848532,0.028575659,0.38665462,0.10221362,0.31301665
traffic,769,15252,17364,0.8459984796715323,0.0671251560203647,0.93856764,1.8451328,1.1712608,1.6124396
traffic,593,14932,17044,0.8459875202970659,0.2777750663593893,0.15281534,0.3301227,0.015592098,0.16171527
traffic,555,16660,17428,0.8459868871478516,0.1916017479679669,1.0985882,0.8594992,1.2305582,0.7275293
traffic,287,15828,16596,0.8459720890061223,0.1909981986163364,1.6475196,0.6540141,0.84649205,1.4550416
traffic,81,15316,16276,0.8459159298507184,0.2912065833855539,0.65680194,0.41871202,0.27533126,0.8001827
traffic,627,15572,16660,0.8459126618148926,-0.0641733019207957,1.6326573,2.9776888,0.82421005,3.7861362
traffic,631,14484,16212,0.8459079139706586,0.0941229552661063,0.12912226,0.40025377,0.17365551,0.35572052
traffic,529,15892,17364,0.8458150999101323,-0.0748191439250392,1.0347308,0.86526585,1.4891506,0.410846
traffic,360,15124,16468,0.845798541412078,0.257870942738737,0.0035862923,0.06295276,0.022478819,0.08184528
traffic,418,14164,17236,0.8457957241173552,0.1707228073320042,0.8114824,0.70343804,0.4823091,1.0326114
traffic,426,14932,15892,0.8457925007850549,-0.0794481080112091,0.050542593,0.031525373,0.054009676,0.02805829
traffic,320,14932,16852,0.8457454741616819,0.2277738551670995,0.8962827,0.12358451,0.44405603,0.57581115
traffic,581,14484,16404,0.8457324613906021,0.2951819815777815,0.80164695,0.8931465,0.8375099,0.8572836
traffic,816,15764,16532,0.8457082576973977,0.2206935301233471,0.7674955,0.012657881,0.27677202,0.4780656
traffic,641,16852,17236,0.8456977985376761,0.268061059471846,0.3790667,0.32021797,0.17812967,0.521155
traffic,26,15636,16788,0.845682284681446,0.2327204545661732,0.2873671,0.37742436,0.18194103,0.48285043
traffic,310,14740,17236,0.8456789861797576,0.2760998473241046,0.065588355,0.28003,0.1776855,0.39212716
traffic,25,14292,16788,0.8456496684206948,0.0321307482959158,0.6116698,0.82525074,0.69997835,0.7369422
traffic,323,15124,16468,0.8456395022673385,0.1922105206474201,0.65521646,2.0636635,1.539321,1.179559
traffic,233,15764,17108,0.8456334657746675,0.094483326191287,0.05876386,0.5445498,0.12493944,0.7282531
traffic,334,14036,16148,0.8456107636458072,0.1337505938935585,0.21175265,0.07521081,0.19511962,0.058577776
traffic,240,14932,16852,0.845535082896605,0.1620385824946364,1.1906791,0.114089966,0.53438294,0.7703861
traffic,464,14996,16340,0.8455297844893155,0.215298420920344,0.21026707,0.36058116,0.37908268,0.19176555
traffic,141,17108,17300,0.8455109705314151,0.2555844964330271,0.15419567,0.044559956,0.07930529,0.11945033
traffic,693,15508,16084,0.8454718725348649,-0.0829555337461992,0.508163,0.4415233,0.3098421,0.6398442
traffic,587,14292,17364,0.8454385547312578,0.2893760160290582,0.4350567,0.46894813,0.5836141,0.3203907
traffic,447,14228,16724,0.8454215454487792,0.1209264037159758,0.17114282,0.27506948,0.04056549,0.4056468
traffic,196,14676,15828,0.8454211150878206,0.0131676361667232,0.8555517,0.7335756,0.8005338,0.78859353
traffic,752,14484,15252,0.8453722978758345,0.2694737745125423,0.08511853,0.2924559,0.12604332,0.25153112
traffic,418,14932,16660,0.8453699531694958,-0.1077718176132135,1.2691944,2.0777273,0.86605763,2.480864
traffic,629,15636,16212,0.8453502879127373,0.2720448238053328,0.20483422,0.35757828,0.15676475,0.40564775
traffic,430,14804,14996,0.8453439733776542,0.2226143431753215,1.0527561,2.6835673,1.0062296,2.7300937
traffic,690,15956,16724,0.8453430762222108,0.19140125075955,1.0071871,0.7734332,0.55616784,1.2244525
traffic,738,16660,17428,0.8452938303976234,0.1353525440014116,0.19479775,0.33263612,0.12282252,0.2606609
traffic,650,15124,16276,0.8452792899997484,0.276026092567332,0.1895585,0.09463155,0.009966016,0.29415607
traffic,329,14036,17300,0.845274800303584,-0.2219259989846151,0.20745826,0.030390501,0.2399745,0.06290674
traffic,352,14036,16532,0.8452490480114054,0.2898945923863384,0.44694078,0.0011224747,0.20460057,0.24346268
traffic,727,15252,15636,0.8452450918426201,0.0858865099958989,0.4111631,0.4853711,0.5947013,0.3018329
traffic,36,14484,16212,0.8452404512636222,0.2947135471854957,0.13123703,0.5692258,0.094830275,0.60563254
traffic,652,16852,17428,0.8452362325282172,0.283783950001868,0.011392355,0.010618687,0.15829325,0.15751958
traffic,533,14932,17044,0.8452312439996039,0.269809436019376,0.57054234,0.23660696,0.22233188,0.1116035
traffic,504,15188,16724,0.8452136178337851,0.2536100923884816,0.14187026,0.20550084,0.00011920929,0.06374979
traffic,38,14996,16340,0.8452089803386812,-0.2391927034360043,0.3190558,0.35148573,0.33715582,0.3333857
traffic,407,15444,16404,0.8452080000298811,0.1052492944677225,0.30532408,0.23405719,0.60660243,0.067221165
traffic,126,14804,15188,0.8451982424306185,0.1508279140057014,0.20628095,0.2658646,0.08874154,0.1483252
traffic,820,15508,16276,0.8451764218046774,0.2859858486261069,0.14064407,0.3546865,0.14093709,0.35439348
traffic,281,14804,16724,0.8450530063920357,0.2267651174221021,0.36330247,0.20356274,0.36256385,0.20430136
traffic,787,15828,16596,0.8450139260959689,0.2060592255736223,0.011544704,0.4212265,0.06467152,0.49744272
traffic,674,14484,16980,0.8449994927346387,0.1892828967664505,0.2816522,0.94976807,0.14415216,0.5239637
traffic,64,16596,17172,0.844990376303329,0.225073085920123,1.0020318,1.4883611,1.1518447,1.3385482
traffic,346,16276,16660,0.8449886328398841,0.2424852831168048,1.1729872,1.0376587,0.64833355,1.5623124
traffic,586,16340,17108,0.8449882577883973,0.2514789942491541,1.9973317,0.8707572,1.5205677,1.3475213
traffic,11,15316,17236,0.8449500018665302,-0.1234794584734399,0.70885074,0.76204133,0.77580965,0.6950824
traffic,620,14100,17172,0.8449260168443545,0.2629657841570153,0.7613144,0.52484465,0.9151406,0.3710184
traffic,188,14676,15636,0.8449256021555374,0.2806825222244093,0.37123632,0.030299902,0.44586444,0.10492802
traffic,708,16340,17108,0.8449201353443722,0.2915921116393601,0.4544165,0.3723812,0.2771485,0.54964924
traffic,50,15828,16404,0.844882823647313,-0.0553623081588537,0.41635227,0.63439655,0.50516224,0.5455866
traffic,630,14100,16212,0.8447998943573042,0.2591880743694714,0.058716893,0.0103058815,0.056323886,0.012698889
traffic,812,14676,16404,0.844779711800029,0.2637666290797881,0.048467636,0.59547806,0.31880236,0.32514334
traffic,791,14676,15828,0.8447694018232498,0.1419785576683138,0.48082924,0.8457289,0.9995594,0.3269987
traffic,494,14996,15380,0.8446959224195812,0.2565228715732819,1.4197336,0.78020525,1.1087475,1.0911914
traffic,370,14740,17236,0.8446370927830967,0.0275150655914553,0.021967411,0.10027838,0.0917685,0.21401429
traffic,372,14164,17428,0.8446250924182104,0.2635542964151809,0.2706573,0.24704814,0.45882988,0.05887556
traffic,529,15188,16916,0.8445033801819625,0.2400743449739076,0.40506327,0.20679832,0.075289965,0.68715155
traffic,604,16276,16660,0.844469501036588,0.2505144436624569,0.5714406,0.52459574,0.64131725,0.45471907
traffic,579,14804,14996,0.8444595939596182,0.1361848156558884,0.122908115,0.03806734,0.07288647,0.011954308
traffic,675,14804,15188,0.8444332848881345,0.2948906292374251,0.09946847,0.27941775,0.04157734,0.13837194
traffic,239,14932,15124,0.8444274154923822,0.294532987830384,0.34010124,0.14534831,0.1955502,0.28989935
traffic,234,14036,14996,0.8444170816146863,0.1815074464880116,0.70039856,0.01650548,0.29650986,0.42039418
traffic,233,15892,16468,0.8444142232726852,-0.0701900383396283,0.5519123,0.30713367,0.5475273,0.31151867
traffic,110,15316,16276,0.8444009670273669,0.1881190852611771,0.23354125,0.33756757,0.17288828,0.39822054
traffic,264,14036,15380,0.8443827668857307,0.2765670150942598,0.1917764,0.046310782,0.082977176,0.15511
traffic,222,14804,17300,0.8443673058564102,0.2727410991259951,0.10071063,0.005608797,0.1907177,0.08439827
traffic,254,14292,16404,0.8443591983265575,0.2318789267675874,0.02078271,0.81619465,0.4836005,0.35337687
traffic,590,14804,17300,0.844358922332086,0.291206494788604,0.13368082,0.12352586,0.12254834,0.11239338
traffic,798,15508,17236,0.8443472223579267,0.0152983849789952,0.004646778,0.7644161,0.08011782,0.68894506
traffic,269,15316,16468,0.8443008301009791,-0.076760797211692,0.06862998,0.24436712,0.08109379,0.23190331
traffic,469,14292,16404,0.8442986855118285,0.0970847828630416,0.24704003,0.72604966,0.35213614,0.62095356
traffic,292,16596,16788,0.8442710655737762,0.2051207383472401,0.0014675856,0.07812989,0.055137634,0.024459839
traffic,595,14356,17236,0.8442432717384108,0.2936018088675284,0.044481397,0.722446,0.42683876,0.25112587
traffic,89,15316,16468,0.8441688610064495,0.2354648861769667,0.49091625,0.7403383,0.6825471,0.5487075
traffic,458,16084,16852,0.844153714215477,0.2339814697425075,0.88608,0.36457682,0.52610874,0.7245481
traffic,706,15508,16852,0.8441516152910308,0.0846119185963773,0.28562832,0.14598298,0.055253744,0.084391594
traffic,740,14292,16788,0.8441444869751713,0.2778009388259539,0.43641782,0.9764112,0.776242,0.636587
traffic,115,16084,17364,0.8440836031112686,0.1074049008436256,0.83033574,0.038730383,0.8855938,0.09398842
traffic,427,14292,16788,0.8440620192794855,0.2767355801748912,0.1837287,0.5083647,0.31530595,0.37678742
traffic,284,14740,17364,0.8440618778654333,-0.0307418175742017,1.1004533,1.7044013,1.457189,1.3476655
traffic,329,14740,15316,0.8440473661050041,0.2520753309210075,0.3648367,0.16750717,0.30957603,0.22276783
traffic,149,15444,16212,0.8440397059504222,0.2735344410581385,0.19085085,0.25978196,0.32236648,0.12826633
traffic,689,15060,16212,0.8440320459556767,0.2700984221053329,0.009742498,0.09896088,0.053007126,0.036211252
traffic,651,15828,16020,0.8440239409343167,0.2598084836183062,0.1513133,0.5535264,0.24450469,0.46033502
traffic,334,15700,15892,0.8439939391370449,0.211673399071044,0.108929396,0.20652199,0.12627769,0.1891737
traffic,517,16084,16468,0.8439564801680461,0.1468443443324353,0.28692818,0.3663385,0.18078136,0.26019168
traffic,639,14292,16212,0.8439427591331519,0.2970062431960801,0.2661507,0.17306471,0.14837074,0.05528474
traffic,215,14932,17236,0.8439423553862233,0.2471194814947568,0.2904837,0.12072611,0.18881702,0.01905942
traffic,546,14164,16852,0.8439064220562739,0.2475453363306272,0.22597456,0.08561063,0.09521842,0.04514551
traffic,158,15508,16852,0.8438881777068986,0.2539449608473512,0.18675017,0.5321882,0.20844579,0.13699222
traffic,567,16340,16916,0.8438763131593452,0.2222069545597999,2.3929648,0.73207533,1.7512531,1.3737869
traffic,580,16148,16724,0.8438602254768142,0.0152032432662928,0.7760155,0.806833,0.7009356,0.88191295
traffic,326,14164,16852,0.8438238767806271,0.0355691961715348,0.6975651,0.8912053,0.96553874,0.62323165
traffic,678,15060,17172,0.8438231271929069,0.2916670595216105,0.7011876,0.09361315,0.7478783,0.14030385
traffic,250,14484,16212,0.8438187615487768,0.2740321756687716,0.08334708,0.49026847,0.0960567,0.47755885
traffic,408,14932,15124,0.8437960358492137,0.2110221249649371,0.21292663,0.18250775,0.23903513,0.15639925
traffic,319,14036,14996,0.8437679386189811,0.2800648899886906,0.7737613,0.85021806,0.7510176,0.87296176
traffic,252,14228,14996,0.8437582961063887,0.1002454314113467,0.87618506,0.7136111,0.6795646,0.9102316
traffic,733,14804,16340,0.8437463058063797,0.2825642820599767,0.24130058,0.0735867,0.17308474,0.0053708553
traffic,228,15124,16276,0.8437393092543394,0.2003610679174267,0.1946125,0.30781263,0.19947338,0.30295175
traffic,48,14292,16788,0.8436819367229469,0.2642085886598346,0.56752443,0.73334587,0.29814172,1.0027286
traffic,477,15316,16660,0.8436519665724342,0.1367608938716737,1.1211686,0.9214246,0.79131174,1.2512815
traffic,319,15188,16724,0.8436407072970996,0.2949357608659699,0.7669182,0.75554943,0.6614356,0.861032
traffic,171,16468,17428,0.8435503732418462,-0.2406143354733322,0.4958744,1.1640141,0.9318335,0.728055
traffic,27,14292,15252,0.8435480217645,0.0444786798915383,0.45275664,0.49462605,0.030495644,0.072365046
traffic,253,14996,16724,0.8435456256947143,0.2409066350388822,0.4227991,0.6139791,0.6804929,0.35628533
traffic,747,15700,16276,0.8435206734120082,0.0739831192092335,0.26622915,0.1658814,0.06545901,0.36665154
traffic,460,15380,16340,0.8435175972259161,0.1277929561428855,1.1239306,0.97443676,0.80479634,1.293571
traffic,259,15316,16468,0.8435043669450059,0.0040257817130094,0.12107873,0.48678493,0.12645388,0.4814098
traffic,185,16084,17364,0.8434928177569919,0.1406804166500133,1.0484488,2.1194422,1.512471,1.6554201
traffic,326,14548,17364,0.8434319578565976,-0.1274271999149001,1.0830183,0.55145717,1.0239503,0.61052513
traffic,607,15444,16980,0.8434145132344739,0.2828482845180207,0.4194417,0.052548647,0.3855343,0.018641233
traffic,231,14100,16020,0.843389874217828,0.2911657418238086,0.5796213,0.5841167,0.62578225,0.53795576
traffic,526,14548,17172,0.8433777324187378,-0.3090070410751077,1.1839219,1.6984806,1.0425714,1.8398311
traffic,226,16468,17428,0.8433690147251998,0.1039594553889607,0.6531879,0.011320591,0.8255731,0.16106462
traffic,778,14996,17300,0.8433431845270511,0.102174401912048,0.6887853,0.64784503,0.33436203,1.0022683
traffic,806,16980,17364,0.8433215319301857,0.1209946824741543,0.3713131,0.59512115,0.68320584,0.2832284
traffic,599,16276,16660,0.8433174207494748,0.2376206433449751,0.5932381,0.5565376,0.5261793,0.62359643
traffic,112,16276,16660,0.8432661830097172,0.0841949461802102,0.9986613,1.4534378,1.0353913,1.4167078
traffic,532,15188,15380,0.8432635074512547,0.1823414277924652,0.11303806,0.11987591,0.007884502,0.22502947
traffic,444,14036,16340,0.8432318901486384,0.2965659901941121,1.5395558,2.1192362,0.7604859,2.8983061
traffic,384,14612,14996,0.8432238589507938,0.1216619318273104,2.161687,2.38113,0.5615239,3.981293
traffic,843,14356,15316,0.8432147153822743,0.2487122313030505,0.17616653,0.27583742,0.14063883,0.31136513
traffic,678,14612,16148,0.8431772620392507,0.2013596809470646,0.62930465,0.19827318,0.2545333,0.57304454
traffic,290,14676,16980,0.8431639124857951,0.0567518236538563,0.1548636,0.7961074,0.4327631,0.5182079
traffic,508,16148,17108,0.843162577738567,-0.0135380416319541,0.045819998,0.35950446,0.26202822,0.5757127
traffic,141,15252,16980,0.8431142403456598,0.184435074071404,0.2563827,0.015162945,0.2672999,0.004245758
traffic,91,14612,16148,0.843109708281198,0.2656349693888218,0.22259879,0.021646976,0.112458944,0.13178682
traffic,45,15316,16468,0.8431024102039436,-1.5898352792580596e-06,0.16533661,0.36176944,0.0987494,0.29518223
traffic,139,14228,14996,0.8430998766382543,0.290814503250343,1.0835569,1.3511322,0.85209346,1.5825956
traffic,775,15892,17172,0.8430464415888204,-0.0493616223166971,0.63378835,0.7000208,0.25441194,0.32064438
traffic,437,15316,16276,0.842967795458504,0.0779762409366866,0.6543616,0.9044433,0.9893793,0.56942564
traffic,254,15764,16532,0.8428929909600243,0.2836379455389879,1.2847955,0.17691731,0.37106192,1.0906509
traffic,352,16596,17172,0.8428827382552088,-0.0665090512335711,1.1899263,0.7610154,0.70595086,1.2449908
traffic,253,16276,16660,0.8428816461443925,0.0966681291523273,0.98367417,1.6140769,0.9836837,1.6140673
traffic,164,14036,14804,0.8428123756821859,-0.0717791006989325,0.26533818,0.12677836,0.38425398,0.24569416
traffic,487,16020,17364,0.8428075896427142,0.1566343464142759,0.43906498,0.4059,0.5103724,0.33459258
traffic,461,15892,17172,0.8427233315660224,0.1914647293779003,1.0040463,1.4088972,1.2719871,1.1409564
traffic,585,15764,16916,0.8427171145945088,0.0633085775984809,0.025728106,0.10050666,0.0936712,0.16844976
traffic,514,15636,15828,0.8426839668433075,0.2697978422635898,0.75586057,2.1638315,1.5016532,1.4180388
traffic,435,15124,16468,0.842643481604836,0.1035185178248963,0.27959204,0.26438665,0.007673025,0.007532358
traffic,725,14036,16916,0.8426103724166355,0.2555455513336293,0.17097223,0.05265391,0.22430766,0.10598934
traffic,579,16340,17108,0.8425782256347243,0.2677617211562731,0.02116108,0.088915825,0.16493583,0.23269057
traffic,137,14740,17364,0.8425725342490563,0.2162896372715473,1.1134602,2.0284495,1.530404,1.6115057
traffic,571,16468,16660,0.84257058420818,0.0646882944331648,0.04106188,0.12451649,0.0033538342,0.08680844
traffic,655,14932,16468,0.8425658091626219,0.2743084478346801,0.3536942,0.17991805,0.3600874,0.17352486
traffic,410,15828,16596,0.8424836529742025,0.2536134264928363,1.1825299,1.2536614,1.5322282,0.9039631
traffic,512,15700,17044,0.84246717674864,0.0056407894330915,1.162974,1.4863126,1.0495957,1.5996909
traffic,497,14932,16852,0.8424512269085498,0.2129016632685027,0.96490216,0.20295739,0.4703511,0.69750845
traffic,780,15316,17236,0.8424492246888885,0.2131570325907764,0.3999536,0.4456756,0.26401234,0.5816169
traffic,297,14292,16404,0.8424373347105991,0.1769604077071805,0.8084543,0.6862351,0.6466038,0.8480855
traffic,841,14292,17172,0.8424297367707273,0.2140463958687853,0.3358736,0.049329996,0.264915,0.021628618
traffic,147,15892,17172,0.8424149814439617,-0.2117432387042203,0.9058492,1.9263506,1.2927067,1.5394931
traffic,330,16532,17108,0.8424017284193258,0.0993721649746862,0.3471036,0.1625855,0.016819477,0.49286962
traffic,680,14676,15828,0.8423825918671625,0.1002645102175482,0.8488929,1.0231965,0.9711447,0.9009447
traffic,113,14740,16084,0.8423321199153361,0.291551851820185,0.21330607,0.42143846,0.29934728,0.33539724
traffic,591,15060,16404,0.8423309592611188,0.2779383101382149,0.078169584,0.023152769,0.11824149,0.06322467
traffic,344,14676,16980,0.8423092204869809,0.182123274730183,1.4186358,1.2444415,1.7337723,0.9293051
traffic,228,15636,16788,0.8422826422413886,0.0103919321477498,0.9373398,0.7633533,0.79936624,0.90132684
traffic,840,16660,17300,0.8422566537319525,0.2293807035214736,0.78375435,1.0785177,0.723557,1.138715
traffic,801,14548,16468,0.8422457322555208,0.1826480441329982,0.67080724,0.19089913,0.31060624,0.55110013
traffic,799,16468,16852,0.842194726266653,0.2637027275623504,0.19002676,0.10807729,0.047973156,0.033976316
traffic,37,15188,17108,0.842142689340122,0.264282844341789,0.093621016,0.49796855,0.051621914,0.6432115
traffic,377,14484,16788,0.8420675226175295,0.2065307335468438,0.10754013,0.76385915,0.41317606,0.45822322
traffic,726,15828,16020,0.8420520944351776,0.1588085636661511,0.37930346,0.6317482,0.45758152,0.55347013
traffic,836,16660,17428,0.8419789064178756,0.1509295862844076,1.1201358,1.066661,1.5396864,0.64711034
traffic,610,15508,16468,0.8419393408416824,0.2809760254884432,0.03332925,0.4108212,0.098018646,0.2794733
traffic,283,14932,17044,0.8419139214824249,-0.0028768888206978,0.4508829,0.012628078,0.2651255,0.19838548
traffic,366,16276,17236,0.8419089420530472,0.2888722463323855,0.094379544,0.19448566,0.028969765,0.12907588
traffic,778,16148,16340,0.841906846119587,0.2406375072200517,0.28385568,0.049322367,0.17688608,0.05764723
traffic,189,14292,16404,0.8418945405327111,0.2866199851297276,0.5625007,0.63683534,0.40158963,0.7977464
traffic,73,14484,16788,0.8418630143597662,0.140517972332701,0.5235913,1.2998121,1.2859973,0.5374061
traffic,497,14612,16532,0.841840273112307,0.2782367668793303,0.65277743,0.23569322,0.4141183,0.47435236
traffic,484,14164,17236,0.8418297943578008,0.2902589752076808,0.30749822,0.6854298,0.40476394,0.5881641
traffic,814,14612,17300,0.8418144358822641,0.1770806826936953,0.8170631,0.22752666,0.550846,0.49374378
traffic,348,15124,15508,0.8417880741919652,0.2638391109896454,0.64031625,0.07784605,0.2975979,0.2648723
traffic,808,14228,14996,0.8417718334262563,0.2899027480242602,0.94927514,1.0327082,0.79136217,1.1906211
traffic,434,15828,17364,0.8417022605258789,0.2491481581679897,0.18863082,0.007369995,0.20180345,0.0058026314
traffic,393,14804,17108,0.8416622161316367,0.1299887675305914,0.86959314,0.62344676,0.37462783,1.118412
traffic,645,14292,17172,0.8416376376360272,0.1174818606294122,0.8638252,2.1863701,1.4268211,1.6233742
traffic,152,15828,17364,0.8416164319077201,0.2735876776122584,0.4555142,0.6049485,0.6250036,0.43545914
traffic,746,15892,17364,0.8415863794662684,0.0106440932427946,0.9959372,0.3071816,0.7738961,0.08514047
traffic,603,14164,16276,0.8415785169635555,0.2808355046821611,1.3194952,0.7838571,1.2968805,0.8064718
traffic,400,14228,15956,0.8415358773688735,-0.0391560225371079,0.79027617,3.5296292,1.723513,2.5963924
traffic,49,15636,16212,0.8414901865515213,0.2626912753689205,0.023447037,0.042297363,0.13589334,0.20163774
traffic,727,16340,16916,0.8414719055199092,0.0585483578127678,2.7470052,0.8461888,1.862761,1.730433
traffic,437,14036,16532,0.8413977246671245,0.0509804912692682,0.11225057,0.8082528,0.13026047,0.8262627
traffic,264,14100,16404,0.8413679423475801,0.2100842127712138,0.1912055,0.38566804,0.29071212,0.28616142
traffic,151,14740,17172,0.8413540731093623,-0.2596047979534048,0.8633497,0.18929267,1.1623702,0.10972786
traffic,110,14612,17108,0.841338045094881,0.1604639383971363,0.05462575,0.5366975,0.08276677,0.5085565
traffic,433,14612,17108,0.8413280414223604,0.1436214132299006,0.07281566,0.21168947,0.18201983,0.46652496
traffic,163,16020,17364,0.8413069094441031,0.2755796469826309,0.60093474,0.80071545,0.7440965,0.6575537
traffic,770,15380,16532,0.8413019490638542,0.2639514755917926,0.61716676,0.03143096,0.32380676,0.32479095
traffic,125,16212,16596,0.841254585315126,0.2327701745495241,0.030976772,0.14898396,0.08450341,0.26446414
traffic,453,14100,16404,0.8412281818274315,0.1015670855652885,0.0896163,0.055474043,0.032341957,0.0018002987
traffic,293,14100,16596,0.8412275759112223,0.2434129872623659,0.19413543,0.08529186,0.17953086,0.09989643
traffic,668,16468,16660,0.8411834019462751,0.0860574838901208,0.92686963,0.827044,0.539031,1.2148826
traffic,482,14740,16660,0.8411568632931978,0.2275089996735593,0.392591,0.32769585,0.5056896,0.21459723
traffic,573,15828,17172,0.8411558092745683,0.1816848455407289,0.15199518,0.21320176,0.026815414,0.08802199
traffic,571,15188,16916,0.8411310481159597,0.2767251275438852,0.06719947,0.052395582,0.304816,0.29001212
traffic,757,14356,16276,0.8411231352968995,0.240220552513508,0.14443874,0.25775802,0.099491954,0.3027048
traffic,714,14356,15316,0.8410867847598841,0.2156728454951707,0.15099072,0.0550313,0.30019546,0.09417343
traffic,63,16020,17364,0.8410505324598396,0.1323809186347638,0.072858095,0.15121174,0.019366741,0.058986902
traffic,431,15636,16788,0.8410463226015931,0.0824716121641658,0.6702664,0.4293325,0.47417426,0.6254246
traffic,799,14356,17236,0.8409858090257477,0.2389793141783646,0.25415397,0.4156549,0.20322824,0.46658063
traffic,229,16468,17300,0.8409837460427781,-0.3136575888083965,0.7111745,0.31118703,1.1060584,0.7060709
traffic,531,14804,17300,0.8409536863426044,0.2811250295473829,0.17271352,0.37322032,0.13192368,0.41401017
traffic,350,16404,17172,0.8408415733844395,0.1136375990792493,0.39705956,0.8292974,0.77406526,0.45229173
traffic,395,15124,16276,0.8408251662152323,0.2940676415343637,0.06312239,0.10075843,0.020407677,0.14347315
traffic,539,15188,16532,0.8407815758228742,0.0152248754775794,0.46610308,0.5689299,0.43107414,0.60395885
traffic,602,15188,15956,0.8407640178033775,0.2067373289445681,0.40186763,0.10491037,0.106393576,0.6131716
traffic,854,14996,16340,0.8406908631820247,-0.0342560676325578,0.092722654,0.08752465,0.2313819,0.051134586
traffic,261,14228,16340,0.8406842709193343,0.2754638244367444,0.91483045,0.8864293,0.8311379,0.97012186
traffic,558,15380,16532,0.8406485026715736,0.2725168425638298,0.13822901,0.3464322,0.17740583,0.38560903
traffic,175,14036,16724,0.8406367133233263,0.2161833564157318,1.4617058,0.7782459,0.62887466,1.6110771
traffic,43,14292,16980,0.8405523396970306,0.2064738453374146,0.45926404,0.26962233,0.27390325,0.08426154
traffic,736,14932,16660,0.8405519272286112,0.1960771245637927,0.84080327,0.7727599,0.91836345,0.6951997
traffic,594,16020,16404,0.8405513167318776,0.2384276479595309,0.31688333,0.8942809,0.8071295,0.40403473
traffic,694,14036,16724,0.8405439547090943,0.123915223406434,0.72328615,0.030227661,0.42057943,0.27247906
traffic,355,14484,16596,0.8405233305364536,0.0728590999396028,0.31921005,0.8428128,0.43265867,0.72936416
traffic,511,14100,14292,0.8405032785952609,0.1776199277232145,0.29735112,0.015464783,0.21938872,0.09342718
traffic,518,15252,16020,0.8404959131017796,0.2380727447804595,0.4787128,0.90027833,0.91085386,0.46813726
traffic,142,14932,17044,0.8404838086482177,0.1586942832383552,0.3536408,0.026603699,0.27729774,0.04973936
traffic,117,14420,16340,0.8404824157798159,0.1562120911471401,0.62441885,0.43022203,0.6053256,0.4493153
traffic,331,14676,15828,0.8404718198855816,0.0699412160638058,0.72499895,0.40844297,0.62096167,0.51248026
traffic,509,14548,15892,0.840462346916325,0.2564779994067073,0.1181488,0.16561294,0.28955603,0.0057942867
traffic,638,14868,16212,0.8404594026143101,0.2555818375515415,0.21115506,0.32798326,0.33174074,0.20739758
traffic,331,17172,17364,0.840377393405292,0.0434812438856206,0.055090904,0.08414602,0.10298443,0.07392931
traffic,426,14804,17300,0.8403574123953628,0.0339003908495739,0.23183155,0.03755808,0.42318606,0.15379643
traffic,560,15316,16276,0.8403378924740644,0.2874348860004799,0.41992545,0.4521258,0.3364067,0.53564453
traffic,317,14356,17236,0.8403065200774696,0.1731310728362876,0.21076441,0.37685537,0.24319673,0.4092877
traffic,266,16020,16404,0.8403047830140162,0.2383484511177857,1.017616,0.98316956,1.2810547,0.71973085
traffic,641,15124,15700,0.840289242953569,0.2044582825449236,0.31601477,0.12107134,0.12457037,0.07037306
traffic,370,15636,16212,0.8402848181522126,0.2652484873427723,0.15169287,0.029550552,0.22635126,0.04510784
traffic,499,15828,16020,0.840254796961357,0.1525554875748791,0.010562897,0.21485257,0.081605434,0.3070209
traffic,102,15124,15508,0.8401659723610101,0.294373439639729,0.2993915,0.04899144,0.21493506,0.035465002
traffic,224,14420,16660,0.8401127109200907,0.0203998440757609,1.2732705,0.57373166,0.9245542,0.9224479
traffic,220,14164,16852,0.8401062631001546,0.0106445227938302,0.31595635,0.9691397,0.9794233,0.30567276
traffic,66,14676,17364,0.840091153862155,0.2727012350529434,0.491503,0.18433166,0.3850832,0.29075146
traffic,150,14164,15508,0.8400632431702963,0.2104156104602902,0.48207188,0.4627607,0.49536037,0.4494722
traffic,497,15124,16660,0.8400330390307049,0.2131974800147653,0.75814617,0.5538318,0.45368183,0.85829616
traffic,254,14612,16724,0.840027244911685,0.2905395583181843,1.3307467,0.6876395,0.5718577,1.4465284
traffic,666,14548,16276,0.8400058855676995,0.2736745996792679,0.5450002,0.510437,0.5107112,0.544726
traffic,147,14548,17364,0.8399793501079358,0.1449534417504279,1.0568389,3.5591788,1.5738283,3.0421896
traffic,87,14100,15828,0.8399470501621739,0.1049897063144322,0.46181655,0.27703428,0.503036,0.23581481
traffic,478,15636,16212,0.839944580427498,0.176992421215915,0.13124514,0.33520198,0.11179352,0.3546536
traffic,773,16148,17108,0.8399201657805495,0.0778384909111871,1.2792501,0.68053544,0.7119311,1.2478545
traffic,785,15636,16404,0.8398879094550621,0.2352117984075586,0.8059298,0.52185845,0.488006,0.83978224
traffic,330,16084,17236,0.839877645671868,0.2477568146662248,0.5279603,0.14973938,0.64887786,0.028821826
traffic,427,14740,15508,0.8398724237755435,0.2514919640498656,0.56272054,0.16124201,0.28904343,0.43491912
traffic,66,14996,16340,0.8398618596123951,0.2951101246492232,0.5608649,1.1684995,0.80319715,0.92616725
traffic,580,15892,16852,0.8398355515208045,0.0824351755499502,1.0571921,0.41778874,0.7274812,0.7474997
traffic,361,15636,16212,0.8397916547846331,0.0968141225831345,0.0972836,0.003930092,0.21529937,0.114085674
traffic,149,14996,15572,0.8397322109763419,0.1518478378659787,2.1258938,0.68477964,1.3175094,1.4931641
traffic,367,14740,17172,0.8397244366159926,-0.1660186256544647,0.92919827,1.6854544,1.5737929,1.0408597
traffic,115,15572,16660,0.839724345593117,-0.1731227721773733,1.3897346,0.27648115,0.85639346,0.8098223
traffic,785,14036,15764,0.8397030956273397,0.2767987391293029,2.5297809,0.73888856,1.6973739,1.5712955
traffic,323,14100,15444,0.839647963836013,0.1938203142195539,0.15330696,0.13160348,0.16600966,0.4509201
traffic,558,16660,16852,0.8396312488153633,0.258476164124412,0.10766673,0.8226459,0.6409035,0.28940916
traffic,693,15444,17364,0.8396089833672108,0.0856501157941448,0.5090004,0.95290077,1.349638,0.1122632
traffic,137,14484,16980,0.839590069952444,0.2984510857380502,0.8259523,1.2541852,1.3424432,0.73769426
traffic,185,14292,15828,0.8395377253056727,0.2564090435266901,0.7789881,2.1926413,1.3520312,1.6195982
traffic,138,16020,16212,0.8395307675164253,0.2295694178913674,0.94162107,1.0190753,1.3207557,0.6399406
traffic,770,15956,16916,0.8395288232248388,0.1731879135760995,0.38996387,0.5367439,0.20792627,0.7187815
traffic,198,14036,16532,0.8395181195101941,0.2762151666645613,0.86974585,0.47780895,0.5009068,0.846648
traffic,405,14292,17172,0.8394921637035612,0.2886206327551567,0.49127817,0.12899518,0.40408444,0.21618891
traffic,643,14420,16532,0.8394848616849698,0.2139345483295194,0.22991371,0.0313313,0.122781515,0.075800896
traffic,393,15124,16276,0.8394613247373641,0.209885266914136,0.26269317,0.30473816,0.2210877,0.34634364
traffic,858,14676,15636,0.8394009460338561,0.2913924946620365,0.34433103,0.22278881,0.21312237,0.09158015
traffic,611,16660,17428,0.839377683458667,0.2260361578823372,0.21432209,0.25083327,0.27732182,0.18783355
traffic,521,14100,17172,0.8393285671717323,0.2359225583646523,0.5848069,0.11933565,0.59854555,0.10559702
traffic,13,15508,16084,0.8392262978265519,0.1773971940010502,0.6395458,0.3214022,0.16373038,0.7972176
traffic,687,15444,16404,0.8392177920401084,0.1830332588489008,0.14889598,0.48613584,0.04592526,0.2913146
traffic,755,16020,16212,0.8392111833537531,-0.0509655577301441,0.025890827,0.5102234,0.356274,0.1798402
traffic,1,15636,16788,0.839204301215058,0.2529103668473039,0.15236664,0.3816805,0.1874392,0.34660792
traffic,324,14036,16532,0.839090793291133,0.0690043597070757,0.39436805,0.23691523,0.3148533,0.15740049
traffic,782,16660,17044,0.8390764846481028,0.2673492113066057,0.059393167,0.42543054,0.17231059,0.19372678
traffic,127,16660,17428,0.8390578086242505,0.267203501513235,0.15565419,0.6758115,0.42193103,0.4095347
traffic,656,16148,16724,0.8390462641917988,0.2055954497436681,0.41477418,0.15970612,0.40378785,0.17069244
traffic,763,15828,16596,0.8390399610791306,0.2950644519318388,1.6567409,1.7221435,2.6332092,0.7456753
traffic,601,16276,16660,0.8390256409264484,0.1381850391380281,0.67449796,0.8097663,0.8094567,0.67480755
traffic,417,14740,17428,0.8389648787948413,0.2577148940458222,0.51121783,0.33897805,0.50135684,0.34883904
traffic,269,15764,16148,0.8389624111736312,-0.1068683089012147,0.44477844,0.6200721,0.68236566,0.3824849
traffic,30,16020,16788,0.8389599695420626,0.2983823608600463,0.4531331,0.8754759,0.7499409,0.5786681
traffic,581,15956,16916,0.8389288633480643,0.2819023466038567,0.26032603,0.37993503,0.011602998,0.62865806
traffic,261,16020,16404,0.8389108828781286,0.2782845326777402,1.2003398,1.3809563,1.9047091,0.676587
traffic,773,14676,15636,0.8389075037475876,0.2734555111715028,0.22822928,0.8607278,0.558414,0.5305431
traffic,610,14996,16148,0.8388948497896657,0.2418515462309684,0.007502556,0.059373617,0.27710629,0.32897735
traffic,591,14676,16596,0.8388747518173177,0.2025120843763713,0.87068176,1.2442049,1.3035134,0.81137323
traffic,709,14228,14996,0.838862176469198,0.1425304113719226,2.0906181,1.7392478,0.5589422,3.2709236
traffic,674,14804,17300,0.8388313346544142,0.1511404870574803,0.14285898,0.3409052,0.045627832,0.43813634
traffic,616,14292,17172,0.8387708748991326,0.1879012488268034,0.334507,0.018352985,0.3748896,0.05873561
traffic,171,14548,15124,0.8386988452670361,0.2562361874835092,0.3060994,0.19035196,0.32961833,0.16683304
traffic,732,14228,16340,0.8386884245510826,0.2415167652143955,1.1144106,1.2706089,0.9202552,1.4647644
traffic,49,14164,14356,0.8386808034142297,0.2013829909345393,0.074329376,0.14803219,0.064997196,0.15736437
traffic,768,14676,15828,0.8386789837119449,0.1193611575473888,0.34796572,0.76602125,0.80229044,0.31169653
traffic,698,16468,16660,0.8386578284590871,0.2670629161188758,0.7697263,0.6712551,0.44850802,0.99247336
traffic,298,17044,17236,0.8385790798715389,-0.0368589711812613,0.15103698,0.009025097,0.061422586,0.20343447
traffic,279,15892,17364,0.8385389359049068,-0.0294326560254571,0.9720069,2.4549062,1.7723793,1.6545339
traffic,536,15380,16660,0.8385355003194439,-0.2662260050083849,1.0964719,2.323329,1.084786,2.3350148
traffic,233,15508,16852,0.8385146818668913,-0.0120920342110018,0.27117133,0.3238194,0.04393816,0.0087099075
traffic,774,16980,17364,0.8385111999115916,0.287764228593614,0.38860035,1.5828397,1.4601383,0.51130176
traffic,216,14292,15636,0.8384480989910095,0.1652696504451133,0.23778343,0.27087212,0.2937188,0.21493673
traffic,100,15828,16980,0.8384452723314261,0.241983622732041,0.16518044,1.0422277,0.8208753,0.3865329
traffic,222,14292,16404,0.8384382459757607,0.2724125132443578,0.313061,0.6607814,0.41826677,0.5555756
traffic,226,15060,15828,0.8383141853236334,0.1589636241467699,1.1536262,0.45650315,0.6709037,0.026219368
traffic,607,14612,16532,0.8383088578109074,0.1572750401942975,0.31976962,0.2811017,0.12960362,0.09093571
traffic,503,14292,16596,0.8382126657937837,0.104527747093964,1.1842792,1.6253712,2.1926203,0.61703026
traffic,400,14292,16596,0.8381899932472563,0.2490143320027004,0.5176978,1.1497759,0.40004385,0.2320342
traffic,500,16852,17428,0.8381622787713962,-0.0097936754760176,0.08957434,0.063171625,0.09445977,0.24720573
traffic,150,16468,17300,0.8381286511268587,-0.3371421975194883,0.58895445,0.39788246,0.9990945,0.8080225
traffic,175,16084,17364,0.8381046472327806,0.1544002107035197,0.969417,1.1870728,1.4949638,0.66152596
traffic,184,14484,14868,0.8380874993119344,0.2749237928718474,0.19256234,0.23755383,0.0074088573,0.43752503
traffic,152,14996,16916,0.8380386064517193,0.1731671294533326,0.8169024,0.5583174,0.09069228,1.2845275
traffic,826,15444,17364,0.8380190486047862,0.2890052512994491,0.2818699,0.123459816,0.6972709,0.5388608
traffic,269,15188,16532,0.838016189526803,0.1518303642007458,0.2285335,0.24739218,0.19677663,0.27914906
traffic,134,15636,16788,0.837989244501803,0.218877190601425,1.8981673,1.1062635,1.8561872,1.1482435
traffic,355,14932,17172,0.8379879962261132,0.2586461231955259,1.0863453,1.0862439,1.2707707,0.9018185
traffic,255,16660,16852,0.8379815949307596,0.222585250232838,0.33706427,1.1172171,0.9967735,0.45750785
traffic,515,16212,17364,0.8379808459199825,0.1610519141574201,0.63513064,0.9593365,0.9798577,0.6146095
traffic,453,15316,16276,0.8379593813286746,0.2867718989266212,0.22122383,0.30772805,0.17979383,0.34915805
traffic,497,14100,16212,0.8379095659755662,0.2324601603921371,0.28525472,0.3454194,0.41551054,0.21516359
traffic,171,14036,16532,0.837908512473678,-0.0689443182251711,0.3095634,0.1910038,0.29612005,0.17756045
traffic,463,15636,16788,0.8378747499067825,0.154672319820894,0.08944178,0.72581387,0.40035868,0.41489697
traffic,60,14164,16660,0.8378345092413074,0.1807194147227243,0.27683902,0.3470006,0.39416552,0.2296741
traffic,641,15764,17300,0.8378286740087113,0.003322935666697,0.2845837,0.23710024,0.47732925,0.044354677
traffic,479,16020,16212,0.8378195314984168,0.2685752514384659,0.37329698,0.5247805,0.5285721,0.3695054
traffic,220,16660,17428,0.8378087146065691,0.273476676320224,0.6622968,0.7851453,0.7807517,0.66669035
traffic,75,16148,17300,0.8377809034873421,0.2300989134212784,0.15345407,0.42260993,0.026632547,0.54943144
traffic,379,14036,16532,0.8377534872675892,0.0562240409806767,2.3936286,0.8133832,1.8037014,1.4033104
traffic,216,16084,17364,0.8376979547911173,0.1069155520752335,1.0542835,2.5537488,1.5153586,2.0926738
traffic,782,14484,15252,0.8376932612922063,0.1530912471412844,0.05542159,0.79290867,0.28655767,0.5617726
traffic,588,14164,16084,0.8376831893807374,0.2484838715572259,0.8693595,0.5162767,0.32163,1.0640062
traffic,830,15252,16788,0.8376792871945331,0.2330910806643072,0.028261185,0.22790146,0.20856583,0.4082061
traffic,3,16276,16660,0.8376703075086596,0.0391366220288811,0.90389764,1.3008821,1.0742689,1.1305108
traffic,751,14804,15188,0.8375654198226622,0.109350988002464,0.24640942,0.36038804,0.06881857,0.1827972
traffic,72,15124,15508,0.8375604850535198,0.1776619462120047,0.41262364,0.014103174,0.23309922,0.1936276
traffic,28,14292,16980,0.8375413624391004,0.1909571994310844,0.04442787,0.51119256,0.24185967,0.22490501
traffic,151,14548,17364,0.8375166752371211,-0.0296798942697345,1.2210432,0.50336504,0.92167366,0.8027346
traffic,189,15572,16660,0.8374959874631231,-0.0217374345597456,1.4767017,2.5111158,1.0178466,2.969971
traffic,331,15636,16788,0.8374814405317433,0.2484531145582078,0.27358794,0.110116005,0.43162608,0.047922134
traffic,680,15636,16788,0.8374742940635999,0.1706231159364521,0.65976715,0.60479856,0.40785646,0.85670924
traffic,769,14740,15508,0.83745345207809,0.1015900598592185,0.5938523,0.6872113,0.73107696,0.5499866
traffic,848,14292,14868,0.8374162812372749,0.2753959457390424,0.023257017,0.10552907,0.14617848,0.22845054
traffic,273,16596,17172,0.8374114878626925,0.2962862133637437,0.9997741,0.91103935,0.769585,1.1412284
traffic,820,14612,16724,0.8373922938565769,0.267401382008949,0.76281404,0.22901726,0.44986963,0.54196167
traffic,624,14740,17364,0.8373610423535143,0.1578028253387822,0.9680035,1.7580755,1.506191,1.219888
traffic,183,16660,16852,0.8373326132616287,0.0809376905238462,0.015388727,0.32804537,0.18909407,0.123562574
traffic,303,14548,17236,0.83731078585781,0.2933256980853373,0.084762454,0.16207325,0.048069,0.1253798
traffic,694,14484,16788,0.83728394224854,0.2759406985846124,0.03028822,1.0549295,0.48021555,0.5444257
traffic,434,16532,17300,0.8372759277202462,0.240068346859759,0.50624907,0.26165676,0.4990741,0.26883173
traffic,362,15636,16788,0.837262840983782,0.2939434391040479,0.09645772,0.5815643,0.3888383,0.28918374
traffic,484,14292,17172,0.8372360975914608,0.2937215212548433,0.6081562,0.036653996,0.41286993,0.15863228
traffic,602,15252,16020,0.8372141506430725,0.2860011327344046,0.46616375,1.1958566,1.0648876,0.5971327
traffic,713,15572,16532,0.8371896744804247,0.2820600815803132,0.6394001,0.24599123,0.7099129,0.17547846
traffic,818,14740,15316,0.8371874156530599,0.2969096869367872,0.496464,0.2960713,0.45813155,0.33440375
traffic,602,14100,16212,0.8371788633012174,0.2949078052480213,0.028624773,0.160743,0.28587794,0.15375972
traffic,53,15892,16084,0.8371535303854462,0.2663757161989503,0.0017914772,0.021962881,0.004314184,0.019440174
traffic,81,15956,16724,0.8371457870251768,0.1515095379204715,0.14304376,0.051036835,0.27360606,0.18159914
traffic,398,15828,17300,0.8371361211872037,-0.1067527134412651,1.2546957,0.69559765,0.26912045,1.6811728
traffic,470,14804,14996,0.8371159915206569,0.2142539284157137,0.8006475,1.9578598,1.1245124,1.6339948
traffic,728,15700,17236,0.8370684684676255,0.2357943789694671,0.50144446,0.2802626,0.4534675,0.23228562
traffic,475,14996,16532,0.8370256388417162,0.2131812593729886,0.22774076,0.1453886,0.31543326,0.2330811
traffic,537,14996,15764,0.8369984581108358,0.0329005187773512,0.31961012,0.5746261,0.14118576,0.75305045
traffic,98,14996,15380,0.8369243117226345,0.2557898816172235,1.8010387,0.9570489,1.6672821,1.0908055
traffic,745,15124,16084,0.8369133399994427,0.2625317469735747,0.33387935,0.48703682,0.27864814,0.54226804
traffic,726,14228,16148,0.8369046512353437,0.223495356843093,0.3924153,0.041124344,0.28079057,0.15274906
traffic,477,14164,17428,0.8368900499593329,0.2047949912382808,0.24736142,0.26997018,0.09236622,0.114974976
traffic,406,15828,17172,0.8368811585815727,0.1988757050442099,0.29624057,0.03244686,0.0876956,0.17609811
traffic,528,15956,16724,0.8368366714422305,0.2063011659943008,0.9095918,0.33009624,0.3894031,0.85028493
traffic,51,14292,17364,0.8368315762755476,0.2856828122725904,0.43778968,0.5027795,0.600723,0.33984613
traffic,473,16468,17428,0.8368237004582675,0.225893851101006,0.091573,0.23571599,0.1646893,0.16259968
traffic,745,14996,17108,0.8368026365841269,0.2629743144886801,0.8724251,0.71790874,0.80101717,0.78931665
traffic,458,14292,16404,0.8367788863936807,0.1117198910080654,0.19785345,0.35719907,0.1898017,0.36525083
traffic,403,14612,16916,0.8367697901649803,0.2065283960143465,0.69645655,0.4002381,0.34319425,0.7535004
traffic,766,14676,17172,0.8367674907897654,0.1920040549005306,0.8761661,0.39596605,0.9214957,0.35063648
traffic,330,14612,16724,0.836746760150604,0.2288415762944547,0.888067,0.38032532,0.54276395,0.7256284
traffic,796,14420,16532,0.8366511733785886,0.2065656742277468,0.43616557,0.14868164,0.14430547,0.14317846
traffic,796,14804,16340,0.8365925366235715,0.2471123528873575,0.5441866,0.31291914,0.45691943,0.4001863
traffic,422,16980,17364,0.8365358517009306,0.2084399810211921,0.689507,1.0334623,0.81075287,0.9122164
traffic,732,14996,15572,0.836514954980732,0.2635070880584958,1.0655327,0.730445,0.91189146,0.88408625
traffic,285,15252,16980,0.8364936274285772,0.2534041565998537,0.4688413,0.077168226,0.42629027,0.034617186
traffic,64,14484,15636,0.8364715793763912,0.2807699186836321,0.5508182,1.177125,1.0698218,0.65812135
traffic,567,16468,17428,0.8364268026596304,0.0117249389888755,0.43218803,0.4288795,0.3661573,0.49491024
traffic,374,14292,16788,0.8364067494353743,0.2377000020713684,0.109325886,0.43399584,0.1580112,0.38531053
traffic,836,15636,16404,0.836384530959037,0.0482273974583593,0.13196778,0.23999214,0.03211665,0.14014101
traffic,539,14804,16148,0.8363722365095997,0.2417247906059685,0.15999007,0.03783989,0.11413765,0.08369231
traffic,421,16340,17108,0.8363590009871822,0.2938102045070291,1.2563937,0.6706021,0.90234137,1.0246544
traffic,313,14164,14548,0.8363553270169143,0.2819103665025231,0.2544198,0.31159878,0.081551075,0.4844675
traffic,16,15636,16980,0.8363458516019457,0.2442337412518733,0.3603146,0.16265535,0.44984722,0.25218797
traffic,397,14036,14996,0.8362793432778977,-0.0163895202605967,1.3819741,1.3062735,0.7183975,1.9698501
traffic,85,14996,16532,0.8362322896988988,0.1779699517262624,0.11332059,0.18719435,0.22405863,0.52457356
traffic,108,14164,15508,0.8361861764455256,-0.2027268587682061,0.4223659,0.31654167,0.28582883,0.45307875
traffic,386,14996,16916,0.836182900141369,0.2123721752821036,1.071594,0.5382607,0.35465145,1.2552032
traffic,859,16468,16852,0.8361656865738352,0.231454001460524,0.36304855,0.004924774,0.15149546,0.21647787
traffic,358,16212,16980,0.8361480371626466,0.1886034760580309,0.25813293,0.119562626,0.13917208,0.0006017685
traffic,401,14804,17300,0.8361447863233132,0.0535712095369882,0.06916165,0.19196868,0.07503748,0.1978445
traffic,359,14228,14996,0.836138077980456,0.2509128215599016,1.6899854,0.9093299,0.5672003,2.032115
traffic,164,14996,16724,0.8361344603446607,0.1297962588071539,0.17421031,0.3009628,0.14164472,0.61681783
traffic,276,15124,15316,0.8360910048455644,0.1753819033684194,0.58450735,0.94172525,0.7089242,0.8173084
traffic,631,14932,15508,0.836073785912511,0.2703341889577987,0.1734469,0.086851835,0.21445584,0.12786078
traffic,551,14100,16980,0.8359143135251772,0.2964372063285402,0.5938051,1.665723,1.6205986,0.6389295
traffic,578,15316,17428,0.835880186458136,0.2645676186906431,0.08188605,0.3254919,0.07768583,0.4850638
traffic,620,15380,16340,0.8357577640168644,0.2541063706482593,0.60189676,0.7253709,0.8684931,0.45877457
traffic,248,14676,16020,0.835717095521712,-0.022758641009528,0.11934543,0.1479435,0.13711858,0.13017035
traffic,748,14804,17108,0.8356897010656666,0.0343667659377779,0.18136787,0.3646922,0.092926025,0.45313406
traffic,85,14100,16404,0.8356645001868201,-0.078188687302976,0.40625286,0.7588954,0.048433542,0.40107608
traffic,137,14676,16596,0.8356452421986632,0.1428783861068603,1.5546837,1.2942443,1.9553556,0.89357233
traffic,355,15508,16852,0.8355952583602487,-0.0348900738505225,0.004652977,0.114564896,0.037486076,0.15670395
traffic,372,16020,16404,0.8355455306288471,0.2688793415919591,0.9983897,1.162637,1.501559,0.6594677
traffic,469,14996,16340,0.835544622136662,0.2767928720014986,0.122508526,0.12957525,0.1847601,0.067323685
traffic,527,14548,17364,0.8355289779683683,-0.2493195852234684,0.99075747,0.58441687,1.484088,0.09108639
traffic,87,14356,17236,0.8355159419786086,0.133525330184227,0.30477405,0.29306173,0.36509562,0.3533833
traffic,422,14036,16340,0.8354928548524616,0.2980318031647444,0.576427,0.14313173,0.4075024,0.3120563
traffic,95,14996,15572,0.8354818393753782,0.204566986616025,2.1801834,0.98530173,1.9641833,1.2013018
traffic,604,15444,16788,0.8354634805247847,0.2672121548603974,0.06821978,0.06369734,0.15112054,0.1465981
traffic,436,14612,16916,0.8354374831354855,0.2295585800510078,0.7828235,0.55735564,0.31290042,1.0272787
traffic,285,14164,17428,0.8354366192339424,0.0559487143256396,0.031561136,0.16841292,0.046742916,0.24671698
traffic,480,15572,16660,0.8353728678788837,-0.2198833276850895,1.681098,2.1123037,0.76143235,3.0319695
traffic,562,14676,16980,0.835371793542143,0.0246476553359818,0.3880601,0.70136046,0.09090209,0.40420246
traffic,67,14420,16532,0.835354303931142,0.1845894723458448,0.71351796,0.253677,0.8231136,0.14408135
traffic,756,14996,16532,0.8353498779067893,0.2915408558861881,0.22352242,0.23437214,0.044674635,0.41321993
traffic,163,14356,16276,0.8353352179485588,0.2456878366281268,0.0010604858,0.1154207,0.13542247,0.24978268
traffic,155,15444,15828,0.8353318350346948,0.1524330829830937,0.47230232,0.3918066,0.6550933,0.20901561
traffic,400,16660,17428,0.8353146881104436,0.1482892000668257,3.7586632,0.91842484,3.1888845,1.4882034
traffic,509,15380,16660,0.8353058377264934,-0.292367525338483,1.208478,0.6049793,0.92724824,0.886209
traffic,533,15828,16596,0.8352876498945279,0.235637648204067,0.5737598,1.6698592,1.7893753,0.4542436
traffic,801,16148,17108,0.8352861835620697,0.2394196484361852,0.51368904,0.64233387,0.27924848,0.87677443
traffic,234,14932,16852,0.8352548117682768,0.2878918912841185,0.77370703,0.109493375,0.5582193,0.3249811
traffic,91,14676,15316,0.835231378927358,0.0068201755405387,0.660074,0.02162385,0.74258757,0.06088972
traffic,771,16276,16660,0.8351686401611639,0.2522617895116422,0.23455024,0.1415894,0.27390718,0.102232456
traffic,227,15572,16916,0.8351164570144934,0.2722563196515192,0.027309418,0.2583846,0.16300797,0.39408314
traffic,25,14100,16404,0.8351152518094351,0.1761834551471354,0.09659982,0.45200586,0.2725116,0.27609408
traffic,752,15444,17364,0.8350499442227396,0.2857568964355328,0.37177896,0.12851024,0.40517926,0.09510994
traffic,15,15060,16404,0.8350372402440734,0.0916973580258643,0.12694323,0.47658592,0.24328732,0.36024183
traffic,67,15892,16852,0.8349683945181936,0.2617394069693248,1.058691,0.022678256,0.542078,0.53929126
traffic,378,16084,17364,0.8349414467618037,0.1032909127963522,1.0829731,2.7564237,1.5133024,2.3260944
traffic,849,14036,14996,0.8349380492071126,0.2445669273675922,1.7674875,0.49232483,0.49916196,1.7606504
traffic,359,15124,16276,0.8349313731203063,0.2217084707220045,0.125085,0.34205246,0.17519307,0.29194438
traffic,779,16660,17236,0.8349107019292812,0.2811564183429955,1.8021512,1.5115647,2.3734374,0.94027865
traffic,791,15956,16724,0.8348694490755606,0.2819452530540867,1.1752584,1.0966988,0.5818112,1.690146
traffic,843,15060,16980,0.8348556334189167,0.2861507994484575,0.4017601,0.7252798,0.57785344,0.54918647
traffic,804,15572,17108,0.834794634509152,-0.0193298427111293,0.19088507,0.07300556,0.6358969,0.5180174
traffic,715,14100,17364,0.8347896343984262,0.0871652284376521,0.6494051,0.42987943,0.65210235,0.4271822
traffic,12,15636,16788,0.8347560120613381,0.1513911936774283,0.15284109,0.40739107,0.23913002,0.7993622
traffic,421,15380,16532,0.834750586740163,0.2628640116041422,0.40345716,0.53047204,0.3592751,0.5746541
traffic,729,14164,17428,0.8347457906672144,0.2696492504493846,0.3447826,0.7451006,0.4933753,0.5965079
traffic,834,16148,17108,0.8347388266887992,-0.078860169788252,0.5520718,0.53670955,0.24472833,0.84405303
traffic,426,14996,16340,0.8347272942504758,-0.4524010089039505,0.3487513,0.31429052,0.32615852,0.3368833
traffic,680,17172,17364,0.8346867317912943,0.1952528371593758,0.05188346,0.11267042,0.24898934,0.08443546
traffic,430,14612,16724,0.8346599444154744,0.2303077880128365,0.5560949,0.1314907,0.26717567,0.42040992
traffic,747,16020,16980,0.8346552979699543,0.2118997139745941,0.45140147,0.13739944,0.36178255,0.22701836
traffic,630,15636,17172,0.8346393860222439,0.1592529418126463,0.6525171,0.66025305,0.8892937,0.42347646
traffic,417,16212,16980,0.834629293870364,0.2386740993844685,0.20869184,0.13317227,0.19969916,0.1241796
traffic,177,16340,17108,0.834576564652111,0.115953099184928,1.7737235,0.64300585,1.0583432,1.3583862
traffic,847,14548,16852,0.83452189038508,0.2874610243981868,0.8874452,0.22372746,0.50611997,0.6050527
traffic,614,16340,16916,0.834500013478035,0.282023424245242,1.1754537,0.6072676,0.7330396,1.0496817
traffic,456,14548,17172,0.8344783134748104,-0.1247630422377112,1.0925589,3.2095637,1.4032159,2.8989067
traffic,783,15828,17364,0.8344762642361809,0.1166552452086726,0.18380594,0.039274454,0.22623158,0.0031511784
traffic,3,14292,16212,0.834384323050426,0.180707551888807,0.07706618,0.47726715,0.04543972,0.35476124
traffic,142,15252,17364,0.8343599379732998,0.2797873974684594,0.641021,0.6633501,0.71764827,0.58672285
traffic,728,14676,16404,0.834351876262768,0.0898792286448738,0.26639116,1.2043804,0.8803761,0.59039545
traffic,766,14484,16596,0.8342652223152988,0.2208419366784754,1.1389797,1.7666383,2.2856565,0.6199615
traffic,128,16084,17364,0.8342472783937124,-0.0675506217263723,0.9169507,0.2927506,1.1503701,0.05933118
traffic,528,15572,16660,0.8342425722901328,-0.2083088630488339,1.4307678,2.0095294,0.9088702,2.531427
traffic,380,15572,16532,0.8342422832539995,0.2339858078444985,0.33040023,0.023860693,0.4564557,0.14991617
traffic,748,14676,16980,0.8342173011113688,0.1849933009375406,0.04149103,0.5828097,0.1591556,0.38216305
traffic,431,15124,15316,0.8341945347033477,0.0068135780519593,0.32116437,0.26228428,0.31651664,0.266932
traffic,511,15380,16660,0.8341776015834333,-0.2961522112406116,1.1720238,0.62260723,0.9092264,0.8854046
traffic,155,15124,15700,0.8341451285119325,0.2465367773235693,0.22903562,0.13522196,0.07377994,0.020033717
traffic,338,14484,16596,0.8341024616804084,0.2508089006514715,0.25686026,0.6596651,0.20465183,0.71187353
traffic,408,14996,16148,0.8340990606248052,0.2972500412793387,0.31971526,0.38266206,0.12520123,0.5771761
traffic,540,15764,16660,0.8340301795521955,-0.2383078705360977,1.2647833,2.690937,1.0575823,2.898138
traffic,410,14484,17172,0.8340185155672679,0.1531437515973211,0.40412402,0.19721985,0.40925622,0.19208765
traffic,860,14676,15060,0.8340013882330061,0.2936545131543695,0.14707541,0.29801726,0.1935978,0.25149488
traffic,743,14676,16596,0.8339457109106946,0.2959957428331546,0.35425758,1.0497043,1.020386,0.38357592
traffic,131,14356,15700,0.8339380590797322,0.2621720773205457,0.24049807,0.18756986,0.22205782,0.2060101
traffic,221,15444,15636,0.8339280424250626,-0.0844716303131519,0.48419285,0.88396525,0.8718939,0.49626422
traffic,769,14548,15124,0.8339224724011433,0.2340186165436325,0.39708006,0.19849014,0.27640712,0.31916308
traffic,82,15508,15892,0.8339212956158158,0.2454079294852538,0.66345954,0.73795354,0.6788106,0.7226025
traffic,206,15188,15380,0.8339141505915708,0.0854431692813477,0.07737279,0.3430786,0.19025469,0.23019671
traffic,486,14292,17172,0.8338811839555106,0.2431517568453553,0.5232122,0.23913479,0.5674429,0.19490409
traffic,703,14740,17364,0.8338713750830713,0.2230610107625068,0.93700004,0.78453994,1.2228765,0.49866343
traffic,662,16660,17236,0.8338689168824182,0.2044484243893881,0.6827433,0.87450767,0.8710799,0.68617105
traffic,826,14164,14932,0.8338670085456532,0.2534310322267176,0.13952112,0.32061243,0.083474636,0.26456594
traffic,778,15252,17172,0.8337913717798723,0.173997331282708,0.5693736,0.032944918,0.6871865,0.084867954
traffic,629,15828,16596,0.8337818458105933,0.2640202833555028,0.32938814,0.49127126,0.16213942,0.65852
traffic,383,14612,16724,0.8337168967998237,0.0670120378083329,0.14265728,0.31092906,0.12681437,0.29508615
traffic,460,16980,17364,0.833711446835098,-0.0263215842741556,0.7572396,1.0796981,0.8998623,0.9370754
traffic,817,14548,17428,0.8336653351995612,0.1899365459585969,0.9615774,1.1375022,0.83858895,1.2604907
traffic,22,16212,16980,0.8335848883423426,0.2493821982885547,0.26886916,0.12950444,0.22331119,0.08394647
traffic,56,15060,16212,0.8335621844816918,0.1476098205722265,0.19107985,0.5678097,0.4857273,0.27316225
traffic,113,15252,16404,0.8335343169903378,0.2752736014661879,0.25533485,1.0138632,0.93755424,0.33164382
traffic,701,15444,16596,0.8335293399112585,0.1784820236264229,0.13351083,0.087448835,0.13748634,0.091424346
traffic,387,14804,16916,0.8335208634433154,0.2607111058093305,0.5430976,0.44735706,0.050417423,0.94003725
traffic,750,14356,17428,0.8334822499424198,0.2427038194062903,0.743536,0.10978413,0.53794265,0.31537747
traffic,739,14548,16660,0.8334765305966162,0.2888020588791982,0.99548054,1.2897379,0.8662336,1.4189849
traffic,820,16468,17044,0.8334740385397635,0.2675846363407158,0.08404112,0.5357845,0.41146493,0.20836067
traffic,391,14036,17108,0.8334514439664021,0.0597991735548747,0.39226723,0.35322034,0.05851674,0.68697083
traffic,41,15124,16276,0.8334413560675282,0.2517407706888478,0.14283025,0.1562419,0.08592963,0.21314251
traffic,458,14932,17044,0.833414857936775,0.1921998819069729,0.4609921,0.14214957,0.2253561,0.09348643
traffic,461,15636,16788,0.8333750515484601,0.1667467136359728,0.70621085,0.45778918,0.3641212,0.79987884
traffic,633,16148,16916,0.8333523145018636,0.1601829709881092,0.35386395,0.4142022,0.1176033,0.65046287
traffic,737,15508,15828,0.8333307805439497,-0.1065939126431641,0.62083864,0.56003356,0.5127752,0.4519701
traffic,129,15252,17364,0.833323204030025,0.2663948281316602,0.4353621,0.69968915,0.66601706,0.4690342
traffic,550,15444,15828,0.833320861906203,0.2908434588338361,0.65325224,0.32180095,0.60065854,0.37439466
traffic,241,15124,16276,0.8332714531787054,0.2760584368147146,0.16884136,0.073654175,0.0029064417,0.2395891
traffic,762,14612,15380,0.8332531979215408,0.2423113693791817,0.12581468,0.045591116,0.10207009,0.0693357
traffic,326,14036,15764,0.8332508048858925,0.2455975857148231,0.08862233,0.1352824,0.08418703,0.1397177
traffic,54,14612,17108,0.8332396417962347,0.2177905196444356,0.31300128,0.76814175,0.24236333,0.6975038
traffic,600,14868,16404,0.8331956401436008,0.1606276750815513,0.15695715,0.11820698,0.1680777,0.10708642
traffic,390,15252,16788,0.8331714920521636,0.276770685278544,0.081863046,0.14116883,0.20181465,0.26112044
traffic,573,14804,17300,0.8331325441585322,0.2883068729791139,0.3680036,0.20623112,0.39929175,0.17494297
traffic,394,14484,14676,0.8331170518267921,0.2467578305199784,0.66533256,1.9654126,1.2360125,1.3947327
traffic,629,14292,16980,0.8329382734763506,0.2166155805260454,0.13600302,0.23960066,0.024557114,0.07904053
traffic,293,15508,16276,0.8329196521541842,0.2631745378186219,0.14476156,0.43449903,0.2550428,0.3242178
traffic,604,14548,15124,0.8329111379360322,0.1920466984993901,0.3196479,0.22417831,0.34617388,0.19765234
traffic,110,14548,16084,0.8328667238403489,0.274800933925533,0.026213646,0.038089275,0.084759235,0.020456314
traffic,162,14996,15764,0.8328657377738866,0.2525625293391803,2.1226156,0.5641022,0.9323256,1.7543921
traffic,653,14484,16980,0.8328497855713533,0.1735751272335531,0.43472505,1.0616982,0.98238015,0.5140431
traffic,79,14996,15572,0.8328333104428753,0.2454450117502786,0.23448515,0.55516636,0.3096962,0.47995532
traffic,762,16212,16980,0.8327684328261583,0.2964428630240704,0.11658144,0.13564897,0.29601145,0.31507897
traffic,832,15764,16660,0.8327494821707212,-0.2248272499525194,1.2929871,0.22761226,0.7951689,0.7254305
traffic,528,15892,17172,0.8327253625266012,-0.3813898367892775,1.0246106,2.2158747,1.4361686,1.8043168
traffic,838,15828,16596,0.8326891729424152,0.2241100363836983,0.52262306,1.0925145,0.92026615,0.6948714
traffic,187,15572,16340,0.8326884689772727,0.1098293820311968,1.3335739,3.6426542,0.973194,4.003034
traffic,568,14484,15636,0.8326697694016381,0.189555600773144,0.7669127,1.348563,1.4106421,0.7048335
traffic,254,14228,16340,0.8326602864987243,0.2467256722528323,1.2555456,1.2284813,0.71569705,1.7683299
traffic,807,16020,16404,0.8326199823310707,0.1058396184560731,0.45168734,0.086942196,0.25784206,0.28078747
traffic,297,16532,16916,0.8325569745275131,0.2597218287781769,0.27715337,0.12315154,0.07036328,0.4706682
traffic,503,15956,16148,0.8324945942582896,0.2889524781700337,0.40114927,0.18515992,0.27822232,0.30808687
traffic,251,14676,16980,0.8324901783881434,0.1366960667742666,0.42352033,0.98624706,0.025138855,0.5878656
traffic,553,15316,16468,0.8324701998058743,0.2751048724935661,0.9436302,1.4326024,1.7509596,0.625273
traffic,645,14100,16980,0.8324516329110376,0.1574278095377672,0.11674905,0.8658296,0.39923334,0.5833453
traffic,478,14036,16532,0.8323769969299856,0.2409299504505155,0.52420735,0.1454382,0.16811562,0.21065354
traffic,394,14228,16340,0.832366129206703,0.2805223014785879,1.4540268,2.857976,0.8562027,3.4558
traffic,369,14804,17300,0.832339110879364,-0.3905886482195,0.75824666,0.2931261,0.45021605,0.6011567
traffic,509,14740,15124,0.8323114055736394,0.2865769922076573,0.22514796,0.10095739,0.11921501,0.0049755573
traffic,734,16596,17172,0.8322990948107373,0.1203409446810488,0.65477157,1.1357634,1.2625079,0.52802706
traffic,541,16148,17108,0.8322065847685535,0.2779622732120722,1.0577704,0.64959353,0.51493406,1.1924298
traffic,619,14868,16212,0.8321861300653803,0.0066151878022276,0.3924141,0.54550076,0.46213293,0.47578192
traffic,107,14676,15828,0.8321839668226867,-0.2034218585096422,0.6404283,0.0811193,0.40443683,0.31711078
traffic,599,14548,15316,0.8321812847299774,0.2343425826262958,0.5671146,0.43455482,0.48579502,0.5158744
traffic,288,14164,16084,0.832163311230053,0.2994454956036155,0.7483493,0.37569356,0.20970893,0.91433394
traffic,614,16276,16468,0.8321533985230907,0.0444736334026777,0.12611413,0.06287718,0.10470533,0.084285975
traffic,654,14932,16468,0.832145536273327,0.2516820171027229,0.094317555,0.17379141,0.002133131,0.07734072
traffic,600,14228,16532,0.8321086130120725,0.1267724000630015,0.41381407,0.19591737,0.35952783,0.2502036
traffic,113,14484,16980,0.8320753518806591,0.284757515556901,0.5873337,0.18302369,0.33838058,0.06592941
traffic,769,16084,16660,0.8319939092899864,0.2587330157186083,0.9860897,0.85447526,0.9282062,0.91235876
traffic,666,14484,16212,0.8319706482865832,0.2477730047407573,0.28923535,0.77746725,0.3586867,0.7080159
traffic,128,14676,16020,0.8319421548077233,0.2914465570982805,0.12019229,0.18590903,0.18899846,0.11710286
traffic,831,15252,16596,0.8319350203336899,0.2558853736574812,0.024143457,0.16025805,0.022040844,0.11407375
traffic,352,15316,16468,0.8319010913935977,0.2935374987955365,0.041909695,0.4566834,0.26685214,0.23174095
traffic,731,14804,15956,0.8318912873122243,0.2760203961567671,0.36027336,0.26487422,0.19797969,0.4271679
traffic,622,14228,16724,0.8318883853796095,0.2922360211359839,0.48317087,0.009950161,1.1071583,0.6339376
traffic,582,14484,16404,0.8318467061989642,0.1762924926695374,0.7300563,0.7761117,0.7340627,0.77210534
traffic,253,15316,16468,0.8318389916694338,0.2642516323851111,0.2488482,0.69794345,0.48385966,0.462932
traffic,701,14100,16404,0.8318317119291968,0.1497167624238761,0.40540266,0.23078132,0.13034838,0.04427296
traffic,18,15956,16532,0.8318274436342415,0.2996011052909174,0.19660068,0.16136575,0.30988884,0.048077583
traffic,89,15572,16660,0.8318163852789661,-0.1849761802002236,1.0915256,2.6931386,1.2221763,2.5624878
traffic,593,15444,15828,0.831798388935747,0.2770080758657207,0.6362691,0.48762846,0.5923214,0.53157616
traffic,492,15316,17428,0.8317958354328469,-0.2055191609022339,0.18432999,0.11863041,0.20333838,0.1376388
traffic,820,14164,17236,0.8317799093137574,0.1585830066668157,0.32089686,1.0541954,0.64963603,0.72545624
traffic,326,16148,17108,0.8317565002197622,0.2758446624284021,0.48537016,0.5272087,0.34820437,0.6643745
traffic,639,14100,14484,0.8317294210015124,0.2784279821703858,0.71636176,1.0790691,1.0207527,0.77467823
traffic,396,14676,17364,0.8316888749614726,0.1567627396081664,0.82327724,0.6869981,0.67313313,0.8371422
traffic,796,16660,16852,0.8316855245793382,0.1460439429830621,0.21717453,0.16578126,0.010411978,0.040981293
traffic,324,14164,16852,0.831639856375109,0.0757937266556722,0.10408759,0.94658184,0.4169557,0.42553854
traffic,845,14036,16532,0.8316332548968587,0.2255854615642435,0.10915601,0.4827479,0.05219114,0.42578304
traffic,815,14484,17364,0.831614692533911,0.0909825080200567,0.49672198,0.11480665,0.34891367,0.26261497
traffic,12,16020,16404,0.8316113100176455,0.1299932543685309,0.70837164,1.089939,1.2365388,0.56177187
traffic,632,14612,16852,0.8316074559462413,-0.1568182794461123,0.77669907,0.2239511,0.48780608,0.06494188
traffic,436,16148,17108,0.8315062640855697,0.2756634093065523,0.8365705,0.5897622,0.34554768,1.080785
traffic,36,14868,15828,0.8315056316525122,0.2512169009382695,0.6240902,0.08843446,0.44845748,0.26406717
traffic,337,16468,16660,0.8314865196415298,0.2106467277145007,0.37869334,0.19901347,0.29832935,0.27937746
traffic,806,15828,16020,0.8314237661437694,0.2262246717278364,0.052521467,0.18456602,0.079452515,0.31654
traffic,778,14356,15316,0.831418933096828,0.2803803457137186,0.12812424,0.09320259,0.04338646,0.2647133
traffic,674,14164,16852,0.831358740771633,0.2667743997598183,0.53258014,1.1399734,1.2289875,0.44356608
traffic,134,14676,15444,0.8313449367990065,0.2545367136477909,0.20184493,0.7016535,0.41866612,0.4848323
traffic,468,15060,16980,0.8312973386067579,0.2932740375929607,0.49848056,0.15450585,0.5065392,0.14644718
traffic,481,15956,16724,0.831281276779239,0.2869137964419408,1.0536556,0.5528283,0.5021622,1.1043217
traffic,540,14036,16916,0.8312602908102917,0.286588459448594,0.049488306,0.3676713,0.15565765,0.47384065
traffic,845,15316,16468,0.83125456771243,0.2387317303185081,0.3914256,0.80228055,0.76464367,0.4290625
traffic,277,14996,17300,0.8312479064136673,0.107702555148234,2.6331007,0.88395774,2.0609617,1.4560968
traffic,536,15892,17172,0.831215095878257,-0.1124986765122308,0.84981954,2.9413993,1.857092,1.9341269
traffic,246,14804,14996,0.8311917691241273,0.138443871690369,1.2520483,1.1810968,0.65951586,1.7736292
traffic,395,14292,16788,0.831121284400002,0.2983060697975136,0.10097849,0.7349068,0.30719626,0.32673204
traffic,226,14932,15892,0.8311210054763555,0.1803049738584745,0.065506935,0.041998386,0.10067344,0.20817876
traffic,529,14484,15828,0.831091040525407,-0.0376016392508834,0.72692347,0.045634985,0.36486006,0.4076984
traffic,793,17108,17300,0.8310753102213772,0.274574061345482,0.13267422,0.10390711,0.11816299,0.118418336
traffic,661,14420,16532,0.8310612963325145,0.2980657777123386,0.9894416,0.37290597,0.64488214,0.7174654
traffic,712,14740,17364,0.831038787220009,0.0102092455709017,1.1364427,1.8669934,1.5055645,1.4978716
traffic,264,15636,16596,0.8310148611301058,0.2102768823449173,0.060850978,0.35384417,0.0074306726,0.40726447
traffic,83,14996,16916,0.8309850822550832,0.2888031826437264,0.10534763,0.2848091,0.08170414,0.4718609
traffic,125,14164,14932,0.8309847024343632,0.29358541997039,0.3900802,0.96118367,0.68530464,0.66595924
traffic,733,15636,16020,0.8309027572030441,0.2907113644510953,0.025022984,0.12814021,0.17266846,0.27578568
traffic,268,14740,17364,0.8308402461138166,0.1231708425260596,1.198895,1.8252959,1.2966411,1.7275498
traffic,770,15316,16468,0.8308231805370864,0.2265276681976578,0.5190623,0.46049595,0.3219061,0.65765214
traffic,228,14740,17172,0.830782000184203,-0.1010874795655021,1.1431985,3.563611,1.4309773,3.2758322
traffic,224,16020,16596,0.8307715816461616,0.2913456746085618,0.0821259,0.12009215,0.044275284,0.082241535
traffic,552,16340,16724,0.8307625539584347,0.2545058772736231,3.590249,0.8071959,2.721447,1.675998
traffic,69,14548,16276,0.8307307524252346,0.2857418493147093,0.06630874,0.095653296,0.020262718,0.14169931
traffic,803,16020,17364,0.8307271405068599,0.0847364305209145,0.7191417,0.9610579,0.9549327,0.72526693
traffic,536,14228,16724,0.8307249349057226,0.237014977246198,1.172273,1.1075304,0.81469357,1.4651098
traffic,240,14164,17044,0.8307207576631565,0.2378795200431742,0.6134052,0.9356706,0.91427183,0.634804
traffic,128,14292,16404,0.8306714548318179,0.1608990429729072,0.13783646,0.8610308,0.56100786,0.43785942
traffic,321,15316,16468,0.8306595112885823,0.2388193256755841,0.03578973,0.058271646,0.0861094,0.10859132
traffic,462,16596,16788,0.8305892177635092,0.1360939587985767,2.20555,0.5430319,1.1600852,1.5884967
traffic,597,16788,17364,0.8305374391996201,-0.10533015294135,0.53779554,1.9338433,1.4474484,1.0241904
traffic,188,15828,16020,0.8305190647036054,0.2846621303510028,1.4720922,1.4869418,2.1818175,0.77721643
traffic,745,15380,16660,0.8305123497348941,-0.1450452038956308,1.727728,0.124402285,0.6770569,1.1750734
traffic,15,14164,16660,0.8304666926871265,0.1942944832327322,0.35872746,0.21484637,0.4004786,0.17309523
traffic,669,14036,16340,0.8304450793661085,0.245465644195985,0.56294465,0.25474715,0.43051577,0.38717604
traffic,270,15828,17364,0.830439841634449,0.1309177025334799,0.11901164,0.36972237,0.124341965,0.36439204
traffic,243,14676,16980,0.8304349281690964,0.1955771357590772,0.42521906,0.5715451,0.050620317,0.19694638
traffic,528,15316,16468,0.830431322156423,0.2820759385878781,0.9626026,1.0595238,1.3540103,0.6681161
traffic,422,14164,16276,0.8304260589544705,0.2788819208446262,0.23806071,0.603426,0.31828737,0.5231993
traffic,254,15572,16148,0.8304236152757065,0.2508463155392743,0.618188,0.0056939125,0.22893369,0.39494824
traffic,824,16788,17364,0.8304114682914349,-0.0196637768066815,0.62682605,2.026382,1.4324801,1.2207279
traffic,349,14484,16788,0.8304055214654634,0.2594602493279616,1.4296124,0.888499,1.3100142,1.0080972
traffic,324,15444,16788,0.8303861395224534,0.2482492680773835,0.15286767,0.15302706,0.27493274,0.5808275
traffic,118,15380,17108,0.8303843655083969,0.2724260593531134,0.6473993,0.5129969,0.5697173,0.59067893
traffic,481,14292,14676,0.830321489686135,0.2890788534812686,0.28813696,0.45666718,0.096193075,0.64861107
traffic,630,14612,17108,0.8302714530887467,0.2543062584475891,0.35319126,0.37149835,0.09231317,0.63237643
traffic,170,14740,17428,0.830207521342141,0.241309186052811,0.8973837,1.3524072,0.9480791,1.3017118
traffic,746,14420,16660,0.8301703417575288,-0.257187809738807,0.93270636,0.21810913,1.0470102,0.1038053
traffic,644,14996,15572,0.8301176562075017,0.2448386427632806,1.5038848,0.8854593,1.3248456,1.0644985
traffic,47,16148,17108,0.8300896470958748,0.1116008895979657,1.1623294,0.7340734,0.7145759,1.181827
traffic,188,16660,16852,0.8300810804787294,0.2762523226427462,2.1340394,1.6533185,3.052144,0.7352139
traffic,184,14612,16532,0.8300574787222671,0.2465320851995512,0.45733714,0.1653583,0.28143477,0.34126067
traffic,418,15188,16148,0.83004917841136,0.2387860808103209,1.3847566,1.2544236,0.7426555,1.8965247
traffic,615,14484,16404,0.830029408765119,0.2840492191868535,0.32273054,1.1011785,0.95660114,0.46730793
traffic,167,14164,16276,0.829993046520116,0.1039733220319711,0.06678128,0.21252704,0.14964914,0.2953949
traffic,85,14292,14676,0.8298854799775178,0.0580499094786574,0.06690478,0.21775055,0.20888424,0.35973
traffic,288,15060,16020,0.829879058738154,0.2801806378459646,0.8999027,1.133944,0.8578832,1.1759635
traffic,238,15444,17172,0.8298693954539246,0.2550256852120795,0.7264888,1.5436496,1.5642761,0.7058623
traffic,353,14228,14612,0.82985211055054,0.1795706817048331,0.3472979,0.34703326,0.38035965,0.31397152
traffic,7,14612,16532,0.8298445689785331,0.2002273282385185,0.6024773,0.11543155,0.4374926,0.28041625
traffic,303,16660,17428,0.829796412091206,0.2784438237391333,0.18904066,0.3072331,0.29535437,0.20091939
traffic,180,14164,14548,0.8297310686751839,0.2821464726498063,0.9411769,0.5323459,0.478935,0.9945878
traffic,67,16020,16212,0.8297281022724433,0.1819972337812233,1.51526,1.3656693,2.0714188,0.80951047
traffic,413,14676,16596,0.8297029711403863,0.2017719337668984,2.9748025,1.0084211,2.7484848,1.2347387
traffic,151,15636,16596,0.8296818768575174,0.2768288861262549,0.09104681,0.6010194,0.23178482,0.46028137
traffic,342,15636,16596,0.8296675783607423,0.085416661166281,0.24571776,0.5777893,0.14732385,0.1847477
traffic,622,15828,17364,0.8296508412976193,0.066321502508174,0.18821907,0.040048122,0.25533152,0.027064323
traffic,193,16660,17428,0.8296471634649405,0.2572865552583471,0.24616694,0.14922404,0.10978317,0.2856078
traffic,798,15188,15380,0.8296308805377817,0.2533127226720714,0.30105472,0.23180592,0.05242467,0.5852853
traffic,805,15828,16020,0.8296300125194274,0.2601142344123209,0.22965908,0.38590765,0.14030004,0.4752667
traffic,49,15444,16020,0.8295973962026022,0.2794897846883472,0.35645413,0.3933835,0.50519204,0.2446456
traffic,119,14100,15252,0.8295869829737823,0.1928064845307968,0.29617107,0.46590304,0.47106802,0.2910061
traffic,0,15124,16276,0.829524641785261,0.2839167115935738,0.09462005,0.04939437,0.013807893,0.13020653
traffic,134,14228,15380,0.829510730556245,0.1895339007931352,0.9395455,0.45902824,0.6193372,0.77923656
traffic,540,15828,16596,0.829492317409015,0.2315423066573997,0.9432826,1.3811967,1.5373406,0.7871387
traffic,594,15188,16916,0.8294669235728993,0.2625230103437813,0.45412397,0.39207566,0.0023891926,0.84381044
traffic,811,16788,17364,0.8294625969226634,0.2334244720691735,0.53759193,0.6068926,0.66522765,0.47925687
traffic,651,14548,16276,0.8294622049212504,0.2707755762125478,0.44059575,0.69452715,0.75984335,0.37527955
traffic,726,14740,17364,0.8294506826624863,0.0494563922745926,0.70586777,0.2810979,0.77903605,0.35426617
traffic,610,14804,16340,0.8294315333463411,0.2813564045141166,0.38915753,0.028764248,0.23806524,0.12232804
traffic,382,16020,16404,0.8294124919087823,0.0335863647305836,0.2896242,0.75260746,0.62579405,0.41643763
traffic,391,14804,14996,0.8294099663601361,0.1494413802407281,0.45740283,0.08539367,0.42286217,0.050853014
traffic,544,15508,16852,0.8293826625785018,0.1304546598985644,0.069856405,0.100426435,0.0071048737,0.17738771
traffic,180,16276,17428,0.8293803533364916,0.2790112702840434,0.19141304,0.0016856194,0.11914861,0.07395005
traffic,477,14228,16532,0.829366784337431,-0.0914628115708098,0.4799106,0.5862179,0.10355854,0.0027487278
traffic,399,15828,17172,0.8293199934181049,0.1761774328379481,0.15738082,0.1837635,0.075526,0.101908684
traffic,722,15316,17236,0.8292722951375827,0.233368371341208,0.8214431,0.65212965,0.5432577,0.930315
traffic,464,16148,17108,0.8292110815304613,0.185807648427896,0.8732561,0.4920311,0.37732387,0.9879633
traffic,144,15252,15636,0.8291990056321378,0.0396743478075979,0.54297554,0.625687,0.6598618,0.50880075
traffic,817,15252,17364,0.8291841525700457,0.1800971176823324,0.6325755,1.8539846,1.4821148,1.0044453
traffic,539,15444,16980,0.8291742153944645,-0.1214437291211883,0.2505622,0.7665686,0.16064584,0.35536057
traffic,319,14484,16788,0.829130306062628,0.1699177013139898,0.132864,1.2049855,0.9041661,0.4336834
traffic,244,14804,17108,0.8291229967734957,0.2511681858646444,1.4685733,0.6025866,0.97238135,1.0987786
traffic,210,14036,14996,0.829090495414525,0.2418571923953924,1.0830506,0.15883183,0.32697475,0.9149077
traffic,286,15444,16788,0.8290638174995899,0.2629406616931314,0.09987795,0.19904602,0.26752198,0.36669004
traffic,151,15316,16468,0.829056207602803,0.1110913860135645,0.63574123,0.8544631,0.7922356,0.6979687
traffic,98,14804,17108,0.8290208493583989,0.2331883149452313,0.570673,0.46242166,0.15086699,0.88222766
traffic,743,14228,16660,0.82901648841535,-0.3483619611513747,0.7264607,0.32492232,1.056833,0.0054500103
traffic,763,15892,17172,0.8289985204283938,-0.2645199816730729,0.81012756,3.7162309,1.9437056,2.5826528
traffic,144,15956,16724,0.828985185997567,0.2453046961051336,0.91336906,0.4319973,0.47087836,0.874488
traffic,196,15124,15316,0.8289827256737243,0.0960534183648638,0.48845458,0.7323148,0.6542969,0.56647253
traffic,133,14612,16340,0.8289766805364206,0.1917725066248501,1.9186426,2.7969615,0.6895939,4.0260105
traffic,124,14740,17236,0.8289634703813438,0.2685649970987073,0.15845716,0.51348734,0.0016891956,0.35671937
traffic,573,14420,17108,0.8289248814988397,0.1956508545895798,0.038748026,0.39635146,0.14533353,0.580433
traffic,569,15636,15828,0.8289146537460408,0.0472948428664071,0.23833299,0.3090794,0.35809755,0.18931484
traffic,250,14612,16340,0.828899662046644,0.2859386360380841,0.7373531,0.8071089,0.61585164,0.9286103
traffic,681,15508,17044,0.8288306350402058,0.2887081896669319,0.104991436,0.43452764,0.23036623,0.30915284
traffic,353,14036,14804,0.8288188548386235,0.2805888271402042,0.011318922,0.68047166,0.16342664,0.52836394
traffic,345,14420,16340,0.8287910759457644,-0.2217309739583874,0.7803385,1.599658,1.471545,0.90845156
traffic,45,14548,16276,0.8287739705031401,0.2573163531030768,0.08117962,0.053664207,0.124639034,0.010204792
traffic,416,14484,16980,0.828761813306651,0.1401225975203746,0.15994787,0.885239,0.4723258,0.5728611
traffic,465,14612,16532,0.8287563351045869,-0.0323510603906483,1.34135,0.024315834,0.3635099,0.95352423
traffic,447,16020,16212,0.8287437539172806,0.2064669725547187,1.7272575,1.4277678,2.333686,0.82133913
traffic,504,16020,16788,0.8287368532082564,0.2166227466290141,0.057277203,0.49566317,0.17646813,0.26191783
traffic,514,14100,16404,0.8287329706884009,0.2978741546451035,0.08965969,0.45099866,0.09810996,0.4425484
traffic,375,14996,15380,0.8286938608831204,0.2577434427711327,1.9598176,0.9854448,1.8406956,1.1045668
traffic,437,16020,16404,0.8286154501860205,0.2399549960076536,0.6683538,0.44312036,0.15666509,0.95480907
traffic,13,14292,17172,0.8286051322959974,0.2057548799200141,0.52168727,0.58511925,0.83715177,0.26965475
traffic,311,14484,16404,0.8285953322818185,0.2796425661487728,0.30141664,0.8610177,0.610039,0.55239534
traffic,546,14292,14484,0.8285731115182724,0.0936342114776427,0.5366545,0.72753096,0.70314765,0.5610378
traffic,392,16980,17364,0.8285499545588865,0.1167664591067993,0.4075451,0.5421393,0.69457054,0.25511384
traffic,36,14612,14996,0.8285117732528847,0.2471304028540966,0.6636132,0.09200621,0.31499445,0.44062495
traffic,738,14292,17172,0.8284763651993827,0.2533625785683238,0.49655032,0.2559991,0.561229,0.19132042
traffic,77,14420,14996,0.8284648303878493,0.2387022797263007,1.227231,1.5841029,0.89435625,1.9169776
traffic,134,14164,16660,0.8284545349505548,0.1785277217369512,1.0126803,1.5755637,0.7607174,1.8275266
traffic,214,14228,15380,0.8284313747497123,0.2826129076687541,0.38226008,0.36532378,0.29862404,0.44895983
traffic,854,15188,16724,0.8284144395471543,0.253117918272372,0.12767553,0.22242737,0.35396934,0.44872117
traffic,231,14548,15124,0.8283989101814362,0.1995073832771538,0.160038,0.21343184,0.041288853,0.33218098
traffic,705,14804,17108,0.8283782208635367,0.2963990119968391,0.65819836,0.47202134,0.048687458,1.0815322
traffic,165,15508,17428,0.8283664421104174,0.2782992256999744,0.19645977,0.3097422,0.004471779,0.10881066
traffic,556,14612,16532,0.8283600405934528,0.2372833307713487,0.39226437,0.14423156,0.18539214,0.06264067
traffic,262,14676,16980,0.8283499904454386,0.2972993642433053,0.33413815,0.7079164,0.09692621,0.47070444
traffic,770,14484,16980,0.8283333436519853,-0.034509915065402,0.9802084,1.5190727,1.8326818,0.6665993
traffic,144,14100,14676,0.8283320957524687,0.2460087656305297,0.09969187,0.18925405,0.19719458,0.28675675
traffic,425,14164,16852,0.8283284584945452,0.1252963774852904,0.45774126,0.123518944,0.117791414,0.2164309
traffic,9,15316,16468,0.8282287923920111,0.0251593431461071,0.18854976,0.51212406,0.35750973,0.3431641
traffic,587,14164,16276,0.8282210551115969,0.1507107016211762,0.05209756,0.15537,0.017988682,0.18947887
traffic,701,14356,15124,0.8282013344346703,0.1310231087741335,0.22452652,0.08931625,0.27501023,0.13979995
traffic,227,16084,17236,0.8281782178748656,0.2280131293235008,0.032603383,0.13470304,0.52734697,0.6946534
traffic,519,14292,16980,0.8281222104344323,0.1974930233583839,0.17279744,0.98066354,0.25030923,0.55755687
traffic,600,14548,17044,0.8280991466419837,0.2943667802277485,0.288867,0.1797316,0.14838219,0.039246798
traffic,666,15572,16340,0.8280935170266387,0.2056503303044813,0.79894924,1.3421593,1.1236124,1.0174961
traffic,775,14804,17108,0.8280353912216318,-0.0128952103621936,0.55100775,0.5124688,0.12675834,0.9367182
traffic,797,16020,16212,0.8280207509277768,0.0450876279258524,0.59735775,0.62764597,0.6887498,0.5362539
traffic,234,15124,16276,0.8279709947186258,0.2854926112773333,0.20013773,0.26902843,0.20806026,0.2611059
traffic,367,14420,16724,0.8279144320324819,0.168025155084442,0.81503344,0.22610474,0.6103437,0.43079448
traffic,476,16660,16852,0.8279031158580371,0.2650213587341217,0.26840115,0.8565042,0.8446057,0.28029966
traffic,226,15636,17364,0.8278936849724746,0.2954419506035421,0.7269356,0.33473587,0.62348866,0.43818283
traffic,369,14548,17172,0.8278793317380454,-0.0491467896589899,1.1400168,3.7046452,1.5036087,3.3410532
traffic,603,16404,17172,0.8278358923868953,0.285652532798806,0.6233182,0.3377986,0.7102573,0.2508595
traffic,235,14612,15380,0.8278310689324372,0.2542093280625823,0.031796932,0.36808348,0.16240335,0.1738832
traffic,620,15444,16212,0.8278155608136344,0.2539446292544023,0.45920086,1.1024528,0.94207287,0.61958075
traffic,19,14740,17172,0.8277100729675408,-0.162995308213964,1.012929,3.698369,1.650994,3.060304
traffic,170,14100,16788,0.8277046730010394,0.1238953388958159,0.48367047,0.4611671,0.62405634,0.32078123
traffic,545,14356,15572,0.8277045409082635,0.2582089682653489,0.5121832,0.50196743,0.048900843,0.9652498
traffic,336,14804,16916,0.8276989106340087,0.237813353185862,0.26000905,0.29467905,0.09286952,0.46181858
traffic,724,14548,15828,0.8276571448518016,-0.2141261175728562,0.8344461,0.5306394,1.2078589,0.15722656
traffic,189,14676,14740,0.827597591135881,-0.1928704109391788,0.23341966,1.3496516,0.76476765,0.8183036
traffic,147,14036,16916,0.8275886551142942,-0.0027554637706017,0.32712376,0.767562,0.26165688,1.3563426
traffic,456,15572,16660,0.8275840286862601,-0.1347539088056674,1.4605675,2.3733323,1.0348938,2.799006
traffic,810,15508,16084,0.8275218313156725,0.2653444531483947,1.3037403,0.55838376,0.7741084,1.0880156
traffic,11,16148,17108,0.8275057994420344,0.1937307501178163,1.1955475,0.7250322,0.8087801,1.1117996
traffic,122,15444,16404,0.827503595923348,0.2876106944161526,0.18142402,0.30794203,0.4356966,0.053669453
traffic,34,14292,17172,0.8274430463617901,-0.3315335329512955,0.478889,0.40337777,0.51794386,0.3643229
traffic,651,14484,15060,0.8274265457494968,0.2914221614618788,0.35963392,1.0582776,0.73799944,0.6799121
traffic,607,16660,17044,0.8273859272618239,0.1893584919142707,0.086969614,0.6517825,0.42131948,0.31743264
traffic,497,15636,16404,0.8273849740104702,0.1599499338637341,0.16874027,0.5483625,0.4411937,0.27590907
traffic,668,15572,16340,0.8273649251052476,0.1375299820194132,1.0605828,1.7152827,0.8584932,1.9173722
traffic,372,14228,16340,0.8273425945881054,0.2784661003825612,0.9511869,0.85856724,0.7680361,1.041718
traffic,86,15444,16212,0.8273318294826868,0.2030027232826323,0.22048688,0.29013526,0.37957406,0.13104808
traffic,234,14164,14548,0.8273307829821445,0.2256833966992487,0.78383327,0.637759,0.57235384,0.8492384
traffic,408,14484,16404,0.8273141915470712,0.2304402597332804,0.5741849,0.539248,0.5099921,0.60344076
traffic,688,16788,17172,0.8273001034821971,0.0709282003378312,1.0504036,2.0795686,1.1381569,1.9918153
traffic,423,14996,15956,0.8272879932421592,0.1084660633570604,2.7929575,0.649459,1.6318696,1.810547
traffic,180,14228,16340,0.8272645923814088,0.114577483426643,1.2975507,2.7590907,0.9824157,3.0742257
traffic,573,14676,16980,0.8272362946115774,-0.0672551657838319,0.48616624,0.39676642,0.20774364,0.11834383
traffic,352,15636,15828,0.8271562362358262,0.2441568083573955,0.80008006,1.126555,0.94036365,0.9862714
traffic,714,16852,17044,0.8271407519357177,0.1372844728663532,0.021564007,0.14297867,0.038594007,0.082820654
traffic,787,14228,15764,0.8271230454347152,0.2027259343001382,0.3655057,0.2219342,0.26174664,0.32569325
traffic,818,14932,17044,0.827121237574876,0.112771453629461,0.65671086,1.2000414,1.2803825,0.57636976
traffic,707,14356,17236,0.8271177221391519,0.1868676215178229,0.08094251,0.3549646,0.10121107,0.5371182
traffic,285,14484,15444,0.8270943007344044,0.213684967553805,0.48728132,0.85548425,0.5644083,0.77835727
traffic,172,15508,17236,0.8270845203494401,0.2927427973416578,0.50334287,0.51584363,0.2767818,0.7424047
traffic,512,16852,17428,0.8270802559567298,0.2240976886888646,0.8285229,0.6496854,0.8016348,0.6765735
traffic,796,14036,15380,0.826988764240481,0.1561342449855829,0.32322264,0.28874063,0.2775936,0.33436966
traffic,264,16084,17172,0.8269206602666136,-0.0020058194923614,0.97034276,1.5081741,1.374753,1.1037638
traffic,668,15316,15892,0.8269068625313528,0.2046332652140154,0.32405376,0.28621387,0.21107268,0.39919496
traffic,544,15124,15316,0.8268583516169984,0.2622493043200813,0.736253,0.35137582,0.36192226,0.7257066
traffic,386,14676,16596,0.8267969511539185,0.1903622895125423,0.27019405,0.51170945,0.22777295,0.55413055
traffic,287,14548,15124,0.8267646785395968,0.2264940403388059,0.26471567,0.02240491,0.24701142,0.040109158
traffic,235,15572,16148,0.8267558386852222,-0.0571962466665763,0.30039167,0.14654136,0.24439502,0.0905447
traffic,130,14548,17364,0.8267368211434855,-0.0008944733569854,1.011668,1.0342672,1.3711262,0.674809
traffic,111,14996,15764,0.8267103192011606,0.1846937745053818,1.6020923,0.51754844,0.72360253,1.3960382
traffic,226,14420,16532,0.8266955416740851,0.1832816015455199,0.5639212,0.23680353,0.41295075,0.08583307
traffic,529,15508,17236,0.8266769207632716,0.0794239980630003,0.17771947,0.6905912,0.03541529,0.54828703
traffic,125,16020,17364,0.8266632518401811,0.0908529739769532,0.4624648,0.32349014,0.5029931,0.28296185
traffic,160,14676,14740,0.8266053072137217,-0.2249903234737907,0.21957278,1.4038327,0.74326885,0.88013667
traffic,446,16340,16916,0.8265880583480589,0.2986977112705075,0.8435278,0.57327557,0.36160445,1.0551989
traffic,105,14484,16980,0.8265161079346072,0.2666340831565881,0.57366204,1.0785797,0.8866253,0.7656164
traffic,601,14548,15124,0.8264561765014025,0.2490951266499711,0.28335714,0.056085467,0.22045255,0.11899006
traffic,798,16532,16916,0.8264397394490791,0.2255011740550172,0.45516253,0.17674828,0.101197004,0.7331078
traffic,658,16660,17428,0.8264296656683819,0.2529229236352885,0.13014483,0.21899676,0.17060018,0.17854142
traffic,317,16660,17428,0.8264166894783651,0.2084090158050326,0.3597052,0.40730667,0.38535476,0.38165712
traffic,550,16020,16788,0.8263477341887796,0.2433716384336389,0.0043041706,0.5692626,0.30338407,0.27018273
traffic,233,16212,17172,0.8263333338831498,0.1900157467562195,0.9538648,0.9144504,0.9335916,0.9347236
traffic,739,16148,17108,0.8262796376034777,0.2058221657110633,1.4704392,0.7358563,0.9147265,1.291569
traffic,562,14484,16788,0.8262742308968627,0.097719614372593,0.587939,0.7765728,0.41603684,0.948475
traffic,106,15124,15508,0.826263276683635,0.0705681217883254,0.43433332,0.08335519,0.24328113,0.10769701
traffic,854,15700,16852,0.8261694628692069,0.0279695069037595,0.60566163,0.45974636,0.15467095,0.008755684
traffic,623,14676,15828,0.8259740873822081,0.2927112465753524,0.12794161,0.54562044,0.408926,0.26463604
traffic,683,14548,17364,0.825966435996643,0.1638296007701357,1.0298195,0.4535153,0.6191256,0.042821407
traffic,625,15444,15828,0.8259073356775372,0.2958450736095541,0.4199493,0.18658113,0.38427043,0.22226
traffic,132,16468,16660,0.8258755764914507,0.2688141939196441,0.47761178,0.6955457,0.79875684,0.37440062
traffic,286,15572,16724,0.8258653732894488,0.2985926791135612,1.2817912,1.2260213,0.6361797,1.8716328
traffic,565,14036,15188,0.8258526693285133,0.2351487723143046,0.4413998,0.14231384,0.08285916,0.21622682
traffic,56,15892,16276,0.8257938215838345,0.2488354774719522,0.025391221,0.007951736,0.015532494,0.001906991
traffic,509,14100,14292,0.825764103352872,0.178515821346598,0.304888,0.042109728,0.23867798,0.10831976
traffic,37,14996,16340,0.8257500698414877,0.114570013806385,0.118790865,0.022490978,0.12988782,0.011394024
traffic,323,14420,16660,0.8257146546000563,-0.2718762066757599,0.9103973,1.2273474,1.3581803,0.7795644
traffic,339,14804,17108,0.825714254815018,0.2617673427927744,0.40804935,0.41812968,0.05247259,0.77370644
traffic,659,15828,16788,0.825689928405373,0.2607163703585436,2.2280097,0.7903371,1.3653681,1.6529785
traffic,40,14740,17364,0.8256356599099988,0.0628365819510372,1.1449268,1.0764108,1.1890574,1.0322802
traffic,163,14996,15572,0.8255691356099105,0.244677099972324,0.95289993,0.33181918,0.10951948,1.1751996
traffic,654,14292,17364,0.8254607489015766,0.2698678500604082,0.41576934,0.46255708,0.68540406,0.19292235
traffic,512,15572,16916,0.8254397463540988,-0.1300998251939685,1.4475924,1.377744,0.84615886,1.9791775
traffic,373,15444,16212,0.8253739891009624,0.2571222936710831,0.16333497,0.14487016,0.16198754,0.14621758
traffic,294,14548,17364,0.8253594522647818,0.1813632524259556,1.035573,2.7923474,1.5644178,2.2635026
traffic,526,15572,16660,0.825349205886848,-0.154599295839554,1.473968,2.1297598,0.83614856,2.7675793
traffic,45,16340,16404,0.8252500401024152,0.2568108107287179,0.5367656,0.3547641,0.38745224,0.50407743
traffic,315,15700,17364,0.8252280695387021,0.1183244001564694,0.8552972,1.6331761,1.4161733,1.0723
traffic,838,14676,16980,0.8251456702245998,0.1733154240130409,0.61044,0.31251383,0.24318123,0.05474496
traffic,36,16596,17364,0.825145127336839,0.2726723870413891,0.5689448,1.1766524,1.0752205,0.6703768
traffic,255,16020,17364,0.8251398124770438,0.1277536257139899,0.42193222,0.49004412,0.6089959,0.30298042
traffic,182,14868,15636,0.8250826393580507,0.116919489089592,0.4228195,0.7104088,0.73157454,0.40165377
traffic,286,16468,17428,0.8250710195011126,-0.2847531448175144,0.51890254,1.338299,1.033545,0.82365656
traffic,772,16788,17172,0.8250576997383213,0.1774929570368989,0.55348146,1.6786094,1.2760538,0.95603704
traffic,581,15252,15828,0.8250311687152856,0.2482398661352625,0.6665679,1.6216403,1.4505837,0.83762455
traffic,72,14164,16276,0.8250119534344799,0.0718991407543563,0.2789991,0.2907653,0.027936935,0.5977013
traffic,169,17108,17300,0.8249673208601198,-0.0794535537900747,1.5168914,1.6022365,0.6694603,2.4496675
traffic,2,15572,16660,0.8249480431593165,0.0130764127734769,0.45563126,0.014371395,0.6817517,0.24049187
traffic,182,14036,16916,0.8249353202933724,0.1211610532762689,1.6888831,0.7204708,0.6467421,1.7626117
traffic,247,14612,16532,0.8249350804904306,0.2205013591379352,0.35642886,0.28664613,0.16255283,0.0927701
traffic,210,15636,17172,0.824926916479282,0.2632103988408406,0.50882673,0.35681462,0.7713816,0.09425974
traffic,560,15124,17236,0.8248995996143755,0.2341578542422982,0.09815693,0.39585018,0.09629071,0.3977164
traffic,55,14932,16084,0.8248937909196118,0.1596337083960419,0.29452538,0.023165941,0.12531853,0.1923728
traffic,637,16020,16404,0.8248411762701549,0.2129337580734079,0.41154075,0.9491366,0.9142072,0.44647014
traffic,283,16852,17428,0.8248255122188827,0.2981869038458487,0.074388504,0.29035902,0.3799863,0.015238762
traffic,540,15316,17236,0.8248057311813175,-0.0229897656587044,0.33584237,0.44257367,0.16454768,0.61386836
traffic,610,15636,17172,0.8247845564846082,0.2536800003651758,0.54737806,0.035667896,0.50650597,0.07653999
traffic,696,15892,17236,0.8247686376412687,0.2334285632216334,0.38178337,0.18632019,0.43507147,0.23960829
traffic,122,14740,16852,0.8247655414416671,0.2624399132852638,1.2145033,0.022789955,0.50029826,0.736995
traffic,574,16020,17364,0.824761778117927,0.1891289823048367,0.5848589,0.719291,0.69513965,0.6090102
traffic,232,15380,16532,0.8247501262484932,0.2591047656868595,0.43424964,0.029788971,0.43740547,0.0329448
traffic,575,14164,17428,0.8247186878352446,0.1347781218837361,0.12834859,0.114186525,0.018844128,0.26137924
traffic,102,16212,16596,0.8246751961285881,0.2829900101227809,0.07524896,0.1680429,0.051950693,0.14474463
traffic,449,14612,16916,0.8246091325141717,-0.0378486644856087,0.30436873,0.4479828,0.6658726,0.08647895
traffic,83,14484,14868,0.8245944899785633,0.2925407481397707,0.031654358,0.34292674,0.07259107,0.38386345
traffic,64,16084,17364,0.8245333632763664,0.1014681990734421,1.0237783,2.052483,1.6473237,1.4289377
traffic,464,14164,16852,0.8245295986447536,0.2659638538949662,0.19407773,0.5539001,0.21225166,0.14757073
traffic,133,15444,16404,0.8245266785885815,0.0929624217165411,0.16308463,0.06813252,0.17438012,0.07942802
traffic,611,15316,16276,0.8245158509027823,0.2607396307038475,0.6237037,0.61713254,0.59867835,0.6421579
traffic,824,16148,16916,0.8244916969033849,0.2711924733653583,0.53651524,0.7031857,0.28550172,0.9541992
traffic,252,15188,15956,0.8244323630738968,0.2010950176371835,0.6405604,0.44434524,0.4533627,0.6315429
traffic,756,16468,16852,0.8244253850955524,0.2725087517615408,0.40935254,0.052826643,0.17365766,0.18286824
traffic,160,16084,17172,0.8244212834513462,-0.3063706868388736,0.9826742,3.178048,1.7920291,2.3686929
traffic,591,14996,15380,0.8244097705558078,0.119620960537405,1.1416249,0.4854374,0.38885808,1.2382042
traffic,178,14676,15828,0.8243067657939583,0.2681393528255744,1.0261025,0.99238825,0.67486,1.3436308
traffic,731,16020,16788,0.8242897349138962,0.2782997304671759,0.5082977,0.6022396,0.36317587,0.7473614
traffic,769,14932,16276,0.824274880523796,0.243008480344662,0.24607372,0.24510705,0.045637608,0.5368184
traffic,743,14868,16212,0.824274613644413,0.2522070965068982,0.38503182,0.5774474,0.5462458,0.41623342
traffic,253,14292,16788,0.8242114115290604,0.2169684511907038,0.052095413,0.63573766,0.0196172,0.6682159
traffic,466,14164,16852,0.8241797504695684,0.1989746374417363,0.3145399,0.8480792,0.7912941,0.37132502
traffic,481,15828,16596,0.8241486876176038,0.1827558037856525,0.74889755,1.4730643,1.4727149,0.74924695
traffic,27,15060,17364,0.823997826770961,0.2771773143055196,0.3674879,0.1999569,0.5465939,0.020850897
traffic,483,14996,17300,0.8239713047457695,0.2181626396968997,1.5584736,0.81115544,1.1923609,1.1772681
traffic,232,16020,16404,0.8239278061733541,0.2574111546972278,0.16798854,0.7352295,0.54126596,0.36195207
traffic,60,14932,15508,0.8239243288565825,0.2466333742133249,0.77255046,0.42890215,0.45605695,0.74539566
traffic,220,15636,16788,0.8239106482388829,-0.0023785792645341,0.7164171,0.7112333,0.7801622,0.6474882
traffic,827,14740,17364,0.8238571753577968,-0.0855461969975965,1.1244401,1.8591044,1.4921898,1.4913547
traffic,802,14484,16212,0.8238558221189022,0.1865363379082016,0.33784652,1.0670347,0.5541444,0.85073686
traffic,531,15316,17236,0.8238318248499865,0.2693837879978141,0.3760903,0.66507304,0.5294051,0.5117582
traffic,390,14100,14292,0.823774783079837,0.2389266146995408,0.48491645,0.4774177,0.6539593,0.30837488
traffic,434,14676,15636,0.8237489861043917,0.2265870851951162,0.34500957,0.39647055,0.1195879,0.17104888
traffic,196,14996,15380,0.8237410039012182,0.1533587711485044,0.7862282,0.49304032,0.3007071,0.9785614
traffic,707,16020,16788,0.8237263514828375,0.2824631259251242,0.23069096,1.2105098,1.0014098,0.43979096
traffic,133,14036,14996,0.8237022397540372,0.248808596740725,0.90823174,0.29834032,0.52738523,0.6791868
traffic,328,16148,16916,0.8236991784388379,0.0948456509152246,0.4839642,0.44900215,0.17397833,0.758988
traffic,270,16276,17428,0.8236748990438599,0.2990369994277011,0.739941,1.2846696,0.93604624,1.0885644
traffic,405,16980,17364,0.8236726321338506,0.2163801639266368,0.24408054,0.13493323,0.3644588,0.014554977
traffic,852,14164,15124,0.8235806747312329,0.2941840939280368,0.06732464,0.15525651,0.16495109,0.25288296
traffic,475,16020,16212,0.8235669741430637,0.2374747699941139,0.21586132,0.41989875,0.041480064,0.24551749
traffic,230,15124,15700,0.8235640546952826,0.2561552730952222,0.36443973,0.29418135,0.0011768341,0.07143521
traffic,666,14164,15892,0.8235516046173307,0.2870306651486596,0.58422446,0.68292236,0.6048759,0.6622709
traffic,825,15316,16468,0.8235414496866625,0.1541093651321737,0.69418764,0.61275816,0.47908354,0.82786226
traffic,449,15508,16660,0.823427636833807,0.1195436173945894,0.351115,0.12723899,0.22697592,0.0030999184
traffic,112,16020,17364,0.8234263730189538,0.2074649706792222,0.6515522,0.53452086,0.65216017,0.5339129
traffic,624,14292,16980,0.8233944181956062,0.294951835064972,0.13606024,0.47599685,0.12156296,0.21837366
traffic,597,15188,16724,0.8233580805078786,0.2678161792407015,0.037049413,0.34611773,0.25013542,0.63330257
traffic,540,14484,15060,0.8233181452896341,0.2547814436073109,1.0908744,1.806888,2.2947023,0.6030601
traffic,853,14292,15444,0.8233050345855132,0.2530845562859802,0.2198081,0.29819834,0.17047048,0.34753597
traffic,668,16020,16212,0.8232959190752782,0.1965756398314267,0.36464143,0.55455387,0.6037848,0.3154105
traffic,514,15316,16468,0.8232496007626294,0.0333266931699773,0.22143364,0.57901406,0.35667706,0.44377065
traffic,445,14996,15572,0.8232444702443353,0.2090891725179448,2.1243396,0.6799618,1.4160936,1.3882078
traffic,760,14804,16660,0.8232204395063141,0.1719955638020432,1.5724175,1.9927397,0.99572897,2.5694282
traffic,80,16084,17364,0.8231610946866782,0.0075920299827916,1.1826849,0.20905566,0.80814695,0.16548228
traffic,175,14228,16916,0.8231064569557849,0.2864421016318897,0.060214996,0.46526605,0.11484289,0.64032394
traffic,675,15252,17172,0.8231040245258204,0.2215251731656364,0.47910595,0.10764933,0.46359897,0.09214234
traffic,108,14548,15892,0.8230376641848698,0.1862520010866037,0.30223823,0.18153262,0.3308766,0.21017098
traffic,478,15316,17236,0.8230336322214987,0.1311961883995114,0.21589637,0.5196483,0.27625036,0.45929432
traffic,566,14548,17364,0.8230122058140575,0.0805232124043687,1.0144413,0.41730642,0.58554864,0.011586189
traffic,846,15636,16788,0.8230056524249194,0.2837974021740423,0.57777965,0.2617427,0.03096366,0.8085587
traffic,313,15508,17236,0.8229957889848477,0.2630594119431904,0.2161982,0.46103263,0.16839886,0.508832
traffic,747,14100,15060,0.8229749098083029,-0.1671566966533822,0.4035666,0.12146759,0.29636502,0.22866917
traffic,669,14868,15828,0.8229550666019639,0.2552306984989907,0.5468998,0.19928718,0.46457314,0.28161383
traffic,312,16340,16916,0.8229333588821263,0.2729413179822195,1.1685417,0.6562946,0.7409992,1.083837
traffic,617,14612,16852,0.8229152539557383,0.0066396481481612,0.7012539,0.124485254,0.4696319,0.10713673
traffic,75,15316,16276,0.8229150374132509,0.2756223049399602,0.6623131,0.64118755,0.63824785,0.6652528
traffic,337,15828,16020,0.8229009900298548,0.1950979284747871,0.07952881,0.09505868,0.19645834,0.21198821
traffic,816,15572,16340,0.8228565865513615,0.2938301367235504,0.96075773,0.40209436,0.53167987,0.8311722
traffic,17,14292,16788,0.8228347436651285,0.1436083913209289,0.7092869,0.2453916,0.12894297,1.0836215
traffic,342,14228,16340,0.8228226499719742,0.1982087915124037,1.0509343,1.033634,0.9055085,1.1790597
traffic,598,14676,15252,0.8228032082649741,0.2322877170711749,0.18648505,0.49577928,0.35953617,0.32272816
traffic,135,14164,16276,0.8227166486221464,0.2738800068516704,0.5344646,0.59251857,0.39862037,0.7283628
traffic,346,15188,16340,0.8227109085953037,0.255107157737676,0.8915744,0.88564324,0.7705424,1.0066752
traffic,243,15892,17364,0.8227008582503055,0.1004762093719178,0.822412,0.21483278,0.94391584,0.09332895
traffic,770,16212,17364,0.8226268846862558,-0.0218162426017934,0.7557497,1.9351614,1.3006563,1.3902547
traffic,128,15508,17236,0.8225796575217205,0.2282426687047022,0.27334428,0.6274226,0.42157388,0.47919297
traffic,851,14484,16020,0.8225044763855593,0.2454467883536699,0.15828395,0.08431053,0.15571976,0.08174634
traffic,60,14804,16916,0.8225030273746147,0.2547290285807451,0.037071228,0.3113482,0.099285364,0.37356234
traffic,745,16980,17172,0.8224706433132052,0.2230125805196731,0.24020815,0.23831248,0.44605422,0.03246641
traffic,515,14036,17108,0.8224596562796387,0.2706524140869095,0.2716763,0.18023181,0.29585123,0.15605688
traffic,662,14164,14932,0.8224354711171107,0.2055454101915724,0.781342,0.85228765,0.8807354,0.7528943
traffic,772,15252,16212,0.8224311185717559,0.2200967714789843,0.14341235,0.17767441,0.27689385,0.04419291
traffic,208,16532,17108,0.8223170137815584,0.1464453435920232,0.67616534,0.44361103,0.42847896,0.6912974
traffic,841,16020,16980,0.8223040887438412,0.287996676870097,0.3525679,0.29709363,0.03538227,0.02009201
traffic,221,16468,17236,0.8222949025326124,0.1838488237488708,0.04951608,0.15023732,0.2902919,0.0905385
traffic,0,14100,16980,0.8222730950576103,0.1003743690917672,0.38049316,1.016483,0.026877642,0.60911214
traffic,737,16020,16212,0.8222159947361561,0.129517838574583,0.429451,0.5401559,0.45686197,0.5127449
traffic,651,14100,17172,0.8221929116517146,0.2775956200423717,0.82471836,1.269943,1.297953,0.79670835
traffic,655,15700,17236,0.8221780297915031,0.1499992391510178,0.3189404,0.06378889,0.32741213,0.055317163
traffic,91,15188,15380,0.8221758360854441,0.1073556240320261,0.2212727,0.065607786,0.05536771,0.3422482
traffic,150,15316,16660,0.8221471512395615,0.1474206366679385,1.1041312,1.0930593,0.79232574,1.4048648
traffic,603,16084,17236,0.8221397338982164,0.2164953270690423,0.20073247,0.60165,0.096910715,0.49782825
traffic,614,16532,17108,0.8221239086798224,0.2130422215919797,0.22440982,0.17245388,0.08137512,0.31548858
traffic,578,14996,17108,0.8221201782962922,0.1249768243864679,1.6230818,0.6097224,0.8614545,1.3713497
traffic,458,14484,16980,0.8221060117528869,0.209479378324711,0.19292879,0.83658314,0.4685588,0.56095314
traffic,512,14484,14676,0.8220895186632013,0.2840204505383727,3.1794863,1.0748217,3.2842538,0.97005415
traffic,7,15188,17300,0.8220619665992973,0.1352316659198437,0.07196331,0.1585145,0.2742529,0.36080408
traffic,627,14676,15892,0.8220318223594151,0.0390317812291816,0.025017738,1.5170729,0.82667935,0.66537577
traffic,547,14228,17300,0.8219613944563421,0.2217430127070482,0.23289883,0.05967915,0.56064105,0.38742137
traffic,696,14420,17300,0.8218944349742733,0.2080879756640554,0.1370728,0.22016442,0.6064342,0.96367145
traffic,223,14548,17364,0.8218916840269612,-0.1410363053602275,1.2685411,0.19736242,0.8466263,0.61927724
traffic,621,15828,16596,0.8218614984692703,0.2350525663303102,0.3253739,0.5661293,0.43594372,0.4555595
traffic,778,15060,15828,0.8218460905229454,0.2989455027383856,0.45595908,0.2419169,0.5851321,0.112743855
traffic,206,14292,15636,0.8218400085232357,0.1120958800321055,0.28657198,0.4096074,0.4308517,0.2653277
traffic,21,14612,16916,0.8217150675616087,0.2487816230766118,0.022529125,0.4520622,0.11971772,0.59430903
traffic,516,14996,16916,0.8217136523218268,0.2080018479566405,0.8659384,0.48341393,0.21098185,1.1383705
traffic,773,16084,17364,0.8216942208900277,0.1218117087194542,0.9913813,4.3704624,1.6147647,3.747079
traffic,438,14548,15316,0.8216852188182693,0.2487458007517723,0.51504016,0.36656833,0.60950613,0.27210236
traffic,55,15380,16532,0.8216389010540198,0.0896207103072929,0.31705093,0.24303746,0.11014795,0.03613448
traffic,175,16276,17428,0.8215953984478425,0.1561026002063355,0.39873075,0.582953,0.5513644,0.4303193
traffic,83,14356,17236,0.8215881724162489,0.0946362375562309,0.16501856,0.17538118,0.063952446,0.07431507
traffic,93,16020,16788,0.821584347951479,0.2499822639736626,0.4692669,1.1567557,1.0792892,0.5467334
traffic,21,15444,16404,0.8215641355190096,0.2678135344537772,0.1773045,0.020861268,0.29325867,0.09509289
traffic,362,16020,16212,0.821560171488054,0.187785896211005,0.33569884,0.46028686,0.40778923,0.38819647
traffic,117,16788,17172,0.8215423496845656,0.2340982500781156,0.72200537,0.59007907,0.6496558,0.6624286
traffic,578,15124,16276,0.8215264015105022,0.0163617915513612,0.051662087,0.15938509,0.028357983,0.13608098
traffic,204,14100,15828,0.8215092767604472,0.2831530892412006,0.71434546,0.7188175,0.8591163,0.5740466
traffic,567,14612,17108,0.8214551013303072,0.0696860919287253,0.12427819,0.45467794,0.20816624,0.78712237
traffic,367,15508,16852,0.8214127979703846,0.2842624073613813,0.7940457,0.98539746,1.2325287,0.54691446
traffic,691,16020,16212,0.8213435705214905,0.2145664862044946,0.07934332,0.44124103,0.2916324,0.22895193
traffic,536,14548,17364,0.8213412651487987,0.0625917568056898,1.3872936,0.38101625,0.76050115,1.0078087
traffic,69,16788,16980,0.8213213700594754,0.1819663658809157,0.038830042,0.50776243,0.3290987,0.13983369
traffic,478,14164,17428,0.821300257852882,0.2700650411364292,0.32231236,0.69190764,0.42929125,0.58492875
traffic,357,16020,16788,0.8212914598564176,0.2000648594819901,0.0537498,0.56463027,0.2769096,0.23397088
traffic,221,15508,17428,0.8212807577435393,0.2028522462362373,0.41302252,0.035532475,0.4105556,0.03799939
traffic,605,15124,15508,0.8212459763596185,0.1081382185380307,0.2789111,0.10639477,0.3952744,0.009968519
traffic,228,14676,16596,0.8210899603879316,0.1703109671722617,0.45787644,0.9276953,0.5984478,0.7871239
traffic,500,14100,16212,0.8210642539765346,-0.0587200515633103,0.017379522,0.38338423,0.0013701916,0.40213394
traffic,379,16788,17172,0.821058548613723,0.237982524613325,1.2590756,3.1650414,1.0434935,3.3806236
traffic,261,14292,17172,0.8210468303468309,0.2368052625124559,0.6216335,0.44815826,0.6310041,0.4387877
traffic,742,15828,16788,0.8210432194558707,0.2248111356339702,0.21576715,0.8006015,0.40214038,0.61422825
traffic,345,15060,16980,0.8210364514440813,0.2054261605872619,0.53720164,1.3238242,0.25096178,1.0375843
traffic,668,15828,16596,0.8210047547050436,0.069385059217766,0.75834656,1.0804453,1.1306221,0.7081697
traffic,743,14484,15636,0.8209877185016201,0.1602943147130028,0.31849432,0.72828436,0.11013484,0.2996552
traffic,15,14612,17300,0.8209864403103543,0.2378610709907196,0.74881506,0.45455194,0.6065576,0.5968094
traffic,609,14676,16596,0.8209699846932852,0.286873482099783,0.65684223,1.0672822,0.9972756,0.72684884
traffic,434,14484,15444,0.8209597631906533,0.220447705466531,0.6173191,0.97722983,0.8023324,0.79221654
traffic,832,14612,16148,0.820951829165347,0.1934418020714544,0.3256619,0.20205975,0.25548792,0.27223372
traffic,400,14612,15764,0.8209281827708922,-0.0965567745239872,1.963687,1.5253994,2.782203,0.70688343
traffic,436,14484,16980,0.8209232187946526,0.2851811519810602,1.2343488,1.1516366,1.4936574,0.892328
traffic,99,14548,17044,0.8208892577845096,0.2213148497017912,0.22829986,0.1483736,0.15862799,0.078701735
traffic,729,14804,17300,0.820884087325179,0.2447821324684636,0.16272879,0.33916163,0.09937167,0.40251875
traffic,108,14036,14420,0.8207773117533318,0.2718146647748846,0.0142591,0.11627984,0.013708353,0.11572909
traffic,361,15508,16852,0.8207537814106439,0.1283791331418385,0.24897218,0.44063473,0.13013983,0.061522722
traffic,331,15380,16724,0.8205921623585368,0.2592964780173362,0.69515324,1.8460841,1.2015755,1.3396618
traffic,481,14804,17108,0.8205818231373103,0.2835781475975882,1.3761677,0.788366,1.189083,0.9754507
traffic,848,15892,17236,0.820547637477859,0.255814154274141,0.570162,0.6425369,1.0842206,0.12847829
traffic,403,14932,15316,0.8205418926073097,0.180662995604697,0.8020216,1.0202193,0.80412245,1.0181185
traffic,390,15124,17236,0.8205243552044428,0.1777901761673098,0.03159952,0.4623139,0.100988746,0.32972562
traffic,128,16148,16916,0.8205188660171681,0.2798975279013285,0.22933745,0.54151845,0.25514603,0.5157099
traffic,198,17172,17364,0.8205157284625055,0.1336753125979687,0.308995,0.5819235,0.74122024,0.14969826
traffic,208,14228,15188,0.8205065760287564,0.2823905283809688,0.21043468,0.029903173,0.08807659,0.09245491
traffic,476,14996,16340,0.8204916676716779,-0.0235536429783328,0.45647097,0.7981174,0.7700243,0.48456407
traffic,285,14996,16148,0.8204600356714804,0.2578330638027252,0.070693016,0.1312747,0.23976684,0.44173455
traffic,290,15316,16468,0.8204521458037548,0.2493912866890865,0.069867134,0.28176332,0.005484104,0.34614635
traffic,510,14100,17364,0.8203568441952995,0.1475273377220672,0.5456519,0.7490101,0.9884896,0.30617237
traffic,814,15508,16276,0.8203454482136665,0.1452141980836579,0.70961714,0.75702703,0.75592816,0.710716
traffic,194,15316,16276,0.8203391810812306,0.2694504939872706,0.69018245,0.6485772,0.6843178,0.65444183
traffic,99,14612,15188,0.8203232417922152,0.2926064208531241,0.24247503,0.18690372,0.008489609,0.04708171
traffic,100,14164,16084,0.8202647956574658,0.2091503697532951,1.9548957,0.72615695,1.1327655,1.5482872
traffic,624,16660,17428,0.8202613953617882,0.1733121414060784,0.23992562,0.7665124,0.58115387,0.42528415
traffic,65,14292,16020,0.8202188639161073,0.0542460199548993,0.25203133,0.15980339,0.49052954,0.07869482
traffic,230,14484,15444,0.8201664925539179,0.2563833606945018,0.33808923,0.4890684,0.33256316,0.49459445
traffic,23,15572,16660,0.8201090939527459,-0.1008350492120505,0.6162696,0.033138752,0.67533326,0.092202425
traffic,171,14420,17108,0.8200387074461086,0.2332042002207012,0.07134771,0.34016418,0.1484729,0.5599848
traffic,408,14036,15188,0.8200157421756241,0.0984029495898914,0.15798593,0.38086557,0.18630147,0.40918112
traffic,781,14676,16404,0.820014914752437,0.2008813958854352,0.2089138,0.8345188,0.57350326,0.46992934
traffic,717,15828,16020,0.8198947308243267,0.2686278842084613,0.29704452,0.8919561,0.6061275,0.5828731
traffic,251,15892,17172,0.8198841217838794,-0.1612696792457355,1.053864,2.7426658,1.5562292,2.2403004
traffic,547,14292,17172,0.8198796683647473,0.2509851810818615,0.5960367,0.28766727,0.5675359,0.31616807
traffic,834,14292,16788,0.8198756771305108,0.2079586964240653,0.42390656,0.33982277,0.3614719,0.2773881
traffic,199,14612,16532,0.8198477337545391,0.2082013492944824,0.37622988,0.17780209,0.18513286,0.013294935
traffic,748,14164,17044,0.819817199263111,0.0169185829897238,0.7718053,0.67341304,0.76234865,0.6828697
traffic,241,15380,16660,0.8198158428247644,-0.0561188430379306,1.0146691,3.6901076,1.2651373,3.4396393
traffic,224,14548,16788,0.819813663491735,0.0629795891011573,0.8512459,0.049498558,0.7562921,0.14445233
traffic,156,14612,16340,0.8198133757751626,0.0694048368772319,1.4042506,1.0260289,0.67784667,1.7524328
traffic,736,15444,17364,0.8197997860214313,0.0894412253985935,0.67854226,1.3696816,1.116551,0.9316728
traffic,451,16596,17172,0.819747773737046,0.2940348190832205,0.49939013,0.16490412,0.5726826,0.091611624
traffic,337,14420,16340,0.8197074292263561,0.2833448555755286,0.87917125,0.35569406,0.4764942,0.7583711
traffic,687,14548,17044,0.8197033414144258,0.2940110856091918,0.7968576,0.046025515,0.34093285,0.50195026
traffic,596,16084,16660,0.81969913309969,0.1888575876421814,0.47184563,0.10563922,0.3285079,0.24897695
traffic,108,14804,17300,0.8196428833756656,0.2467950001498977,0.22917962,0.078495264,0.24497247,0.09428811
traffic,476,15124,16276,0.8196381772455251,0.0511836735967952,0.31783032,0.2178905,0.44502616,0.090694666
traffic,177,14356,15508,0.819541416549292,0.0789439128048875,0.29579568,0.096229315,0.27502632,0.07545996
traffic,791,15636,16788,0.81949599229729,0.2198439360540154,0.10359931,0.6231923,0.35159576,0.37519586
traffic,238,16020,17364,0.8194379374391473,0.1736398897799203,0.6801896,1.3422003,1.1098261,0.9125638
traffic,689,16660,17044,0.8194330185691182,0.2171618985035594,0.079082966,0.66506743,0.39094305,0.35320735
traffic,595,15572,16660,0.8194056901533658,-0.1376188278131351,1.2080555,0.8885355,1.0819613,1.0146297
traffic,402,16980,17172,0.8193701588839968,0.2820973404753696,0.58329535,1.5401685,1.1666298,0.9568341
traffic,52,14292,16788,0.8193620172848486,0.1547421343469869,0.5679202,0.23412609,0.15226412,0.9543104
traffic,801,14164,16084,0.8193102514856943,0.2805158634068886,0.91048026,0.48731637,0.30638266,1.091414
traffic,85,14228,17108,0.8192145231970328,0.2089083278226621,0.0006480217,0.5844368,0.37714243,0.9622272
traffic,465,16020,16212,0.8191852249674925,0.1924065590347823,0.4899993,0.65861154,0.68050766,0.46810317
traffic,778,15508,16468,0.8191761163768136,0.2475101639797854,0.03216958,0.43434215,0.109716415,0.3567953
traffic,213,15508,16276,0.8190949944936228,0.1170730111257898,0.55111957,0.46456528,0.32841158,0.68727326
traffic,171,14164,16852,0.8190780785929238,0.0470734852691991,0.10794401,1.018497,0.62037396,0.50606704
traffic,345,14996,16148,0.8190661962925329,0.237125174050635,0.53198004,0.25063705,0.4833424,0.20199943
traffic,413,14036,16660,0.8189846440549629,0.0819371093204545,1.451082,2.9459293,1.0260072,3.371004
traffic,770,16084,16660,0.8189645735095828,0.2340123289246161,1.0068785,1.1210086,1.0067266,1.1211605
traffic,372,14292,16788,0.8188764032382249,0.2055655985959673,0.12760925,0.65097225,0.2194854,0.3038776
traffic,718,14740,15508,0.8188665658248689,0.1287923296661148,0.13782978,0.22748733,0.016565084,0.10622263
traffic,808,15188,16724,0.8188394086771164,0.2146744242799901,0.049587727,0.2167635,0.295707,0.5620582
traffic,637,15188,16916,0.8188159242530083,0.2482915187105241,0.44173455,0.44740772,0.017414927,0.9065572
traffic,735,14740,16852,0.818782770115842,0.031562592383325,0.6791873,0.05499053,0.5020821,0.23209572
traffic,783,15508,17236,0.8187825863628414,-0.019040855817092,0.8980032,1.079967,1.2424123,0.73555785
traffic,372,14804,16916,0.8187770325116448,0.2624874849036981,0.4688071,0.40896666,0.012457132,0.8653166
traffic,782,16980,17364,0.8187287946637382,0.2820687812803359,0.53711843,0.76556563,0.96083856,0.3418455
traffic,686,16084,17364,0.8187225363171992,0.0913434412505648,0.89409053,2.3536758,1.6791415,1.568625
traffic,855,14548,14740,0.8186956790796788,0.2557878056754124,0.010573626,0.0111272335,0.019098043,0.0026028156
traffic,49,16596,17172,0.8186607024405969,0.2924161077984841,0.62465954,0.51999474,0.5955825,0.5490718
traffic,232,14164,17044,0.8185579038863681,0.2970159357597583,0.0578506,0.45259893,0.04768479,0.46276474
traffic,2,14164,15316,0.8185235316496158,0.2775739908161089,0.22775412,0.09820986,0.14550352,0.015959263
traffic,421,15508,15892,0.8185231948647104,0.2626183855290378,0.565346,0.4469564,0.38496065,0.62734175
traffic,394,14164,17044,0.8184699946509876,0.2345185976288317,0.759732,0.65472126,0.7069943,0.707459
traffic,811,14164,15124,0.8184594032314528,0.2312491124475396,0.09546876,0.3425963,0.0074329376,0.25456047
traffic,737,16532,16724,0.8184178330192412,0.0420926168687255,0.36515713,0.5029862,0.38728142,0.4808619
traffic,580,15572,16340,0.8183907482117533,0.1378937248725767,0.95242906,0.7588146,0.6355665,1.0756772
traffic,306,16148,17108,0.8183472213081318,0.2946270570691868,0.8515521,0.52211976,0.30285978,1.0708121
traffic,769,14036,16916,0.8183229422775719,0.2434990331003487,0.26673865,0.48375046,0.03198862,0.7185005
traffic,285,14804,16340,0.8182584067743167,0.2867101484117891,0.321419,0.14123058,0.1794517,0.0007367134
traffic,28,14164,17428,0.8182349785347455,0.1396818066071307,0.63042045,0.20727682,0.49430108,0.3433962
traffic,599,16340,16916,0.8182017757839892,0.2651798374810974,0.8767309,0.497077,0.50520253,0.8686054
traffic,672,14804,16340,0.8181592799429757,0.245280889874245,0.9764824,3.2769177,1.2297788,3.0236213
traffic,26,14548,17172,0.8181458584828987,0.0342178085211111,1.0997727,1.2585981,1.3870008,0.97137
traffic,645,16084,17364,0.8181343069791763,0.0456661625779955,1.0768284,2.4321158,1.5382992,1.970645
traffic,707,14100,16212,0.8181322828613653,0.2362012406915091,0.29324234,0.38263106,0.43979192,0.23608148
traffic,558,14676,16020,0.8180037975980304,0.2181602179245507,0.0489707,0.08334684,0.07939172,0.052925825
traffic,392,15828,16020,0.817965723585221,0.2003381390847752,0.09895325,0.312742,0.0016651154,0.41336036
traffic,817,14100,16788,0.8179420583928365,0.1934625814429778,0.902823,0.8575634,0.84097576,0.9194106
traffic,649,14804,16340,0.8179085014273254,0.2958254753961253,0.37185216,0.045666456,0.27552462,0.141994
traffic,208,14036,14804,0.8179084970523326,0.0220394970355109,0.5375118,0.31308222,0.40067077,0.44992328
traffic,589,15188,16724,0.8178611792032802,0.2317276282626749,0.027449131,0.2042259,0.31970334,0.55137837
traffic,615,16148,17108,0.8177663743223903,0.2781265418832856,0.48496342,0.43039167,0.21164513,0.70370996
traffic,650,14164,15508,0.8177479207582885,0.1625612407232303,0.22510457,0.28194118,0.24047709,0.26656866
traffic,86,14228,14996,0.8177471638316974,0.1623414801696274,1.5807042,1.1571763,0.6424391,2.0954413
traffic,603,14548,15700,0.8177420229622883,0.2273919573355926,0.0685339,0.41214538,0.07963228,0.42324376
traffic,778,14804,16532,0.8177323084557265,0.2080906114677413,0.37813544,0.123728275,0.35362267,0.09921551
traffic,266,15892,17044,0.8176809561472985,0.243375636695705,0.48292077,0.0071097612,0.5368364,0.06102538
traffic,849,15316,16468,0.8176653699998315,0.2473396186460074,0.19653428,0.5834855,0.25779307,0.5222267
traffic,675,15828,16020,0.8176370464572968,0.2066476940465865,0.036363125,0.024397612,0.08763385,0.075668335
traffic,448,14292,16788,0.8175850881338952,0.2624648421565863,0.19889987,0.40057635,0.0923264,0.5071498
traffic,4,15892,17172,0.817567119559836,-0.1621874347882071,1.1485394,3.1171627,1.4329168,2.8327854
traffic,661,16340,17300,0.8175665040188225,0.2882468516460142,0.7172878,0.4628402,0.19617653,0.98395145
traffic,516,14228,16532,0.817547522291202,0.2316747150329082,0.39351463,0.24464166,0.21153939,0.062666416
traffic,667,14996,16916,0.8175219812221066,0.235544330630759,0.8164942,0.7001033,0.4641819,1.0524156
traffic,812,14164,17236,0.8175156456368954,0.229402878404386,0.068964005,0.42567062,0.07048535,0.42414927
traffic,124,16660,16852,0.8174968001137433,0.2284132648813939,0.2562704,0.8036804,0.7796159,0.28033495
traffic,305,15892,17236,0.8174938559781458,0.1141656690196158,0.23353219,0.6618525,0.032520413,0.4608407
traffic,844,15252,17172,0.81748571894638,0.2685852296078818,0.38568163,0.042791843,0.34270263,0.00018715858
traffic,421,15124,16276,0.8174816312786836,0.2553231150651582,0.5699229,0.35422575,0.3353157,0.588833
traffic,529,14292,15444,0.817463630065923,0.1671341111544061,0.007880688,0.8620552,0.34185433,0.51232016
traffic,143,14548,15124,0.817424305206632,0.2013278438293621,0.20985651,0.05999565,0.15739799,0.112454176
traffic,134,15508,17236,0.8174043706734921,0.2567664386256569,0.08083415,0.5200064,0.2953496,0.30549097
traffic,819,14164,16660,0.8173939953328296,0.2162328594546657,1.0162024,1.2989588,0.8455634,1.4695978
traffic,529,15316,16276,0.8173831531674168,-0.0792830599933084,0.05382359,0.41046464,0.25782,0.61446106
traffic,724,15380,17300,0.8173292329552683,0.2907888954950334,1.958451,0.7989502,1.6475153,1.1098859
traffic,632,14292,16980,0.817299506351092,0.169572999977804,0.07210064,1.0260649,0.4892733,0.6088922
traffic,672,14356,17428,0.8171596869013003,0.1287896554070837,0.307177,0.3655625,0.26787227,0.32625777
traffic,143,15444,16980,0.8171480398298955,0.2621369949882925,0.37722278,0.18139601,0.18254161,0.01328516
traffic,422,15252,15828,0.8170745574803986,0.2229633662530425,0.7464738,1.1971047,1.3206537,0.6229248
traffic,56,14612,16340,0.8170560689395984,0.0408394464391739,1.153115,2.072486,0.8334892,2.3921118
traffic,525,15636,16788,0.8170476829027452,0.2446833446612326,0.18631959,0.62174463,0.35013986,0.45792437
traffic,475,15700,17044,0.8170447591915485,0.2286666782524164,0.073275805,0.18827319,0.005844116,0.1208415
traffic,717,14548,15508,0.8169892055887337,0.2738757078394344,0.73034453,0.96714616,0.84461856,0.85287213
traffic,110,15636,17172,0.8169695094895757,0.267217010361556,0.38012314,0.095183134,0.37665606,0.09171605
traffic,23,14164,16276,0.816874502891547,0.044703424053764,0.39476013,0.3796599,0.098739624,0.08363938
traffic,31,14804,17108,0.8168743006773488,0.2455932230400984,0.49734664,0.45343053,0.19610143,0.75467575
traffic,783,14676,16596,0.8168678992786591,0.0087451523571448,0.052331924,0.61178434,0.05848956,0.6056267
traffic,429,14612,16148,0.8168670048981904,0.2567805548604214,0.557945,0.32568216,0.33041596,0.5532112
traffic,774,16532,16916,0.8168645963173305,0.279787269419349,0.6020856,0.18623745,0.09308934,0.6952337
traffic,166,16084,17364,0.8168532040248997,0.0642517886967929,1.0765424,1.8895202,1.5344028,1.4316597
traffic,366,14548,17364,0.8168479708428088,-0.2965094366229624,0.968045,0.34614682,1.4497313,0.13553953
traffic,655,17172,17428,0.8168216313072555,0.0743616216007924,0.14350796,0.60045385,0.34810925,0.80505514
traffic,234,14612,17300,0.8168175120666568,0.224146839047672,0.5187639,0.11647272,0.3229717,0.07931948
traffic,593,14484,15636,0.8168029098339059,0.2957982263259243,0.31308413,0.08906746,0.11961508,0.10440159
traffic,537,14612,14804,0.8167773050606005,-0.0005751507551302,0.19243288,0.10725498,0.15370011,0.068522215
traffic,443,15828,16596,0.8167630967558158,0.1527571216558458,1.0106957,0.7134166,0.53550434,1.1886079
traffic,506,16212,17172,0.8167402687058456,0.2994702925647755,1.0852437,0.96737456,0.9400983,1.11252
traffic,391,15188,15572,0.8167194432057957,0.2840681158610273,0.086094856,0.052853823,0.36068773,0.39392877
traffic,447,14420,16340,0.8167152441472262,0.1806790584393899,1.1862448,1.1870286,0.84940636,1.5238671
traffic,593,14804,15572,0.8166773202330173,0.1203614238766702,0.14962196,0.2544124,0.10253978,0.3014946
traffic,286,14036,16532,0.8166713143077186,-0.1424378615433376,0.21828496,0.25988984,0.25192606,0.29353094
traffic,418,15956,16340,0.8166356251096589,0.1133079952356728,1.1378891,2.2246642,1.0384777,2.3240757
traffic,54,15316,16468,0.8166009260862825,0.2958656915506642,0.5921974,0.9475105,0.7208922,0.8188157
traffic,551,15636,16788,0.8165999247317499,0.2442587726402827,0.4840579,0.48359287,0.9712981,0.0036473274
traffic,506,14292,16020,0.8165521371829968,0.2963155046517303,0.052032232,0.120853186,0.2371602,0.30598116
traffic,195,15636,16788,0.8165475930045235,0.1280119478354881,0.9702065,0.73387575,0.878809,0.8252733
traffic,689,14676,15444,0.8165362091459667,0.0699541045222097,0.11362672,0.5762911,0.37442374,0.31549406
traffic,381,14612,16148,0.816534788613447,0.2576696393290527,0.55853665,0.3227439,0.3282398,0.55304074
traffic,803,15636,17172,0.8165193199045839,0.2430210305735716,0.6921356,1.3095832,1.4455001,0.5562186
traffic,312,14100,16980,0.8164790873730051,0.1187900368817878,0.23818159,0.12412405,0.20717621,0.09311867
traffic,51,15316,16084,0.8164494625805978,0.2867067718258019,0.40300965,0.60676944,0.5041106,0.5056685
traffic,244,15636,17364,0.8164410700465908,0.2880763607007757,1.0593734,0.86430264,1.1188421,0.8048339
traffic,849,14164,16084,0.8164359921259129,0.2593153138731747,0.8709973,0.5851473,0.54103494,0.9151097
traffic,662,15700,16276,0.8164290673711581,0.2660023666496792,0.06609273,0.021661282,0.08414245,0.039711
traffic,626,16148,16916,0.816305552762338,0.13422452139982,0.019972801,0.4087479,0.038983107,0.46770382
traffic,424,15380,16660,0.8162776504855299,0.0676734759543209,1.5323759,2.250272,0.9707595,2.8118885
traffic,293,16148,16340,0.8162713033323625,0.2899442154226138,0.32534218,0.0133981705,0.21694875,0.09499526
traffic,54,14036,16340,0.8162496428049313,0.251509561663273,1.4165117,0.6266012,0.5449804,1.4981325
traffic,261,17108,17300,0.8161827962149933,0.1780600435267807,0.4551816,0.18551064,0.20223391,0.43845832
traffic,769,15444,16788,0.8161494723444943,0.1123493072163298,0.41648757,1.1220868,0.17778707,0.5278121
traffic,119,14932,17236,0.8161216101275096,0.1962809881661713,0.38666117,0.040679574,0.4023112,0.056329608
traffic,372,14932,16660,0.8160923856836527,0.0803447276155184,0.8300849,0.91159225,0.81855786,0.9231193
traffic,131,15572,16916,0.816080364510027,0.2608500359624074,0.106319904,0.040873528,0.38665557,0.3212092
traffic,633,16212,16596,0.8159829806166731,0.126209730232496,0.051650763,0.10555959,0.07604909,0.23325944
traffic,525,14164,17044,0.8159797620791708,0.2616183903336498,0.286628,0.704157,0.42437887,0.56640613
traffic,370,15572,17300,0.8159791536309572,0.2804293089537621,0.5326562,0.2348783,0.49946976,0.26806474
traffic,94,15444,16212,0.8159584414358224,0.2388666958664853,0.28859985,0.4212675,0.38448846,0.3253789
traffic,75,16660,17428,0.815955259238911,0.1621847097037651,0.18365145,0.24140716,0.27660632,0.14845228
traffic,738,15956,16724,0.8159552443102558,0.2879069426250989,0.93924165,0.8366821,0.78326917,0.99265456
traffic,403,15380,16660,0.8159001594035545,0.0309678324380689,1.3713808,2.919063,1.0405858,3.2498581
traffic,193,15828,16980,0.8158605176502738,0.0298026254033805,0.38336933,0.39957547,0.5513333,0.23161149
traffic,642,14420,16148,0.815835707897493,0.259264323212534,0.73876715,0.90922284,0.9948003,0.65318966
traffic,170,14676,15060,0.8158351887775571,0.0846081383383664,0.35181642,0.6768508,0.5979376,0.43072963
traffic,167,14100,17364,0.8158038269893064,0.2759712616674568,0.7164538,0.30731392,0.6827836,0.3409841
traffic,364,15636,16404,0.8158011976103204,0.2762675186717379,0.4370123,0.65818846,0.59075665,0.5044441
traffic,283,16788,17172,0.8157891300630757,0.2200933291012947,0.47873545,0.20217776,0.44949174,0.23142147
traffic,517,16596,17172,0.815781861368174,0.2300680143243847,0.3137232,0.23892498,0.52782476,0.024823427
traffic,397,15060,16212,0.8157678147062525,0.2419374344324156,0.46898532,0.20439863,0.48332095,0.190063
traffic,657,15636,16596,0.8157257727250817,0.205204243457509,0.06564379,0.6740892,0.29149318,0.4482398
traffic,59,14676,16980,0.815718877398638,0.2840586843732788,0.31769443,0.5438175,0.47620535,0.3853066
traffic,51,14548,16852,0.8157008029492427,0.2465301179777991,0.5088992,0.17488384,0.51169825,0.17208481
traffic,43,15636,16788,0.8156978829595508,0.2496922935840485,0.47908747,0.467466,0.23639214,0.22477067
traffic,90,15316,17044,0.8156728402558084,0.2673845457734352,0.64694834,0.7473049,0.79875493,0.5954983
traffic,159,15636,16212,0.8155967537322547,0.2782745342642493,0.048413515,0.105443716,0.069101095,0.1261313
traffic,161,15636,16596,0.8155731616789976,0.0687732191573738,0.2785138,1.0195013,0.3244835,0.41650403
traffic,69,14100,16596,0.8155710303252269,-0.1824903141268877,0.21781969,0.07391286,0.2023642,0.058457375
traffic,811,15060,15828,0.8154985166089813,0.2988861623832883,0.6954776,0.52577686,0.7404665,0.480788
traffic,258,14740,17236,0.8154878411652148,0.2769638195713595,0.48545575,0.22697735,0.3698268,0.3426063
traffic,445,15508,17364,0.815474456919749,-0.0052023731713909,0.64377093,0.25701046,0.3647375,0.022022963
traffic,308,16276,17236,0.8154163957769063,0.2402668517009766,0.18261588,0.09526849,0.21648717,0.061397195
traffic,154,14484,16980,0.815382401509659,-0.0706169414098392,0.7384248,0.86470854,0.87145114,0.7316822
traffic,403,14676,14740,0.8153099156667292,-0.0055087691151224,0.46298456,1.5336813,1.0841267,0.9125391
traffic,205,14356,16468,0.8152623850016448,0.170141355444164,0.1415906,0.11444998,0.17308116,0.14594054
traffic,31,16532,16916,0.815256824025681,0.1371942429016404,0.32925892,0.120602846,0.07639778,0.52625954
traffic,578,14292,17172,0.8152197128071694,0.132359486121689,0.62018836,0.86841094,0.9130292,0.5755701
traffic,797,15316,16468,0.8152080043271128,0.2655389329119827,0.49688888,0.445127,0.19339752,0.74861836
traffic,55,14612,16148,0.8151959608336902,0.1730007601465258,0.09609437,0.024958134,0.14173079,0.07059455
traffic,106,14484,16788,0.8151949734817691,0.2171278582392221,0.2562449,0.1604166,0.2753198,0.17949152
traffic,687,15636,16596,0.8151596339894476,0.1046584063078651,0.35943222,0.9386008,0.6170387,0.6809943
traffic,468,14484,16596,0.8151098752031236,0.0606815577553578,0.19732904,1.0000311,0.7046263,0.49273384
traffic,767,16660,17044,0.8149608452505391,0.2340019893151733,0.06862569,0.552691,0.3736124,0.24770427
traffic,301,14164,16468,0.8149448105913324,0.2002301303062466,0.17736435,0.5478215,0.069658756,0.6555271
traffic,728,15060,17364,0.8148789656836751,0.2072384455298399,0.7523496,2.5711017,1.580599,1.7428523
traffic,269,16596,16788,0.8148771520317446,-0.134543309893362,0.052092314,0.1907146,0.12567186,0.01295042
traffic,703,14484,15636,0.81484542478008,0.2966164696691093,0.060115337,0.29408026,0.060241938,0.41443753
traffic,554,14100,17364,0.8148306625872217,0.0382237111206389,0.71462303,2.2054925,1.724194,1.1959214
traffic,363,17172,17236,0.8148161390029602,0.2140878004179555,0.7814045,0.94536936,0.5643611,1.1624128
traffic,296,14484,16596,0.814807870141009,0.1630417492184132,0.6301198,0.702116,0.60825825,0.72397757
traffic,710,16148,17108,0.8148066978971519,0.0674492965348889,0.64038694,0.5175415,0.1718111,0.98611736
traffic,535,15124,17428,0.8147998255820923,0.2670547739507887,0.2816242,0.37084186,0.124162555,0.5283035
traffic,618,14548,16276,0.8147770939344284,0.2989319074046788,0.078104734,0.14900482,0.008872151,0.06202793
traffic,771,14164,16084,0.8147458900193794,0.2962283230276712,0.19355035,0.705436,0.42863107,0.47035527
traffic,575,14740,16468,0.8147098107441902,0.2944224344598157,0.08793974,0.051886797,0.04949832,0.18932486
traffic,551,15892,16660,0.8146977541773534,0.2778331946170526,1.5345459,1.0167061,0.86925805,1.681994
traffic,784,14484,16980,0.8146706221735933,0.1835604338441154,0.21903038,0.5153804,0.37083602,0.36357474
traffic,665,14740,16852,0.8146439878186562,0.0933688117779756,0.93287283,0.32976496,0.79029435,0.47234344
traffic,763,14676,16084,0.8146239500085758,-0.0627477704068788,0.17576051,1.3104357,0.76088464,0.7253115
traffic,564,15636,16980,0.8145311426140354,0.2601983611478691,0.11807752,0.90358865,0.39455295,0.3909582
traffic,777,14740,16276,0.8144387126038248,0.2618137898427824,0.08019614,0.12470782,0.026140213,0.17876375
traffic,617,14676,15828,0.8144319474357621,-0.1092556376645031,0.80333376,1.1364534,0.97263265,0.9671545
traffic,343,14676,16596,0.8144300073303026,0.2760627453167266,0.06291318,0.5286826,0.20433378,0.387262
traffic,36,15764,16340,0.8143237467990088,0.2351971042366297,0.867928,0.4734614,0.58873963,0.7526498
traffic,266,15380,16916,0.8142751417276893,0.2066202842388019,0.121319294,0.21655321,0.21655202,0.5544245
traffic,537,14356,14932,0.8142617987734625,0.244025333268627,0.2159431,0.40229678,0.17522931,0.44301057
traffic,488,14292,17172,0.814189293315538,0.2501356517694021,0.5112953,0.14417696,0.53788805,0.11758423
traffic,162,14292,16404,0.8141883245633549,0.2653408386278451,0.15830088,0.0866791,0.23798835,0.16636658
traffic,370,15892,17044,0.8141219492988748,0.1772886318135518,0.112957716,0.34685445,0.12580204,0.33401012
traffic,541,16020,16404,0.8140974244663496,0.2302123690089997,0.55546796,0.90297663,0.86243236,0.59601223
traffic,341,14484,14740,0.8140310363320469,-0.1145815429072747,0.7758124,0.69628525,0.6434393,0.56391215
traffic,15,14868,16020,0.8140048684541552,0.181363258260242,0.08420825,0.60465074,0.37679648,0.3120625
traffic,107,16020,16212,0.8139879141984623,0.245457280822981,0.2445271,0.3938961,0.22733116,0.41109204
traffic,627,14740,17172,0.8139838049899137,-0.2870122053103595,0.88038224,3.8456602,1.9063482,2.819694
traffic,287,15316,16468,0.8139672261423333,0.1391130272329131,0.25400496,0.66527,0.5649048,0.35437012
traffic,263,14740,17172,0.8139100200823846,0.0623230189141611,0.9757805,3.405107,1.5830772,2.7978103
traffic,432,15508,16276,0.813902122248162,0.2956128207038922,0.610528,0.36035752,0.14081693,0.8300686
traffic,568,14932,16276,0.8138190643533868,0.1950088828725179,0.14897943,0.20873106,0.23120385,0.12650663
traffic,421,14676,16596,0.8138133376929074,0.2460326054921305,1.5123224,1.7934592,2.6434686,0.6623129
traffic,694,15572,16660,0.8137916776096269,-0.1509231207843646,1.4325202,0.12365174,0.85186315,0.70430875
traffic,43,15188,15764,0.8137744250567407,0.2948148854525248,0.6464009,0.89537334,1.0072813,0.53449297
traffic,347,14804,15188,0.813759025089203,0.2639893739821026,0.064273596,0.11173797,0.19757366,0.24503803
traffic,795,15892,17172,0.8137567223338651,-0.2086137267387244,0.72147155,2.590478,1.7612882,1.5506613
traffic,845,14740,17172,0.8137119939966351,-0.0935994568710021,0.8727143,4.208135,1.792137,3.2887123
traffic,155,15380,16340,0.8136924142954479,-0.1700652976291225,0.6826868,0.13381064,0.40521812,0.14365804
traffic,623,16148,17108,0.8136416438604398,0.0670326331302878,1.4087931,0.71759546,0.8530135,1.273375
traffic,10,16020,16404,0.8136257675673717,0.289082408262044,0.5201472,0.5682323,0.5096538,0.5787257
traffic,682,14164,15892,0.8136015056463431,0.2953488027752023,0.21688414,0.51048017,0.29635096,0.43101335
traffic,119,14420,17108,0.8135948201428308,0.2547670709488229,0.14228642,0.5223204,0.07477152,0.73937833
traffic,151,14036,16660,0.8135767514740742,-0.2753985987921474,1.497263,1.1074097,0.92991066,1.674762
traffic,38,16852,17428,0.8135275578331006,0.2981078495667049,0.17374134,0.39019918,0.25481772,0.3091228
traffic,286,14420,16916,0.8135236245991568,0.2922448082622774,0.26255834,0.44508862,0.045480013,0.753127
traffic,14,14804,16340,0.813508387283564,0.2293731431478892,0.4923153,0.25796628,0.49019504,0.26008654
traffic,183,16020,16212,0.8134347777501248,0.2000903355533917,0.025499344,0.35843468,0.21421218,0.16972184
traffic,177,16980,17172,0.8134157646905256,-0.2951229934700997,1.3055633,0.88408065,0.5594927,1.6301513
traffic,393,14676,16980,0.8133965982367973,0.0341839372660409,0.43654323,1.1804154,0.6712737,0.9456849
traffic,21,14484,16980,0.813371786542147,0.2147673282922443,0.15537238,1.1929288,0.75456274,0.59373844
traffic,614,15252,17364,0.8133430326603394,0.1877855038753067,0.77633405,0.8517301,0.749388,0.8786762
traffic,796,15188,17108,0.8133239258653253,0.0143087853712011,0.18067265,0.3650825,0.14671278,0.39904237
traffic,429,15636,16404,0.8132959048661034,0.2565939021522114,0.07954335,0.35987222,0.23681891,0.20259666
traffic,599,14676,16788,0.8132958556262991,-0.0191845807725935,0.18604016,0.45867276,0.18583274,0.08679986
traffic,341,15892,17364,0.8132551966118707,0.0335865804678447,0.9281345,2.0218377,1.4508696,1.4991026
traffic,271,14164,17428,0.8132065641680465,0.2303177385485908,0.11491084,0.6001508,0.27425003,0.44081163
traffic,762,14356,16660,0.8131924576104523,0.2336068002590276,0.26606822,0.07877636,0.41250467,0.06766009
traffic,360,16404,17364,0.8131841547717148,0.0348964673571468,0.6748719,0.8624556,0.79888105,0.7384465
traffic,496,14484,15252,0.8131790209491813,0.2986098916039104,0.16600251,0.58779514,0.13636613,0.6174315
traffic,727,14676,16980,0.8131651101384072,0.0513381183129576,0.15492034,1.6511638,1.2333877,0.57269645
traffic,21,14932,15508,0.8131485594142396,0.2868125549232602,0.72168386,0.64854574,0.6327497,0.7374799
traffic,61,14036,16916,0.8131157755330735,0.0129084086526071,0.721202,0.7409447,0.021514773,1.4406319
traffic,658,16020,16788,0.8131136508112672,0.2237929427324144,0.9110656,0.7269814,0.5577965,1.0802505
traffic,422,14996,15764,0.8129081697083141,0.2879239083152954,0.7040459,0.55628407,0.4298153,0.83051467
traffic,451,15764,17108,0.8128316624034769,0.1522203674882141,0.2981665,0.26010418,0.0023351908,0.040397525
traffic,406,14996,17108,0.812829232568841,0.1532405205432174,0.527581,0.5600879,0.17399836,0.91367054
traffic,249,14612,16724,0.8127687725496869,0.2558729670678576,0.16006947,0.06579542,0.2724104,0.046545506
traffic,81,14484,16596,0.8127003557052271,0.1366533506686707,0.19005537,1.0790645,0.78795457,0.4811653
traffic,255,16148,16724,0.8126940642303714,0.2371518770848278,0.7543597,0.29358864,0.4354353,0.61251307
traffic,641,14484,15444,0.8126544096595836,0.1125581578970833,0.37191558,0.60337305,0.515434,0.4598546
traffic,31,14484,16980,0.8126511764570351,0.0656744053827784,0.22226906,0.752738,0.14686537,0.38360357
traffic,389,14548,14740,0.8125533761470454,0.2801732354820939,0.01104188,0.06774402,0.051641583,0.027144313
traffic,564,15316,16468,0.8124289128421536,0.2711705405232287,0.52843237,0.7652792,0.5112598,0.78245175
traffic,315,15508,17428,0.8123578506345169,0.154753562995419,0.6046519,0.63779545,1.1049232,0.13752413
traffic,165,15764,15956,0.8123053754716074,0.2934450202838732,0.32414865,0.2804358,0.31488466,0.2896998
traffic,365,16212,16596,0.8123033214306956,0.2702726397761558,0.013628721,0.21055174,0.037251472,0.23417449
traffic,700,15124,16660,0.8122740071434043,0.2758325473035404,0.6183233,0.5626824,0.5704379,0.6105678
traffic,587,16468,17428,0.8122546738320983,0.2997035302875929,0.25578284,0.20482516,0.2337184,0.22688961
traffic,212,14932,17172,0.8122204367525463,-0.0831151092206968,1.1039276,0.72739506,1.2513454,0.5799773
traffic,546,15764,16660,0.8121962739277689,-0.1310101470124066,1.6461562,0.92078614,0.8495387,1.7174037
traffic,479,14356,15124,0.8121937883636985,0.2174964606918447,0.07848859,0.087675095,0.22320461,0.3893683
traffic,56,16660,17236,0.8121887873433881,0.038595051540701,2.3850496,1.3500854,2.754973,0.980162
traffic,241,14292,16980,0.8121052776419094,-0.0174655255311725,0.75853014,0.22053075,0.78992367,0.25192428
traffic,497,15508,17236,0.8120616322042638,0.2319923301568779,0.7134142,0.616616,0.46547318,0.864557
traffic,354,15444,16980,0.8120354611218831,0.2941989564132103,0.66766757,0.447675,1.0376377,0.07770491
traffic,316,14228,16532,0.8119852629630249,0.1775400534546883,0.6937376,0.519577,0.028123975,0.20228457
traffic,25,14164,16852,0.8119485217413397,0.2872604121526715,0.50102496,1.0636079,1.1287615,0.43587136
traffic,704,14804,14996,0.8118704758215413,0.0558308780156779,1.1388683,1.1874459,0.58442974,1.7418845
traffic,480,14740,17364,0.8118463397445655,0.0079096046729626,0.8510692,1.9638925,1.7703261,1.0446355
traffic,626,15700,17044,0.811844034093077,0.2545694300085923,0.10315728,0.19265747,0.022029638,0.06747055
traffic,23,15700,17044,0.8118394382035323,0.2818989441675311,0.14042878,0.26530075,0.057188034,0.067683935
traffic,21,16020,17364,0.8118162512439365,0.0382672616167191,0.009316921,0.26664162,0.104982376,0.15234232
traffic,433,16020,16404,0.8117811928113317,0.1544116372320633,0.79547954,0.46885204,0.32126546,0.9430661
traffic,795,15828,16596,0.8116423909374179,0.2241452189210134,1.481684,1.4470528,2.0237403,0.9049965
traffic,341,14676,16596,0.8115502561469461,0.2933330070919923,0.018018007,1.3217291,0.86673987,0.4369712
traffic,775,14484,16596,0.811547541289993,0.230858105147325,0.56620884,0.27822042,0.68674135,0.39875293
traffic,205,15700,17044,0.8115375839274412,0.2925210286813854,0.14314675,0.13192725,0.062059402,0.0508399
traffic,14,15508,15892,0.8114352790706645,0.1773736229146213,0.2941966,0.34071302,0.20838833,0.4265213
traffic,134,14484,16596,0.8113924719949974,0.0660703439469819,0.82616615,1.1213278,1.018336,0.92915785
traffic,523,15956,16532,0.8113847362610359,0.2173050286712157,0.30083084,0.24951863,0.40683365,0.14351583
traffic,191,15892,17172,0.8113758028893998,-0.2119927950870889,0.95957625,2.206812,1.6856993,1.4806888
traffic,399,17236,17428,0.8113756278483399,0.2758001959492881,0.16916895,0.20045745,0.20799029,0.16163611
traffic,652,14484,16212,0.8113415063732261,0.2622482778917422,0.33723474,0.6147933,0.13670206,0.815326
traffic,301,14484,16404,0.8113198567468171,0.1937156448348141,0.39715695,1.1955038,1.096611,0.49604976
traffic,326,15444,16596,0.8113189742575266,0.0454097759300467,0.2775576,0.05538833,0.21148384,0.12146211
traffic,1,14548,14676,0.8113061940752863,0.0383722052370771,0.67789316,0.05151844,0.9943986,0.264987
traffic,236,15508,17236,0.8113032321801005,0.183649548701107,0.13933778,0.45084286,0.18309617,0.40708447
traffic,728,16276,16660,0.8112894521282024,0.1418429923866997,1.1187685,4.8403125,1.3092909,4.64979
traffic,555,15444,16980,0.8112634060906053,0.216829838511059,0.2615888,0.7460067,0.010489941,0.49490786
traffic,577,14676,16020,0.8112446714947794,0.2324460412138356,0.051341534,0.02250421,0.009063721,0.037901044
traffic,245,15892,17172,0.8111714246537791,0.1134384751590687,1.0899675,2.2584298,1.4515817,1.8968155
traffic,515,16020,17172,0.8111652789187295,0.2944862217949575,0.6744311,0.51017094,0.64709306,0.53750896
traffic,720,15060,16980,0.8111592340281771,0.2837386991398399,0.5631144,0.3467722,0.23418665,0.017844439
traffic,503,15380,17108,0.81114998145188,0.2664020841449602,1.6910424,0.69842124,0.78752875,1.6019349
traffic,431,14932,17172,0.8111439233696873,0.0674044133964082,0.9840362,1.262171,1.4610226,0.7851846
traffic,545,15956,17108,0.8111404750555669,0.2978522408739174,0.6876812,0.814589,0.79153943,0.7107308
traffic,342,16020,16404,0.8111380937209853,0.2417687895364823,0.5222099,1.0770496,1.103013,0.49624646
traffic,23,16212,16980,0.8111127891924486,0.2211435104315993,0.39040256,0.24912548,0.27764058,0.1363635
traffic,822,16212,17364,0.8110950887907049,0.2781358792257019,0.39003968,0.531127,0.6270704,0.29409623
traffic,355,15124,15316,0.8110746057885229,-0.1698811379421317,0.5437031,1.1748013,0.90670705,0.8117974
traffic,198,14164,16660,0.8110690015449542,-0.0338635203565802,0.47685432,0.6029656,0.85492516,0.22489476
traffic,776,15124,17044,0.8110305917759709,0.2898229375841463,0.38876057,0.14589381,0.106986284,0.13588047
traffic,229,14612,16148,0.8110045051166934,0.2718600510280981,0.6011176,0.11080003,0.22252488,0.2677927
traffic,383,15188,17108,0.8109801431465562,0.1856979328777495,0.03398156,0.051402092,0.22829103,0.24571157
traffic,697,15828,16596,0.8109800834380407,0.2709448428271533,0.33042836,0.93708825,0.71216345,0.55535316
traffic,742,14356,15700,0.8109521019548132,0.2899052715843884,0.43951535,0.63241506,0.80263615,0.26929426
traffic,467,16148,17108,0.8109500785108258,0.219726690993198,0.69275665,0.5630506,0.3306613,0.925146
traffic,722,14484,17364,0.8109180918899622,0.1390145516749122,0.6962323,0.29442072,0.603878,0.38677502
traffic,156,15636,16788,0.8108876349962695,-0.0314409945478367,0.7012336,0.7635851,0.5438223,0.9209964
traffic,555,15316,16276,0.8108754015568753,0.1844279102965575,1.9917029,0.71713996,1.424269,1.2845739
traffic,362,14164,17236,0.8108529380300374,0.2503722493834583,0.47502208,0.61102104,0.29476714,0.791276
traffic,542,15572,16660,0.8108339866556586,0.1068594838077277,1.1672928,2.2823312,1.12342,2.326204
traffic,845,15764,16724,0.8106785797767793,0.1355200328749659,1.7055821,1.7472324,0.6550511,2.7977633
traffic,429,15508,17428,0.8106754771283571,0.2878410107907943,0.06823397,0.20218587,0.16432929,0.43474913
traffic,594,14612,16532,0.8106730149817455,0.184297444099219,0.7412869,0.18136764,0.46939337,0.45326114
traffic,653,14548,17172,0.8106705106157231,-0.3690315985015222,0.83080876,1.2655406,1.5376357,0.5587137
traffic,532,14740,15700,0.8106673214691353,0.2078027432333038,0.039070368,0.1778245,0.06762791,0.14926696
traffic,356,14804,16916,0.8106237315376004,0.2621607202652187,0.056470156,0.27468586,0.09129548,0.4224515
traffic,786,14420,17300,0.8106073670240691,0.2920084699148623,0.7189355,0.6948979,0.59661317,0.8172202
traffic,538,15572,16660,0.8105773060243318,-0.1856659022527323,1.1469513,2.41853,1.189722,2.3757594
traffic,674,15572,16660,0.810531632478099,-0.0544657581585261,1.2465664,1.6208658,1.0273093,1.8401229
traffic,403,15124,17236,0.810455062240551,0.0450461091310875,0.286335,0.44753575,0.5787394,0.15513134
traffic,567,14548,17364,0.8104225837095632,0.0401011707836832,1.6167731,0.6762059,0.7761934,1.5167856
traffic,711,14804,16340,0.8104017935810048,0.2024864813245625,0.2575946,0.06401324,0.21094584,0.11066198
traffic,542,15892,17364,0.8103900303094314,0.2088547178211052,0.9551164,2.0903778,1.6145567,1.4309375
traffic,749,16020,16788,0.8103777600941641,0.277713767435623,0.006747961,0.7254598,0.30159807,0.41711378
traffic,503,14420,17300,0.8103611000248638,-0.1633929091846722,1.7169745,1.2033215,0.7039659,2.21633
traffic,521,16020,16596,0.8103459583516082,0.1574760394895867,0.06961155,0.46510482,0.26719618,0.2675202
traffic,407,15892,16468,0.8103394350546868,0.0654272390255986,0.7064533,0.6596079,0.1726942,0.12584877
traffic,424,15124,17236,0.8103170556349757,0.1302068589975427,0.1384083,0.022684097,0.17636442,0.060640216
traffic,38,14612,15380,0.8103143424539598,0.2750569454491428,0.037235975,0.004373312,0.067483425,0.034620762
traffic,211,15636,16404,0.8102407346950944,0.1461103119776284,0.08715296,0.37453496,0.25881958,0.20286834
traffic,653,14292,15828,0.8102207954929586,0.2347240219692051,0.2598102,0.30158067,0.21483207,0.25660253
traffic,653,14676,16084,0.8102169951851609,-0.2646543000296126,0.3273809,1.2683134,0.7120315,0.8836628
traffic,58,15700,17044,0.8101303195454487,0.2825573039218022,0.41766417,0.048943996,0.22666013,0.14206004
traffic,724,14420,17236,0.8101206558145044,0.2144452712557659,1.0586544,0.084279776,0.66809046,0.47484374
traffic,236,14292,14676,0.8101082329299202,0.2036097124045031,0.3943715,0.21803427,0.88414836,0.27174258
traffic,357,14292,17172,0.8101016299821788,0.2864115821775524,0.4557464,0.036644697,0.4162929,0.0760982
traffic,283,14804,16916,0.8100704046770452,0.1540909129207575,0.4864738,0.4825015,0.16022182,0.8087535
traffic,860,14164,16276,0.8099938759633105,0.2144935647234166,0.04803133,0.15383911,0.0032792091,0.20514965
traffic,301,16148,17108,0.8099456927727606,0.1831118478238008,0.58414006,0.50568736,0.284096,0.8057314
traffic,664,14740,16852,0.8099230305919618,0.2382558884087657,0.7521167,0.22346139,0.669647,0.3059311
traffic,684,16084,17364,0.8099188228694787,0.1206591813023027,0.87060326,2.203703,1.6791008,1.3952053
traffic,79,14932,17044,0.809914888314981,0.2326669671721924,0.44569576,0.14813995,0.5896653,0.004170418
traffic,633,16788,16980,0.8098775001516609,0.1695793078550659,0.40031624,0.008795023,0.13167024,0.25985098
traffic,67,14292,16788,0.8097911560569956,0.2761314194348399,0.37102008,0.8618541,0.12597919,0.3648548
traffic,587,14548,16852,0.8097731927421296,0.2838314154992857,0.44786382,0.03538704,0.4325273,0.050723553
traffic,830,17108,17300,0.8097569500210319,0.2348491629731086,1.1393629,0.92198014,0.6005591,1.460784
traffic,142,15124,15700,0.8097566346718066,0.0387631548773418,0.48985505,0.4142859,0.38908362,0.5150573
traffic,394,14996,16148,0.8097211566048091,0.1984902008621171,1.1432619,1.0320115,1.4347293,0.7405441
traffic,421,14996,15572,0.8097207546874686,0.2128099228697398,0.74119616,0.47983503,0.41902614,0.80200505
traffic,623,16084,17364,0.8097192290343408,0.1022771028122684,0.9298289,4.8703995,1.7121623,4.088066
traffic,774,14228,16340,0.8097101240994282,0.2439385374190178,1.6342981,1.6823173,0.6513326,2.6652827
traffic,408,14356,17044,0.8096852571257459,0.1160632554782415,0.92401433,0.67244744,0.48518205,0.23361516
traffic,584,16020,16212,0.8096653104391622,0.2803673712156173,0.13988876,0.39554954,0.26581502,0.26962328
traffic,216,15316,16276,0.8096500899230588,0.1987800708733065,0.6308546,0.6557747,0.65155613,0.6350732
traffic,731,14484,15252,0.8096299643928229,0.2704166627149205,0.52631235,1.0316949,0.797894,0.76011324
traffic,258,16340,17108,0.8096292300579604,0.2306670034203836,0.13718748,0.028840542,0.20435023,0.096003294
traffic,655,14612,16532,0.8095133709492991,0.2991015788757956,0.5324583,0.09632969,0.23860264,0.19752598
traffic,387,14996,15572,0.8095036434631365,0.2448494179537428,2.0900574,0.92814183,1.8584373,1.1597619
traffic,43,14356,17236,0.8094937609130225,0.0690640841734057,0.076735616,0.47327828,0.2735095,0.8235234
traffic,405,16340,16532,0.8094758788715276,0.2639618211259401,0.011871576,0.061938047,0.0549345,0.12874413
traffic,797,14292,16788,0.8094724837465831,0.2905824120574486,0.31551743,1.0544198,0.3039919,0.43491042
traffic,182,16660,17428,0.8094461307786203,0.1475191139559133,0.771518,1.068882,1.2330065,0.6073935
traffic,480,14676,15892,0.8094299408164775,-0.1839781817471562,0.14469266,0.9601383,0.32071877,0.7841122
traffic,615,15124,15508,0.8094218691935651,0.2674766673296127,0.5826416,0.15009189,0.4002266,0.3325069
traffic,532,14292,14868,0.809421559417637,0.1669546279901282,0.16435122,0.13919497,0.09377909,0.06862283
traffic,718,15380,16148,0.8093267384781732,0.2757300559876665,0.30027294,0.01803255,0.27831173,0.0039286613
traffic,520,14548,17172,0.8093232427055187,-0.0204448087852869,0.9703603,1.5219321,1.5029943,0.9892981
traffic,560,14996,16916,0.8093167894487625,0.2278451168109116,1.1688731,0.49331462,0.34129834,1.3208894
traffic,645,15316,16468,0.8092886375542689,0.0928469862034957,0.203112,0.73219526,0.51915336,0.4161539
traffic,198,14548,16276,0.809182052913173,0.2908371087248682,0.06557405,0.074145555,0.042315006,0.0337435
traffic,381,15508,17428,0.8091741920610424,0.2636861223918338,0.21994853,0.16376638,0.46599245,0.08227754
traffic,835,15828,16596,0.8091704761773063,0.2503378774310714,0.41627908,0.6055988,0.2780006,0.7438773
traffic,777,14484,16212,0.8091391295713757,0.1831775083201988,0.21765184,0.5062988,0.14828968,0.57566094
traffic,356,15508,17044,0.8091280141286122,0.2529514934916489,0.0037834644,0.26027942,0.06315398,0.2009089
traffic,808,15572,16340,0.8091017869299184,0.2234921835599602,1.1037326,1.3533175,0.92244387,1.5346062
traffic,359,14292,16404,0.8090938888738765,0.2324961462667516,0.17346454,0.20901048,0.19421935,0.2297653
traffic,423,14804,17108,0.8090842339531591,0.2929839083436424,0.45611048,0.5778507,0.0870316,0.9469296
traffic,208,15252,16404,0.8090671886450996,0.102458758087907,0.15561771,0.43086624,0.31049633,0.27598763
traffic,457,14484,16020,0.8089508602195414,0.2393381262038015,0.05913186,0.16766214,0.10649061,0.2150209
traffic,177,16020,16404,0.808947006637041,0.2356716290966233,0.7392535,0.46447897,0.22394109,0.9797914
traffic,838,14164,16660,0.8089405154970836,0.2657404771840518,0.47888637,0.037777424,0.3109398,0.205724
traffic,325,14676,15060,0.8089004457439808,-0.0158220578864544,0.36795926,0.7341324,0.7218077,0.38028395
traffic,490,15316,17428,0.8088596085253229,0.1418462536563592,0.09036541,0.27532887,0.01467967,0.19964314
traffic,35,14548,16468,0.808791911160792,0.2852998821700689,0.27049112,0.069505215,0.22162437,0.11837196
traffic,270,14036,14804,0.8087587884776424,0.018329681177283,0.015221119,0.21594739,0.28514767,0.5163162
traffic,782,14676,16404,0.8087428985900682,0.1230601139097053,0.18014693,0.87471974,0.59585166,0.459015
traffic,421,14292,16404,0.8087280186371077,0.0424356490474889,0.055272102,0.81626105,0.598753,0.27278018
traffic,806,14612,16532,0.8087256266494437,0.2927513671700348,0.35397887,0.21005416,0.12059355,0.023331165
traffic,359,14932,15508,0.8086884064247646,0.2467943725802724,1.0058109,0.67625666,0.5733086,1.1087589
traffic,57,17172,17364,0.8086804714848645,0.2554266065330529,0.18226647,0.23594952,0.28200626,0.13620973
traffic,585,15060,16020,0.8086752572774089,0.2364356490582091,0.54275465,0.5813079,0.6099782,0.51408434
traffic,305,15572,16724,0.8086752464720887,0.291290234230515,0.707456,1.2407886,1.2942092,0.65403533
traffic,525,15316,16468,0.8086715179119777,0.1880179145707289,0.19139075,0.29850435,0.10069132,0.3892038
traffic,537,14164,16852,0.808631464107134,0.0574615939547457,0.3963554,0.17785335,0.37060404,0.2036047
traffic,23,15764,16148,0.8086153477418503,0.0753457022759251,0.4875586,0.068951845,0.32450914,0.2320013
traffic,843,16020,16596,0.8084611605347053,0.2897956442776486,0.34660482,0.5244744,0.43278813,0.43829107
traffic,527,14484,16980,0.8083795672262961,0.2015678387389514,0.35877037,0.8962486,0.5792258,0.6757932
traffic,467,14484,16596,0.8083777601174178,0.2672802400047069,0.68785906,0.6903615,0.49215078,0.8860698
traffic,763,14484,16980,0.808318722462574,0.2048597373330145,1.3615339,1.4311796,2.0522404,0.74047315
traffic,200,14484,16788,0.8082978954952289,0.2331631640944449,0.2564113,1.1976881,0.9762809,0.4778185
traffic,775,15380,16660,0.8082555453098352,0.0227067228662634,1.1027184,0.56371117,0.8254154,0.84101415
traffic,722,14420,16916,0.8082522056356339,0.1365968359104687,1.3667251,2.2189035,2.8941293,0.69149935
traffic,130,16276,17428,0.8082321558293208,0.2634899457467286,0.091263294,0.14750159,0.05304122,0.10927951
traffic,353,16020,17364,0.8081520921633077,0.2534652866409895,0.93054676,2.1679466,1.1503999,1.9480934
traffic,665,16148,16724,0.8080875075356823,0.2341232548942373,0.2524345,0.13104177,0.30584383,0.1844511
traffic,833,16532,16724,0.8080566283761763,0.1163976335794643,0.5957911,0.6224549,0.57371473,0.64453125
traffic,3,16468,17428,0.8080265668731831,0.132270845363418,0.78111994,1.1600571,0.9387094,1.0024676
traffic,495,15636,16020,0.8079986889076423,0.297149376912566,0.1965549,0.021387577,0.25432158,0.0363791
traffic,736,15636,16020,0.807914165647588,0.1999964925208942,0.36729312,0.08717656,0.5602517,0.10578203
traffic,385,15636,16020,0.8078974120925305,0.2646107034934511,0.08476353,0.1159389,0.09319997,0.2939024
traffic,286,14164,16852,0.8078855636992343,-0.0108730617072518,0.16752648,1.037322,0.70003057,0.50481796
traffic,12,14100,14676,0.8078328760368914,0.0525923606464944,0.6386237,1.1455665,0.9657519,0.8184383
traffic,494,14292,17172,0.8078321367723492,0.2723522004079254,0.5925418,0.31859875,0.5896617,0.32147884
traffic,519,14548,17172,0.8078133010415641,-0.1747834481953379,0.94412625,2.078891,1.5327157,1.4903016
traffic,813,15828,16980,0.8078019419411977,0.2727226173743096,0.95057845,1.3526444,1.7055179,0.597705
traffic,783,17108,17300,0.8077902822690742,0.1357664895405129,0.7285263,0.36373246,0.32530528,0.76695347
traffic,776,14292,16212,0.8077886935591906,0.2755792838231111,0.04415703,0.097857475,0.1528027,0.20650315
traffic,592,15444,16596,0.8077477550473701,0.0885634396759096,0.25066733,0.06256449,0.14165676,0.046446085
traffic,41,14292,16788,0.8077412158042365,0.2086228989954966,0.0039782524,0.664762,0.29343784,0.36734593
traffic,338,14676,15636,0.8077206373434588,0.2342601145679518,0.51747274,0.5203612,0.1894865,0.19237494
traffic,41,14164,17044,0.8076315825188847,0.1177991325734346,0.38047385,0.7869086,0.51110816,0.6562743
traffic,50,14740,15508,0.8075595500671898,0.2591606881629471,0.5246043,0.5047021,0.6347871,0.39451933
traffic,244,15124,17044,0.8075031942462529,0.2693885786955934,0.5210235,0.6237669,0.5802083,0.5645821
traffic,390,15508,17044,0.8074900838563368,0.2394634924557309,0.36479282,0.8538797,0.59385777,0.62481475
traffic,794,16148,16916,0.807488600765786,0.2991964464147106,0.5037389,0.4543563,0.02245295,0.93564224
traffic,431,15892,17364,0.8074579340054046,-0.072013502971142,0.9695581,1.5904,1.4866077,1.0733504
traffic,136,15316,16660,0.8074358417994891,0.2219463803415227,0.5118387,0.16705513,0.33095574,0.34793806
traffic,795,14228,16724,0.8074265238000383,0.1609290233165491,0.9386271,0.95888543,0.8403659,1.0571467
traffic,538,14676,16596,0.8073977573956277,0.2879759320365598,1.317929,1.56599,2.1194916,0.7644274
traffic,769,15572,16532,0.8073906390329963,0.2288165382156133,0.56072426,0.012620449,0.32707357,0.24627113
traffic,835,15764,16660,0.8073465274694566,0.0673744246684697,0.903365,0.88507986,1.1279927,0.6604521
traffic,428,16468,17236,0.8072892839071912,0.2251343453891287,0.1961391,0.38903117,0.5436487,0.04152155
traffic,211,14036,16340,0.807269068558914,0.2451219568548917,1.2855754,1.7566898,0.87353206,2.1687331
traffic,333,15124,15508,0.807181402142885,0.2940893080344464,0.4937563,0.08268547,0.3074062,0.26903558
traffic,506,14484,15444,0.8071782404718832,0.2825822141969777,0.28158545,0.5989735,0.25565314,0.6249058
traffic,807,14356,17428,0.807130116300342,0.1302587801641933,0.73709047,0.660691,0.64274585,0.75503564
traffic,583,16660,16852,0.8070883109064201,0.2005678242780082,0.27423286,1.0633476,0.93717766,0.40040278
traffic,674,14292,16788,0.8070745703808695,0.0258450353115743,0.56549954,0.8201177,0.6705115,0.7151058
traffic,573,14548,17236,0.8070710265277466,0.2220666674258124,0.17897964,0.9504342,0.4888463,0.64056754
traffic,134,14292,16020,0.8070369698136255,0.290157723440251,0.25625038,0.6870363,0.070990086,0.501776
traffic,684,14164,17428,0.8070358949291724,0.2853323920017975,0.068992615,0.18754888,0.1088326,0.22738886
traffic,613,16660,17428,0.806961914711128,0.2910753415893166,0.056390285,0.56769943,0.28444386,0.33964586
traffic,466,16660,17428,0.8069146281031091,0.2929652878784602,0.7844856,1.2206136,1.1246028,0.8804964
traffic,511,14740,17364,0.8068564886073685,-0.0111969312769583,0.4358611,0.41980457,0.5896101,0.57355356
traffic,744,16788,17364,0.806855518348901,-0.0171786126932316,0.1203742,0.14505982,0.3300023,0.06456828
traffic,26,15828,16596,0.8068498693428074,0.2585979582894242,1.5045483,0.8630822,1.2863874,1.081243
traffic,815,14228,16532,0.8068326406103096,0.2907834270347188,0.6316276,0.0056581497,0.37589467,0.2613911
traffic,226,14356,15508,0.8068289741089538,0.1557735719665876,0.0821023,0.304286,0.11821985,0.10396385
traffic,373,14932,17172,0.8068040033812338,-0.0240300132703103,1.0841017,4.0900984,1.5268149,3.647385
traffic,719,14228,16340,0.8068037084269148,0.2931507751080925,0.37659,0.00019407272,0.22902155,0.14737439
traffic,213,14548,17044,0.8067691282068749,0.295108999465879,0.6771637,0.012645006,0.452855,0.21166372
traffic,458,14612,16532,0.8067492997089502,0.0680684632026083,0.37508464,0.15143275,0.59490275,0.06838536
traffic,28,15316,17236,0.8067340789500391,0.1479201274693896,0.65525603,1.0225457,0.88966227,0.78813946
traffic,605,14420,17108,0.8066595696699813,0.252341067315995,0.1428529,0.0073564053,0.10152352,0.03397298
traffic,237,15892,17172,0.8066081955591292,-0.1693613290783244,1.4301689,0.04865241,0.7154944,0.7633269
traffic,739,15892,17364,0.8066005051469654,0.0370179798315133,0.9716928,3.2753634,1.7018832,2.545173
traffic,531,14164,17428,0.8065996125464923,0.1738049186040713,0.3284955,0.88233614,0.6176765,0.59315515
traffic,193,14100,16788,0.8065763076708562,0.0049426658872547,0.30665016,0.35389757,0.16318655,0.21043396
traffic,649,14484,16212,0.8065553985687423,0.2838056712682202,0.30466938,0.6162379,0.24027228,0.680635
traffic,708,16020,17364,0.8065469045717827,0.2260147134569686,0.45612812,0.32891178,0.39022326,0.39481664
traffic,469,15124,17236,0.8065404384198229,0.2404780225852802,0.1485107,0.24983251,0.05725634,0.34108686
traffic,416,14932,15508,0.8065357358433063,0.0733731466176688,0.9734969,0.18272209,0.41742516,0.73879385
traffic,763,14612,16148,0.8065284578584881,0.2917384461124185,0.59120953,0.28032494,0.34530675,0.5262277
traffic,50,14932,16084,0.8064810307151336,0.2012876573208413,0.37589884,0.50384307,0.40736794,0.47237396
traffic,66,15188,16916,0.8064698681517053,0.2882445717669264,1.1245439,0.59738237,0.28173137,1.440195
traffic,481,15572,16660,0.806456902389301,-0.1859084150481898,1.7162421,1.5023105,0.76166576,2.4568868
traffic,321,15636,16020,0.8064493665304284,0.2992672424221165,0.40299106,0.31756568,0.54945254,0.1711042
traffic,743,16084,17364,0.8064268938313268,0.0648994586814168,1.073588,0.545836,1.08714,0.532284
traffic,766,14740,15828,0.8064082276775407,-0.207251374557409,0.87916356,2.792049,1.7880645,1.8831482
traffic,356,14228,14996,0.8064062033383421,0.2739975237419533,0.4245832,0.029850006,0.14511442,0.24961877
traffic,520,14420,15380,0.8063946209539807,0.2113643454309534,0.3595686,0.104212284,0.49218345,0.028402567
traffic,442,15380,16660,0.8063925980251296,0.0342149437508334,1.3915399,1.1714036,1.058323,1.5046206
traffic,257,14164,16660,0.8063449370673249,0.1852787651515917,0.41923404,0.39273643,0.5765319,0.23543859
traffic,184,14292,16020,0.8063102757500092,0.1971313435328058,0.050936222,0.017206192,0.15493536,0.18866539
traffic,667,15508,16276,0.8063006651917518,0.279699690760873,0.6601131,0.51016486,0.3690157,0.80126226
traffic,36,15124,15508,0.8062889614929161,0.2990843590957118,0.54032445,0.2972939,0.5089941,0.32862425
traffic,310,14356,15508,0.8062605391245689,0.2248352250368304,0.23693073,0.18140078,0.28159273,0.13673878
traffic,69,16084,16468,0.8062394591906846,0.1778129352643404,0.040076256,0.34798956,0.10308218,0.41099548
traffic,408,14228,16916,0.8062333914644904,0.2847712069678353,0.9680481,0.5116725,0.846195,0.38981938
traffic,260,15828,16020,0.8062078084337618,0.1423849502434362,0.34180593,0.72272253,0.7455931,0.3189354
traffic,260,14612,14996,0.8062043069537161,0.2323059572132879,1.0974094,0.3722062,0.48855412,0.98106146
traffic,674,14612,16724,0.8061960727116778,0.2918103598927586,0.8989043,0.34735608,0.4791901,0.7670703
traffic,123,16020,16404,0.8061745564064764,0.2053460308141025,0.19312668,0.42244995,0.18552518,0.43005145
traffic,111,15188,15380,0.8061686659882608,0.293642824012138,0.77678394,0.46467686,0.56223035,0.67923045
traffic,819,14612,16532,0.806154654303108,0.2964304677167654,0.98503816,0.17575479,0.35173059,0.80906236
traffic,678,14548,15892,0.8061429208017208,0.271005722851301,0.3835008,0.2923944,0.27960634,0.39628887
traffic,92,16148,16340,0.8061093891998864,0.265329621452094,0.24257207,0.07819295,0.116188765,0.048190355
traffic,677,14740,16468,0.8061027479537177,0.2849584672015635,0.61691284,0.31447673,0.20924664,0.09318948
traffic,632,14484,15828,0.8060332120514395,0.1427329368722419,0.93096614,0.6988344,0.89013124,0.7396693
traffic,687,15252,16212,0.8060202511939444,0.1155603241311929,0.20442927,0.45451164,0.48660207,0.17233884
traffic,793,14996,16532,0.8060125020049479,0.2339014882626783,0.12663722,0.32694435,0.08399725,0.5375788
traffic,338,14932,17172,0.8059934928288086,0.017207409576694,0.9706434,1.0085154,1.3192362,0.6599226
traffic,856,14484,16788,0.8059740254366673,0.2597410745433999,0.033911943,0.64933157,0.104518175,0.57872534
traffic,835,14548,17428,0.8059633643927719,0.2103349144837233,0.3393159,0.08162427,0.25420523,0.0034863949
traffic,678,15636,16212,0.8059175125561234,0.2557986976053736,0.06448078,0.12764192,0.31206942,0.11994672
traffic,240,15636,16212,0.8058905756669157,0.2529223582049167,0.26798582,0.5334418,0.8226607,0.021233082
traffic,488,14676,16212,0.8058805503236293,0.2789470003479088,0.22236586,0.47610593,0.36095428,0.3375175
traffic,524,14612,17108,0.8058314537773732,-0.2519020505430893,2.2635324,0.84272194,1.7668474,1.339407
traffic,109,14740,17172,0.8058136960533382,-0.1736695416209586,1.2388276,2.332472,1.4240674,2.1472323
traffic,259,14356,15508,0.8057327340412145,-0.1359327311845798,0.6466726,0.5376129,0.5068035,0.677482
traffic,603,16020,16980,0.8056973411991742,0.2660067353456478,0.5734873,0.26944017,0.19908094,0.10496616
traffic,244,14292,16212,0.8056534906384896,0.2026409479464277,0.24410105,0.003211975,0.24062538,0.006687641
traffic,625,15636,17172,0.8056356480651724,0.285959292893189,0.27189517,0.1248219,0.24174166,0.09466839
traffic,653,15764,16724,0.8056213036791378,0.2827346076274368,1.4781432,0.029509306,0.31636697,1.1912856
traffic,447,14996,15572,0.8055188257562483,0.2314803975216344,0.15027785,0.020015717,0.09879112,0.2690847
traffic,283,16148,17108,0.8055122320507159,0.2962366488721771,0.6049297,0.5830209,0.3217969,0.8661537
traffic,605,14484,15252,0.8054524247040971,0.2391063515570023,0.6112454,0.7859926,0.6585336,0.73870444
traffic,656,15828,16020,0.8054406096622377,0.2175966936105801,0.14701366,0.33417296,0.04543352,0.4357531
traffic,168,15828,16020,0.8054308362195327,-0.2743191220505412,0.5796275,0.17626476,0.266078,0.13728476
traffic,710,14996,16340,0.8054227026739275,0.2917999379411834,0.0221138,0.05659437,0.010149479,0.08885765
traffic,289,14612,16340,0.8053741678742478,0.2925508302332081,0.58142257,0.27077198,0.4139254,0.43826914
traffic,507,15828,16404,0.8053426742628877,0.2762946408747368,0.4641788,0.74642944,0.4966104,0.71399784
traffic,290,14292,16596,0.8053238224699071,0.0985632853150693,0.21415162,0.39509714,0.1086421,0.28958762
traffic,70,14676,16020,0.8053073633373047,0.2964856695329212,0.57442546,0.69006264,0.7943516,0.47013652
traffic,633,16468,16660,0.8052848458615007,0.1984016600302614,0.32978392,0.27247858,0.6596699,0.05740738
traffic,285,16596,16788,0.8052822503723931,0.2792423317448447,0.07891655,0.1227746,0.1132977,0.08839345
traffic,621,14292,16020,0.8052366983229593,0.0519389341273081,0.6461519,0.719825,0.9462663,0.41971064
traffic,335,14292,17172,0.8052230666558468,0.2973751627748491,0.5743946,0.40371585,0.6777731,0.3003373
traffic,178,14932,17172,0.8051774601082,0.0135978474522475,0.97814906,0.960408,1.263158,0.67539907
traffic,461,15380,16660,0.8051354767843464,0.0484300144381515,1.1773614,0.18718743,1.0016936,0.3628552
traffic,424,14548,17172,0.805106500166128,-0.0552606190045922,1.0793924,3.027022,1.5001178,2.6062965
traffic,239,14164,17236,0.8050931386600644,0.2425802396744791,0.6088052,0.6907743,0.3566897,0.9428898
traffic,427,14548,17044,0.8050813619250136,0.2956072322180816,0.4988469,0.027076006,0.319682,0.15208888
traffic,697,15892,17364,0.8050560993945867,-0.0131366850562777,0.93595386,0.14288688,0.8497944,0.05672741
traffic,623,15508,15892,0.8050481312970674,0.1732902024083992,3.2762818,1.5261931,3.8701906,0.9322844
traffic,599,15444,16212,0.8050363413552257,0.0763270764105622,0.10781622,0.02847147,0.013352394,0.065992355
traffic,580,16788,16980,0.8050048764334148,0.2939635572671323,0.16214263,0.108738065,0.17174757,0.099133134
traffic,666,15252,15828,0.8049666753583042,0.2583571153256055,0.72946477,0.70919585,0.85995436,0.57870626
traffic,326,15508,17428,0.8049299019063468,0.2146701420762327,0.047320127,0.5061934,0.27248836,0.28102517
traffic,642,14676,15828,0.8048982247459918,-0.3367296693485215,0.1289506,0.092876434,0.10064459,0.06457043
traffic,292,15380,16660,0.804897653098874,-0.1133494404420662,1.3510786,1.7909036,1.0968682,2.045114
traffic,522,14228,16660,0.8048906059405793,0.1463849364082773,0.86375535,0.6406727,1.0933896,0.4110384
traffic,143,14356,16852,0.8048544784608652,0.2677267061294371,0.43555355,0.45073628,0.6105144,0.27577543
traffic,278,14420,14996,0.8048312302454514,0.1904158035593508,1.2574126,2.042718,0.962643,2.3374875
traffic,405,14356,16660,0.8047968655498732,0.2891020758473914,0.6312027,0.6641307,0.7235334,0.5718
traffic,531,14740,17172,0.8046892205864312,-0.1790162535288622,1.0556544,0.5097594,1.0741118,0.491302
traffic,351,15188,16724,0.8046887721043097,0.2961305865645974,0.078368425,0.13702202,0.04672146,0.2621119
traffic,581,15636,17172,0.8046803718688856,0.2651222608673927,0.68921804,0.8264017,1.062165,0.45345473
traffic,391,14420,16532,0.8046677980770305,0.1620223082586505,0.084460735,0.5674645,0.03388214,0.4491216
traffic,762,14228,15764,0.8046190842975819,0.2632696896961859,0.16381478,0.13048244,0.15532565,0.13897157
traffic,391,16020,16212,0.8045890730995362,0.1197365925566118,0.497082,0.9407078,0.9125645,0.5252253
traffic,119,14292,15636,0.8045762758821401,0.2816988740707465,0.40311575,0.5951953,0.5551996,0.44311142
traffic,352,14164,16852,0.804494772353412,0.2692920158624818,0.08560395,0.478055,0.335006,0.22865295
traffic,794,15508,15892,0.8044780555731447,0.2552682330212594,3.211151,1.470126,3.7439876,0.9372895
traffic,49,14932,16852,0.8044601793039008,0.2709404259223643,0.7287731,0.50621176,0.7638955,0.47108936
traffic,792,14100,14676,0.8043986019248353,0.2847931392576637,0.24121308,0.29904962,0.42659378,0.11366892
traffic,598,16788,17364,0.8043588345677477,0.2108149446012949,0.76392365,1.2452385,0.89436483,1.1147974
traffic,135,16148,16340,0.8042730059315848,0.2487523537928252,0.51158166,0.22856379,0.32714796,0.41299748
traffic,63,15508,16276,0.8042485673381542,0.2820133633009903,0.42902803,0.67188466,0.47470653,0.62620616
traffic,367,14676,16084,0.8042243643574761,-0.1415772678042824,0.5243392,1.1426294,0.028764486,0.5895257
traffic,734,17236,17428,0.8041981025417078,-0.0351642420851797,1.0644591,4.4364586,1.4656682,4.0352497
traffic,727,14164,16660,0.804155161678549,0.2934872912827761,0.615196,0.4523387,0.5331199,0.53441477
traffic,531,14036,16532,0.8041342993078289,0.1916168120364057,0.70380664,0.087881565,0.2574649,0.3584602
traffic,438,14292,17172,0.8040772484166366,0.2681649687629986,0.5266285,0.16957688,0.5506089,0.1455965
traffic,719,14740,17428,0.8040694556446422,0.2387521300915977,0.36193752,0.09854627,0.39769864,0.13430738
traffic,732,14164,16084,0.8040377873225515,0.2105829614475276,0.7350826,0.4776621,0.2941792,0.9185655
traffic,138,15124,15508,0.8040088849969569,-0.1425507043359966,0.28968334,0.1423564,0.7589557,0.32691598
traffic,69,14420,15572,0.8039900850849977,0.2748252274930803,0.03909397,0.095201015,0.03152585,0.16582084
traffic,60,17108,17300,0.8039664628105126,0.2827466936170247,0.17766595,0.15825891,0.18347979,0.15244508
traffic,506,14164,16852,0.8039393052960725,0.2429151027453603,0.46575856,0.49990702,0.43923283,0.52643275
traffic,47,17236,17428,0.8039148535900899,-0.101452484449691,1.0294634,4.893319,1.5306336,4.392149
traffic,582,15508,16084,0.8038724084194492,0.2841836462857021,0.721074,0.35141802,0.21713328,0.8553587
traffic,637,14548,16276,0.8038711342739918,0.2829131409837365,0.3222764,0.18675911,0.21162438,0.29741114
traffic,416,14292,16788,0.8038422837898781,0.1336812813479573,0.026861668,0.5581285,0.2570089,0.32798123
traffic,767,14740,16468,0.8037679373987441,0.1619735720762162,0.2205348,0.22316241,0.17428112,0.17690873
traffic,134,14740,16468,0.803753564166157,0.267683695707374,0.63418627,1.5853899,1.5459025,0.6736736
traffic,297,14996,16724,0.803750976271839,0.1338997220568241,0.17895842,0.20976353,0.53433895,0.14561701
traffic,813,14804,14996,0.8037384555296399,0.0832216210794375,0.6165614,0.5024338,0.51312995,0.60586524
traffic,490,16532,17300,0.803687511688062,0.1440043750017656,0.5811378,0.67239857,0.80743086,0.44610548
traffic,696,15828,16980,0.803680446468849,-0.0256889458267259,0.22984695,0.57598805,0.20554829,0.14059281
traffic,638,15124,16276,0.8036660426325507,0.2362785390192216,0.46493697,0.37134796,0.19788277,0.63840216
traffic,402,15316,16276,0.8036498497328015,0.1321098462815028,0.5376338,0.4116875,0.22498131,0.72433996
traffic,592,14804,16724,0.8036242871644944,0.17585479384378,0.6966455,0.4624486,0.5930474,0.5660467
traffic,58,14228,16340,0.8035597204834793,0.2018190362224377,0.84267235,1.0917995,0.9235771,1.0108948
traffic,691,14804,17108,0.8035399353900494,0.2898695108168776,0.20951223,0.29915738,0.10170245,0.40696716
traffic,99,14804,16340,0.8035133754667836,0.2810886833066428,0.23930407,0.1424725,0.102127075,0.005295515
traffic,794,14100,16212,0.8034624407185822,0.2844583077795901,0.7967566,3.2274733,1.6254958,2.398734
traffic,315,14164,16852,0.8034462635569624,0.1959771828100464,0.34213138,1.206202,1.1640527,0.38428068
traffic,807,14868,16212,0.8034289403241445,0.0164079786597751,0.51393676,0.4852817,0.60486484,0.39435363
traffic,630,15828,16404,0.803416455474036,0.1435697915721099,0.86225367,1.008959,1.1213868,0.74982595
traffic,170,15316,16852,0.8033830123496318,0.0805221735213209,0.13312626,0.24176097,0.162328,0.27096272
traffic,71,14548,17172,0.8033065036399661,0.0033522656020293,1.1862597,1.5768883,1.2690997,1.4940484
traffic,320,14100,16212,0.8032892396406597,0.2725195066370497,0.25496805,0.18166196,0.3193369,0.11729312
traffic,679,14868,16980,0.8032664793014938,0.2860854328737421,0.28057766,0.3542204,0.11408496,0.18772769
traffic,369,15380,16660,0.8032502854125618,0.0404448521376165,1.3868165,2.6120543,1.027986,2.9708848
traffic,21,14036,16340,0.8032400223751506,0.290067117509436,1.525357,1.382762,0.7142836,2.1938353
traffic,385,15892,16276,0.8032121726166129,0.1764670772733038,0.021606207,0.043615818,0.0058386326,0.07106066
traffic,690,15508,15700,0.8031781732596492,0.0943697530985281,0.28764963,0.25628924,0.23398256,0.3099563
traffic,725,15828,16020,0.8031355211121227,0.16405892955614,0.06529474,0.1883936,0.05179715,0.3054855
traffic,471,14356,15892,0.8031168812826356,0.1755706399228607,0.13387752,0.6028633,0.40263557,0.33410525
traffic,138,16148,16340,0.8031158292815285,0.1397801589363868,0.6925204,0.32257915,0.5540416,0.4610579
traffic,74,14740,17172,0.803035286305616,0.0219681252572577,1.1876142,3.9188356,1.4291854,3.6772645
traffic,47,15572,16660,0.803030045175592,-0.0602378347367259,0.87956154,2.9462557,1.4410694,2.3847477
traffic,105,16084,17364,0.8030226442472405,0.0092001859530323,1.0666165,2.6895244,1.5730519,2.183089
traffic,130,14420,16660,0.8030024411438211,0.1855712944432503,1.3945618,0.5218687,0.9009869,1.0154436
traffic,499,14612,16532,0.802975830981434,0.2989504840870904,0.5771682,0.025708437,0.28076386,0.27069592
traffic,561,15508,16276,0.8028683422908437,0.2123011398571805,0.48372364,0.41648245,0.19110513,0.70910096
traffic,814,14676,17364,0.802851197805815,0.2618597129030823,0.5215359,0.60615826,0.6530261,0.47466803
traffic,835,15636,16212,0.8027784912745765,0.2616879302081199,0.4516585,0.46106708,0.3363328,0.57639277
traffic,705,14164,17428,0.8027251590178958,0.2607086606618331,0.6214454,0.040181875,0.3061068,0.3555205
traffic,503,14100,16788,0.8027151621155565,0.0895455680791833,0.46663857,0.33511186,0.6278868,0.17386365
traffic,380,16340,16916,0.8027068432033861,0.1385699362562131,0.47077632,0.55005336,0.3386097,0.68222
traffic,63,14164,17236,0.802677898857504,0.279801288582667,0.69875026,1.0741854,1.0184655,0.7544701
traffic,107,14356,15508,0.8026437744473033,0.2440650184287361,0.21970928,0.059823513,0.3053559,0.025823116
traffic,817,15892,17044,0.8026284702986282,0.2344269572924672,0.35302734,0.4187901,0.02713871,0.09290147
traffic,833,16468,16852,0.8025596564349436,0.2288192719078721,0.019841194,0.25674295,0.042966366,0.27986813
traffic,185,15892,17172,0.8025291592449845,-0.1931758668132059,1.0792892,2.5410388,1.5153191,2.1050088
traffic,589,14420,16340,0.8025264483035327,0.1958541507004682,1.2574283,1.6597898,0.8862816,2.0309365
traffic,647,14548,14676,0.8024700351164987,-0.3545850089101262,0.6205466,0.17110252,1.0055709,0.21392179
traffic,644,14804,16916,0.8024562491771273,0.2546568313651066,0.5880457,0.44054973,0.066898584,0.96169686
traffic,268,14932,17172,0.802450834621201,-0.0087568757336735,1.197284,1.6323409,1.3209782,1.5086467
traffic,375,15956,16724,0.802445335379467,0.2714380390713768,0.5364069,0.42991972,0.5500184,0.41630816
traffic,15,14420,16532,0.8024417031760938,-0.0251087038193882,0.15280783,0.3430245,0.15097988,0.34119654
traffic,69,14676,17172,0.8024334008492264,0.1880846301089019,0.46130276,0.2266388,0.47618198,0.21175957
traffic,798,14676,17364,0.8024251370140454,0.2335694618331068,1.1320307,4.762311,1.1620171,4.7323246
traffic,653,16148,16660,0.8024127895976618,0.0083639302730606,0.89132905,0.08532286,1.0801525,0.103500605
traffic,607,16020,17364,0.8024014700013435,0.1332982629183709,0.39147353,0.25770545,0.38377857,0.2654004
traffic,205,14484,14868,0.8023826147483508,0.265324251572714,0.008777618,0.4581144,0.005494356,0.45483112
traffic,63,15060,16596,0.8022988555902878,0.2362398065593776,0.35320616,0.015338659,0.46926188,0.13139439
traffic,654,14484,15060,0.8022986247218329,0.2832138881176482,0.4194088,1.0709968,0.7888212,0.70158434
traffic,58,15188,15572,0.8021959630586699,0.2293890753329063,0.7088783,0.5923443,0.66200733,0.63921523
traffic,345,14676,15636,0.802194792654239,0.1713780423449023,0.6348486,0.26044178,0.35497808,0.01942873
traffic,337,14612,16532,0.802181746346483,0.1682342902977422,0.67257833,0.052322388,0.33476186,0.39013886
traffic,70,15508,16660,0.8021674822288839,0.1786828980614516,0.7462759,0.87905526,1.0909853,0.53434587
traffic,476,14228,14612,0.8021563287351835,0.1528224509895765,0.1684084,0.0520916,0.39537573,0.27905893
traffic,718,16532,16916,0.8021209704332074,0.2465512479607468,0.23221397,0.16829395,0.0033364296,0.3971715
traffic,671,16212,16596,0.8021042870135136,0.0314804824884102,0.051645756,0.22621465,0.04210782,0.23575258
traffic,296,16788,17364,0.801938596611609,0.2745520948018927,0.45197892,0.62649703,0.66352844,0.4149475
traffic,779,16020,16404,0.8018553490259993,0.0096231802826269,0.39865875,0.7176214,0.5671414,0.5491387
traffic,441,16212,17172,0.8018308643465349,0.1897986190987068,0.55742145,0.18483663,0.5856159,0.1566422
traffic,711,14484,15252,0.8018049032609439,0.291316787882444,0.43773675,0.9201448,1.0514901,0.30639148
traffic,88,14548,14932,0.8017852343075532,0.2994712868326902,0.38427973,0.3622141,0.30677462,0.4397192
traffic,337,15316,16852,0.8017535331812885,0.2766946560034916,0.3170483,0.36152387,0.0013668537,0.0431087
traffic,91,14036,16660,0.8017041680330192,0.1191610591042323,1.3582169,0.82688546,0.733183,1.4519193
traffic,727,14228,15572,0.801673300606934,0.2202112880342851,0.17463803,0.11361408,0.17290688,0.11534524
traffic,787,16660,17428,0.8016451429819151,0.2415516912550081,0.18323827,0.4103663,0.0066502094,0.23377824
traffic,522,14932,17172,0.8016160281097668,-0.0016032779360753,1.0118593,0.23723269,0.660735,0.1138916
traffic,151,14100,15444,0.8016146472925769,0.2242768471286941,0.30726874,0.11345172,0.29551852,0.1017015
traffic,650,14548,14676,0.801603250093011,-0.377242692707599,0.6167724,0.18341494,1.0125475,0.21236014
traffic,717,16340,17108,0.80160230625131,0.2769607060967012,1.7771529,0.8560584,1.2906656,1.3425457
traffic,742,14548,17364,0.8015766533301005,0.0549221142308386,0.69912815,0.45887303,1.3646955,0.20669436
traffic,789,14228,14804,0.8015632451122305,0.0591446646719077,0.66396785,0.4305706,0.58999014,0.5045483
traffic,626,14612,15188,0.801560814530897,-0.1039149425653511,0.04260683,0.32399917,0.031776905,0.31316924
traffic,706,16020,16212,0.8015432888689028,0.1802365599755153,0.2901399,0.42042696,0.32900643,0.38156044
traffic,471,16020,16404,0.8015323473629422,0.177435832506307,0.346972,0.4030174,0.20540142,0.54458797
traffic,25,14804,17300,0.8014737221865109,0.1187486690303733,0.046355724,0.29173446,0.0064783096,0.3445685
traffic,760,14292,16788,0.8014260959263092,0.2180883335681283,1.1636376,0.58065236,0.7588661,0.9854239
traffic,291,15316,16468,0.8014248568150395,0.2634666661568942,0.44816613,0.4439435,0.29747486,0.5946348
traffic,486,14100,15828,0.8014141226529865,0.2774348920055813,0.66177106,0.61483216,0.7752116,0.50139165
traffic,460,15316,16276,0.8013926086632038,0.103669642450487,0.2742989,0.34963202,0.14586926,0.47806168
traffic,486,14164,16660,0.801383974608723,0.2716337977116198,0.30351496,0.033138752,0.3269031,0.009750605
traffic,526,14676,15892,0.8013238881492729,-0.1158193756197375,0.42647648,0.993071,0.5405655,0.878982
traffic,207,14292,16212,0.8013176213455788,0.2973775709343784,0.042844534,0.2781415,0.00044107437,0.32054496
traffic,772,15764,17108,0.8013161177207557,-0.0055969367968751,0.14262772,0.15649521,0.28764772,0.58677065
traffic,217,14036,17108,0.8012933446479635,0.2626046944204419,0.42785853,0.26220095,0.09842825,0.59163123
traffic,121,16660,17236,0.8012854631605676,0.2584187909616267,1.3344288,1.5991213,2.1588504,0.77469975
traffic,371,14164,16660,0.8012636065263443,0.1813164035046616,0.51175165,0.84766936,0.7357483,0.6236727
traffic,681,15444,17364,0.801261052793519,0.1229966796001121,0.7164675,1.01032,0.95757854,0.7692089
traffic,287,16020,16404,0.801239881762837,0.2144298346712513,0.60695076,0.4489442,0.18408442,0.87181056
traffic,814,14996,15572,0.8012030047351194,0.1922620236545212,0.7843212,0.53482795,0.40409267,0.91505647
traffic,188,14740,17364,0.8011615907748937,-0.0222364061978571,1.0550207,3.8367238,1.5579613,3.3337831
traffic,111,14356,17428,0.8011518694680557,0.2639957379419543,0.63490963,0.71060944,0.6061232,0.73939586
traffic,363,16148,16916,0.8011472642554051,0.2202398776263163,0.4054284,0.43695974,0.043233395,0.88562155
traffic,393,16660,17428,0.8010359015880719,0.2901315996370517,0.4912939,0.6923442,0.62064266,0.56299543
traffic,519,15572,16660,0.8010136567851681,-0.2107686605216628,0.5940219,2.1655939,1.8273045,0.9323113
traffic,830,14996,16916,0.8009577581010774,0.2402153255153366,0.94253397,0.5889951,0.2515347,1.2799944
traffic,633,14996,17300,0.8009430609003477,0.1786677881000539,0.25531602,0.3571049,0.002735138,0.6096858
traffic,621,14228,16340,0.8009144718213573,0.0029821335327699,0.73618937,0.77153087,1.110769,0.3969512
traffic,276,14676,16980,0.8008810124093857,0.1324704779586118,0.18791771,1.087113,0.392699,0.5064963
traffic,352,15124,17236,0.8007992169039465,0.1910111820928297,0.18464077,0.46082425,0.1661377,0.11004579
traffic,402,15572,16340,0.8007189411250697,0.2104496849651626,0.66763115,0.46008348,0.5706489,0.5570657
traffic,304,15124,16276,0.8007067529184606,0.132167268517864,0.3602941,0.22743714,0.1697216,0.41800964
traffic,227,15380,16532,0.8006966082660915,0.2422532558615703,0.13765717,0.0106368065,0.48647916,0.3594588
traffic,168,14548,15508,0.8006891356446765,0.2010493068221675,0.22754383,0.026244879,0.23988676,0.013901949
traffic,449,14100,16788,0.8006880073719085,0.0395911307882263,0.7082393,1.3588576,1.2869987,0.7800982
traffic,556,15892,16852,0.8006700701589559,0.2972792830610867,0.5552808,0.02532053,0.31062424,0.21933603
traffic,226,14292,15252,0.8006432850650496,-0.3202743229144488,0.11264348,0.49255514,0.23562026,0.8408189
traffic,68,16020,16404,0.8006285980608285,0.223547131491418,0.2764938,0.42564416,0.2622347,0.43990326
traffic,661,14484,16404,0.8005132284207142,0.1996610748276108,0.0039527416,0.5742297,0.051843405,0.52633905
traffic,93,14932,16852,0.8005005877680564,0.2805670738385976,1.0524013,0.056941986,0.47033226,0.52512705
traffic,486,15188,16340,0.8004964603923485,0.2944887690520811,0.4890244,0.14667606,0.31123567,0.3244648
traffic,117,14484,15444,0.8004185814944255,0.2959739761088883,0.012499094,0.46596742,0.060932875,0.39253545
traffic,549,14164,16084,0.800402639465051,0.2790552712242236,0.93996155,0.51610386,0.41261697,1.0434484
traffic,378,15828,16596,0.8003877088408179,0.2111000734754384,2.6468773,1.0317652,2.4358864,1.2427561
traffic,161,14100,14292,0.8003710032627961,0.2803756639943394,0.24525392,0.07055855,0.014260769,0.1604346
traffic,258,15380,16532,0.8003598995820284,0.2939233305735788,0.2417078,0.07149291,0.14975977,0.020455122
traffic,153,16020,17364,0.8003286877458571,0.2827913117640847,0.6558869,1.4294517,1.0206428,1.0646958
traffic,659,14804,17300,0.8003274819393965,0.2490243952363271,0.5261533,0.27167225,0.32526445,0.47256112
traffic,559,14164,17428,0.8003244854946773,0.1770803768154152,0.14160728,0.62082434,0.3385737,0.42385793
traffic,35,16660,17044,0.800314748686824,0.243422658948313,0.31716156,0.42745447,0.4123218,0.33229423
traffic,266,16084,16852,0.8001705502269304,0.2516312522203219,0.39954507,0.15615606,0.6618985,0.10619736
traffic,304,14164,14356,0.8001679123959938,0.2899547511285518,0.35933137,0.35274196,0.31343937,0.39863396
traffic,477,14740,17172,0.800131248324965,-0.0565523422474715,1.1434786,0.8419814,1.2184453,0.76701474
traffic,232,14484,15444,0.8001262579460199,0.2730414998387029,0.16015267,0.6573316,0.30870867,0.5087756
traffic,354,15892,17172,0.8001246669161225,-0.1904874945132456,1.1682812,5.3292885,1.4183605,5.079209
traffic,37,14484,15060,0.8000398270720754,0.2342766189418401,0.8684299,0.98570955,1.2244177,0.62972176
traffic,134,16084,17364,0.8000191428177502,-0.07193321885397,1.0382006,1.4037116,1.4998899,0.9420223
