dataset,channel,start_i,start_j,trend_corr,residual_corr,d_A,d_B,d_ctrl_A,d_ctrl_B
PEMS08,57,15565,17293,0.999566597688139,0.2813413244674792,0.22828817,1.2329774,0.2733245,1.2780137
PEMS08,52,15565,17293,0.9994222300517872,0.1489633297419849,0.121319294,1.0497828,0.022206306,1.1933084
PEMS08,54,15181,17485,0.9993910331293022,0.2040988796629941,0.7321539,0.66411924,0.65332365,0.585289
PEMS08,2,14989,15565,0.9993415970114206,0.2866267038886076,0.5685506,0.028286457,0.5857763,0.011060715
PEMS08,166,15565,16141,0.9992984719168976,0.2802177474510778,0.103577614,0.120651245,0.163373,0.060855865
PEMS08,126,14925,16077,0.9991826346362376,0.2440249408796831,1.0236382,0.35541296,1.0044384,0.3362131
PEMS08,125,14925,16077,0.9991826346362376,0.2440249408796831,1.0209956,0.28503275,1.0712028,0.3352399
PEMS08,121,14925,16077,0.9991826346362376,0.2440249408796831,1.0447397,0.31441784,1.0927315,0.3624096
PEMS08,48,14925,16077,0.9991826346362376,0.2440249408796831,1.0447397,0.31441784,1.0927315,0.3624096
PEMS08,80,14925,16077,0.9991826346362376,0.2440249408796831,1.0447397,0.31441784,1.0927315,0.3624096
PEMS08,123,14925,16077,0.9991826346362376,0.2440249408796831,1.0447397,0.31441784,1.0927315,0.3624096
PEMS08,122,14925,16077,0.9991826346362376,0.2440249408796831,1.0447397,0.31441784,1.0927315,0.3624096
PEMS08,141,14925,16077,0.9991826346362376,0.2440249408796831,1.0447397,0.31441784,1.0927315,0.3624096
PEMS08,61,14925,16077,0.9991826346362376,0.2440249408796831,1.0447397,0.31441784,1.0927315,0.3624096
PEMS08,142,14925,16077,0.9991826346362376,0.2440249408796831,1.0447397,0.31441784,1.0927315,0.3624096
PEMS08,64,14925,16077,0.9991826346362376,0.2440249408796831,0.76466846,0.038820744,1.0432787,0.23978949
PEMS08,124,14925,16077,0.9991710841844532,0.2448045758651475,1.0384269,0.30770636,1.0919695,0.36124897
PEMS08,153,14925,16077,0.9991506892509644,0.2717636739617515,1.1056404,0.3187976,1.1635499,0.37670708
PEMS08,60,14925,16077,0.9991433249537516,0.2470734728032629,1.072237,0.33140612,1.1177864,0.3769555
PEMS08,83,14925,16077,0.9991433249537516,0.2470734728032629,1.0226154,0.3226657,1.0785942,0.37864447
PEMS08,159,14925,16077,0.9991433249537516,0.2470734728032629,1.0226154,0.3226657,1.0785942,0.37864447
PEMS08,70,14925,16077,0.9991433249537516,0.2470734728032629,1.0226154,0.3226657,1.0785942,0.37864447
PEMS08,81,14925,16077,0.9991433249537516,0.2470734728032629,1.0226154,0.3226657,1.0785942,0.37864447
PEMS08,84,14925,16077,0.9991433249537516,0.2470734728032629,1.0226154,0.3226657,1.0785942,0.37864447
PEMS08,55,14925,16077,0.9991433249537516,0.2470734728032629,1.0226154,0.3226657,1.0785942,0.37864447
PEMS08,73,14925,16077,0.9991433249537516,0.2470734728032629,1.0226154,0.3226657,1.0785942,0.37864447
PEMS08,62,14925,16077,0.9991226004226754,0.2657967347478787,1.0815687,0.3849082,1.1132436,0.41658306
PEMS08,109,14925,16077,0.9991226004226754,0.2657967347478787,1.0815687,0.3849082,1.1132436,0.41658306
PEMS08,149,14925,16077,0.9991226004226754,0.2657967347478787,1.0815678,0.3849082,1.1132431,0.41658354
PEMS08,154,14925,16077,0.9991226004226754,0.2657967347478787,0.9934263,0.31146193,1.0786328,0.39666843
PEMS08,50,14925,16077,0.9990964641995294,0.298051242199367,1.0696435,0.33703947,1.1101027,0.37749863
PEMS08,116,14925,16077,0.9990964641995294,0.298051242199367,1.1118722,0.35503483,1.1457186,0.3888812
PEMS08,91,14925,16077,0.9990964641995294,0.298051242199367,1.0696435,0.33703947,1.1101027,0.37749863
PEMS08,90,14925,16077,0.9990964641995294,0.298051242199367,1.0696435,0.33703947,1.1101027,0.37749863
PEMS08,89,14925,16077,0.9990964641995294,0.298051242199367,0.8395462,0.06555843,1.2675605,0.36245584
PEMS08,144,14925,16077,0.9990964641995294,0.298051242199367,1.0087514,0.32262945,1.0364814,0.35035944
PEMS08,75,14925,16077,0.9990964641995294,0.298051242199367,1.0696435,0.33703947,1.1101027,0.37749863
PEMS08,131,14925,16077,0.9990964641995294,0.298051242199367,1.0696435,0.33703947,1.1101027,0.37749863
PEMS08,145,14925,16077,0.9990964641995294,0.298051242199367,1.0830331,0.34893847,1.1190577,0.38496304
PEMS08,85,14925,16077,0.9990964641995294,0.298051242199367,0.9509802,0.9607043,0.9893656,0.9990897
PEMS08,115,14925,16077,0.9990964641995294,0.298051242199367,1.0696435,0.33703947,1.1101027,0.37749863
PEMS08,74,14925,16077,0.9990964641995294,0.298051242199367,1.0696435,0.33703947,1.1101027,0.37749863
PEMS08,51,14925,16077,0.9990964641995294,0.298051242199367,1.0696435,0.33703947,1.1101027,0.37749863
PEMS08,63,14989,15565,0.9990593411094484,0.1769712448440994,2.2382598,0.0010576248,1.4053183,0.83399916
PEMS08,56,14989,15565,0.9990231613993116,0.1761406429258702,0.9349222,0.43409348,0.9769578,0.47612906
PEMS08,45,14925,16077,0.9990024864070368,0.2426089160181782,0.3664074,0.42715788,0.8769064,0.08334112
PEMS08,20,15565,17293,0.9989842797901508,0.1298339412992586,0.5778055,0.79105043,0.55976677,0.8090892
PEMS08,9,15885,17613,0.998882224818729,0.1923120544662939,0.037318707,0.06735468,0.14349508,0.038821697
PEMS08,71,15565,16141,0.9988085538197142,0.1623539359837527,0.21119261,0.12639904,0.19306421,0.14452744
PEMS08,143,14989,17293,0.9987749771317712,-0.1973073671461267,0.3963461,0.5045948,0.4153018,0.4856391
PEMS08,25,15885,17613,0.9987718316591774,0.007878590859796,0.27909994,0.30917597,0.19761801,0.3906579
PEMS08,99,16141,17293,0.9987463870013906,0.1605753537725036,0.20089531,1.0590076,0.32802677,1.1861391
PEMS08,54,15501,16077,0.9987379750802028,0.2031266230745203,0.13869715,0.009171009,0.014514446,0.11501169
PEMS08,54,15821,16973,0.9987351045247288,0.2096533016037962,0.07017851,0.27618837,0.05675745,0.28960943
PEMS08,34,16141,17293,0.9986752790890496,-0.053245920342999,0.36426592,0.19766665,0.24664354,0.31528902
PEMS08,166,14989,17293,0.9986480786199924,0.2222324481885279,0.5941577,0.13807106,0.59612036,0.14003372
PEMS08,3,14989,15565,0.9986304618500792,-0.0193775177665877,0.9036102,0.10704517,0.59691286,0.1996522
PEMS08,0,14989,17293,0.9986216658519724,0.094891933621626,0.16489315,0.35822058,0.23566484,0.42899227
PEMS08,86,16141,17293,0.9985472291185178,0.2005892378860178,0.14858246,0.8503828,0.46619463,0.53277063
PEMS08,32,14989,16141,0.9984346909295828,0.0441004821792247,0.88330317,0.062231064,0.5753341,0.24573803
PEMS08,109,14669,16397,0.9984318352923314,0.1302736761517991,0.28837395,0.111683846,0.13690042,0.039789677
PEMS08,154,14669,16397,0.9984318352923314,0.1302736761517991,0.2619195,0.245049,0.046229362,0.029358864
PEMS08,62,14669,16397,0.9984318352923314,0.1302736761517991,0.28837395,0.111683846,0.13690042,0.039789677
PEMS08,149,14669,16397,0.9984318352923314,0.1302736761517991,0.28837395,0.1116848,0.1369009,0.039788246
PEMS08,145,14669,16397,0.9984237465473156,0.1311966902826662,0.30714798,0.12982178,0.1366992,0.040627003
PEMS08,144,14669,16397,0.9984237465473156,0.1311966902826662,0.3060255,0.13300419,0.14634085,0.02668047
PEMS08,75,14669,16397,0.9984237465473156,0.1311966902826662,0.30239725,0.120921135,0.14311743,0.03835869
PEMS08,115,14669,16397,0.9984237465473156,0.1311966902826662,0.30239725,0.120921135,0.14311743,0.03835869
PEMS08,85,14669,16397,0.9984237465473156,0.1311966902826662,0.09968662,0.37157202,0.26323032,0.008655071
PEMS08,51,14669,16397,0.9984237465473156,0.1311966902826662,0.30239725,0.120921135,0.14311743,0.03835869
PEMS08,90,14669,16397,0.9984237465473156,0.1311966902826662,0.30239725,0.120921135,0.14311743,0.03835869
PEMS08,131,14669,16397,0.9984237465473156,0.1311966902826662,0.30239725,0.120921135,0.14311743,0.03835869
PEMS08,89,14669,16397,0.9984237465473156,0.1311966902826662,0.4226241,0.24260473,0.22695255,0.046933174
PEMS08,91,14669,16397,0.9984237465473156,0.1311966902826662,0.30239725,0.120921135,0.14311743,0.03835869
PEMS08,116,14669,16397,0.9984237465473156,0.1311966902826662,0.2796216,0.17586088,0.12637043,0.02260971
PEMS08,74,14669,16397,0.9984237465473156,0.1311966902826662,0.30239725,0.120921135,0.14311743,0.03835869
PEMS08,50,14669,16397,0.9984237465473156,0.1311966902826662,0.30239725,0.120921135,0.14311743,0.03835869
PEMS08,73,14669,16397,0.9983932849652014,0.1485514443230489,0.31302023,0.104300976,0.15615559,0.052563667
PEMS08,70,14669,16397,0.9983932849652014,0.1485514443230489,0.31302023,0.104300976,0.15615559,0.052563667
PEMS08,60,14669,16397,0.9983932849652014,0.1485514443230489,0.3050561,0.1075964,0.1510973,0.0463624
PEMS08,83,14669,16397,0.9983932849652014,0.1485514443230489,0.31302023,0.104300976,0.15615559,0.052563667
PEMS08,81,14669,16397,0.9983932849652014,0.1485514443230489,0.31302023,0.104300976,0.15615559,0.052563667
PEMS08,159,14669,16397,0.9983932849652014,0.1485514443230489,0.31302023,0.104300976,0.15615559,0.052563667
PEMS08,84,14669,16397,0.9983932849652014,0.1485514443230489,0.31302023,0.104300976,0.15615559,0.052563667
PEMS08,55,14669,16397,0.9983932849652014,0.1485514443230489,0.31302023,0.104300976,0.15615559,0.052563667
PEMS08,25,15245,16973,0.9983788862169696,-0.0387012723006222,0.22323132,0.04104662,0.34258747,0.078309536
PEMS08,64,14669,16397,0.9983531714079804,0.1475990869124808,0.0349164,0.046734333,0.20308399,0.21490192
PEMS08,126,14669,16397,0.9983531714079804,0.1475990869124808,0.29068565,0.19016266,0.1333723,0.03284931
PEMS08,61,14669,16397,0.9983531714079804,0.1475990869124808,0.28816175,0.11055708,0.13928652,0.038318157
PEMS08,122,14669,16397,0.9983531714079804,0.1475990869124808,0.28816175,0.11055708,0.13928652,0.038318157
PEMS08,142,14669,16397,0.9983531714079804,0.1475990869124808,0.28816175,0.11055708,0.13928652,0.038318157
PEMS08,80,14669,16397,0.9983531714079804,0.1475990869124808,0.28816175,0.11055708,0.13928652,0.038318157
PEMS08,121,14669,16397,0.9983531714079804,0.1475990869124808,0.28816175,0.11055708,0.13928652,0.038318157
PEMS08,48,14669,16397,0.9983531714079804,0.1475990869124808,0.28816175,0.11055708,0.13928652,0.038318157
PEMS08,125,14669,16397,0.9983531714079804,0.1475990869124808,0.28800678,0.11875725,0.13367796,0.035571575
PEMS08,123,14669,16397,0.9983531714079804,0.1475990869124808,0.28816175,0.11055708,0.13928652,0.038318157
PEMS08,141,14669,16397,0.9983531714079804,0.1475990869124808,0.28816175,0.11055708,0.13928652,0.038318157
PEMS08,124,14669,16397,0.9983396875951064,0.1487557134587982,0.35446787,0.15054417,0.09712076,0.10680294
PEMS08,153,14669,16397,0.9983366300471208,0.1260656770570486,0.2887373,0.12528658,0.15207195,0.011378765
PEMS08,135,15565,17293,0.99831613610271,0.2898619263180636,0.17945337,0.8511772,0.0717535,0.59997034
PEMS08,11,15565,17293,0.9983139907676006,0.1190209170366654,0.18264866,0.19118309,0.17672586,0.19710588
PEMS08,120,14989,16141,0.9983128474930628,0.1540926010725479,0.4604044,0.15366602,0.6159158,0.0018453598
PEMS08,165,15309,17037,0.9983058297384066,0.2187020731287635,0.1750865,0.8875718,0.39727068,1.109756
PEMS08,16,15565,17293,0.9982763003067828,0.1253115120390309,0.19690228,0.3668518,0.06794357,0.4958105
PEMS08,37,15309,17613,0.998275159109254,0.162502175973736,0.22426605,0.17408228,0.11446476,0.28388357
PEMS08,153,17037,17613,0.9982521372638254,0.2355039642264294,1.2853022,0.27515984,1.1094532,0.099310875
PEMS08,138,15565,17293,0.9982496288266148,0.2054894678993258,0.070168495,0.14784098,0.11257601,0.19024849
PEMS08,82,16141,17293,0.9982481423442556,0.2994230375053473,0.047346592,0.90754795,0.16684723,1.0270486
PEMS08,54,15885,17037,0.998211864803436,0.1799055181619302,0.21134663,0.6585331,0.21134043,1.0812201
PEMS08,64,17037,17613,0.9981946376162988,0.2295114932035107,1.2501097,0.24437904,1.1197753,0.11404467
PEMS08,126,17037,17613,0.9981946376162988,0.2295114932035107,1.2033525,0.22267437,0.94764614,0.03303194
PEMS08,80,17037,17613,0.9981946376162988,0.2295114932035107,1.2553086,0.24933147,1.056056,0.05007887
PEMS08,122,17037,17613,0.9981946376162988,0.2295114932035107,1.2553086,0.24933147,1.056056,0.05007887
PEMS08,125,17037,17613,0.9981946376162988,0.2295114932035107,1.2414684,0.24501085,1.0407152,0.04425764
PEMS08,123,17037,17613,0.9981946376162988,0.2295114932035107,1.2553086,0.24933147,1.056056,0.05007887
PEMS08,142,17037,17613,0.9981946376162988,0.2295114932035107,1.2553086,0.24933147,1.056056,0.05007887
PEMS08,48,17037,17613,0.9981946376162988,0.2295114932035107,1.2553086,0.24933147,1.056056,0.05007887
PEMS08,61,17037,17613,0.9981946376162988,0.2295114932035107,1.2553086,0.24933147,1.056056,0.05007887
PEMS08,121,17037,17613,0.9981946376162988,0.2295114932035107,1.2553086,0.24933147,1.056056,0.05007887
PEMS08,141,17037,17613,0.9981946376162988,0.2295114932035107,1.2553086,0.24933147,1.056056,0.05007887
PEMS08,124,17037,17613,0.9981914441318582,0.2318522998458627,1.2573714,0.24699974,1.0647779,0.054406166
PEMS08,144,17037,17613,0.998190791824302,0.2311751896492249,1.286838,0.22546482,1.1609197,0.09954643
PEMS08,116,17037,17613,0.998190791824302,0.2311751896492249,1.2624054,0.26950788,1.1054621,0.112564564
PEMS08,145,17037,17613,0.998190791824302,0.2311751896492249,1.2382226,0.2468462,1.0819659,0.09058952
PEMS08,85,17037,17613,0.998190791824302,0.2311751896492249,1.2191043,0.23414326,1.0673413,0.082380295
PEMS08,90,17037,17613,0.998190791824302,0.2311751896492249,1.1704316,0.18258476,1.0578752,0.070028305
PEMS08,91,17037,17613,0.998190791824302,0.2311751896492249,1.1704316,0.18258476,1.0578752,0.070028305
PEMS08,51,17037,17613,0.998190791824302,0.2311751896492249,1.1704316,0.18258476,1.0578752,0.070028305
PEMS08,115,17037,17613,0.998190791824302,0.2311751896492249,1.1704316,0.18258476,1.0578752,0.070028305
PEMS08,131,17037,17613,0.998190791824302,0.2311751896492249,1.1704316,0.18258476,1.0578752,0.070028305
PEMS08,75,17037,17613,0.998190791824302,0.2311751896492249,1.1704316,0.18258476,1.0578752,0.070028305
PEMS08,50,17037,17613,0.998190791824302,0.2311751896492249,1.1704316,0.18258476,1.0578752,0.070028305
PEMS08,74,17037,17613,0.998190791824302,0.2311751896492249,1.1704316,0.18258476,1.0578752,0.070028305
PEMS08,168,14925,15501,0.998182346966936,-0.0456604793020066,1.3779268,0.5479851,1.2351933,0.4052515
PEMS08,60,17037,17613,0.9981810093936736,0.2266609960998515,1.267426,0.27651215,1.0923471,0.10143328
PEMS08,159,17037,17613,0.9981810093936736,0.2266609960998515,1.2752986,0.25609064,1.0507488,0.03154087
PEMS08,84,17037,17613,0.9981810093936736,0.2266609960998515,1.2752986,0.25609064,1.0507488,0.03154087
PEMS08,70,17037,17613,0.9981810093936736,0.2266609960998515,1.2752986,0.25609064,1.0507488,0.03154087
PEMS08,83,17037,17613,0.9981810093936736,0.2266609960998515,1.2752986,0.25609064,1.0507488,0.03154087
PEMS08,73,17037,17613,0.9981810093936736,0.2266609960998515,1.2752986,0.25609064,1.0507488,0.03154087
PEMS08,81,17037,17613,0.9981810093936736,0.2266609960998515,1.2752986,0.25609064,1.0507488,0.03154087
PEMS08,55,17037,17613,0.9981810093936736,0.2266609960998515,1.2752986,0.25609064,1.0507488,0.03154087
PEMS08,109,17037,17613,0.9981549390767196,0.2220430102922965,1.2906208,0.28429937,1.0909104,0.084589005
PEMS08,154,17037,17613,0.9981549390767196,0.2220430102922965,1.3615417,0.13003445,1.3155398,0.084032536
PEMS08,62,17037,17613,0.9981549390767196,0.2220430102922965,1.2906208,0.28429937,1.0909104,0.084589005
PEMS08,107,14925,15501,0.9981234619327968,0.0046324524863462,0.333601,0.46233225,0.04664278,0.08208847
PEMS08,117,15565,16141,0.9981201941286768,0.0879790923577917,0.8574834,0.18801022,1.1259384,0.08044481
PEMS08,2,15309,17613,0.9981111216948856,0.2704589554459787,0.017458439,0.023562908,0.19628859,0.15526724
PEMS08,36,14989,17293,0.998006761204406,0.2017762956267727,0.089057446,0.47947073,0.2724018,0.29612637
PEMS08,23,15885,17037,0.9980032553044134,0.183826983318362,0.26530647,0.5478077,0.3666649,0.6491661
PEMS08,128,15565,16141,0.997990963054668,0.272503397696014,0.7413087,0.15130234,0.55552673,0.3370843
PEMS08,14,14925,15501,0.997985214966714,-0.1941258562880741,1.0638652,0.09144974,1.4342389,0.46182346
PEMS08,163,15565,17293,0.9979549684041656,0.2946423649067797,0.74809074,1.1113815,0.6771369,1.1823354
PEMS08,168,16077,17229,0.9979489443068232,0.1233993835661718,0.44192028,0.97835207,0.25397348,0.7904053
PEMS08,168,14989,16141,0.997944300651439,0.0903323275031679,0.8657694,0.29565716,0.78663254,0.21652031
PEMS08,129,15565,16141,0.9978870077502344,0.0094772556089177,0.11125612,0.08964968,0.10754347,0.09336233
PEMS08,119,15885,17613,0.9978863072308276,0.13604520648639,0.036850452,0.15206766,0.0757637,0.039453506
PEMS08,88,15565,17293,0.9978739255267796,-0.1526293018138596,0.019762516,0.24838686,0.19922209,0.42784643
PEMS08,23,15565,17293,0.9978490896567316,0.0313328286802028,0.14938736,0.23111582,0.080091,0.30041218
PEMS08,106,15565,17293,0.9977970904957174,0.1055155773767504,0.05641699,0.81104326,0.43315887,0.43430138
PEMS08,42,15757,17485,0.9977657473804632,0.0835477187553354,0.020720482,0.7242236,0.24091482,0.5040293
PEMS08,83,14349,15501,0.997712743883692,0.2560035298845925,0.004574299,0.37738276,0.28056526,0.10139179
PEMS08,55,14349,15501,0.997712743883692,0.2560035298845925,0.004574299,0.37738276,0.28056526,0.10139179
PEMS08,81,14349,15501,0.997712743883692,0.2560035298845925,0.004574299,0.37738276,0.28056526,0.10139179
PEMS08,60,14349,15501,0.997712743883692,0.2560035298845925,0.020103455,0.38337135,0.2799816,0.123493195
PEMS08,84,14349,15501,0.997712743883692,0.2560035298845925,0.004574299,0.37738276,0.28056526,0.10139179
PEMS08,159,14349,15501,0.997712743883692,0.2560035298845925,0.004574299,0.37738276,0.28056526,0.10139179
PEMS08,73,14349,15501,0.997712743883692,0.2560035298845925,0.004574299,0.37738276,0.28056526,0.10139179
PEMS08,70,14349,15501,0.997712743883692,0.2560035298845925,0.004574299,0.37738276,0.28056526,0.10139179
PEMS08,161,14989,17293,0.9977043276938832,0.2364552034447677,0.20612764,0.048833847,0.32949018,0.074528694
PEMS08,167,15885,17613,0.997702926700748,0.2050715328950591,0.035431862,0.030882359,0.073990345,0.06944084
PEMS08,57,14989,16141,0.997702476087566,0.2164165636232948,1.7430668,0.237916,1.4972634,0.007887363
PEMS08,13,14349,16077,0.9976760019962004,0.0578617998073745,0.19456291,0.035526752,0.19071007,0.039379597
PEMS08,22,14925,16077,0.9976494687175658,-0.0473072888356424,0.4335866,0.10601854,0.66887283,0.34130478
PEMS08,42,15565,16141,0.9976342892294064,0.2475303730028808,0.071063995,0.13460445,0.16360664,0.042061806
PEMS08,71,14989,17293,0.9976276841198756,0.2467497126844502,0.5752778,0.4129815,0.6670766,0.5047803
PEMS08,124,14349,15501,0.9976102599503488,0.2403157750706513,0.00090551376,0.3910179,0.29119158,0.10073185
PEMS08,141,14349,15501,0.9975966284551808,0.2384020779210887,0.012719154,0.3908062,0.28947067,0.11405468
PEMS08,123,14349,15501,0.9975966284551808,0.2384020779210887,0.012719154,0.3908062,0.28947067,0.11405468
PEMS08,142,14349,15501,0.9975966284551808,0.2384020779210887,0.012719154,0.3908062,0.28947067,0.11405468
PEMS08,64,14349,15501,0.9975966284551808,0.2384020779210887,0.009875298,0.5969024,0.41114235,0.19563532
PEMS08,122,14349,15501,0.9975966284551808,0.2384020779210887,0.012719154,0.3908062,0.28947067,0.11405468
PEMS08,80,14349,15501,0.9975966284551808,0.2384020779210887,0.012719154,0.3908062,0.28947067,0.11405468
PEMS08,61,14349,15501,0.9975966284551808,0.2384020779210887,0.012719154,0.3908062,0.28947067,0.11405468
PEMS08,126,14349,15501,0.9975966284551808,0.2384020779210887,0.0010151863,0.39876842,0.2863741,0.11137915
PEMS08,121,14349,15501,0.9975966284551808,0.2384020779210887,0.012719154,0.3908062,0.28947067,0.11405468
PEMS08,125,14349,15501,0.9975966284551808,0.2384020779210887,0.010653973,0.39606667,0.29671097,0.11000967
PEMS08,48,14349,15501,0.9975966284551808,0.2384020779210887,0.012719154,0.3908062,0.28947067,0.11405468
PEMS08,153,14349,15501,0.997589268488867,0.222449296123378,0.010445595,0.40039825,0.30147505,0.1093688
PEMS08,90,14349,17229,0.9975677131272362,0.2324338262309392,0.19573545,0.4557352,0.16827965,0.4282794
PEMS08,85,14349,17229,0.9975677131272362,0.2324338262309392,0.076369286,0.53514385,0.2147336,0.67350817
PEMS08,91,14349,17229,0.9975677131272362,0.2324338262309392,0.19573545,0.4557352,0.16827965,0.4282794
PEMS08,51,14349,17229,0.9975677131272362,0.2324338262309392,0.19573545,0.4557352,0.16827965,0.4282794
PEMS08,50,14349,17229,0.9975677131272362,0.2324338262309392,0.19573545,0.4557352,0.16827965,0.4282794
PEMS08,75,14349,17229,0.9975677131272362,0.2324338262309392,0.19573545,0.4557352,0.16827965,0.4282794
PEMS08,116,14349,17229,0.9975677131272362,0.2324338262309392,0.12558079,0.5256996,0.08301401,0.48313284
PEMS08,145,14349,17229,0.9975677131272362,0.2324338262309392,0.18416643,0.47428513,0.14375257,0.43387127
PEMS08,144,14349,17229,0.9975677131272362,0.2324338262309392,0.18375492,0.56107044,0.089636326,0.46695185
PEMS08,115,14349,17229,0.9975677131272362,0.2324338262309392,0.19573545,0.4557352,0.16827965,0.4282794
PEMS08,89,14349,17229,0.9975677131272362,0.2324338262309392,0.52679014,0.61256933,0.30796337,0.39374256
PEMS08,131,14349,17229,0.9975677131272362,0.2324338262309392,0.19573545,0.4557352,0.16827965,0.4282794
PEMS08,74,14349,17229,0.9975677131272362,0.2324338262309392,0.19573545,0.4557352,0.16827965,0.4282794
PEMS08,154,14349,17229,0.9975629150666588,0.1905653760005616,0.16790152,0.6349497,0.09823036,0.56527853
PEMS08,109,14349,17229,0.9975629150666588,0.1905653760005616,0.2262373,0.44482994,0.24951935,0.468112
PEMS08,149,14349,17229,0.9975629150666588,0.1905653760005616,0.22623825,0.44482946,0.24952078,0.468112
PEMS08,62,14349,17229,0.9975629150666588,0.1905653760005616,0.2262373,0.44482994,0.24951935,0.468112
PEMS08,11,14989,16141,0.9975108099470054,0.0810237555244159,0.19973898,0.12605524,0.12739277,0.05370903
PEMS08,164,15757,17485,0.9975011811608504,0.1657690436988787,0.15549135,0.11087608,0.05956316,0.10417843
PEMS08,113,14349,14925,0.9974909549685238,0.1081463981482989,0.1979413,0.70507956,0.13426495,0.6414032
PEMS08,93,15565,17293,0.9974685860229074,0.2805399119462752,0.049340248,0.16713047,0.10080576,0.31727648
PEMS08,7,15309,15885,0.9974647381615772,0.1402562658602634,0.29184723,0.40314102,0.2987361,0.39625216
PEMS08,39,14989,16141,0.9974622654114618,0.2893122507627559,0.80508804,0.41182852,0.52110624,0.12784672
PEMS08,112,14989,17293,0.9974604206538702,0.0692435702352924,0.13791656,0.4026041,0.19958353,0.46427107
PEMS08,73,14605,15757,0.9974547267890568,-0.0095067541547764,0.6313462,0.41198158,0.34255219,0.12318754
PEMS08,159,14605,15757,0.9974547267890568,-0.0095067541547764,0.6313462,0.41198158,0.34255219,0.12318754
PEMS08,70,14605,15757,0.9974547267890568,-0.0095067541547764,0.6313462,0.41198158,0.34255219,0.12318754
PEMS08,60,14605,15757,0.9974547267890568,-0.0095067541547764,0.52869225,0.2784648,0.34847736,0.09824991
PEMS08,84,14605,15757,0.9974547267890568,-0.0095067541547764,0.6313462,0.41198158,0.34255219,0.12318754
PEMS08,81,14605,15757,0.9974547267890568,-0.0095067541547764,0.6313462,0.41198158,0.34255219,0.12318754
PEMS08,83,14605,15757,0.9974547267890568,-0.0095067541547764,0.6313462,0.41198158,0.34255219,0.12318754
PEMS08,55,14605,15757,0.9974547267890568,-0.0095067541547764,0.6313462,0.41198158,0.34255219,0.12318754
PEMS08,102,16141,17293,0.9974456512256954,0.2717568654778302,0.06622219,1.166594,0.023254395,1.2560706
PEMS08,1,17037,17613,0.9974446124718772,0.2067887357118783,0.9187317,0.62888,0.43390036,0.14404869
PEMS08,153,14605,15757,0.9974316750951324,0.0069746583645074,0.52850914,0.28457022,0.29377317,0.04983425
PEMS08,112,15181,15757,0.9974207874201412,0.1548224225111949,0.16129255,0.43667507,0.06927395,0.34465647
PEMS08,95,16141,17293,0.9974144107833124,0.0544021073520414,0.11013889,0.11066103,0.095412254,0.09593439
PEMS08,41,15309,15885,0.9973929114984564,0.254596120126171,0.36893654,0.21573019,0.103544235,0.4811225
PEMS08,31,15501,17229,0.9973908005747112,-0.0402050865781277,0.6202383,0.4770894,0.5563688,0.41321993
PEMS08,51,14605,15757,0.9973782218649044,-0.0079356821834584,0.5754862,0.30653095,0.31626844,0.047313213
PEMS08,50,14605,15757,0.9973782218649044,-0.0079356821834584,0.5754862,0.30653095,0.31626844,0.047313213
PEMS08,90,14605,15757,0.9973782218649044,-0.0079356821834584,0.5754862,0.30653095,0.31626844,0.047313213
PEMS08,91,14605,15757,0.9973782218649044,-0.0079356821834584,0.5754862,0.30653095,0.31626844,0.047313213
PEMS08,116,14605,15757,0.9973782218649044,-0.0079356821834584,0.5141392,0.25469685,0.33622074,0.07677841
PEMS08,75,14605,15757,0.9973782218649044,-0.0079356821834584,0.5754862,0.30653095,0.31626844,0.047313213
PEMS08,144,14605,15757,0.9973782218649044,-0.0079356821834584,0.4748597,0.17258215,0.32185745,0.019579887
PEMS08,145,14605,15757,0.9973782218649044,-0.0079356821834584,0.5488148,0.2902913,0.2767887,0.018265247
PEMS08,115,14605,15757,0.9973782218649044,-0.0079356821834584,0.5754862,0.30653095,0.31626844,0.047313213
PEMS08,74,14605,15757,0.9973782218649044,-0.0079356821834584,0.5754862,0.30653095,0.31626844,0.047313213
PEMS08,131,14605,15757,0.9973782218649044,-0.0079356821834584,0.5754862,0.30653095,0.31626844,0.047313213
PEMS08,12,15181,17485,0.9973744110370074,0.0326382441686422,0.7775135,0.7996216,0.79671526,0.81882334
PEMS08,149,14605,15757,0.997357995482541,0.0231603852219896,0.62066936,0.40758705,0.32005262,0.10697031
PEMS08,62,14605,15757,0.997357995482541,0.0231603852219896,0.6206703,0.40758753,0.32005405,0.106971264
PEMS08,109,14605,15757,0.997357995482541,0.0231603852219896,0.6206703,0.40758753,0.32005405,0.106971264
PEMS08,154,14605,15757,0.997357995482541,0.0231603852219896,0.4257679,0.16828203,0.37510443,0.11761856
PEMS08,93,14925,15501,0.9973440630450152,-0.189675312905048,0.24286556,0.46643114,0.085562706,0.30912828
PEMS08,137,15181,17485,0.9973288790064994,0.0021029545204741,0.9293361,0.52575827,1.1568699,0.7532921
PEMS08,47,15565,17293,0.9973280473518072,0.0463450766808887,0.1902051,0.23501158,0.20838404,0.21683264
PEMS08,124,14605,15757,0.9972878799631092,0.0001641999183511,0.6160431,0.36501074,0.353827,0.10279465
PEMS08,127,15501,16077,0.9972829285218056,0.1385551103942804,0.31414127,0.005687237,0.05330324,0.2551508
PEMS08,70,15181,17485,0.997276546455469,0.2433968138427169,0.6444626,1.2681513,0.37449837,0.99818707
PEMS08,81,15181,17485,0.997276546455469,0.2433968138427169,0.6444626,1.2681513,0.37449837,0.99818707
PEMS08,55,15181,17485,0.997276546455469,0.2433968138427169,0.6444626,1.2681513,0.37449837,0.99818707
PEMS08,73,15181,17485,0.997276546455469,0.2433968138427169,0.6444626,1.2681513,0.37449837,0.99818707
PEMS08,83,15181,17485,0.997276546455469,0.2433968138427169,0.6444626,1.2681513,0.37449837,0.99818707
PEMS08,84,15181,17485,0.997276546455469,0.2433968138427169,0.6444626,1.2681513,0.37449837,0.99818707
PEMS08,60,15181,17485,0.997276546455469,0.2433968138427169,0.71105766,1.2687702,0.4230752,0.98078775
PEMS08,159,15181,17485,0.997276546455469,0.2433968138427169,0.6444626,1.2681513,0.37449837,0.99818707
PEMS08,125,14605,15757,0.9972656698454352,-0.0044310971011258,0.6162553,0.38621712,0.3440504,0.11401224
PEMS08,126,14605,15757,0.9972656698454352,-0.0044310971011258,0.58035326,0.31906223,0.36682844,0.105537415
PEMS08,61,14605,15757,0.9972656698454352,-0.0044310971011258,0.6294298,0.40856934,0.356637,0.13577652
PEMS08,123,14605,15757,0.9972656698454352,-0.0044310971011258,0.6294298,0.40856934,0.356637,0.13577652
PEMS08,142,14605,15757,0.9972656698454352,-0.0044310971011258,0.6294298,0.40856934,0.356637,0.13577652
PEMS08,48,14605,15757,0.9972656698454352,-0.0044310971011258,0.6294298,0.40856934,0.356637,0.13577652
PEMS08,121,14605,15757,0.9972656698454352,-0.0044310971011258,0.6294298,0.40856934,0.356637,0.13577652
PEMS08,122,14605,15757,0.9972656698454352,-0.0044310971011258,0.6294298,0.40856934,0.356637,0.13577652
PEMS08,141,14605,15757,0.9972656698454352,-0.0044310971011258,0.6294298,0.40856934,0.356637,0.13577652
PEMS08,80,14605,15757,0.9972656698454352,-0.0044310971011258,0.6294298,0.40856934,0.356637,0.13577652
PEMS08,107,17037,17613,0.9972617052171612,0.0028216743777186,0.73278,0.058657646,0.50806856,0.16605377
PEMS08,60,16973,17549,0.9972095267293414,0.2016866994022866,0.23371649,0.32919264,0.031249523,0.06422663
PEMS08,70,16973,17549,0.9972095267293414,0.2016866994022866,0.26727247,0.3240261,0.040304184,0.016449451
PEMS08,159,16973,17549,0.9972095267293414,0.2016866994022866,0.26727247,0.3240261,0.040304184,0.016449451
PEMS08,73,16973,17549,0.9972095267293414,0.2016866994022866,0.26727247,0.3240261,0.040304184,0.016449451
PEMS08,83,16973,17549,0.9972095267293414,0.2016866994022866,0.26727247,0.3240261,0.040304184,0.016449451
PEMS08,84,16973,17549,0.9972095267293414,0.2016866994022866,0.26727247,0.3240261,0.040304184,0.016449451
PEMS08,81,16973,17549,0.9972095267293414,0.2016866994022866,0.26727247,0.3240261,0.040304184,0.016449451
PEMS08,55,16973,17549,0.9972095267293414,0.2016866994022866,0.26727247,0.3240261,0.040304184,0.016449451
PEMS08,40,16077,17229,0.9971818721988078,0.0305208633885676,0.51697636,0.9010644,0.4472146,0.83130264
PEMS08,164,17037,17613,0.997166393361288,0.2692607929842721,0.9037719,0.25406027,0.88712645,0.23741484
PEMS08,153,15181,17485,0.9971464354171408,0.2461086232508341,0.7029362,1.2429814,0.4088397,0.94888496
PEMS08,101,15181,17485,0.9971435195809942,0.1124964515628973,0.4184265,0.8314347,0.5886874,0.6611738
PEMS08,90,15181,17485,0.9971369972560548,0.2382676017358532,0.6484871,1.2215881,0.39496183,0.9680629
PEMS08,75,15181,17485,0.9971369972560548,0.2382676017358532,0.6484871,1.2215881,0.39496183,0.9680629
PEMS08,144,15181,17485,0.9971369972560548,0.2382676017358532,0.76501036,1.2994323,0.46316624,0.99758816
PEMS08,51,15181,17485,0.9971369972560548,0.2382676017358532,0.6484871,1.2215881,0.39496183,0.9680629
PEMS08,145,15181,17485,0.9971369972560548,0.2382676017358532,0.67073107,1.2285895,0.4029727,0.96083117
PEMS08,50,15181,17485,0.9971369972560548,0.2382676017358532,0.6484871,1.2215881,0.39496183,0.9680629
PEMS08,91,15181,17485,0.9971369972560548,0.2382676017358532,0.6484871,1.2215881,0.39496183,0.9680629
PEMS08,116,15181,17485,0.9971369972560548,0.2382676017358532,0.74594116,1.3001161,0.47205925,1.0262341
PEMS08,74,15181,17485,0.9971369972560548,0.2382676017358532,0.6484871,1.2215881,0.39496183,0.9680629
PEMS08,115,15181,17485,0.9971369972560548,0.2382676017358532,0.6484871,1.2215881,0.39496183,0.9680629
PEMS08,131,15181,17485,0.9971369972560548,0.2382676017358532,0.6484871,1.2215881,0.39496183,0.9680629
PEMS08,93,14989,16141,0.9971364478126236,0.2061492917660123,0.059878826,0.25514555,0.05902624,0.13624048
PEMS08,127,14989,15565,0.9971327930964998,0.2450704180178628,0.74304295,0.3724289,0.8523874,0.48177338
PEMS08,30,15501,17229,0.9971254406541384,0.2395534578765412,0.15973473,0.20451832,0.4228034,0.467587
PEMS08,87,16141,17293,0.9971083444171874,0.1775506169114007,0.047468185,0.49191523,0.30155802,0.74600506
PEMS08,126,15181,17485,0.9970611718153566,0.2398587435226989,0.6872034,1.2639728,0.37768412,0.95445347
PEMS08,142,15181,17485,0.9970611718153566,0.2398587435226989,0.6433749,1.2660651,0.34990168,0.9725919
PEMS08,123,15181,17485,0.9970611718153566,0.2398587435226989,0.6433749,1.2660651,0.34990168,0.9725919
PEMS08,80,15181,17485,0.9970611718153566,0.2398587435226989,0.6433749,1.2660651,0.34990168,0.9725919
PEMS08,141,15181,17485,0.9970611718153566,0.2398587435226989,0.6433749,1.2660651,0.34990168,0.9725919
PEMS08,125,15181,17485,0.9970611718153566,0.2398587435226989,0.64532757,1.2601562,0.35607004,0.9708986
PEMS08,61,15181,17485,0.9970611718153566,0.2398587435226989,0.6433749,1.2660651,0.34990168,0.9725919
PEMS08,122,15181,17485,0.9970611718153566,0.2398587435226989,0.6433749,1.2660651,0.34990168,0.9725919
PEMS08,48,15181,17485,0.9970611718153566,0.2398587435226989,0.6433749,1.2660651,0.34990168,0.9725919
PEMS08,121,15181,17485,0.9970611718153566,0.2398587435226989,0.6433749,1.2660651,0.34990168,0.9725919
PEMS08,124,15181,17485,0.9970608000666836,0.2382070751630555,0.64973974,1.2772217,0.35803223,0.98551416
PEMS08,94,15885,17613,0.997037191405011,-0.0038626419254116,0.13446283,0.27186298,0.042678833,0.36364698
PEMS08,149,15181,17485,0.9970227819369852,0.2698222166108338,0.6391792,1.2118769,0.38034582,0.95304346
PEMS08,154,15181,17485,0.9970227819369852,0.2698222166108338,0.84265566,1.3941412,0.5321665,1.083652
PEMS08,109,15181,17485,0.9970227819369852,0.2698222166108338,0.6391778,1.2118764,0.3803444,0.953043
PEMS08,62,15181,17485,0.9970227819369852,0.2698222166108338,0.6391778,1.2118764,0.3803444,0.953043
PEMS08,160,15501,16077,0.9970214119778906,0.1638834196950348,0.34221363,0.15830708,0.07422924,0.109677315
PEMS08,13,15757,17485,0.9970176391960328,0.0602617248793556,0.022366047,0.4282217,0.381454,0.83204174
PEMS08,153,16973,17549,0.9970074466439888,0.1994292598162904,0.224226,0.3249073,0.030829906,0.0698514
PEMS08,8,14989,17293,0.9969874047728408,0.2911532987255681,0.14663792,0.21228123,0.43390322,0.49954653
PEMS08,96,16141,17293,0.9969270521342252,0.074920030823166,0.10707092,0.6657076,0.29047918,0.48229933
PEMS08,25,16141,17293,0.9968956240834804,0.1960163285712947,0.16813421,0.4668727,0.39358234,0.24142456
PEMS08,66,15885,17613,0.9968575729179266,-0.0103671418468538,0.2748909,0.060141563,0.27186203,0.06317043
PEMS08,105,15309,17613,0.9968572651760508,0.0258541707095055,0.48530054,0.1041522,0.17137098,0.41808176
PEMS08,93,17037,17613,0.99682825065289,0.2750896884251818,0.3092842,0.1906991,0.16948938,0.050904274
PEMS08,125,16973,17549,0.9967959670580564,0.1794020535796965,0.24423504,0.30884552,0.036511898,0.028098583
PEMS08,61,16973,17549,0.9967959670580564,0.1794020535796965,0.24063063,0.30754042,0.035461426,0.031448364
PEMS08,80,16973,17549,0.9967959670580564,0.1794020535796965,0.24063063,0.30754042,0.035461426,0.031448364
PEMS08,121,16973,17549,0.9967959670580564,0.1794020535796965,0.24063063,0.30754042,0.035461426,0.031448364
PEMS08,48,16973,17549,0.9967959670580564,0.1794020535796965,0.24063063,0.30754042,0.035461426,0.031448364
PEMS08,123,16973,17549,0.9967959670580564,0.1794020535796965,0.24063063,0.30754042,0.035461426,0.031448364
PEMS08,126,16973,17549,0.9967959670580564,0.1794020535796965,0.23908472,0.30961323,0.023537636,0.04699087
PEMS08,141,16973,17549,0.9967959670580564,0.1794020535796965,0.24063063,0.30754042,0.035461426,0.031448364
PEMS08,64,16973,17549,0.9967959670580564,0.1794020535796965,0.20974207,0.30190516,0.017923832,0.074239254
PEMS08,122,16973,17549,0.9967959670580564,0.1794020535796965,0.24063063,0.30754042,0.035461426,0.031448364
PEMS08,142,16973,17549,0.9967959670580564,0.1794020535796965,0.24063063,0.30754042,0.035461426,0.031448364
PEMS08,14,16077,17229,0.9967780120051138,0.0413765550708313,0.43340492,0.74501514,0.27854395,0.5901542
PEMS08,8,15565,16141,0.9967761821170614,0.1696918092294517,0.0022625923,0.12569475,0.04415703,0.16758919
PEMS08,85,16973,17549,0.996769598753082,0.1958225270471653,0.26713133,0.31331205,0.01853466,0.027646065
PEMS08,90,16973,17549,0.996769598753082,0.1958225270471653,0.25525188,0.31949282,0.044337273,0.01990366
PEMS08,144,16973,17549,0.996769598753082,0.1958225270471653,0.19268131,0.35206652,0.07259989,0.08678532
PEMS08,51,16973,17549,0.996769598753082,0.1958225270471653,0.25525188,0.31949282,0.044337273,0.01990366
PEMS08,74,16973,17549,0.996769598753082,0.1958225270471653,0.25525188,0.31949282,0.044337273,0.01990366
PEMS08,50,16973,17549,0.996769598753082,0.1958225270471653,0.25525188,0.31949282,0.044337273,0.01990366
PEMS08,115,16973,17549,0.996769598753082,0.1958225270471653,0.25525188,0.31949282,0.044337273,0.01990366
PEMS08,91,16973,17549,0.996769598753082,0.1958225270471653,0.25525188,0.31949282,0.044337273,0.01990366
PEMS08,75,16973,17549,0.996769598753082,0.1958225270471653,0.25525188,0.31949282,0.044337273,0.01990366
PEMS08,145,16973,17549,0.996769598753082,0.1958225270471653,0.23869944,0.3365116,0.057089806,0.04072237
PEMS08,89,16973,17549,0.996769598753082,0.1958225270471653,0.02940464,0.0541687,0.06312847,0.14670181
PEMS08,131,16973,17549,0.996769598753082,0.1958225270471653,0.25525188,0.31949282,0.044337273,0.01990366
PEMS08,116,16973,17549,0.996769598753082,0.1958225270471653,0.13641644,0.38308334,0.070935726,0.17573118
PEMS08,119,14989,16141,0.9967556423583755,0.213202528764342,0.51028585,0.16887665,0.5343971,0.14476538
PEMS08,151,15501,17229,0.9967545347432728,0.2711808221865011,0.45234966,0.593822,0.22577763,0.36724997
PEMS08,57,16077,17229,0.9967468156143052,-0.0989839815649292,0.46960592,0.79415226,0.27031422,0.59486055
PEMS08,109,16973,17549,0.9967359526708024,0.1785309509998248,0.2548504,0.3158903,0.011244297,0.049795628
PEMS08,62,16973,17549,0.9967359526708024,0.1785309509998248,0.2548504,0.3158903,0.011244297,0.049795628
PEMS08,154,16973,17549,0.9967359526708024,0.1785309509998248,0.34245348,0.33550978,0.022611618,0.015667915
PEMS08,134,15309,17613,0.9967224605964616,0.1414234050728802,0.0037794113,0.037250996,0.1504178,0.18388939
PEMS08,104,14989,16141,0.9967181699911272,0.2213615757816262,0.28487682,0.23302126,0.4089713,0.35711575
PEMS08,124,16973,17549,0.9967082502411808,0.1953575422991134,0.24105406,0.3092165,0.034622192,0.03354025
PEMS08,54,16461,16781,0.996668747665127,-0.5083493990508889,0.032579422,0.45248795,0.42233753,0.84224606
PEMS08,46,17037,17613,0.9966601655625036,0.260460447957469,0.7644777,0.24368143,0.732111,0.27604818
PEMS08,38,14925,15501,0.9966521083332718,0.0679366478842124,0.5520048,0.39083767,0.71624184,0.5550747
PEMS08,149,15885,17037,0.9966237329491268,0.0570999318856943,0.06019783,0.9910102,0.30848074,1.3596888
PEMS08,9,15245,16397,0.9966077263790298,-0.0970402520340618,0.10574007,0.3775382,0.008302689,0.49158096
PEMS08,99,15885,17613,0.9965894603348424,0.2858416924308158,0.13993883,0.07190561,0.19440317,0.017441273
PEMS08,120,15309,15885,0.9965838973693492,0.0923958080333279,1.3220625,0.15166998,1.0282454,0.14214706
PEMS08,128,14989,17293,0.9965827914062576,-0.0159037183617864,0.51190186,0.027684212,0.38508892,0.09912872
PEMS08,149,15821,16973,0.9965616064162092,0.1121771151939552,0.0727334,0.053029537,0.3117485,0.29204464
PEMS08,25,15309,17037,0.9965447823288682,0.2927805553482668,0.0740037,0.45159197,0.11365652,0.4912448
PEMS08,53,14989,17293,0.996525365635418,0.2027408906773889,0.055401802,0.14324427,0.00571537,0.1929307
PEMS08,6,15245,15821,0.9965247738222156,0.1282436905258477,0.36800385,0.0517354,0.16254711,0.15372133
PEMS08,13,15501,17229,0.996509755404526,0.2896907654546691,0.4591794,0.70383453,0.11687994,0.36153507
PEMS08,15,15501,17229,0.9965027252198392,0.1331140161456068,0.3045001,0.4559188,0.09440708,0.24582577
PEMS08,111,15565,16141,0.9964736696220188,0.1801892813633625,0.019293785,0.3054757,0.23715258,0.08761692
PEMS08,98,15309,15885,0.9964631862671236,0.1278940225104042,0.31946707,0.26338482,0.08629274,0.49655914
PEMS08,39,15757,17485,0.9964509305787856,0.2582211574589668,0.099102974,0.22513151,0.12559891,0.00042963028
PEMS08,100,15501,16077,0.9964135791078343,-0.1649505753933638,0.21820211,0.078103065,0.36191034,0.06560516
PEMS08,17,14669,15181,0.9964079196087994,-0.1044053071464388,0.12198877,0.65261555,0.3624344,0.89306116
PEMS08,28,14669,15181,0.996406678302324,-0.1220978811791889,0.12655783,0.66539764,0.36669636,0.9055362
PEMS08,47,14925,16397,0.9963986844692504,-0.2335331186664906,1.0136456,0.4272437,0.785934,0.19953203
PEMS08,68,15565,17293,0.996397284711237,0.1531751679197324,0.001229763,0.5873518,0.21030188,0.7964239
PEMS08,34,14925,15501,0.9963885750322076,0.1758201682875001,0.64844847,0.1446333,0.7841873,0.0088944435
PEMS08,128,15181,15757,0.996383991370354,0.1408409483443364,0.1603756,0.9257679,0.50301266,1.268405
PEMS08,101,16077,17229,0.9963824673874536,0.1396723974652036,0.25756645,0.28937578,0.22080994,0.25261927
PEMS08,26,15821,16973,0.9963802409303508,0.1914778684610769,0.049713135,0.8279457,0.111189365,0.9888482
PEMS08,96,15309,15885,0.9963333542182902,-0.156941171406048,0.9129567,0.20162678,1.0040994,0.29276943
PEMS08,1,15245,16973,0.996327472012408,0.205849739941788,0.025493145,0.116197586,0.4482026,0.58989334
PEMS08,95,15885,17613,0.996317901878862,0.2719768282686139,0.15714741,0.01871252,0.33899403,0.20055914
PEMS08,27,15245,15821,0.9963162475741132,0.1373024986703683,0.53759575,0.07226229,0.37500763,0.09032583
PEMS08,66,15565,17293,0.9962877333821109,0.2092250648068364,0.22471285,0.23290634,0.10340595,0.35421324
PEMS08,43,15501,16077,0.996269228891474,0.0370904941238925,0.18792534,0.29089546,0.11963844,0.01666832
PEMS08,63,15885,17613,0.9962633567982844,0.2373455544776126,0.14281607,0.1713152,0.14007807,0.17405319
PEMS08,93,15181,17485,0.9962142531830056,-0.1203883997068022,0.13297224,1.3121686,0.40257025,1.5817666
PEMS08,27,15309,15885,0.9962000665536872,0.2414945424095429,0.6642337,0.18502235,0.43669176,0.41256428
PEMS08,158,16973,17549,0.996198603218008,0.0613320215775369,0.50708485,0.18813229,0.19838333,0.12056923
PEMS08,47,17037,17613,0.996170782800677,0.0713453665310499,0.01997137,0.02300787,0.2278533,0.2308898
PEMS08,143,15565,16141,0.9961630633159884,0.2130444188582181,1.3033476,0.24372959,1.113491,0.053873062
PEMS08,160,15757,17485,0.9961393217616898,-0.0212028960384522,0.21101618,0.2433343,0.16373825,0.13142014
PEMS08,6,15501,16077,0.9961206149138618,0.0290376197401421,0.39557552,0.30310106,0.27934074,0.41933584
PEMS08,69,15885,17613,0.9961157957401716,0.0237178705102598,0.1134243,0.1787467,0.03742075,0.02790165
PEMS08,39,14349,14925,0.9961055946724507,0.0031702392736874,0.7954025,1.6939788,0.17255402,1.0711303
PEMS08,113,15309,17037,0.9960570695363652,0.2602577695632796,0.3788948,0.43338585,0.32988453,0.38437557
PEMS08,86,17037,17613,0.9960440266745164,0.0870001300758766,0.48930168,0.47828674,0.10086584,0.0898509
PEMS08,53,14733,16461,0.9960329439530884,-0.0202169675146861,1.2673225,0.34747124,1.3561358,0.25865793
PEMS08,29,17037,17613,0.9960113533419194,0.11691553044473,0.15718222,0.5113044,0.032996178,0.38711834
PEMS08,13,15245,15821,0.9960000088095372,0.154136342607855,0.40690136,0.03736019,0.46566486,0.096123695
PEMS08,93,16973,17549,0.9959615323100254,0.1904255045748337,0.0134682655,0.2855177,0.08560133,0.21338463
PEMS08,130,14925,17229,0.9959550147787872,0.0491882410463326,0.31063318,0.17189074,0.15100336,0.012260914
PEMS08,76,14989,15565,0.9959393210975168,0.1802969410027637,0.11202717,0.07366514,0.24428749,0.05859518
PEMS08,40,15309,15885,0.9959350898467796,0.2884435873359753,0.5829482,0.057017803,0.44677067,0.19319534
PEMS08,93,16461,16781,0.9959189467862968,-0.1877281096001524,0.13717031,0.32009602,0.051548004,0.50881433
PEMS08,39,15309,15885,0.9959158452919012,0.2503075776355869,0.82904816,0.13968992,0.56858826,0.12076998
PEMS08,9,16973,17549,0.9958988738465002,0.2024369843222866,0.53187275,0.5316949,0.25275993,0.25258207
PEMS08,96,15181,15757,0.9958723638185788,0.119534459916734,0.7287278,0.989316,0.40434504,0.6649332
PEMS08,112,14733,16461,0.9958652339975704,0.0660007435227389,0.1178813,0.0604558,0.22989893,0.051561832
PEMS08,86,15757,17485,0.9958489528235788,0.0809135218677687,0.21108675,0.095178604,0.12852669,0.17773867
PEMS08,46,14925,15757,0.9958286725729908,-0.1989258678077828,0.15561485,0.20312405,0.04607153,0.001437664
PEMS08,97,15181,17485,0.9958248504955792,0.1422683771437495,0.06995344,0.62878656,0.035238266,0.7339783
PEMS08,65,15309,17037,0.9957736266792924,0.0273157216468345,0.48412657,0.1940012,0.31705093,0.026925564
PEMS08,21,14925,17229,0.9957508099176632,0.1728702452829315,0.32401085,0.09684944,0.08569956,0.33516073
PEMS08,53,14925,17485,0.995719209294312,0.0790787000884823,0.3873291,0.19189882,0.58188677,0.002658844
PEMS08,37,16973,17549,0.9956994454302384,0.266657038654599,0.12693691,0.6506238,0.31329584,0.21039104
PEMS08,59,17037,17613,0.9956831805107136,0.0830513424327348,0.23769617,0.057238102,0.38811445,0.20765638
PEMS08,46,15501,17229,0.9956808791591282,-0.0858990603155082,0.042622566,0.1056366,0.17730522,0.24031925
PEMS08,41,15245,15821,0.9956475315091086,0.0255399508898072,0.6965656,0.33330154,0.56418514,0.20092106
PEMS08,160,15245,17549,0.9956420071292084,0.0804716179951864,0.6627507,0.09609079,0.8427181,0.08387661
PEMS08,27,16461,16781,0.9956169935646436,-0.0685369478201675,0.33928823,0.3417678,0.024944782,0.65611124
PEMS08,19,14349,16077,0.9955948556673336,0.0941157954900484,0.47978354,0.123590946,0.3026328,0.05355978
PEMS08,82,14349,15501,0.99556421281715,0.0434327885892696,0.2557845,0.2661438,0.25097656,0.24061728
PEMS08,42,16973,17549,0.9955491679941958,-0.065275642531022,0.03038311,0.44284058,0.076780796,0.48923826
PEMS08,8,15309,17037,0.9955407188585096,0.2495893483487447,0.26958227,0.30286694,0.18935108,0.22263575
PEMS08,164,15309,15885,0.9955122400611334,0.2919946421780556,0.70993185,0.13020277,0.8387828,0.2590537
PEMS08,41,14925,16077,0.9955036145845892,0.1060117698271464,0.28085947,0.073554516,0.85158587,0.49717188
PEMS08,127,15757,17485,0.9954991770807012,-0.0044186325755451,0.1947875,0.61894274,0.40364408,0.8277993
PEMS08,111,17037,17613,0.9954644132960876,0.0089555897203032,0.9931674,0.42195702,0.6726675,0.10145712
PEMS08,71,15501,17229,0.9954592742521144,-0.0487149397378931,0.15527391,0.14036036,0.35057878,0.054944515
PEMS08,148,16077,17229,0.9954270804099288,0.0727834811835628,0.2639246,0.34642267,0.2636733,0.34667397
PEMS08,30,14925,16077,0.9953944191022788,0.0597300368777204,0.29786634,0.04118061,0.048596382,0.20808935
PEMS08,5,14989,17293,0.9953528335160332,0.2886647099463218,0.028785229,0.2887497,0.17756176,0.49509668
PEMS08,137,14925,16077,0.995350343541108,-0.0725314067921646,0.6898751,0.14803076,1.2122154,0.37430954
PEMS08,72,15885,17613,0.9953498625629292,0.052498730638094,0.035519123,0.08017826,0.15376282,0.19842196
PEMS08,114,15309,17613,0.995338447246814,0.0557217156721657,0.17913342,0.2746396,0.50438833,0.05061531
PEMS08,2,14925,16077,0.9953356462613258,-0.1069153628120875,0.63712025,0.20156288,1.158701,0.3200178
PEMS08,99,14349,17229,0.995331710582302,-0.2008507168366885,0.06097555,0.041791916,0.17262936,0.15344572
PEMS08,164,14669,16333,0.9953305888966136,0.0199489380371055,0.12239885,1.1604352,0.27404213,1.0087919
PEMS08,7,15501,16077,0.9953288078067938,-0.0369890908850915,0.052034378,0.6299038,0.63744164,0.044496536
PEMS08,89,15885,17613,0.9953047837828862,0.0863242345206648,0.11811304,0.076933384,0.030824661,0.07200432
PEMS08,139,15565,16141,0.9952511224166022,-0.0914595410944964,0.08982229,0.31130219,0.22453499,0.0030550957
PEMS08,143,14925,17229,0.9952340753975238,0.0304142001844151,0.3503952,0.28041553,0.5659895,0.49600983
PEMS08,69,14605,17229,0.9952265444029764,0.2175769440267227,0.9563379,0.51740026,0.9703603,0.5314226
PEMS08,156,14989,15565,0.9952209225227916,-0.0016103683234482,0.34232473,0.15908957,0.2479415,0.064706326
PEMS08,105,15565,17293,0.995214581430116,0.0688553964377374,0.12454224,0.32014513,0.14297438,0.301713
PEMS08,9,16077,17229,0.9952078677291196,-0.0210439503694262,0.9818034,0.5317583,0.68789625,0.23785114
PEMS08,54,14349,16333,0.995204764455372,-0.1227061718216256,0.38994646,0.4819851,0.6575222,0.74956083
PEMS08,30,17037,17613,0.9952047301497052,0.2889363312734219,0.08477831,0.030623913,0.003923416,0.05023098
PEMS08,43,15245,17549,0.9952025079285104,0.2244103781386921,0.33849764,0.16747475,0.33811665,0.16709375
PEMS08,12,14925,16653,0.9951963181150324,0.1959613904157172,0.48514938,0.16798592,0.53778124,0.11535406
PEMS08,15,14669,15757,0.9951918984121048,-0.1604096030879589,0.0078783035,0.19367504,0.30691862,0.50847197
PEMS08,1,14349,14925,0.9951697048539554,-0.0101984433957288,0.03644657,0.8046794,0.073875904,0.6943569
PEMS08,94,14989,16141,0.9951688209626308,-0.050856223260387,0.8738532,0.17332172,1.1454196,0.09824467
PEMS08,128,14925,15501,0.9951253165938512,0.0604714224324402,0.9149871,0.152318,1.1507044,0.083399296
PEMS08,25,15821,17549,0.995116293120912,0.0838162217720247,0.11483383,0.22716045,0.25908566,0.08290863
PEMS08,76,16141,17293,0.995096817997952,0.2905366274810763,0.2217102,0.58897305,0.33502626,0.032236576
PEMS08,28,16461,16781,0.9950923524256692,-0.287831783686197,0.11616039,1.1542196,0.3242488,1.362308
PEMS08,106,15501,17229,0.9950812244091846,0.129850907588003,0.07249737,0.3113098,0.12825823,0.11055422
PEMS08,114,15565,17293,0.9950739255898596,0.0313457643949458,0.38816786,0.041819096,0.18017912,0.24980783
PEMS08,45,15181,15757,0.9950706881752456,0.2388786749830355,0.03386545,0.48090744,0.26158762,0.7086296
PEMS08,38,15821,17549,0.9950665006959208,0.2182581665955568,0.074953556,0.0748148,0.020197868,0.16996622
PEMS08,82,14733,16461,0.995034547418022,-0.0986478224245975,0.79562616,0.16885233,0.41896343,0.2078104
PEMS08,7,15821,17549,0.9950217356623932,0.1224231089185792,0.14199686,0.10127306,0.008028984,0.2512989
PEMS08,4,14925,16077,0.9949814947536504,0.269757629749201,0.59727764,0.5883689,1.2998147,0.11416817
PEMS08,63,14349,16653,0.9949731207824304,0.0656114727915138,0.15710402,0.23551846,0.24733734,0.32575178
PEMS08,56,15501,17229,0.994972618616266,0.0649508065659349,0.05086565,0.22692204,0.068555355,0.34634304
PEMS08,42,15501,16077,0.994971871674868,0.2156238099648284,0.06193447,0.21498775,0.18762541,0.034572124
PEMS08,3,15181,17485,0.9949568421723628,0.1419197264475053,0.77429533,0.8296156,0.86976576,0.925086
PEMS08,56,14925,16077,0.9949510106314606,0.088103154169078,1.1393704,0.42606974,0.97760487,0.26430416
PEMS08,4,15501,17229,0.9949485869445168,0.123747867221441,0.7061634,1.0835376,0.5214176,0.8987918
PEMS08,54,14669,16397,0.9949324657649168,0.0716751343541489,0.47030687,0.020840645,0.29179668,0.15766954
PEMS08,57,15757,17485,0.9949056059185468,0.1065614990812294,0.005645752,0.12662792,0.057754517,0.06322765
PEMS08,5,14925,16077,0.9949024585101875,0.1069007049830535,0.7901869,0.014764309,1.0225086,0.21755743
PEMS08,112,15565,16141,0.9949022232471336,0.0641720838364861,0.15382147,0.18207836,0.086119175,0.05786228
PEMS08,86,15501,16077,0.9948793391267092,-0.1003436180034998,0.087245464,0.13098717,0.090485096,0.12774754
PEMS08,29,15309,15885,0.9948580444616518,0.007450661855217,0.03938532,0.050566196,0.14501953,0.13383865
PEMS08,32,14925,17229,0.9948394686055224,0.2727073884094353,0.8023844,0.15470648,0.6990595,0.051381588
PEMS08,36,15181,15757,0.9948385857001346,0.0321054296964124,0.059465885,0.24544382,0.5772419,0.76321983
PEMS08,99,15309,17037,0.9948212912186872,0.0158820413173714,0.17997551,0.13103628,0.4086914,0.7197032
PEMS08,100,15181,15757,0.9948097332723828,0.1201333038021013,0.09123707,0.30546904,0.18537521,0.39960718
PEMS08,75,16461,16781,0.994797640264612,-0.3418076223590304,0.08783102,0.8983407,0.19399977,1.1801715
PEMS08,131,16461,16781,0.994797640264612,-0.3418076223590304,0.08783102,0.8983407,0.19399977,1.1801715
PEMS08,50,16461,16781,0.994797640264612,-0.3418076223590304,0.08783102,0.8983407,0.19399977,1.1801715
PEMS08,116,16461,16781,0.994797640264612,-0.3418076223590304,0.0672946,0.929122,0.17910814,1.1755247
PEMS08,145,16461,16781,0.994797640264612,-0.3418076223590304,0.10658264,0.84158516,0.19895363,1.1471214
PEMS08,115,16461,16781,0.994797640264612,-0.3418076223590304,0.08783102,0.8983407,0.19399977,1.1801715
PEMS08,74,16461,16781,0.994797640264612,-0.3418076223590304,0.08783102,0.8983407,0.19399977,1.1801715
PEMS08,51,16461,16781,0.994797640264612,-0.3418076223590304,0.08783102,0.8983407,0.19399977,1.1801715
PEMS08,91,16461,16781,0.994797640264612,-0.3418076223590304,0.08783102,0.8983407,0.19399977,1.1801715
PEMS08,85,16461,16781,0.994797640264612,-0.3418076223590304,0.008312225,0.8534956,0.20420122,1.0493846
PEMS08,90,16461,16781,0.994797640264612,-0.3418076223590304,0.08783102,0.8983407,0.19399977,1.1801715
PEMS08,144,16461,16781,0.994797640264612,-0.3418076223590304,0.054961205,0.8355646,0.19568253,1.0862083
PEMS08,134,14989,17293,0.9947850581593874,-0.037816065657095,0.07424593,0.580863,0.071507454,0.7266164
PEMS08,87,15309,15885,0.994758877623522,0.195981719250901,0.9166484,0.25377798,0.8050542,0.36537218
PEMS08,167,15309,17037,0.9947404580340896,0.295418816146314,0.14505291,0.040659428,0.34576082,0.24136734
PEMS08,37,14925,17229,0.99469346950935,-0.0118168849468221,0.21664858,0.2782321,0.12385702,0.18544054
PEMS08,124,16461,16781,0.99468433618447,-0.3484882935913014,0.16302013,0.81863594,0.107103825,1.0887599
PEMS08,23,14925,17229,0.994664732762412,0.2329755147250658,0.9506984,0.45025015,0.64179325,0.14134502
PEMS08,152,14669,15757,0.9946595845480204,-0.0655894862715765,0.20386791,0.061123848,0.4528165,0.31007242
PEMS08,4,15821,16973,0.994632443017126,0.1356176805201592,0.021722794,0.078614235,0.33562374,0.39251518
PEMS08,158,14989,15565,0.994626356687192,0.1847783756391445,0.04954481,0.2373662,0.13492823,0.42183924
PEMS08,88,15885,17613,0.9946037985605416,0.1262699530927975,0.44947624,0.3714466,0.015861988,0.80506086
PEMS08,164,16077,17229,0.9945912523357155,0.1207738844760731,0.39126587,0.45465708,0.3765068,0.439898
PEMS08,47,15309,15885,0.9945882895937496,-0.2435319984269274,0.42285776,0.19945192,0.03476429,0.18864155
PEMS08,80,16461,16781,0.9945859209248648,-0.3450680004024117,0.15164614,0.7540188,0.14241028,1.0480752
PEMS08,61,16461,16781,0.9945859209248648,-0.3450680004024117,0.15164614,0.7540188,0.14241028,1.0480752
PEMS08,121,16461,16781,0.9945859209248648,-0.3450680004024117,0.15164614,0.7540188,0.14241028,1.0480752
PEMS08,125,16461,16781,0.9945859209248648,-0.3450680004024117,0.14818573,0.7360811,0.14114189,1.0254087
PEMS08,126,16461,16781,0.9945859209248648,-0.3450680004024117,0.08261347,0.8267679,0.14058065,1.049962
PEMS08,122,16461,16781,0.9945859209248648,-0.3450680004024117,0.15164614,0.7540188,0.14241028,1.0480752
PEMS08,127,16461,16781,0.9945859209248648,-0.3450680004024117,0.8947363,1.956676,0.8173957,1.8793354
PEMS08,123,16461,16781,0.9945859209248648,-0.3450680004024117,0.15164614,0.7540188,0.14241028,1.0480752
PEMS08,64,16461,16781,0.9945859209248648,-0.3450680004024117,0.060002327,2.0182705,0.17668581,2.134954
PEMS08,142,16461,16781,0.9945859209248648,-0.3450680004024117,0.15164614,0.7540188,0.14241028,1.0480752
PEMS08,141,16461,16781,0.9945859209248648,-0.3450680004024117,0.15164614,0.7540188,0.14241028,1.0480752
PEMS08,48,16461,16781,0.9945859209248648,-0.3450680004024117,0.15164614,0.7540188,0.14241028,1.0480752
PEMS08,69,15309,17037,0.9945800997400264,-0.0269580866136013,0.06966829,0.5755763,0.052247524,0.4536605
PEMS08,23,15245,15821,0.9945399459561652,0.0682759259631785,0.15586185,0.030686855,0.15940428,0.027144432
PEMS08,109,16461,16781,0.9945337797280848,-0.3313453659953339,0.079809666,0.8137026,0.18954468,1.0830569
PEMS08,62,16461,16781,0.9945337797280848,-0.3313453659953339,0.079809666,0.8137026,0.18954468,1.0830569
PEMS08,149,16461,16781,0.9945337797280848,-0.3313453659953339,0.079811096,0.81370115,0.1895442,1.0830564
PEMS08,154,16461,16781,0.9945337797280848,-0.3313453659953339,0.07523966,0.81925154,0.15440941,1.0489006
PEMS08,60,16461,16781,0.9945296365999992,-0.320236202612059,0.079068184,0.87351894,0.1783638,1.1309509
PEMS08,70,16461,16781,0.9945296365999992,-0.320236202612059,0.13057375,0.92881966,0.13075352,1.1901469
PEMS08,83,16461,16781,0.9945296365999992,-0.320236202612059,0.13057375,0.92881966,0.13075352,1.1901469
PEMS08,73,16461,16781,0.9945296365999992,-0.320236202612059,0.13057375,0.92881966,0.13075352,1.1901469
PEMS08,55,16461,16781,0.9945296365999992,-0.320236202612059,0.13057375,0.92881966,0.13075352,1.1901469
PEMS08,84,16461,16781,0.9945296365999992,-0.320236202612059,0.13057375,0.92881966,0.13075352,1.1901469
PEMS08,81,16461,16781,0.9945296365999992,-0.320236202612059,0.13057375,0.92881966,0.13075352,1.1901469
PEMS08,159,16461,16781,0.9945296365999992,-0.320236202612059,0.13057375,0.92881966,0.13075352,1.1901469
PEMS08,153,16461,16781,0.9944938105958464,-0.3330253450572635,0.10442543,0.8699951,0.141716,1.1161366
PEMS08,28,16333,17229,0.9944882036283332,-0.3771167890834958,0.7185135,0.09501314,0.29418278,0.32931757
PEMS08,117,15501,16077,0.9944739490262235,-0.0144812070739324,0.1137557,0.07409477,0.1428914,0.04495907
PEMS08,15,15181,17485,0.9944420726323518,0.2188459829338158,0.0020885468,0.9932432,0.3361435,0.6550112
PEMS08,85,15757,17485,0.9944149556422788,0.1722498848607431,0.01827383,0.009568691,0.024175644,0.052018166
PEMS08,47,16077,17229,0.9944104735741636,0.1181209521138383,0.06394577,0.42982674,0.17328787,0.32048464
PEMS08,27,15501,16077,0.9944099779113708,0.2285522601980214,0.15564108,0.58610106,0.3231697,0.7536297
PEMS08,97,14925,15501,0.9944096762754202,0.0904187435160254,0.39304543,0.20837164,0.84445095,0.24303389
PEMS08,107,14989,17293,0.9944030212345084,0.1279867704655747,0.09291029,0.41343546,0.056919575,0.37744474
PEMS08,25,15501,17229,0.9943829834990826,0.0302651596533696,0.0019521713,0.49936724,0.237566,0.7388854
PEMS08,106,14925,15181,0.9942995351062291,0.0463036148373288,0.03222227,0.64795256,0.11505556,0.73078585
PEMS08,57,15501,16333,0.9942608700293748,0.0666977729991338,0.031619072,0.9662061,0.050585747,1.0484109
PEMS08,165,15821,16973,0.9942198814013536,0.1989345325299899,0.07054281,0.22722673,0.46356678,0.30688286
PEMS08,12,14669,16333,0.9941916965391674,0.1183031864929667,0.50900555,0.41873407,0.5251899,0.4349184
PEMS08,45,15501,17229,0.9941753489932764,-0.1473249310814076,0.09143877,0.32901525,0.02327776,0.44373178
PEMS08,86,16333,17229,0.9941561176761216,0.2065656669290072,0.74175453,0.108608246,0.5318999,0.10124636
PEMS08,0,15181,15757,0.9941137761864646,0.1759248715013042,1.0283895,0.5136137,0.7659788,0.25120306
PEMS08,2,14349,16653,0.9940489546255004,0.0838036329961296,0.10322571,0.81262684,0.35999203,0.5558605
PEMS08,40,14349,14925,0.994036948256628,-0.0075153096168068,0.17326212,0.58936024,0.04511881,0.3709793
PEMS08,7,16397,16973,0.994023699675588,0.26694533433416,0.8214569,0.18597412,0.61023617,0.02524662
PEMS08,92,16973,17549,0.9939990855281288,0.0619843617271711,0.115386486,1.2368398,0.5021663,0.85006
PEMS08,164,14349,14925,0.9939983373751228,0.0739770057903371,0.3052883,0.77737427,0.052272797,0.52435875
PEMS08,156,15757,16333,0.9939739205408304,0.1028748059877486,0.051474094,0.31358862,0.11617994,0.48124266
PEMS08,35,16077,17229,0.9939523544531048,0.1631565283956327,0.5443287,0.038836956,0.47908497,0.026406765
PEMS08,134,16461,16781,0.9939483426332274,0.0016813871164422,0.09974766,0.37268972,0.3772092,0.65015125
PEMS08,148,15245,15821,0.9939414467922028,0.1960345406205697,0.08471823,0.16938925,0.08865929,0.16544819
PEMS08,94,15757,17485,0.9939160193694248,-0.2640743537274333,0.24264002,0.3911481,0.02953434,0.11897373
PEMS08,8,14925,15181,0.9939139916743748,-0.01030774048473,0.87368774,0.11702013,0.9436755,0.1870079
PEMS08,36,15821,17549,0.9939120305228932,0.229215578548959,0.028870583,0.07714558,0.03073883,0.079013824
PEMS08,37,15821,16397,0.9939028968095208,0.068778658818982,0.078541756,0.82113075,0.37515783,1.1177468
PEMS08,26,15309,15885,0.9938976671878936,0.1929395273984548,0.4546299,0.25241184,0.40228033,0.3047614
PEMS08,77,16077,17229,0.993888671804681,0.0061858770826755,0.372921,0.9809966,0.023073673,0.6311493
PEMS08,17,16333,17229,0.9938860625217344,-0.2964924108123059,1.0688272,0.8504281,0.6663132,0.44791412
PEMS08,11,15181,17485,0.9938723715694152,-0.0641086149719622,0.17873812,0.80827713,0.25996637,0.8895054
PEMS08,95,15501,17229,0.993864376196986,-0.2193263001830803,0.16274214,0.029939175,0.076010704,0.05679226
PEMS08,98,14989,16141,0.99382163619202,0.0131807180994805,0.19295359,0.23081112,0.45154333,0.027778625
PEMS08,151,15821,16973,0.9938140501388452,-0.0409619458449026,0.36892033,0.11243296,0.12623978,0.60759306
PEMS08,46,14989,15565,0.9937938750915906,0.2715292035524673,0.677578,0.28079844,0.9419794,0.016397
PEMS08,157,15501,17229,0.9937918299593106,0.2420391777216861,0.046022892,0.40301275,0.03627348,0.41276217
PEMS08,11,14925,17229,0.9937813145782864,0.1356554352768953,0.33381176,0.456676,0.00016403198,0.79032373
PEMS08,67,15309,17613,0.9937622686272528,-0.1575537544629953,0.17597723,0.15526533,0.253345,0.07789755
PEMS08,152,15181,17485,0.9937516141426116,0.29891183096223,0.37016726,0.2747202,0.5118437,0.41639662
PEMS08,98,15501,17485,0.993746938408292,0.2573765638193281,0.27737188,0.8813143,0.16669464,0.77063704
PEMS08,101,14669,16333,0.9937310506203512,0.139347644846576,0.07369566,0.60953045,0.03311491,0.6501112
PEMS08,36,14669,17485,0.99372765423896,-0.0336814837421614,0.061742306,0.71921873,0.0018868446,0.65936327
PEMS08,130,15245,15821,0.9937144432777176,0.0690952794528229,0.28009033,0.22703981,0.3671255,0.14000463
PEMS08,36,14733,16461,0.993706167381876,0.0826748114128193,0.0827651,0.5551491,0.5797701,0.058144093
PEMS08,127,15821,17549,0.9936545300523298,0.2239574508593791,0.0730381,0.201581,0.058041573,0.21657753
PEMS08,0,14349,16077,0.9936531437596428,0.1700661016591136,0.18715525,0.014160633,0.07948637,0.25248098
PEMS08,92,15245,15821,0.993644741141397,0.0378081818686524,0.073200226,0.16936731,0.09004831,0.15251923
PEMS08,105,15885,17037,0.9936249742643952,0.0055840791015204,0.5534482,0.35143757,0.024704933,0.88018084
PEMS08,47,14989,16141,0.993622654919884,-0.0829663920318977,0.21877193,0.091852665,0.09514141,0.03177786
PEMS08,130,16397,16973,0.9936216137020284,0.0434269899032471,0.70862865,0.26591825,0.7296934,0.2448535
PEMS08,29,15501,17229,0.993616160443808,0.276465260088796,0.1788125,0.21546364,0.31094027,0.3475914
PEMS08,42,14669,16397,0.9935804870000208,-0.1269972918266201,0.047236443,0.24436188,0.09107494,0.20052338
PEMS08,168,14349,16653,0.9935803670653912,0.1827766492261558,0.31875038,0.76415396,0.15620661,0.6016102
PEMS08,7,14989,15565,0.9935639534025972,0.0531809248986129,0.055241108,0.29108143,0.0050053596,0.3513279
PEMS08,88,15245,15821,0.9935631897793952,0.2436247715765788,0.36144876,0.42118645,0.25343943,0.3131771
PEMS08,128,14733,16461,0.9934820845868708,0.1090164737463364,0.8793597,0.24936104,1.1889434,0.060222626
PEMS08,41,15565,17293,0.993478607523336,0.2312507873197615,0.1476283,0.2076931,0.071437836,0.28388357
PEMS08,158,15501,17229,0.993474335922588,-0.1597586361821394,0.68207645,0.90019083,0.2988658,0.5169802
PEMS08,53,14349,16653,0.9934683608579024,-0.0879799479014596,0.27636147,0.44638395,0.47460938,0.24813604
PEMS08,68,14989,16141,0.9934562529389316,0.2173947075639591,1.2120767,0.33739185,1.4307952,0.5561104
PEMS08,128,16333,17229,0.9934559891794498,0.0809351501107251,0.27574348,0.5811715,0.3442626,0.6496906
PEMS08,161,14669,15757,0.9934326818647452,-0.1317564911381882,0.4298277,0.08416891,0.49646997,0.1508112
PEMS08,113,14733,16781,0.993426143010948,0.2374543928496707,0.026554585,0.5864835,0.2962761,0.856205
PEMS08,38,15181,15757,0.9934186617707168,0.0957720307535418,0.027508736,1.9020457,0.089149,2.0187035
PEMS08,105,14925,15501,0.9934001986585874,0.0588801618525346,0.63836336,0.1625514,0.41109133,0.06472063
PEMS08,58,14925,17485,0.993384657196361,0.0544325419417481,0.49218178,0.56700563,1.0502806,0.008906841
PEMS08,32,14669,17485,0.9933693992602728,0.0663266086282722,0.21660852,0.6109247,0.10043955,0.49475574
PEMS08,27,16973,17549,0.9933580972287064,0.079586418996709,1.7079043,0.28961372,1.5738363,0.15554571
PEMS08,32,15565,17293,0.9933315397295416,0.2608372106003406,0.14262438,0.37155628,0.0005350113,0.51364565
PEMS08,107,16653,17485,0.9933271710288016,0.2027023249808999,0.07015467,0.502614,0.5563555,0.98881483
PEMS08,103,14989,15565,0.9933238770349856,0.2321947603923904,1.6274095,0.2712226,1.6545773,0.2440548
PEMS08,71,17037,17613,0.9933148058735258,0.0101870410129249,1.8334727,0.4484706,1.8342466,0.4476967
PEMS08,120,17037,17613,0.9932960103079236,0.0138078330084984,1.5591707,0.08067846,1.3119845,0.16650772
PEMS08,31,14605,16333,0.9932911829711136,0.0526839018280837,0.2264409,0.016978264,0.51976967,0.31030703
PEMS08,112,16077,17229,0.9932832778285612,-0.1372001722372964,0.045902252,0.96160746,0.08836508,0.8273401
PEMS08,43,14925,17485,0.9932489278523258,0.0456032209628159,0.074588776,0.13289356,0.29369688,0.5011792
PEMS08,53,16013,17165,0.993215272306746,0.1527109128136876,0.0891633,0.4143567,0.3968749,0.0716815
PEMS08,5,15757,17485,0.993214329450114,0.0705941764969616,0.11749697,0.20630074,0.034049034,0.054754734
PEMS08,136,14733,17421,0.993213146811042,-0.1282207231989255,0.7358203,0.73746014,0.5605402,0.56218004
PEMS08,14,15885,17613,0.9931893012674872,0.1332113602586646,0.25030088,0.15280867,0.1690321,0.23407745
PEMS08,152,14925,15501,0.9931829637243356,0.1295020510226508,0.8243828,0.250165,1.3212595,0.24671173
PEMS08,45,15821,16973,0.9931721656906578,-0.0818291990546735,0.21951342,0.063014984,0.3133502,0.0308218
PEMS08,165,14925,17229,0.9931705416427562,0.0793166441093185,1.2155132,0.806993,0.6880002,0.27947998
PEMS08,24,14989,15565,0.9931638749815715,-0.2032239669258374,1.809711,0.23927116,1.5979366,0.4510455
PEMS08,36,15501,17229,0.9931606106837344,0.2153334226823881,0.47128534,0.6722398,0.3572812,0.55823565
PEMS08,18,15757,16077,0.993149935539764,-0.0518672392009849,0.7610688,0.6218233,0.41300678,0.27376127
PEMS08,100,14477,16781,0.9931382907376386,0.0007776039518485,0.6465907,0.23564577,0.4294629,0.018517971
PEMS08,43,15885,17613,0.9931382900942124,0.194429485410411,0.027499199,0.22742987,0.062369347,0.3172984
PEMS08,157,14925,16077,0.993138141616461,-0.0331197816653414,1.128273,0.22969389,1.5049582,0.14699125
PEMS08,21,15309,17037,0.9931245985755226,0.2707985204618952,0.077952385,0.22987461,0.18124723,0.12657976
PEMS08,134,14733,17421,0.9931245495372024,0.2120781273208569,0.6739545,1.1793485,0.6274562,1.1328502
PEMS08,100,14989,15565,0.9931027363686704,0.1675075785860894,0.28261995,0.111650944,0.43967056,0.045399666
PEMS08,54,14925,17229,0.9930989434950837,0.2093259452593712,1.0961771,0.13785839,1.0013943,0.04307556
PEMS08,67,15565,16141,0.9930382683942248,0.229960917874165,0.18832159,0.031208038,0.16621208,0.053317547
PEMS08,31,14925,16077,0.9930356020253004,-0.1200600176952309,0.16882086,0.3785534,0.5432606,0.004113674
PEMS08,100,15885,17037,0.993012161715396,0.2827643223824502,0.6122303,0.9586749,0.6271057,0.9437995
PEMS08,31,15181,15757,0.9929881105780324,0.1371555676274268,0.0011930466,0.4407444,0.28887367,0.7308111
PEMS08,82,15309,17037,0.9929844190359716,0.1970453771451683,0.10408878,1.029141,0.08897734,1.0442524
PEMS08,161,15181,17485,0.9929523483500448,0.1680920272531159,0.9071431,1.1619692,0.77327013,1.0280962
PEMS08,36,14925,16077,0.9928949131636384,0.1998401115162515,0.4624443,0.4184966,0.7024765,0.17846441
PEMS08,87,14925,15181,0.992887713552172,-0.00471676688016,0.8420119,0.80472183,0.47010756,0.43281746
PEMS08,95,15181,17485,0.992873323788184,0.1512661737232003,0.16195202,0.42073536,0.12499666,0.45769072
PEMS08,111,15501,16077,0.9928701283205356,0.1636950654551465,0.6641736,0.5216732,0.6990156,0.4868312
PEMS08,97,14349,17229,0.9928628722572794,-0.0675527785240754,0.06852436,0.42100668,0.23837233,0.2511587
PEMS08,119,15821,17549,0.992854401489398,0.1438484229153131,0.18376017,0.34909916,0.3644662,0.16839314
PEMS08,68,14733,16461,0.9928299212854028,0.0527832074579345,1.0887952,0.22198486,0.7502861,0.56049395
PEMS08,3,17165,17741,0.9927825531027664,0.0098655427458575,0.07007551,0.3513875,0.46370745,0.042244434
PEMS08,47,15949,17677,0.992773230183108,0.1558427605020921,0.32011366,0.08045435,0.12564707,0.27492094
PEMS08,76,15501,17229,0.9927492776199082,0.1355883204286798,0.9079795,1.089056,0.743134,0.92421055
PEMS08,17,16461,16781,0.9927486404365278,0.1796698615583147,0.44187498,1.0215397,0.6088052,1.1884699
PEMS08,148,15181,15757,0.99273781805469,0.0954388624466521,0.35296965,0.85953045,0.55060196,0.66189814
PEMS08,104,15885,17037,0.992736324843928,0.2783542156709699,0.5448775,1.0024948,0.27748537,1.269887
PEMS08,0,14477,16781,0.9927312472695928,0.1403492329247273,0.22109747,1.013916,0.012310028,0.7805085
PEMS08,8,15501,16077,0.9927013182801164,0.1332103892698428,0.07003689,0.40230465,0.25033045,0.08193731
PEMS08,114,16461,17037,0.9926947031189962,0.096632229405678,0.2628398,0.29368162,0.06788969,0.48863173
PEMS08,160,14925,17229,0.9926739423279786,0.2025173270747849,1.0483112,0.25334406,1.0900364,0.29506922
PEMS08,29,16397,17549,0.992664260838568,-0.083151677813938,0.73848295,1.0179315,0.1503253,0.4297738
PEMS08,151,14989,16141,0.9926447620525526,0.2061789272262522,0.21017313,0.043005466,0.3018031,0.048624516
PEMS08,108,14733,15693,0.9926439016258144,-0.0990203272775063,1.3535552,0.980237,1.2823892,0.90907097
PEMS08,61,16333,17229,0.9926432049210188,-0.0058615757145445,1.0024595,0.78150463,0.7662697,0.5453148
PEMS08,121,16333,17229,0.9926432049210188,-0.0058615757145445,1.0024595,0.78150463,0.7662697,0.5453148
PEMS08,123,16333,17229,0.9926432049210188,-0.0058615757145445,1.0024595,0.78150463,0.7662697,0.5453148
PEMS08,122,16333,17229,0.9926432049210188,-0.0058615757145445,1.0024595,0.78150463,0.7662697,0.5453148
PEMS08,125,16333,17229,0.9926432049210188,-0.0058615757145445,1.0103784,0.7914429,0.77626896,0.55733347
PEMS08,64,16333,17229,0.9926432049210188,-0.0058615757145445,0.40350962,2.5611377,0.3354535,2.6291938
PEMS08,80,16333,17229,0.9926432049210188,-0.0058615757145445,1.0024595,0.78150463,0.7662697,0.5453148
PEMS08,142,16333,17229,0.9926432049210188,-0.0058615757145445,1.0024595,0.78150463,0.7662697,0.5453148
PEMS08,48,16333,17229,0.9926432049210188,-0.0058615757145445,1.0024595,0.78150463,0.7662697,0.5453148
PEMS08,141,16333,17229,0.9926432049210188,-0.0058615757145445,1.0024595,0.78150463,0.7662697,0.5453148
PEMS08,126,16333,17229,0.9926432049210188,-0.0058615757145445,1.0161138,0.81785965,0.7456751,0.547421
PEMS08,124,16333,17229,0.992642768353904,-0.0027194153028522,1.0152698,0.7643633,0.7492037,0.4982972
PEMS08,65,15181,17229,0.9926311710453556,0.0533907095686041,0.6500459,0.94294834,0.7918711,1.0847735
PEMS08,26,15245,17549,0.9926292456110144,0.2080954085138173,0.42218733,0.1890459,0.4693327,0.14190054
PEMS08,69,15181,17485,0.9926220922093456,0.1737022937248702,0.42583418,0.17163229,0.19031668,0.78778315
PEMS08,86,14925,15181,0.9925879062539136,0.2210984731879839,0.53665733,0.79138136,0.028537273,0.2832613
PEMS08,20,16077,16653,0.9925228693813776,-0.0226941803133429,0.13483,0.026135445,0.06584597,0.042848587
PEMS08,58,15309,17613,0.9925190604189772,0.2108834353443425,0.08301306,0.05618286,0.32398605,0.18479013
PEMS08,119,14925,15501,0.992511367577465,0.1238130586512537,0.41517544,0.15029478,0.8269696,0.2614994
PEMS08,35,14925,15501,0.9925036933753824,-0.1408631604671166,0.3572569,0.3530321,0.6567111,0.6524863
PEMS08,150,16653,17485,0.9924874581219766,0.220346087565967,0.3581133,0.22960758,0.3111019,0.27661896
PEMS08,137,15501,17229,0.9924841357393211,0.1842400267155625,0.36985874,0.759439,0.021805763,0.411386
PEMS08,6,16461,16781,0.9924744063889132,0.0589692012210023,0.40079975,0.30921507,0.3832512,1.093266
PEMS08,63,15181,15757,0.9924631010594238,0.1587940187739527,0.65811634,0.52723694,0.4581232,0.3272438
PEMS08,154,15501,16333,0.9924471951060256,0.2602282602237607,0.4819069,0.58315086,0.81067085,0.9119148
PEMS08,62,15501,16333,0.9924471951060256,0.2602282602237607,0.509686,0.61101246,0.81269026,0.9140167
PEMS08,109,15501,16333,0.9924471951060256,0.2602282602237607,0.509686,0.61101246,0.81269026,0.9140167
PEMS08,149,15501,16333,0.9924471951060256,0.2602282602237607,0.5096855,0.61101294,0.8126888,0.91401625
PEMS08,72,15565,17293,0.9924232415961244,-0.1125676175751939,0.21280718,0.23113537,0.13222933,0.31171322
PEMS08,153,16333,17229,0.9924134410476312,0.006330405653533,1.0168014,0.77322483,0.7192092,0.47563267
PEMS08,46,14477,16781,0.9923998155140776,0.0873569693027178,0.036201477,0.6805315,0.1579709,0.80230093
PEMS08,30,15245,15821,0.9923664064891468,0.0194963179466649,0.08603859,0.09931278,0.17293406,0.012417316
PEMS08,60,16333,17229,0.9923531335519746,0.0012290002343042,1.0474133,0.7839403,0.7538519,0.49037886
PEMS08,84,16333,17229,0.9923531335519746,0.0012290002343042,1.0174041,0.7852707,0.74580336,0.51366997
PEMS08,73,16333,17229,0.9923531335519746,0.0012290002343042,1.0174041,0.7852707,0.74580336,0.51366997
PEMS08,55,16333,17229,0.9923531335519746,0.0012290002343042,1.0174041,0.7852707,0.74580336,0.51366997
PEMS08,159,16333,17229,0.9923531335519746,0.0012290002343042,1.0174041,0.7852707,0.74580336,0.51366997
PEMS08,81,16333,17229,0.9923531335519746,0.0012290002343042,1.0174041,0.7852707,0.74580336,0.51366997
PEMS08,70,16333,17229,0.9923531335519746,0.0012290002343042,1.0174041,0.7852707,0.74580336,0.51366997
PEMS08,83,16333,17229,0.9923531335519746,0.0012290002343042,1.0174041,0.7852707,0.74580336,0.51366997
PEMS08,152,14349,16077,0.9923134224218976,0.0355306153483101,0.16835165,0.0036153793,0.2748866,0.10291958
PEMS08,118,14989,16141,0.9923016895377,-0.085407496079649,0.41372156,0.2510214,0.31696033,0.15426016
PEMS08,2,14477,16781,0.9922918540714486,0.2187571110077747,0.19993544,0.010171413,0.018838882,0.19126797
PEMS08,32,15885,17613,0.9922859490847772,0.1229354825922392,0.18938208,0.3347783,0.36788988,0.1562705
PEMS08,52,15181,15757,0.9922788294393882,-0.0762431314488701,0.691031,0.3036089,0.703331,0.3159089
PEMS08,11,15309,17613,0.9922759083472964,0.1200443058276633,0.29139423,0.26200485,0.057970047,0.028580666
PEMS08,97,15757,16333,0.992269461951648,0.2833966068441457,0.23385286,0.35831165,0.29693365,0.29523087
PEMS08,31,15821,16973,0.992268320315193,-0.1658817853713366,0.006667137,0.027650833,0.074008465,0.039690495
PEMS08,74,15501,16333,0.9922594415153072,0.2571288370147856,0.47724628,0.540503,0.78689766,0.8501544
PEMS08,131,15501,16333,0.9922594415153072,0.2571288370147856,0.47724628,0.540503,0.78689766,0.8501544
PEMS08,50,15501,16333,0.9922594415153072,0.2571288370147856,0.47724628,0.540503,0.78689766,0.8501544
PEMS08,144,15501,16333,0.9922594415153072,0.2571288370147856,0.50837946,0.5618963,0.8406277,0.89414454
PEMS08,91,15501,16333,0.9922594415153072,0.2571288370147856,0.47724628,0.540503,0.78689766,0.8501544
PEMS08,145,15501,16333,0.9922594415153072,0.2571288370147856,0.46517086,0.546896,0.79113436,0.8728595
PEMS08,51,15501,16333,0.9922594415153072,0.2571288370147856,0.47724628,0.540503,0.78689766,0.8501544
PEMS08,115,15501,16333,0.9922594415153072,0.2571288370147856,0.47724628,0.540503,0.78689766,0.8501544
PEMS08,116,15501,16333,0.9922594415153072,0.2571288370147856,0.55593204,0.60419893,0.85604954,0.9043164
PEMS08,85,15501,16333,0.9922594415153072,0.2571288370147856,0.44906473,0.52352524,0.7206874,0.7951479
PEMS08,75,15501,16333,0.9922594415153072,0.2571288370147856,0.47724628,0.540503,0.78689766,0.8501544
PEMS08,90,15501,16333,0.9922594415153072,0.2571288370147856,0.47724628,0.540503,0.78689766,0.8501544
PEMS08,99,15181,15757,0.9922526466481684,0.1535186288204189,0.3968258,0.7189398,0.31484938,0.8009162
PEMS08,6,15309,17613,0.9922291154090476,0.233663226361959,0.47203445,0.23200846,0.22765112,0.4763918
PEMS08,71,15181,16077,0.9922010579586468,-0.3988270304661815,1.561719,0.49543238,1.6530638,0.5867772
PEMS08,59,15693,16781,0.9921570550565436,0.0721956630397155,0.35798073,1.1649776,0.100097656,1.4228606
PEMS08,22,15821,16973,0.9921404466746352,-0.0232651350748464,0.0912981,0.057552814,0.16821957,0.31707048
PEMS08,39,15821,16973,0.9921343787810504,-0.1295920842607242,0.283885,0.5204401,0.07013416,0.73419094
PEMS08,110,15757,17485,0.9921188869695212,-0.0184401447165012,0.04546261,0.51259804,0.49755287,0.060507774
PEMS08,120,14925,15501,0.992112156690557,0.1062490853975007,0.92227554,0.28882313,1.0681901,0.14290857
PEMS08,32,15181,16333,0.9921054742385604,0.2009360436301659,0.25723553,0.17626953,0.5572252,0.12372017
PEMS08,130,15309,17037,0.9921002159569036,0.1472291851434263,0.02366972,0.26446867,0.03550434,0.32364273
PEMS08,129,15757,17485,0.9920511355575816,-0.0476549163593214,0.34029484,0.4880638,0.03604889,0.111720085
PEMS08,165,15181,15757,0.9920473218085682,0.2578392980553629,0.06853819,0.9728532,0.56852865,1.4728436
PEMS08,6,16973,17549,0.992044331874974,0.1542568285154023,0.85292673,0.40403175,0.38109303,0.06780195
PEMS08,155,15181,15501,0.9920349720570992,-0.1279110839577465,1.1266432,2.2818823,0.8188715,1.9741106
PEMS08,76,15629,17357,0.9920004281648378,0.2768646470293536,0.0064873695,0.17478609,0.031433105,0.19973183
PEMS08,63,14605,14669,0.9920004256061395,-0.1447072609595353,1.8189349,0.08294153,1.653985,0.08200836
PEMS08,113,15885,17613,0.9919969330832908,0.2803563002752797,0.0018720627,0.017394066,0.09261274,0.11187887
PEMS08,133,15565,17293,0.991995573063224,0.0752232410370565,0.66405916,0.7472582,0.4629383,0.94837904
PEMS08,52,16653,17741,0.9919521418213696,-0.0404886881381296,0.58952427,0.71743536,0.7796898,0.9076009
PEMS08,156,15501,17229,0.991951487971,-0.094856722276202,0.7355337,0.4911604,0.45412254,0.20974922
PEMS08,2,15245,15821,0.99195044469971,0.1815090999486487,0.17785501,0.05682373,0.15867281,0.076005936
PEMS08,100,15821,17549,0.9919472067625716,0.0706430738347014,0.16666746,0.086871624,0.036681175,0.11647701
PEMS08,95,15821,16973,0.9919151544384603,0.1301263076114028,0.0926919,0.08340454,0.010189056,0.019476414
PEMS08,157,15821,17549,0.9918992735912666,0.1944890865802296,0.060793877,0.10069895,0.1937809,0.032288074
PEMS08,58,15885,17037,0.991885885265642,-0.0972998574875344,0.138134,0.35288095,0.26376772,0.47851467
PEMS08,20,14349,15757,0.9918808902878168,0.0127302090400327,0.0962491,0.075763226,0.034544468,0.2065568
PEMS08,54,15437,17165,0.9918632077694882,0.1991490214626677,0.24088383,0.42201376,0.15365887,0.027471066
PEMS08,69,16973,17549,0.991843534907508,-0.2081217402940363,0.088161945,0.3359599,0.26952553,0.021727562
PEMS08,168,16333,17485,0.9918156121771504,-0.0615929398338237,0.12696695,0.17346954,0.07461214,0.12111473
PEMS08,148,15629,16205,0.991750132859199,0.1008672564422836,0.19482136,0.038508892,0.063750744,0.1695795
PEMS08,82,14669,16397,0.991716182813806,0.0296227573511406,0.2879548,0.2945428,0.16186142,0.15527344
PEMS08,42,15181,17229,0.99169890337399,0.0366769960924472,0.9779916,0.97005415,1.0038648,0.99592733
PEMS08,112,15309,17613,0.9916710164812964,0.1531328448679261,0.4689803,0.2816534,0.5874405,0.16319323
PEMS08,39,16077,17229,0.991660100184359,0.1610749479838986,0.008582592,0.17313099,0.023312569,0.18786097
PEMS08,78,14925,15501,0.99165124860534,-0.1446087279843541,0.5109477,0.18161583,0.41122484,0.08189297
PEMS08,19,15757,16653,0.9916320283757352,-0.0271787458795107,0.75632143,0.42030525,1.0106668,0.16595984
PEMS08,11,15501,16077,0.9916257844505736,0.2527084912672843,0.09943056,0.12516785,0.08645058,0.11218786
PEMS08,127,14349,16653,0.9916178978226624,-0.0598960723180413,0.09407425,0.37944698,0.017840862,0.3032136
PEMS08,137,14669,16333,0.9916164962373234,0.1979001601459908,0.5229635,0.3947034,0.66141367,0.53315353
PEMS08,52,17357,17485,0.9916145454607956,0.2225306504863504,0.32830524,0.5669527,0.2810321,0.51967955
PEMS08,56,14349,15181,0.9915986851057218,-0.2142211207541995,1.1155772,0.45608807,1.293117,0.6336279
PEMS08,158,14733,16461,0.991593110004792,0.1032196651742346,0.34549522,0.015222073,0.12386131,0.45413446
PEMS08,118,15885,17037,0.9915923580810264,0.1527495635663181,0.19855595,0.42867374,0.22755003,0.45766783
PEMS08,128,15885,17037,0.9915791176893975,0.0809198007966272,0.07543373,0.98195314,0.085460186,0.9719267
PEMS08,20,15053,17357,0.991537061743238,-0.0312452791995626,0.3428111,0.42068148,0.56031084,0.20318174
PEMS08,26,14925,16077,0.9915285842382672,-0.1206312970253606,0.36208153,0.27329874,0.60685205,0.51806927
PEMS08,118,15181,17485,0.991520826858501,0.0746102975259462,0.45055294,0.14625597,0.24878597,0.055510998
PEMS08,96,14925,17229,0.9915194984214766,0.1666213720124228,1.2181783,0.138237,1.3701072,0.2901659
PEMS08,86,15053,15629,0.9914998732466528,0.1027223324848056,0.562315,0.4109993,0.534863,0.3835473
PEMS08,17,14925,16909,0.991445549104507,0.155272951052442,0.7151928,0.44948053,0.8701458,0.60443354
PEMS08,58,14733,16461,0.9914390015915004,-0.2772070568202509,0.092990875,0.034722805,0.1520648,0.27977848
PEMS08,45,14733,16461,0.9913962928260112,0.2171393211273182,0.09214449,0.12713051,0.13641787,0.10143185
PEMS08,2,15501,17229,0.9913961626248295,0.0803505841044029,0.5069628,0.83145,0.24258137,0.5670686
PEMS08,40,14669,15757,0.991394870463704,0.1277686708091155,0.08376646,0.5810485,0.46641874,0.9637008
PEMS08,160,14669,15181,0.9913915681748378,-0.0596181145444752,0.123039246,0.8547039,0.005923748,0.9718194
PEMS08,161,17165,17741,0.9913897135881884,0.190345108252796,0.011365414,0.7381091,0.34664154,0.38010216
PEMS08,63,14925,16077,0.9913747080971088,-0.0018327017841855,0.9526882,0.08628321,1.289989,0.25101757
PEMS08,5,17037,17613,0.9913684579253318,0.1753370975205305,0.97353125,0.29351664,0.87488174,0.19486713
PEMS08,92,15309,17613,0.9913318689547792,0.0662302901438169,0.05696869,0.23814535,0.20547676,0.08963728
PEMS08,113,15565,17293,0.9913266476221284,-0.0257829579591007,0.13258314,0.2469759,0.062562466,0.31699657
PEMS08,39,17037,17613,0.9912839141398266,-0.1253996453007571,0.96675587,0.060219288,0.58665943,0.44031572
PEMS08,76,14349,16077,0.9912774750137596,0.0178490453255317,0.030437946,0.27174187,0.2098794,0.031424522
PEMS08,165,16141,17293,0.9912763280790536,0.0922544068525901,0.10102224,0.37222767,0.24039078,0.23285913
PEMS08,158,14349,16077,0.9912700284980082,-0.0653157893071909,0.23073483,0.20902777,0.028553963,0.05026102
PEMS08,32,15245,16973,0.991264577879811,0.1456039876028524,0.50978947,0.012770653,0.5177989,0.004761219
PEMS08,12,17037,17613,0.9912596194768116,0.1352746569463258,1.109674,0.08753109,0.81829166,0.20385122
PEMS08,46,15053,15629,0.9912418082513283,0.2519556928358337,0.43701363,0.19688559,0.53131104,0.291183
PEMS08,3,15501,16077,0.9912356375618752,0.1086707667450763,0.124782085,0.08919859,0.055288315,0.15869236
PEMS08,44,15501,17229,0.9912354788899524,0.000569445992854,0.5911765,0.46233845,0.7663431,0.63750505
PEMS08,165,15501,16077,0.9912289606561908,0.1016993528907154,0.25082016,0.10051489,0.050346375,0.20065165
PEMS08,112,14925,16653,0.99122196172783,0.0031250920972178,0.3099308,0.043500423,0.420269,0.15383863
PEMS08,78,14605,14669,0.991219299455419,-0.1706317423528066,0.58171177,1.0485544,0.8070793,1.273922
PEMS08,21,16461,17421,0.9912149177372463,0.2968351003205475,0.85256386,0.68238115,1.1210136,0.95083094
PEMS08,38,16397,16973,0.9912000563280734,-0.1512984821812646,0.5908632,0.11098385,0.8974037,0.19555664
PEMS08,95,15309,17037,0.9911588809054988,-0.0429296898557099,0.31846094,0.77547646,0.03501892,0.49203444
PEMS08,129,14349,15501,0.991118627450915,0.2845590686187772,0.17766142,0.20097923,0.11223221,0.13555002
PEMS08,52,15501,16077,0.9911151890780084,0.0377132513523192,0.12335539,0.1254673,0.17830753,0.070515156
PEMS08,69,14989,16141,0.991097827922754,0.0559125251591216,0.24105167,0.5708003,0.07052851,0.40027714
PEMS08,67,14733,16461,0.9910799716925784,-0.2069517645638493,0.18647909,0.15160131,0.32165575,0.016424656
PEMS08,102,14605,14669,0.9910784221819432,0.0564211580507236,0.3713441,0.5704026,0.38118696,0.5802455
PEMS08,6,14349,14925,0.9910703388892796,0.0826625165896172,0.40940332,1.1555643,0.20751238,0.95367336
PEMS08,17,15565,17293,0.991056649294976,0.1005446511347765,0.15019274,0.59850025,0.38837194,0.36032104
PEMS08,104,16653,17229,0.9910543666111872,0.1501715194714001,0.14868212,0.08246422,0.30588531,0.07473898
PEMS08,119,14477,16781,0.9910514548884818,0.158227170781844,0.06145048,0.21485424,0.09191179,0.18439293
PEMS08,132,15309,15885,0.9910434290863755,0.1706483476461654,0.02660513,0.29709053,0.12084103,0.14964437
PEMS08,143,16333,17485,0.991026708214076,0.2734984805484851,0.41985035,0.62405443,0.38072395,0.6631808
PEMS08,47,15821,17549,0.9910228158742416,-0.0067859166941974,0.022094727,0.103251934,0.13555765,0.054400444
PEMS08,152,14477,16781,0.99099572158931,0.2821361083119976,0.42902517,1.25847,0.64008284,1.0474124
PEMS08,59,14925,15181,0.9909854481426744,0.2052533191691457,1.0800743,0.3746853,0.79098225,0.08559322
PEMS08,45,14349,17485,0.9909785969202268,-0.0695034671850921,0.23479605,0.36598778,0.19720936,0.3284011
PEMS08,67,15885,17037,0.9909708246630548,0.0555355678935318,0.011824608,0.6607008,0.011347294,0.6375289
PEMS08,40,14733,14989,0.9909490462654554,-0.0191252453852559,0.8304062,0.52221775,1.1880312,0.87984276
PEMS08,22,15501,17485,0.9909027204890056,-0.1185817381198557,0.5378227,0.55637455,0.42612076,0.44467258
PEMS08,63,16461,16781,0.9908865590978624,-0.1441342919056949,0.030780792,1.7013807,0.38745928,2.0580592
PEMS08,21,15245,17549,0.9908781527582058,0.102160516674118,0.10545111,0.2505374,0.17377567,0.18221283
PEMS08,119,17229,17485,0.9908574450699028,0.1114569561326279,0.17345142,0.9501252,0.46867657,1.2453504
PEMS08,82,14925,17485,0.9908395571148048,0.0152582860482259,0.20644808,0.1862464,0.12622786,0.26646662
PEMS08,106,16077,17485,0.9908214899697438,-0.0360304590453104,1.0339079,0.32262516,1.0065055,0.29522276
PEMS08,21,14669,15501,0.9908175517343824,0.0673605862409323,0.07102299,0.423409,0.5677471,0.9201331
PEMS08,19,15501,17229,0.9907978531585566,0.2059024999656445,0.5273924,0.3853693,0.48303986,0.34101677
PEMS08,32,15629,17357,0.9907923268620152,0.191747403460656,0.26577282,0.22932959,0.3958621,0.0992403
PEMS08,139,17037,17613,0.9907892345854756,0.0917784745977492,0.2791772,0.6965418,0.26522875,0.68259335
PEMS08,162,15117,16461,0.9907889492303236,0.0012029083676704,1.1415977,0.42469406,1.389997,0.6730933
PEMS08,63,16013,17165,0.9907779113655256,0.1312328275870545,0.14361954,0.6305666,0.25690222,0.23004484
PEMS08,23,16397,16973,0.9907647319837352,0.0398876106171244,0.589283,0.57915545,0.12632465,0.11619711
PEMS08,46,14669,15181,0.9907559828616448,0.0770294242932564,0.23865795,0.996099,0.34681368,1.1042547
PEMS08,146,15501,16333,0.9907065295849464,-0.2927758430530616,0.0352273,0.10289574,0.56873703,0.5010686
PEMS08,151,14349,16653,0.990661195130168,-0.0637147593302561,0.22518682,0.28034115,0.158607,0.21376133
PEMS08,59,16077,17229,0.990634520969142,-0.1714989339954135,0.061431885,0.23428726,0.06492424,0.2307949
PEMS08,31,14733,16461,0.990620983517878,0.1538408707819444,0.31678295,0.041554928,0.21532774,0.14301014
PEMS08,32,14349,16653,0.9905903279881104,-0.2049052478637242,0.28162146,0.6708422,0.2696724,0.6588931
PEMS08,4,15245,17549,0.9905703528240472,0.1909302394728534,0.3309288,0.057840347,0.2489667,0.024121761
PEMS08,23,14349,16653,0.9905691068043158,0.1398624777495201,0.17655802,0.4622469,0.03885269,0.5999522
PEMS08,140,14925,16333,0.990535914025566,-0.1455761036341469,1.0449376,0.05205059,1.1193137,0.022325516
PEMS08,43,15821,16973,0.9905195181225585,0.1300325232849471,0.015388489,0.33640575,0.11694622,0.4379635
PEMS08,93,14669,17229,0.9905006241431548,-0.067703412300635,0.0887866,0.27003002,0.020263195,0.37907982
PEMS08,65,14669,16397,0.9904999718246292,0.0177909456474517,0.27503395,0.5034623,0.29548836,0.067059994
PEMS08,139,15501,16077,0.9904798886510666,0.0043719512397766,0.2579584,0.25440598,0.08019638,0.08374882
PEMS08,13,14669,15181,0.9904449155348268,-0.0246438822461949,0.059527397,0.7208786,0.5282116,0.13313961
PEMS08,134,14669,17485,0.9904209517779512,-0.0043096234507007,0.020356178,1.3161402,0.26365948,1.6001558
PEMS08,105,15181,17485,0.9904141513998328,0.1238659816331906,0.32476997,0.21466112,0.37994432,0.26983547
PEMS08,163,14349,17229,0.990413627230302,0.0195639488341091,0.5021663,0.032755375,0.46378136,0.0056295395
PEMS08,150,14989,17293,0.990410334523762,0.2819069955072875,0.3584714,0.16228485,0.5395894,0.01883316
PEMS08,102,14349,16077,0.9903405903424602,0.1663113507806865,0.9703822,0.526031,1.0614076,0.43500566
PEMS08,34,16397,17229,0.990280658007533,0.0283938878555077,0.12910795,0.57062006,0.22014761,0.4795804
PEMS08,129,14669,16397,0.9902538920560944,0.0868690003381664,0.5942025,0.5695896,0.21061039,0.18599749
PEMS08,164,16973,17549,0.9902475244893733,0.1282659802244677,0.42289877,0.2990737,0.1675272,0.043702126
PEMS08,18,17037,17613,0.9902468644975704,0.1712697724328872,1.5791721,0.662024,0.8765559,0.040592194
PEMS08,30,14669,16397,0.9902168420082254,0.1187793391552961,0.07516003,0.20853567,0.26550055,0.018195152
PEMS08,58,14989,15565,0.9901981381467564,-0.0694243043867296,0.043277264,0.2398324,0.112051964,0.3086071
PEMS08,117,14669,15757,0.9901508215505972,0.288021941217375,0.26225042,0.75692177,0.17939138,0.8397808
PEMS08,129,15885,17613,0.990139359102048,0.0160098554351336,0.013269901,0.14308739,0.17707396,0.04725647
PEMS08,8,14669,17485,0.9901315206347434,0.1068038938408444,0.0020518303,0.09026909,0.5661073,0.65432453
PEMS08,143,15181,15757,0.9901095318961104,0.1098654142215444,0.7179928,0.22135973,0.64092064,0.14428759
PEMS08,135,15629,16205,0.9900938546290036,0.0922950792705535,0.05201292,0.48221207,0.23710012,0.19309902
PEMS08,53,14605,15757,0.9900832446855748,-0.0029612992696749,0.51882935,0.26337528,0.55176544,0.29631138
PEMS08,34,15181,17485,0.9900438823485124,0.1556270346226049,0.2594285,1.1634302,0.21025944,1.1142612
PEMS08,94,15181,16333,0.9899689389957802,-0.2130801107925568,0.46916437,0.027521133,0.60274935,0.10606384
PEMS08,32,15821,17549,0.9899663533599058,0.0970720635613553,0.045993805,0.10659695,0.107337,0.045253754
PEMS08,160,15821,16973,0.9899662312734756,0.001681648123756,0.051561832,0.6110854,0.0031619072,0.66580915
PEMS08,32,15309,17037,0.9899437627172398,0.2252742526188595,0.09610319,0.9841075,0.17868614,1.0666904
PEMS08,2,14669,16333,0.9899389955022396,0.0369048344980819,0.07022524,1.0828619,0.24272156,1.3958087
PEMS08,68,16077,16333,0.989926362403391,-0.0748045903929619,0.0056705475,0.34093714,0.31000185,0.65660954
PEMS08,88,16461,16781,0.9898751821288848,0.0752402880361742,0.15866756,0.22846365,0.057369232,0.12716532
PEMS08,30,14733,16461,0.9898742603077574,0.0020032727120787,0.3935156,0.36517525,0.4410777,0.31761312
PEMS08,69,15693,16781,0.9898725055577338,0.0413848140660295,0.36185408,0.9544387,0.042850494,1.2734423
PEMS08,9,14733,16461,0.989847328031564,0.0606038244612734,0.12681055,0.014420986,0.10585022,0.035381317
PEMS08,19,15629,17357,0.9898410307256644,0.0022259013389006,0.5929704,0.70034647,0.8388319,0.45448494
PEMS08,57,14285,16653,0.9898408079725832,-0.0675018732198859,0.74760103,0.28207016,0.8631449,0.397614
PEMS08,146,15885,17037,0.9898378218694472,0.2042119149147146,0.8800802,1.3761358,0.5411868,1.7150292
PEMS08,4,14477,16781,0.9898371713805806,0.2710920195552349,0.72895,0.50805235,0.64042616,0.41952848
PEMS08,146,14669,15757,0.9898358582403844,-0.1213016935626742,0.26801348,0.74394083,0.10675812,0.9051962
PEMS08,33,14989,16141,0.9898341943705646,0.1139454499556932,1.0628333,0.099699974,0.9215555,0.041577816
PEMS08,8,14733,16461,0.989829103777902,0.2408238580907705,0.56644106,0.08596897,0.094537735,0.38593435
PEMS08,11,15245,17549,0.989816093296616,0.2883223502222001,0.03943777,0.14973497,0.2749548,0.08578205
PEMS08,59,16973,17549,0.9898142720384842,0.1691565618726921,0.13249254,0.19215441,0.06315088,0.0034890175
PEMS08,114,14669,16333,0.9898104521993824,0.0868812054049158,0.039000034,1.0411611,0.18865013,1.1908112
PEMS08,104,15821,17549,0.9898056894769977,0.1786545891028208,0.13797808,0.13498783,0.15449,0.15748024
PEMS08,97,15437,16013,0.9897661984547136,0.2682624859612175,0.0025897026,0.052283764,0.17988777,0.23476124
PEMS08,37,15757,17485,0.9897504175273794,-0.1171425670907392,0.03060484,0.16703892,0.051117897,0.14652586
PEMS08,30,15565,16141,0.9897173114692808,0.1727951007950363,0.11089897,0.01896286,0.036190987,0.055745125
PEMS08,128,15437,17165,0.9897060510200418,-0.0680834029341723,0.26882505,0.028378487,0.29030085,0.0069026947
PEMS08,113,14989,16141,0.9896963815939714,0.1180555181413431,0.13145447,0.107861996,0.5229039,0.28358746
PEMS08,167,15565,17293,0.9896910742407242,0.1587395333749378,0.13178873,0.5945029,0.052341938,0.6739497
PEMS08,53,16973,17549,0.9896587692847651,0.007738868300467,0.2649021,0.29213572,0.17275667,0.14552307
PEMS08,134,16973,17549,0.9896580339781044,0.1594025507589535,0.24546576,0.39217424,0.069301605,0.07740688
PEMS08,21,14989,15053,0.9896486489015816,0.119804535843851,0.6746192,1.846798,0.7691493,1.941328
PEMS08,165,14733,16461,0.9896465377626,0.16334617098167,0.1547842,0.6860404,0.11429167,0.64554787
PEMS08,1,15757,17485,0.9896317087118957,0.146823197427188,0.055998802,0.04495001,0.18652964,0.085580826
PEMS08,120,16973,17549,0.9896269402755168,0.1256788256881111,0.011981964,0.14515638,0.1298666,0.0033078194
PEMS08,78,14989,15885,0.9895935321742516,-0.0289288943432931,1.7211146,0.22847748,1.559545,0.06690788
PEMS08,167,14925,17485,0.989565167487008,-0.0264870934124362,0.35650778,0.017470837,0.3204751,0.01856184
PEMS08,157,14669,15181,0.9895600504113377,0.0885240824794375,0.27979898,0.54461145,0.74163246,0.08277798
PEMS08,158,15757,16397,0.9895537888849192,0.1300073985575515,0.6746578,0.3194108,0.20700788,0.14823914
PEMS08,111,15245,15821,0.9895498388830488,0.0278401154817345,0.12809038,0.1357522,0.06274748,0.05508566
PEMS08,151,15757,17485,0.9895262156397204,0.1960015059454875,0.06265068,0.10712385,0.06626415,0.021790981
PEMS08,151,14925,16077,0.9895218287687296,0.1520818785273653,0.9749999,0.42608356,1.40976,0.008676529
PEMS08,97,15245,17549,0.989510279137784,0.0733732418228329,0.03143692,0.008354664,0.1177454,0.15753698
PEMS08,157,15437,17741,0.98950978735664,0.2479329386815925,0.47042227,0.0151081085,0.06906605,0.3862481
PEMS08,100,15245,16973,0.9895058845356624,0.0135396499968417,0.06855965,0.32042742,0.09076643,0.29822063
PEMS08,29,15821,16973,0.9895047014273188,0.2568383565642095,0.069624424,0.13261461,0.29254436,0.22955418
PEMS08,164,15437,17165,0.989493233142641,-0.1332375513490132,0.075311184,0.5281844,0.089316845,0.36355639
PEMS08,114,14925,17229,0.9894889694258048,-0.0067752847680074,0.19313383,0.33247948,0.12653923,0.26588488
PEMS08,65,15501,16077,0.9894785400624708,-0.0045120568160575,0.11643696,0.3381734,0.37625408,0.15451765
PEMS08,11,14669,16397,0.9894762059720758,0.2052694898466095,0.54204607,0.5187483,0.050932407,0.02763462
PEMS08,44,14925,16077,0.9894575241292424,0.104214402684667,0.5381961,0.0646801,0.8251748,0.35165882
PEMS08,152,15245,15821,0.989457104071474,0.1915228967751589,0.4399314,0.3091936,0.47698402,0.27214098
PEMS08,143,14669,15501,0.9894500844898818,0.0610969249570966,0.7980828,0.87639856,0.80476284,0.8830786
PEMS08,17,14349,16653,0.9894484601692513,0.1083701125454013,0.30484962,0.63031435,0.067269325,0.2581954
PEMS08,56,16141,17293,0.9894201533340882,0.1062126009736105,0.4946785,0.9072833,0.30752707,1.0944347
PEMS08,161,14349,15501,0.9894174933665628,0.0119750733867057,0.47398043,0.07093048,0.107112885,0.43779802
PEMS08,148,14925,16333,0.989415435696294,0.0764159237233728,0.2863269,0.34087467,0.55253077,0.07467079
PEMS08,26,14477,16781,0.9893890513144548,-0.1227537631389447,0.28953075,0.7420945,0.41922712,0.61239815
PEMS08,85,14733,17101,0.9893683872051352,0.0409472509749062,0.6452961,2.073483,0.82915497,2.2573419
PEMS08,0,15245,17549,0.9893619480142494,0.2061041997759168,0.49413967,0.066224575,0.50796413,0.08004904
PEMS08,65,14733,16461,0.9893526213893078,0.0386709063431761,0.133358,0.06345892,0.11192751,0.08488941
PEMS08,118,15309,17613,0.9893361230439875,-0.0134289413788881,0.018366814,0.47462988,0.3520894,0.10417366
PEMS08,59,14733,16461,0.9893332137808492,-0.2192728177169935,0.0980711,0.37509394,0.10231733,0.3708477
PEMS08,92,15501,17229,0.9893263026367496,0.1428052633138662,0.054699898,0.14608526,0.2189374,0.018152237
PEMS08,10,14925,15501,0.9892921396576404,0.2772017540883851,0.049586773,0.43976974,0.5407319,0.9309149
PEMS08,87,15501,16077,0.9892841300778872,0.1060057628355816,0.121109486,0.17123508,0.08394718,0.033821583
PEMS08,38,14669,17485,0.989263141850524,-0.0696582698802911,0.57601357,0.9757514,0.4673581,0.86709595
PEMS08,136,15565,17293,0.9892424113117442,-0.0014479609832263,0.264647,0.21879053,0.21056795,0.2728696
PEMS08,43,15565,17293,0.9892182747146044,0.2545327031045288,0.031690598,0.29248667,0.10910654,0.4332838
PEMS08,139,15757,17485,0.9892122330057438,-0.0398263212864477,0.14388657,0.7114568,0.32412624,0.5312171
PEMS08,161,14925,17229,0.9892087587088316,-0.0792521847674754,0.6186404,0.03746414,0.6594057,0.07822943
PEMS08,63,15245,17549,0.9892018893345976,0.0822266174214557,0.122478485,0.0939765,0.1484294,0.11992741
PEMS08,146,15309,17613,0.9891959594223716,0.218746924327843,1.2090144,0.5084567,0.90910053,0.20854282
PEMS08,44,14733,17293,0.989170124393326,-0.1168428056673377,0.61665106,0.5068903,0.09673214,0.2064929
PEMS08,89,15181,17485,0.9891684382874776,0.0830715669905901,0.48128223,0.91229343,0.5007515,0.9317627
PEMS08,0,14925,17229,0.989158578574293,-0.168335918235729,0.85545444,0.34252262,0.7061634,0.19323158
PEMS08,42,14733,16461,0.9891341360238702,0.2213910532115234,0.12660456,0.32072496,0.33262968,0.11469984
PEMS08,72,14925,16077,0.9891279127213358,-0.4275287509851966,0.17574549,0.029263973,0.08121872,0.065262794
PEMS08,3,16461,16781,0.9891215771464544,-0.2602958913886095,0.22727728,1.8555927,0.30255604,1.780314
PEMS08,103,15181,17485,0.98910715427763,0.1099424592654913,0.67780495,0.41615915,0.67397213,0.41999197
PEMS08,106,15821,16973,0.9891068080238848,-0.3087212542519782,0.34567595,0.2865157,0.2868514,0.22769117
PEMS08,93,14349,16077,0.9890995033043228,-0.0152302658313641,0.0014362335,0.31274033,0.10885382,0.20532274
PEMS08,16,15757,17485,0.9890821900250816,0.1145746233048959,0.102633476,0.021306038,0.061237812,0.020089626
PEMS08,67,14669,15181,0.9890695964718846,-0.08172509182512,0.88382006,0.7526288,0.80288506,0.6716938
PEMS08,25,14925,16077,0.9890530133766452,0.041616018987172,0.1874075,0.08136082,0.6552377,0.549191
PEMS08,7,17037,17613,0.9890522105911256,0.1259853660298917,0.55178213,0.013050556,0.35357523,0.18515635
PEMS08,86,14477,16781,0.989049956548718,0.2151848279752783,0.33618116,1.0150795,0.43196917,0.9192915
PEMS08,47,14733,16461,0.9890474017977536,0.1275729645606519,0.010344505,0.11054087,0.04643631,0.05376005
PEMS08,63,15501,17229,0.989047102099155,0.0169037286446676,0.251482,0.056606293,0.45457125,0.14648294
PEMS08,129,15181,16333,0.9890466121497667,0.106187543875675,0.56284523,0.3430562,0.5191655,0.2993765
PEMS08,104,16461,16781,0.9890160927462665,0.0760590255052224,0.6872735,0.19285774,0.3918438,0.102571964
PEMS08,104,15245,16973,0.9890028625315452,-0.0178267025356021,0.22378492,0.0019865036,0.2358756,0.014077187
PEMS08,110,14349,14925,0.9889894158573054,-0.0110638612566042,0.10145378,0.68297625,0.16274548,0.62168455
PEMS08,112,15437,17741,0.9889785380158348,0.2141345931072442,0.39553118,0.086345196,0.6803441,0.19846773
PEMS08,107,14605,16077,0.988961509682262,0.0105566956183228,0.42648315,0.42893934,0.04733467,0.044878483
PEMS08,69,15565,17293,0.9889299195117957,0.0692244555639614,0.10804796,0.20813513,0.025506496,0.2906766
PEMS08,53,15501,16077,0.9889294916066994,0.077832910593509,0.07187271,0.25063848,0.13610268,0.18640852
PEMS08,104,15501,16077,0.9888778400964956,-0.0510263206521624,0.07159424,0.17959595,0.14862394,0.040622234
PEMS08,61,16653,16909,0.9888642739918952,-0.0410928312655469,0.30806446,1.4890866,0.3463087,1.5273309
PEMS08,122,16653,16909,0.9888642739918952,-0.0410928312655469,0.30806446,1.4890866,0.3463087,1.5273309
PEMS08,64,16653,16909,0.9888642739918952,-0.0410928312655469,0.40927982,1.5338845,0.6299095,1.7545142
PEMS08,141,16653,16909,0.9888642739918952,-0.0410928312655469,0.30806446,1.4890866,0.3463087,1.5273309
PEMS08,121,16653,16909,0.9888642739918952,-0.0410928312655469,0.30806446,1.4890866,0.3463087,1.5273309
PEMS08,123,16653,16909,0.9888642739918952,-0.0410928312655469,0.30806446,1.4890866,0.3463087,1.5273309
PEMS08,125,16653,16909,0.9888642739918952,-0.0410928312655469,0.25802326,1.47332,0.32719946,1.5424962
PEMS08,80,16653,16909,0.9888642739918952,-0.0410928312655469,0.30806446,1.4890866,0.3463087,1.5273309
PEMS08,126,16653,16909,0.9888642739918952,-0.0410928312655469,0.30411863,1.4665556,0.39389896,1.5563359
PEMS08,48,16653,16909,0.9888642739918952,-0.0410928312655469,0.30806446,1.4890866,0.3463087,1.5273309
PEMS08,142,16653,16909,0.9888642739918952,-0.0410928312655469,0.30806446,1.4890866,0.3463087,1.5273309
PEMS08,107,14477,16461,0.9888577100224436,-0.1311715227166466,0.45205688,0.2841978,0.10200882,0.06585026
PEMS08,168,15821,16973,0.9888229457496188,0.0930463171769936,0.3038478,0.026721,0.317811,0.040684223
PEMS08,12,14861,16589,0.9888223120572196,0.1471581186783408,0.5155544,0.20329094,0.3991518,0.31969357
PEMS08,124,16653,16909,0.98881179803584,-0.041412294272053,0.35509014,1.5199289,0.37758923,1.542428
PEMS08,12,14605,17229,0.9888097052383829,0.0460199370254751,1.4931235,0.9735036,1.0339231,0.5143032
PEMS08,21,14733,15693,0.9887851157113662,0.062780555494058,0.8860345,0.96999454,1.0790176,1.1629777
PEMS08,88,14989,16141,0.9887372055957424,-0.1029228542195245,0.018418789,0.5765753,0.110286236,0.7052803
PEMS08,168,15181,15757,0.9887247811000066,0.1771022658543524,1.3124561,0.45752144,0.95177126,0.09683657
PEMS08,58,15117,15693,0.988715563925479,-0.0421535909221287,1.7554088,0.75797844,1.663208,0.6657777
PEMS08,66,14925,17485,0.988680363236753,-0.1030002053328034,0.77316284,0.22842932,0.8450527,0.15653944
PEMS08,76,15821,17549,0.9886562663710912,0.0796709801752952,0.018591404,0.03553629,0.107225895,0.09028101
PEMS08,98,15821,17549,0.98865329863103,0.1232593142995912,0.17917728,0.13074827,0.13263941,0.18106842
PEMS08,12,15821,16397,0.9886466171066448,0.1410283043601932,0.12632704,0.008444786,0.11169243,0.023079395
PEMS08,166,15885,17613,0.9886367875073728,0.1199983598491118,0.05041504,0.1598463,0.15192223,0.04249096
PEMS08,93,14477,15117,0.9886000520628964,-0.0756854448377471,0.51464987,0.79868984,0.4721098,0.75614977
PEMS08,41,15501,17229,0.9885980648699704,-0.0639154901098351,0.4085822,0.7827902,0.2554531,0.6296611
PEMS08,112,14605,17485,0.98858019461526,0.1173602613693683,0.5144458,0.1264677,0.11496544,0.27301264
PEMS08,22,15245,17549,0.9885766064773532,0.2668457039898563,0.019862652,0.11121416,0.16941833,0.038341522
PEMS08,24,15181,17485,0.9885737266278868,0.0490527835126483,0.30904293,0.3446064,0.3821373,0.27151203
PEMS08,17,14605,17485,0.9885534334396352,-0.0069261616566908,1.5629697,0.3883052,1.277411,0.10274649
PEMS08,65,14989,16141,0.9885504313993622,-0.0082433612342637,0.26798916,0.304811,0.092113495,0.055291653
PEMS08,108,15181,15757,0.98854818265311,0.0655015265447509,0.054790974,0.43817854,0.11572027,0.37724924
PEMS08,136,14669,17485,0.988547532886678,0.1389698036834083,0.00075531006,0.48697376,0.24281836,0.7290368
PEMS08,29,14733,17677,0.9885472844103432,0.0658232828577702,0.13431549,1.574307,0.04179859,1.3981929
PEMS08,34,14349,16653,0.9885465933130456,0.1286841181862881,0.26616335,0.031789303,0.3099718,0.012019157
PEMS08,150,15501,17229,0.9885420033058822,0.0185333035325892,0.074299335,0.36076927,0.0020546913,0.28852463
PEMS08,71,14925,16333,0.9885115792393808,0.103905381090934,0.32956457,0.5848255,0.08796072,0.16730022
PEMS08,90,16653,16909,0.9885048803121836,-0.036668859894336,0.31987667,1.5098376,0.32174063,1.5117016
PEMS08,75,16653,16909,0.9885048803121836,-0.036668859894336,0.31987667,1.5098376,0.32174063,1.5117016
PEMS08,91,16653,16909,0.9885048803121836,-0.036668859894336,0.31987667,1.5098376,0.32174063,1.5117016
PEMS08,85,16653,16909,0.9885048803121836,-0.036668859894336,0.25440788,1.5189767,0.28244448,1.5470133
PEMS08,116,16653,16909,0.9885048803121836,-0.036668859894336,0.29556322,1.513381,0.31663513,1.5344529
PEMS08,145,16653,16909,0.9885048803121836,-0.036668859894336,0.30360985,1.5082207,0.31957197,1.5241828
PEMS08,51,16653,16909,0.9885048803121836,-0.036668859894336,0.31987667,1.5098376,0.32174063,1.5117016
PEMS08,131,16653,16909,0.9885048803121836,-0.036668859894336,0.31987667,1.5098376,0.32174063,1.5117016
PEMS08,74,16653,16909,0.9885048803121836,-0.036668859894336,0.31987667,1.5098376,0.32174063,1.5117016
PEMS08,115,16653,16909,0.9885048803121836,-0.036668859894336,0.31987667,1.5098376,0.32174063,1.5117016
PEMS08,144,16653,16909,0.9885048803121836,-0.036668859894336,0.31506205,1.5194888,0.3213415,1.5257683
PEMS08,50,16653,16909,0.9885048803121836,-0.036668859894336,0.31987667,1.5098376,0.32174063,1.5117016
PEMS08,153,16653,16909,0.9884992137402504,-0.0483217588424277,0.36229753,1.5048189,0.3904686,1.53299
PEMS08,166,15181,15757,0.9884938011050528,0.1014236348286302,0.44652033,0.5094218,0.49120712,0.46473503
PEMS08,68,14349,17485,0.9884498917554332,-0.1184483433587183,0.4085331,0.5747018,0.16088295,0.82235193
PEMS08,40,15181,17485,0.9884491395345952,0.1720879997879238,0.027265549,1.0722036,0.09951925,0.94541883
PEMS08,104,15629,17357,0.9884224135158566,-0.0748520492761473,0.37468672,0.88465166,0.32165718,0.9376812
PEMS08,62,16653,16909,0.9884168157509674,-0.0261981428563234,0.36061,1.5339079,0.3681984,1.5414963
PEMS08,149,16653,16909,0.9884168157509674,-0.0261981428563234,0.36061,1.5339069,0.36819792,1.5414948
PEMS08,109,16653,16909,0.9884168157509674,-0.0261981428563234,0.36061,1.5339079,0.3681984,1.5414963
PEMS08,154,16653,16909,0.9884168157509674,-0.0261981428563234,0.2681408,1.4922123,0.23072386,1.4547954
PEMS08,159,16653,16909,0.9884061151813706,-0.0297343657976713,0.3737707,1.5780935,0.39226723,1.59659
PEMS08,60,16653,16909,0.9884061151813706,-0.0297343657976713,0.28136444,1.5782852,0.32427073,1.6211915
PEMS08,55,16653,16909,0.9884061151813706,-0.0297343657976713,0.3737707,1.5780935,0.39226723,1.59659
PEMS08,83,16653,16909,0.9884061151813706,-0.0297343657976713,0.3737707,1.5780935,0.39226723,1.59659
PEMS08,73,16653,16909,0.9884061151813706,-0.0297343657976713,0.3737707,1.5780935,0.39226723,1.59659
PEMS08,84,16653,16909,0.9884061151813706,-0.0297343657976713,0.3737707,1.5780935,0.39226723,1.59659
PEMS08,81,16653,16909,0.9884061151813706,-0.0297343657976713,0.3737707,1.5780935,0.39226723,1.59659
PEMS08,70,16653,16909,0.9884061151813706,-0.0297343657976713,0.3737707,1.5780935,0.39226723,1.59659
PEMS08,23,14669,15501,0.9883950151837356,0.2164189955398801,0.19031525,0.3257947,0.07610321,0.44000673
PEMS08,151,14733,16461,0.988387758995474,0.2789174702390011,0.59328747,0.11122179,0.33665133,0.36785793
PEMS08,28,14605,15501,0.9883572937974126,-0.081868068229208,1.1867294,0.5715575,1.1523714,0.5371995
PEMS08,17,14733,17101,0.9883422796800668,-0.4408385757970973,1.5113416,1.8841624,1.5445628,1.9173837
PEMS08,127,15437,16013,0.9883416029743728,0.1117091086058775,0.02794075,0.16194487,0.1520276,0.01802349
PEMS08,2,15181,15757,0.9883304435157648,0.2781120752222922,0.26558256,0.51783466,0.3407898,0.5930419
PEMS08,30,14989,17293,0.9883187725702712,0.0644855196155074,0.06209898,0.35618496,0.14114523,0.2771387
PEMS08,158,14669,17485,0.9883160254046413,0.018030026586827,0.13457108,0.21345615,0.35192728,0.6999545
PEMS08,30,15181,17485,0.9883055568877156,0.0716040411055208,0.05733013,0.67475986,0.24387741,0.86130714
PEMS08,101,16013,17165,0.9882872639357766,0.2267611987654445,0.63087654,0.54323435,0.763731,0.4103799
PEMS08,23,14989,16141,0.9882866367994108,0.0870419592571529,0.042265415,0.18126535,0.08049345,0.30402422
PEMS08,130,15181,16077,0.9882686232706266,-0.1369042775922752,0.8394413,0.9104891,0.939044,1.0100918
PEMS08,95,14989,15565,0.9882009615918024,0.0650704080404749,0.23332882,0.054227352,0.31611204,0.02855587
PEMS08,87,17037,17613,0.9881985433922305,0.2033299404336017,1.1222963,0.3313036,1.147584,0.30601597
PEMS08,127,14669,16333,0.9881946042181422,-0.0843468777354078,0.16494703,0.13596153,0.20874023,0.17975473
PEMS08,87,14733,16461,0.9881751338602548,0.0631432793300795,0.9261141,0.09403753,0.83330107,0.18685055
PEMS08,94,15501,17229,0.9881688477693856,0.0285474406400814,0.30587387,0.04910946,0.48120356,0.12622023
PEMS08,138,17165,17741,0.9881683234862534,0.2531334893119505,0.89860725,0.34554482,1.1099858,0.13416624
PEMS08,20,14605,14669,0.9881661361118884,-0.1130668057554058,1.2360115,0.3216114,1.0994568,0.18505669
PEMS08,137,16013,17741,0.9881591392651328,0.2138351749809415,0.05429077,0.18399763,0.008623123,0.13832998
PEMS08,38,15053,17357,0.9881330180469672,0.2772946397980453,0.28041077,0.1148386,0.52059555,0.12534618
PEMS08,38,15373,15949,0.9881310979130732,0.1527835752634545,0.34370232,0.008669853,0.05708027,0.39211273
PEMS08,148,15437,17165,0.988123497507052,0.1272868133875765,0.037402153,0.6070342,0.5410881,0.02854395
PEMS08,52,15309,17613,0.988045267407038,0.2948828760894877,0.1995492,0.27851534,0.37392044,0.1041441
PEMS08,138,16333,17485,0.9880406034198582,-0.1521960029292371,0.055526733,0.111637115,0.28173876,0.22562838
PEMS08,132,14989,17293,0.9880201065212753,-0.0613617322507129,0.11269951,0.7383132,0.12433815,0.72667456
PEMS08,28,14733,17101,0.9880172119316408,-0.429159636809897,1.3774672,1.5187984,1.61696,1.7582912
PEMS08,86,16653,16909,0.9880140183909324,0.0479771572050425,0.085445404,0.6258836,0.26784468,0.80828285
PEMS08,158,15373,17293,0.9879842392158952,0.0495843195076553,1.268816,0.6893511,1.0763092,0.4968443
PEMS08,134,15885,17037,0.987971301980239,0.2914684499261326,0.22553253,0.28461933,0.099876404,0.1589632
PEMS08,0,17165,17741,0.9879638808651549,-0.0445662835031699,0.35197592,0.17193604,0.33427477,0.15423489
PEMS08,147,15309,15885,0.9879632320134734,0.2991850098080966,1.8743334,0.1126008,1.1989613,0.5627713
PEMS08,120,14477,14733,0.987944391407294,0.0423240044128446,1.1806059,0.81912994,0.9066539,0.54517794
PEMS08,14,15245,17549,0.9879253446360096,0.007718459061034,0.19172192,0.2460413,0.28013372,0.15762949
PEMS08,34,14989,15565,0.9878802351012766,0.1303461858393873,0.2730441,0.49961948,0.09368372,0.13289165
PEMS08,138,14349,16077,0.9878775957275115,-0.1236814257641787,0.24018812,0.13619089,0.30757236,0.06880665
PEMS08,165,17101,17677,0.9878475072051018,0.2808073352995585,0.81842375,1.2739911,0.6599846,1.115552
PEMS08,72,15501,17229,0.9878234352857456,0.1274675996088753,0.10335636,0.3783245,0.50690794,0.02522707
PEMS08,28,16653,16909,0.9878162616778228,-0.2987696578116221,0.041390896,0.5848894,0.20239782,0.74589634
PEMS08,67,16077,16973,0.9877881922204952,-0.1321805530950657,0.63153505,0.029983044,0.67692184,0.015403748
PEMS08,69,14733,16461,0.9877775924869234,-0.2126727705367048,0.41615772,0.46493053,0.21626282,0.66482544
PEMS08,149,15245,17549,0.9877752783283392,0.2548379067107341,0.46816063,0.07658911,0.3120327,0.07953882
PEMS08,41,16973,17549,0.9877730616292916,0.2257288003664145,0.30682278,0.2634015,0.011035442,0.05445671
PEMS08,82,15885,17613,0.98776161786255,0.2299865366687074,0.4692464,0.39665413,0.21466923,0.6512313
PEMS08,146,14925,16653,0.9877455947700589,0.1694260148777923,0.5300474,0.011449814,0.8129015,0.2943039
PEMS08,29,14925,16077,0.9877121039840764,-0.241363647246966,0.4180317,0.18098307,0.40571928,0.19329548
PEMS08,129,14733,16461,0.9877085935284636,0.2222438810877943,0.018170357,0.16391087,0.24909925,0.103358746
PEMS08,88,14925,17229,0.9877008275834676,-0.1234031747907848,0.68031406,0.60499525,0.7836504,0.7083316
PEMS08,79,14925,16077,0.9876981486801149,0.0288303500014202,0.13369179,0.04455757,0.0033683777,0.092502594
PEMS08,8,14349,17229,0.9876978524969972,0.231489707301127,0.24634981,0.10458374,0.1184845,0.023281574
PEMS08,65,15565,17293,0.9876969664359528,0.0074251364162532,0.17694378,0.13322067,0.08150387,0.22866058
PEMS08,164,14413,15949,0.9876677430336288,-0.1074520168071133,0.16788769,0.9884615,0.2655635,1.0861373
PEMS08,43,15181,17229,0.9876429022024348,0.0428593763682958,0.21836424,0.21274519,0.57005596,0.5644369
PEMS08,7,14925,17229,0.9876349752116588,-0.0456966874688578,0.135952,0.41160154,0.15775967,0.4334092
PEMS08,17,15821,17549,0.9876294986580748,0.123347554802313,0.13744688,0.24204922,0.26443577,0.11506033
PEMS08,71,15309,15885,0.9876220501711844,0.2649483895786864,1.1518464,0.31287098,1.4689875,0.0042700768
PEMS08,41,14477,16461,0.9876186207359724,-0.0773449152350022,0.6781535,0.06677008,0.8289714,0.21758795
PEMS08,101,15245,15821,0.9876089547318996,0.1333194980686816,0.22509432,0.046085835,0.022556782,0.20156527
PEMS08,OT,14989,15565,0.9875932092326256,0.1733140799849368,0.1510725,0.17593431,0.33244562,0.0054388046
PEMS08,46,14605,16077,0.9875916457090276,0.1049083358991703,2.0026531,0.5564904,1.8442922,0.39812946
PEMS08,43,14477,16461,0.9875584037373768,0.1772953146943513,0.19068241,0.04775858,0.18547869,0.042554855
PEMS08,72,14733,16461,0.987542674373553,0.1230964614427394,0.05246544,0.106826305,0.13372946,0.025562286
PEMS08,1,15501,17229,0.9875303379288388,-0.0878009253956644,0.8078108,0.86967564,0.8234477,0.88531256
PEMS08,29,16653,16909,0.9875248843334384,0.1824024598764415,0.40726566,1.2801185,0.4956727,1.3685255
PEMS08,139,14925,16973,0.9875188150166704,0.1100632515241276,0.0900259,0.87140083,0.2114439,0.99281883
PEMS08,103,14349,17229,0.9875169222976148,-0.1104898452353405,0.6784549,0.69626474,0.45103598,0.46884584
PEMS08,3,15245,16973,0.9874890041521882,0.0065966051391164,0.36031628,0.1507535,0.34768105,0.13811827
PEMS08,58,14669,15181,0.9874414040155426,-0.0954103340512251,0.74481773,1.0369143,0.9591384,1.251235
PEMS08,88,14477,16781,0.9874330502199994,-0.0522890526739643,0.5476594,0.3201766,0.7089715,0.1588645
PEMS08,34,14669,16077,0.9874223371759242,0.2332335839166531,0.04754448,0.85862064,0.22183132,0.58924484
PEMS08,106,14349,16653,0.9874175996722726,-0.0108192936759883,0.5847902,0.5979161,0.2997756,0.3129015
PEMS08,39,14605,15181,0.9874062290458796,-0.0158622306043323,1.1994104,0.09173298,1.2471943,0.13951683
PEMS08,96,14989,15565,0.9874019179871566,0.0955398932396144,0.2764635,0.120400906,0.35302734,0.19696474
PEMS08,66,14733,16141,0.9873948235060686,-0.096520893610174,0.40141582,0.1298337,0.54311323,0.0118637085
PEMS08,95,14925,16077,0.9873658619696888,0.0354780847440553,0.0042409897,0.18498325,0.3965435,0.20731926
PEMS08,166,14669,17485,0.9873606316095714,0.0576903255281895,0.113773346,0.36139965,0.14615202,0.101474285
PEMS08,93,15821,16397,0.9873500683591868,-0.1399904329769114,0.33661032,0.32208157,0.20070648,0.85939837
PEMS08,10,14733,16461,0.9873361642209196,0.2027608285078105,0.24411488,0.22923565,0.41603947,0.40116024
PEMS08,100,14925,17229,0.9872789036658596,-0.0912630902080699,0.22391033,0.45422935,0.5521374,0.12600231
PEMS08,114,16397,17549,0.98726089344615,0.0876468700275928,0.21627569,0.032648087,0.06883383,0.11479378
PEMS08,15,15245,17549,0.9872508319362104,-0.0146289908239905,0.07250309,0.07142115,0.1581688,0.014244556
PEMS08,72,17037,17421,0.987249415424362,0.1072026570075798,1.1604104,1.6012006,0.8436098,1.2844
PEMS08,57,14669,17357,0.9872478717393396,0.2070305939709148,0.5098419,0.2263794,0.60599804,0.3225355
PEMS08,156,15181,17485,0.9872122062953196,0.2441062846015442,0.02159977,0.62668514,0.3805151,0.2677698
PEMS08,105,15245,15821,0.987191838739644,0.2438645800007667,0.12362003,0.02235651,0.12176561,0.02050209
PEMS08,24,14349,17229,0.9871854533584316,-0.0198529533048184,0.39216948,0.50693226,0.2617402,0.376503
PEMS08,47,15181,17485,0.9871836115375692,0.01307595287906,0.12939167,0.049725056,0.22072506,0.041608334
PEMS08,10,16333,17485,0.9871768259542788,-0.1438961845183104,0.3525014,0.18879318,0.02735281,0.51394176
PEMS08,98,17037,17613,0.9871753834298268,-0.0051106120137867,1.0432129,0.28318024,0.6880059,0.07202673
PEMS08,18,14925,17485,0.9871101227327784,0.0479614288311835,0.28053665,0.29616833,0.6467595,0.07005453
PEMS08,27,14669,14925,0.9870718466837736,-0.2173092494246636,0.14900732,1.3624787,0.07397747,1.139494
PEMS08,19,15309,17613,0.9870559197487776,0.1754435295445548,0.40694237,0.2704625,0.40807867,0.2693262
PEMS08,99,15245,17549,0.987054655905764,0.2705170811488204,0.11487961,0.1502862,0.08889723,0.12430382
PEMS08,118,14669,17229,0.9870426353757328,0.1932284018457623,0.08792782,0.524374,0.2307477,0.38155413
PEMS08,139,14989,17293,0.9870136656818894,0.1990524252680285,0.13116884,0.2744751,0.11248875,0.030817509
PEMS08,35,15437,17741,0.9869771508986096,0.2127917151346202,0.35154057,0.41615915,0.27271175,0.20809317
PEMS08,102,15757,17485,0.9869238213897829,-0.0114136861210561,0.13406324,0.09499979,0.22707891,0.0019841194
PEMS08,105,16077,17229,0.9868945366455184,0.1246387556259358,0.12601662,0.21802282,0.5285225,0.18448305
PEMS08,58,15501,17229,0.9868643070566272,0.0362024673036257,0.14570665,0.14329147,0.009764671,0.2987628
PEMS08,34,15693,17421,0.9868630037883932,-0.063591068558968,0.11324215,0.17280054,0.18135309,0.1217947
PEMS08,108,14349,16077,0.986852258635785,0.0762206863730259,0.18953133,0.59849644,0.039302826,0.36966228
PEMS08,5,15245,15821,0.9868472486993096,-0.1089556252263948,0.2880578,0.25703382,0.2953353,0.24975634
PEMS08,35,15181,15757,0.986834946787948,-0.1414084721789732,0.26565313,0.7283039,0.12456608,0.3380847
PEMS08,111,14669,16397,0.9868199016458464,-0.1776133488335941,1.1101875,0.47762966,0.8209472,0.1883893
PEMS08,26,14349,17229,0.9868083461779784,0.0314194809543552,0.31095552,0.06963396,0.063456535,0.31713295
PEMS08,151,14477,16781,0.986788512955393,0.0387134150777247,0.10821962,0.6938782,0.2824049,0.30325365
PEMS08,57,14605,16397,0.9867824234678376,0.1645024241936989,2.2087264,0.2913432,2.1316147,0.21423149
PEMS08,155,14989,17293,0.9867581514772108,0.0053468383567628,0.7032323,1.5636606,0.5714264,1.4318547
PEMS08,166,14349,17229,0.9867141417589486,0.2129309840679641,0.40341568,1.3003321,0.0054016113,0.8915148
PEMS08,54,16653,16909,0.9867116106896658,0.0529048552686863,0.65494823,1.5447235,0.48440123,1.3741765
PEMS08,120,16653,16909,0.9867045310579476,0.0710883380418154,0.009250641,0.8450589,0.6197982,0.2160101
PEMS08,156,14925,16653,0.98670247815202,-0.0200945901416139,0.8730035,0.34144115,0.73940897,0.47503567
PEMS08,28,14797,17037,0.9866789312373198,-0.2381870066000837,1.00244,0.1934185,1.3012567,0.49223518
PEMS08,10,15245,17677,0.9866712186793078,0.1681066349601976,0.28649664,0.108632565,0.89643097,0.7185669
PEMS08,24,14925,16077,0.9866674493619448,-0.0629980904750216,1.2802124,0.3643446,1.4106884,0.4948206
PEMS08,133,14349,15757,0.986649064023968,0.110146151457562,0.5500312,0.29983187,0.32043648,0.07023716
PEMS08,119,16653,16909,0.986626098976876,0.1111968286218275,0.28192282,1.0109687,0.011314392,0.7177315
PEMS08,118,14733,16461,0.9865852394486104,0.1461399450731095,0.0062007904,0.15043783,0.14950085,0.0052638054
PEMS08,82,15757,16077,0.9864577490489648,0.2236290037658031,0.8316078,0.31217718,0.5266175,0.0071868896
PEMS08,17,14797,17037,0.9864425358358782,-0.1940758746154571,1.4391251,0.5243263,1.6921368,0.777338
PEMS08,7,16461,16781,0.9863809586018792,-0.081184199179307,0.18173742,0.268425,0.7352071,0.82189465
PEMS08,32,15501,16077,0.9863773344321825,0.0770768530078886,0.1016655,0.12237978,0.20568466,0.018360615
PEMS08,107,15821,17549,0.986333932592584,-0.025529088867854,0.5632658,0.076575756,0.3157711,0.17091894
PEMS08,12,16013,17741,0.9863318364266862,0.2789898024197211,0.25698853,0.049328327,0.0073952675,0.29892159
PEMS08,44,14477,16781,0.9863266516081272,0.2733690051693441,0.46644402,1.2002783,0.3134446,1.0472789
PEMS08,105,14477,16781,0.98632663844172,-0.159819566274525,0.40995932,0.35960627,0.23598385,0.1856308
PEMS08,150,14733,16461,0.9863202100067028,-0.0863721270575313,0.011130333,0.14824533,0.37560225,0.23848724
PEMS08,93,14797,16525,0.986312066816442,0.1866214087238467,0.26662683,0.24434471,0.4643507,0.046620846
PEMS08,164,15629,17357,0.9862848487302904,0.1471367303318035,0.08622122,0.093370914,0.28991032,0.110318184
PEMS08,34,15885,17613,0.9862660445859392,-0.1828653850862083,0.07896805,0.20868444,0.1846385,0.054922104
PEMS08,101,15437,17741,0.9862449262372428,0.2548713273495369,0.136549,0.18168402,0.22760057,0.09063244
PEMS08,138,14669,15757,0.986201611000482,-0.0571247816838829,0.41692734,0.23614836,0.72579336,0.5450144
PEMS08,104,14925,15181,0.9861967797739628,-0.1894003645223345,1.2871552,0.20208263,1.4330845,0.34801197
PEMS08,102,15629,17357,0.9861780079473448,0.1420764246875812,0.3817439,0.2675438,0.5120182,0.1372695
PEMS08,107,15245,16973,0.9861679082092222,0.0296451120791659,0.85437536,0.07237339,1.0933337,0.16658497
PEMS08,82,15629,17357,0.9861288482846816,-0.0475278800602371,0.08668947,0.22196436,0.10589409,0.41454792
PEMS08,49,14925,15501,0.9861242956267492,0.1199375974406905,0.4976058,0.064254284,0.5744815,0.012621403
PEMS08,97,15053,15629,0.9861001078466458,0.2885138262741781,0.33728456,0.36457872,0.09455013,0.60731316
PEMS08,111,15309,15885,0.986099136723072,0.1528214203721362,0.08416271,0.10179472,0.030135632,0.04776764
PEMS08,105,16973,17549,0.9860870582141572,0.117985704375395,0.272511,0.0127744675,0.2575426,0.0021939278
PEMS08,157,14477,16781,0.9860546968682712,0.2669350516913009,0.26090336,0.49513245,0.17914581,0.57689
PEMS08,99,14733,16461,0.9860092290598896,0.103156887320237,0.5462127,0.25789356,0.59586,0.20824623
PEMS08,9,14349,14925,0.9859964657608464,-0.2394144529080355,0.4326501,0.67021465,0.38387346,0.621438
PEMS08,112,14349,15501,0.9859629279301372,-0.1203477795561689,0.3602085,0.19092417,0.33381033,0.21732235
PEMS08,45,14477,16781,0.9859515521909424,0.072635873353135,0.18619776,0.032553196,0.034551144,0.1881957
PEMS08,98,14349,16653,0.9859426477602088,0.0598804020775189,0.5205536,0.021346569,0.2648468,0.27705336
PEMS08,34,15309,17037,0.9859375764419048,0.0226265140350878,0.4663782,1.2449212,0.32567883,1.3856206
PEMS08,117,17229,17485,0.9859356189243474,0.1923372497768587,0.19616365,0.57519054,0.24838018,0.6274071
PEMS08,8,15757,16333,0.9859356180495475,-0.1499491701973457,0.23803759,0.0316844,0.2317586,0.025405407
PEMS08,54,15693,17421,0.9859014749720452,-0.0246042881893832,0.08191347,0.010963917,0.04303074,0.027918816
PEMS08,100,14797,17677,0.9858890380665932,0.031775633552291,0.74260044,0.9190426,0.9495745,0.71206856
PEMS08,43,15117,15693,0.9858529393466696,-0.1077483140963514,0.1984253,0.026252747,0.7505889,0.57841635
PEMS08,OT,15501,16077,0.9858236669808044,-0.011531955126229,0.2693038,0.0040416718,0.4668746,0.19352913
PEMS08,21,15885,17613,0.9858116595884744,0.1448262332356982,0.070887566,0.080254555,0.030739784,0.120402336
PEMS08,166,16269,16781,0.9857771182842048,-0.1034312173592735,0.42491245,1.6457176,0.11637688,1.9542532
PEMS08,41,14669,16397,0.9857710415674392,-0.0142388605602584,0.121635914,0.1393652,0.00574255,0.25525856
PEMS08,31,14349,16653,0.9857701045060672,-0.056289011943463,0.34104872,0.036471844,0.14404869,0.16052818
PEMS08,34,14733,16461,0.9857662234031505,0.2506876838317635,0.12483215,0.32240248,0.3547573,0.09247732
PEMS08,20,16333,17485,0.9856983966783716,0.2738231230228591,0.3715787,0.41882992,0.3127246,0.47768402
PEMS08,37,14477,16781,0.9856968900411928,-0.0622959161804035,0.3064475,0.46428823,0.42120075,0.349535
PEMS08,96,16461,16781,0.985681338377358,0.0585664040304441,0.45708466,0.39019728,0.5398717,0.30741024
PEMS08,166,14925,16077,0.985677590498924,-0.0513156893701719,0.9306402,0.3646369,1.1763525,0.6103492
PEMS08,8,16013,17741,0.9856479966963084,0.1475288569271734,0.013826847,0.61383486,0.31634617,0.31131554
PEMS08,67,14989,17293,0.9856442352791568,0.0110940338264131,0.12664652,0.2947154,0.069484234,0.23755312
PEMS08,92,15565,17293,0.985610147602638,0.2908157964012519,0.06250048,0.32886696,0.37340975,0.017957687
PEMS08,105,14989,16141,0.985608515408624,0.1619905240925289,0.028370857,0.3075819,0.002146244,0.2813573
PEMS08,96,15501,16077,0.985580386844035,0.2809402709112739,0.25735188,0.0072422028,0.20696688,0.0576272
PEMS08,100,14669,16397,0.9855790087929008,0.2878470705876185,0.15509129,0.25933075,0.13069296,0.28372908
PEMS08,44,14669,15181,0.9855730635568128,0.119375753017159,0.5748515,0.9673557,0.9117651,1.3042693
PEMS08,128,14669,17485,0.9855593638992596,-0.0434263063861838,0.5846629,0.32658434,0.6415963,0.38351774
PEMS08,95,14349,16653,0.985556739116448,-0.0072164472271237,0.2208705,0.225276,0.69441175,0.24826527
PEMS08,100,14733,15693,0.9855421019335372,0.2054228081282713,1.57547,0.6040869,1.0195303,0.0481472
PEMS08,163,15629,17357,0.9854932028002682,-0.0696706853702704,0.19151545,0.3260188,0.04536915,0.08913422
PEMS08,29,15565,16141,0.985481296006668,0.200328836331434,0.0062770844,0.24817705,0.17480898,0.06709099
PEMS08,30,16973,17549,0.9854715796116396,0.1943214929448176,0.10848999,0.040614128,0.09557438,0.16345024
PEMS08,25,16461,17677,0.9854002796702472,0.0067875782986885,0.552876,0.95715666,0.26745462,0.6717353
PEMS08,18,14605,15245,0.9853636997209444,0.1269347447005191,1.4534965,0.59150696,1.2199593,0.35796976
PEMS08,68,14925,17229,0.9853555935069838,-0.2099426798978,0.8400278,0.2272973,0.7730727,0.16034222
PEMS08,43,14669,16397,0.9853357145825836,0.2404513540401399,0.08598137,0.024893284,0.045268536,0.01581955
PEMS08,92,15181,17485,0.9853322266882204,-0.0095215525097059,0.79896116,0.2420106,0.24785662,0.79311514
PEMS08,44,15629,17357,0.9853308928644612,0.177277928425143,0.20396423,0.33209372,0.1783061,0.35775185
PEMS08,2,14733,16461,0.985308928550982,-0.0236315956998347,0.44509602,0.12797165,0.76693344,0.19386578
PEMS08,40,15821,16973,0.985243942499732,-0.0091998720978002,0.29948616,0.714262,0.23586226,0.7778859
PEMS08,132,16461,16781,0.9852380980191005,-0.1327108941204247,0.5941348,0.2062254,0.791646,0.4037366
PEMS08,26,14989,16141,0.9852263561461349,0.2581459766942029,0.42296982,0.19860458,0.10421562,0.12014961
PEMS08,103,15309,15885,0.985218217477584,-0.0923435205811459,1.0665417,0.24560308,1.2420831,0.07006168
PEMS08,165,15053,17357,0.9851964496952562,0.2381575750911067,0.17142487,0.5855198,0.02541399,0.78235865
PEMS08,29,15181,15757,0.985182870646698,0.1715392014094629,0.20929241,0.7592344,0.18768835,0.73763037
PEMS08,164,14733,16461,0.98516084358991,0.2818224690579138,0.48952293,0.067593575,0.26557922,0.15635014
PEMS08,4,15757,17485,0.985145730455494,-0.0021883828736051,0.3957038,0.06247425,0.20296049,0.13026905
PEMS08,37,15181,15501,0.9851435897720772,0.1426748058500214,0.4541974,1.4927654,0.68728447,1.7258525
PEMS08,38,14477,16781,0.9851122386088786,0.0984881923340766,0.18041897,0.62758684,0.17601252,0.6319933
PEMS08,23,15373,17101,0.9850918083644136,0.2580195459689979,0.944036,1.2030215,0.7386699,0.9976554
PEMS08,117,14733,16461,0.985078737638534,0.0927018192961193,1.0597486,0.47769165,0.98255444,0.55488586
PEMS08,57,15885,17613,0.9850060225944935,0.0822396031560117,0.009714603,0.1254592,0.008072853,0.10767174
PEMS08,156,15885,17037,0.9849869598497926,0.2073178569851472,0.16488361,0.7260103,0.21312952,0.6777644
PEMS08,59,14797,15309,0.9849781264746544,0.2967371073971345,0.6551695,0.0342412,0.594965,0.094445705
PEMS08,108,14669,16397,0.9849394676368012,-0.0136567407090316,0.3047557,0.14707088,0.21619749,0.058512688
PEMS08,110,14989,15565,0.9849227150999212,0.2402743506821914,0.8221412,0.5841794,0.63574886,0.3977871
PEMS08,30,15309,15885,0.9848699947492724,0.1671350439783431,0.08113003,0.10745239,0.09525728,0.09332514
PEMS08,99,15629,17485,0.9848546120774736,-0.2070364798971386,0.4719224,1.2276883,0.74925995,0.95035076
PEMS08,38,15117,15693,0.984830924163836,0.2085231402553953,1.0623422,0.24364328,1.6334858,0.32750034
PEMS08,96,14669,17485,0.9848065817024896,-0.0705099524334479,0.38988924,0.28482914,0.07478237,0.74950075
PEMS08,161,15821,16973,0.984787094437137,0.2259941698285337,0.29435682,0.051509857,0.37858963,0.13574266
PEMS08,163,15757,16333,0.9847779184986076,0.0138361188435478,0.28411055,0.08326578,0.37223434,0.17138958
PEMS08,99,15437,16013,0.984748209781014,0.1858102263589406,0.07066202,0.2283163,0.33888817,0.03990984
PEMS08,108,15885,17037,0.984737061668978,0.0680938753305078,0.67860556,0.09655905,0.5453086,0.22985601
PEMS08,54,16141,17677,0.9847288520453564,0.0640586735292027,0.2504921,2.3490467,0.3149581,2.4135127
PEMS08,156,16141,17293,0.9847187716410962,-0.040740025553063,0.4035673,0.32824802,0.26561356,0.46620178
PEMS08,153,14797,15885,0.9846681368543964,0.0195095875922308,1.6545715,0.008990765,1.7990942,0.1355319
PEMS08,108,16461,17421,0.9846348744185708,-0.031566748971932,1.2443547,0.4547038,1.1122589,0.322608
PEMS08,46,16333,16653,0.984624399606288,-0.2114622005546625,0.059426308,0.062561035,0.03076315,0.15275049
PEMS08,25,15373,17101,0.9845946479613168,0.0111732562217657,0.25613117,0.89458656,0.38429832,1.0227537
PEMS08,105,14349,16653,0.9845841547427606,-0.088996163256809,0.20865154,0.3087325,0.023861408,0.07621956
PEMS08,46,14733,16461,0.9845683615568804,0.0326551337458494,0.46214056,0.08000755,0.72840977,0.18626165
PEMS08,54,14605,15757,0.984560582153182,0.1651420179589508,0.4909649,0.26833963,0.9525323,0.19322777
PEMS08,23,14733,16461,0.984560490276289,-0.0662562381372936,0.32273245,0.14507723,0.38055182,0.2028966
PEMS08,165,15245,17549,0.9845214816920514,0.1592812881505679,0.58152485,0.25347757,0.26951265,0.058534622
PEMS08,54,14797,16269,0.9845083836128242,0.1088885086536107,0.7042546,0.17362738,0.49519777,0.035429478
PEMS08,163,16589,16653,0.9844926575985168,0.0362412701773279,0.30500412,0.7614579,0.5790286,1.0354824
PEMS08,115,14797,15885,0.9844913727696056,0.010055476131822,1.6605873,0.00440979,1.8170943,0.1609168
PEMS08,74,14797,15885,0.9844913727696056,0.010055476131822,1.6605873,0.00440979,1.8170943,0.1609168
PEMS08,144,14797,15885,0.9844913727696056,0.010055476131822,1.6221685,0.00095558167,1.7697072,0.14658308
PEMS08,145,14797,15885,0.9844913727696056,0.010055476131822,1.6509104,0.0007748604,1.7925296,0.14239407
PEMS08,90,14797,15885,0.9844913727696056,0.010055476131822,1.6605873,0.00440979,1.8170943,0.1609168
PEMS08,75,14797,15885,0.9844913727696056,0.010055476131822,1.6605873,0.00440979,1.8170943,0.1609168
PEMS08,91,14797,15885,0.9844913727696056,0.010055476131822,1.6605873,0.00440979,1.8170943,0.1609168
PEMS08,51,14797,15885,0.9844913727696056,0.010055476131822,1.6605873,0.00440979,1.8170943,0.1609168
PEMS08,116,14797,15885,0.9844913727696056,0.010055476131822,1.6056008,0.00077199936,1.745512,0.14068317
PEMS08,131,14797,15885,0.9844913727696056,0.010055476131822,1.6605873,0.00440979,1.8170943,0.1609168
PEMS08,50,14797,15885,0.9844913727696056,0.010055476131822,1.6605873,0.00440979,1.8170943,0.1609168
PEMS08,158,14925,15181,0.9844847707831847,0.139277146646798,1.3125601,0.051219463,1.3486547,0.015124798
PEMS08,15,14349,16909,0.9844757016853964,-0.2403047938402014,0.54973125,1.0291085,0.45569372,0.935071
PEMS08,105,14733,16461,0.9844663084529798,0.1430219642539969,0.23460531,0.2022314,0.0984025,0.33843422
PEMS08,24,14605,14669,0.98442572149773,0.1196878339530314,0.30898046,0.6834612,0.521461,0.89594173
PEMS08,21,15181,17485,0.9843985291166232,-0.1327866415585624,0.16284418,1.3433461,0.36367607,1.544178
PEMS08,76,17101,17677,0.9843898537191036,0.0741034935648016,0.73012066,0.3902707,0.90073824,0.5608883
PEMS08,118,14349,15501,0.9843896053415592,0.1596763504560373,0.36330223,0.0163126,0.21848536,0.16112947
PEMS08,127,16525,17037,0.9843803430757768,-0.2022772514404243,0.48097515,1.4189095,0.41869164,1.356626
PEMS08,103,14477,16781,0.984376023873847,-0.2426718106468939,0.74733543,0.6556082,0.72130394,0.6295767
PEMS08,134,15949,17101,0.9843571605675984,0.0503007655509107,0.16820812,0.3498211,0.54429483,0.026265621
PEMS08,15,15821,16973,0.9843481291125262,0.0226584528712659,0.08794975,0.1624012,0.32037306,0.3948245
PEMS08,79,15501,17229,0.9843387692425546,-0.1458962003397029,0.07826376,0.1309452,0.22931194,0.4385209
PEMS08,10,15181,15757,0.9843308439586422,0.1308467778149284,0.26290512,0.30421925,0.02401781,0.065331936
PEMS08,22,16461,16781,0.9843308232925638,-0.197612490588911,0.36405945,0.7605076,0.2630906,0.8614764
PEMS08,67,14925,17485,0.98431278490629,-0.0180962442452858,0.48614264,0.4827962,1.0193968,0.050457954
PEMS08,14,14669,16397,0.9843114821330092,0.2273087767715671,0.19550657,0.051935673,0.18734264,0.0600996
PEMS08,110,16973,17549,0.9842796860084324,-0.1791578947123956,0.40051174,0.38711262,0.04164791,0.055047035
PEMS08,141,15885,16525,0.9842762016126676,-0.0755710149317514,0.2859068,1.2117567,0.08288765,1.0087376
PEMS08,80,15885,16525,0.9842762016126676,-0.0755710149317514,0.2859068,1.2117567,0.08288765,1.0087376
PEMS08,126,15885,16525,0.9842762016126676,-0.0755710149317514,0.2605033,1.2188063,0.058233738,1.0165367
PEMS08,142,15885,16525,0.9842762016126676,-0.0755710149317514,0.2859068,1.2117567,0.08288765,1.0087376
PEMS08,122,15885,16525,0.9842762016126676,-0.0755710149317514,0.2859068,1.2117567,0.08288765,1.0087376
PEMS08,121,15885,16525,0.9842762016126676,-0.0755710149317514,0.2859068,1.2117567,0.08288765,1.0087376
PEMS08,61,15885,16525,0.9842762016126676,-0.0755710149317514,0.2859068,1.2117567,0.08288765,1.0087376
PEMS08,123,15885,16525,0.9842762016126676,-0.0755710149317514,0.2859068,1.2117567,0.08288765,1.0087376
PEMS08,48,15885,16525,0.9842762016126676,-0.0755710149317514,0.2859068,1.2117567,0.08288765,1.0087376
PEMS08,125,15885,16525,0.9842762016126676,-0.0755710149317514,0.2886753,1.2147322,0.082731724,1.0087886
PEMS08,81,14797,15885,0.9842746497417614,-0.0003511985612807,1.6862922,0.025692463,1.843698,0.13171339
PEMS08,70,14797,15885,0.9842746497417614,-0.0003511985612807,1.6862922,0.025692463,1.843698,0.13171339
PEMS08,159,14797,15885,0.9842746497417614,-0.0003511985612807,1.6862922,0.025692463,1.843698,0.13171339
PEMS08,83,14797,15885,0.9842746497417614,-0.0003511985612807,1.6862922,0.025692463,1.843698,0.13171339
PEMS08,60,14797,15885,0.9842746497417614,-0.0003511985612807,1.690784,0.0148739815,1.8541999,0.14854193
PEMS08,55,14797,15885,0.9842746497417614,-0.0003511985612807,1.6862922,0.025692463,1.843698,0.13171339
PEMS08,73,14797,15885,0.9842746497417614,-0.0003511985612807,1.6862922,0.025692463,1.843698,0.13171339
PEMS08,84,14797,15885,0.9842746497417614,-0.0003511985612807,1.6862922,0.025692463,1.843698,0.13171339
PEMS08,65,15821,16973,0.9842660067093634,-0.2820857494033988,0.012138844,0.348104,0.15349245,0.2067504
PEMS08,40,15565,16141,0.9842285564766832,-0.0215059825771533,0.22198772,0.0668993,0.12063742,0.1682496
PEMS08,43,14733,17677,0.984225643657798,0.0662048653099421,0.5814562,0.48524666,0.5150447,0.41883516
PEMS08,65,16781,17613,0.984207411157886,-0.1419504512731633,0.061164856,0.11825895,0.18665028,0.007226467
PEMS08,124,14797,15885,0.9841862652067748,-0.0299805076586879,1.6510825,0.0010633469,1.7629166,0.112897396
PEMS08,71,14733,16461,0.9841751462486718,-0.0978746580236907,1.2229543,0.3035903,1.2807679,0.24577665
PEMS08,54,16013,17741,0.9840768105705816,0.2401487388500459,0.07617283,0.18681717,0.12718725,0.016542912
PEMS08,107,15565,16141,0.9840709559064068,0.1481575466345122,0.08786678,0.7984853,0.040634632,0.66998386
PEMS08,134,14925,15501,0.9840660759726594,0.0067798153029489,0.30855417,0.33752108,0.2002902,0.2292571
PEMS08,0,14669,16333,0.984049292902704,0.1833074767215168,0.21521282,0.14685774,0.41182137,0.34346628
PEMS08,19,14605,14669,0.984028351465943,-0.1845760822418192,0.27170372,0.17235756,0.12436485,0.56842613
PEMS08,77,15885,17037,0.984019419920933,0.209652663525191,0.30755234,1.1909227,0.5744848,0.92399025
PEMS08,14,14733,16461,0.9840045848857792,0.2811591009807477,0.58293295,0.1615758,0.48544788,0.25906086
PEMS08,29,14989,17293,0.9839840088391992,0.1119166834492019,0.056554317,0.3944602,0.20315647,0.24785805
PEMS08,76,14477,16781,0.9839491076345512,0.0700210594758319,0.20038366,0.64206123,0.22543478,0.66711235
PEMS08,12,14733,16781,0.9839359063257812,-0.1035034033671088,0.15892029,0.6595235,0.264925,0.7655282
PEMS08,52,16333,17229,0.9838987765883146,-0.0495752629955317,0.91954327,0.33574247,0.5382314,0.04556942
PEMS08,14,15757,17485,0.983853157800947,0.2323530344581538,0.18246889,0.40324926,0.118042946,0.4676752
PEMS08,79,14989,15565,0.9838304131065232,0.2923282923935185,0.2632432,0.4965067,0.18482876,0.57492113
PEMS08,109,14797,15885,0.9838189116131356,-0.0113186803915309,1.6497798,0.034225464,1.8090658,0.12506056
PEMS08,62,14797,15885,0.9838189116131356,-0.0113186803915309,1.6497798,0.034225464,1.8090658,0.12506056
PEMS08,154,14797,15885,0.9838189116131356,-0.0113186803915309,1.637577,0.0028295517,1.760427,0.12002039
PEMS08,50,14733,17101,0.9837771341081324,-0.035479457681768,1.1142244,1.6887426,1.331099,1.9056172
PEMS08,145,14733,17101,0.9837771341081324,-0.035479457681768,1.1186147,1.7296467,1.3114161,1.9224482
PEMS08,116,14733,17101,0.9837771341081324,-0.035479457681768,1.1549821,1.7719336,1.2373748,1.8543262
PEMS08,144,14733,17101,0.9837771341081324,-0.035479457681768,1.1634874,1.7515607,1.2482071,1.8362803
PEMS08,131,14733,17101,0.9837771341081324,-0.035479457681768,1.1142244,1.6887426,1.331099,1.9056172
PEMS08,91,14733,17101,0.9837771341081324,-0.035479457681768,1.1142244,1.6887426,1.331099,1.9056172
PEMS08,75,14733,17101,0.9837771341081324,-0.035479457681768,1.1142244,1.6887426,1.331099,1.9056172
PEMS08,115,14733,17101,0.9837771341081324,-0.035479457681768,1.1142244,1.6887426,1.331099,1.9056172
PEMS08,51,14733,17101,0.9837771341081324,-0.035479457681768,1.1142244,1.6887426,1.331099,1.9056172
PEMS08,90,14733,17101,0.9837771341081324,-0.035479457681768,1.1142244,1.6887426,1.331099,1.9056172
PEMS08,74,14733,17101,0.9837771341081324,-0.035479457681768,1.1142244,1.6887426,1.331099,1.9056172
PEMS08,129,15309,17037,0.9837728015319812,0.1342043149316689,0.116817,0.6864605,0.17895031,0.7485938
PEMS08,37,14733,16461,0.983766357432876,0.2906330260172322,0.031425476,0.051312447,0.058851242,0.03896427
PEMS08,102,14925,15501,0.9837658519135783,-0.1527564181465769,1.139276,0.32474804,1.191112,0.37658405
PEMS08,107,14349,17229,0.9837629096453618,-0.1209276014282622,0.0023202896,0.40965986,0.014614582,0.42659473
PEMS08,24,14477,16781,0.9837623559792036,-0.3014614976876627,0.6408267,0.74771166,0.61456156,0.7214465
PEMS08,140,14797,15629,0.98375795343699,-0.1115968877197449,0.039268494,0.80794716,0.03007412,0.73860455
PEMS08,85,15885,16525,0.9837462452327396,-0.0279771603183954,0.27160835,1.2142096,0.09148836,1.0340896
PEMS08,21,15117,15949,0.983721421963756,0.0460948196449242,0.012826443,0.63694906,0.27570915,0.92548466
PEMS08,101,14349,14925,0.983708044666668,0.1364275337095866,0.0149822235,0.5500431,0.17591143,0.35914946
PEMS08,128,15245,16973,0.9836817922635508,0.0228583615532862,0.18502283,0.1283369,0.084014416,0.027328491
PEMS08,57,15821,17549,0.983674659475334,0.2365378796473231,0.0029759407,0.049215794,0.013839722,0.060079575
PEMS08,8,15885,17613,0.9836668974602432,0.2721048931393079,0.060129642,0.24581575,0.01535368,0.29059172
PEMS08,97,14413,17293,0.9836568385187942,0.2938128365523501,0.08475876,0.6378174,0.64777994,0.0747962
PEMS08,107,14669,16397,0.9836362560552538,0.0915502873745381,0.6083765,0.28364182,0.55834055,0.33367777
PEMS08,77,15629,16397,0.9836282353254028,0.1258379223089901,1.2125092,0.330935,0.8613157,0.020258427
PEMS08,OT,15757,17485,0.9835858624109568,0.0311864318970621,0.092614174,0.41337395,0.45677042,0.0492177
PEMS08,1,14733,16461,0.9835725569630712,0.2631640893352301,0.42478275,0.1839304,0.3833022,0.14244986
PEMS08,5,14669,17229,0.9835278503060846,-0.0574347686340846,0.06887293,0.3201251,0.15030622,0.10094595
PEMS08,52,16013,17165,0.983521561438502,0.1308792770711717,0.2293849,0.036735058,0.16133547,0.031314373
PEMS08,15,14925,16077,0.9834991985585168,0.1807979828319587,0.07292509,0.1300826,0.44808102,0.3909235
PEMS08,162,16781,17421,0.98347275868614,-0.0784380795585889,1.0378814,0.14236546,1.0942879,0.08595896
PEMS08,161,15245,17549,0.9834671205982516,0.0401009260489648,0.11797953,0.04600954,0.18976068,0.025771618
PEMS08,78,16333,17357,0.9834310288678404,0.0223783809356495,1.7617297,0.16751671,1.2418189,0.6874275
PEMS08,73,14733,17101,0.9833991247629148,-0.0107279886854129,1.1301284,1.7041535,1.3473172,1.9213424
PEMS08,70,14733,17101,0.9833991247629148,-0.0107279886854129,1.1301284,1.7041535,1.3473172,1.9213424
PEMS08,84,14733,17101,0.9833991247629148,-0.0107279886854129,1.1301284,1.7041535,1.3473172,1.9213424
PEMS08,159,14733,17101,0.9833991247629148,-0.0107279886854129,1.1301284,1.7041535,1.3473172,1.9213424
PEMS08,55,14733,17101,0.9833991247629148,-0.0107279886854129,1.1301284,1.7041535,1.3473172,1.9213424
PEMS08,81,14733,17101,0.9833991247629148,-0.0107279886854129,1.1301284,1.7041535,1.3473172,1.9213424
PEMS08,83,14733,17101,0.9833991247629148,-0.0107279886854129,1.1301284,1.7041535,1.3473172,1.9213424
PEMS08,60,14733,17101,0.9833991247629148,-0.0107279886854129,1.1513596,1.7803378,1.2921,1.9210782
PEMS08,160,14477,16781,0.9833986225559436,-0.0128320984664346,0.1552949,0.6133361,0.37269068,0.83073187
PEMS08,16,14349,16077,0.9833826820880528,0.0347579918610623,0.06367397,0.23479939,0.21643734,0.045311928
PEMS08,12,14797,15309,0.98336367615275,-0.3181216459609519,1.6079235,0.17522764,1.7736506,0.34095478
PEMS08,33,15565,17293,0.983343887508296,0.2734572733064854,0.21584368,0.6446099,0.2516656,0.17710066
PEMS08,132,14669,15501,0.9833411197844828,-0.1753985673457717,0.7757726,0.64921665,0.7937298,0.66717386
PEMS08,77,15181,15757,0.9833354718128928,0.1370890565791343,0.5965109,0.31631088,0.39044666,0.11024666
PEMS08,167,16077,17229,0.9832827554361872,0.195646318160848,0.089934826,0.7755251,0.1598053,0.52578497
PEMS08,32,16461,16781,0.9832595205649692,-0.031997742130181,0.5427108,0.37243032,0.46409178,0.45104933
PEMS08,12,14349,16909,0.9832548552490076,0.1443677720256917,0.84939194,1.3305106,0.60338163,1.0845003
PEMS08,98,15181,15757,0.9832060279716398,-0.1124353054203806,0.42801476,0.60439205,0.3786273,0.6537795
PEMS08,114,15501,17485,0.9831967905524208,-0.0363382076500381,0.42915583,0.5085597,0.69641113,0.775815
PEMS08,34,14477,16781,0.9831959193748202,0.2636281389041722,0.047893047,0.32227182,0.18291664,0.18724823
PEMS08,5,14733,16461,0.9831025824809358,0.0001121337832749,1.5408788,0.12181997,1.146368,0.27269077
PEMS08,72,14989,16141,0.98308569370318,0.1337709749690559,0.107020855,0.48408508,0.032289505,0.34477472
PEMS08,77,16333,17485,0.9830664567915868,0.0702853692794379,0.05815649,0.03273964,0.18523836,0.09434223
PEMS08,59,15565,17293,0.9830575668261784,0.0544577135275951,0.115961075,0.23383522,0.16698647,0.18280983
PEMS08,165,14477,16781,0.9830564128702292,-0.0600697516030004,0.15776396,0.607141,0.1265626,0.6383424
PEMS08,103,14925,16077,0.9830337545312936,-0.0867494340334333,1.3662801,0.34116745,1.4247837,0.39967108
PEMS08,19,15181,17485,0.9830132617216978,0.0161420196457951,0.1370945,0.47294712,0.13503885,0.20081377
PEMS08,1,14477,16781,0.9830106841607013,0.0586942880853966,0.022264957,0.2416954,0.14280081,0.07662964
PEMS08,150,16397,16973,0.983001138813014,0.1602693015472449,0.48319674,0.5492101,0.20547867,0.271492
PEMS08,98,14925,16077,0.982990033702218,0.1408312663312437,0.49699068,0.33758116,0.82210875,0.012463093
PEMS08,153,14733,17101,0.98296841453829,-0.0545700302685319,1.1246004,1.730865,1.2828279,1.8890924
PEMS08,58,16141,17293,0.9829342555269036,0.0815677554468949,0.06342554,0.02188778,0.04280281,0.12811613
PEMS08,94,15309,17037,0.9829098007214992,0.0692832479599717,0.57858944,0.5455141,0.63018227,0.59710693
PEMS08,79,14349,16653,0.982905610481003,0.1094611755072661,0.18143225,0.118783474,0.11997509,0.18024063
PEMS08,166,15629,17357,0.9828834718496527,0.0723874805593812,0.15257406,0.018751144,0.30757427,0.17375135
PEMS08,87,15757,17485,0.9828814232199172,-0.1469431907394565,0.25554276,0.32359457,0.05506611,0.123117924
PEMS08,15,14605,16333,0.982874463476934,0.1374400563061451,0.2535901,0.07370472,0.41419744,0.08690262
PEMS08,129,15437,16013,0.9828723891659936,0.138507389689863,0.18556881,0.10222292,0.2173338,0.30067968
PEMS08,158,15117,17613,0.9828483537088978,0.2428483413372984,0.10471964,0.287642,0.1970892,0.58945084
PEMS08,61,14733,17101,0.9827893517007182,-0.0314025416532647,1.1382918,1.6468687,1.3621669,1.8707438
PEMS08,125,14733,17101,0.9827893517007182,-0.0314025416532647,1.1368604,1.6479764,1.3597913,1.8709073
PEMS08,122,14733,17101,0.9827893517007182,-0.0314025416532647,1.1382918,1.6468687,1.3621669,1.8707438
PEMS08,80,14733,17101,0.9827893517007182,-0.0314025416532647,1.1382918,1.6468687,1.3621669,1.8707438
PEMS08,121,14733,17101,0.9827893517007182,-0.0314025416532647,1.1382918,1.6468687,1.3621669,1.8707438
PEMS08,126,14733,17101,0.9827893517007182,-0.0314025416532647,1.1477833,1.7707267,1.2270427,1.8499861
PEMS08,141,14733,17101,0.9827893517007182,-0.0314025416532647,1.1382918,1.6468687,1.3621669,1.8707438
PEMS08,48,14733,17101,0.9827893517007182,-0.0314025416532647,1.1382918,1.6468687,1.3621669,1.8707438
PEMS08,64,14733,17101,0.9827893517007182,-0.0314025416532647,0.8263211,1.5014029,0.9523792,1.627461
PEMS08,142,14733,17101,0.9827893517007182,-0.0314025416532647,1.1382918,1.6468687,1.3621669,1.8707438
PEMS08,123,14733,17101,0.9827893517007182,-0.0314025416532647,1.1382918,1.6468687,1.3621669,1.8707438
PEMS08,1,15821,16717,0.98277665313367,-0.0469548527217588,0.5485096,0.28785467,0.5402641,0.29610014
PEMS08,58,16781,17421,0.9827733852955116,0.0693466944948658,1.0116663,0.74199486,0.71857977,0.44890833
PEMS08,167,14477,15693,0.982769470279012,-0.0669461610585051,0.35493183,0.151752,0.18996143,0.3167224
PEMS08,130,14349,16653,0.982745049377212,0.0532431628342866,0.054918766,0.30850744,0.069565296,0.2938609
PEMS08,98,14477,16461,0.9827253161716296,0.0239329463010941,0.3374982,0.10836172,0.18438339,0.26147652
PEMS08,45,14669,16397,0.9827211523915976,0.2025513879284775,0.03728342,0.14782906,0.12117958,0.063932896
PEMS08,11,15885,16781,0.98271584647583,-0.1092355962696906,0.6526084,0.45473576,0.34385204,0.7634921
PEMS08,39,15501,16333,0.9827059882284775,-0.1178943160230509,0.16941786,0.78884554,0.4564948,1.0759225
PEMS08,124,14733,17101,0.9826765330592095,-0.0213437660912286,1.1437163,1.6477528,1.3714538,1.8754902
PEMS08,16,14477,16781,0.9826577597121566,0.1244540496081386,0.38127375,0.81450415,0.29712963,0.89864826
PEMS08,OT,14925,17229,0.9826163536223924,0.1319091620983936,0.18343258,1.2633953,0.4279766,1.0188513
PEMS08,19,15437,17165,0.9826045338603984,0.1590412552709297,0.61113024,0.20844173,0.6129842,0.20658779
PEMS08,95,14477,16461,0.982540158493728,0.1107053086083144,0.48368979,0.43518448,0.44921923,0.46965504
PEMS08,63,15309,17037,0.9824853360746056,0.1779352199583188,0.14084768,2.0959158,0.089673996,2.1470895
PEMS08,98,14669,17229,0.9824727561989636,-0.0121091889680174,0.21987629,0.83467484,0.1862297,0.8683214
PEMS08,94,16461,16781,0.9823674456198946,0.1009835326525561,0.43501854,0.3691969,0.12645817,0.67775726
PEMS08,86,14733,16461,0.9823534952619698,0.2040023159581732,0.78605413,0.24133778,0.5911584,0.04644203
PEMS08,OT,15309,17613,0.9823368589212268,0.0334956915880459,0.63412905,0.21671486,0.4773798,0.05996561
PEMS08,33,14349,15181,0.9823161886973716,-0.0973003668917177,0.8705225,0.17693663,0.7057061,0.012120247
PEMS08,36,15565,17101,0.98227224922513,-0.0865919265847855,0.3612337,1.2452288,0.7605958,1.6445909
PEMS08,14,15309,17037,0.9822329520561046,0.2099665760590187,0.2459364,0.99474335,0.07978296,1.1608968
PEMS08,22,14669,16397,0.9822311432853416,0.1292962489492957,0.76290846,0.4323578,0.36904907,0.0384984
PEMS08,129,15117,15693,0.98222564245158,0.1442394945661761,0.7905865,0.015728474,0.80982256,0.03496456
PEMS08,66,16973,17549,0.9822036883833918,0.0750979656982559,0.18233442,0.16232634,0.023702621,0.04371071
PEMS08,5,14349,16333,0.9821723369812044,0.1591689128270675,0.30035067,0.86482525,0.081353664,0.48312092
PEMS08,99,16653,17165,0.982160145016874,0.0612650217607881,0.64600706,0.59806585,0.37829304,0.33035183
PEMS08,166,14605,16397,0.9821496853638916,0.0304193519543202,0.9834862,1.3211884,0.55144453,0.8891468
PEMS08,25,14477,16781,0.9821467232398108,-0.0491857713420884,0.52762175,0.9558029,0.6122303,1.0404115
PEMS08,31,14797,15373,0.9821387556727752,0.0589856863135215,0.052375317,0.16421843,0.12264013,0.09395361
PEMS08,79,14733,15949,0.9821378596283812,0.2331378993686117,0.6630726,0.5718708,0.45378923,0.36258745
PEMS08,44,15821,16973,0.9821249830334756,0.1013957839398552,0.019139767,0.38910103,0.06884146,0.47708225
PEMS08,16,17165,17741,0.9820695272778952,0.0446477235761672,0.47169256,0.07090044,0.33129358,0.06949854
PEMS08,130,14733,16461,0.9820458688701548,0.1334389141552052,0.19711828,0.03615141,0.19836855,0.034901142
PEMS08,35,14669,17485,0.9820390325437562,0.2737472684394068,0.18008327,0.20938158,0.27083158,0.3001299
PEMS08,57,16013,17741,0.982020677990198,0.1158915150277516,0.024672508,0.5461049,0.17882395,0.34260845
PEMS08,76,14797,16525,0.9820150740011098,0.01002053968633,0.7963152,0.8001342,0.8592391,0.7372103
PEMS08,59,14989,16141,0.981969725808418,-0.0630923715746866,0.24426508,0.6312809,0.041098118,0.42811394
PEMS08,54,14733,14989,0.9819390874842546,0.1562731931644402,1.0203443,0.5872021,1.2704492,0.837307
PEMS08,20,15437,16013,0.9819306174781166,-0.0937718780835797,0.41669273,0.16735697,0.0036559105,0.5803938
PEMS08,63,14861,16333,0.9818948285175124,-0.1206832785388489,0.39389658,0.60252,0.57720566,0.78582907
PEMS08,59,14669,17485,0.9817368928022076,0.0229786452875567,0.54957056,0.15817547,1.0084925,0.30074644
PEMS08,38,14349,16653,0.9817278710371328,-0.0039326373456291,0.51683855,0.22290468,0.558197,0.26426315
PEMS08,54,14477,15309,0.9817151797833592,0.2197361638797755,0.8661504,0.029600143,0.8180895,0.01846075
PEMS08,120,16461,16781,0.9816750999206648,0.039414018343756,0.49717999,0.53038645,0.36053705,0.6670294
PEMS08,120,16013,17485,0.9816494457463332,0.1709745516113578,0.2412467,0.6498003,0.00071287155,0.40784073
PEMS08,34,16973,17549,0.9816263331323546,-0.2243778173563419,0.052382946,0.1838603,0.08405781,0.21553516
PEMS08,155,15245,17549,0.9815482867939416,0.1878184755869652,1.6528668,0.6751313,1.2181044,0.24036884
PEMS08,130,14861,15501,0.9815410915505444,-0.0013923127244226,1.2282052,0.7213979,1.1298518,0.6230445
PEMS08,120,17229,17741,0.9815108899750664,-0.1764123301892531,0.63539314,0.22167587,0.90462875,0.49091148
PEMS08,93,15693,17421,0.9815018229227336,0.0348517897012373,0.13461828,0.42934465,0.4641781,0.16945171
PEMS08,143,15437,16589,0.9815012805979478,-0.1141025220797033,0.8708949,0.239892,0.5856333,0.52515364
PEMS08,37,14349,16077,0.9814985581647354,0.2217859378127075,0.24951744,0.3746028,0.05186701,0.17695236
PEMS08,56,15757,16333,0.9814410654769816,0.0608732494727952,0.29478025,0.13123322,0.12911654,0.29266357
PEMS08,119,14349,16077,0.9814391589467206,0.0044097768706608,0.06357622,0.09106207,0.15979862,0.13231277
PEMS08,161,14605,16397,0.98142569863543,0.194723215668216,1.9258127,0.5460725,1.8582797,0.47853947
PEMS08,67,15693,16781,0.9814199754704006,0.1270844774348043,0.30421495,0.39171267,0.6402044,0.72770214
PEMS08,97,14733,15693,0.9814058077894476,0.033421555596409,0.9138894,0.5773802,0.27270794,0.06380129
PEMS08,93,15949,17677,0.9814027582119724,0.1636651008990228,0.22091627,0.058541775,0.08363438,0.19582367
PEMS08,66,15501,16077,0.9813944069430568,0.0501430174804737,0.01979971,0.23005676,0.10972166,0.10053539
PEMS08,78,15181,15821,0.9813842897492157,-0.0065106347548478,1.1631417,1.0777364,1.3901715,1.3047662
PEMS08,63,15949,17677,0.9813824193874192,-0.158413988139169,0.25218058,0.44051886,0.56570816,0.12699127
PEMS08,1,14669,16077,0.9813729868175424,-0.1739400103693797,0.11748123,0.38462543,0.18056488,0.44770908
PEMS08,96,15629,16333,0.9813559552924226,0.2163914310607042,0.10676241,0.45537806,0.08224535,0.6443858
PEMS08,OT,16141,17293,0.981337404939373,0.2814225284007535,0.061211586,0.24578142,0.098174095,0.08639574
PEMS08,26,14733,16461,0.9813355234948058,0.2326110174617176,0.20372581,0.23535347,0.049579144,0.017951488
PEMS08,77,14669,15501,0.9813343048224018,-0.0088421299042157,0.26706648,0.2514429,0.41169024,0.39606667
PEMS08,140,14733,16461,0.9813331317404532,0.0944769310342331,0.43521595,0.075193405,0.10475874,0.40565062
PEMS08,26,14669,15501,0.981324927707821,0.0008720764031046,0.0636754,0.6621685,0.08957195,0.50892115
PEMS08,24,15309,15885,0.98130952407422,0.1272715585048855,1.1141429,0.23830223,1.3069639,0.045481205
PEMS08,29,15117,17101,0.9812860239029518,-0.0844071886740197,0.19491053,0.13636446,0.14522123,0.2037673
PEMS08,104,16333,17485,0.9812632759725558,-0.075128768098393,0.19375753,0.1899004,0.31486845,0.06878948
PEMS08,89,15117,15693,0.9812583226304752,0.2183851806557629,0.9035015,0.6255989,1.4340186,0.095081806
PEMS08,52,16461,16781,0.9812298423018156,-0.0965144105762841,0.21051216,0.9793353,0.43885517,0.7509923
PEMS08,112,15885,17037,0.9812206585470246,0.2365211631958125,0.28209496,0.33647537,0.07394457,0.12832499
PEMS08,79,15821,17549,0.98118343761493,0.185453899826447,0.22111273,0.13818693,0.18823195,0.17106771
PEMS08,135,15181,17357,0.981182990246299,-0.13009513813887,1.1163368,0.64383316,1.4589906,0.3011794
PEMS08,78,14413,16717,0.9811807238574792,0.0203472212084473,0.1918807,0.52196455,0.26566124,0.5957451
PEMS08,127,14605,16973,0.9811641692422726,0.0815649190464149,0.7803321,0.2671075,0.978982,0.46575737
PEMS08,18,14669,16333,0.9811473969564052,0.1858322606131884,0.039036274,0.6030264,0.20421696,0.7682071
PEMS08,26,15757,17485,0.9811374136079284,-0.147929784424413,0.24376202,0.08797169,0.017790794,0.17358112
PEMS08,147,15565,17293,0.9811339116797946,0.2401562332447425,0.2747302,0.5023384,0.00533247,0.22227573
PEMS08,21,16141,17293,0.9811145592356354,0.2492432829058966,0.0110526085,0.11709452,0.048285484,0.057756424
PEMS08,72,15821,17549,0.9810200679465672,0.115747860547309,0.039120197,0.0764246,0.1030736,0.012471199
PEMS08,108,14477,16781,0.9809745892699374,-0.110095434771546,0.49673414,0.8467202,0.20879126,0.55877733
PEMS08,105,14669,16397,0.9809382590740924,0.0735266679821007,0.061762333,0.13084269,0.33867168,0.40775204
PEMS08,113,15181,16333,0.9809224829864568,0.1725726259735013,0.33553505,0.35567904,0.71885633,0.02764225
PEMS08,112,14669,16397,0.9809170012548468,0.0289955296573429,0.16862011,0.031990528,0.06063652,0.13997412
PEMS08,107,16525,16781,0.9808929605320722,-0.0386144751150448,0.74204445,2.6634002,0.8048129,2.6006317
PEMS08,22,14349,15757,0.980850632262394,0.0255251396848943,0.19779778,0.11875343,0.18559885,0.10655451
PEMS08,160,15565,16141,0.9808467215576088,0.2571582934189079,0.36491442,0.32377338,0.29206944,0.39661837
PEMS08,149,14733,17101,0.980810142913784,-0.0322385883184198,1.1431451,1.6012197,1.3610487,1.8191233
PEMS08,154,14733,17101,0.980810142913784,-0.0322385883184198,1.2264957,1.6721973,1.2793956,1.7250972
PEMS08,109,14733,17101,0.980810142913784,-0.0322385883184198,1.1431446,1.6012206,1.3610477,1.8191237
PEMS08,62,14733,17101,0.980810142913784,-0.0322385883184198,1.1431446,1.6012206,1.3610477,1.8191237
PEMS08,72,14669,15181,0.9808039905371384,0.0107230698245581,0.7413211,0.7807517,0.8106017,0.8500323
PEMS08,137,15437,17165,0.9807772760685416,-0.0352407039178926,0.5531168,0.007916927,0.43363,0.12740374
PEMS08,43,14349,16653,0.980773874059132,-0.0029885605945934,0.11554384,0.5916085,0.4152875,0.060777187
PEMS08,166,16973,17677,0.9807619461202152,0.1941054303005877,0.5141549,0.39160347,0.42492008,0.30236864
PEMS08,76,14733,16461,0.9806723614183566,0.0754980722185496,0.56454134,0.9981575,0.49303627,1.0696626
PEMS08,138,14797,16781,0.9806705230925504,-0.1101924196814843,0.51107216,0.060205936,0.24917269,0.3221054
PEMS08,82,15181,16333,0.9806673369149254,-0.0832397244935552,0.42052746,0.51662636,0.2762537,0.3723526
PEMS08,140,15885,17037,0.9806655106249208,0.0643998967015797,0.0527215,0.16860056,0.07434988,0.14697218
PEMS08,162,14925,16077,0.9806565017815764,0.1146715201643144,1.7666416,0.33034897,1.6349082,0.4620824
PEMS08,47,14669,16973,0.980560049204794,0.023955146625873,0.583498,0.39484978,0.2887373,0.10008907
PEMS08,71,15437,16589,0.9805507766440272,0.2349364873641921,0.18854475,0.12711668,0.27101135,0.33243942
PEMS08,44,15309,17037,0.9805083826918948,0.1379887086449072,0.06552982,0.4441719,0.23972988,0.61837196
PEMS08,92,14477,16461,0.9805000932642728,0.1004009488907478,0.3561859,0.48648453,0.084634304,0.04566431
PEMS08,139,15309,15885,0.980456354429422,0.2327002004043288,0.21469116,0.0998745,0.0206666,0.13548326
PEMS08,162,14669,16397,0.9804040795722632,0.0265382162843126,0.75198174,0.3791771,0.22711992,0.14568472
PEMS08,108,14989,15565,0.9803996124225904,0.1753153294771159,0.03161478,0.91676235,0.15723944,0.72790813
PEMS08,113,14477,16461,0.980377244048075,-0.0828713831495221,1.0311155,0.0017676353,0.84747505,0.18540812
PEMS08,134,15117,15373,0.9803586350935451,0.0266251705123824,0.14056158,0.4977417,0.6720829,1.029263
PEMS08,149,15693,17613,0.9803448800829042,0.0443259345932656,1.27982,0.29136753,1.717433,0.72898054
PEMS08,28,16397,17485,0.9803367704704644,0.0528223317954782,0.1912098,0.8417678,0.08628273,1.1192603
PEMS08,99,15053,17357,0.9803363791649664,0.0289236339537703,0.026935577,0.38794518,0.31579494,0.7306757
PEMS08,120,15565,17293,0.9803247482267556,0.1115472281405016,0.15418482,0.528646,0.28195095,0.6564121
PEMS08,33,15501,16397,0.9803101824059148,-0.0936753036849403,0.4285984,0.32740974,0.18692446,0.5690837
PEMS08,138,16589,16653,0.980303669416926,-0.0156641557365047,0.11965513,0.23284483,0.39971542,0.5129051
PEMS08,71,15757,17485,0.9803032819213,0.1674029902791786,0.21632099,0.30882168,0.004831314,0.097332
PEMS08,52,15629,16397,0.980271726624226,-0.276457254682838,2.1878738,0.55628204,1.8789592,0.24736738
PEMS08,74,16013,17741,0.9802699466787018,-0.0051303770970983,0.08325958,0.15185452,0.11925697,0.115857124
PEMS08,85,16013,17741,0.9802699466787018,-0.0051303770970983,0.079794884,0.13778973,0.09866238,0.11892223
PEMS08,90,16013,17741,0.9802699466787018,-0.0051303770970983,0.08325958,0.15185452,0.11925697,0.115857124
PEMS08,91,16013,17741,0.9802699466787018,-0.0051303770970983,0.08325958,0.15185452,0.11925697,0.115857124
PEMS08,75,16013,17741,0.9802699466787018,-0.0051303770970983,0.08325958,0.15185452,0.11925697,0.115857124
PEMS08,145,16013,17741,0.9802699466787018,-0.0051303770970983,0.07116842,0.1489687,0.113366604,0.106770515
PEMS08,115,16013,17741,0.9802699466787018,-0.0051303770970983,0.08325958,0.15185452,0.11925697,0.115857124
PEMS08,51,16013,17741,0.9802699466787018,-0.0051303770970983,0.08325958,0.15185452,0.11925697,0.115857124
PEMS08,131,16013,17741,0.9802699466787018,-0.0051303770970983,0.08325958,0.15185452,0.11925697,0.115857124
PEMS08,50,16013,17741,0.9802699466787018,-0.0051303770970983,0.08325958,0.15185452,0.11925697,0.115857124
PEMS08,144,16013,17741,0.9802699466787018,-0.0051303770970983,0.061181545,0.15566301,0.12001991,0.096824646
PEMS08,116,16013,17741,0.9802699466787018,-0.0051303770970983,0.06654549,0.15635872,0.11806917,0.10483503
PEMS08,45,14797,15885,0.9801981418918014,0.0015252989429852,0.42918444,0.23415995,0.48909187,0.17425251
PEMS08,36,16525,16781,0.9801859822606548,-0.0322396585168451,0.09285927,1.1206532,0.29455853,0.73323536
PEMS08,100,14349,16589,0.9801216116855284,0.0284000701554055,0.8032999,0.22535086,1.0033846,0.42543554
PEMS08,34,15437,17165,0.9801206214992492,0.163640122334943,0.035936356,0.74410534,0.25496244,0.52507925
PEMS08,140,15501,16077,0.980056850875605,0.2435703833525744,0.17308998,0.61324215,0.60084057,0.18549156
PEMS08,9,15757,16653,0.9800404473257942,0.144549035164337,0.09111643,0.39232588,0.04015255,0.341362
PEMS08,89,14477,16461,0.9800259364619792,0.1175993102179312,0.7149701,0.044621944,0.623333,0.04701519
PEMS08,6,14605,17357,0.9800242915724644,0.0677552634677698,0.80079937,0.36635828,0.8551245,0.31203318
PEMS08,18,14733,16461,0.9798567474616662,0.2160322453145743,0.7093344,0.24137783,0.32443953,0.14351702
PEMS08,17,16525,17613,0.9798021392887868,-0.2899019919973403,1.1467457,0.10622406,1.4798851,0.22691536
PEMS08,69,15501,16077,0.9797926530676948,0.1429260247134646,0.20199537,0.2801776,0.29040432,0.2122221
PEMS08,88,15501,17485,0.9797892373057844,-0.1260966449526603,1.2024665,1.3171129,1.0122671,1.1269135
PEMS08,24,15757,16397,0.9797741319802956,-0.061005100837896,0.62585783,0.40726042,0.27204514,0.053447723
PEMS08,100,15949,17421,0.9797477984282856,-0.1409252871731172,0.70225716,0.3747692,0.78055763,0.4530697
PEMS08,7,16141,17293,0.97973520905914,0.0187805608930431,0.2368331,0.26395655,0.21108294,0.2897067
PEMS08,147,17037,17613,0.97972771970003,0.2615621721035658,0.93742514,0.31967926,0.53452206,0.08322382
PEMS08,89,14733,16781,0.9797003605061962,-0.135682519428253,0.069312096,0.80078745,0.051722527,0.7831979
PEMS08,71,14349,16909,0.9796880580346627,0.160397050689244,0.24125862,1.7013087,0.11323452,1.3468156
PEMS08,118,14477,14797,0.9796608188107808,-0.0250848685889073,0.45639277,0.17416477,0.44422483,0.16199684
PEMS08,28,16269,17613,0.9796542403699824,0.2776669400219531,0.7161374,0.41522026,1.0510178,0.7501006
PEMS08,135,14669,17485,0.9796535996952128,-0.1223159333048966,0.3394909,0.33264494,0.7439532,0.7371073
PEMS08,13,14925,16333,0.9796476338326872,-0.0266511773086997,0.22834301,0.03357172,0.3343563,0.13958502
PEMS08,153,16013,17741,0.979640905367885,0.0010183936055899,0.06999254,0.15382814,0.114124775,0.10969591
PEMS08,103,14605,14669,0.9795842602543808,0.1422065536793678,0.30727243,0.729332,0.3262415,0.748301
PEMS08,136,14989,16781,0.9795781702520364,-0.0223981165910011,0.046509266,0.45956182,0.3016038,0.8076749
PEMS08,111,16013,17165,0.9795716120326138,0.1708015073554818,0.034581184,0.909214,0.23372507,0.64090776
PEMS08,146,15437,17165,0.9795472064119868,0.1664648410404442,0.14854431,0.6977253,0.24606419,0.6002054
PEMS08,124,16013,17741,0.9794475131838296,0.0073425659808831,0.062453747,0.11700964,0.06468487,0.11477852
PEMS08,88,15181,16397,0.9794401543059572,0.1085777679718839,0.029045105,1.1833258,0.24047565,0.913805
PEMS08,111,14349,16909,0.9794132196256372,0.0181195952736053,0.12037754,1.4181542,0.22106695,1.5188437
PEMS08,109,16013,17741,0.979338964113576,0.0302817591984674,0.06741333,0.13776827,0.09523964,0.10994196
PEMS08,62,16013,17741,0.979338964113576,0.0302817591984674,0.06741333,0.13776827,0.09523964,0.10994196
PEMS08,149,16013,17741,0.979338964113576,0.0302817591984674,0.18179703,0.116630554,0.16871643,0.12971115
PEMS08,154,16013,17741,0.979338964113576,0.0302817591984674,0.045949936,0.121861935,0.080935,0.08687687
PEMS08,63,15437,17741,0.9793269905377954,0.1013972156145848,0.5739207,0.666306,0.58529806,0.6549287
PEMS08,66,16397,17229,0.9793075663587768,0.0436958643095257,0.20291471,0.30643559,0.08489752,0.18841839
PEMS08,52,14285,14349,0.9792880718463304,0.0174741861562298,0.964911,0.85544634,1.0926213,0.9831567
PEMS08,63,16205,16397,0.979226314881552,0.0380576404983127,0.34792566,1.2528367,0.59685993,1.501771
PEMS08,43,16781,17421,0.9792219543695552,0.0383447260115847,0.6225519,0.74222374,0.22891188,0.3485837
PEMS08,61,16013,17741,0.9791521012791352,0.0109402390028311,0.061636925,0.12822819,0.073581696,0.11628342
PEMS08,126,16013,17741,0.9791521012791352,0.0109402390028311,0.054696083,0.13644361,0.084257126,0.10688257
PEMS08,80,16013,17741,0.9791521012791352,0.0109402390028311,0.061636925,0.12822819,0.073581696,0.11628342
PEMS08,125,16013,17741,0.9791521012791352,0.0109402390028311,0.06322193,0.13236523,0.08177948,0.11380768
PEMS08,121,16013,17741,0.9791521012791352,0.0109402390028311,0.061636925,0.12822819,0.073581696,0.11628342
PEMS08,141,16013,17741,0.9791521012791352,0.0109402390028311,0.061636925,0.12822819,0.073581696,0.11628342
PEMS08,123,16013,17741,0.9791521012791352,0.0109402390028311,0.061636925,0.12822819,0.073581696,0.11628342
PEMS08,48,16013,17741,0.9791521012791352,0.0109402390028311,0.061636925,0.12822819,0.073581696,0.11628342
PEMS08,122,16013,17741,0.9791521012791352,0.0109402390028311,0.061636925,0.12822819,0.073581696,0.11628342
PEMS08,142,16013,17741,0.9791521012791352,0.0109402390028311,0.061636925,0.12822819,0.073581696,0.11628342
PEMS08,159,16013,17741,0.9790855168167314,-0.0125655234718314,0.0717597,0.14800167,0.12197542,0.09778595
PEMS08,81,16013,17741,0.9790855168167314,-0.0125655234718314,0.0717597,0.14800167,0.12197542,0.09778595
PEMS08,83,16013,17741,0.9790855168167314,-0.0125655234718314,0.0717597,0.14800167,0.12197542,0.09778595
PEMS08,70,16013,17741,0.9790855168167314,-0.0125655234718314,0.0717597,0.14800167,0.12197542,0.09778595
PEMS08,60,16013,17741,0.9790855168167314,-0.0125655234718314,0.06884003,0.15598488,0.12103462,0.10379028
PEMS08,55,16013,17741,0.9790855168167314,-0.0125655234718314,0.0717597,0.14800167,0.12197542,0.09778595
PEMS08,73,16013,17741,0.9790855168167314,-0.0125655234718314,0.0717597,0.14800167,0.12197542,0.09778595
PEMS08,84,16013,17741,0.9790855168167314,-0.0125655234718314,0.0717597,0.14800167,0.12197542,0.09778595
PEMS08,13,14733,16461,0.979079101097954,0.1924453413715429,0.5721054,0.28546715,0.72753954,0.13003302
PEMS08,148,14349,15501,0.9790443631884695,0.1826390019666738,0.09297514,0.10510254,0.10700941,0.09106827
PEMS08,102,14477,16781,0.97902680540643,0.0913176782373963,0.71699,1.1277514,0.5552454,0.96600676
PEMS08,111,15757,17485,0.9789840214505802,-0.0444173948966061,0.34168005,0.59931135,0.5216327,0.41935873
PEMS08,3,14669,16333,0.9789653336695722,0.2779464584406674,0.06514835,0.4367299,0.3068242,0.67840576
PEMS08,165,14669,17485,0.97894172479971,0.0706304884336798,0.036681175,0.54480696,0.25121212,0.7593379
PEMS08,101,14733,15693,0.9789370383632936,0.2478785039439059,0.73472357,0.21175289,0.019926071,0.54289675
PEMS08,168,14733,16461,0.978928785783856,0.1649051362419732,0.44426632,0.0081858635,0.44269514,0.009757042
PEMS08,42,15437,17741,0.9789062551527332,0.0906086288081484,0.3739214,0.7645116,0.6139822,0.5244508
PEMS08,79,14669,16397,0.9789054150437178,0.2664615824965927,0.015584946,0.29407787,0.13662767,0.17303514
PEMS08,138,15501,17229,0.9788531827185444,-0.1869564834472911,0.032366753,0.00699234,0.13898611,0.1783452
PEMS08,161,14477,14797,0.9788494080523862,0.014884656331806,0.7661505,0.59812784,0.60412884,0.4361062
PEMS08,132,15757,17485,0.9788360159534568,0.1881778051805746,0.6315799,0.62578154,0.46690702,0.7904544
PEMS08,156,14669,16397,0.9788171866451472,0.001128300564302,1.1840386,0.114266396,0.295712,0.77406025
PEMS08,10,16077,17229,0.978793274339035,0.007083229369375,0.6480155,1.453237,0.30621767,1.1114392
PEMS08,94,14733,15565,0.978763143138222,-0.2678200869641081,0.5311017,0.6197214,0.37493753,0.46355724
PEMS08,46,14349,16013,0.9787554964602329,0.0589160321920584,0.7853179,0.38175726,1.0319786,0.62841797
PEMS08,37,14669,15245,0.978719221501987,0.0539065080274898,0.379344,0.37844467,0.20500374,0.20410442
PEMS08,118,14605,14925,0.978710784533352,0.1500570930955425,0.008950233,0.30531693,0.18226337,0.11410332
PEMS08,12,15501,15757,0.9785997386513512,-0.4662872148875882,0.13691664,0.6904216,0.29399824,0.8475032
PEMS08,94,16077,16653,0.9785836919550144,0.065570603848682,0.5636482,0.59673023,0.43348455,0.46656656
PEMS08,22,15181,16909,0.9785759556917328,0.0510804634263465,0.3292966,0.25774622,0.36258602,0.22445679
PEMS08,19,14733,16461,0.9785517110198252,0.2480147196727066,1.3623576,0.04845476,0.5834017,0.7305012
PEMS08,87,16333,17229,0.978496860054133,0.1911648322677139,0.53283787,0.123411655,0.3267274,0.08269882
PEMS08,77,16589,17741,0.9784895374688604,0.0764714730110136,0.6076455,0.78495216,0.84779644,0.54480124
PEMS08,119,15181,15757,0.9784329020356904,0.0985854794340976,0.5469394,0.8356209,0.58215475,0.87083626
PEMS08,62,16269,16525,0.9784284603764972,0.0025218004798581,0.08562851,0.13857317,0.0055208206,0.21868086
PEMS08,149,16269,16525,0.9784284603764972,0.0025218004798581,0.08562851,0.13857222,0.0055184364,0.21868229
PEMS08,109,16269,16525,0.9784284603764972,0.0025218004798581,0.08562851,0.13857317,0.0055208206,0.21868086
PEMS08,154,16269,16525,0.9784284603764972,0.0025218004798581,0.060596943,0.1991992,0.040489197,0.30028534
PEMS08,28,15309,16525,0.9784203228435658,-0.3104483139253671,0.23216581,1.0330973,0.06307125,0.8640027
PEMS08,69,15245,15821,0.9783755696986824,0.0189172355310107,0.12130499,0.52014875,0.3928194,0.24863434
PEMS08,31,15245,16397,0.978350278286535,0.1641958435739259,0.23016024,0.3120861,0.25923538,0.28301096
PEMS08,59,15117,17421,0.9783464358888266,0.044529284206981,0.42567682,0.048805714,0.6258259,0.24895477
PEMS08,148,14733,16461,0.9783252556288384,0.1901630266075002,0.6788273,0.49201345,0.28524923,0.0984354
PEMS08,3,15821,17549,0.9782851318698478,0.2615904014463232,0.10947275,0.32594538,0.122210026,0.3132081
PEMS08,99,14925,16333,0.9782532895423016,-0.1894681569742494,0.5188198,0.131948,0.5904989,0.06026888
PEMS08,88,14733,17421,0.9781581389160464,0.0871309685281488,1.054184,1.9572535,0.8981466,1.8012161
PEMS08,9,15949,17677,0.9781463601132572,0.0931799826456645,0.2926407,0.0399127,0.252038,0.00068998337
PEMS08,31,16525,16781,0.9781451927740656,-0.3183155528076372,0.28049564,0.30767202,0.34950256,0.2386651
PEMS08,118,16205,16781,0.9781185085467662,0.0895606096115759,0.34564257,0.08565712,0.21102762,0.048957825
PEMS08,3,14925,17229,0.978105282198401,-0.1862312491435651,0.9459853,0.4647355,1.0089288,0.52767897
PEMS08,164,14605,15181,0.9780903684363988,0.0599751404144167,0.73838043,0.19141293,0.6028547,0.055887222
PEMS08,156,14413,16781,0.9780832005876696,-0.3253349122451176,0.0299263,0.5890837,0.4599347,1.0190921
PEMS08,9,14477,16781,0.9780793475100305,-0.0074338584828544,0.52816343,0.04744625,0.34792852,0.13278866
PEMS08,63,15373,17101,0.9780512613400352,0.0593185814109989,0.098107815,0.31989622,0.30881596,0.72682
PEMS08,15,16461,16781,0.9780288752374876,-0.0604987092236568,0.609468,0.26994753,0.415174,0.07565355
PEMS08,58,15245,15821,0.9779367441340584,-0.1052085769590005,0.08576965,0.53646564,0.3356762,0.2865591
PEMS08,39,14477,15117,0.9779184414930095,0.1456831405063967,0.8756385,0.96679926,0.78007984,0.8712406
PEMS08,72,16781,17101,0.9779034150481982,-0.2733254869390736,0.17138433,0.93281746,0.23241425,0.99384737
PEMS08,163,14605,14669,0.9778861834882996,-0.3516047913129207,0.8699918,0.3244624,0.87150335,0.325974
PEMS08,47,15245,16909,0.977818223784973,-0.0401605681276514,0.63075733,1.6057148,0.7983141,1.7732716
PEMS08,20,17165,17741,0.9777964428869612,0.035944060668965,0.22846603,0.18697786,0.4344821,0.39299393
PEMS08,37,15565,16141,0.9777648365005084,0.2357287222859075,0.028462887,0.03026247,0.0007162094,0.058009148
PEMS08,146,14733,16461,0.97773477280639,0.1701255559244739,1.0455718,0.17449331,0.64615726,0.57390785
PEMS08,111,16461,16781,0.9777266209050054,-0.0601953790863858,0.5090208,1.0538602,0.499475,1.063406
PEMS08,52,15821,17549,0.9777237106322269,0.22560479854427,0.046691895,0.06949663,0.058535576,0.05765295
PEMS08,30,14477,16781,0.9777086345895069,0.0178712770080622,0.44535398,0.3454895,0.8423085,0.051465034
PEMS08,160,14733,16461,0.9776154499928283,0.0271803700088842,0.59481335,0.21591663,0.57398415,0.23674583
PEMS08,112,15245,17549,0.9775519363228126,0.1600714250920165,0.3852973,0.14220047,0.45564318,0.07185459
PEMS08,152,15053,16205,0.9775450375542372,0.2577344889670896,0.45813036,0.40554047,0.12302828,0.070438385
PEMS08,141,14477,15309,0.9775193021080816,0.2099820718993947,0.67874336,0.33319187,0.7230916,0.3775401
PEMS08,61,14477,15309,0.9775193021080816,0.2099820718993947,0.67874336,0.33319187,0.7230916,0.3775401
PEMS08,121,14477,15309,0.9775193021080816,0.2099820718993947,0.67874336,0.33319187,0.7230916,0.3775401
PEMS08,126,14477,15309,0.9775193021080816,0.2099820718993947,0.6398525,0.19050932,0.76096916,0.31162596
PEMS08,125,14477,15309,0.9775193021080816,0.2099820718993947,0.682178,0.32649326,0.7411294,0.38544464
PEMS08,48,14477,15309,0.9775193021080816,0.2099820718993947,0.67874336,0.33319187,0.7230916,0.3775401
PEMS08,80,14477,15309,0.9775193021080816,0.2099820718993947,0.67874336,0.33319187,0.7230916,0.3775401
PEMS08,122,14477,15309,0.9775193021080816,0.2099820718993947,0.67874336,0.33319187,0.7230916,0.3775401
PEMS08,123,14477,15309,0.9775193021080816,0.2099820718993947,0.67874336,0.33319187,0.7230916,0.3775401
PEMS08,142,14477,15309,0.9775193021080816,0.2099820718993947,0.67874336,0.33319187,0.7230916,0.3775401
PEMS08,42,15693,17293,0.9775111614714456,0.1077756409317495,0.59396505,0.37265587,0.5578184,0.33650923
PEMS08,16,14925,17229,0.977459063468026,-0.0707989009916071,0.80019045,0.5770292,0.79693747,0.57377625
PEMS08,104,15373,17293,0.9774466681162022,-0.0627907202506532,0.3833704,1.0603704,0.2648263,0.41217375
PEMS08,124,14477,15309,0.9774327312071962,0.2057314319910738,0.6239114,0.2846856,0.72594404,0.38671827
PEMS08,44,15885,17613,0.977432204829302,0.2974972733911454,0.123351574,0.23694038,0.074876785,0.28541517
PEMS08,12,16461,17293,0.9774264243710736,-0.29237822618468,0.56982327,0.37956047,0.562891,0.3726282
PEMS08,144,14477,15309,0.9774200265724244,0.2274480363901005,0.79068995,0.42753553,0.8680296,0.5048752
PEMS08,74,14477,15309,0.9774200265724244,0.2274480363901005,0.67550945,0.30121422,0.8029189,0.42862368
PEMS08,75,14477,15309,0.9774200265724244,0.2274480363901005,0.67550945,0.30121422,0.8029189,0.42862368
PEMS08,90,14477,15309,0.9774200265724244,0.2274480363901005,0.67550945,0.30121422,0.8029189,0.42862368
PEMS08,51,14477,15309,0.9774200265724244,0.2274480363901005,0.67550945,0.30121422,0.8029189,0.42862368
PEMS08,50,14477,15309,0.9774200265724244,0.2274480363901005,0.67550945,0.30121422,0.8029189,0.42862368
PEMS08,145,14477,15309,0.9774200265724244,0.2274480363901005,0.69036055,0.3022194,0.80015373,0.41201258
PEMS08,115,14477,15309,0.9774200265724244,0.2274480363901005,0.67550945,0.30121422,0.8029189,0.42862368
PEMS08,131,14477,15309,0.9774200265724244,0.2274480363901005,0.67550945,0.30121422,0.8029189,0.42862368
PEMS08,91,14477,15309,0.9774200265724244,0.2274480363901005,0.67550945,0.30121422,0.8029189,0.42862368
PEMS08,116,14477,15309,0.9774200265724244,0.2274480363901005,0.7038126,0.38508606,0.7825279,0.46380138
PEMS08,153,14477,15309,0.9774092917425292,0.2087450815552448,0.6939063,0.3846445,0.7365036,0.4272418
PEMS08,20,14733,16461,0.9774002437417042,0.2216401876407878,0.65612936,0.25114012,0.66602707,0.24124241
PEMS08,94,15053,15629,0.9773919317981664,-0.01567585592761,0.21243906,0.82579947,0.045998096,0.9922404
PEMS08,76,14669,14925,0.9773841169833568,-0.1348612406903627,0.2649579,0.020132065,0.108901024,0.17618895
PEMS08,147,15629,17357,0.977382323036167,0.1997090876479599,0.36765194,0.044300556,0.09700394,0.31494856
PEMS08,4,14669,14861,0.9773686771790298,0.0613169732443548,1.1615086,0.8423438,1.0606756,0.74151087
PEMS08,22,15565,17293,0.977361122370922,0.2751342450165284,0.3205309,1.4744639,0.38572788,1.409267
PEMS08,143,14605,15949,0.9773375262502686,0.1569874017631458,0.41768312,0.3915019,0.52732754,0.5011463
PEMS08,149,14477,14797,0.9773256077262662,-0.243210274746219,0.3188696,0.7098775,0.42615128,0.6025958
PEMS08,113,16013,16653,0.97732280777114,-0.0841599404045999,0.381639,0.34857035,0.88030195,0.8472333
PEMS08,0,15885,17613,0.9772901287494554,-0.010090344339539,0.059442997,0.25943756,0.19652891,0.12235165
PEMS08,139,16397,17549,0.9772867614580942,0.2207641992707345,0.11114788,0.9550295,0.00083208084,0.8430495
PEMS08,65,15757,16333,0.977247106044882,0.2419889013920496,0.22867203,0.13636065,0.25210428,0.1597929
PEMS08,57,16461,16781,0.9772127227795868,-0.0312781351468646,0.748106,1.658936,0.5845914,1.8224506
PEMS08,40,15501,16333,0.9771680459599612,0.2469968267860353,0.3418851,0.9417167,0.2801156,0.8799472
PEMS08,151,14669,15181,0.977085850544634,-0.0960894133796069,0.44475365,0.5583749,0.5375724,0.6511936
PEMS08,167,15053,17357,0.9770577897981274,0.0968883209993825,0.29474115,0.3720765,0.3962226,0.27059507
PEMS08,89,15949,16141,0.9770495516179863,-0.0440267202071102,1.3886514,0.05137062,1.3052125,0.032068253
PEMS08,106,15245,17549,0.9770108807532416,-0.0330006876049074,0.044074535,0.0065345764,0.33958673,0.28897762
PEMS08,154,14477,15309,0.9770086743793546,0.2026796413215108,0.64434814,0.3884244,0.6039047,0.34798098
PEMS08,62,14477,15309,0.9770086743793546,0.2026796413215108,0.6495085,0.3085227,0.7209654,0.3799796
PEMS08,109,14477,15309,0.9770086743793546,0.2026796413215108,0.6495085,0.3085227,0.7209654,0.3799796
PEMS08,66,14477,16781,0.9769872565190952,-0.1292598169434119,0.4979334,0.15825939,0.5174899,0.13870287
PEMS08,13,15565,17293,0.9769823365545032,0.1261443846180184,0.005449772,0.17210197,0.021306515,0.19885826
PEMS08,134,14349,16909,0.9769731486115516,0.1983813659871014,0.014169693,1.8034296,0.20348501,1.5857749
PEMS08,4,14349,15181,0.97696967421188,-0.0568967965081416,0.5802617,0.72703505,0.68943024,0.8362036
PEMS08,163,17165,17741,0.976926553456622,0.0880721304107011,0.19436646,0.22944355,0.23151875,0.19229126
PEMS08,139,16461,17677,0.9769033591740524,-0.0033057459189674,0.17338753,1.0014939,0.5333214,1.3614278
PEMS08,136,14925,17229,0.9768978253659656,0.2208512994063773,0.24931955,0.20909119,0.59122705,0.13281631
PEMS08,19,14925,16333,0.9768577099700396,-0.0305430474618029,0.095431805,0.21536398,0.6567459,0.34595013
PEMS08,146,14285,14349,0.9768198104661284,-0.101729064103901,0.1458497,1.0655465,0.05258894,0.86710787
PEMS08,81,14477,15309,0.9768069783853024,0.2157070362147709,0.6859803,0.34278393,0.7588625,0.4156661
PEMS08,55,14477,15309,0.9768069783853024,0.2157070362147709,0.6859803,0.34278393,0.7588625,0.4156661
PEMS08,83,14477,15309,0.9768069783853024,0.2157070362147709,0.6859803,0.34278393,0.7588625,0.4156661
PEMS08,73,14477,15309,0.9768069783853024,0.2157070362147709,0.6859803,0.34278393,0.7588625,0.4156661
PEMS08,60,14477,15309,0.9768069783853024,0.2157070362147709,0.66519785,0.33683348,0.732069,0.40370464
PEMS08,70,14477,15309,0.9768069783853024,0.2157070362147709,0.6859803,0.34278393,0.7588625,0.4156661
PEMS08,159,14477,15309,0.9768069783853024,0.2157070362147709,0.6859803,0.34278393,0.7588625,0.4156661
PEMS08,84,14477,15309,0.9768069783853024,0.2157070362147709,0.6859803,0.34278393,0.7588625,0.4156661
PEMS08,137,16461,16781,0.9768063995362976,-6.502075572169986e-05,0.5422001,1.0718288,0.4384961,0.96812487
PEMS08,97,15117,16269,0.976806313218124,0.1664485202463905,0.24851656,0.20292854,0.2284174,0.2230277
PEMS08,127,14733,17101,0.9767481648010904,-0.3485117264387363,0.7394905,0.7855654,1.2042823,1.2503572
PEMS08,150,14925,15757,0.9766827078284792,0.0724665400279432,0.5367532,0.77473927,0.35647154,0.5944576
PEMS08,118,15437,16013,0.976628547624639,0.1792496439527557,0.008543968,0.66335726,0.5618143,0.09299898
PEMS08,146,15181,17485,0.976596270874807,0.099155838461146,0.086812496,0.36395597,0.11958742,0.3967309
PEMS08,9,14669,15821,0.9765792496559512,-0.0926602281929965,1.2584238,0.5973797,0.90361977,0.24257565
PEMS08,163,16461,16781,0.976554578020569,-0.2242489003647882,0.6251545,0.6671691,0.4835148,0.8088088
PEMS08,42,15245,15821,0.9765329831801332,0.1722086449116832,0.21103954,0.027584076,0.22516203,0.01346159
PEMS08,155,16781,17101,0.976502038625924,-0.2766870304802046,1.8447218,0.8068824,1.6383572,0.60051775
PEMS08,119,16013,17165,0.9764435741293396,-0.1001014708800706,0.4896779,0.57540035,0.13183832,0.21756077
PEMS08,29,15693,17421,0.9764249235428478,0.1766865888243927,0.014885426,0.18221378,0.014289379,0.18161774
PEMS08,146,14989,16781,0.9764095900468872,-0.0301071954393885,0.97948647,1.2822828,0.8777485,1.1805449
PEMS08,105,15053,17357,0.9763269194301504,0.0763970659811391,0.32202053,0.046348095,0.2681098,0.0075626373
PEMS08,58,16973,17549,0.9763154691315784,-0.1389477500034696,0.12071943,0.4057727,0.21756887,0.30892324
PEMS08,151,15437,17165,0.9762358561125116,0.1874948946842345,0.2571664,0.26898813,0.2511034,0.23928165
PEMS08,78,15629,16909,0.9762280389791916,0.0631513061268345,0.11152077,3.4750414,0.3721404,3.2144217
PEMS08,23,15181,17485,0.9762059805123944,-0.1282875536563644,0.0822711,0.54362917,0.28629827,0.74765635
PEMS08,118,16397,17549,0.9761676688165344,0.0366240007768195,0.054513454,0.009347916,0.016749382,0.028416157
PEMS08,16,15245,17549,0.9761631528944276,0.2075124747633413,0.1554594,0.2646432,0.55446386,0.13436127
PEMS08,124,16269,16525,0.976064386068996,-0.0276297690163906,0.119190216,0.11802578,0.030837536,0.20637846
PEMS08,137,15821,16973,0.9760284218171292,-0.2408654241025862,0.3134961,0.77179146,0.22258568,0.680881
PEMS08,164,15245,15821,0.9760188117529486,0.0795864551657615,0.56975746,0.24805212,0.4109707,0.08926535
PEMS08,33,14605,17485,0.9759926586723792,0.1254480348902405,0.13203764,0.64327335,0.052717686,0.45851803
PEMS08,153,16269,16525,0.975946018098158,-0.0542357906960572,0.101706505,0.123431206,0.008576393,0.21656132
PEMS08,86,14605,17357,0.9759345872096236,-0.0197585281922993,2.010416,0.32629633,2.0896902,0.24702215
PEMS08,38,16077,17229,0.9759311880447236,0.0003682076855761,0.5716634,0.18335676,0.8704629,0.48215628
PEMS08,119,14733,16461,0.975899201620426,-0.0815344950510307,0.59834814,0.123708725,0.4648738,0.25718307
PEMS08,140,15053,16781,0.9758917149515928,-0.1640147269184698,0.49765253,0.22050571,0.5245981,0.2474513
PEMS08,129,14925,16653,0.9758074928385672,-0.2191560627123739,0.085319996,0.04503584,0.062549114,0.19290495
PEMS08,110,15245,15821,0.9757773143510354,0.0686367737616962,0.17897367,0.054214,0.41922998,0.18604231
PEMS08,71,14669,16397,0.9757370583315362,0.1007805340482083,0.48456,0.18776655,0.29232216,0.004471302
PEMS08,118,15565,17293,0.9757290959246712,0.162989141487438,0.033971786,0.19735813,0.19198036,0.028594017
PEMS08,64,14477,14797,0.9757259927527976,-0.1029818735959994,0.097396374,0.35867262,0.09605932,0.36000967
PEMS08,146,14413,16141,0.9756871234215944,0.1233690301582868,0.123571396,0.16530561,0.23150349,0.057373524
PEMS08,42,14605,14925,0.9756628329637258,0.1896524258675756,0.04992819,0.067222595,0.057361603,0.07465601
PEMS08,143,15821,17549,0.9756578513009192,-0.031660906260563,0.058949947,0.031981945,0.013689518,0.10462141
PEMS08,45,15437,17741,0.9756286803718696,0.1857222702469613,0.019978523,0.07023001,0.15027905,0.060070515
PEMS08,109,14989,17677,0.9756183229186052,0.2505913459261366,0.46067858,2.3123884,0.7094798,2.5611897
PEMS08,154,14989,17677,0.9756183229186052,0.2505913459261366,0.56495667,2.2390761,0.77943325,2.4535527
PEMS08,149,14989,17677,0.9756183229186052,0.2505913459261366,0.49620104,2.472219,0.67819214,2.65421
PEMS08,62,14989,17677,0.9756183229186052,0.2505913459261366,0.46067858,2.3123884,0.7094798,2.5611897
PEMS08,160,15309,17037,0.9755512261248532,0.1409761411096592,0.26249075,1.0814176,0.43520832,0.9087
PEMS08,88,14669,15181,0.9755415129920872,0.0505500264519509,1.2074823,0.24437428,1.1733961,0.2784605
PEMS08,69,15117,17421,0.9754760124486248,-0.153588386259386,0.2269907,0.26847982,0.34663868,0.3881278
PEMS08,120,14669,16397,0.975423774435176,0.1283533781338358,0.18497849,0.25849342,0.03741455,0.48088646
PEMS08,69,14349,16653,0.9753617694730312,-0.1090197839033089,0.21099329,0.55080605,0.20705938,0.13275337
PEMS08,139,15693,16781,0.9752679854699614,-0.0791698967752604,0.48739815,0.85994816,0.2667656,1.0805807
PEMS08,136,15501,15757,0.9752401081071674,0.0959037093251661,0.66142845,0.21434402,0.7719407,0.10383177
PEMS08,86,17165,17741,0.9752396540528924,-0.0207484376439718,0.09914017,0.18090153,0.1677084,0.1123333
PEMS08,46,15245,16973,0.9752393693528012,0.1205853857402484,0.120652676,0.332057,0.15244913,0.36385345
PEMS08,97,16205,17357,0.9752349403803386,0.0968374422095249,0.17105436,0.030044079,0.017289162,0.12372112
PEMS08,150,14349,16333,0.9752209741952312,0.0592963154811738,0.28700018,0.49778605,0.7289853,0.9397712
PEMS08,155,15565,16141,0.975218244448202,0.0965117099310258,0.6900182,0.26724482,0.68848896,0.26877403
PEMS08,47,16205,16781,0.9751742447982722,0.0440397091931952,0.015159607,0.865407,0.2305088,0.6197386
PEMS08,41,14349,16653,0.9751646951095646,-0.2248938841494913,0.09829664,0.46050024,0.2827773,0.07942629
PEMS08,103,15757,16397,0.9750191589909432,-0.0341935613633111,0.44973755,0.44650316,0.30856466,0.30533028
PEMS08,49,16909,17229,0.9750162045576056,0.2718832882371383,1.6555243,0.48000956,1.8365288,0.6610141
PEMS08,93,15373,17101,0.9749748453775844,0.1433818635461178,0.016600132,0.28582954,0.1979618,0.10446787
PEMS08,67,15821,17549,0.9749303833408112,0.0428430545796932,0.20327091,0.104249954,0.2691002,0.36812115
PEMS08,92,15117,17421,0.9748344841149472,0.1361969849958482,0.4642787,0.5909257,0.5320301,0.5231743
PEMS08,156,15117,15373,0.9747932847205608,0.2096145497433456,0.057567596,0.18711662,0.29516315,0.16561413
PEMS08,97,14861,16077,0.974780189156222,0.1768454144174261,0.44268894,0.13865471,0.8796997,0.5756655
PEMS08,21,16653,16909,0.9747730184571332,-0.2725892354508641,0.057719707,0.50444746,0.18617105,0.6328988
PEMS08,10,17037,17613,0.9747067451037636,0.0880410443044545,1.0465264,0.24080992,1.0400505,0.23433399
PEMS08,168,14285,16589,0.9747060422680572,0.0676903361417925,0.0020718575,0.039649487,0.031088829,0.010632515
PEMS08,45,14861,16589,0.9747023974620984,0.1621701617410319,0.09776783,0.06156969,0.057006836,0.093204975
PEMS08,168,15437,17741,0.9746666542629352,0.1801100353507505,0.26072025,0.3807826,0.6542678,0.012764931
PEMS08,101,16205,16397,0.9746658320490156,0.1870423584753128,0.06637001,0.92379427,0.0026140213,0.8600383
PEMS08,12,16973,17549,0.9746199284000278,0.1427820789483246,0.15183735,0.18536854,0.14242315,0.17595434
PEMS08,39,14733,16461,0.9745833457519574,-0.0913845351235591,0.48528862,0.15105438,0.3838582,0.2524848
PEMS08,26,17037,17613,0.9745650506169006,0.2686621884060748,1.3227997,0.18434334,1.0343175,0.10413885
PEMS08,10,16013,17165,0.9745576959290998,0.1970872134176261,0.32832623,0.29171038,0.004057884,0.032557964
PEMS08,135,14797,16461,0.974500437814804,0.2514452380263247,0.12752199,0.23513699,0.16355133,0.19910765
PEMS08,132,14349,16909,0.9744884814958344,0.1928599904765463,0.6823311,0.23859215,0.8746252,0.43088627
PEMS08,77,16461,16781,0.9744809074773492,0.0502184606242194,0.62385416,0.19786263,0.49774265,0.32397413
PEMS08,106,15693,16461,0.9744548285965896,0.2442156809544871,0.116858006,0.8188133,0.5180502,0.41762114
PEMS08,118,15821,16973,0.974445244885824,0.0284794721789189,0.2282834,0.17978,0.10745764,0.30060577
PEMS08,84,16269,16525,0.974442259702274,-0.0374592041238171,0.09375286,0.12507296,0.019496918,0.1993289
PEMS08,60,16269,16525,0.974442259702274,-0.0374592041238171,0.07875633,0.122472286,0.0217762,0.17945242
PEMS08,73,16269,16525,0.974442259702274,-0.0374592041238171,0.09375286,0.12507296,0.019496918,0.1993289
PEMS08,55,16269,16525,0.974442259702274,-0.0374592041238171,0.09375286,0.12507296,0.019496918,0.1993289
PEMS08,83,16269,16525,0.974442259702274,-0.0374592041238171,0.09375286,0.12507296,0.019496918,0.1993289
PEMS08,81,16269,16525,0.974442259702274,-0.0374592041238171,0.09375286,0.12507296,0.019496918,0.1993289
PEMS08,159,16269,16525,0.974442259702274,-0.0374592041238171,0.09375286,0.12507296,0.019496918,0.1993289
PEMS08,70,16269,16525,0.974442259702274,-0.0374592041238171,0.09375286,0.12507296,0.019496918,0.1993289
PEMS08,82,16653,16909,0.9744301516303968,0.0719274128494688,0.077783585,1.1048551,0.021068573,1.0060029
PEMS08,162,15693,17037,0.974404171525201,0.113826926984306,0.98066187,1.6156869,0.79085493,1.8054938
PEMS08,9,14797,16525,0.9743837050142508,0.0953785267153359,0.53158855,0.025141716,0.31703234,0.1894145
PEMS08,92,15757,16077,0.9743738212730668,0.2330105654022209,0.3150115,1.3237243,0.067359924,1.5713758
PEMS08,140,15757,17485,0.9743525845292168,0.202786960853645,0.5199976,0.34377193,0.2655449,0.08931923
PEMS08,129,15373,17421,0.9742484861990324,0.0939039811444237,0.57301426,0.2286706,0.6172576,0.18442726
PEMS08,110,14669,16397,0.974216883493104,0.1916212680189073,0.31487513,0.32254887,0.051072598,0.058746338
PEMS08,113,15501,17229,0.9741394321031174,0.2170590881085966,0.1714158,0.36968565,0.36626244,0.5645323
PEMS08,130,15565,16141,0.9740818285446218,0.151484866973799,0.0722332,0.12140894,0.13067102,0.062971115
PEMS08,138,16141,16717,0.9740246994516082,-0.0458190304034458,0.05931902,0.49146605,0.031352043,0.46349907
PEMS08,40,15245,17549,0.973987429413004,0.261756285831695,0.69100523,0.1373868,0.5229783,0.030640125
PEMS08,57,15437,16909,0.973970456343999,0.1371624033954882,0.0997324,0.20387697,0.5037713,0.6079159
PEMS08,8,15437,17165,0.9739678734453528,0.2198230624237188,0.24518824,0.70870924,0.86565113,0.088246346
PEMS08,146,16013,17741,0.9739207874801492,0.2458209873348252,0.15002155,0.093467236,0.073244095,0.12979841
PEMS08,31,14477,17613,0.9739072667917402,-0.018830948440219,0.3851428,0.33031464,0.58036757,0.13508987
PEMS08,2,14605,16397,0.973899715741044,0.003759525467148,1.5625563,0.7495723,1.5343237,0.7213397
PEMS08,31,15117,17421,0.9738853935551868,0.1098286780816506,0.13439417,0.20134735,5.722046e-05,0.3356843
PEMS08,37,15373,17677,0.9738804802179396,0.1195107503715258,0.062392235,0.6211324,0.20339727,0.35534286
PEMS08,14,14349,16653,0.973819305742692,-0.1028129284363644,0.12040806,0.716413,0.15928984,0.43671513
PEMS08,133,16013,16589,0.9737530919146709,-0.0032211938023413,0.6283374,0.061911583,0.1311922,0.55905676
PEMS08,105,14861,16909,0.9737474788868856,0.2378145438695791,0.047175884,0.9233694,0.39345884,0.57708645
PEMS08,31,17165,17741,0.9737150156049624,-0.1512193108389053,0.07438469,0.39589977,0.29781532,0.17246914
PEMS08,137,14605,16397,0.9736873185335894,-0.1485528758586227,1.7468047,0.14983559,1.6431942,0.04622507
PEMS08,28,14349,14861,0.9736846370931538,-0.2018281596820582,1.0838203,1.3029871,1.052814,1.2719808
PEMS08,28,14925,15757,0.9736458515389684,-0.3320563232632416,0.06848574,0.30051994,0.39499378,0.025988102
PEMS08,167,14989,16141,0.9735364783021744,0.1475335954230397,0.0936842,0.17064762,0.1648078,0.24177122
PEMS08,88,15309,17037,0.9735197311834533,0.0025900299852697,0.27649403,0.944962,0.4988618,0.72259426
PEMS08,58,15757,16077,0.9734879946885266,-0.2040134384426545,0.120686054,0.8976326,0.100666046,0.6762805
PEMS08,164,14861,15501,0.973469259311038,-0.0252882154790809,1.1935091,1.0081806,1.3022528,1.1169243
PEMS08,30,14349,15757,0.973404511246766,0.1162430965576058,0.28379583,0.256886,0.85456896,0.31388712
PEMS08,127,16589,16909,0.973400077714438,-0.0157686500763659,0.3548913,2.0982623,0.0172472,1.7261238
PEMS08,69,15437,17165,0.9733846310421652,0.1686913593842398,0.29867935,1.1446333,0.84460974,0.5987029
PEMS08,113,14669,16397,0.9733837876273336,0.0392830073581731,0.24571514,0.01941061,0.17418194,0.09094381
PEMS08,24,16269,16461,0.97337130493695,-0.1429559587960226,1.2730598,0.10005045,1.3966236,0.023513317
PEMS08,35,14349,16653,0.9733489187214523,-0.0386971273367332,0.63507414,1.0028906,0.39721966,0.7650361
PEMS08,99,14413,15565,0.9733180419729032,0.1935819863183692,0.92325544,0.10581541,0.83557844,0.018138409
PEMS08,138,14733,16461,0.973252027053022,0.0202199717556095,0.45013952,0.46886587,0.88492346,0.034081936
PEMS08,116,16269,16525,0.9731928754767772,-0.0147023951356626,0.11082554,0.12171507,0.007300377,0.22524023
PEMS08,145,16269,16525,0.9731928754767772,-0.0147023951356626,0.08681774,0.1231122,0.0039949417,0.21392488
PEMS08,90,16269,16525,0.9731928754767772,-0.0147023951356626,0.088419914,0.11733961,0.000992775,0.20476675
PEMS08,115,16269,16525,0.9731928754767772,-0.0147023951356626,0.088419914,0.11733961,0.000992775,0.20476675
PEMS08,51,16269,16525,0.9731928754767772,-0.0147023951356626,0.088419914,0.11733961,0.000992775,0.20476675
PEMS08,75,16269,16525,0.9731928754767772,-0.0147023951356626,0.088419914,0.11733961,0.000992775,0.20476675
PEMS08,131,16269,16525,0.9731928754767772,-0.0147023951356626,0.088419914,0.11733961,0.000992775,0.20476675
PEMS08,144,16269,16525,0.9731928754767772,-0.0147023951356626,0.09724617,0.1408763,0.0008087158,0.23893118
PEMS08,50,16269,16525,0.9731928754767772,-0.0147023951356626,0.088419914,0.11733961,0.000992775,0.20476675
PEMS08,91,16269,16525,0.9731928754767772,-0.0147023951356626,0.088419914,0.11733961,0.000992775,0.20476675
PEMS08,74,16269,16525,0.9731928754767772,-0.0147023951356626,0.088419914,0.11733961,0.000992775,0.20476675
PEMS08,27,14349,17229,0.9731664819963596,0.004503582688946,0.22413826,0.34213305,0.024657726,0.14265251
PEMS08,100,15117,17101,0.9730611463616752,-0.0679807697610931,0.07779884,0.0031485558,0.11218929,0.19313669
PEMS08,162,17165,17741,0.9729814662538544,0.2072267530231177,0.50849056,0.20094347,0.34716368,0.36227036
PEMS08,49,14733,14989,0.9729559972610152,0.1469923462145498,0.3077345,0.44127226,0.1551323,0.021594524
PEMS08,44,16333,16397,0.972917437480654,-0.1601416773097222,1.1676064,0.14988995,0.7238426,0.2938738
PEMS08,15,15053,15629,0.972911225420213,0.2726679931345123,0.20299292,0.088205814,0.007928371,0.12271547
PEMS08,7,16653,16909,0.9729049969132878,-0.083407103559407,0.02445507,1.3168306,0.053656578,1.238719
PEMS08,165,15693,16269,0.9728949701590094,-0.0621712372964022,0.61468124,0.4912424,0.058419704,0.06501913
PEMS08,14,15821,16973,0.9728948467714436,-0.066217372780352,0.04935646,0.22699976,0.13268471,0.40904093
PEMS08,39,15245,17549,0.9728495069009756,0.0801862344172606,0.016964912,0.30642223,0.29188156,0.00242424
PEMS08,20,14285,16589,0.972820594637189,-0.1731950903790358,0.0010285378,0.24051332,0.49394655,0.2524047
PEMS08,166,15053,16333,0.9727968927685644,-0.0570324505930761,1.2477403,0.7402601,1.0965948,0.58911467
PEMS08,112,16589,17165,0.9727563357595856,-0.0021838806023854,0.48870707,0.022449493,0.115451336,0.35080624
PEMS08,161,14733,16461,0.9727404156589432,-0.0028828985523031,1.1065764,0.41903257,1.0468307,0.47877836
PEMS08,103,16973,17677,0.9727033513120916,0.1391407545987622,0.64414406,0.23888588,0.81889486,0.064135075
PEMS08,101,16461,16781,0.9726971020076408,-0.1046399760056612,0.04300022,0.084337234,0.24377298,0.28511
PEMS08,97,15821,16973,0.9726957721428868,0.1688730943527569,0.04564476,0.4555974,0.4745021,0.064549446
PEMS08,33,16077,17229,0.9726866145254456,-0.0066791964502832,0.20476532,0.5473037,0.28185558,0.4702134
PEMS08,29,15949,16781,0.9726284198301266,0.0768054628461077,1.2058582,0.69780254,1.2781844,0.7701287
PEMS08,34,15373,15949,0.9726246512626784,-0.0955535177238486,0.3886652,0.6144843,0.005722046,0.22009706
PEMS08,3,14349,14861,0.9725748732051862,0.0289780158270082,1.164309,0.899765,1.3636775,1.0991335
PEMS08,133,14925,17165,0.9725413133919883,0.0394332761432653,0.20567465,0.36893702,0.07583046,0.23909283
PEMS08,37,15117,17037,0.9725295750783088,-0.0284667836360528,1.27105,0.8766403,1.4621434,1.0677338
PEMS08,11,15437,17165,0.9724938852074148,0.2203463995475744,0.14979506,0.067082405,0.13065958,0.08621788
PEMS08,32,15757,16397,0.9724922691994784,0.0404544072468258,1.331872,0.0067076683,1.1160455,0.22253418
PEMS08,102,15309,15885,0.972478724825481,-0.0385446535711691,0.50559664,0.4352498,0.06464052,0.0057063103
PEMS08,59,14605,15501,0.9724313175437572,0.0985489187951473,0.6507964,0.4952736,0.6893816,0.5338588
PEMS08,92,14349,14925,0.9722780229125833,0.0821623855431954,0.12850285,1.0680466,0.57616854,1.5157123
PEMS08,79,16141,17293,0.9721774826177282,0.2977165999316833,0.044569016,0.03400755,0.13698673,0.058410168
PEMS08,68,15309,17037,0.9721758877498522,0.1216094692318983,0.18848085,0.5507269,0.05085802,0.41310406
PEMS08,166,15309,17037,0.972071862920271,0.2286257981828091,0.01828289,1.9577646,0.24783373,1.7282138
PEMS08,47,15117,17421,0.9720560097202172,0.0779919356002304,0.61180544,0.013381004,1.226522,0.6013355
PEMS08,59,15437,17165,0.9720547863113008,0.1196766618202934,0.09964895,0.8461089,0.5120611,0.43369675
PEMS08,69,14669,15757,0.972029969894032,0.0620176904611928,0.41324902,0.27516747,0.9670911,0.82900953
PEMS08,89,15501,16653,0.9720267918979284,0.0159890567839409,0.69960403,0.52274656,0.43297958,0.2561221
PEMS08,137,15245,17549,0.9720154632529584,-0.1893734742423219,0.13892794,0.060953617,0.16698027,0.032901287
PEMS08,78,16973,17549,0.9720075383541352,0.1189340978655073,0.44754505,1.4153147,0.34152222,1.3092918
PEMS08,77,14349,14925,0.9719972180747132,0.2645375951515499,0.43202972,0.85789347,0.24158859,0.66745234
PEMS08,138,15309,15885,0.9719762704415796,0.0379875944413183,0.50131845,0.02368784,0.9216695,0.44403887
PEMS08,128,14285,16013,0.9719323672565042,0.1227814685573083,0.2250557,0.22524309,0.019013405,0.018826008
PEMS08,104,14477,15693,0.9718909647105368,0.0421044262675561,0.29271746,0.23721886,0.3447647,0.1851716
PEMS08,99,14669,16077,0.9718735130949878,-0.0793521220328719,0.5131402,1.2603173,0.46583652,1.2130136
PEMS08,76,16397,16973,0.9718479323898772,0.1491922747397687,0.48723364,0.06330347,0.5870404,0.16311026
PEMS08,146,16077,17229,0.9718113677690248,0.0696060980127517,0.11373901,0.13020849,0.17029381,0.0736537
PEMS08,57,14349,14925,0.971809347667582,0.1145243301670803,0.30837154,0.6500182,0.33575535,0.677402
PEMS08,23,15949,17677,0.9717457512926476,0.2434633599353563,0.33528662,0.17125034,0.2759757,0.44001198
PEMS08,59,15245,15821,0.9717023072507764,-0.0481471196162722,0.19257784,0.7076955,0.49324703,0.4070263
PEMS08,11,16653,16909,0.9716162950761008,-0.1172788134030578,0.71201324,1.2767763,0.7846875,1.3494506
PEMS08,94,14925,17357,0.9715317286338851,-0.0647768947216166,1.5554576,0.13604355,1.2986116,0.1208024
PEMS08,82,14413,15565,0.9715298341756132,0.0151733961644589,0.068552494,0.12022066,0.018137932,0.033530235
PEMS08,129,15949,16781,0.97151859336662,-0.1488558936858821,0.2071433,0.17899704,0.47257566,0.4444294
PEMS08,156,16013,17165,0.9714907483172828,0.0886455049940688,0.084494114,0.025982857,0.039885998,0.07059097
PEMS08,126,14797,16269,0.971428962356927,-0.2086734563201867,1.1556487,0.18475246,0.86915493,0.101741314
PEMS08,121,14797,16269,0.971428962356927,-0.2086734563201867,1.1859498,0.180192,0.83610725,0.16965055
PEMS08,80,14797,16269,0.971428962356927,-0.2086734563201867,1.1859498,0.180192,0.83610725,0.16965055
PEMS08,125,14797,16269,0.971428962356927,-0.2086734563201867,1.1611576,0.16768885,0.8350415,0.15842724
PEMS08,123,14797,16269,0.971428962356927,-0.2086734563201867,1.1859498,0.180192,0.83610725,0.16965055
PEMS08,142,14797,16269,0.971428962356927,-0.2086734563201867,1.1859498,0.180192,0.83610725,0.16965055
PEMS08,141,14797,16269,0.971428962356927,-0.2086734563201867,1.1859498,0.180192,0.83610725,0.16965055
PEMS08,122,14797,16269,0.971428962356927,-0.2086734563201867,1.1859498,0.180192,0.83610725,0.16965055
PEMS08,61,14797,16269,0.971428962356927,-0.2086734563201867,1.1859498,0.180192,0.83610725,0.16965055
PEMS08,48,14797,16269,0.971428962356927,-0.2086734563201867,1.1859498,0.180192,0.83610725,0.16965055
PEMS08,23,14477,16781,0.9713972650258266,-0.0116868409060809,0.12479973,0.1829462,0.042233467,0.100379944
PEMS08,106,15885,17421,0.9713846840953776,0.1699301429164957,0.61804056,2.4028559,0.8956156,2.1252809
PEMS08,21,15373,17101,0.97137264908245,-0.0907528585225852,0.38626194,1.3111744,0.061235428,0.9861479
PEMS08,21,14477,16333,0.9713486178540284,-0.0505532721927129,0.15780354,0.656332,0.4654708,0.9639993
PEMS08,4,16653,16909,0.971344465306746,-0.1077042672419974,0.34811735,0.11869383,0.021389961,0.25081348
PEMS08,144,15693,17421,0.9713234379251366,0.2650277234893662,0.040637016,0.035178185,0.03942585,0.04488468
PEMS08,145,15693,17421,0.9713234379251366,0.2650277234893662,0.036906242,0.023199558,0.02823162,0.041938305
PEMS08,75,15693,17421,0.9713234379251366,0.2650277234893662,0.044082165,0.023252964,0.02767706,0.04850626
PEMS08,131,15693,17421,0.9713234379251366,0.2650277234893662,0.044082165,0.023252964,0.02767706,0.04850626
PEMS08,50,15693,17421,0.9713234379251366,0.2650277234893662,0.044082165,0.023252964,0.02767706,0.04850626
PEMS08,116,15693,17421,0.9713234379251366,0.2650277234893662,0.05522871,0.05129862,0.048495293,0.052425385
PEMS08,91,15693,17421,0.9713234379251366,0.2650277234893662,0.044082165,0.023252964,0.02767706,0.04850626
PEMS08,115,15693,17421,0.9713234379251366,0.2650277234893662,0.044082165,0.023252964,0.02767706,0.04850626
PEMS08,85,15693,17421,0.9713234379251366,0.2650277234893662,0.07130289,0.02253294,0.02541256,0.07418251
PEMS08,74,15693,17421,0.9713234379251366,0.2650277234893662,0.044082165,0.023252964,0.02767706,0.04850626
PEMS08,90,15693,17421,0.9713234379251366,0.2650277234893662,0.044082165,0.023252964,0.02767706,0.04850626
PEMS08,51,15693,17421,0.9713234379251366,0.2650277234893662,0.044082165,0.023252964,0.02767706,0.04850626
PEMS08,76,15181,15757,0.9712760866805112,0.2709412515918841,0.33967638,0.075137615,0.32009506,0.055556297
PEMS08,44,14989,17677,0.97123164606317,0.1551815516525313,0.42606544,0.9226923,0.68553925,1.1821661
PEMS08,16,14669,16333,0.9712256213246212,-0.1201998188066472,0.025613785,0.99093866,0.10320997,0.9133425
PEMS08,166,15501,16653,0.9711743358368572,0.0422139387846133,0.6683183,0.88910246,0.2556677,0.47645187
PEMS08,17,14989,17677,0.9711336236473272,0.2957315882520266,0.45480394,1.4442387,0.70211697,1.6915517
PEMS08,147,15181,15501,0.9709493169962662,-0.0019004780850496,0.2296958,1.2183151,0.018675804,1.4293351
PEMS08,153,15693,17421,0.9709456237448872,0.2697883919284146,0.02720213,0.02386427,0.025503159,0.028841019
PEMS08,167,16461,16781,0.9709391539554514,-0.0913184156312305,0.8342018,0.7769127,0.5388484,1.0722661
PEMS08,113,15821,17549,0.9709340201281372,0.2371812974154927,0.21305466,0.16790581,0.21229696,0.1686635
PEMS08,30,16205,17421,0.9709281458563928,0.2743240865430519,0.8268504,0.0107421875,0.47726536,0.33884287
PEMS08,11,15821,16973,0.9708968969802928,0.1381967035555058,0.3999238,0.36751366,0.8826313,0.115193844
PEMS08,39,15437,17165,0.9708460834960522,0.136706672172797,0.4130578,0.20535803,0.064584255,0.27228403
PEMS08,3,15309,17613,0.9708394892739142,0.0616282943937173,0.26878357,0.06214285,0.29622078,0.03470564
PEMS08,47,14349,15501,0.9707852729153428,-0.0711331826664163,0.18727398,0.68447065,0.11914539,0.99089
PEMS08,125,15693,17421,0.9706738316173158,0.2748030913157071,0.027597904,0.025734901,0.02713108,0.028994083
PEMS08,80,15693,17421,0.9706738316173158,0.2748030913157071,0.030219078,0.023453236,0.024315834,0.031081676
PEMS08,141,15693,17421,0.9706738316173158,0.2748030913157071,0.030219078,0.023453236,0.024315834,0.031081676
PEMS08,142,15693,17421,0.9706738316173158,0.2748030913157071,0.030219078,0.023453236,0.024315834,0.031081676
PEMS08,121,15693,17421,0.9706738316173158,0.2748030913157071,0.030219078,0.023453236,0.024315834,0.031081676
PEMS08,126,15693,17421,0.9706738316173158,0.2748030913157071,0.04089451,0.056010246,0.054389954,0.039274216
PEMS08,123,15693,17421,0.9706738316173158,0.2748030913157071,0.030219078,0.023453236,0.024315834,0.031081676
PEMS08,48,15693,17421,0.9706738316173158,0.2748030913157071,0.030219078,0.023453236,0.024315834,0.031081676
PEMS08,61,15693,17421,0.9706738316173158,0.2748030913157071,0.030219078,0.023453236,0.024315834,0.031081676
PEMS08,122,15693,17421,0.9706738316173158,0.2748030913157071,0.030219078,0.023453236,0.024315834,0.031081676
PEMS08,2,15885,17037,0.970661645348236,0.2337883495615785,0.06757879,1.2188373,0.20963907,1.3608975
PEMS08,151,15373,17293,0.970654060396052,0.2181692489197112,1.2188125,0.6255131,1.081748,0.48844862
PEMS08,49,14349,16077,0.970626336513886,0.1163159849340129,0.070649624,0.068318844,0.034145832,0.1731143
PEMS08,117,16013,17165,0.9706023065215676,0.0497340584415819,0.1911068,0.28368282,0.3383422,0.13644743
PEMS08,160,14605,16397,0.9706022416230228,-0.08423989992689,1.589376,0.40235806,1.2973986,0.11038065
PEMS08,124,15693,17421,0.9705938592185884,0.2715781945943095,0.027568817,0.040955544,0.04363203,0.030245304
PEMS08,17,15501,16397,0.9705534234504228,0.0818975380325267,0.27765512,0.0879097,0.50727844,0.14171362
PEMS08,117,15437,16653,0.9705474688630312,0.0053879093828476,0.2270484,0.0114450455,0.2670536,0.051450253
PEMS08,20,15501,17229,0.9704953834587646,0.1333952110111174,0.44173765,0.82976484,0.12246227,0.51048946
PEMS08,103,16269,16461,0.9704762487680886,-0.0774215102264387,1.4914665,0.07063961,1.6047077,0.042601585
PEMS08,154,15693,17421,0.9703525462875546,0.2887637881648636,0.053746223,0.033397198,0.052388668,0.072737694
PEMS08,62,15693,17421,0.9703525462875546,0.2887637881648636,0.02984333,0.025521278,0.03898287,0.04330492
PEMS08,109,15693,17421,0.9703525462875546,0.2887637881648636,0.02984333,0.025521278,0.03898287,0.04330492
PEMS08,117,14925,15181,0.9703462866338786,-0.1403426234600749,0.9111991,0.72631407,0.7184601,0.53357506
PEMS08,156,15821,16973,0.9703320210268098,-0.0227852647949457,0.08891678,0.38797522,0.3196988,0.61875725
PEMS08,11,16269,16461,0.9702868198821984,0.0522841762398767,0.12284136,0.053056717,0.64763975,0.47174168
PEMS08,135,14349,16333,0.9702489977417864,-0.2694389383866988,1.094686,0.8337488,1.1149054,0.85396814
PEMS08,113,15757,17485,0.970237928340797,0.0673863543388598,0.61206865,0.052995205,0.41517448,0.24988937
PEMS08,65,14925,15245,0.9702248049880198,0.0940634660777561,1.766489,0.91443586,1.4385672,0.586514
PEMS08,39,14669,16653,0.9701832656760774,0.0810658188750148,0.037873268,0.9608035,0.27852917,0.7201476
PEMS08,84,15693,17421,0.9701582653547198,0.2573691493352402,0.039578438,0.04067993,0.039163113,0.03806162
PEMS08,83,15693,17421,0.9701582653547198,0.2573691493352402,0.039578438,0.04067993,0.039163113,0.03806162
PEMS08,73,15693,17421,0.9701582653547198,0.2573691493352402,0.039578438,0.04067993,0.039163113,0.03806162
PEMS08,70,15693,17421,0.9701582653547198,0.2573691493352402,0.039578438,0.04067993,0.039163113,0.03806162
PEMS08,159,15693,17421,0.9701582653547198,0.2573691493352402,0.039578438,0.04067993,0.039163113,0.03806162
PEMS08,81,15693,17421,0.9701582653547198,0.2573691493352402,0.039578438,0.04067993,0.039163113,0.03806162
PEMS08,55,15693,17421,0.9701582653547198,0.2573691493352402,0.039578438,0.04067993,0.039163113,0.03806162
PEMS08,60,15693,17421,0.9701582653547198,0.2573691493352402,0.03175497,0.03528309,0.02715826,0.023630142
PEMS08,63,15053,15629,0.9701329862504076,0.1109233887415359,0.6910467,0.053505898,0.52287674,0.22167587
PEMS08,159,14861,16589,0.9701271564771732,0.2306770098996488,0.023144722,0.06287813,0.419353,0.33333015
PEMS08,81,14861,16589,0.9701271564771732,0.2306770098996488,0.023144722,0.06287813,0.419353,0.33333015
PEMS08,73,14861,16589,0.9701271564771732,0.2306770098996488,0.023144722,0.06287813,0.419353,0.33333015
PEMS08,70,14861,16589,0.9701271564771732,0.2306770098996488,0.023144722,0.06287813,0.419353,0.33333015
PEMS08,83,14861,16589,0.9701271564771732,0.2306770098996488,0.023144722,0.06287813,0.419353,0.33333015
PEMS08,60,14861,16589,0.9701271564771732,0.2306770098996488,0.0017352104,0.06712437,0.46650076,0.4011116
PEMS08,55,14861,16589,0.9701271564771732,0.2306770098996488,0.023144722,0.06287813,0.419353,0.33333015
PEMS08,84,14861,16589,0.9701271564771732,0.2306770098996488,0.023144722,0.06287813,0.419353,0.33333015
PEMS08,58,15437,17165,0.9700520262282808,0.0229996247548123,0.12716198,1.1341429,0.667078,0.59422684
PEMS08,100,15373,17293,0.970045254976498,0.1663308632506533,0.84478855,0.61966085,0.5506201,0.32549238
PEMS08,152,16333,17229,0.9700367246965256,-0.1547942493288537,0.3239379,0.47164106,0.20333052,0.055627346
PEMS08,40,16461,16781,0.9700188180145192,9.390673334540112e-05,0.41287994,0.7172489,0.12617731,0.43054628
PEMS08,44,15117,16461,0.9699473814952588,-0.1424153850600195,1.2549944,0.3380108,1.7620583,0.84507465
PEMS08,58,16653,16909,0.9698432069769108,0.14225464091119,0.6208401,1.1549449,0.24856281,0.78266764
PEMS08,120,14605,17165,0.9698361762339897,-0.0602700578507473,0.6377001,0.041269302,0.1414032,0.45502758
PEMS08,138,15437,16013,0.9698289206725508,0.0654959716518577,0.92698956,0.0741086,0.7508168,0.10206413
PEMS08,19,16013,16909,0.9697609034187562,0.0631971767397667,0.2536235,0.40773726,0.3850708,0.5391846
PEMS08,14,14477,16781,0.9696786944592032,0.1735644395239198,0.81826115,0.68213034,0.9846301,0.8484993
PEMS08,165,15885,17421,0.9696773822579168,-0.1709578750658698,0.27260923,0.47566986,0.0659771,0.26903772
PEMS08,162,16013,16909,0.9696410543333348,0.2763893548720505,0.46125412,1.1435132,0.45760775,1.1471596
PEMS08,151,14797,16525,0.9696194555100978,0.1411411001869379,0.73014116,0.7120948,1.0814981,0.3607378
PEMS08,33,15885,17037,0.9696001031926094,-0.0274695270296269,0.120803356,0.23937988,0.13133717,0.24991369
PEMS08,163,14925,16013,0.9695837680385572,0.2195773265287483,0.54824543,0.143291,0.309587,0.09536743
PEMS08,64,15309,16525,0.969533810498541,-0.134234031811952,0.8491068,2.1787596,0.7137089,2.0433617
PEMS08,120,15245,15821,0.9695294295136196,0.0631916924054586,0.9597578,0.3013153,0.6912098,0.5698633
PEMS08,153,14861,16589,0.9694835112422194,0.2266372975570007,0.015250683,0.0861392,0.43273592,0.3618474
PEMS08,45,15245,17549,0.9694689290201396,-0.0657754220215003,0.13547087,0.14081097,0.21446371,0.061818123
PEMS08,87,15629,17357,0.969452023550977,0.0387335468314363,0.10292673,0.2697258,0.011994362,0.17879343
PEMS08,127,14861,17229,0.9694265607902948,0.0200870563304283,0.29473782,1.4067817,0.48901272,1.6010566
PEMS08,45,15949,17677,0.969413561269976,0.1698627029294563,0.32085276,0.019114017,0.20695019,0.54691696
PEMS08,3,14733,15949,0.9693606570926676,0.0582641414236906,0.9241476,1.4783268,0.621315,1.1754942
PEMS08,34,16589,16909,0.969347798602522,0.1669213814171967,1.0507822,1.4134841,0.5190902,1.9451761
PEMS08,102,15181,16333,0.9693438067944864,0.2267949033407512,1.219883,0.2688985,1.4459901,0.042791367
PEMS08,129,15821,16973,0.9693393496286044,-0.2138190521001853,0.023543358,0.46352482,0.30425215,0.7442336
PEMS08,124,14861,16589,0.969329816215125,0.2071191593642446,0.015786171,0.07599735,0.4111371,0.31935358
PEMS08,139,16013,17165,0.969243661133711,0.192016803342303,0.007112026,0.2420125,0.42329168,0.17416716
PEMS08,56,14733,16781,0.9692028512768422,0.1227157473389807,0.7018466,0.94190407,1.1962981,0.44745255
PEMS08,150,15309,17037,0.96920067939732,0.017567057784897,0.12235832,1.0872273,0.0590353,1.1505504
PEMS08,133,16461,16781,0.9691007124218812,0.02542347745816,0.65272045,1.1213341,0.73893166,1.0351229
PEMS08,OT,14477,16781,0.9690013478186242,0.1939984911896021,0.8382249,0.8565326,0.66605663,0.6843643
PEMS08,96,17037,17613,0.9689766744331992,-0.0180627787828944,0.17725945,0.41046143,0.20047665,0.43367863
PEMS08,86,14413,15565,0.968955682941455,0.2397111080548915,0.12454271,0.18984747,0.16734076,0.14704943
PEMS08,48,14861,16589,0.9689311088073416,0.1990764816379369,0.017057896,0.07361412,0.40990448,0.31923246
PEMS08,141,14861,16589,0.9689311088073416,0.1990764816379369,0.017057896,0.07361412,0.40990448,0.31923246
PEMS08,126,14861,16589,0.9689311088073416,0.1990764816379369,0.015991211,0.09948778,0.4411974,0.35770082
PEMS08,125,14861,16589,0.9689311088073416,0.1990764816379369,0.010681629,0.073544025,0.4164214,0.33219576
PEMS08,80,14861,16589,0.9689311088073416,0.1990764816379369,0.017057896,0.07361412,0.40990448,0.31923246
PEMS08,64,14861,16589,0.9689311088073416,0.1990764816379369,0.23786926,0.036755085,0.18067837,0.02043581
PEMS08,123,14861,16589,0.9689311088073416,0.1990764816379369,0.017057896,0.07361412,0.40990448,0.31923246
PEMS08,61,14861,16589,0.9689311088073416,0.1990764816379369,0.017057896,0.07361412,0.40990448,0.31923246
PEMS08,122,14861,16589,0.9689311088073416,0.1990764816379369,0.017057896,0.07361412,0.40990448,0.31923246
PEMS08,142,14861,16589,0.9689311088073416,0.1990764816379369,0.017057896,0.07361412,0.40990448,0.31923246
PEMS08,121,14861,16589,0.9689311088073416,0.1990764816379369,0.017057896,0.07361412,0.40990448,0.31923246
PEMS08,128,15117,17421,0.9689259899990468,0.0232631257314258,0.054647446,0.50338364,0.48059177,0.07743931
PEMS08,31,16909,17485,0.9688312463093072,-0.0127115135147038,0.3223896,0.0017523766,0.6493807,0.3252387
PEMS08,128,14477,16781,0.9688182895342848,0.2271063262297575,0.08593559,0.2856574,0.3917489,0.5914707
PEMS08,17,14861,16077,0.9687907283861708,-0.1482965573251352,1.7638922,1.1619473,1.5602922,0.9583473
PEMS08,89,15629,17357,0.9687424812240656,0.0367807207271472,0.23740244,0.1808052,0.08259487,0.33561277
PEMS08,135,14605,15757,0.9687295077816512,-0.0951713649596749,0.22975826,0.2237215,0.124662876,0.3288169
PEMS08,78,15373,16845,0.9686870842949123,-0.0395360637835711,0.34136868,0.037627697,0.67822266,0.29922628
PEMS08,1,16397,17549,0.968648918546824,0.1320156256065095,0.0719862,0.20546389,0.089987755,0.043489933
PEMS08,0,14733,16461,0.968559920348136,0.2021044808115345,1.063036,0.34535074,1.1102738,0.29811287
PEMS08,82,15437,16013,0.9685537315137142,-0.0527457068983375,0.120316505,0.28434324,0.41986847,0.015208721
PEMS08,24,16973,17677,0.9685084321228858,0.0508404892000455,0.69478035,0.20295715,0.79845715,0.09928036
PEMS08,97,15565,16781,0.9685024629850209,-0.1459133703663334,0.20351839,0.68218994,0.09184122,0.7938671
PEMS08,OT,16013,17165,0.968492255354145,0.0442697789540958,0.114070415,0.37855816,0.2973137,0.19531488
PEMS08,94,14413,17293,0.9684538510575934,0.142788924292606,0.014586449,0.5742197,0.22008038,0.33955288
PEMS08,35,15565,16781,0.9684414055470164,-0.3034812553473193,0.64875126,0.7794647,0.593132,0.83508396
PEMS08,130,14477,16781,0.9684334115517385,0.0529912887628628,0.006852627,0.05089712,0.29758787,0.23983812
PEMS08,53,14413,15565,0.9683737977221004,0.0249144430711302,0.16696644,0.023866653,0.060352802,0.08274698
PEMS08,95,15373,17101,0.9683729291053552,0.2499560968779865,0.24395275,0.71551514,0.7402539,1.2118163
PEMS08,9,15373,17293,0.9683641165434396,0.0044678440569149,1.3134317,0.4981532,1.0364733,0.22119474
PEMS08,158,14477,16781,0.968357088171942,-0.0532195181737261,0.08851576,0.8998785,0.39891863,0.58947563
PEMS08,145,14861,16589,0.9683285866646862,0.2048705736147106,0.009560108,0.058042526,0.4534812,0.40499878
PEMS08,50,14861,16589,0.9683285866646862,0.2048705736147106,0.03843689,0.05081129,0.4061575,0.3169093
PEMS08,51,14861,16589,0.9683285866646862,0.2048705736147106,0.03843689,0.05081129,0.4061575,0.3169093
PEMS08,91,14861,16589,0.9683285866646862,0.2048705736147106,0.03843689,0.05081129,0.4061575,0.3169093
PEMS08,116,14861,16589,0.9683285866646862,0.2048705736147106,0.0042772293,0.06733656,0.45508862,0.3920293
PEMS08,115,14861,16589,0.9683285866646862,0.2048705736147106,0.03843689,0.05081129,0.4061575,0.3169093
PEMS08,74,14861,16589,0.9683285866646862,0.2048705736147106,0.03843689,0.05081129,0.4061575,0.3169093
PEMS08,90,14861,16589,0.9683285866646862,0.2048705736147106,0.03843689,0.05081129,0.4061575,0.3169093
PEMS08,131,14861,16589,0.9683285866646862,0.2048705736147106,0.03843689,0.05081129,0.4061575,0.3169093
PEMS08,144,14861,16589,0.9683285866646862,0.2048705736147106,0.011446476,0.085338116,0.44302368,0.36913204
PEMS08,75,14861,16589,0.9683285866646862,0.2048705736147106,0.03843689,0.05081129,0.4061575,0.3169093
PEMS08,148,16653,16909,0.9682723265951296,0.0850181556819935,0.041893005,0.17344236,0.25217485,0.3837242
PEMS08,12,14477,15693,0.9682556072631436,-0.2358496182449694,0.32522726,0.31589937,0.1566515,0.14732361
PEMS08,28,14477,15693,0.9682556072631436,-0.2358496182449694,0.32522726,0.31589937,0.15665293,0.14732504
PEMS08,95,16397,17549,0.9682471695751684,0.1277852772418895,0.5466924,0.03539419,0.5996609,0.088362694
PEMS08,16,14605,15181,0.9681922641870044,-0.0228564039639864,0.4947958,0.106543064,0.5595679,0.1713152
PEMS08,99,14989,16781,0.9681250857892616,-0.0367145752347121,0.35894823,1.0499487,0.34079075,1.0317912
PEMS08,152,16973,17549,0.9680174485236878,0.0737745080590608,0.38730907,0.18605518,0.41649532,0.15686893
PEMS08,13,14989,16781,0.9679795664558064,-0.0184508367309959,0.5810256,1.3063092,0.6877351,1.4130187
PEMS08,118,16653,16909,0.967865878840849,-0.1655537705627429,0.527092,0.7113986,0.43331337,0.61762
PEMS08,157,14605,16205,0.9678198951424696,-0.2033908352580598,0.579185,0.5953436,0.6680536,0.506475
PEMS08,82,15821,16973,0.967801112921348,0.1192223130740599,0.028037548,0.45224953,0.17634726,0.30393982
PEMS08,163,15949,16717,0.9676683405501896,0.0438229214065535,1.1094303,0.65835285,0.7204466,0.26936913
PEMS08,166,15437,17741,0.9676632145541242,-0.1296908418673735,0.02725029,0.14269924,0.19489765,0.3103466
PEMS08,104,14349,16909,0.9676563198826936,-0.1522355956955278,0.25987053,0.30459213,0.2002325,0.24495411
PEMS08,88,15757,16589,0.9676551272234304,-0.1630439066973657,0.9045429,0.7108259,1.351665,0.26370382
PEMS08,8,14477,16781,0.9676297339170944,-0.0661090252144726,0.0823164,0.047068596,0.3397293,0.3044815
PEMS08,133,14669,16205,0.9676184294790656,0.1597063127530451,0.91603184,0.44893742,0.7736454,0.30655098
PEMS08,18,14797,15309,0.9675818746105568,-0.1799204899529051,0.96504736,0.056128025,0.8914747,0.12970066
PEMS08,110,14733,16461,0.9675591090439112,-0.0368056262301773,0.653224,0.02390337,0.6023321,0.074795246
PEMS08,19,15821,17549,0.9674661731757758,0.0461295327164282,0.09058285,0.21434975,0.20880508,0.09612751
PEMS08,18,14413,17293,0.967462144151085,0.2170225628030497,0.01496315,0.54977465,0.28563738,0.24917412
PEMS08,42,16653,16909,0.9674518718204272,0.050444201725352,0.530396,0.047537327,0.5070934,0.024234772
PEMS08,36,15117,15885,0.9673807681456406,0.2307449650299103,0.2362132,0.0254817,0.37843132,0.16769981
PEMS08,92,16397,16717,0.9673570642644442,-0.0222749039929961,1.2248731,0.62348986,1.0515132,0.45013
PEMS08,77,14413,14733,0.9673374238273844,-0.0643117613907826,0.4230857,0.83542347,0.50859547,0.7499137
PEMS08,134,16077,17229,0.9672950269611374,-0.1729891914217176,0.25029945,0.40667915,0.18537998,0.47159863
PEMS08,165,15117,16525,0.9672622092942652,0.1619808346971358,0.3600688,0.6970873,0.42216587,0.75918436
PEMS08,53,14477,16781,0.96725522858683,-0.0330621714591968,0.41133022,0.24327517,0.518775,0.1358304
PEMS08,26,15181,17357,0.9672536878679728,0.216081032072624,0.95222855,0.24740934,1.261406,0.55658674
PEMS08,100,16461,16525,0.9672456102033314,0.1914312852595672,0.16611195,0.7411642,0.36955214,0.20550013
PEMS08,128,14349,16077,0.9672419927259658,-0.1176456129001691,0.16827631,0.06692505,0.008895397,0.092455864
PEMS08,148,14477,14797,0.967200148356823,-0.1622567959402652,0.07211065,0.45991802,0.028137684,0.3596697
PEMS08,136,14477,15949,0.967196486479306,0.0025438188737624,0.6481929,0.06848431,0.33601284,0.24369574
PEMS08,33,14925,16653,0.9671740445100332,0.1193385804249227,0.27934456,0.6079354,0.24719095,0.5757818
PEMS08,140,14605,14669,0.9671616162431156,0.1360858541592869,0.9896035,0.5453334,0.70289373,0.2586236
PEMS08,24,15053,16333,0.9669988834245624,0.0549648007081663,1.0178261,0.45967913,1.193181,0.6350341
PEMS08,49,15309,17613,0.966998749489582,-0.0275227353710144,0.8544884,0.26191902,0.89099073,0.22541666
PEMS08,72,15757,16333,0.9669840268019496,0.1375850540699955,0.20486546,0.14288521,0.11000395,0.0480237
PEMS08,158,14797,16525,0.9669727100163792,0.1171142571387662,0.9983549,0.89954853,1.2672791,0.6306243
PEMS08,103,15053,16333,0.9668589446555648,0.1429623959217969,1.1745691,0.44614077,1.1579361,0.42950773
PEMS08,149,14861,16589,0.9668194217646155,0.2486489515209657,0.010937214,0.078519344,0.4101901,0.32073355
PEMS08,154,14861,16589,0.9668194217646155,0.2486489515209657,0.03515482,0.11354637,0.42643833,0.27773714
PEMS08,62,14861,16589,0.9668194217646155,0.2486489515209657,0.010939121,0.07851887,0.410192,0.32073402
PEMS08,109,14861,16589,0.9668194217646155,0.2486489515209657,0.010939121,0.07851887,0.410192,0.32073402
PEMS08,161,14413,16141,0.9668077129080584,-0.1046919083864291,0.16214514,0.20950127,0.14039564,0.23125076
PEMS08,6,15757,17485,0.9667491618468516,0.1140447624022053,0.29952955,0.6074476,0.40880013,0.49817705
PEMS08,33,15757,16333,0.9667288225818352,-0.1588896495347261,0.51458883,0.17853594,0.52326155,0.18720865
PEMS08,164,14477,15117,0.9666958898164236,0.066053556092498,1.0244904,0.8819599,0.4725256,0.32999516
PEMS08,44,16653,16909,0.9666476614940812,-0.0197597006366924,0.34071016,0.94967556,0.28803396,0.89699936
PEMS08,111,14925,15181,0.9666226170199114,0.0372531221539873,0.12643671,1.1688185,0.51626396,0.7789912
PEMS08,49,16717,16973,0.9666114074487104,0.1892331624789834,0.20247269,0.36255932,0.42251825,0.5826049
PEMS08,18,15437,17741,0.9666080328448264,0.0690624174216716,0.1567893,0.21876717,0.07686186,0.45241833
PEMS08,87,16013,17165,0.9666051961750842,0.138475987418304,0.17020082,0.18884706,0.05185032,0.30719757
PEMS08,88,16973,17549,0.966590437117282,-0.0261823450001871,0.09083462,0.40203428,0.117319584,0.42851925
PEMS08,66,14349,15757,0.9665587734863756,-0.0756095210463999,0.53149843,0.36271763,0.36930704,0.20052624
PEMS08,133,14605,15181,0.9665420418246063,-0.2135988526733387,0.9035258,0.80077934,0.40338898,1.3009162
PEMS08,21,15757,16077,0.9665306347804729,0.0213005887802064,0.5991545,0.9537921,0.28310585,0.6377435
PEMS08,108,14925,15501,0.9665046443865748,0.0363030756324963,1.3915544,0.5761118,1.2972775,0.4818349
PEMS08,5,16973,17549,0.9665041285414796,0.0341475252244635,0.14176607,0.2263217,0.10006857,0.015512943
PEMS08,OT,15245,16973,0.9664819296566126,0.1939384540848573,0.54589033,0.20245838,0.5472951,0.20105362
PEMS08,106,15117,16781,0.966430946030454,0.0465829473695814,0.33811903,1.0900373,0.4022274,1.1541457
PEMS08,130,15757,17485,0.9664128275217004,0.2561901190951025,0.396214,0.48021364,0.5970588,0.27936888
PEMS08,96,16909,17165,0.9664115985793028,0.0323045445844128,0.5633025,0.08124542,0.32713938,0.15491772
PEMS08,108,16269,17613,0.9663959268222976,-0.1533346404360997,0.2539549,3.037242,0.109726906,2.6735601
PEMS08,46,16909,17485,0.9663633885335514,0.2478336972253633,0.6100321,0.2181387,0.71909714,0.10907364
PEMS08,107,15885,17421,0.9663535939647252,0.2126218207448704,0.56602955,1.0337195,0.58011436,1.0196347
PEMS08,16,14733,16461,0.9663246286241816,0.0674178039091072,1.1649404,0.25376797,1.467813,0.04910469
PEMS08,43,16525,17037,0.9663185367248774,0.0497077247280203,0.7588334,0.7741041,0.76326275,0.77853346
PEMS08,20,15885,17613,0.966312712339352,0.2843289778179515,0.17033005,0.28674316,0.23697138,0.22010183
PEMS08,148,14669,17485,0.9662972022755756,0.1327423707717185,0.1428976,0.77783155,0.2969985,0.62373066
PEMS08,114,16653,16909,0.9662876789444768,0.1200030143331501,0.15089846,0.9399605,0.198915,0.89194393
PEMS08,167,15437,17165,0.9662043335209408,-0.1001505725729041,1.1173167,0.022275925,0.83325815,0.26178265
PEMS08,86,15245,15821,0.9661413936617834,0.195664640227452,0.2292757,0.45222425,0.060228825,0.28317738
PEMS08,114,15181,15757,0.9660535265658524,0.1868613026735852,0.31482458,0.13933611,0.19648933,0.65065
PEMS08,OT,15693,17037,0.9660363570550436,0.1412654414544035,0.20884085,1.4365754,0.027777672,1.2555122
PEMS08,129,16525,17101,0.9659955964795572,0.026811903289177,0.26934433,0.4231329,0.10127926,0.25506783
PEMS08,36,14349,16653,0.9659863196059671,0.2213585823165071,0.075202465,0.50375366,0.24160671,0.6701579
PEMS08,34,14605,15821,0.9659655150424682,0.0114214999836611,1.3409534,0.56792736,1.2330375,0.46001148
PEMS08,103,15501,16653,0.9659368701383204,-0.0111666779990201,0.47315407,0.8728323,0.4006672,0.8003454
PEMS08,71,15245,17549,0.9659071178694666,0.1176117417537681,0.14033318,0.030282497,0.20420218,0.0941515
PEMS08,163,15501,17485,0.9658974375278364,0.1036438017652227,0.048141003,0.90073395,0.13264608,0.985239
PEMS08,101,15629,17357,0.9658952867253932,0.0940778340223034,0.3363328,0.16024637,0.27049875,0.22608042
PEMS08,134,15245,16397,0.9658661021083004,-0.2169607951830479,0.4112873,1.0281477,0.41854477,1.0354052
PEMS08,133,14413,15949,0.9658186833299424,0.1442960905173385,0.47466373,0.45727777,0.70133543,0.23060608
PEMS08,89,15437,16589,0.9657688422977532,-0.331252316208967,0.15447903,0.08243418,0.098398685,0.3353119
PEMS08,102,16397,16973,0.9656108537790964,0.0725117207517814,0.2369175,0.41731787,0.3573122,1.0115476
PEMS08,44,15437,17165,0.965534743595242,0.029881610015936,0.32430935,0.22217321,0.07883358,0.18096972
PEMS08,53,14797,15693,0.9655315276175764,-0.4579919168408268,0.5658622,0.2837634,0.5430393,0.30658627
PEMS08,135,16589,17165,0.9655131427119654,-0.0901888805775898,0.8525262,0.87197256,0.25172853,1.4727702
PEMS08,54,14861,16589,0.9654889268557112,-0.0941844132992747,0.08581543,0.1589613,0.32906342,0.25591755
PEMS08,42,14989,15117,0.9654230863054224,-0.0066173098098276,0.723125,1.7958603,0.56484747,1.6375828
PEMS08,36,16397,16973,0.9653703212995765,0.1651013090858843,0.23757648,0.3317213,0.5308933,0.038404465
PEMS08,167,14413,17101,0.9653089547381332,0.1179943242166585,0.83783436,1.0887275,0.7976532,1.0485463
PEMS08,20,14477,16781,0.9652281893193596,0.1110798259183085,0.9056711,0.3696742,0.9008064,0.3648095
PEMS08,18,15181,15501,0.9651636850808664,-0.096621712620166,1.0123549,0.6373472,1.2658544,0.8908467
PEMS08,56,14797,15885,0.9651255513833026,0.0362606665932783,0.7099786,0.70651627,0.7933078,0.62318707
PEMS08,67,14605,17229,0.9650981782431068,-0.0584061941252303,0.6865287,0.05047369,0.9653282,0.32927322
PEMS08,88,14733,16141,0.9650903807615232,-0.3526166799607634,0.7387085,0.46507502,0.9618335,0.6882
PEMS08,101,16653,16909,0.9650709832724508,0.1527445126609105,0.09014034,0.2855358,0.3196764,0.055999756
PEMS08,95,14861,16333,0.9650299659702012,0.20202503107366,0.21055365,0.7103181,0.06523466,0.43452978
PEMS08,97,14605,14669,0.9649791666055988,0.0704957259496939,0.039653778,0.3584566,0.071783066,0.3905859
PEMS08,24,14413,16141,0.9649350289192056,0.1414503949148717,0.9762387,0.044442654,0.62826014,0.39242125
PEMS08,137,16589,16653,0.9648700604033024,0.0936052350002939,0.3204136,0.48964262,0.3341236,0.50335264
PEMS08,120,14349,16077,0.9648655002187408,0.1393808034417706,0.18640757,0.2011671,0.048957825,0.063717365
PEMS08,56,16589,16653,0.9648119072654984,0.0862079889401018,0.14499807,0.9100828,0.18222713,0.9473119
PEMS08,133,16333,17229,0.9647521890689906,0.1787961419674485,0.13974619,0.46198273,0.43867445,0.11643791
PEMS08,6,14669,16397,0.9647255114100308,-0.0449263102027427,0.27319145,0.27289152,0.20615673,0.20645666
PEMS08,42,14477,16781,0.9645847532766556,0.2957469784190558,0.506763,0.4924202,0.28038502,0.71879816
PEMS08,139,15821,17229,0.9645465291006174,-0.1527375339015714,0.5812793,1.0259047,0.48846626,0.93309164
PEMS08,77,16653,16909,0.9645026408316042,-0.1543007430700511,0.5138564,1.2168093,0.035116196,0.73806906
PEMS08,94,15245,17549,0.964479818032528,0.1508058921195812,0.2616291,0.09828138,0.24806356,0.111846924
PEMS08,58,15949,16205,0.964460802670114,0.0137773286950033,0.32942152,0.44767284,0.4027977,0.37429667
PEMS08,24,15501,16653,0.9644472248364716,-0.0376283155824337,0.41040802,0.9469743,0.24639511,0.78296137
PEMS08,34,14797,15053,0.964438111739521,-0.0166503882122783,1.1388416,0.35131836,1.3362398,0.54871655
PEMS08,25,14349,16653,0.9643589316390528,0.2141230020690784,0.18664312,0.18288183,0.5131631,0.14363813
PEMS08,79,15885,17037,0.964350269648721,-0.1954283666395695,0.0764308,0.04770708,0.0039191246,0.120218754
PEMS08,71,15629,17357,0.9643170826843672,0.0884483404311768,0.7272463,0.16874456,0.55176306,0.3442278
PEMS08,77,16013,17165,0.9643146231529568,0.2202872179911527,0.12817812,0.053169727,0.14263153,0.32397938
PEMS08,113,14605,16077,0.9642595224514088,0.1441518346211262,1.1775098,0.093239784,1.2066836,0.122413635
PEMS08,147,14925,16333,0.9642488769605604,-0.3111379021138347,0.6498027,0.56898403,1.171515,0.04727173
PEMS08,139,14477,14797,0.9642418915438558,0.0062614351164295,0.4966545,0.5038738,0.790215,0.79743433
PEMS08,3,15757,16397,0.9642294011009214,0.0085450807030413,1.7446027,0.26925373,1.5593085,0.08395958
PEMS08,161,16077,16333,0.9642059591059802,-0.245646211178471,0.44748783,0.17880917,0.7105036,0.4418249
PEMS08,137,14285,16909,0.9642022406503552,0.0776516603728896,0.024171352,0.920887,0.01809597,0.9631543
PEMS08,95,17165,17741,0.964191277249594,0.0831073393496247,0.10569763,0.32700253,0.42892694,0.0037732124
PEMS08,140,16973,17549,0.9641858005348072,0.0347256236279499,0.101261616,0.11910486,0.23200321,0.21415997
PEMS08,27,15949,16141,0.9640745568646774,0.2301547771197726,1.3342595,0.04344368,1.3465581,0.055742264
PEMS08,47,15437,17741,0.9640580617327446,0.09577207954863,0.15461111,0.64064646,0.545455,0.24980259
PEMS08,155,14733,16461,0.964055678669076,-0.1924335902800055,0.7649064,0.4033761,1.1783996,0.010117054
PEMS08,54,15373,15949,0.9639781287800636,0.1645786781062923,0.47355223,0.2550764,0.38954353,0.3390851
PEMS08,117,15885,17037,0.96387790560059,0.0385223671547877,0.39817858,0.8939986,0.55309963,0.73907757
PEMS08,7,14669,15245,0.9638223670874224,-0.0318898018060982,0.70290184,0.76212263,0.058009148,0.11722994
PEMS08,96,15245,17549,0.9637102966181404,-0.2489016490088687,0.12532187,0.24405432,0.050055027,0.068677425
PEMS08,41,14797,17037,0.9636735381424596,0.013765756565383,0.6510496,0.7158489,0.47533894,0.54013824
PEMS08,100,16653,16909,0.96366393977001,-0.1197892390372246,0.09750366,0.94534826,0.25005293,0.5977917
PEMS08,150,16589,17165,0.9636000669137744,0.1789368291159083,0.06571913,0.05978918,0.0035409927,0.00947094
PEMS08,27,14797,16525,0.9635822160873524,0.2739026604973051,1.2099566,0.4855566,0.95391464,0.7415986
PEMS08,117,14477,16781,0.9635335169513064,0.07462957896693,0.1141634,0.029070377,0.0056638718,0.1375699
PEMS08,103,14413,17293,0.9634529485311896,0.108826565117036,0.21016121,0.45624304,0.16421318,0.410295
PEMS08,162,14989,15949,0.9633875996034112,0.0887174081216813,0.7579045,0.34637547,0.9418359,0.16244411
PEMS08,59,15885,16525,0.9633556830890938,0.2044703941742202,0.39516592,0.65381956,0.16020632,0.41885996
PEMS08,53,15245,15821,0.9633463779148436,-0.1290120836276021,0.28777933,0.06719208,0.116680145,0.23829126
PEMS08,101,14605,15757,0.963317108220366,-0.1153979717935377,0.36183357,0.33961773,0.16356277,0.14134693
PEMS08,5,14413,15565,0.9632579611383068,0.2696049036882624,0.45026064,0.109779835,0.21382046,0.12666035
PEMS08,0,15821,16973,0.9632460949731984,-0.1719500412251345,0.15537977,0.55329895,0.024858475,0.42277765
PEMS08,127,15245,16717,0.9632322460553894,0.1078317275562716,0.3191085,0.36155748,0.10665369,0.14910269
PEMS08,2,16973,17549,0.9631880868818404,-0.2080159272644145,0.56103325,0.36571455,0.08525562,0.110063076
PEMS08,114,14989,16141,0.9631521799196792,0.0226803503151272,0.03767824,0.1943922,0.054619312,0.10209465
PEMS08,137,15309,15885,0.9631323810389596,0.1033591332812805,0.33849812,0.2755599,0.06495333,0.0020151138
PEMS08,165,15373,15949,0.9630652074528973,0.103272184850919,0.48243237,0.4304142,0.24886465,0.30088282
PEMS08,27,14605,17357,0.9630583125046176,0.192929145935236,0.65524673,0.6019001,0.99889994,0.2582469
PEMS08,25,14989,15565,0.9630434345385293,0.273185801912409,0.25471163,0.35998964,0.04735422,0.057923794
PEMS08,66,15117,17037,0.9630333699550274,0.1088523022183182,0.45232582,0.83421373,0.9050865,1.2869744
PEMS08,36,14477,15949,0.9630096945174482,0.054631123767833,0.24803352,0.011351109,0.45131445,0.21463203
PEMS08,93,14605,14861,0.9630017320549772,0.087967407066312,0.13575745,0.41660976,0.14877844,0.42963076
PEMS08,87,16653,16909,0.9628756761154588,0.1540505175944914,0.16857386,0.26985502,0.013383865,0.0878973
PEMS08,18,14861,16909,0.9628740746705235,-0.0896759804652187,0.10519123,0.5867734,0.24749088,0.23409128
PEMS08,56,14605,16397,0.962866879172607,-0.0901529362894901,2.5853467,0.5802665,2.4391785,0.43409824
PEMS08,156,15309,17613,0.962858157887682,-0.104534389659867,0.14265347,0.3485179,0.16384125,0.3273301
PEMS08,132,14733,17421,0.9628540177363116,-0.1572355742376587,1.8086143,0.9909959,1.9237008,1.1060824
PEMS08,65,14477,16205,0.962845655353545,-0.0239854559091436,0.39311266,0.9716048,0.49312258,1.0716147
PEMS08,99,15821,16973,0.9627723049919552,0.0906996251055376,0.21502495,0.20591402,0.10453129,0.52547026
PEMS08,104,14733,15565,0.9627024444884352,-0.1222618901270729,0.40636206,0.69466496,0.6468954,0.4541316
PEMS08,27,14989,17101,0.962650170691599,0.0112762115480832,0.32329845,1.9634886,0.16983604,1.8100262
PEMS08,58,14797,16525,0.962566451258373,-0.2388994976057677,0.8303504,0.5309644,0.19072247,0.10866356
PEMS08,106,15053,17357,0.9625656869496028,0.1776750125038496,1.3414469,0.069666386,0.87067175,0.40110874
PEMS08,46,14285,17741,0.9625186082057996,0.1911517658603272,0.34920835,0.87050104,0.69094706,0.52876234
PEMS08,140,15309,17613,0.962466709108112,-0.0079569512910453,0.22880554,0.12322283,0.2521348,0.09989357
PEMS08,132,14285,16653,0.9624621439893044,0.0021493086139985,1.0143852,0.6817026,0.6292591,0.2965765
PEMS08,102,15437,17741,0.9623724283432956,-0.0293475474874626,0.34605312,0.09049845,0.31533146,0.12122011
PEMS08,29,14669,15245,0.9623575243737924,0.0238254691921173,0.20189476,0.062922,0.062278748,0.2012515
PEMS08,136,15693,16461,0.9623124179658844,0.142249472017158,0.30008125,0.34816456,0.5693407,0.617424
PEMS08,57,14413,14733,0.9622464651820192,0.2073681112438871,0.12226343,0.70765066,0.050272465,0.88018656
PEMS08,95,14669,15757,0.9622203845608468,0.2378438537178423,0.31845045,0.7252369,0.5965991,1.0033855
PEMS08,143,15629,17741,0.9622190557165868,-0.1714775278932689,0.6730175,0.9997206,0.76329947,1.0900025
PEMS08,66,14605,14669,0.9622058432393772,0.158552143863701,1.617671,0.63054085,1.3427277,0.3555975
PEMS08,155,16077,16653,0.9622026726353956,0.085423672740976,0.03139639,0.21105433,0.04968214,0.29213285
PEMS08,16,14285,16013,0.962138986576719,0.2422085802694213,0.28405952,0.2718544,0.42174482,0.1341691
PEMS08,76,15117,15693,0.9621286949371324,0.0775904977356937,0.7975764,0.22665691,1.062109,0.037875652
PEMS08,59,14477,17101,0.9621269875470316,-0.0277499157481646,1.1181955,0.7827625,0.9094176,0.5739846
PEMS08,112,14477,16781,0.962083677164398,-0.1625889683176587,0.37523556,0.3491168,0.5683069,0.15604544
PEMS08,112,14797,17101,0.9620611787529671,0.0823639234087155,0.695096,1.0092235,0.049525738,0.2646017
PEMS08,102,15053,16205,0.962029973193857,0.1115682314754691,1.6861682,0.48139858,1.7784266,0.38914013
PEMS08,3,14285,16013,0.9619670519392112,0.2154688207626965,0.068059444,0.28659153,0.2669778,0.0484457
PEMS08,119,14669,16973,0.9619527180017838,0.0033157370684295,0.35870838,0.37121725,0.13954449,0.12703562
PEMS08,92,15693,16781,0.9619258679918464,-0.1506949477668349,0.55355215,1.7319908,0.5733366,1.7122064
PEMS08,63,14477,14797,0.9619236883677664,-0.4538804812537057,1.0531754,0.9992018,1.0141249,0.9601512
PEMS08,147,14477,16781,0.9619176557023336,-0.2013983509641671,0.6441498,0.59726477,0.6371412,0.6042733
PEMS08,111,16973,17549,0.9618187056919052,-0.0364959708631764,0.078920364,0.92288065,0.36871624,0.47524405
PEMS08,93,17165,17741,0.9617992523313794,0.1152535350071105,0.19504833,0.081386566,0.082839966,0.19650173
PEMS08,114,14349,16077,0.9617801695305956,0.2618813819125748,0.09549856,0.035175323,0.033936977,0.16461086
PEMS08,30,15437,17165,0.9617220687041512,0.2439606644647365,0.08791494,0.8056927,0.478508,0.41509962
PEMS08,111,14733,15117,0.9616960071704582,0.0832538432414461,0.041810036,1.8039985,0.32333136,1.4388571
PEMS08,151,16397,17549,0.9616723971754276,0.2458956666250984,0.0114450455,0.17671871,0.14496422,0.04319954
PEMS08,140,14285,17741,0.9616590877117516,0.1555285991694481,0.23638582,0.22898912,0.27915668,0.18621826
PEMS08,146,14605,16397,0.9616265047912466,-0.1356677941455243,0.42724657,0.042800903,0.4164524,0.03200674
PEMS08,108,16013,17165,0.961620753637762,0.2677986633426457,0.2526617,0.38724566,0.26840925,0.3714981
PEMS08,96,15053,17357,0.9615708791085648,0.1589995132198854,0.16364002,0.9775224,0.13880777,0.6750746
PEMS08,47,14477,16525,0.9615569919482756,0.2263964059584574,0.35268307,0.16015816,0.18934059,0.0031843185
PEMS08,63,15821,16973,0.961499365058523,0.0427350500787397,0.34437656,0.13587332,0.13020945,0.0782938
PEMS08,100,15437,17165,0.961491126711851,-0.1963174291529786,0.5844698,0.19932127,0.4096341,0.37415695
PEMS08,120,15181,15437,0.9614514312044912,0.093006900203606,0.32777977,0.030166626,0.6045499,0.30693674
PEMS08,105,15437,17165,0.9614215143251956,0.0612475413418691,0.14426374,0.29376268,0.35445404,0.2049551
PEMS08,69,14925,16397,0.9613678668946912,-0.0954456665614344,0.92189026,0.25385094,0.8225579,0.1545186
PEMS08,92,14797,16269,0.9613469927024956,-0.0408376473996283,1.3803568,0.39773464,0.8629527,0.11966944
PEMS08,107,14797,15949,0.9613457150713332,-0.0122923057946467,0.80332565,0.7168021,0.3088379,0.22231436
PEMS08,27,14477,14733,0.9613212702203162,-0.1576967768804618,0.18304348,0.95193243,0.109155655,1.0258203
PEMS08,43,15757,16333,0.9612975549385006,-0.035340405877129,0.24803734,0.22040081,0.059160233,0.08679676
PEMS08,8,16653,16909,0.9611038285982684,-0.1202941289740305,0.8121748,0.5975237,0.6069846,0.3923335
PEMS08,3,14477,14797,0.961022696586361,-0.098128887428107,0.08888197,0.6700363,0.017924786,0.59907913
PEMS08,16,15501,16653,0.9609499365019646,0.1151236550198891,0.2870474,0.28724337,0.2906499,0.29084587
PEMS08,94,14605,14669,0.9609172130169108,-0.0746614644418513,1.0527954,0.018275738,1.025147,0.009372711
PEMS08,32,15117,17421,0.9608948819635568,0.2675042699004146,0.69197416,0.03535986,1.0300679,0.3027339
PEMS08,161,16013,16653,0.9608760216772634,-0.0350016208393441,0.79771376,0.7009015,1.0821018,0.9852896
PEMS08,44,15053,16205,0.9608046586047416,0.1885253720037507,0.6993537,0.23230505,0.6801028,0.25155592
PEMS08,94,14285,16013,0.9607823052551564,0.1806612293791526,0.3195157,0.7109976,1.106329,0.07581568
PEMS08,29,14797,16525,0.96073023093609,0.2362209592621555,0.75733423,0.2195735,0.53813076,0.00037002563
PEMS08,163,14413,16141,0.9606860717643916,0.0756889718396281,1.5109735,0.03645277,1.4595709,0.08785534
PEMS08,13,14861,15437,0.96064653636607,0.0382985646467567,0.52257204,0.74219656,0.026519299,0.19310522
PEMS08,14,16205,17357,0.9605975777808756,-0.0683479235916598,0.3502102,0.47985554,0.43466187,0.39540386
PEMS08,30,16653,16909,0.9605613228280714,-0.1600573221309407,0.08340502,0.37131405,0.17683983,0.27787924
PEMS08,118,15757,16333,0.9605429979491348,0.1105439334411664,0.438035,0.74532795,0.64802027,0.5353427
PEMS08,OT,14669,15821,0.9605087495065376,-0.0461955834913037,0.6323471,1.1047196,0.21543074,0.68780327
PEMS08,160,15885,17613,0.9604896785518984,-0.0127284835887201,0.25079536,0.35423994,0.22817945,0.37685585
PEMS08,6,14477,14733,0.9604667624065332,-0.1238484309938563,0.51689243,0.55167055,0.33713531,0.37191343
PEMS08,53,14285,17229,0.9603904504876792,0.1254046773007493,0.6728182,1.3779383,0.3024974,1.0076175
PEMS08,150,15437,16909,0.9603559870562294,0.0623619389087151,0.21476078,1.2351985,0.51024914,0.93971014
PEMS08,10,14669,16653,0.9602333595342248,-0.0797041501287571,0.5996928,0.3056383,0.36378145,0.069726944
PEMS08,21,14413,15565,0.9602217123745926,-0.0761114549687336,0.4773698,0.5001569,0.45128632,0.4740734
PEMS08,89,14797,17037,0.9601281408091816,-0.0211663307570883,1.5473509,0.10515404,1.8222389,0.38004208
PEMS08,68,16653,17165,0.960102014800048,0.0612297147781297,0.7702894,1.0826883,0.47972918,0.7921281
PEMS08,10,14605,17357,0.9598821568411482,-0.108289832135565,0.0024404526,0.24509954,0.214674,0.462214
PEMS08,93,15053,16205,0.9598363190974202,0.2996395374759165,0.41065502,0.09680748,0.68750143,0.3736539
PEMS08,108,17485,17549,0.9597407977342184,0.2354315061968613,0.7502756,1.4035158,0.08506727,2.0687242
PEMS08,128,16589,16909,0.9597105949048684,0.2693062987538213,0.1596446,0.45359564,0.0101623535,0.28378868
PEMS08,157,14349,16653,0.959696897616441,-0.0817540810701741,0.22738552,0.85817766,0.04433918,0.6751313
PEMS08,47,15373,17101,0.9596664165324142,0.0235897973461515,0.03186798,0.29545116,0.25739384,0.0061893463
PEMS08,37,15693,16269,0.9596606343877396,-0.0475147898161278,0.040889263,0.01570654,0.015367508,0.041228294
PEMS08,158,17037,17421,0.9595953769633064,0.2737183966525213,1.6580477,0.17967796,0.95294666,0.52542305
PEMS08,56,15245,15821,0.959545748371842,0.0042216702629638,0.5295887,0.06102276,0.49451542,0.025949478
PEMS08,52,14669,15053,0.959449703495494,0.073021823642186,0.57326794,0.32602596,0.75373363,0.50649166
PEMS08,114,14477,16781,0.9593700389881412,0.1467636097759918,0.79407835,0.5827651,0.43184662,0.22053337
PEMS08,42,15053,17357,0.9593652098278308,0.2919143860449151,0.60738707,0.3829255,0.68280315,0.30750942
PEMS08,114,15821,16973,0.959257747446684,-0.2113925562153427,0.018611431,0.1286745,0.033535957,0.11374998
PEMS08,158,16653,16909,0.9591805900558598,-0.2259082334432772,0.38733816,0.7616997,0.21027327,0.5846348
PEMS08,20,14925,16909,0.9591665263107968,-0.3396665592546519,0.054172516,0.32088518,0.07373142,0.19298124
PEMS08,168,14669,16397,0.959059185825782,0.1176088731763181,1.5244865,0.12944078,1.2766051,0.11844063
PEMS08,72,15373,17677,0.9589416635268828,0.1803546938766573,0.06548977,0.16592598,0.035764217,0.26717997
PEMS08,161,17037,17613,0.9589063071488436,0.0413774928576041,0.2914996,0.08701372,0.3465762,0.031937122
PEMS08,156,15693,17101,0.95887492533915,0.2144401616493506,0.29885292,0.42944336,0.11573696,0.6125593
PEMS08,2,15629,17357,0.95884379812958,0.0379538873914611,0.1124239,0.11971092,0.1799717,0.052163124
PEMS08,103,17037,17613,0.95882181235985,0.0504013877274148,2.143577,0.4513111,2.4490638,0.14582443
PEMS08,151,14285,16909,0.9587608715143412,-0.0160183985417882,0.04077196,0.9398136,0.419693,0.5608926
PEMS08,69,14797,16525,0.9586679852194208,-0.1177227160144453,0.8824439,0.28814983,0.62957716,0.03528309
PEMS08,15,14797,16525,0.9586672121677394,0.0206556140829992,1.0756989,0.57853127,0.7618599,0.8923702
PEMS08,156,15437,17741,0.9586500629015456,0.2492986061401395,0.20740366,0.671473,0.5653672,0.31350946
PEMS08,160,16589,17165,0.9586402148022865,0.1770484293201911,0.0729413,0.43124342,0.4101162,0.05181408
PEMS08,10,14797,15309,0.9585895749876592,0.0122294922339867,0.5980358,0.36962557,0.7754307,0.54702044
PEMS08,133,14285,16653,0.9585675996847332,0.1350003687870356,0.57930136,1.0597205,0.79455996,1.2749791
PEMS08,4,15373,16461,0.9585175538260724,0.1350312424154779,0.27988768,0.14197636,0.6488409,0.5109296
PEMS08,22,15629,16205,0.958507840493332,-0.1718981227643225,0.34012032,0.42642927,0.5889754,0.17757416
PEMS08,0,15501,17357,0.9584789226948268,-0.1575573026115377,1.3918886,1.3939099,1.0218024,1.0238237
PEMS08,27,16653,16909,0.9584555392918096,-0.1090654551794969,0.29852533,0.1732645,0.77080345,0.6455426
PEMS08,87,15437,17741,0.9584095646823896,-0.141587040184105,0.64206123,0.33873367,0.58456135,0.39623356
PEMS08,65,15885,17421,0.9584085761738084,0.1485238382599054,0.78143835,0.90449333,0.63093185,0.75398684
PEMS08,24,16013,17741,0.95834171618363,-0.0079056551467477,0.4019537,0.09026766,0.2471919,0.24502945
PEMS08,23,15757,16269,0.958303780897792,0.1195898097412061,0.67123985,0.22788763,0.9332614,0.48990917
PEMS08,66,14861,16909,0.9582746558751598,0.2155973240103831,0.07491255,0.48031092,0.22475433,0.33046913
PEMS08,129,17165,17741,0.958225124778754,0.2649264924257966,0.14173126,0.6694441,0.7572713,0.053904057
PEMS08,93,16653,16909,0.9582218905542608,-0.040350624042583,0.5469179,0.07488632,0.3730116,0.099020004
PEMS08,OT,16397,17549,0.9580890527199444,-0.0009185747753608,0.028168201,0.10927343,0.30229712,0.43973875
PEMS08,72,15949,16205,0.9580369412280036,0.0441199381234638,0.17080116,0.019072533,0.08477163,0.23650026
PEMS08,71,17165,17741,0.9580074059440694,-0.0742680675735471,0.7422333,0.7834487,0.99888897,0.526793
PEMS08,110,14413,16141,0.9579671076345144,-0.0357721344434088,0.2615676,0.61408424,0.11203575,0.4645524
PEMS08,87,15245,15821,0.9579305628962512,0.1839988971768458,0.33814144,0.17612505,0.108495235,0.40577126
PEMS08,19,14989,16781,0.9579122047354788,-0.175892262141881,0.7242794,0.22307682,0.9399843,0.43878174
PEMS08,3,16269,17293,0.9579068593213792,-0.0913354905696141,1.5171857,0.7268896,1.415163,0.62486696
PEMS08,147,16397,16973,0.9578848865066124,-0.2469730688936387,0.42406416,0.041294098,0.26144314,0.12132692
PEMS08,56,16013,17741,0.9578816265971762,-0.0169477282059317,0.11803484,0.6270919,0.20062542,0.5445013
PEMS08,64,15821,17485,0.9578030611585528,0.2205362138005041,0.02137804,1.986949,0.02327156,1.9888425
PEMS08,132,17037,17613,0.9577888760232152,0.1097696677444181,0.08019638,0.23376846,0.09595728,0.21800756
PEMS08,108,15117,16141,0.957747920866162,0.0329544427443315,0.899137,1.8804955,0.8832655,1.864624
PEMS08,104,14669,16397,0.9576743564896132,-0.2108409696092693,1.3013716,0.05028677,1.0343704,0.21671438
PEMS08,88,14413,15565,0.9576663710150528,-0.0511745863861019,0.010179043,0.058237553,0.124504566,0.05608797
PEMS08,114,14285,17165,0.9576485047700652,-0.045565245896235,0.512063,0.20685291,0.34032202,0.37859392
PEMS08,78,16077,17229,0.9576156582076244,-0.0462520305378413,1.3425713,0.2858243,1.4171801,0.3604331
PEMS08,17,14477,15885,0.9575621723047774,-0.371802824745577,1.4172497,0.46564054,1.5496101,0.3332801
PEMS08,157,15053,16397,0.9575539128523384,0.0076331402144509,0.65803194,1.5419455,0.6567092,1.5432682
PEMS08,44,14605,17485,0.9575418666953642,-0.2834220112201548,0.5588565,0.7481618,0.40844202,0.5977473
PEMS08,162,14797,16269,0.9575382338114404,0.0906324001345546,1.4124112,0.8217459,1.2077351,0.6170697
PEMS08,38,16461,17421,0.9574043921618348,-0.2179018987459899,0.9010968,0.11738253,0.7329936,0.05072069
PEMS08,88,14285,17165,0.9573925206328056,-0.0686007315378971,0.19925976,0.6256218,0.049182415,0.47554445
PEMS08,97,16653,16909,0.9573650940252628,-0.1749885879097531,0.38447523,0.18562269,0.78087807,0.21078014
PEMS08,76,14605,15245,0.9573600487039508,-0.1597478552539103,0.91437006,0.9198494,1.0854759,1.0909553
PEMS08,10,16973,17549,0.9573502248115028,-0.1252905869960354,0.07591343,0.26478815,0.044662,0.38536358
PEMS08,147,14989,16141,0.9573070098604302,0.1137062609848701,0.0887804,0.35161448,0.15702105,0.28337383
PEMS08,47,16333,16653,0.957301752522642,0.2555634912055451,0.02875185,0.68425655,0.26339626,0.39210844
PEMS08,67,16653,16909,0.9572929680793996,0.053414458555444,0.63440466,1.1722608,0.33572388,0.87358
PEMS08,43,14989,15373,0.9572859164545094,0.1724657097158379,0.22361326,1.692584,0.4277029,1.8966737
PEMS08,4,14733,17293,0.9572146086194736,-0.186141214495988,0.47781563,0.25002623,0.5363302,0.30854082
PEMS08,140,16013,16653,0.957128196115078,0.1173465981837415,0.54506207,2.1257567,0.3067751,1.8874698
PEMS08,136,15181,16653,0.9570899322036214,-0.0662713112660491,0.64945936,0.040298462,0.68959713,0.00016069412
PEMS08,72,14349,16653,0.9570368809916598,-0.0708948333117355,0.05210066,0.15984583,0.30494738,0.1972022
PEMS08,5,15437,16909,0.9570327982209051,0.2433867966182106,0.13012552,0.11522961,0.40032434,0.6456795
PEMS08,114,14797,15885,0.9570310812709798,-0.0627598578689642,0.18303347,0.050957203,0.477396,0.34531975
PEMS08,3,16589,16653,0.9570285600859268,-0.2269504878065082,0.8450346,0.8330364,1.0134954,1.0014973
PEMS08,106,14605,16333,0.9568952597271544,-0.4383167243996324,0.20227718,0.31994915,0.18006086,0.7022872
PEMS08,66,14989,15949,0.956855067444695,-0.1262304686037925,0.6959758,1.2470756,0.79934835,1.3504481
PEMS08,78,17037,17613,0.9568040216965848,0.1791277427896317,1.0647902,0.02477169,0.82283974,0.2667222
PEMS08,150,15565,16141,0.9567734011022496,-0.1857810313867825,0.2646923,0.44118786,0.17485714,0.531023
PEMS08,OT,14733,15373,0.9567110019102548,0.1442887614456626,0.58130026,0.4389577,0.68924236,0.5468998
PEMS08,87,14669,16397,0.9566274721518748,0.1645320832425124,0.379714,0.09919596,0.027936459,0.3084545
PEMS08,22,14733,14989,0.956614519106653,-0.0193304286402913,0.3310771,0.1895752,0.037424088,0.104077816
PEMS08,4,15629,17357,0.9564324968364236,0.1781043997135785,0.32766724,0.2708087,0.28219366,0.31628227
PEMS08,35,16013,17165,0.9563028299196116,0.0787849665127038,0.51577425,0.71043587,0.7652087,0.4610014
PEMS08,113,14541,16909,0.9562470645386036,-0.124098899417261,0.32189083,1.2951388,0.56180763,1.5350556
PEMS08,39,15693,16781,0.9561298093101182,0.0730264762371863,0.03839588,1.0722284,0.1253953,1.2360196
PEMS08,0,16397,17485,0.9560844367897582,0.1224448648136764,0.10897446,1.5223093,0.15131378,1.7825975
PEMS08,72,14797,15309,0.9560211169753784,0.0293869381964188,0.8032026,0.26422596,0.2523117,0.8151169
PEMS08,103,16013,17741,0.9559960277492882,-0.099568290765253,0.3797059,0.18904066,0.24174356,0.327003
PEMS08,21,16781,17677,0.9559804428555516,-0.1841244100756706,0.44245052,0.7114663,0.9206681,1.1896839
PEMS08,10,14477,17421,0.9559326487380764,0.2254182235558459,0.4503374,0.3907199,0.2992401,0.2396226
PEMS08,20,15629,16205,0.9558933789042902,0.1783229793084328,0.051824093,0.07114792,0.017042637,0.036366463
PEMS08,96,15437,16013,0.9558896976781394,0.1678134197884695,0.18747759,0.18791246,0.034641743,0.03507662
PEMS08,140,14477,16269,0.9558831512328976,0.141278699499335,1.5495238,0.28328896,1.3304887,0.06425381
PEMS08,167,15245,15821,0.9558381599746032,0.1642516158797138,0.65212965,0.4104371,0.52347946,0.28178692
PEMS08,111,15693,16269,0.9558300257475084,0.0918584642208402,0.23345566,0.2803197,0.17356157,0.34021378
PEMS08,8,15245,17549,0.955828077653086,0.1456358604668437,0.22980309,0.03784418,0.2241764,0.04347086
PEMS08,88,14605,17485,0.9558261033176926,-0.1827243203940207,1.0519133,0.32390118,1.1250858,0.39707375
PEMS08,167,14349,16909,0.9557271680442274,0.0983496452682241,0.6434703,0.8310747,0.31211805,0.49972248
PEMS08,107,15693,17677,0.955710265978874,-0.0643696298273331,0.096613884,0.40977144,0.52971935,0.8428769
PEMS08,52,14861,14925,0.9557102653367672,-0.1591003669879991,0.0814724,0.6108856,0.09561539,0.43379784
PEMS08,79,14477,16461,0.9556989755267988,-0.2732640503972559,0.16229868,0.0029611588,0.04806757,0.11719227
PEMS08,138,17101,17549,0.9556662258517112,-0.0442711683232967,1.4661427,0.32717943,1.4294963,0.29053307
PEMS08,33,16461,16781,0.9555640098704338,0.0615047425694976,0.93338203,0.5202565,0.93586445,0.52273893
PEMS08,135,14285,16013,0.955475737829415,0.1692133790988467,0.16198683,0.18082857,0.381207,0.03839159
PEMS08,152,15629,16397,0.95545242315269,-0.0838299186189679,0.92492056,0.7480321,0.5334501,0.35656166
PEMS08,151,15693,16269,0.955417614328448,0.2162430693178414,0.2429204,0.21259356,0.30147886,0.15403509
PEMS08,18,14349,17229,0.9554061201596724,0.0336002608925489,0.6314349,0.6753626,0.44371176,0.48763943
PEMS08,24,17037,17613,0.9553315006208868,0.0307891089523454,1.8727775,0.45847845,2.2482052,0.08305073
PEMS08,147,15757,17229,0.955286923271272,0.143124677275763,0.00552845,0.6344843,0.25504208,0.37391376
PEMS08,128,15821,16397,0.9552558474086704,-0.0287061209989947,0.12270069,0.26418304,0.04749775,0.339386
PEMS08,39,17293,17677,0.9550329071785668,0.0580193241303393,0.21456575,0.52043915,0.47799063,0.783864
PEMS08,98,17165,17741,0.955026213040237,0.1707969932090509,0.8461628,0.16250801,0.951067,0.2674122
PEMS08,22,15437,17165,0.9549776410049108,0.0538871022165436,0.37122345,0.15914822,0.17089653,0.041178703
PEMS08,11,14733,15693,0.9549493943821206,0.0196563710531776,1.0114622,1.1807737,0.2564373,0.42574883
PEMS08,2,17165,17741,0.95493262066662,0.0500428076563097,0.72423744,0.0603652,0.75222254,0.088350296
PEMS08,5,14605,15501,0.9548953606564412,-0.0238823946210997,1.600102,0.44226265,1.781198,0.6233587
PEMS08,53,14669,16397,0.9548398185587412,-0.0435276377973489,0.61457014,0.0016593933,0.1889453,0.42396545
PEMS08,34,14861,16333,0.9545524253659244,0.1907153295346579,1.2083912,0.68122196,1.0155272,0.48835802
PEMS08,133,15629,17357,0.9545403002069138,0.0215383527779706,0.36739206,0.29283428,0.5587511,0.10147524
PEMS08,21,15821,16973,0.9545398949150669,-0.048055866091055,0.15242052,0.37356567,0.6342535,0.10826731
PEMS08,87,14413,15565,0.9543740918022918,-0.0277817170665332,0.08266735,0.059207916,0.02659893,0.1684742
PEMS08,132,14605,15181,0.9542291144614896,-0.1703828095981257,2.6172547,0.4337144,2.5320501,0.3485098
PEMS08,67,15117,17421,0.9542180502913308,-0.1604540514251634,0.030774593,0.66320276,0.406631,1.1006083
PEMS08,111,14477,14797,0.9542082726973482,0.0888773242006973,0.10230303,0.93847704,0.06377077,0.8999448
PEMS08,16,14861,16909,0.95419723146256,-0.1583602011923449,0.010048866,0.33487082,0.07743025,0.26748943
PEMS08,45,14605,16333,0.954191630545705,0.2858186325450755,0.15830708,0.09101057,0.3822341,0.3149376
PEMS08,95,16781,17421,0.954087960656375,0.03483081284076,1.3815718,0.54292583,1.1166229,0.277977
PEMS08,156,14349,14605,0.954037544183532,-0.1925047433325464,1.5342932,0.5703845,1.3249564,0.36104774
PEMS08,119,15373,17037,0.9539360774014048,0.0959152868669927,0.7286997,1.0331144,0.89965487,1.2040696
PEMS08,108,16717,16973,0.9538136611564488,0.2700436883649218,0.28760767,0.24084473,0.35863686,0.16981554
PEMS08,156,16461,17677,0.9537987538082396,0.0600222658145344,0.6303053,0.53776026,0.41615677,0.32361174
PEMS08,167,14285,15181,0.9537402046226766,0.0014538962774219,0.37253904,0.40797424,0.49176311,0.28875017
PEMS08,158,15245,15821,0.953650527861792,0.2732904389903242,0.0015506744,0.31232834,0.28333807,0.030540943
PEMS08,35,14605,16333,0.9535414572927742,-0.1259798693461845,0.019350052,0.58732796,0.10976744,0.67774534
PEMS08,23,16077,16589,0.9534622325053826,0.0962426178855953,0.95718193,1.351994,1.1779051,1.5727172
PEMS08,OT,14349,15181,0.9533887754551308,-0.1273123620153635,1.5280695,0.3598647,1.5210547,0.35284996
PEMS08,132,15245,16397,0.9533642131002172,0.1830620190628454,0.90672493,0.29282904,0.88723516,0.3123188
PEMS08,46,15437,16589,0.9532866321021743,0.1207482341390416,0.11068058,0.343472,0.16561556,0.39840698
PEMS08,103,15629,17357,0.9532198671254046,0.1281241995172608,0.37665272,0.18251085,0.2038207,0.35534286
PEMS08,63,16589,17357,0.953162985671018,0.0449712023344843,0.4250865,0.08947992,0.29028702,0.2242794
PEMS08,152,16653,16909,0.9531558210228952,-0.0342942595459257,0.6048565,1.2507296,0.314219,0.96009207
PEMS08,152,14413,17293,0.9531511288439576,0.2924966194503424,0.23179531,0.6094303,0.59719896,0.24402666
PEMS08,26,14797,16525,0.9531088995102526,0.134583348910708,0.54256964,0.022918701,0.17560768,0.38988066
PEMS08,94,17165,17741,0.9531026841026392,0.0980010188588713,0.020025253,0.63045645,0.5528922,0.09758949
PEMS08,132,14413,16141,0.9530919675483716,0.1193503044423384,0.31556797,0.74297,0.44939184,0.6091461
PEMS08,143,15309,17613,0.9530239765720806,0.1112029087836037,0.26439333,0.12790585,0.07756376,0.05892372
PEMS08,30,15117,15693,0.9530199770847172,0.1560967088841807,0.3228917,0.34309196,0.5340581,0.55425835
PEMS08,1,15117,15309,0.9529703526100186,0.1950815058543009,0.6154313,0.4577465,0.7630868,0.605402
PEMS08,66,15309,17421,0.9529695372089252,-0.091320297724078,0.31046772,0.86642265,0.24858332,0.80453825
PEMS08,78,14349,16653,0.9529219830982462,-0.0110613058712898,1.0308123,0.0632205,1.2150955,0.24750376
PEMS08,72,16397,16973,0.9527567997117956,0.1322351743023189,0.86484766,0.107646465,0.8840914,0.08840275
PEMS08,56,16909,17485,0.9527462504929384,0.022778782292213,0.21354914,0.3770337,0.06504822,0.22853279
PEMS08,68,14605,14669,0.952645402626226,-0.0101765210296346,0.38128662,0.23725653,0.31789923,0.17386913
PEMS08,117,15245,17549,0.9526415567247278,0.0020216942580008,0.16532946,0.38579178,0.4735179,0.07760334
PEMS08,64,14541,15437,0.9525325031157044,0.1192539562785823,0.79370403,0.21354294,1.0185356,0.43837452
PEMS08,135,14413,16141,0.9525021172560164,0.2941042887454789,1.2801156,0.41597033,1.7569528,0.060866833
PEMS08,6,15885,17421,0.9523557342664164,0.085758533032136,0.04342079,0.27217388,0.17762327,0.1379714
PEMS08,157,16013,16845,0.9523465085227544,-0.1277842424038763,0.538332,0.18329382,0.32548094,0.39614487
PEMS08,100,14605,17485,0.9523436913724528,-0.0507891696246219,0.74052334,0.33126688,0.87519217,0.19659805
PEMS08,8,15821,16973,0.9521115523917736,-0.0318014166906672,0.09423685,0.59211874,0.15073824,0.34714365
PEMS08,22,14861,17229,0.9520764264826194,-0.2635355049329443,0.2516036,0.14506483,0.062699795,0.45936823
PEMS08,49,14477,16781,0.952064804242538,0.0067304258966095,0.25038767,0.84232426,0.11025715,0.48167944
PEMS08,137,14413,14733,0.951994694929441,-0.4680545096454839,0.17954159,1.3083472,0.083797455,1.2126031
PEMS08,49,14669,17485,0.951989624347936,-0.1614422789668487,0.7956629,0.009168625,0.5609832,0.24384832
PEMS08,14,15373,16141,0.951982412482978,0.0642439230540551,0.7924118,0.07135391,0.93248796,0.06872225
PEMS08,41,15757,17485,0.951965809578554,0.1038890484920996,0.010032654,0.22238159,0.22695875,0.014609814
PEMS08,155,15757,17485,0.951952472826734,0.1322478683995733,0.14314651,1.8678498,0.08356762,1.9274287
PEMS08,155,15821,16397,0.9519473407370106,0.2452094333980135,0.21161175,0.015202999,0.22276926,0.026360512
PEMS08,164,16589,16653,0.9518880639385328,-0.0448568198704492,0.44165564,0.6886263,0.77426004,1.0212307
PEMS08,36,15373,16141,0.9517738539076296,0.2149779394337564,1.4714155,0.15468073,1.29038,0.02635479
PEMS08,86,15437,16013,0.9517296058311804,0.2039896505245742,0.34160423,0.24764204,0.31197214,0.21800995
PEMS08,35,15053,16397,0.9517025883289334,0.0804025955648426,0.39322615,1.3017159,0.15825462,1.5366874
PEMS08,19,14797,15885,0.951683061891782,-0.1012654446544017,0.8720279,0.5119748,0.786222,0.5977807
PEMS08,165,14349,16653,0.9515703426201428,-0.0714912856761539,0.03497553,0.7910824,0.3559184,0.4701395
PEMS08,1,14605,14861,0.9515164267744686,-0.089598147883743,0.22237396,0.27981186,0.41969967,0.08248615
PEMS08,104,14285,17741,0.9514969022317206,0.2430705499265276,0.26243496,0.44641066,0.46034527,0.24850035
PEMS08,16,16397,16973,0.951465678166933,0.0966048575202724,0.07342529,0.64700985,0.22316551,0.35041904
PEMS08,13,16653,16909,0.9514436678766331,-0.322161072455973,0.8001685,1.5716076,0.83686256,1.6083016
PEMS08,44,14797,16525,0.951331357099038,-0.0340131974930987,1.067348,0.42521477,1.1334562,0.35910654
PEMS08,38,14733,16525,0.9512870648652298,0.1858507095015452,0.5995803,0.386446,0.65891266,0.44577837
PEMS08,135,14733,16781,0.951142266882864,0.0277737807048138,0.23254204,0.024616241,0.20789242,3.33786e-05
PEMS08,82,14477,16781,0.9511115300219511,-0.2176431148239069,0.28678846,0.54116774,0.08679581,0.914752
PEMS08,82,17165,17741,0.9510814990147788,0.0371736179210458,0.7861881,0.13457823,0.39004278,0.26156712
PEMS08,96,15821,16973,0.9510314130955614,0.1194528861198499,0.0074863434,0.732069,0.17323542,0.56631994
PEMS08,134,15181,16653,0.9509651825336324,0.0860396008200326,0.70766354,0.33284092,0.79887486,0.2416296
PEMS08,102,16589,16653,0.9508344679892436,-0.0476410419754913,0.37445068,1.483602,0.24815702,1.3573084
PEMS08,98,14605,16397,0.9508163571401904,-0.1077721044248369,1.3068547,0.59626675,0.99656534,0.28597736
PEMS08,140,15949,16205,0.9507626700040468,-0.0685500190177388,0.07753086,0.59533453,0.20321894,0.31458473
PEMS08,41,15373,16141,0.9507106165110384,0.086673991807279,1.2948408,0.4215703,1.3740454,0.50077486
PEMS08,98,14861,16333,0.9506928044788698,0.2305397186401928,0.3659234,0.034171104,0.22176218,0.10999012
PEMS08,59,14349,16653,0.9504649546256402,0.0856800344497634,0.26986265,0.12379646,0.09643984,0.04962635
PEMS08,134,15693,17677,0.9504346175835754,0.1271192434544547,0.114276886,0.30248022,0.19980574,0.61656284
PEMS08,29,15053,17357,0.9503734778515044,0.2197199893010052,0.29193068,0.78111744,0.073730946,0.99931717
PEMS08,140,14349,16909,0.9503529798075828,-0.1897787588963731,1.3197217,0.77794456,0.8883233,0.34654617
PEMS08,113,15053,16205,0.9503284677005488,0.1283642918287768,0.07537651,0.8044486,0.07187462,0.8009467
PEMS08,26,14605,16397,0.95021280807479,0.1729502303571391,1.3516183,0.84097576,1.3880038,0.8773613
PEMS08,89,16013,17165,0.9501141401460644,0.2376236083248998,0.033105373,0.5801406,0.17537165,0.37166357
PEMS08,2,14797,16525,0.9500635481806458,0.1146277321707316,0.5185871,0.633873,0.41115665,0.5264425
PEMS08,40,14477,17037,0.95002899572462,0.0354000982616586,0.30562258,0.53493166,0.45194292,0.681252
PEMS08,68,15053,16205,0.9499769993285336,0.1441826355250041,0.39041376,0.108110905,0.45001507,0.048509598
PEMS08,161,15693,16781,0.949969167634873,-0.0146609525379064,0.32015657,0.76541615,0.07373619,1.0118365
PEMS08,105,15757,16333,0.949897393041604,-0.1215262008137031,0.10050297,0.14343882,0.27156973,0.31450558
PEMS08,29,14285,14349,0.9498366248666664,0.12651492651894,0.49423504,2.022583,0.4032941,1.931642
PEMS08,94,16397,16973,0.949696060213936,-0.2419499943325876,0.15057468,0.30719757,0.03642893,0.19305182
PEMS08,15,16589,17165,0.9496875634611462,0.2435022241442624,0.57037973,0.33195543,0.06403446,0.17438984
PEMS08,10,15437,17741,0.9496873676009756,0.2873920592970672,0.22497702,0.44826603,0.103180885,0.3264699
PEMS08,31,16269,17293,0.9495705032582412,0.0686759522195776,0.37148762,0.7034602,0.30993605,0.64190865
PEMS08,71,14477,16781,0.9495309139271086,-0.0294650157574873,0.033017635,0.17000866,0.05615139,0.080839634
PEMS08,14,16333,16909,0.9494777460965604,0.1020172708287126,0.10604954,0.15163708,0.43440008,0.47998762
PEMS08,5,16205,16397,0.9493828915545416,0.0941230605201725,1.0242743,0.9599576,0.8617501,0.7974334
PEMS08,167,14669,14861,0.9493057400114744,0.0766896047564085,0.36804056,0.6167879,0.601233,0.84998035
PEMS08,19,15053,16205,0.949211534771138,-0.000331928639187,0.1833272,0.33586216,0.114741325,0.037793636
PEMS08,36,14605,15245,0.9491530885889196,-0.0133982441039923,1.0735531,0.9061432,0.8280363,0.6606264
PEMS08,139,15117,16269,0.9491429805831476,0.0448178174970426,0.38674068,0.72891283,0.25266933,0.08950281
PEMS08,69,15949,17677,0.949134112950305,0.1828083587656978,0.33636665,0.040071964,0.36194038,0.014498234
PEMS08,5,14285,17165,0.949090951412399,0.093858964329248,0.4050808,0.055065155,0.67465353,0.21450758
PEMS08,OT,16653,16909,0.9490052824006476,0.0162792591142078,0.29683208,0.8025856,0.2962842,0.8020377
PEMS08,102,16013,16909,0.9488432489876732,-0.0161944440016844,0.6539054,0.9309511,0.44123697,1.1436195
PEMS08,68,15437,17741,0.9486464248188888,-0.0564318275883891,0.061126232,0.035725117,0.008675575,0.03407669
PEMS08,97,14797,16461,0.9486442571170336,-0.0882778458593767,0.45595503,0.562263,0.4174881,0.5237961
PEMS08,0,14861,16653,0.9486003632716268,-0.0206761303436811,1.2344837,0.8322358,1.5167756,1.1145277
PEMS08,22,14605,17357,0.9485347075201228,0.0642429121504127,0.5319438,0.030457497,0.7884426,0.22604132
PEMS08,45,16653,16909,0.9484964631052216,0.1123796993948193,0.2685156,0.85909176,0.37648535,0.21409082
PEMS08,11,14477,17037,0.9484571098881504,0.0448416403381086,0.78478384,0.53433037,0.60895395,0.35850048
PEMS08,42,14349,17165,0.9483810090663224,0.2316989475641516,1.3933582,0.52557755,1.3183646,0.45058393
PEMS08,135,14925,16653,0.9483556099753924,-0.1558234963262761,0.84404993,0.29216337,0.98889065,0.14732265
PEMS08,107,16589,16909,0.9482154372074648,0.0215890265424386,0.43008184,1.98913,0.32759666,1.8866448
PEMS08,110,17165,17741,0.9478406689046368,0.1326190649746879,0.2906723,0.25442886,0.26308537,0.22684193
PEMS08,40,15437,17165,0.9478384148433676,0.0894854105067301,0.067703724,0.33861065,0.16234207,0.10856485
PEMS08,64,14285,17741,0.9478290643939604,-0.0020714798286627,0.09552145,0.18183756,0.19380951,0.0835495
PEMS08,53,15437,16589,0.9477128962313076,0.1897407303390631,0.60937977,0.8597212,0.4472494,1.0218515
PEMS08,35,14413,14989,0.9475913861563318,0.0212172625850695,0.110526085,1.490901,0.37139368,1.2300334
PEMS08,112,14413,15053,0.9475079245561292,-0.2118588506955509,0.5358653,1.0607529,0.75399303,1.2788806
PEMS08,152,16141,17677,0.9473967721746152,0.0471710959354114,0.24490881,0.1299119,0.47892857,0.36393166
PEMS08,85,16589,17165,0.9473364386889594,0.1581930601308955,0.86728907,0.08544922,0.6036544,0.17818546
PEMS08,162,14349,16333,0.9473245394475348,0.066323409279175,0.1309619,0.58398104,0.09008598,0.5431051
PEMS08,5,14797,15309,0.9472980004228468,-0.0015303613118169,0.9037647,0.4506073,1.2244787,0.1298933
PEMS08,130,15373,17677,0.947268924705741,0.0501208042209524,0.10985088,0.1702156,0.39881516,0.118748665
PEMS08,12,15565,17421,0.9472411383421612,-0.012473401105944,0.4572177,0.9157958,0.22478819,0.6833663
PEMS08,87,16973,17549,0.9470548389470812,0.1384222544835553,0.06177807,0.4685154,0.22041178,0.3098817
PEMS08,132,14477,15693,0.947036583282608,-0.1115485458631986,0.7787776,0.8234563,0.84601784,0.8906965
PEMS08,102,14413,14989,0.9470329091591422,-0.1260307860910374,0.36648607,1.1168618,0.27783728,1.028213
PEMS08,139,14349,15181,0.9469613677594656,0.1415442203606954,0.77231073,0.89681625,0.7700095,0.89451504
PEMS08,108,16333,17229,0.9469569569755828,0.1201050457256046,0.22123146,2.437364,0.2898903,2.3687053
PEMS08,98,14733,15565,0.9469301466615312,0.0475580623407681,0.7440171,0.1313281,0.6222377,0.25310755
PEMS08,88,16077,16653,0.9469274146282752,0.1775741664174497,0.15772104,0.014059544,0.24140644,0.09774494
PEMS08,152,15565,16461,0.9468107001706034,-0.1471588725757026,0.17507124,0.30160093,0.29908562,0.17758656
PEMS08,151,15117,17421,0.9467870817622872,0.042594862844925,0.04477358,0.4019823,0.3561988,0.0905571
PEMS08,25,15181,17485,0.9467629632377826,0.0312520070642112,0.57599545,0.10472298,0.635942,0.16466951
PEMS08,155,14285,14349,0.9465544303527974,-0.2198218282650507,0.51495934,1.5041103,0.13673115,1.1258821
PEMS08,24,15437,17165,0.9464933996081044,-0.0376633574860118,0.0108680725,0.42245102,0.23892164,0.19439745
PEMS08,59,16205,17677,0.9461796475259936,0.1467475498260855,0.45063782,0.37048388,0.21851397,0.6026077
PEMS08,106,15309,17037,0.9461619867505466,-0.1725270882361802,0.16298914,0.25533724,0.56622314,0.65857124
PEMS08,157,14413,17293,0.9461616447048496,0.1185995693088849,0.096383095,0.31573677,0.24750185,0.16461802
PEMS08,32,15053,16205,0.9459974636948096,0.1245516991024163,1.3383751,0.68293285,1.5305476,0.49076033
PEMS08,16,14989,16141,0.945608482870856,-0.1083442621115888,1.1170149,0.21414042,0.92286015,0.019985676
PEMS08,49,16461,17293,0.9455245006519372,0.1310281463583878,0.31987286,0.20538902,0.3902707,0.27578688
PEMS08,39,14797,16525,0.945385275327371,-0.0814528771865408,0.679235,0.5645714,0.6955085,0.5482979
PEMS08,19,14861,16589,0.9453551511105752,0.0446310213335047,0.103298664,0.12922573,0.35619164,0.12366724
PEMS08,25,15629,17357,0.9452493478939636,-0.0123852760350472,0.51342344,0.98178244,0.5300665,0.9651394
PEMS08,146,15245,16973,0.945168784807812,-0.0823119371849864,0.21794224,0.087091446,0.52480936,0.21977568
PEMS08,148,15565,15693,0.9450120710419632,0.0799614849945969,0.3278227,0.5536361,0.5024953,0.37896347
PEMS08,124,14285,15437,0.9449359292541928,0.0990859631979365,0.10430479,0.10786104,0.08830547,0.12386036
PEMS08,163,16205,16397,0.944866324244202,0.0128385762921603,0.7268419,0.7773242,0.5290055,0.5794878
PEMS08,29,16333,16461,0.9448322965777896,-0.1592418019753358,1.0509429,0.76192,0.997664,0.70864105
PEMS08,48,14285,15437,0.944785869234637,0.0927051696796424,0.104904175,0.11225176,0.089972496,0.12718344
PEMS08,122,14285,15437,0.944785869234637,0.0927051696796424,0.104904175,0.11225176,0.089972496,0.12718344
PEMS08,80,14285,15437,0.944785869234637,0.0927051696796424,0.104904175,0.11225176,0.089972496,0.12718344
PEMS08,126,14285,15437,0.944785869234637,0.0927051696796424,0.056354523,0.13418484,0.13196135,0.058578014
PEMS08,123,14285,15437,0.944785869234637,0.0927051696796424,0.104904175,0.11225176,0.089972496,0.12718344
PEMS08,125,14285,15437,0.944785869234637,0.0927051696796424,0.099503994,0.120372295,0.102099895,0.117776394
PEMS08,141,14285,15437,0.944785869234637,0.0927051696796424,0.104904175,0.11225176,0.089972496,0.12718344
PEMS08,142,14285,15437,0.944785869234637,0.0927051696796424,0.104904175,0.11225176,0.089972496,0.12718344
PEMS08,61,14285,15437,0.944785869234637,0.0927051696796424,0.104904175,0.11225176,0.089972496,0.12718344
PEMS08,121,14285,15437,0.944785869234637,0.0927051696796424,0.104904175,0.11225176,0.089972496,0.12718344
PEMS08,166,14477,16461,0.9446325715552144,-0.0808364205276663,2.355596,0.26922226,2.4178195,0.20699883
PEMS08,49,16013,17165,0.9444498993526842,0.2011161559140241,0.23670864,0.29633617,0.22671986,0.30632496
PEMS08,87,14477,16781,0.9444300303788228,0.0259765270310291,0.13103676,0.110833645,0.33688068,0.09501028
PEMS08,1,14797,16525,0.9443517381011034,-0.1540598399937409,1.1024919,0.64371014,1.643045,0.10315704
PEMS08,58,14477,15053,0.9443366827776922,-0.264677364672744,0.17857933,0.05984831,0.075463295,0.043267727
PEMS08,117,14413,14989,0.9442479522607112,0.1629406229381929,0.14853334,0.7619624,0.30136585,0.31206322
PEMS08,68,15501,16909,0.9441786136961116,-0.1159457954102938,0.792964,1.3867021,0.82164764,1.4153857
PEMS08,132,15373,15949,0.9441035671241887,-0.1073062722941819,0.2947893,0.25996208,0.25123835,0.30351305
PEMS08,66,15245,16333,0.9440957263973794,-0.3033917452946904,0.03719473,1.359776,0.036633015,1.4336038
PEMS08,96,14477,14733,0.9440513204997488,0.0952673518017451,0.18377733,0.2017498,0.13913107,0.5246582
PEMS08,153,15949,17293,0.9440430309767096,0.2995929111647812,2.3353338,0.5726142,2.0086374,0.2459178
PEMS08,132,16973,17549,0.9440289811450664,0.052700222748007,0.14351368,0.76697016,0.2964015,0.61408234
PEMS08,41,17613,17677,0.9439685115313696,-0.3180056289770894,0.203444,0.7471576,0.15039873,0.80020285
PEMS08,156,15053,17357,0.9438939944906029,0.1191373957794139,0.3333764,0.39718342,0.5407896,0.18977022
PEMS08,12,14989,17677,0.9438921776236738,-0.0583621525958664,0.6323099,1.2495112,0.7360959,1.3532972
PEMS08,106,14413,15949,0.9438348229699676,0.0272653585553905,0.6375642,0.7428827,0.6220765,0.72739506
PEMS08,OT,15949,17677,0.9438331725257914,-0.0924336778505878,0.18900442,0.27226877,0.21896553,0.30222988
PEMS08,157,14861,15757,0.9437618016717186,-0.1008489307550431,0.18048811,0.4584751,0.060347557,0.33833456
PEMS08,155,16973,17613,0.9437223430419786,-0.0144248433013327,0.22229958,1.2766838,0.053801537,1.5527849
PEMS08,67,15245,16397,0.943715377747129,0.1525924857552046,0.21600294,0.4666891,0.04826927,0.6344228
PEMS08,41,14733,16781,0.943605066941254,0.2701095904374004,0.0984416,0.21965122,0.21483898,0.3360486
PEMS08,71,15821,16973,0.9435815201517318,-0.144782740715426,0.16389656,0.3046198,0.011624813,0.48014116
PEMS08,163,14285,16909,0.9435288791235018,-0.0229974711773494,0.45117188,1.0607157,0.247015,1.2648726
PEMS08,151,16333,16589,0.9434406474807476,0.2247510283786787,0.17297077,0.54435635,0.700161,0.017166138
PEMS08,160,14349,16909,0.9433685896404218,0.0532789955089138,0.20564032,1.404738,0.3132987,1.5123963
PEMS08,79,17613,17677,0.9431847008230336,-0.0268289218926232,0.6144314,0.67270565,0.34326935,0.40154362
PEMS08,148,16397,16973,0.9431424051711472,-0.263106361573778,0.06778622,0.10632563,0.058511734,0.23262358
PEMS08,40,16013,17741,0.9431422801868546,0.2283037240900249,0.32223034,0.06944132,0.36387157,0.027800083
PEMS08,14,14413,15565,0.943138987512778,0.2937177008839132,0.38484812,0.025551796,0.333673,0.07672691
PEMS08,149,14285,15437,0.9430543487203596,0.0795602920290119,0.1230464,0.10785198,0.08871651,0.14218187
PEMS08,154,14285,15437,0.9430543487203596,0.0795602920290119,0.07864618,0.1392641,0.14638996,0.07152033
PEMS08,109,14285,15437,0.9430543487203596,0.0795602920290119,0.12304497,0.10785246,0.08871651,0.14218092
PEMS08,62,14285,15437,0.9430543487203596,0.0795602920290119,0.12304497,0.10785246,0.08871651,0.14218092
PEMS08,102,16269,16461,0.9429754770552012,0.0349377755735421,0.84038496,0.35066414,0.98600006,0.20504904
PEMS08,20,14989,16141,0.9429241666479578,0.1904482396251052,1.1333613,0.10953903,0.95776844,0.06605387
PEMS08,127,14285,17165,0.9428146338932852,-0.0492116385118925,0.40651083,0.23886108,0.09322739,0.07442236
PEMS08,68,15821,17549,0.9428049353029656,-0.1633385998157865,0.32694817,0.008160591,0.13645554,0.19865322
PEMS08,95,14733,15949,0.9428036283578228,0.1602027299613631,0.84062004,0.4114108,1.0613828,0.63217354
PEMS08,57,15181,15629,0.9427961681284636,-0.1295206356536524,0.6084013,0.41765928,0.9149971,0.11106348
PEMS08,103,14733,17421,0.942698409990102,-0.0563124301229475,1.5114622,0.2528081,1.2443676,0.014286518
PEMS08,137,14349,15757,0.9426062913779912,-0.0672376199688982,0.6354809,0.008432865,0.7369056,0.09299183
PEMS08,63,14733,16141,0.9424921692268527,-0.1162776230886931,1.5862765,0.25448084,0.9693408,0.87141657
PEMS08,17,15309,16269,0.9424755582099272,0.0556204165660956,0.64266634,1.2776523,0.27316856,0.9081545
PEMS08,116,15949,17293,0.942400148563586,0.2751349463214638,2.2989368,0.58264875,1.9676933,0.25140524
PEMS08,50,15949,17293,0.942400148563586,0.2751349463214638,2.401548,0.60912514,2.0723968,0.27997398
PEMS08,75,15949,17293,0.942400148563586,0.2751349463214638,2.401548,0.60912514,2.0723968,0.27997398
PEMS08,51,15949,17293,0.942400148563586,0.2751349463214638,2.401548,0.60912514,2.0723968,0.27997398
PEMS08,115,15949,17293,0.942400148563586,0.2751349463214638,2.401548,0.60912514,2.0723968,0.27997398
PEMS08,90,15949,17293,0.942400148563586,0.2751349463214638,2.401548,0.60912514,2.0723968,0.27997398
PEMS08,131,15949,17293,0.942400148563586,0.2751349463214638,2.401548,0.60912514,2.0723968,0.27997398
PEMS08,145,15949,17293,0.942400148563586,0.2751349463214638,2.3995142,0.5747099,2.0742788,0.24947453
PEMS08,144,15949,17293,0.942400148563586,0.2751349463214638,2.3223987,0.62780905,1.9798188,0.2852292
PEMS08,91,15949,17293,0.942400148563586,0.2751349463214638,2.401548,0.60912514,2.0723968,0.27997398
PEMS08,85,15949,17293,0.942400148563586,0.2751349463214638,2.3035512,0.54764557,2.0307899,0.27488422
PEMS08,74,15949,17293,0.942400148563586,0.2751349463214638,2.401548,0.60912514,2.0723968,0.27997398
PEMS08,9,15501,16333,0.9422651388741592,-0.0723214891779739,0.41473007,0.39643097,0.6701355,0.6518364
PEMS08,112,16333,16909,0.9422546885554028,-0.0564865505703409,0.46935606,0.066440105,0.58741045,0.051614285
PEMS08,143,15885,17037,0.9421456749806848,-0.0936496015619356,0.45750332,2.3437934,0.2523179,2.138608
PEMS08,84,14285,15437,0.9420211595537064,0.0978518768593971,0.11690998,0.12562275,0.095873356,0.14665937
PEMS08,83,14285,15437,0.9420211595537064,0.0978518768593971,0.11690998,0.12562275,0.095873356,0.14665937
PEMS08,55,14285,15437,0.9420211595537064,0.0978518768593971,0.11690998,0.12562275,0.095873356,0.14665937
PEMS08,60,14285,15437,0.9420211595537064,0.0978518768593971,0.08131504,0.15565586,0.13914442,0.09782648
PEMS08,159,14285,15437,0.9420211595537064,0.0978518768593971,0.11690998,0.12562275,0.095873356,0.14665937
PEMS08,70,14285,15437,0.9420211595537064,0.0978518768593971,0.11690998,0.12562275,0.095873356,0.14665937
PEMS08,73,14285,15437,0.9420211595537064,0.0978518768593971,0.11690998,0.12562275,0.095873356,0.14665937
PEMS08,81,14285,15437,0.9420211595537064,0.0978518768593971,0.11690998,0.12562275,0.095873356,0.14665937
PEMS08,151,15949,17613,0.9420126211414672,-0.1176184110522234,0.019466877,0.027806759,0.101507664,0.1487813
PEMS08,138,14285,14925,0.9420123488448072,0.1787303635358597,0.09689379,0.9131217,0.03597784,0.97403765
PEMS08,167,16589,17741,0.941745426437322,-0.330160202767383,0.18446827,0.17675686,0.2269702,0.13425493
PEMS08,119,15437,16589,0.9416759869294512,0.0358239342349865,0.3529067,0.028215885,0.31257582,0.63726664
PEMS08,31,14285,15437,0.94153507901251,0.1537840335442455,0.23155737,0.21398354,0.4042735,0.041267395
PEMS08,120,15757,17421,0.9414283280401043,0.1247125983683335,0.1093235,0.054510117,0.1337781,0.07896471
PEMS08,4,14797,17037,0.94139773850245,0.0392230230278517,0.4885168,0.45088148,0.63959837,0.60196304
PEMS08,153,14285,15437,0.9413532274743136,0.0821002786665159,0.07197237,0.1610527,0.13437653,0.09864855
PEMS08,86,14669,16397,0.9413479709055642,0.072210275423461,0.033852577,0.37142467,0.39417315,0.056601048
PEMS08,58,14605,16397,0.9413382166469064,0.0711955109941443,1.4783812,0.665153,1.5542393,0.74101114
PEMS08,11,14349,15757,0.9412772521836554,0.0321378376594672,0.05141306,0.015671253,0.3051815,0.2694397
PEMS08,0,14285,16013,0.9412608967014746,0.0957639151972191,0.30464935,0.16769171,0.30275536,0.1695857
PEMS08,56,16973,17549,0.9412551737551148,0.0970087038826209,0.6775837,0.16695786,0.55348825,0.2910533
PEMS08,21,15437,17741,0.9411696546170792,0.0170757148380081,0.14158487,0.10113096,0.13279963,0.092345715
PEMS08,52,14477,14797,0.9411288149064664,-0.2048816359461219,0.2360611,0.6204114,0.09487867,0.28947163
PEMS08,25,14733,15949,0.9410542039673556,0.0972116864356722,0.95527935,0.4800806,0.44978905,0.025409698
PEMS08,65,16653,17485,0.9410069792323232,0.1792670445127525,0.14537525,0.4777031,0.6310568,0.007978439
PEMS08,12,15117,16141,0.9409872637671588,-0.402248148293087,1.4185524,0.28690004,1.6238923,0.49223995
PEMS08,144,14285,15437,0.940933638629452,0.1038334191026294,0.033049583,0.17783117,0.19605494,0.014825821
PEMS08,74,14285,15437,0.940933638629452,0.1038334191026294,0.11634493,0.14329481,0.11335516,0.14628458
PEMS08,90,14285,15437,0.940933638629452,0.1038334191026294,0.11634493,0.14329481,0.11335516,0.14628458
PEMS08,51,14285,15437,0.940933638629452,0.1038334191026294,0.11634493,0.14329481,0.11335516,0.14628458
PEMS08,50,14285,15437,0.940933638629452,0.1038334191026294,0.11634493,0.14329481,0.11335516,0.14628458
PEMS08,145,14285,15437,0.940933638629452,0.1038334191026294,0.097221375,0.16305065,0.14306211,0.11720991
PEMS08,131,14285,15437,0.940933638629452,0.1038334191026294,0.11634493,0.14329481,0.11335516,0.14628458
PEMS08,115,14285,15437,0.940933638629452,0.1038334191026294,0.11634493,0.14329481,0.11335516,0.14628458
PEMS08,91,14285,15437,0.940933638629452,0.1038334191026294,0.11634493,0.14329481,0.11335516,0.14628458
PEMS08,75,14285,15437,0.940933638629452,0.1038334191026294,0.11634493,0.14329481,0.11335516,0.14628458
PEMS08,116,14285,15437,0.940933638629452,0.1038334191026294,0.031799793,0.19412327,0.2088275,0.017095566
PEMS08,133,15885,17613,0.9409238190029148,0.1454466345617388,0.39003372,0.1529336,0.26046324,0.28250408
PEMS08,164,14989,17677,0.9408747792683732,0.0140806843033565,0.46285963,1.0570407,0.7227011,1.3168821
PEMS08,1,15181,16653,0.9407683117765282,-0.0574630976456337,0.4092183,0.71798325,0.5498724,0.85863733
PEMS08,13,15309,15885,0.940746974378219,0.1848773171146979,0.76413155,0.60073805,0.919961,0.44490862
PEMS08,46,14861,17165,0.9406878756917776,0.2633443661730636,0.07674408,0.44009876,0.17646074,0.18689394
PEMS08,143,16077,16653,0.9406181015942352,0.0675543499945034,0.3283124,0.15831709,0.35235453,0.18235922
PEMS08,164,15053,16205,0.9405082312588192,0.1868989701640397,0.481596,0.27358866,0.6918354,0.06334925
PEMS08,148,14989,17421,0.9404744765509868,-0.01075035974275,1.095921,0.06757069,1.0042701,0.15922165
PEMS08,119,14605,17741,0.9404556796064408,-0.0033587401639726,0.17076254,0.0020384789,0.38954496,0.2208209
PEMS08,10,14413,16269,0.9404075025847886,0.184303399383695,0.72270966,1.2203765,0.5564375,1.0541043
PEMS08,71,14285,16013,0.9403985479824828,0.1482061566724691,0.11746454,0.044766426,0.107337475,0.03463936
PEMS08,7,15053,16205,0.9401940142619442,-0.06418484614079,0.26634407,0.13189888,0.73498964,0.60054445
PEMS08,45,15693,16525,0.9400776355730116,0.0637078496998579,0.2187419,0.26155758,0.09261799,0.13543367
PEMS08,78,14285,16205,0.940076418190076,0.1004378525223852,2.098415,0.23592043,2.305544,0.44304943
PEMS08,43,15437,17165,0.9399418889732962,0.178627719498369,0.009930134,0.46294832,0.10953665,0.3633418
PEMS08,158,15437,17741,0.9397769929338154,0.1783984822300746,0.04408455,0.28451252,0.17753458,0.15106249
PEMS08,67,14349,15757,0.9397765048649666,-0.0439331166925807,0.38826132,0.03318453,0.6971688,0.27572298
PEMS08,150,16781,17613,0.93974219252122,-0.3973427065041742,0.4737215,0.4414878,0.56884766,0.34636164
PEMS08,162,16141,17677,0.9396513772700494,-0.2694422896544028,0.8043289,0.5841894,0.8848567,0.50366163
PEMS08,20,16717,17101,0.93960213080402,0.0411660373606508,0.10585976,1.1628551,0.4757371,1.5327325
PEMS08,43,14797,17101,0.9395201512873764,-0.0092367474604324,1.5355601,1.0430984,1.4022865,0.90982485
PEMS08,165,14605,16333,0.9394945996638308,0.0786880913707892,0.35767698,0.3077798,0.34932852,0.29943132
PEMS08,168,16013,17165,0.9394615124798392,0.0899739361900644,0.22572994,0.43376684,0.27081537,0.3886814
PEMS08,168,14477,15373,0.9394515669832249,0.1595532450245951,0.53594255,0.30563688,0.77656126,0.5462556
PEMS08,69,15053,16205,0.9393980708272802,0.0291587718354425,0.0065174103,0.5204277,0.20743418,0.7213445
PEMS08,108,15373,17677,0.939304445315631,-0.1431176698053444,0.7891035,0.039649963,0.38843536,0.4403181
PEMS08,155,14477,17421,0.9390900394049656,-0.255397810180211,0.14004374,0.33379364,0.01158905,0.48542643
PEMS08,16,14797,15117,0.9390023674853286,-0.0631186250927839,0.46584225,0.34495687,0.4237337,0.30284834
PEMS08,18,14477,16781,0.9388969764454266,-0.0408452922684555,0.27481747,0.5287061,0.04266548,0.2965541
PEMS08,56,15437,17165,0.93888604425425,0.0209471794187992,0.28005505,0.71685123,0.041888237,0.47868443
PEMS08,86,16973,17549,0.9388176165201516,-0.1043883922888103,0.33847666,0.1787405,0.2135458,0.053809643
PEMS08,76,15373,15949,0.9387601534368176,-0.1003447222666749,0.1483388,0.5048356,0.5410776,0.11209679
PEMS08,150,14669,15181,0.9386060759332028,-0.025940850274998,1.0305395,1.5808573,1.032032,1.5823498
PEMS08,52,14413,14989,0.9385739182811011,0.1635359296048419,0.17137814,0.8654976,0.04727125,0.6468482
PEMS08,37,15437,17741,0.9385407139233224,0.2801404669056248,0.025964737,0.18510246,0.030041695,0.12909603
PEMS08,23,15629,17357,0.9385003936750324,0.2335020343897963,0.5339532,0.74420977,0.670702,0.607461
PEMS08,143,14413,14733,0.938367989590012,-0.2103042328753558,0.15006018,0.20880747,0.19603014,0.25477743
PEMS08,65,14349,17549,0.9383111268302302,-0.0911093544642407,1.434102,0.46818352,1.3827424,0.41682386
PEMS08,118,15053,17677,0.9380458779178455,0.0794706979193601,0.2242217,1.2481213,0.07817888,1.5505219
PEMS08,127,15181,15629,0.9379598917141332,0.117270002837189,0.0435915,0.1422286,0.31049728,0.21186018
PEMS08,78,14477,14797,0.9378732940812688,0.0028535714101568,1.4600668,1.3898034,1.2297335,1.1594701
PEMS08,157,15629,17485,0.937793411690068,0.2797487849101165,0.58465147,0.2261672,0.49051237,0.3203063
PEMS08,105,15117,16269,0.9376419420540252,0.063973746836761,0.4267497,0.0032668114,0.8234906,0.3934741
PEMS08,133,15501,16077,0.9374055840422,0.2765893044433536,0.0053725243,0.35408354,0.20677567,0.5662317
PEMS08,65,15629,17357,0.9373124917038316,0.1500203299613764,0.75067663,0.51691055,0.84472466,0.42286253
PEMS08,113,15949,17101,0.9372927062677432,-0.0518765378904083,0.80681753,1.2757611,0.48952818,0.9584718
PEMS08,136,14285,16525,0.9372846292054524,-0.0738602019386418,1.3040767,0.14203262,1.395616,0.05049324
PEMS08,13,15053,16205,0.9371119953681232,-0.0318481384513672,0.2100749,0.81900597,0.2777481,0.8866792
PEMS08,34,17101,17677,0.937108346386798,0.2001853911434061,0.436718,0.121919155,0.7864361,0.22779894
PEMS08,103,15437,17165,0.9370485205934164,0.0127350662514371,0.07162619,0.052977562,0.08730364,0.068655014
PEMS08,87,15053,16205,0.9370062867378258,-0.1298695179517749,0.2608347,0.76128435,0.106164455,0.6066141
PEMS08,156,14541,16205,0.9369704480702408,-0.1457090715396716,0.1485486,0.23058271,0.37911558,1.5735626e-05
PEMS08,40,15053,15629,0.9369149991200636,0.0510513689161758,0.76382303,0.13145113,0.8088732,0.17650127
PEMS08,49,16333,16653,0.936895273105366,0.1312575767314401,0.3093524,0.5093336,0.52497673,0.29370928
PEMS08,99,14861,16589,0.9368577132415647,0.2852575172410656,0.31650686,0.20279408,0.27370214,0.2455988
PEMS08,132,17357,17677,0.9368319702329886,0.0317383511821632,0.6600046,0.3913374,0.0331378,0.30180502
PEMS08,31,15693,17101,0.9367779922027432,-0.1725128766125906,0.7248554,0.03575945,0.2971301,0.39196587
PEMS08,13,14413,16141,0.9367457591298254,0.2470861018038884,0.24061775,0.115744114,0.14637089,0.20999098
PEMS08,34,15117,16525,0.9365527166204324,-0.1063096449153128,0.2548523,0.56612873,0.06255579,0.24872065
PEMS08,82,15245,17549,0.9365394022164598,-0.0306077530111491,0.18463707,0.17394972,0.22518778,0.13339901
PEMS08,38,15437,17165,0.9365158989769324,0.015387519487484,0.69221354,0.7066808,0.08975887,0.07529163
PEMS08,157,14733,16461,0.9365020505131266,0.0270635958746,0.61348677,0.023504257,0.39526892,0.19471359
PEMS08,113,15245,16973,0.9364335320405176,-0.0968947330858593,0.34678125,0.26831102,0.38464642,0.3061762
PEMS08,34,15245,16717,0.9363069254991376,0.0970435673545392,0.22579765,0.6642709,0.20361233,0.2348609
PEMS08,99,16909,17741,0.9360604749255116,-0.0962694345141352,0.15381432,1.0849218,0.45622683,0.4748807
PEMS08,77,15373,17101,0.9360471045316832,0.1886742356048184,0.031612396,0.7660823,0.023713589,0.7107563
PEMS08,25,15117,15693,0.9359481495087404,-0.1227883117092322,1.2008734,0.3810625,1.0743904,0.5075455
PEMS08,161,15117,15565,0.9358030268319204,0.1319293259496907,1.6166334,0.5843959,1.9663863,0.23464298
PEMS08,36,16013,17741,0.9357217493363964,-0.077246523312222,0.18092632,0.12691069,0.07691097,0.38474798
PEMS08,118,15949,17101,0.9356606719078656,-0.1043245252967153,0.350204,0.27598333,0.55091476,0.07527256
PEMS08,78,14733,15309,0.935563806893726,0.0535221168729434,0.8409796,0.0555768,0.6996417,0.08576107
PEMS08,10,14285,16589,0.935538982311164,-0.087849712948295,1.4370241,0.13181591,1.2536974,0.31514263
PEMS08,38,17293,17677,0.9354572958051564,0.1842916398774076,0.5162716,0.56398344,0.5464616,0.59417343
PEMS08,155,15117,15693,0.935440804292957,-0.031350533954771,0.33305788,1.4278564,0.5673895,1.662188
PEMS08,1,15629,17357,0.935413953379708,0.1361565435005586,0.15338326,0.26609898,0.14636946,0.27311277
PEMS08,23,16525,17613,0.9353853837121808,0.0723351208676341,0.758564,0.1235981,1.0263038,0.39133787
PEMS08,38,16269,16845,0.9353836448533408,-0.2288462720908663,0.11583567,1.1017904,0.33246183,0.88516426
PEMS08,15,16269,17613,0.93533552088634,0.1160598270398223,0.06625414,0.054985046,0.39928484,0.27804565
PEMS08,148,14605,17357,0.9352712444244934,0.1524079019551053,0.32819748,0.091681,0.39618015,0.02369833
PEMS08,102,17037,17613,0.935233475835494,0.283478542880429,2.0831842,0.12122297,2.0210524,0.18335485
PEMS08,108,14797,16525,0.9351582378080218,0.109043654782759,0.17265654,0.43220663,0.47110796,0.1337552
PEMS08,24,15629,17357,0.9351461251596894,-0.0109087094302422,0.3165207,0.011108875,0.29809475,0.029534817
PEMS08,130,14605,14669,0.9351315850869366,0.0745838945865086,0.5958972,0.72683954,0.24653578,0.37747812
PEMS08,32,14477,15693,0.9349271639186678,0.0185315271835019,0.27456856,0.78087187,0.12913942,0.3771639
PEMS08,147,16077,16653,0.9348810177850748,0.1837109662201086,0.055231094,0.34428358,0.06210661,0.22694588
PEMS08,132,14925,17229,0.934688197012768,0.2523246245648909,0.18165159,0.2975917,0.5303955,0.05115223
PEMS08,151,15053,15629,0.9345894308750337,0.2768992090367476,0.7749729,0.8192215,1.266561,0.32763338
PEMS08,146,15373,17101,0.9345473325560808,0.1243938149946096,0.2416606,0.15055847,0.57116985,0.17895079
PEMS08,138,15629,17357,0.9345157864423626,-0.1564461259783282,0.4418311,0.7940321,0.41157913,0.8242841
PEMS08,143,15245,16973,0.9343120340779372,-0.0348858023189265,0.33081245,0.22227335,0.37414694,0.26560783
PEMS08,71,14413,16717,0.9342921619865032,-0.1717565828088497,0.11831617,0.6579199,0.06654978,0.7096863
PEMS08,166,16717,17101,0.9341671431023776,-0.0006267587405991,0.67715454,1.3777971,0.8780279,1.5786705
PEMS08,143,14477,16461,0.9341597200227748,-0.0270767956221285,1.3700981,0.0018444061,1.675364,0.3034215
PEMS08,166,16013,16909,0.9340772833492988,-0.0269812189054231,0.42299223,0.63442993,0.5178375,0.53958464
PEMS08,96,14285,17741,0.9339928408900328,0.022649692065181,0.6369376,0.16561747,0.5697117,0.09839153
PEMS08,113,15437,17741,0.9335125754218856,-0.014453191493832,0.49247074,0.24765587,0.7569504,0.5121355
PEMS08,15,14477,14733,0.9333379105756052,-0.1177043727453689,0.6485424,0.4732213,0.4565344,0.28121328
PEMS08,0,15565,16141,0.9331698600211916,-0.021486158249115,0.21117735,0.18502283,0.24286985,0.15333033
PEMS08,158,15885,15949,0.9329028030876392,0.1558509174323321,0.37887,0.16274595,0.16448021,0.05164385
PEMS08,77,14477,14797,0.9327295667365276,-0.2325438148554532,0.29167128,0.25695896,0.6919656,0.14333534
PEMS08,101,16973,17549,0.9327115628051564,0.1248191687393935,0.030180454,0.5018449,0.16705084,0.3046136
PEMS08,104,17421,17677,0.9326649472979404,-0.0526490861635184,0.91402674,0.47404718,0.5888853,0.7991886
PEMS08,7,14349,17485,0.9325258654166,-0.1479338504786206,0.529809,0.0109062195,0.7208991,0.18018389
PEMS08,105,15629,16205,0.932479640014204,-0.0060575381145263,0.10748482,0.022188663,0.20439911,0.07472563
PEMS08,OT,15117,16461,0.9324777894060532,0.0978986279495224,0.37464714,0.8225937,0.41492653,0.8628731
PEMS08,167,16973,17549,0.9323631365640856,-0.0269922697210831,0.4454894,0.4638934,0.108350754,0.12675476
PEMS08,134,17165,17741,0.9323231609801192,-0.0351538715087796,0.42236853,0.38661957,0.56889963,0.24008846
PEMS08,45,16013,17165,0.9322940589406604,0.0552227338964791,0.37143612,0.30144787,0.24658203,0.31657028
PEMS08,120,14861,16333,0.93226313651203,0.0082355216998769,0.24130678,0.5328331,0.47112513,0.30301476
PEMS08,63,14285,16909,0.9322581207443807,-0.2735155928510291,0.022330761,0.9469471,0.15397263,0.7706437
PEMS08,118,15629,17357,0.9321273813527938,0.135742335796993,0.19813347,0.015445709,0.1980648,0.015377045
PEMS08,8,14861,16589,0.9320725212607988,0.04382601617994,0.21335554,0.33476543,0.25692368,0.2911973
PEMS08,5,14861,16013,0.9320404568777456,0.1353333068700581,0.21975946,0.0190444,0.028459549,0.2672634
PEMS08,114,14733,15693,0.9319801550484732,0.0841669452477412,0.75981,0.39023829,0.70663357,0.33706188
PEMS08,110,14477,15373,0.9319710547452986,-0.2495308124148603,0.49994802,0.5220871,0.26689768,0.28903675
PEMS08,26,15373,15565,0.9319123402918468,-0.0525318849928694,1.7010703,0.08272076,1.9520841,0.3337345
PEMS08,120,15373,15949,0.931895253158166,0.1935742786927297,0.053422928,0.45966148,0.39971113,0.11337328
PEMS08,5,14477,16781,0.9318813440192832,0.1402855719204909,0.12083769,0.5218606,0.3151102,0.085912704
PEMS08,152,14733,14989,0.9318726929654556,-0.0554251381753502,1.208909,0.3302107,1.4409051,0.56220675
PEMS08,88,14349,17229,0.9318451987955186,0.2023718313399461,0.09619665,0.7481799,0.1315651,0.78354836
PEMS08,44,15565,17421,0.9317769539497732,-0.1320251306739358,0.108145714,0.14362526,0.038312912,0.21345806
PEMS08,35,14477,16461,0.9314974230390252,-0.0435297480905903,1.0268679,0.164217,0.71530676,0.4757781
PEMS08,4,16525,17613,0.931472754435258,-0.0339783997792268,0.42609787,0.34875822,0.030550957,0.107890606
PEMS08,54,15117,17613,0.9312909708945502,0.2145250281046423,1.2158713,0.53909636,1.4965472,0.81977224
PEMS08,68,15885,17613,0.9312632941914574,0.0137962290042673,0.22228765,0.17658758,0.33862257,0.060252666
PEMS08,164,16781,17293,0.931242876782839,-0.0470587560217218,1.7723808,0.5821824,1.6525917,0.46239328
PEMS08,117,15309,17613,0.9312257854915555,0.1221720960289989,0.38075495,0.39384556,0.5235858,0.2510147
PEMS08,22,14797,15309,0.9312195681945312,-0.0371628309744104,0.2866521,0.093375206,0.3714285,0.0085988045
PEMS08,140,15181,16717,0.9311770028531172,-0.0629334891661327,0.8086648,0.6705761,0.7357893,0.5977006
PEMS08,108,15245,15821,0.930635497820948,-0.198810377952427,0.11335182,0.26928568,0.17646217,0.33239603
PEMS08,5,16589,16653,0.9302792934835136,-0.0788461587762601,0.5471597,1.065186,0.92736864,1.445395
PEMS08,72,15117,15629,0.9302468662593976,0.1919735302763986,0.073829174,0.16468668,0.07877207,0.15974379
PEMS08,139,16653,16909,0.92998330406656,0.2158883747498554,0.8474312,0.6128397,0.7798257,0.5452342
PEMS08,96,14605,16397,0.9299554786599772,-0.0744437445489255,1.3309054,0.649302,1.2506666,0.5690632
PEMS08,67,14477,15373,0.9299002132585924,0.0734877274776259,0.4117365,0.38893318,0.027387619,0.050190926
PEMS08,158,16141,17677,0.929817688535182,-0.0629447761580505,0.04958868,0.99863434,0.16134834,1.2095714
PEMS08,17,15437,15757,0.929690934841652,-0.0689622553491079,0.33415508,0.5473337,0.34380722,0.55698586
PEMS08,32,17101,17677,0.929685353756178,0.293955504613171,0.6218114,1.1958556,0.5223551,1.0963993
PEMS08,18,14285,17165,0.929644966139868,0.0354653390631225,0.43178797,0.46733475,0.33952856,0.30398178
PEMS08,27,15757,17485,0.9296201706327918,0.1232944004201629,0.22685432,0.37136936,0.18083,0.41739368
PEMS08,139,14733,15949,0.9294094112203568,-0.025538409984524,0.28769398,1.1624088,0.15049744,0.7242174
PEMS08,168,14413,15565,0.9293249676067772,0.1642684366851356,0.09810066,0.11951971,0.03209448,0.1855259
PEMS08,134,14605,15821,0.9292288972163336,0.1682667370605212,1.2967582,0.36947346,1.5286522,0.6013675
PEMS08,129,14477,14541,0.929123192189953,0.0576695408149917,0.4813404,0.1387515,0.20879984,0.13378906
PEMS08,117,16589,17741,0.928949856644137,0.2276761360834738,0.06611204,0.29560232,0.1606865,0.20102787
PEMS08,32,14861,16589,0.928859891936941,0.1709134137143141,0.12722588,0.38221598,0.2588396,0.25060225
PEMS08,6,15181,17229,0.9286591089069094,-0.1523981308498025,0.76962423,0.36574602,0.6542125,0.25033426
PEMS08,65,15949,17677,0.928620581851256,0.0573114862401433,0.007042408,0.38698864,0.16768074,0.547627
PEMS08,12,15949,16269,0.9285221954830928,-0.232494482370343,0.46170187,0.59309006,0.18346167,0.87133026
PEMS08,157,15949,17677,0.9285121186418273,0.2293122627455202,0.20959997,0.06956577,0.2696085,0.009557247
PEMS08,88,15437,16013,0.9284796941177776,0.0004807798502835,0.008406639,0.6242447,0.22752714,0.8433652
PEMS08,130,17421,17613,0.9282723360763532,0.2238953051947928,0.5928197,0.09797907,0.7801776,0.28533697
PEMS08,89,14413,17677,0.9282062631802684,0.058140855919474,0.0363698,1.3497858,0.2040186,1.5901742
PEMS08,98,14797,16781,0.928162558854368,0.0666081640120414,0.7738795,0.57773685,0.88339853,0.68725586
PEMS08,37,14605,16333,0.9279233477354452,-0.2021593279255718,0.2919922,0.009095669,0.52425194,0.22316408
PEMS08,119,15309,15949,0.9279189556299264,-0.0012702702573157,0.38988113,0.7566824,0.56411266,0.9309139
PEMS08,162,15053,16205,0.927869596282452,0.2897181841287402,0.8560209,0.6063814,0.6901126,0.44047308
PEMS08,89,15053,16205,0.9278415518749102,0.2852457288713391,0.3865571,0.6351185,0.089324474,0.33788586
PEMS08,17,15629,16013,0.9278381643115122,-0.070125282549578,1.01372,1.0321617,1.0248437,1.0432854
PEMS08,24,14733,17421,0.927758610730582,0.0205474386827842,1.443059,0.09690046,1.2178154,0.1283431
PEMS08,79,16781,17421,0.9277150257820996,-0.0763548339541589,1.1153979,0.1705141,0.8816409,0.40427113
PEMS08,15,14989,15693,0.9276904282041404,-0.4391589996855598,0.33377218,0.9729929,0.32441092,0.96363163
PEMS08,49,15949,17037,0.9274733369484052,-0.0821750806073422,0.6191344,0.5470767,0.5865674,0.5145097
PEMS08,110,15437,16077,0.927315384453949,-0.0144296668294918,0.7771611,0.6237688,1.1623902,1.0089979
PEMS08,120,15693,16589,0.9272381397964856,-0.0970573140349808,0.35838842,0.10614729,0.8761735,0.41163778
PEMS08,13,17037,17613,0.9272199419660084,0.25225095597381,0.93932486,0.19957781,0.8489938,0.10924673
PEMS08,39,14413,15373,0.927120869232938,-0.0636326040033627,0.02427864,1.5420046,0.2047739,1.7710571
PEMS08,44,14413,16141,0.9270206305244508,0.1484167277862886,0.5115938,0.068682194,0.2972312,0.14568043
PEMS08,82,14605,15053,0.9269558722957956,-0.058422340439401,2.169425,0.041122913,2.3273625,0.11681461
PEMS08,112,15949,17677,0.9269257962523176,-0.1816242251062364,0.24395227,0.20960188,0.57543993,0.12188578
PEMS08,53,15181,16333,0.9268904298282364,-0.011227355182525,0.0723629,0.64698744,0.22206736,0.9414177
PEMS08,134,14797,16525,0.926843005268336,0.0815046040046798,0.8708525,0.2672782,0.24812937,0.3554449
PEMS08,9,14541,17421,0.926808606204816,-0.0245074042971936,0.060742855,0.021764278,0.11005163,0.19255877
PEMS08,39,16013,17741,0.9267790984159432,0.1097257289349124,0.00409317,0.12019062,0.042582512,0.1668663
PEMS08,33,14733,16269,0.9267135171389904,0.135275150132944,1.605864,0.22218418,1.093112,0.73493624
PEMS08,97,16141,17421,0.9265301863131982,-0.0175952170008115,0.5029373,0.92019796,0.49812317,0.9250121
PEMS08,166,14413,14733,0.9260466256541802,0.1229551966607104,0.17051506,0.86070395,0.10873127,0.79892015
PEMS08,167,14605,15757,0.9260460471801994,-0.0900610487021445,0.6411314,0.6304283,0.95968485,0.31187487
PEMS08,148,14285,17741,0.92601199434807,0.1118883074509875,0.013050079,0.3769436,0.41803837,0.0280447
PEMS08,66,16461,17101,0.9260109110339118,-0.0675768200720632,0.04545498,1.5098939,0.3875904,1.0768485
PEMS08,104,14605,16717,0.9259755395387924,0.2814950291356999,1.6794982,0.7221708,1.3068848,0.3495574
PEMS08,37,14797,16525,0.9257850328382202,0.0437447609023612,0.45079422,0.039281845,0.28184223,0.20823383
PEMS08,129,15245,17549,0.9257198990825356,0.1190664768079637,0.5314727,0.4434948,0.07632971,0.011648178
PEMS08,13,17165,17741,0.9256235314921558,0.018338361412079,0.077960014,0.14626646,0.237741,0.013514519
PEMS08,110,16589,16653,0.9254702765675732,-0.0738379927457758,0.77632856,1.0256948,0.7234578,0.9728241
PEMS08,66,14797,15693,0.9254553297232684,-0.1211257805117082,1.0269332,0.34321833,0.981163,0.3889885
PEMS08,163,15437,16077,0.9254091222025266,0.0773640746950264,0.8712363,0.22216225,0.9297595,0.28068542
PEMS08,110,15501,17229,0.9253216374240446,0.0913145181462828,0.1240139,0.4521017,0.118337154,0.44642496
PEMS08,146,14797,16269,0.9249329037224536,-0.1117556048110128,1.5455618,0.5868416,1.1213202,1.0110831
PEMS08,92,15373,17677,0.9246124369997218,-0.1388166267624229,0.11854124,0.16298532,0.024852276,0.30637884
PEMS08,14,16013,17741,0.9245717019160546,0.2985117874700596,0.047449112,0.14489126,0.25960112,0.16215897
PEMS08,28,15629,16077,0.924473738661634,-0.381269284092226,0.8148093,1.1334443,0.7582822,1.0769172
PEMS08,117,15117,16333,0.9244617984189082,-0.3199712246472669,0.6359329,1.4140544,0.43636417,1.2144856
PEMS08,140,14989,15373,0.9241213833585296,0.0116233084610608,0.58862257,1.2462854,0.87444973,1.5321126
PEMS08,39,15629,16205,0.9239418642547382,-0.0517592350004322,0.041960716,0.025873184,0.1240983,0.10801077
PEMS08,135,15309,17613,0.923691604565658,0.1654919161382801,0.57055426,0.34308958,0.7494116,0.5219469
PEMS08,140,17357,17677,0.923604806695252,-0.1144839419686494,1.3048916,0.27461386,1.2344012,0.2041235
PEMS08,18,16013,16589,0.9236011655993664,-0.0535490320012094,0.17787361,0.07542467,0.036236763,0.06621218
PEMS08,68,15181,15757,0.9235982558182616,-0.151285568672417,0.07094288,0.48034286,0.18955564,0.59895563
PEMS08,79,15245,16973,0.9235092979511372,0.1249794555240255,0.23349333,0.31853676,0.17828798,0.09324455
PEMS08,49,15181,15757,0.9233638179040254,0.0178371427877415,0.160882,0.10714531,0.4393115,0.7073388
PEMS08,12,14285,16077,0.9233399866809702,-0.1193583362704586,0.8889079,1.1702213,0.72932005,1.0106335
PEMS08,101,14861,15501,0.9232815141990746,-0.0756715046681648,0.32455778,0.7715111,0.27532673,0.72228
PEMS08,7,14477,14733,0.9232259686019004,-0.1823449489547403,0.8338547,0.3140025,0.8946037,0.37475157
PEMS08,162,14477,16525,0.9230951994278608,-0.0291440783492273,0.7755089,0.22257996,1.0100331,0.4571042
PEMS08,23,14605,14861,0.922924899126932,0.0477311776733709,1.021472,0.5403528,1.1699119,0.39191294
PEMS08,0,15309,17037,0.922793154911978,0.1742139246045782,0.23166561,1.5517278,0.019322872,1.3007393
PEMS08,35,15949,17677,0.9226859440014809,0.0389391003416115,0.4842968,0.55121136,0.65799284,0.37751532
PEMS08,44,16589,17741,0.9226532720130232,0.0218722135760539,0.21545982,0.16107321,0.03066969,0.40720272
PEMS08,78,14541,15117,0.9225197532734208,-0.1211585998940041,0.15943861,1.4842935,0.43486643,1.7597213
PEMS08,88,14797,15117,0.9224021836055516,0.2087329024447636,0.68838644,0.8680854,0.28930664,0.46900558
PEMS08,147,14349,17165,0.9222311520016726,0.1865139870704196,1.2737784,0.074793816,0.6088791,0.59010553
PEMS08,107,17165,17741,0.9222044300953852,0.0227473650003452,0.14204597,0.24985933,0.75752354,0.36561823
PEMS08,156,15245,17549,0.9222016013294868,0.1582975815493211,0.12341118,0.08342838,0.16978216,0.12979937
PEMS08,37,14413,16717,0.92180361948319,-0.0115577236110877,0.26320887,0.09270573,0.16799593,0.18791866
PEMS08,65,14797,15117,0.92156502045634,0.0840235898522575,1.0558782,0.48139238,1.0621338,0.487648
PEMS08,98,15629,16205,0.921482059578971,-0.089744100010653,0.456748,0.39188766,0.4041648,0.44447088
PEMS08,17,15245,16973,0.9212182320685436,-0.0067068081117539,0.12456465,0.500576,0.04678774,0.4227991
PEMS08,162,15629,15821,0.9212024992786176,-0.02707956195996,0.105519295,0.31129217,0.012812138,0.40399933
PEMS08,94,14349,16909,0.9211991225382288,-0.2521662547245942,0.5628767,0.87839127,0.6640959,0.97961044
PEMS08,66,16653,17165,0.921156169824226,-0.0453252085817031,1.2853808,0.88151884,1.0840788,0.6802168
PEMS08,77,15053,17357,0.921149588182784,-0.1436794744740331,0.08519697,0.33988857,0.16087103,0.26421452
PEMS08,135,16717,17101,0.9205553674014044,-0.0827238553002248,0.0045599937,1.2516665,0.13365507,1.3807616
PEMS08,45,15629,16205,0.9204606238299968,0.2624068178578002,0.17117405,0.08108091,0.09259224,0.0024991035
PEMS08,37,15885,17421,0.9201014802471496,0.0899567920871425,0.40931273,0.18955278,0.12510347,0.09465647
PEMS08,29,15437,17165,0.920058456800095,0.1068999159795642,0.15538979,0.278677,0.10566759,0.32839918
PEMS08,59,15757,16397,0.9200023645430392,-0.1785521271185386,0.37484884,0.8731041,0.117528915,0.61578417
PEMS08,72,15437,17741,0.919853572055632,-0.0858969082530246,0.1948576,0.14426327,0.06504631,0.27407455
PEMS08,57,15245,16717,0.9197607720164852,-0.0289618732362426,0.37334394,0.16318846,0.3911767,0.18102121
PEMS08,95,15437,16013,0.919725394386323,0.1594429264533942,0.18171501,0.09277868,0.07044792,0.20404577
PEMS08,45,17101,17421,0.9195984907257492,0.0444853335697116,0.08593798,0.43869686,0.4381776,0.08645725
PEMS08,110,15309,17037,0.9194872071091515,-0.1194264804544308,0.055951595,1.3135757,0.28092957,0.9766946
PEMS08,147,14669,17485,0.9193753712146132,-0.0475679785328857,0.016690731,0.56130934,0.3607359,0.93873596
PEMS08,39,14861,16397,0.9193078319593068,0.1557170489560244,1.5147157,0.60244274,1.246654,0.3343811
PEMS08,57,15309,16269,0.91929128025002,-0.0047880385409086,0.5703273,0.7661762,0.37716866,0.95933485
PEMS08,24,15373,17101,0.9192788730253644,0.1396713899364647,0.65193224,0.70033836,0.6355982,0.7166724
PEMS08,12,15885,16525,0.9192665405701378,-0.2610083134269285,0.20112038,0.25949955,0.07044363,0.1288228
PEMS08,45,15373,17037,0.919057648647438,-0.0910194879752249,0.7042723,0.7543602,0.9027729,0.95286083
PEMS08,136,15309,17613,0.9190050577238164,0.0568914909462049,0.059999466,0.3146243,0.4774623,0.73208714
PEMS08,22,15053,16333,0.9188046202396206,-0.38938452022285,0.3288331,2.0548143,0.020118713,1.7461
PEMS08,6,15565,17677,0.9187289104171648,0.0431435083768593,0.057730675,1.0378337,0.05095768,1.0446067
PEMS08,31,14861,16589,0.9186222127655562,0.0148045758758056,0.033745766,0.051443577,0.2748556,0.18966627
PEMS08,137,14477,14797,0.9185950069716122,-0.0197909856397192,0.34502888,1.1740952,0.2738409,1.1029072
PEMS08,133,17485,17741,0.9184686249478052,-0.0331797014304446,0.45897484,0.97879124,0.60642385,1.1262403
PEMS08,39,16589,16909,0.9184030024031108,-0.0923891530955289,0.49829578,0.5562601,0.47136116,0.5293255
PEMS08,19,17101,17677,0.9183948715846711,0.2658480319942042,0.70301867,0.5157709,0.73036385,0.5431161
PEMS08,24,16589,16909,0.9182845875432556,-0.0913333560513405,0.5608616,0.98125744,0.58548784,1.0058837
PEMS08,139,14669,15245,0.9182678232842456,0.1778693730286703,0.43878222,0.98659134,0.038488865,0.50932026
PEMS08,53,15117,17421,0.9182513372873712,-0.029234283943309,0.46581602,0.3914609,0.6673374,0.1899395
PEMS08,139,15437,17741,0.9182094575072064,0.1604679842563232,0.05534792,0.18568802,0.39016104,0.1491251
PEMS08,113,14861,16589,0.9180473151741168,-0.0553573553715073,0.15527487,0.01511097,0.10408163,0.27446747
PEMS08,37,14861,16589,0.9180091401525596,0.2923580837741815,0.087118626,0.07226658,0.028260231,0.13112497
PEMS08,22,17421,17613,0.9178635383753944,0.0749802269861488,0.5723591,0.27554893,0.6343336,0.33752346
PEMS08,99,15501,16205,0.9175334922728492,-0.2171794301324602,1.1612349,0.008721828,1.1354842,0.034472466
PEMS08,128,15309,17613,0.9174226649701598,-0.0396983209438979,1.2488489,0.004444599,1.3519998,0.107595444
PEMS08,135,14477,16845,0.9173622369712598,0.0010304451225165,2.0418367,0.30218458,2.4096198,0.06559849
PEMS08,106,15629,16397,0.9171763961601116,0.0935080890862146,0.2822857,1.7844238,0.5011854,1.0009527
PEMS08,53,14861,16909,0.9168438388811164,-0.0139655925390398,0.032399178,0.5853052,0.050554752,0.56714964
PEMS08,160,15117,15373,0.9167252679915466,-0.0785148582756451,0.70172215,0.27786684,0.41398525,0.009870052
PEMS08,22,16589,17741,0.9163713393698107,0.2004001213777107,0.69885063,0.010415077,0.27156448,0.41687107
PEMS08,19,15117,16269,0.9163297313391784,0.0091399002358651,0.92608404,0.1297245,0.710042,0.34576654
PEMS08,138,14413,15949,0.9161714878193884,-0.3296751483160651,0.022245407,0.3458619,0.5249491,0.8930564
PEMS08,101,16269,17421,0.9161469844087448,0.1200647473881424,0.14599466,0.08421564,0.16528654,0.06492376
PEMS08,37,15629,17357,0.9160913565252442,0.0203599235693942,0.2515087,0.04058075,0.34908867,0.056999207
PEMS08,6,15117,17037,0.91603019906361,0.0046663207983192,0.9659562,0.670938,1.2648506,0.9698324
PEMS08,134,16141,17357,0.9157811437103516,-0.1231220867290912,0.16793823,1.5726237,0.31914568,1.7238312
PEMS08,5,15053,15629,0.915404260687386,0.1499663543607287,0.36027002,1.0491614,0.14650822,0.5423832
PEMS08,11,14797,16525,0.9153114649751156,-0.192078665583424,0.39790154,0.27326536,0.2738037,0.3973632
PEMS08,58,15373,17101,0.915296257927766,-0.1238709536655389,0.40735054,0.21963024,0.24793434,0.37904644
PEMS08,93,15245,15757,0.9151245484198935,0.1227242102045706,0.7537327,0.6375489,0.9685602,0.85237646
PEMS08,56,15309,17613,0.9150881885754152,-0.0712500397753461,0.13787079,0.38462353,0.074760914,0.4477334
PEMS08,164,16013,17741,0.9150073230616445,0.2449137760119845,0.23540401,0.32927513,0.103440285,0.009569168
PEMS08,31,14669,17549,0.9147962069249548,0.110044661527214,0.10646582,0.35821247,0.34603357,0.09428692
PEMS08,31,15309,17677,0.9147563128110288,-0.1742068319244028,0.09972525,0.7845621,0.12127352,1.0055609
PEMS08,110,14605,16333,0.9144412867107548,0.2513883414884082,0.34129667,1.8342175,0.97304535,1.2024689
PEMS08,148,16141,16781,0.9143700366871544,-0.2561602098721823,0.25549936,0.93903875,0.044209003,1.1503291
PEMS08,42,15309,16525,0.9142436747383776,-0.312616611368565,0.51537466,0.2694111,0.8840461,0.09926033
PEMS08,143,15373,17677,0.9141838244667416,-0.04911236463161,0.29017544,1.6510272,0.2496562,1.610508
PEMS08,46,16205,17357,0.9141198233979227,0.2570110704911469,0.3808837,0.1767621,0.2512741,0.3063717
PEMS08,14,15053,15629,0.914095754691948,0.0015828714949303,0.074496746,0.39399004,0.57021,0.2507167
PEMS08,140,14861,15437,0.9138720399220428,0.0823088811281481,0.16744757,0.47472334,0.08532238,0.39259815
PEMS08,27,15629,16397,0.913617328029076,-0.1367627747425428,0.2437315,1.0329871,0.4597082,1.2489638
PEMS08,54,15565,17101,0.9135156446021224,0.2110487919116773,0.48769522,2.192819,0.6924815,2.3976054
PEMS08,14,15117,17165,0.9134948128959672,-0.058239881770262,0.015933514,0.26129246,0.04783964,0.1975193
PEMS08,117,15821,16973,0.9133750554771308,0.0985231889250612,0.09754753,0.25603628,0.005255699,0.3483281
PEMS08,46,14797,15309,0.9133599733750049,-0.0012272134889378,0.7250161,0.35924006,0.8062558,0.27800035
PEMS08,99,14797,16525,0.9132931774881728,-0.0042148601438246,0.044098377,0.29847574,0.104661465,0.23791265
PEMS08,111,16589,16653,0.9130345313395776,0.0922042466409922,1.0377483,0.89707756,0.86218023,0.72150946
PEMS08,52,15245,16973,0.9130138064734312,0.0168633376893768,0.1810708,0.108793736,0.41159582,0.12173128
PEMS08,162,16717,16973,0.9129336354929992,-0.001955712033809,0.12244034,0.045963287,0.19304037,0.26951742
PEMS08,111,15629,16205,0.91289930122845,0.1256293063746559,0.65527964,0.33698225,0.3446684,0.6475935
PEMS08,49,16141,17101,0.9127879968914928,0.1523716808232985,0.36097193,1.9524679,0.28121758,1.8727136
PEMS08,79,16909,17485,0.912688195524896,-0.2117893248669037,0.24880886,0.40362644,0.3739295,0.2785058
PEMS08,119,15053,15629,0.9126322355641816,0.1597021370198728,0.25972366,0.89800215,0.109447956,0.74772644
PEMS08,6,15629,16205,0.912612039367388,0.1995288539606117,0.013762951,0.22897291,0.18328238,0.031927586
PEMS08,9,16589,17485,0.9126067893626856,0.2720142744933186,0.16680956,0.8246913,0.108827114,0.5490546
PEMS08,114,15437,17741,0.9125306042421814,0.1530719199913968,0.05286646,0.008505821,0.26659203,0.20521975
PEMS08,29,14861,16589,0.9125085498139636,-0.1896094146048696,0.31764936,0.012316704,0.13538313,0.16994953
PEMS08,64,15181,15245,0.912481540686661,0.1984272482598693,1.6634345,1.0335264,1.466774,0.8368659
PEMS08,68,14477,16781,0.91239859116238,-0.0651246293320769,0.84528637,1.3250294,0.4185505,1.7517653
PEMS08,30,16525,17101,0.9121997556393352,0.1312648549455151,0.058692932,0.49284363,0.40054464,0.033606052
PEMS08,167,14797,15117,0.9121893682932218,-0.0693319240060253,0.4277959,0.3770299,0.06138277,0.010616779
PEMS08,10,15053,15949,0.9121627231236158,-0.0110610030871531,0.12643623,0.26343155,0.20336056,0.34035587
PEMS08,15,14285,16397,0.9121593391523592,0.0085257491670977,0.933939,0.7839265,0.6016593,0.4516468
PEMS08,69,14477,17101,0.911903753713387,0.1268024512203067,0.88501453,0.32145405,0.9200835,0.35652304
PEMS08,136,15117,17677,0.9118921880242102,-0.125121000011915,0.43224096,0.9623327,0.9873667,1.5174584
PEMS08,11,14285,16013,0.91167763689527,0.0081548776602696,0.015937328,0.116220474,0.10977316,0.2100563
PEMS08,103,15373,17101,0.9116762078182524,0.2998428379086065,0.6401205,0.62844276,0.64233637,0.6262269
PEMS08,43,14861,16909,0.9115141880562466,0.116134999726504,0.19903708,1.1536856,0.13584852,0.8188
PEMS08,26,15949,17293,0.9114675360104484,0.0760332944979564,1.1224003,0.14728785,1.368381,0.098692894
PEMS08,105,14285,16013,0.911328304968176,0.2137055379515923,0.2907939,0.21011114,0.26830626,0.23259878
PEMS08,36,14797,17421,0.9112517862433788,-0.0182976300668477,1.1575227,0.24207497,0.89379025,0.5058074
PEMS08,29,15373,16205,0.911120405640066,-0.0424098345238232,0.21896458,0.26324415,0.031638145,0.5138469
PEMS08,95,14605,16909,0.9109570010793802,0.1530057276967318,0.025609016,0.4475751,0.46774673,0.04578066
PEMS08,137,15117,16269,0.9109435265376647,-0.0069829783842076,0.3814578,0.043620586,0.016105652,0.35394287
PEMS08,OT,15053,15629,0.9107360758878214,0.1990214266209345,0.1310463,0.26386976,0.16407299,0.23084307
PEMS08,106,14669,16909,0.9105679034199404,-0.1200107960581436,0.11400843,0.76180506,0.047273636,0.9230871
PEMS08,148,14413,15373,0.9104967117594992,0.2329588296709323,0.07132864,0.5732026,0.14250469,0.50202656
PEMS08,69,16333,16589,0.9104676195497724,0.0521796803267881,0.88472843,0.55472565,0.81180334,0.48180056
PEMS08,46,14413,16717,0.9102984411897714,0.104747633864971,0.20301723,0.617815,0.104718685,0.3100791
PEMS08,9,15437,16141,0.9100914328501432,-0.2275582826546762,1.760642,0.8960495,1.5704288,0.7058363
PEMS08,133,15437,16909,0.9099902033774736,-0.1129482732632658,0.18746853,0.014482021,0.049673557,0.2516241
PEMS08,42,14861,16333,0.9099244840886004,0.0335145887361413,0.3005023,0.98743534,0.009755135,0.6771779
PEMS08,27,15117,17037,0.9099237157542092,0.1432772130588313,1.0307894,0.7578883,1.3853207,1.1124196
PEMS08,79,15373,17357,0.9097397229091888,-0.0344951202733346,0.58475685,0.73568964,0.7289634,0.5914831
PEMS08,105,14797,17421,0.9096687934937028,-0.0765999234728113,0.6104579,0.060643196,0.46820402,0.20289707
PEMS08,130,14413,16717,0.9093932389492412,0.0598095167156378,0.043787003,0.15643549,0.044006824,0.06864166
PEMS08,157,15245,16973,0.9091516694810516,0.0768794635870858,0.088587284,0.26070547,0.21100187,0.38312006
PEMS08,0,16589,16909,0.9091115106685304,0.1813959747166239,0.43819284,0.29287958,0.027252674,0.17256594
PEMS08,36,15693,16269,0.909013331667656,0.2412271775042789,0.2688651,0.14475965,0.3565879,0.057036877
PEMS08,41,15053,16205,0.908904021047138,0.221852834485717,0.6231289,0.50781393,0.6927066,0.43823624
PEMS08,127,14925,16397,0.9088553406986298,0.2687920187180657,0.6409006,0.09430933,0.44903374,0.2861762
PEMS08,143,14349,17165,0.9087121476240791,0.1615593156028586,1.2131977,1.5644188,1.1292915,1.4805126
PEMS08,82,14285,17229,0.908680786765474,-0.0215313777247952,0.6121764,1.0567269,0.54362345,0.98817396
PEMS08,67,17165,17741,0.9086526932489326,-0.116679356398318,0.32152557,0.49568558,0.35351658,0.46369457
PEMS08,63,16269,16525,0.9086304203990372,-0.4441989783687109,0.43507624,0.42022276,0.5723238,0.2829752
PEMS08,155,16333,17229,0.908521763664034,0.0195464491879705,0.58622265,2.214932,0.87785053,1.9233041
PEMS08,78,15245,17101,0.9083806640171184,0.061230366110278,1.7716355,0.8240719,1.7762647,0.828701
PEMS08,151,14605,14861,0.9082502398179214,0.1080570806702514,0.8434825,0.4249611,0.95764303,0.5391216
PEMS08,10,15565,16141,0.9082356445028842,0.0393855386826657,0.76550055,0.31404018,0.72505,0.35449076
PEMS08,153,14413,15373,0.9079453233720292,0.1754400080374581,0.10226774,2.281826,0.24769115,2.4272494
PEMS08,148,16013,16589,0.9079063946637648,-0.0836403477229839,0.014478207,0.25783443,0.3156042,0.58791685
PEMS08,110,16781,17293,0.907822961967936,0.0620837898497013,1.052279,0.45115423,0.75048256,0.1493578
PEMS08,13,14605,16397,0.9077369357117704,0.1109213203791396,1.7938461,0.3373475,1.473949,0.017450333
PEMS08,133,14477,14797,0.9077140286472682,-0.0075948224566917,0.8349643,0.13513517,0.57942533,0.3906741
PEMS08,142,14413,15373,0.9076279350161182,0.222756800812227,0.08727026,2.27877,0.25426292,2.4457626
PEMS08,64,14413,15373,0.9076279350161182,0.222756800812227,0.093735695,2.4951606,0.17643213,2.577857
PEMS08,48,14413,15373,0.9076279350161182,0.222756800812227,0.08727026,2.27877,0.25426292,2.4457626
PEMS08,126,14413,15373,0.9076279350161182,0.222756800812227,0.09553909,2.305603,0.24014425,2.4502082
PEMS08,122,14413,15373,0.9076279350161182,0.222756800812227,0.08727026,2.27877,0.25426292,2.4457626
PEMS08,123,14413,15373,0.9076279350161182,0.222756800812227,0.08727026,2.27877,0.25426292,2.4457626
PEMS08,121,14413,15373,0.9076279350161182,0.222756800812227,0.08727026,2.27877,0.25426292,2.4457626
PEMS08,141,14413,15373,0.9076279350161182,0.222756800812227,0.08727026,2.27877,0.25426292,2.4457626
PEMS08,125,14413,15373,0.9076279350161182,0.222756800812227,0.074304104,2.2710223,0.23924398,2.4359622
PEMS08,80,14413,15373,0.9076279350161182,0.222756800812227,0.08727026,2.27877,0.25426292,2.4457626
PEMS08,61,14413,15373,0.9076279350161182,0.222756800812227,0.08727026,2.27877,0.25426292,2.4457626
PEMS08,130,14797,15885,0.9075177965865404,-0.1019990523726373,0.69205713,0.21005774,0.7998414,0.102273464
PEMS08,52,15437,16589,0.9071078361874696,-0.2210332786119926,0.3519988,0.48724747,0.7545495,0.08469677
PEMS08,124,14413,15373,0.907103289992376,0.2095351070272177,0.08720684,2.2915883,0.25087643,2.455258
PEMS08,150,15245,17549,0.9070117871869914,0.1195742535991291,0.33447695,0.32124186,0.38468456,0.27103424
PEMS08,128,14861,16653,0.9068885652453038,-0.0180589849663054,0.55311155,0.9766464,0.86248064,1.2860155
PEMS08,52,15885,17037,0.9065918274983006,0.193857708334301,0.21497822,1.458919,0.32484007,1.3490572
PEMS08,139,15629,17357,0.9065349853347628,0.0761210139073735,0.5603118,0.7406316,0.59422255,0.7067208
PEMS08,68,16397,17357,0.9065296777568302,-0.1113564206428658,0.49561357,1.2300935,0.44344425,1.1779242
PEMS08,58,14349,14861,0.906368683162508,-0.0106790702416745,0.17101336,0.63833475,0.69991875,1.1672401
PEMS08,25,14797,16525,0.906229661400086,0.0643088174841555,0.38460827,0.2524333,0.20171452,0.43532705
PEMS08,92,16653,16909,0.9061764623661308,-0.1148373170170911,0.54247475,0.106975555,0.67476463,0.025314331
PEMS08,79,14861,16333,0.9061527606922228,0.0048599118037612,0.3938427,0.2689576,0.30987263,0.35292768
PEMS08,34,14285,17741,0.9061042982961942,-0.0806634303045515,0.33691406,0.15234852,0.056798935,0.12776661
PEMS08,157,16909,17165,0.9060817548131774,-0.090306715590195,0.14342022,0.15502834,0.39537287,0.38376474
PEMS08,155,16269,17037,0.9059978520332728,-0.239266114611697,0.106601715,1.8620701,0.596416,1.3722558
PEMS08,144,14413,15373,0.9059320757591364,0.183667518587184,0.12274647,2.2983756,0.25983334,2.4354625
PEMS08,91,14413,15373,0.9059320757591364,0.183667518587184,0.051184654,2.2809992,0.21362162,2.4434361
PEMS08,116,14413,15373,0.9059320757591364,0.183667518587184,0.08299303,2.2398815,0.2354188,2.3923073
PEMS08,51,14413,15373,0.9059320757591364,0.183667518587184,0.051184654,2.2809992,0.21362162,2.4434361
PEMS08,85,14413,15373,0.9059320757591364,0.183667518587184,0.064352036,2.3472023,0.10482073,2.387671
PEMS08,145,14413,15373,0.9059320757591364,0.183667518587184,0.08295727,2.299549,0.23092079,2.4475126
PEMS08,50,14413,15373,0.9059320757591364,0.183667518587184,0.051184654,2.2809992,0.21362162,2.4434361
PEMS08,115,14413,15373,0.9059320757591364,0.183667518587184,0.051184654,2.2809992,0.21362162,2.4434361
PEMS08,131,14413,15373,0.9059320757591364,0.183667518587184,0.051184654,2.2809992,0.21362162,2.4434361
PEMS08,90,14413,15373,0.9059320757591364,0.183667518587184,0.051184654,2.2809992,0.21362162,2.4434361
PEMS08,74,14413,15373,0.9059320757591364,0.183667518587184,0.051184654,2.2809992,0.21362162,2.4434361
PEMS08,75,14413,15373,0.9059320757591364,0.183667518587184,0.051184654,2.2809992,0.21362162,2.4434361
PEMS08,92,15629,17357,0.9058051526743728,0.1234536447305334,0.2488575,0.83963394,0.3093691,0.77912235
PEMS08,162,15501,17229,0.9056743167092112,0.1000002184890657,0.4102087,0.91217566,0.13810825,1.1842761
PEMS08,70,14413,15373,0.9056470524726848,0.2054399675197222,0.084939,2.3016453,0.2540927,2.470799
PEMS08,55,14413,15373,0.9056470524726848,0.2054399675197222,0.084939,2.3016453,0.2540927,2.470799
PEMS08,60,14413,15373,0.9056470524726848,0.2054399675197222,0.101741314,2.2942953,0.25479698,2.447351
PEMS08,159,14413,15373,0.9056470524726848,0.2054399675197222,0.084939,2.3016453,0.2540927,2.470799
PEMS08,73,14413,15373,0.9056470524726848,0.2054399675197222,0.084939,2.3016453,0.2540927,2.470799
PEMS08,84,14413,15373,0.9056470524726848,0.2054399675197222,0.084939,2.3016453,0.2540927,2.470799
PEMS08,83,14413,15373,0.9056470524726848,0.2054399675197222,0.084939,2.3016453,0.2540927,2.470799
PEMS08,81,14413,15373,0.9056470524726848,0.2054399675197222,0.084939,2.3016453,0.2540927,2.470799
PEMS08,102,15821,16717,0.9056055974579778,-0.1295730236940856,0.38196278,0.27356482,0.5821161,0.073411465
PEMS08,63,14413,17293,0.9055981267066842,0.1047176722980697,0.41620302,0.9458132,0.2923932,1.069623
PEMS08,93,14733,15309,0.9055456917913752,-0.0250535453242377,0.29197168,0.3527789,0.083666325,0.14447355
PEMS08,135,16909,17229,0.9054769306184154,-0.1131756723078084,0.8121753,1.7944808,0.49392748,1.476233
PEMS08,26,16653,16909,0.905434373698112,0.0975613359623998,0.014784336,0.3160119,0.21876764,0.5199952
PEMS08,21,14861,16397,0.905233786336904,-0.1827392057359331,0.6130719,0.35129642,0.17521095,0.08656454
PEMS08,119,15245,16397,0.9050217153695808,-0.120180336997254,0.13879299,0.17642784,0.31533718,0.630558
PEMS08,16,15309,17613,0.9047991346340806,0.0376245206747086,0.8447695,0.5148587,0.93528605,0.42434216
PEMS08,140,16397,17229,0.90467067044991,-0.0019224868508429,0.037525177,0.068514824,0.15779638,0.051756382
PEMS08,104,14797,15309,0.9045191830050526,0.0715532728800114,1.484571,0.54391956,1.4860101,0.54248047
PEMS08,136,17165,17741,0.9042756297113828,-0.0767298903509166,0.39855814,0.24772882,0.5642357,0.08205128
PEMS08,127,14477,15693,0.90421891518152,0.0575616709326039,0.8353076,0.1724205,0.74623775,0.08335066
PEMS08,134,15565,15629,0.9041781690933184,-0.0986347626550082,0.20099926,1.6469808,0.26714897,1.7131305
PEMS08,66,15181,16589,0.9039011615863776,0.0101578027187841,0.70737076,0.86364603,0.24114656,1.3298702
PEMS08,36,15629,16205,0.9036181600318532,0.2528159968425991,0.2190485,0.29334784,0.16136742,0.35102892
PEMS08,98,16013,16909,0.9034671473269592,0.0408684487714341,0.3086686,1.1769352,0.25172424,1.2338796
PEMS08,34,15629,17357,0.9032844882547622,0.0807833711105419,0.24710226,0.21980476,0.32684422,0.14006281
PEMS08,103,16589,16909,0.9032800875669538,-0.075241921710552,0.54039145,0.9481745,0.6036854,1.0114684
PEMS08,95,16525,17677,0.9029852535168472,0.2291811676375365,0.11578989,0.5522671,0.3758874,0.06058979
PEMS08,78,15053,15757,0.9028967781702002,-0.0258474252370121,0.39329767,2.329762,0.6614127,2.597877
PEMS08,111,15437,17741,0.902808699972875,0.2405864690164302,0.010972023,0.29156923,0.03950596,0.24109125
PEMS08,158,16013,17165,0.9027197980374192,0.1188403294774035,0.10866356,0.2461667,0.12648201,0.26398516
PEMS08,53,15949,16717,0.9023448617991766,-0.1599539665955469,1.1498222,0.82040215,1.0362463,0.7068262
PEMS08,114,15053,16269,0.9022792608111804,0.0051273682629626,0.15161562,0.921432,0.22313595,0.8499117
PEMS08,156,14733,15949,0.9020394397509108,0.004767659751407,1.222456,0.36093807,0.9499202,0.08840227
PEMS08,158,14861,16589,0.901999661787411,-0.1986556912469415,0.18089819,0.302958,0.34768248,0.13617373
PEMS08,28,16973,17549,0.9018881390646484,0.203319896516492,0.16054964,0.17720032,0.0077939034,0.02444458
PEMS08,92,14669,16333,0.901598841202912,0.187138641053252,0.96445847,0.6355877,0.6217203,0.29284954
PEMS08,30,14797,15949,0.9015586908974196,-0.1557196815270101,0.6761427,0.26136494,0.471519,0.46598864
PEMS08,42,16269,17037,0.901261923223962,-0.0731947908459005,0.17020655,0.5090747,0.39192486,1.0712061
PEMS08,148,15117,16525,0.9011557308099208,0.0245547475020312,0.43270063,0.20059252,1.0589018,0.8267937
PEMS08,129,14605,16077,0.9009042631790688,-0.065757764014491,0.7438979,0.33136702,0.92473984,0.51220894
PEMS08,118,16589,17741,0.900845466319523,0.2760739759733039,0.1518631,0.15863705,0.057385445,0.2531147
PEMS08,25,16013,16397,0.9008296776978836,0.0133125794069702,0.8303418,1.3568358,0.5043864,1.0308805
PEMS08,79,15437,17741,0.9007200125710156,-0.0111225031473568,0.32267714,0.0074563026,0.2878623,0.042271137
PEMS08,166,15373,16205,0.9005861552737711,-0.0265602904248269,0.2539649,0.5427718,0.26020575,0.536531
PEMS08,77,15565,15949,0.9004849191521747,0.055203913760994,0.3579936,1.3399606,0.55828714,1.139667
PEMS08,13,16013,16589,0.9004142121026019,-0.0728004113679506,0.2608757,0.32072067,0.43639183,0.14520454
PEMS08,58,16013,17741,0.9003312814210502,-0.0938413881554407,0.11975145,0.23046732,0.027617931,0.32260084
PEMS08,161,15373,17101,0.9001525831885033,0.0789580441612308,0.2580614,0.27981043,0.23069763,0.3071742
PEMS08,166,16845,17165,0.9001335208941404,0.2153702823391157,0.3539939,1.3799214,0.4885068,1.5144343
PEMS08,18,16525,17101,0.8999455275589062,0.1966805786161664,0.06365347,0.8635764,0.30365562,0.62357426
PEMS08,87,14349,14605,0.8996425140159116,0.1682052153314448,0.66416407,1.5969415,0.6395645,1.5723419
PEMS08,41,15181,16909,0.8995928701494954,0.047465745890388,0.33517742,0.88447,0.35854673,0.9078393
PEMS08,14,14989,17677,0.8995265477832395,-0.0943003343667438,0.86256075,0.6037326,1.1225438,0.86371565
PEMS08,106,14989,15373,0.8993842527362904,0.0488173033513427,0.5576019,0.89813995,0.24724007,0.5877781
PEMS08,65,14605,16717,0.8990630291907417,-0.1357235295823677,1.0327053,0.83034945,0.90894985,0.706594
PEMS08,44,14861,15757,0.8990620359435383,-0.060752246120804,0.697217,1.6015086,0.21172714,1.1160188
PEMS08,24,15821,16205,0.8990142915578839,-0.1357438397050494,1.1267886,0.55004644,1.4268665,0.85012436
PEMS08,138,16397,16973,0.898889493464451,0.0685733535882604,0.2122407,1.7007761,0.5267954,1.3862214
PEMS08,72,15053,17357,0.8987280705376549,0.1471395691058283,0.038452625,0.7682481,0.19646406,1.0031648
PEMS08,78,15565,17677,0.8987088813827109,0.1535727033859056,1.030613,1.4738193,1.0600538,1.5032601
PEMS08,136,16141,16717,0.8986189267739148,0.2370275627978314,0.15613699,0.3678074,0.48464346,0.03930092
PEMS08,79,14797,17101,0.8985777699807338,0.0550199636616851,0.078596115,0.36714792,0.11907101,0.56481504
PEMS08,19,15373,15949,0.8985275145335129,-0.0116909854743038,0.14934158,0.24363899,0.20841265,0.18456793
PEMS08,62,14413,15373,0.8984459207717685,0.2544764798767776,0.07895708,2.299079,0.24880409,2.468926
PEMS08,154,14413,15373,0.8984459207717685,0.2544764798767776,0.06392336,2.218902,0.17607307,2.3310518
PEMS08,149,14413,15373,0.8984459207717685,0.2544764798767776,0.078958035,2.299077,0.24880457,2.4689236
PEMS08,109,14413,15373,0.8984459207717685,0.2544764798767776,0.07895708,2.299079,0.24880409,2.468926
PEMS08,132,14797,16013,0.8982018235256599,0.0121020612219079,2.324429,0.17318106,2.4448004,0.2935524
PEMS08,111,15053,17357,0.8981603593091413,0.0998827301975222,0.6270757,0.4014554,0.6592326,0.43361235
PEMS08,35,15629,17357,0.8980322388633475,0.1768154995787557,0.22940254,0.38481092,0.16984463,0.44436884
PEMS08,4,16333,16589,0.8980087569316444,0.0840828381071923,0.0035476685,0.350492,0.5352335,0.8821778
PEMS08,96,14797,16269,0.8977715036180837,0.2362118203525945,0.2520013,0.027379036,0.16162395,0.3862462
PEMS08,56,14669,16269,0.8976848535039867,-0.0513943875882454,0.61342144,1.3423204,0.5825987,1.3114977
PEMS08,32,15373,16717,0.8973917527827964,-0.10117991556793,1.5494442,0.470788,1.3879805,0.30932426
PEMS08,71,16653,16845,0.8971324110200736,-0.1393143315777804,1.8722391,0.9648223,1.9024177,0.99500084
PEMS08,0,16717,17677,0.8970876916813957,-0.0200935155392104,0.4547825,2.0576372,0.5947151,2.1975698
PEMS08,168,16781,17357,0.8969483067538484,0.0518319326386905,0.6370449,0.7818513,0.065167904,0.20997429
PEMS08,101,14797,16525,0.8967893378625654,0.0942246348400931,0.22219944,0.47844458,0.42328262,0.2773614
PEMS08,14,14797,16525,0.8964894030788174,0.0701084568761898,0.6950531,0.7961035,1.1845961,0.30656052
PEMS08,152,14797,17037,0.8961897574568585,0.1915708503951247,1.1791234,0.2892766,0.9024582,0.012611389
PEMS08,2,14861,17485,0.8961598221594594,-0.0163086073080219,0.54609346,1.0590324,0.11004782,0.6229868
PEMS08,95,14797,16269,0.8960805678162946,-0.1341921933457771,0.97519827,0.1407609,0.9218683,0.087430954
PEMS08,118,15245,16717,0.8960266307793616,0.0039186550719376,0.48397732,0.11184549,0.32297564,0.04915619
PEMS08,129,14797,17293,0.8959808658092943,0.1707995773736416,2.1373725,0.50070715,1.9957252,0.3590598
PEMS08,20,16397,16973,0.8957287112677426,-0.1761467091230922,0.17408514,0.8840761,0.11620188,0.9419594
PEMS08,47,14861,16589,0.8954290868495243,-0.0437085355022531,0.35561037,0.10724211,0.18074512,0.28210735
PEMS08,OT,14605,17357,0.8954123069235516,0.1757572182719643,0.511672,0.46047735,0.116919994,0.06572533
PEMS08,46,16141,17101,0.8954057775015668,0.1545642190126084,0.43387747,1.7864914,0.46313477,1.8157487
PEMS08,29,14477,15629,0.895303932863724,-0.1137957351399395,0.06828117,0.010745525,0.3636651,0.4426918
PEMS08,43,16013,17741,0.8951154577122096,0.0544221640202243,0.4852662,0.42449713,0.8376465,0.07211685
PEMS08,117,14349,16909,0.8947252166477708,0.2544719084068855,0.7428632,1.723896,0.34173965,1.3227725
PEMS08,22,15949,16845,0.8946812546608692,-0.2114114560624647,0.0022616386,0.2504487,0.24844599,0.49663305
PEMS08,22,14477,16141,0.8946796467296195,-0.1284241499617573,0.66593266,0.4409294,0.34246302,0.76439905
PEMS08,112,15373,16205,0.8945606809328254,-0.1663669098801447,0.3510251,0.2963133,0.013598442,0.041113377
PEMS08,36,15437,17165,0.8942868859090578,0.2095833032889096,0.5123,0.1389327,0.014445782,0.35892153
PEMS08,92,15949,16525,0.8941314634608661,-0.1544807405633154,0.32378292,0.1974392,0.15565825,0.029314518
PEMS08,78,16781,17485,0.8936806389879732,0.0254311810662952,0.72723913,0.61016464,0.22255325,0.10547876
PEMS08,135,14861,15437,0.8936086713041188,0.0914756973198485,0.3721242,1.2767072,0.26000452,0.64457846
PEMS08,77,15437,16845,0.8934346364725221,-0.041493602821982,0.19385576,0.15847492,0.3082862,0.044044495
PEMS08,163,15309,15885,0.8927003341035242,0.165653588439956,1.8378325,0.26771498,1.5692515,0.5362959
PEMS08,146,15053,16205,0.8926999555557246,0.1528057047919307,0.9180412,0.42780733,0.61498785,0.7308607
PEMS08,86,14285,14349,0.8925671209245523,0.0328642579205093,0.7630806,0.6160464,1.0211697,0.8741355
PEMS08,155,14605,14669,0.8925431754850509,-0.1822747001421462,0.1688261,0.14894438,0.015422821,0.3331933
PEMS08,150,14605,16077,0.892453960078635,-0.0062583385656885,1.8766017,0.7367468,1.8044353,0.66458035
PEMS08,117,14605,16397,0.8924209895226051,0.1160823346178161,1.9209914,0.071276665,1.838315,0.15395308
PEMS08,138,14605,15181,0.8923343483364912,-0.2034313319766079,0.037465096,0.7615051,0.26089668,0.53807354
PEMS08,155,16909,17165,0.8919822165378882,-0.2286211580575748,0.6077347,0.3734045,0.8413248,0.6069946
PEMS08,16,15437,16589,0.8919273987559595,0.2167177982795298,0.20151854,0.055325508,0.40498114,0.1481371
PEMS08,160,15053,16205,0.8918638212263386,0.0112163090039341,0.47047234,0.11299229,0.7885103,0.2050457
PEMS08,56,14413,15373,0.8914745177751411,0.2078227560960591,0.14723349,1.5312862,0.2049985,1.1790543
PEMS08,2,16141,17421,0.8914496162638622,-0.251299521750851,0.2542715,1.8987532,0.096385956,1.7408676
PEMS08,35,14285,14861,0.8913875002698479,0.1458200252642017,0.3237605,0.39564085,0.47521782,0.24418354
PEMS08,38,15245,16333,0.8913657494025348,0.2797759656518239,0.24262333,0.65004826,0.7924676,1.1998925
PEMS08,39,15565,17101,0.8911945830001549,-0.0228197504246719,0.35537672,1.0023232,0.67224073,1.3191872
PEMS08,43,14605,16717,0.8908378764785759,-0.1417496299443595,2.2856145,0.24026155,2.3066602,0.26130724
PEMS08,95,15629,16205,0.8905759591667185,-0.1779332022303193,0.55758953,0.08693981,0.32774067,0.14290905
PEMS08,47,15629,17357,0.890318897155877,0.1493027802622015,0.35491085,0.041716576,0.3044057,0.008788586
PEMS08,108,15053,16205,0.8902645202632853,0.0226494643477131,0.16211987,0.8341937,0.0063676834,0.9899459
PEMS08,72,15245,17485,0.8902212500463955,-0.1364067747066914,0.8169937,0.30703688,0.93661785,0.426661
PEMS08,136,14861,16077,0.8900963946540702,0.1842324213245733,1.1249709,0.3384161,1.0768704,0.29031563
PEMS08,32,16909,17165,0.8898697454255727,-0.1751684056302174,0.34649324,0.0668726,0.15728712,0.25607872
PEMS08,26,16845,17421,0.889708520215556,-0.1372445577198634,0.5409765,0.12928534,0.63617754,0.03408432
PEMS08,136,14349,16845,0.8896722411955863,-0.1397209247752789,0.5733175,0.47931957,0.68164253,0.5876446
PEMS08,52,14605,16205,0.8896506349085974,-0.1651721072861312,0.65866995,0.44870186,0.93818855,0.72822046
PEMS08,133,14733,16141,0.8896290995378028,0.2465920313652775,0.12834597,0.35467434,0.022098064,0.46092224
PEMS08,18,15629,16397,0.8896028950214133,-0.0963854751298752,1.0160141,1.0436597,0.9407811,0.9684267
PEMS08,76,16269,17485,0.8895603665665834,-0.1160455928402361,0.065422535,0.92741203,0.2537527,0.6082368
PEMS08,42,14797,15885,0.8894378741906953,0.0461360076590127,0.4963317,0.06971073,0.23897028,0.32707214
PEMS08,160,17101,17677,0.8887384891928147,0.0565934389931409,0.13884926,0.28338337,0.118867874,0.025666237
PEMS08,104,15949,17101,0.8886238864046005,0.2153087735728239,0.6592245,1.132575,0.651402,1.1247525
PEMS08,21,14349,17165,0.888408966203187,-0.0147703255008008,0.79184294,0.15248299,0.87583256,0.2364726
PEMS08,19,16397,16973,0.8883178961803346,0.0900852774923388,0.018885612,0.26038504,0.05671072,0.29821014
PEMS08,71,15949,17677,0.8882776583928116,0.0668106029063102,0.27539158,0.03264761,0.29237175,0.04962778
PEMS08,136,15885,17101,0.8880821768756108,0.1599233717405588,1.5606604,0.20574427,1.3837409,0.028824806
PEMS08,119,14413,17293,0.8876846858294604,0.1598789239973283,0.049399853,0.26806688,0.15878105,0.15868568
PEMS08,13,16717,17357,0.8875664191423003,-0.2602174393503662,0.06489134,0.72840595,0.17026234,0.62303495
PEMS08,15,15565,17421,0.8875138303523334,-0.2381582838902352,0.16288185,0.3697996,0.3904171,0.18349934
PEMS08,101,16717,17101,0.8874931586062679,0.0905715749283933,0.35262585,0.048074245,0.7244849,0.32378483
PEMS08,65,16589,16909,0.8873197827577706,-0.1252040506480948,0.09469366,0.4007473,0.2854104,0.020643234
PEMS08,11,14605,16333,0.88727131497549,0.0882998334153189,0.38630295,0.21120262,0.19741535,0.40009022
PEMS08,57,16973,17101,0.886838040583402,-0.0719573153454797,0.25915337,0.90662193,0.6213074,1.2687759
PEMS08,164,14797,15693,0.886784493288779,0.0215474402195954,0.023278713,0.21824074,0.0032510757,0.19171095
PEMS08,134,14861,16333,0.8866647728220312,-0.055872918814099,0.26980639,0.3302641,0.44324064,0.15682983
PEMS08,15,15117,15309,0.8865525403279667,0.2685473555264073,0.45997953,0.2733798,1.0437412,0.3103819
PEMS08,3,14413,17101,0.8864543051247745,0.2145553989404786,0.17750168,1.6029987,0.44876337,1.8742604
PEMS08,68,14285,16589,0.8864516388109352,-0.219754008954959,0.3363781,0.47836876,0.65307474,0.16167212
PEMS08,112,14285,16013,0.8863349270156293,0.1902309096502294,0.43764925,0.4195981,0.4619894,0.39525795
PEMS08,21,15629,17357,0.8861405041017532,0.1557761168713494,0.046708107,0.22688389,0.04110527,0.13907051
PEMS08,168,15885,17613,0.8860668384945245,0.0053907659223247,0.48274946,0.3031764,0.46188498,0.3240409
PEMS08,162,14605,16653,0.8860458855858552,-0.1722656757292019,0.12559795,0.42489195,0.120893955,0.17840004
PEMS08,146,15821,17549,0.8858021389281598,0.0833420492118023,0.023487568,0.16858053,0.2522931,0.06022501
PEMS08,136,15245,16397,0.8857231148143102,0.1825044690402612,0.7713008,0.69121885,0.6306262,0.55054426
PEMS08,101,15373,17677,0.8857048316774805,0.1438377956986959,0.35932398,0.7933693,0.73915386,0.4135394
PEMS08,162,15309,17613,0.885654977385956,0.1577845737102104,0.5844288,0.3377509,0.40869093,0.51348877
PEMS08,40,16653,16909,0.8853947984349828,-0.1954652794933576,0.6413255,1.2126904,0.9611201,1.532485
PEMS08,130,15629,17357,0.8852243522813686,0.0132967839506108,0.14220715,0.12604952,0.016636372,0.2516203
PEMS08,167,16013,16333,0.885066937659833,-0.0929263045214046,0.31992483,1.117796,0.06804657,0.72982454
PEMS08,7,15693,17677,0.8849846260948769,0.179136339781481,0.0071172714,0.6020546,0.2080388,0.38689852
PEMS08,4,17101,17677,0.8848886521135912,-0.0745066463559551,1.1363907,0.6768875,1.1855512,0.726048
PEMS08,15,14861,16653,0.8848656757329434,-0.1473319175405854,0.3628931,0.76967764,0.45761538,0.8643999
PEMS08,147,15437,17741,0.8847450188961241,0.1048668061058842,0.2666564,0.47583008,0.14998674,0.059186935
PEMS08,35,15373,17293,0.8845770339627405,0.0262139070843601,0.25153828,1.0555844,0.49391222,0.31013393
PEMS08,143,15053,16013,0.883919433741683,-0.0896708726523799,0.08323002,0.9128146,0.15134335,1.147388
PEMS08,113,15629,17357,0.8839185056446672,0.1144494529958217,0.24650669,0.14019632,0.21863699,0.16806602
PEMS08,89,15309,16525,0.8836839778256268,-0.1567136039163591,0.21218348,0.095709324,0.27874994,0.16227579
PEMS08,164,15373,17101,0.8836773087037723,-0.0930186609086102,0.22118759,0.983119,0.16601086,0.9279423
PEMS08,41,16013,17741,0.8836071367765266,-0.2551598097739546,0.3402772,0.40557432,0.53103733,0.59633446
PEMS08,127,14541,15053,0.8831600754387277,-0.0814887853494743,1.3016276,0.218431,1.0123453,0.070851326
PEMS08,160,14413,14989,0.8830047409901356,0.2600805172118373,0.08854294,0.69907045,0.18368578,0.6039276
PEMS08,104,15117,17613,0.8827100321592509,0.0758173104506557,1.4650421,0.06371355,1.4221435,0.106612206
PEMS08,87,14989,15373,0.8826993891663121,-0.0672657443838448,0.5962882,1.2367363,0.81342745,1.4538755
PEMS08,113,15117,17421,0.8825763724153776,-0.097194332616547,0.13272953,0.764338,0.9873519,0.09028435
PEMS08,150,16845,17741,0.882486811520416,-0.1364542054640075,0.39397478,0.23529339,0.20183372,0.42743444
PEMS08,162,15181,15757,0.8820661110456283,0.004255201274449,0.62660646,0.05697584,0.59910727,0.029476643
PEMS08,9,15629,17357,0.8820112133654274,0.1474103031313808,0.016283512,0.08732176,0.16725063,0.09621239
PEMS08,0,14797,17421,0.881953076358055,0.2363193134111625,0.42416954,0.28790092,0.4053564,0.2690878
PEMS08,161,16205,17357,0.881942331842434,0.0405472754936457,0.76227474,0.27218628,0.54403543,0.4904256
PEMS08,166,15821,17549,0.8819178301550503,0.1345893695390159,0.026422024,0.15605879,0.17166471,0.04202795
PEMS08,132,15117,15629,0.8817921341907274,-0.2572539863636655,0.12869549,1.8630977,0.04052019,2.0323133
PEMS08,96,14861,16653,0.8817408813197642,-0.1576827500805525,0.27400112,1.8390398,0.3120451,1.8770838
PEMS08,135,15949,17677,0.8816743506493829,-0.0771770164616612,0.09686327,0.2380271,0.14962626,0.18526411
PEMS08,103,15821,16717,0.8815607560568526,-0.0225567488096285,0.36134434,0.23652649,0.62127066,0.02339983
PEMS08,72,14605,16717,0.8815257991662494,-0.128427305184287,1.4771328,0.6679354,1.4438672,0.6346698
PEMS08,146,14477,15565,0.8811861477540808,-0.1246261641994911,0.6920662,0.10082054,0.00871563,0.5999613
PEMS08,18,14989,15117,0.8810222451312325,-0.1123180016405616,0.62756014,1.8198924,0.42057133,1.6129036
PEMS08,158,15053,15629,0.8802348959381778,0.1120464208928728,0.5961909,0.8401742,1.1323748,0.30399036
PEMS08,113,14797,15373,0.8799227326846437,-0.1462982072281327,0.29340935,0.1322484,0.23760796,0.07644701
PEMS08,36,16333,16589,0.8798899551197878,-0.2086649168884957,0.4431014,0.34347248,0.5450721,0.44544315
PEMS08,106,15437,17741,0.8795793871882985,-0.0427306430375539,0.2828498,0.1286807,0.037151814,0.1913209
PEMS08,119,14797,17101,0.8795701398079457,-0.0700939405958571,1.0066013,1.480938,0.83299017,1.3073268
PEMS08,1,15373,16141,0.8794048216507695,0.098517853753288,1.4837823,0.35184193,1.3579063,0.22596598
PEMS08,OT,15885,16269,0.8791694242201056,0.05604229568327,0.50276184,0.80309725,0.4947009,0.7950363
PEMS08,38,14541,14797,0.878932660009712,-0.0229750771841797,0.38832617,0.8566575,0.24413872,1.4891224
PEMS08,57,16589,17165,0.8787985787677077,-0.0052397775706496,0.3682146,0.15006495,0.023324966,0.5416045
PEMS08,118,15373,17421,0.8786043454802244,-0.1317634790070674,0.16038227,0.065963745,0.3384304,0.43284893
PEMS08,147,14797,16269,0.8784229922922915,-0.218172996279334,0.6204543,0.23789692,0.33900356,0.51934767
PEMS08,65,15053,17101,0.8781191231937202,0.0737617225038414,0.2736311,0.74244213,0.070658684,0.94541454
PEMS08,33,15437,16013,0.8781102405516449,-0.2810521805832335,0.060525417,0.4153514,0.25390577,0.7297826
PEMS08,160,16013,17741,0.8780869980228257,0.1424292645500734,0.2315979,0.1795783,0.08257866,0.030559063
PEMS08,68,15245,16717,0.8780481133038591,0.2024874711091945,0.21882677,0.25095844,0.0009889603,0.031142712
PEMS08,16,15821,17677,0.878030805546938,-0.0562812214074228,0.5935464,1.5913749,0.37258625,1.3704147
PEMS08,3,15693,16141,0.8775456804996546,-0.0135310881304074,1.6191273,0.30754328,1.9713974,0.04472685
PEMS08,104,15757,16205,0.8775028182460308,0.0541816737616989,0.8593769,0.66500664,0.8654523,0.65893126
PEMS08,86,15373,17101,0.8772692568283231,0.0360978818725406,0.07651472,0.12844133,0.2447238,0.44967985
PEMS08,11,15053,15629,0.877208910549334,0.222468694386444,0.67372274,0.12182522,0.41680813,0.1350894
PEMS08,15,15373,16717,0.8772021566738495,0.1430140738746979,0.47526932,0.8850422,0.18366575,0.22610712
PEMS08,30,15053,17677,0.876535125097159,-0.0412915776372523,0.4642172,0.1438837,0.09203625,0.51606464
PEMS08,7,14797,15949,0.876355491247532,-0.0011752638890156,0.08629322,0.0041713715,0.27812147,0.18765688
PEMS08,9,15117,16013,0.8762485451201301,-0.2192902311942388,0.42125368,0.6929245,0.4490981,0.7207689
PEMS08,165,14285,16845,0.876123768991284,-0.0164429460549869,0.35695124,0.51715136,0.29503107,0.5790715
PEMS08,10,14989,15693,0.8760947131673495,-0.0547888956862573,0.23701477,1.279037,0.1805954,1.2226176
PEMS08,99,14605,16397,0.8760808448091385,-0.0283162925926989,0.9152355,0.41603184,0.36028194,0.13892174
PEMS08,157,15309,16269,0.876062979441328,0.0842206801545084,0.30379772,1.0512404,0.50210714,0.852931
PEMS08,165,16397,16717,0.875250229515589,0.0213550864281272,1.0511332,0.28929472,0.8835993,0.121760845
PEMS08,65,15437,17741,0.8746701346492699,-0.1436445068233834,0.12246847,0.031389236,0.21362972,0.12255049
PEMS08,138,16269,17613,0.874509803521719,-0.086874899658592,0.30372047,0.17496395,0.08486986,0.5635543
PEMS08,33,15309,17613,0.8744811921896996,0.1003433131748716,0.19538403,0.051407814,0.10649729,0.2504735
PEMS08,18,15821,17357,0.8744133990079567,0.0732852045638099,0.81955624,1.0533543,0.7056842,0.9394822
PEMS08,160,16717,17357,0.8735453846497174,0.0125987653850906,0.39251566,2.0393815,0.45266533,2.0995312
PEMS08,43,15309,16269,0.8732367870167365,0.0606368478405785,0.5572572,0.5993819,0.043137074,0.08526182
PEMS08,129,15053,17677,0.8731401516963025,-0.0583192735478769,1.0146632,0.12290192,0.999897,0.13766813
PEMS08,147,14733,16461,0.8727899626930028,-0.1548375436687042,0.16699696,0.30739927,0.35287666,0.21247435
PEMS08,67,14797,15053,0.8727602825139583,0.1499772282113154,0.58833027,0.16304255,0.33376455,0.09152317
PEMS08,94,14861,16589,0.8727322749524057,0.1438267331085758,0.4492278,0.08323479,0.04432583,0.48813677
PEMS08,130,17101,17293,0.8723872997610509,0.1838171351151074,1.893816,0.6501694,1.8208017,0.5771551
PEMS08,OT,15437,17741,0.8721553447346924,0.0765851093263911,0.25193882,0.008909702,0.048104286,0.19492483
PEMS08,59,16013,17741,0.8720952303475363,-0.1890377483859438,0.15442514,0.10326862,0.05254364,0.3102374
PEMS08,146,16589,16909,0.8718011730770974,-0.0453462688314676,0.23840714,0.48655033,0.2437377,0.48121977
PEMS08,66,15053,16205,0.8717073547928529,-0.0437417786284211,0.25453568,0.31578064,0.49917746,0.07113886
PEMS08,56,14285,14861,0.871691768000693,0.0885351637620408,0.37374067,0.28060102,0.3080516,0.3462901
PEMS08,2,14541,17293,0.8715367437655371,-0.1151084808954289,1.2511339,0.67752314,1.1501746,0.57656384
PEMS08,108,16653,16909,0.8714308365973162,0.0457748103936785,0.5294709,0.044043064,0.55948305,0.014030933
PEMS08,89,15565,17101,0.8714228249509273,0.1406563387419018,0.019310474,0.96662045,0.41585016,1.3631601
PEMS08,77,14605,14861,0.8713550211362034,0.2009509536494539,0.77616024,0.84956026,0.08948612,0.16288614
PEMS08,110,15629,17357,0.8711509449446428,0.0595450589396136,0.5284729,1.1759052,0.7481966,0.9561815
PEMS08,148,16269,17293,0.8711164632835816,0.0672205553019386,0.38912582,0.32133865,0.16845751,0.54200697
PEMS08,119,15117,15693,0.8711039939506116,-0.1096920588838353,0.29099178,0.23541212,0.5303583,0.585938
PEMS08,168,14605,15053,0.8706802643090016,0.0258851424292861,0.3524866,0.10069227,0.26986742,0.18331146
PEMS08,38,14989,17101,0.8704795283103234,0.0660117857322901,0.25109816,1.3666215,0.31265688,1.4281802
PEMS08,128,14797,15053,0.8702890667679603,0.1105656480438748,1.2357869,1.2425737,0.9756098,0.9823966
PEMS08,86,14797,15885,0.8700388428526238,-0.2021340396290362,0.789165,0.03217888,0.7414284,0.07991552
PEMS08,151,15309,17677,0.8698705538501044,-0.2796106493364141,0.22027159,0.07984209,0.13326597,0.27369547
PEMS08,160,14861,16333,0.8695229462522892,0.0330593386301303,0.32501125,1.1741543,0.32013512,1.1692781
PEMS08,88,16205,17101,0.8694077203427368,-0.0730761643101539,0.3973236,0.48558283,0.11344147,0.20170069
PEMS08,152,15117,16525,0.868821377569419,-0.0974419007580388,0.41375732,0.020140171,0.70146036,0.26756287
PEMS08,42,15373,17677,0.8686058150039409,0.1836975703511483,0.48123217,0.74922705,0.92371273,0.30674648
PEMS08,42,15629,16205,0.8683274600449155,0.1412540609024029,0.36860943,0.5707269,0.49288702,0.44644928
PEMS08,163,14477,14733,0.8682117607489326,-0.1059975583527039,1.4951172,0.0006084442,1.4679794,0.026529312
PEMS08,89,15757,16333,0.8677254498191821,-0.1743122620810484,0.045668125,0.4333892,0.19020891,0.2888484
PEMS08,139,14605,16333,0.8672931212494662,-0.0439560360959711,0.8113041,0.37935543,0.7924528,0.3982067
PEMS08,112,15821,16717,0.8672905570868132,0.0742740182064849,0.23574066,0.17130136,0.31531,0.091732025
PEMS08,2,15053,15373,0.866800554934792,-0.0018053265295421,0.46198893,0.04406166,0.38510323,0.03282404
PEMS08,57,15053,16205,0.8667157947565558,-0.0980292288657085,0.19005728,0.38655806,0.25191784,0.05541706
PEMS08,40,14413,15693,0.8666939361569932,0.0730664099412928,0.2693715,1.6642766,0.020688534,1.3742166
PEMS08,136,15373,15437,0.866379211731926,0.0224591094927255,0.93131256,0.59435415,0.5991287,0.2621703
PEMS08,76,16653,16909,0.8663224668460869,-0.071176966763485,0.34639788,0.6302309,0.07780838,0.3616414
PEMS08,37,15053,16205,0.8661958838546924,0.1421396336724945,0.42360973,0.27294588,0.7208986,0.024343014
PEMS08,107,15373,17101,0.8661689356620081,0.0065952395064869,0.74809885,0.5579295,0.769752,0.5795827
PEMS08,151,15885,17101,0.866155911028531,-0.0921892958235928,0.32792997,0.7219715,0.22348404,0.6175256
PEMS08,8,15117,15693,0.8659718041441945,-0.0220791609351438,1.1349406,0.061415195,0.56198645,0.511539
PEMS08,133,16717,17101,0.8659637589040323,-0.0836877996215749,0.19464636,0.95029163,0.43728876,1.192934
PEMS08,102,14733,15693,0.8657128740084584,-0.1163511227051183,0.7359123,0.98042536,0.5871973,0.83171034
PEMS08,136,14413,17357,0.8654999810819116,0.1462182441172743,1.1210098,0.19422579,0.7989235,0.12786055
PEMS08,52,15117,17421,0.865414495648642,-0.1817526907258698,0.4024744,0.22874594,0.18586826,0.012139797
PEMS08,143,16205,16845,0.8653827778205485,0.0670635400531526,0.1942234,0.35202742,0.038039207,0.58429
PEMS08,111,16333,17229,0.8647894255621263,0.0393497099234249,0.07606125,1.0467539,0.15413332,0.8165593
PEMS08,140,17101,17293,0.864766439666321,-0.1429332900819049,1.2986588,1.1897483,1.0655322,0.95662165
PEMS08,6,14285,16717,0.8645981711000247,0.0024739832355819,2.2436023,0.54153156,1.9304037,0.228333
PEMS08,31,15053,17357,0.8639806585840896,0.1955654002227194,0.19870281,0.14364672,0.13205004,0.21029949
PEMS08,42,14413,17421,0.8636205465714571,-0.2105870556544044,0.700613,0.9273739,0.3497548,0.5765157
PEMS08,71,15053,16205,0.8634941205223304,0.0866482236400587,0.42590904,0.43342352,0.6328287,0.22650385
PEMS08,7,15181,15757,0.8629872984849687,0.1252670534608205,0.30695248,0.9472914,0.36736202,0.8868818
PEMS08,130,16909,17741,0.8629658168382286,0.1645093606899655,1.1577482,0.049184322,1.3975897,0.28902578
PEMS08,44,15245,16717,0.8629402589854587,-0.0318430889390139,0.9135637,0.00750494,0.76204777,0.1590209
PEMS08,107,15053,17357,0.8627850269562237,-0.0247306662349111,0.10041332,0.66259766,0.071597576,0.6337819
PEMS08,32,14797,16525,0.8627551763460457,-0.1991205556365591,0.6900101,0.59616184,0.5035858,0.7825861
PEMS08,97,14477,14989,0.8624201180970889,0.0536443674777427,0.052880764,0.5393834,0.17346764,0.313035
PEMS08,98,14413,17293,0.8623999384743471,0.071901432626116,0.34871674,0.36667252,0.044682503,0.026726723
PEMS08,101,14285,16589,0.862314754319216,0.0997573048429166,0.40009356,0.52137804,0.6100168,0.31145477
PEMS08,158,16269,16845,0.862205590591355,-0.0923751484657988,0.7595601,1.1511898,0.56164503,1.3491049
PEMS08,59,16333,16589,0.8619253818786541,0.0944234009652305,0.7880168,0.78719807,0.77201605,0.7711973
PEMS08,137,16141,17421,0.8618282459911777,-0.1538403784874066,0.007493973,1.0880842,0.37564707,0.7049432
PEMS08,128,14605,17677,0.861797243054914,0.0692418468244766,0.78509665,0.8147149,0.8291502,0.85876846
PEMS08,162,15373,17101,0.8615234063745509,0.0797071056828997,0.35419178,0.5137682,0.33996534,1.2079253
PEMS08,165,14797,17613,0.8613214760181247,0.1182888936557636,0.4896474,0.26170254,0.27659845,0.048653603
PEMS08,129,15629,16269,0.861160756469718,-0.1260746684001203,1.0040255,0.119400024,0.8270321,0.057593346
PEMS08,103,15117,16141,0.8609909739280505,-0.0385049659766974,1.8197975,0.21573734,1.571218,0.46431684
PEMS08,35,16973,17549,0.8604422553747518,0.2459062556836989,0.5819583,0.07760811,0.6018338,0.097483635
PEMS08,21,14797,16525,0.8601909195919077,0.028375271316771,0.7591014,0.6262703,0.27721167,0.14438057
PEMS08,119,14861,16333,0.8598376818763575,-0.0992246574144148,0.24698019,0.5248699,0.23946619,0.5173559
PEMS08,67,15949,17677,0.8595028669834726,-0.047481962014642,0.09442425,0.117105484,0.2953806,0.5069103
PEMS08,85,14285,15437,0.8594886712446456,-0.1037334232419482,0.13258553,0.45372725,0.07444668,0.24669504
PEMS08,132,14541,17101,0.8593401280306608,0.0453465671461522,1.128263,0.5759187,1.5530005,1.0006561
PEMS08,85,15053,15309,0.8593097403527823,0.0526652603448993,0.056496143,0.55293846,0.3894453,0.9988799
PEMS08,87,14861,16589,0.859283085335953,-0.19360590597331,0.27019882,0.17266369,0.17509937,0.2726345
PEMS08,56,14477,16461,0.8589479986655579,0.0672983708956717,0.3028841,0.2556529,0.29330635,0.26523066
PEMS08,18,16205,16717,0.8589019126917257,-0.1518332978536964,1.1383257,0.7446265,1.0381899,0.6444907
PEMS08,162,14413,17485,0.8589009192125237,0.1026705470007393,0.96594334,0.6555233,1.076746,0.76632595
PEMS08,161,14861,16909,0.8587081075044934,-0.2850082305976302,0.5608597,0.12674713,0.099656105,0.53376865
PEMS08,4,16397,16717,0.8586138642557757,-0.2488900704335845,0.28960562,0.09019518,0.33166695,0.13225651
PEMS08,100,15053,16205,0.8581753069796066,0.2050089550142097,0.53097916,0.2411828,0.70541525,0.4156189
PEMS08,25,15757,16909,0.8580715491659272,-0.0638459715439026,0.28076315,0.37850666,0.3051753,0.3540945
PEMS08,20,15245,17549,0.8579806819753165,-0.327313554462714,0.035086155,0.28794622,0.028864384,0.294168
PEMS08,92,14861,16589,0.8578340520610565,0.0798287287610854,0.66030407,0.056560516,0.3527794,0.25096416
PEMS08,35,15117,16269,0.8575009138221037,0.0328835408507965,0.0631094,0.042499542,0.09874773,0.00686121
PEMS08,94,14477,17421,0.8574515399256011,0.2702187448777386,0.5825887,1.6195998,0.24214077,1.2791519
PEMS08,69,16013,17741,0.8573533818512289,-0.0625638044202914,0.060337543,0.19048882,0.02224493,0.22858143
PEMS08,139,16525,17101,0.857041844144806,0.0042364308480266,0.38408804,0.6773162,0.3714552,0.68994904
PEMS08,8,14413,17677,0.8569063076826992,-0.2160815026906034,0.55408525,0.6513953,0.605546,0.70285606
PEMS08,37,16013,16909,0.8566847866017117,-0.219381038060989,0.2640109,0.90526533,0.2603035,0.9015579
PEMS08,132,15821,16077,0.856655123012786,0.1137097973907415,0.8079896,0.00783062,1.6770687,0.8612485
PEMS08,45,15117,15309,0.8561863945662863,0.0881484664324552,0.42535782,0.58003664,1.0395312,1.19421
PEMS08,27,17293,17677,0.8560742558792134,0.0035201575686225,0.051513195,1.434443,0.08778763,1.4707174
PEMS08,114,17101,17357,0.8558318858822019,-0.0976047857728881,0.34557152,0.0701313,0.7447257,0.32902288
PEMS08,118,14861,16077,0.8557426211409559,0.1531717425347475,0.80531645,1.2149982,0.65420437,1.0638862
PEMS08,19,14477,17037,0.8556904245425174,-0.3758653504134494,0.2935152,0.07533741,0.5114641,0.1426115
PEMS08,95,15117,15693,0.8555793011839093,-0.0896711539085005,0.60014105,0.25523138,0.4803195,0.13540983
PEMS08,66,16013,17741,0.8553868984343284,0.0232641886613498,0.46593237,0.24002409,0.023704052,0.20220423
PEMS08,22,14285,16653,0.8552570061746666,-0.1920096371663646,0.34046268,0.9136958,0.24896908,0.8222022
PEMS08,124,15053,15629,0.853994856875288,0.0449637676459322,0.47293282,1.3830485,0.19684458,1.1069603
PEMS08,24,15117,17293,0.8538392060711639,0.1874181738629121,1.1530752,0.4199705,0.86881447,0.13570976
PEMS08,32,14413,14733,0.8537871734932485,0.232548465141721,0.12742615,0.99846315,0.063477516,0.9345145
PEMS08,165,14541,15437,0.8537703388910425,-0.1052321362894499,0.21298885,0.37720728,0.6325283,0.042332172
PEMS08,77,16973,17549,0.8536849298997174,0.2312464654002357,0.6605668,0.22289276,0.31635952,0.121314526
PEMS08,82,14797,16525,0.8533583475870472,-0.0686504986356201,0.16645479,0.65670395,0.47917223,0.3439865
PEMS08,97,15373,17101,0.8533185526263737,0.1721193202759054,0.051567554,0.29658127,0.17548418,0.17266464
PEMS08,101,14477,15117,0.8532816535658846,-0.0379012291026136,0.26133823,0.031013966,0.85551167,0.6251874
PEMS08,133,15245,17549,0.8532415360798199,-0.2035743324317103,0.0068101883,0.524879,0.33195448,0.18611431
PEMS08,141,15053,15629,0.8531485116139301,0.0474452984661353,0.47226477,1.371645,0.19807243,1.0974526
PEMS08,61,15053,15629,0.8531485116139301,0.0474452984661353,0.47226477,1.371645,0.19807243,1.0974526
PEMS08,125,15053,15629,0.8531485116139301,0.0474452984661353,0.47521496,1.3794436,0.19873953,1.1029682
PEMS08,122,15053,15629,0.8531485116139301,0.0474452984661353,0.47226477,1.371645,0.19807243,1.0974526
PEMS08,123,15053,15629,0.8531485116139301,0.0474452984661353,0.47226477,1.371645,0.19807243,1.0974526
PEMS08,142,15053,15629,0.8531485116139301,0.0474452984661353,0.47226477,1.371645,0.19807243,1.0974526
PEMS08,126,15053,15629,0.8531485116139301,0.0474452984661353,0.48120356,1.3648086,0.23193312,1.1155381
PEMS08,80,15053,15629,0.8531485116139301,0.0474452984661353,0.47226477,1.371645,0.19807243,1.0974526
PEMS08,121,15053,15629,0.8531485116139301,0.0474452984661353,0.47226477,1.371645,0.19807243,1.0974526
PEMS08,48,15053,15629,0.8531485116139301,0.0474452984661353,0.47226477,1.371645,0.19807243,1.0974526
PEMS08,9,14861,15181,0.8527403322456758,0.2821860757881912,0.31117296,0.15119791,0.39299107,0.23301601
PEMS08,26,17101,17677,0.8525688076965671,0.0312491292343714,0.939548,0.19270849,0.97369814,0.22685862
PEMS08,43,15629,17357,0.8523232044244625,0.1825020174096375,0.33097506,0.08926153,0.022601604,0.4428382
PEMS08,162,14733,16845,0.8523072091409386,0.1057869484175571,1.193572,0.856308,1.3284831,0.99121904
PEMS08,147,14285,14605,0.8521758894747309,0.159058742532398,0.11279106,0.16527414,0.35797977,0.636045
PEMS08,11,15949,17101,0.8521582125753012,0.0449405931848387,0.23270798,0.25260687,0.7350087,0.24969387
PEMS08,49,15117,15565,0.8520811862661086,0.014360093151929,0.4215641,0.71692276,0.48009157,0.7754502
PEMS08,152,14285,14861,0.851769052682173,0.1657245279738466,0.4159937,0.45982933,0.33446932,0.5413537
PEMS08,53,15629,16205,0.8516828974003513,-0.0050772473761798,0.17073298,0.26650238,0.08953047,0.0062389374
PEMS08,75,15053,15629,0.8515301676712101,0.0485674172383075,0.44701433,1.346179,0.21331978,1.1124845
PEMS08,50,15053,15629,0.8515301676712101,0.0485674172383075,0.44701433,1.346179,0.21331978,1.1124845
PEMS08,144,15053,15629,0.8515301676712101,0.0485674172383075,0.47879648,1.3661218,0.2371149,1.1244402
PEMS08,116,15053,15629,0.8515301676712101,0.0485674172383075,0.49572086,1.3606524,0.23385,1.0987816
PEMS08,51,15053,15629,0.8515301676712101,0.0485674172383075,0.44701433,1.346179,0.21331978,1.1124845
PEMS08,91,15053,15629,0.8515301676712101,0.0485674172383075,0.44701433,1.346179,0.21331978,1.1124845
PEMS08,145,15053,15629,0.8515301676712101,0.0485674172383075,0.44623804,1.3494911,0.21552324,1.1187763
PEMS08,115,15053,15629,0.8515301676712101,0.0485674172383075,0.44701433,1.346179,0.21331978,1.1124845
PEMS08,90,15053,15629,0.8515301676712101,0.0485674172383075,0.44701433,1.346179,0.21331978,1.1124845
PEMS08,74,15053,15629,0.8515301676712101,0.0485674172383075,0.44701433,1.346179,0.21331978,1.1124845
PEMS08,131,15053,15629,0.8515301676712101,0.0485674172383075,0.44701433,1.346179,0.21331978,1.1124845
PEMS08,132,15053,15565,0.8514716615623625,-0.0497783221597626,0.9421363,0.90898705,0.94745207,0.9143028
PEMS08,150,14541,16205,0.8512960063723639,-0.0649872881937599,0.07715082,1.5066285,0.08503866,1.4987407
PEMS08,135,15885,17037,0.8509912989165265,0.1925134457645001,0.17052746,0.38519907,0.103978634,0.65970516
PEMS08,105,15373,15949,0.8508240670635258,-0.03319098428104,0.14036083,0.28586435,0.052180767,0.47840595
PEMS08,106,15757,17613,0.8506534426383577,-0.0057828333685287,0.645802,0.51052284,0.9768214,0.17950344
PEMS08,99,14477,15117,0.8503835784606099,0.1460153443898669,0.40252256,1.3074918,0.4766183,1.3815875
PEMS08,153,15053,15629,0.8503729607677945,0.0509546512928061,0.50870323,1.3397942,0.22823429,1.0593252
PEMS08,134,14541,15437,0.8503077485927072,-0.0846750947123492,0.46014786,0.017094612,0.36357117,0.07948208
PEMS08,137,17037,17613,0.8502892001475931,0.1704963277653214,0.77521944,0.100328445,0.8651123,0.010435581
PEMS08,46,15693,16269,0.8502448328487355,0.2216646277341018,0.48445225,0.3529973,0.38749027,0.44995928
PEMS08,93,16013,16333,0.8501632034157648,0.0827916546083677,0.03025484,1.537735,0.23196459,1.2755156
PEMS08,55,15053,15629,0.8501485799464659,0.0463450339550946,0.4982314,1.3471036,0.21588802,1.0647602
PEMS08,159,15053,15629,0.8501485799464659,0.0463450339550946,0.4982314,1.3471036,0.21588802,1.0647602
PEMS08,84,15053,15629,0.8501485799464659,0.0463450339550946,0.4982314,1.3471036,0.21588802,1.0647602
PEMS08,60,15053,15629,0.8501485799464659,0.0463450339550946,0.49534512,1.3705578,0.22816753,1.1033802
PEMS08,83,15053,15629,0.8501485799464659,0.0463450339550946,0.4982314,1.3471036,0.21588802,1.0647602
PEMS08,73,15053,15629,0.8501485799464659,0.0463450339550946,0.4982314,1.3471036,0.21588802,1.0647602
PEMS08,70,15053,15629,0.8501485799464659,0.0463450339550946,0.4982314,1.3471036,0.21588802,1.0647602
PEMS08,81,15053,15629,0.8501485799464659,0.0463450339550946,0.4982314,1.3471036,0.21588802,1.0647602
PEMS08,85,14477,16269,0.849878827414553,0.1936065753761793,0.71896935,1.3306608,0.85110855,1.1985216
PEMS08,152,15885,17421,0.8496095033216204,0.267177491746059,0.19272423,1.4106741,0.04226637,1.1756835
PEMS08,4,15885,15949,0.849478788481264,0.1532832932949712,0.24768305,0.13750267,0.05618763,0.05399275
PEMS08,85,15181,15821,0.8493536253164606,0.0880292425540179,1.732502,0.6843443,1.7141275,0.66596985
PEMS08,41,14285,14413,0.8492956694823554,-0.0555986092687499,1.6647501,0.43296194,1.3856039,0.15381575
PEMS08,143,15693,17421,0.8492465492753248,0.0658199396294333,1.1662936,0.29981613,0.8720217,0.0055441856
PEMS08,160,14797,15693,0.8492182259110278,-0.0776129042481209,0.29855394,0.34461308,0.20195293,0.24801207
PEMS08,157,14797,17613,0.8490582119542976,-0.0518064295099828,0.30843544,0.16983461,0.27471352,0.20355654
PEMS08,71,14605,14861,0.8485516963164881,0.002705249709899,0.0468235,0.18326664,0.14794445,0.3780346
PEMS08,14,14861,16717,0.8480388324722128,-0.2219802363202192,0.7935977,0.63854504,0.77939796,0.6243453
PEMS08,52,14733,16141,0.847962800329192,0.0316483994123171,0.34929323,0.5319872,0.37061596,0.51066446
PEMS08,107,15181,15629,0.8479390916076038,0.0696033775926023,0.25127268,0.36412382,0.6640887,0.77693987
PEMS08,67,16205,17357,0.8475542520512096,0.1284080475741805,0.25026846,0.082624435,0.15446329,0.013180733
PEMS08,147,15053,16205,0.8473198092261989,0.1936246733304422,0.8248825,0.4573083,0.45371056,0.82848024
PEMS08,140,16589,17165,0.8470606911729163,0.1349316344716112,0.09231615,0.74093723,0.14881182,0.68444157
PEMS08,62,15053,15629,0.8468788899731271,0.0452235096689982,0.4269743,1.412859,0.20192909,1.1878138
PEMS08,149,15053,15629,0.8468788899731271,0.0452235096689982,0.42697334,1.412858,0.20192862,1.1878133
PEMS08,109,15053,15629,0.8468788899731271,0.0452235096689982,0.4269743,1.412859,0.20192909,1.1878138
PEMS08,154,15053,15629,0.8468788899731271,0.0452235096689982,0.4844761,1.3778334,0.26311493,1.1564722
PEMS08,79,15181,15757,0.8468384509429869,0.0060089837084594,0.09651899,0.36514091,0.07648373,0.38517618
PEMS08,148,15053,17549,0.8467234642088396,0.1543724674525655,0.04514885,0.9554844,0.0828805,0.99321604
PEMS08,24,15245,17549,0.8467138818920079,-0.1987183652304336,0.0014562607,0.10671663,0.06657648,0.17183685
PEMS08,16,15885,17037,0.8466628600023399,0.0012562314964262,0.08833265,1.0007467,0.055700302,1.1447797
PEMS08,41,15437,17165,0.8466248663237838,-0.0014001034817002,0.2581849,0.42725468,0.17436743,0.3434372
PEMS08,6,16653,16909,0.8465104448424513,0.1062591964372131,0.19707108,0.729579,0.7669101,0.15973997
PEMS08,97,15309,16525,0.8460220801447345,0.0209883183734587,0.44919634,0.7584944,0.50961447,0.69807625
PEMS08,38,16013,17741,0.8450922246158661,0.0543849056638016,0.11063719,0.121273994,0.18775272,0.04415846
PEMS08,120,14797,17101,0.8450508169900951,-0.048572371624959,0.8264675,1.3216996,0.43091965,0.92615175
PEMS08,138,14477,17037,0.8441577341776578,0.1607904221037477,0.58445644,0.24169636,0.6791835,0.3364234
PEMS08,143,16525,16781,0.8437557106216123,0.0667986705592546,0.020258427,0.044109344,0.22080946,0.28517723
PEMS08,12,15437,17165,0.8436445216888842,0.0651467135830919,0.06011486,0.5321593,0.250216,0.34205818
PEMS08,31,14413,14989,0.8436208444247695,0.2506456343295647,0.25175095,0.43433762,0.41376925,0.27231932
PEMS08,87,14797,16525,0.8436143106105485,-0.2330346150877134,1.0812263,1.1070518,1.5807343,0.60754395
PEMS08,38,14861,16589,0.8435067036336399,0.0261009299055234,0.3821025,0.36876965,0.039165497,0.025832653
PEMS08,155,15309,15885,0.843430181918547,0.1191867241620147,0.37284327,0.50301266,0.9410858,0.06522989
PEMS08,64,15885,17357,0.8434178360017088,-0.1599452240180323,0.31326056,0.5816779,0.061010838,0.83392763
PEMS08,98,15373,15949,0.8433725520078237,0.0661894819701772,0.8722992,0.66612625,1.0601807,0.47824478
PEMS08,157,14989,15373,0.8427290581802284,0.1842512521593831,0.9821,0.33600378,1.4818363,0.16373253
PEMS08,140,15245,15821,0.8425893829839816,-0.3481876055794988,0.89520025,0.55407476,1.0716634,0.37761164
PEMS08,102,16845,17165,0.8425147182439437,-0.0719202094093291,0.44526863,2.0314484,0.17171526,1.757895
PEMS08,82,14989,15373,0.8423983335243569,0.0680104429120766,0.5926666,1.5521297,0.5969949,1.556458
PEMS08,163,15693,16525,0.842207602654059,0.2897190279999528,0.2212429,0.53213835,0.022562027,0.28833342
PEMS08,76,16333,16845,0.8417625068475079,-0.03969399472963,0.59272814,1.2081566,0.6308541,1.2462826
PEMS08,120,15053,15629,0.8415870444185111,0.1772511290519205,0.4014778,0.75504255,0.0835495,0.43711424
PEMS08,9,15309,17165,0.8415060028338922,0.037047949782945,0.8654866,1.0769248,0.75235224,0.9637904
PEMS08,8,14797,16269,0.8414055353149184,0.1699614636246769,0.61023283,0.18396902,0.61305475,0.1811471
PEMS08,157,14285,16333,0.8406073441419559,0.0671384965158869,0.093075275,0.9294963,0.61671305,0.21970797
PEMS08,6,14413,17101,0.8402670090150053,0.0093270109292673,0.26661587,1.6140451,0.30146933,1.6488986
PEMS08,59,15053,15373,0.8399835724013627,0.1135517697030632,0.038248062,0.22051811,0.18039274,0.43915892
PEMS08,8,16397,17357,0.8397959469682299,0.1138356745559839,0.33884048,0.747427,0.5896468,0.9982333
PEMS08,78,15693,16589,0.8397396326847592,0.0832622670744599,0.45296097,0.15534687,0.21216822,0.39613962
PEMS08,150,15949,17101,0.8394882085056087,0.2185470504989967,0.22844028,0.87521267,0.23064709,0.8774195
PEMS08,127,14797,15309,0.8393719008746178,0.1810605029116703,2.445755,0.84533787,2.580978,0.71011496
PEMS08,1,15885,17677,0.8393212298528713,0.0456924318053781,0.24733639,1.6583796,0.10343218,1.307611
PEMS08,157,15693,17421,0.8392813554683108,0.2764447374694728,0.3692851,0.20375967,0.1563487,0.009176731
PEMS08,0,14413,15949,0.8392578952074408,0.1389991217677582,0.05311823,2.2059455,0.13722086,2.0156064
PEMS08,132,15437,17165,0.839097106186904,-0.0940139706739739,0.04450798,0.18632078,0.023776531,0.20705223
PEMS08,127,16205,17677,0.8388107438405418,0.087699535018069,0.5722947,1.2504721,0.6099119,1.2128549
PEMS08,150,14285,14861,0.8387666630544489,0.0682186693119906,0.10634804,0.28070974,0.5609064,0.7352681
PEMS08,72,16269,16845,0.8387654338775337,0.0163241158271256,0.43347597,0.46890163,0.7063761,0.19600153
PEMS08,146,15117,17421,0.838755453725624,0.0667148390467882,0.040002346,0.282969,0.16829443,0.07467222
PEMS08,77,17293,17677,0.8385751301644639,0.1674374215442653,0.14772987,1.8667798,0.43793583,2.1569858
PEMS08,110,16013,16909,0.8384558415254388,-0.0302245571441779,0.14322042,0.026286602,0.38030434,0.2633705
PEMS08,1,16333,16909,0.8383342226447684,0.1382664024988722,0.3071928,0.13270187,0.19149637,0.2483983
PEMS08,67,15629,16525,0.838158591754021,0.0242757901455215,0.14013052,0.0152516365,0.45509815,0.6104803
PEMS08,41,14605,16269,0.8379312493132005,0.0886591572748555,0.79507494,0.18862343,0.5345001,0.44919825
PEMS08,40,15117,17293,0.8370984532831477,-0.1456424100331032,1.2508626,0.47891235,1.0582566,0.28630638
PEMS08,147,15245,16589,0.8370227327577611,-0.1153248719279929,1.6549778,0.15876532,1.7962403,0.017502785
PEMS08,112,14541,14861,0.8369276337475055,-0.1016781791717923,0.0035247803,0.43064356,0.1846757,0.24244308
PEMS08,152,16589,17165,0.8367130611750326,0.2859188981913971,0.14186096,0.51015043,0.40103006,0.25098133
PEMS08,107,14733,16013,0.8367004354508424,0.0091693052033862,1.7850165,1.0969915,1.8009915,1.1129665
PEMS08,35,14797,16141,0.8365713181170085,0.2945888502460058,1.0867996,0.5644789,1.2863789,0.36489964
PEMS08,15,14541,15885,0.8364094580850274,0.1472207211448836,0.6779413,0.19743443,0.99036694,0.50986004
PEMS08,52,15693,16269,0.8361281075614548,0.1114638315138453,0.048519135,0.21246338,0.16686296,0.09411955
PEMS08,38,14413,16717,0.836106729561942,0.0619792772909934,0.08482456,0.045123577,0.10296774,0.0269804
PEMS08,102,15373,17101,0.8358754576820182,-0.0623396724516308,0.88454056,1.1236057,0.9524684,1.0556779
PEMS08,149,15117,15309,0.8355844646744089,0.0644300497922183,1.3247519,0.5895772,1.6415248,0.90635014
PEMS08,16,14413,15693,0.8349616823533792,-0.0634485900909517,0.2230649,2.2449384,0.2523303,2.215673
PEMS08,43,14413,15053,0.834804305370857,0.2074299581910237,0.035789013,1.5931964,0.44689417,2.0043015
PEMS08,46,15821,16397,0.8347760935396514,0.0720252339367649,0.14156818,0.02476263,0.028602123,0.14540768
PEMS08,2,16589,16909,0.8345519738745825,0.0860424165064399,0.362226,0.31436872,0.24851227,0.20065498
PEMS08,128,15693,17357,0.8340124292112979,0.0946257076289633,0.0574708,0.4751835,0.008873463,0.54152775
PEMS08,7,16333,16717,0.8338147142318629,-0.0376244991460822,1.9851222,0.55200624,2.0282836,0.59516764
PEMS08,37,14989,15949,0.8334128750610957,-0.1397916584111028,0.59667873,2.3256135,0.5231676,2.2521024
PEMS08,89,14285,16909,0.8330500986579605,-0.0102540787785388,0.41224432,1.1520128,0.78058004,0.7836771
PEMS08,79,16205,16845,0.8329684305362304,-0.1475193588648123,1.410397,0.5262418,1.1737461,0.7628927
PEMS08,128,16717,17549,0.8328200156582504,-0.1727302987339004,0.23238134,0.1716032,0.07961702,0.018838882
PEMS08,102,14797,15117,0.8322911120134961,-0.1583086343298508,1.4954925,2.0916963,1.2657404,1.8619442
PEMS08,130,16333,16589,0.8321902287832258,-0.016463448921329,0.800725,0.32430458,1.0109372,0.5345168
PEMS08,103,15245,17549,0.8321168106724539,-0.1187552477210416,0.0005455017,0.0044236183,0.15805578,0.15417767
PEMS08,85,14797,17357,0.8319914258551537,-0.030964470646897,0.010795593,0.4400444,0.4783349,0.049086094
PEMS08,46,17293,17677,0.8318322483979327,0.0724823065002578,0.77510834,0.2462349,1.2122169,0.19087362
PEMS08,22,17037,17101,0.8316315882780525,-0.0068815853043176,0.34879827,0.7034464,0.15939665,0.51404476
PEMS08,33,14413,17421,0.830938794470331,-0.1485648057424529,1.0727801,0.07512236,1.1490955,0.15143776
PEMS08,100,14861,16333,0.8307909669035403,-0.0533870040714276,1.0843639,0.6063924,1.0645595,0.5865879
PEMS08,25,14605,14669,0.8307615111152432,-0.0131291909386627,1.476553,0.60569096,1.3767328,0.5058708
PEMS08,4,14285,14605,0.8296914181858103,0.0268231497046664,0.39930487,0.9178524,0.7618418,0.5553155
PEMS08,33,15053,17357,0.8290346577435699,-0.1196753200493878,0.85107136,0.29299688,0.46565962,0.6784086
PEMS08,100,15309,16845,0.8289772818439841,0.0260711062253028,0.09996939,1.3806086,0.07606125,1.2045779
PEMS08,99,15693,17421,0.828738051046453,0.2060773308611978,0.23725224,0.18065119,0.09595585,0.1525569
PEMS08,54,14413,17293,0.8282002680906954,-0.059005766202671,0.06860733,0.48472023,0.09584999,0.5119629
PEMS08,7,15373,17421,0.8279329489451328,-0.0980807710770958,0.16541243,0.56081915,0.20919323,0.1862135
PEMS08,67,15501,16333,0.827877288275275,0.1787665797820692,0.22807455,0.64199305,0.18144894,0.59536743
PEMS08,69,14861,16909,0.8270718138810917,0.0180664920366477,0.4448061,0.9078407,0.2919321,0.75496674
PEMS08,57,14477,14797,0.8268669459539318,0.0013343930423026,0.4963932,0.61695147,0.3886447,0.7247
PEMS08,86,15309,15693,0.8268223409800859,0.1366293870856559,0.12984133,1.0789266,0.025793076,1.1829748
PEMS08,72,14541,15693,0.8266941606989093,0.1065689649277419,1.0922546,0.6647768,1.0430841,0.6156063
PEMS08,137,17101,17677,0.8266189462175709,0.2456952107278688,0.49429417,0.032301426,0.12276459,0.33922815
PEMS08,23,16717,17741,0.8260522484146672,-0.0011778870570896,0.6215987,1.3241277,0.8188534,1.5213823
PEMS08,92,14989,16141,0.8257239533139678,0.097647813521437,0.08043718,0.0868144,0.016937733,0.010560513
PEMS08,16,16269,17421,0.8251980434214955,-0.1512832881891151,0.10723448,0.26886892,0.19995785,0.17614555
PEMS08,135,15501,17741,0.8250166458294343,-0.0342239831451618,0.47883463,0.6451516,0.5478492,0.71416616
PEMS08,17,14285,17357,0.8246620852126495,-0.0475770443686827,0.75989914,0.71540594,0.12352705,0.07903385
PEMS08,155,15437,16013,0.8246009058478029,0.1996599515101955,2.312735,0.07038736,2.546492,0.16336966
PEMS08,89,14989,15373,0.8238591269307292,0.0132755228283437,0.4654622,1.6990347,0.83249426,2.0660667
PEMS08,93,15629,17357,0.8237636425976449,0.0268622649493853,0.40858412,0.42932367,0.39332294,0.44458485
PEMS08,10,15117,16397,0.8236880155877694,0.0570764550376514,1.1932411,0.08714914,1.4496169,0.34352493
PEMS08,104,16013,16589,0.8234653695452742,0.0099980657372381,0.11368227,0.08835125,0.123180866,0.07885265
PEMS08,92,14541,16845,0.8233785200706855,0.0121026130135502,0.22701311,1.1649551,0.15588903,1.0938311
PEMS08,47,14285,16717,0.8230968982181425,0.0141664503170856,1.1886101,1.241869,1.0232005,1.0764594
PEMS08,68,14861,16013,0.823049314364713,0.0164703825070877,0.04713583,0.011607647,0.27774143,0.21899796
PEMS08,14,16269,16589,0.8229611642370508,-0.0585942727858471,0.19735432,0.28753138,0.60392666,0.119040966
PEMS08,31,15949,16013,0.8214391987207761,-0.1748434020888176,0.16387987,0.6011367,0.1772561,0.58776045
PEMS08,79,16269,16525,0.8209467763240214,0.089619880254214,0.34200764,0.22066116,0.0915041,0.4711647
PEMS08,127,14413,17293,0.8208972760067096,0.1145484157122644,0.07526636,0.45501375,0.028144836,0.55842495
PEMS08,27,16205,16269,0.8208856513785686,0.0413028255472243,0.27701902,0.4721861,0.535614,0.2135911
PEMS08,88,14861,16909,0.8208170922430389,-0.1093295261460851,0.30452156,0.9088726,0.10341501,0.50093603
PEMS08,12,16205,17357,0.820585494285768,0.1024672646672597,0.4973278,0.650928,0.5936341,0.74723434
PEMS08,106,16141,17677,0.8204956939597043,0.0840750978077565,0.16361761,0.2654562,0.21974325,0.32158184
PEMS08,13,14477,14797,0.8200566479250069,-0.1190674458221836,0.58294487,0.037676334,0.74078035,0.19551182
PEMS08,35,16589,16909,0.8198011171475569,0.0611280748582418,0.8650303,0.12490463,0.64660263,0.3433323
PEMS08,133,15309,17037,0.8196705363233603,0.0164177747783458,0.5257788,0.1706996,0.5861974,0.2311182
PEMS08,133,15117,15693,0.8195951182642655,-0.1574589831450098,0.8748965,0.281538,0.38129425,0.7751403
PEMS08,22,14413,15117,0.8194171967833965,-0.0279462928768433,0.17169857,2.1593494,0.30536556,2.0256824
PEMS08,0,15117,15693,0.8187887851738704,0.284937419963182,1.0304017,1.2849541,0.6787677,0.93332005
PEMS08,156,14285,14861,0.8187493911996353,-0.0284317410791781,0.12557316,0.21128225,0.17097425,0.50782967
PEMS08,28,17421,17677,0.8186280422391372,0.0858516591830872,0.17941475,0.24341011,0.122234344,0.30059052
PEMS08,29,14413,16717,0.81862428596778,0.1051573155462091,0.08939028,0.13501596,0.21937752,0.0050287247
PEMS08,31,15565,17037,0.8181883684604085,-0.1917796756847876,0.24355268,0.9296994,0.2738948,0.8993573
PEMS08,28,15053,15821,0.8181705088420725,0.2900417890746869,1.0387602,0.9111533,0.8122778,0.6846709
PEMS08,92,14285,16205,0.8181343929088861,0.099663660602583,0.19276905,1.2503567,0.38787413,1.4454618
PEMS08,110,15885,17613,0.8181160961161379,-0.1483248488199347,1.1110659,0.0667572,1.0778418,0.033533096
PEMS08,82,15117,15693,0.8180982991866417,-0.1251029112838461,0.90798235,0.4708166,1.076448,0.6392822
PEMS08,41,14861,16589,0.8180788120139875,0.027630141865712,0.07418108,0.27247763,0.019388199,0.21768475
PEMS08,6,15373,16013,0.8171511023713507,0.0191316620547541,0.66260195,0.032580853,0.46055555,0.16946554
PEMS08,5,15181,17357,0.8170269466936324,-0.0497162325477177,1.8299985,0.5756936,1.3984218,0.14411688
PEMS08,87,15117,15693,0.8166594374957191,-0.0536079539157154,0.07724476,0.05801058,0.3012252,0.16596985
PEMS08,13,15117,15629,0.8161651459853373,0.1950393577440555,0.70305777,0.17185688,0.3234253,0.2077756
PEMS08,120,14413,16717,0.8159965533333804,0.1964127823002802,0.5470991,0.40035248,0.17456007,0.027813435
PEMS08,78,14861,15437,0.8150861807880055,0.2362574219830728,0.023535252,0.7618289,0.03766346,0.7006302
PEMS08,114,15245,16717,0.8150697658158181,-0.1879518996220816,0.5630727,0.18279505,0.43551636,0.31035137
PEMS08,143,15117,16397,0.8149731103469148,0.0613631519957091,2.0481725,0.8723879,1.9249697,0.7491851
PEMS08,14,15949,17101,0.8149115496503521,0.1969383925597338,0.42450953,1.0140386,0.22008324,0.8096123
PEMS08,6,15693,16525,0.8145272852978187,-0.1184552515869037,0.33199978,1.2043867,0.2997384,0.5726485
PEMS08,147,15949,17101,0.8135264277125842,-0.046109423042223,0.26720762,0.08828497,0.083661556,0.2625842
PEMS08,96,14413,15949,0.8133698657637095,-0.1900042591461978,0.3747568,1.4603782,0.29875517,1.3843765
PEMS08,26,16589,17165,0.8130915094033871,0.0527928739416813,0.4392972,0.13368416,0.27799273,0.29498863
PEMS08,47,15757,16269,0.8129623332143324,0.0962696714091045,1.6700034,0.14709473,1.8646083,0.3416996
PEMS08,163,15053,15181,0.8127563230402972,0.0135066877505385,0.031630516,0.84104395,0.085614204,0.7237992
PEMS08,67,15437,16013,0.8125460160649217,0.1933851701591323,0.1828475,0.31360483,0.1711111,0.040353775
PEMS08,33,14541,15117,0.8123398950770553,-0.0716219427610146,0.618525,0.0730567,0.45412493,0.0913434
PEMS08,6,14861,16333,0.8121820166492395,-0.0631603400072608,0.2844963,0.53555155,0.3203683,0.57142353
PEMS08,158,15309,15693,0.8121297832707995,0.1226676629833165,0.93877745,0.07745075,0.6069889,0.2543378
PEMS08,148,15949,17101,0.8120309767923326,0.2979014581302834,0.15329504,0.69851875,0.37365484,0.47815895
PEMS08,20,14797,17037,0.8119707816339087,-0.0526484157851558,1.3444915,0.27043533,1.3135104,0.23945427
PEMS08,3,15885,16205,0.8115050288001431,0.0257873402285887,0.16622496,0.8184786,0.29088736,0.36136627
PEMS08,88,14541,15757,0.811289027931622,0.0716606530749853,1.1703959,1.5257974,0.93623924,1.2916408
PEMS08,11,15117,16845,0.8111784819681838,0.0616253020645443,1.0182524,1.3936272,1.046927,1.4223018
PEMS08,20,16269,17421,0.811177026091757,0.0318672304306658,0.5104103,0.38924885,0.6542716,0.24538755
PEMS08,89,16269,17421,0.8111300413686416,0.1114551113658552,0.31586695,0.16597176,0.35317707,0.20328188
PEMS08,71,15373,17101,0.8109470080595617,-0.0171399689185246,0.519228,0.47176313,0.17336607,0.81762505
PEMS08,36,15309,16845,0.8108675472792888,0.2293174037182402,0.47095633,1.5484896,0.22573662,1.3032699
PEMS08,47,14541,14797,0.8107839229381847,0.0420497308869161,0.264956,1.6282024,0.40845013,1.7716966
PEMS08,137,15565,15693,0.810412272991025,0.0021218932981312,0.32528067,1.4178324,0.502965,1.2401481
PEMS08,130,15949,16269,0.8100452047016893,0.1405565008612419,0.5005574,0.2341876,0.30343056,0.037060738
PEMS08,36,17037,17677,0.8090821614748751,-0.135101184517101,0.6027827,0.1591444,0.84432745,0.08240032
PEMS08,130,15117,15693,0.8078183682594762,0.1539165452654655,0.30079937,0.3589816,0.63449144,0.025289536
PEMS08,40,14605,16397,0.8075152929965591,-0.0120020786257298,1.7758021,0.3386159,1.6615486,0.22436237
PEMS08,108,17101,17293,0.8074797642852379,0.0837639880178541,0.6529393,1.3304625,0.6310859,1.308609
PEMS08,27,16845,17421,0.8073512503886082,-0.0478835730068418,1.633913,0.014722824,1.0627031,0.58593273
PEMS08,45,14989,15053,0.8072394138229364,0.0581635185120192,0.75308895,1.5409622,0.93941736,1.7272906
PEMS08,96,14349,16589,0.8069846856870468,-0.1556411683444001,1.0942144,1.0300303,0.65886974,0.59468555
PEMS08,39,14541,15949,0.8063496155190595,-0.1420937276016022,0.0046081543,0.20372677,0.028954983,0.2372899
PEMS08,163,17421,17613,0.8060327867140786,0.0334543184970906,1.2415943,0.19061232,1.0933342,0.33887243
PEMS08,96,15373,17101,0.8059578179418849,-0.0619477640530635,0.047283173,0.30603647,0.2437005,0.10961914
PEMS08,156,14477,17421,0.8053668867453891,0.074510273245633,1.0354233,0.2296567,0.7025957,0.56248426
PEMS08,23,14797,15309,0.8049981842604237,0.0522051842575988,1.5084219,0.13140535,1.4918966,0.114880085
PEMS08,41,16717,17357,0.8049857277919702,-0.2100087003938496,0.32293844,1.0250974,0.32406378,1.0262227
PEMS08,168,14797,15309,0.8044957375602072,-0.1028241294474441,0.45357275,0.5716996,0.60480976,0.4204626
PEMS08,24,14797,15693,0.8042629344929245,-0.1320796727768239,0.6732273,1.592649,0.2413373,1.160759
PEMS08,158,14285,16333,0.8034901831250834,0.003626741111537,0.14021158,0.028740406,0.31610298,0.2046318
PEMS08,66,16269,16525,0.8029982309265092,0.0562569202283053,0.30101442,0.039011,0.08233881,0.17966461
PEMS08,44,15373,15693,0.8014978471436501,-0.0163208556055582,0.2366519,0.51494694,0.28912926,0.010834217
PEMS08,OT,14285,16589,0.8013123952717319,-0.0830352412490917,0.0778327,0.10468912,0.021515846,0.16100597
PEMS08,59,14285,16269,0.8010100868304222,0.2756325836990828,0.076277256,0.31111622,0.37420273,0.7615962
PEMS08,168,15629,16205,0.8007694310465772,0.2959330666483338,0.10258818,0.1986661,0.07907152,0.17514944
PEMS08,26,14541,15117,0.8000881990351326,-0.2522219936878844,0.24976921,0.64185953,0.24879408,0.64283466
