channel,start_i,start_j,trend_corr,residual_corr
pred_w_speed,38939,44379,0.823261848257463,-0.07809531560854296
pred_w_speed,38939,46107,0.8351316084424892,-0.01985847331536815
pred_w_speed,39003,41371,0.8744604210114839,0.1842444496789978
pred_w_speed,39003,44443,0.9151433399033039,0.2287762599173916
pred_w_speed,39131,41243,0.8154748257306585,0.22018306955884606
pred_w_speed,39131,43355,0.8359282690391928,0.1435394078821737
pred_w_speed,39131,45659,0.8370692336282588,0.21150308942380236
pred_w_speed,39131,46363,0.8873117673470416,0.12009233755661097
pred_w_speed,39131,48539,0.8673029793820473,-0.27608715433552566
pred_w_speed,39195,39323,0.8598761710721969,0.11950301981151462
pred_w_speed,39195,40731,0.8947083710888936,0.29068026477584546
pred_w_speed,39195,40923,0.8256341939963092,0.28674976344707787
pred_w_speed,39195,41499,0.8005396241407429,0.10582361663836555
pred_w_speed,39195,42843,0.9367510252493683,0.2973904320257087
pred_w_speed,39195,43611,0.8540756798999122,0.1786749711802295
pred_w_speed,39195,43931,0.9103223804369448,-0.23955663284662088
pred_w_speed,39195,44507,0.8340580384318494,-0.01706419081766245
pred_w_speed,39195,44955,0.8667502046113909,0.2779545568554567
pred_w_speed,39195,45147,0.9638546843504743,0.23842875097866265
pred_w_speed,39195,45723,0.8047451269732091,-0.20480001928466468
pred_w_speed,39195,45851,0.8416913804475974,0.11103600087316337
pred_w_speed,39195,46811,0.8349983621023622,0.11934892272544646
pred_w_speed,39195,47451,0.8537716890473024,0.12003726860861709
pred_w_speed,39195,48219,0.8786308622296829,0.0806334858457401
pred_w_speed,39195,48475,0.8527367694243271,-0.05842171271681063
pred_w_speed,39195,48603,0.864361756003033,0.13604672569107132
pred_w_speed,39259,39707,0.914874574429975,-0.2409847909714728
pred_w_speed,39259,39835,0.8456967084806238,0.20959320826442893
pred_w_speed,39259,39963,0.8932754737574481,-0.2853019309338151
pred_w_speed,39259,40027,0.8620359249128483,-0.6716625555331928
pred_w_speed,39259,40283,0.8401567104440105,-0.38421948815223195
pred_w_speed,39259,40795,0.9728656631148638,-0.09276018785882258
pred_w_speed,39259,40987,0.9157291185467813,-0.5711923953902169
pred_w_speed,39259,41243,0.9185235199206776,-0.36221084076926163
pred_w_speed,39259,42459,0.8931076717729567,-0.43306525472662794
pred_w_speed,39259,42907,0.8965921951344824,-0.18408693348708705
pred_w_speed,39259,43227,0.9850809857340627,0.11614108268172044
pred_w_speed,39259,43803,0.8415494956441505,-0.26579565904233643
pred_w_speed,39259,43867,0.8293447321033227,0.072867397335028
pred_w_speed,39259,43995,0.8589030942547597,-0.1920650225587787
pred_w_speed,39259,45659,0.878447927297569,-0.19264296954221893
pred_w_speed,39259,45979,0.8587870667818717,0.015588789157101088
pred_w_speed,39259,46427,0.9036551103882269,-0.09049632877378654
pred_w_speed,39259,47131,0.849965314854896,0.06216833045890965
pred_w_speed,39259,47387,0.9341852598188272,0.03903022776953604
pred_w_speed,39259,47963,0.9420666967406786,-0.17485628129296438
pred_w_speed,39323,39771,0.8168496547730931,-0.2756805242457824
pred_w_speed,39323,40539,0.8077267501043401,0.21290727863517256
pred_w_speed,39323,40731,0.8821327351268808,0.10401779528073851
pred_w_speed,39323,40923,0.9090937227466429,0.23761310084877613
pred_w_speed,39323,41691,0.871457171206924,0.03568446422982721
pred_w_speed,39323,42267,0.8081680424321672,-0.15303345356081727
pred_w_speed,39323,42651,0.9279714994757646,0.17784237661629884
pred_w_speed,39323,42843,0.9553721702145498,0.1769410062647727
pred_w_speed,39323,43611,0.9318937212986124,-0.018805560790460998
pred_w_speed,39323,43931,0.8078495746868722,-0.5563398905742301
pred_w_speed,39323,44507,0.8564361970131659,-0.6492423445187766
pred_w_speed,39323,44955,0.9338527465880033,-0.19702607810213704
pred_w_speed,39323,45723,0.8171654034814991,-0.4283860398947684
pred_w_speed,39323,46491,0.8132015199840763,0.16585215012949198
pred_w_speed,39323,46811,0.881291456456204,0.06514736503953357
pred_w_speed,39323,47067,0.8907912557483766,-0.26513607922096194
pred_w_speed,39323,47451,0.9162751854694157,-0.3768586745853815
pred_w_speed,39323,48219,0.9651120774148177,-0.2156473995127052
pred_w_speed,39323,48475,0.8494949967272664,-0.060452574682970404
pred_w_speed,39323,48603,0.9253484672967653,-0.04010145929441286
pred_w_speed,39387,39835,0.9460725857812856,0.04719221951901634
pred_w_speed,39387,39963,0.8363541301417537,0.15522532393765162
pred_w_speed,39387,40027,0.8097101805721286,0.13372186160448654
pred_w_speed,39387,40283,0.9637449778247191,-0.04193430091708245
pred_w_speed,39387,40475,0.8775320652508695,0.08302446305272367
pred_w_speed,39387,41563,0.9680790805435027,-0.15025561015371733
pred_w_speed,39387,42331,0.8336616591601591,0.06360614965539985
pred_w_speed,39387,42459,0.9093139482023475,0.029408109612199872
pred_w_speed,39387,42715,0.9393086769410233,-0.20285041124469558
pred_w_speed,39387,42907,0.9633721607668434,0.15149720970995426
pred_w_speed,39387,43227,0.8211512867552319,-0.32469737094617723
pred_w_speed,39387,43483,0.9836277803697759,-0.14571385829030475
pred_w_speed,39387,43675,0.9934863574904552,0.23272617065819914
pred_w_speed,39387,44635,0.9098382814084864,0.05195506903612446
pred_w_speed,39387,44763,0.9696001380805559,-0.25916873339091406
pred_w_speed,39387,44827,0.8437688293492086,0.13573397513598823
pred_w_speed,39387,45019,0.894126931170862,-0.008256765689059578
pred_w_speed,39387,45211,0.9576271892257887,0.013531136129810382
pred_w_speed,39387,45403,0.9213619947060556,0.10120960626800295
pred_w_speed,39387,47387,0.8296479865775551,-0.43712722540747956
pred_w_speed,39387,47515,0.9898080537529219,0.1830098969446095
pred_w_speed,39387,47963,0.839262775884452,-0.26158999272286004
pred_w_speed,39387,48283,0.9416877221114098,0.1121352816383929
pred_w_speed,39579,39771,0.8269023884535924,0.13101938841190663
pred_w_speed,39579,41883,0.8444651669271163,-0.03746151909840257
pred_w_speed,39579,43739,0.9132622059710986,-0.045183307056343956
pred_w_speed,39579,43931,0.8065464634961261,0.15771652590923105
pred_w_speed,39579,44507,0.8086407618159754,0.20169409354415202
pred_w_speed,39579,45083,0.910287979175511,0.06098034283291848
pred_w_speed,39643,42203,0.916781164025908,0.08661245525785499
pred_w_speed,39643,44251,0.8466900809345295,0.2915058771530115
pred_w_speed,39643,45595,0.8492167198718268,0.2951177154443201
pred_w_speed,39707,39963,0.8706998201375181,0.07858541697001012
pred_w_speed,39707,40795,0.9153987480710407,-0.08425643282345727
pred_w_speed,39707,41563,0.8525627491740534,0.012128847489649534
pred_w_speed,39707,42459,0.886305131369895,0.006582421420073182
pred_w_speed,39707,42907,0.8980629277162717,0.09083788146826756
pred_w_speed,39707,43227,0.9381418906642579,0.06370288948493152
pred_w_speed,39707,43483,0.8519941382195296,0.08092461609683785
pred_w_speed,39707,43995,0.812410545565349,0.03686822968839119
pred_w_speed,39707,44827,0.8575717695247391,-0.19908209061152699
pred_w_speed,39707,45339,0.8261087876844874,-0.3258185117520604
pred_w_speed,39707,46555,0.86049124793922,0.2676081661011437
pred_w_speed,39707,47131,0.8067064040496867,-0.1849302566103608
pred_w_speed,39707,47387,0.9165601863279966,0.09646129882663089
pred_w_speed,39707,47963,0.8151154517611242,-0.021947071119545674
pred_w_speed,39771,40091,0.870974739346389,0.19843404981352925
pred_w_speed,39771,40923,0.9712497076359523,-0.16100261160445775
pred_w_speed,39771,41691,0.9193740007604435,0.12148840857796876
pred_w_speed,39771,42651,0.9114655469864142,0.2217396318408649
pred_w_speed,39771,43611,0.945792031850467,-0.031091033810354038
pred_w_speed,39771,43739,0.8547794305857747,0.2490250434646823
pred_w_speed,39771,43931,0.8761880116523036,0.255517146102805
pred_w_speed,39771,44187,0.8402439683338916,-0.11000046823149816
pred_w_speed,39771,44507,0.9658295591888676,-0.08149135630080111
pred_w_speed,39771,44699,0.9767465405838395,-0.0387615640342566
pred_w_speed,39771,44891,0.860227673459875,-0.022833984609041298
pred_w_speed,39771,44955,0.8428416237172554,-0.12833340570188823
pred_w_speed,39771,45083,0.876218012881204,-0.2153199200006121
pred_w_speed,39771,45851,0.8455736388407917,-0.41539869353247927
pred_w_speed,39771,46491,0.9325674710754068,-0.23139140200775024
pred_w_speed,39771,46811,0.956334393467979,-0.3467924148920707
pred_w_speed,39771,47451,0.9702743347321524,0.21823628693880634
pred_w_speed,39771,47643,0.8351093956325035,-0.04097483235807006
pred_w_speed,39771,48155,0.8105507327946353,0.1255619677085446
pred_w_speed,39771,48219,0.8212541121325698,-0.12014889394255854
pred_w_speed,39771,48411,0.835517857597765,0.26279137764499666
pred_w_speed,39771,48603,0.8849674360163161,-0.0006882112590741393
pred_w_speed,39835,39963,0.8390555087200605,0.1877198457572994
pred_w_speed,39835,40283,0.9705037847213372,-0.06501161272534806
pred_w_speed,39835,40987,0.8418224474423923,0.18572024858743988
pred_w_speed,39835,41563,0.947023567618773,0.18246462273909048
pred_w_speed,39835,42459,0.888303220066702,-0.04715593257605209
pred_w_speed,39835,42715,0.8280661232725037,-0.30761083055009886
pred_w_speed,39835,43483,0.9624115060756635,-0.17603414871155712
pred_w_speed,39835,43675,0.9593186516323065,0.06868124085452117
pred_w_speed,39835,43803,0.8645508099911973,-0.055118806003454514
pred_w_speed,39835,43995,0.9072775228566828,-0.509587625527946
pred_w_speed,39835,44635,0.8593490634287779,-0.3042685295503057
pred_w_speed,39835,44763,0.9234216452826266,-0.2381098952287239
pred_w_speed,39835,44827,0.9323816795420121,0.19993612595226856
pred_w_speed,39835,45211,0.9069480256040001,0.08915331688724756
pred_w_speed,39835,45403,0.9459043024374787,-0.07894305390704008
pred_w_speed,39835,45979,0.9404057026569068,0.1753483159814007
pred_w_speed,39835,46555,0.8540923616534203,-0.343692131672213
pred_w_speed,39835,47131,0.9777914818323421,0.17625680780022687
pred_w_speed,39835,47387,0.8730424097805718,-0.11197438468175208
pred_w_speed,39835,47515,0.9480359722811509,0.22705915871759885
pred_w_speed,39835,47771,0.8291884651015063,0.1814680049577024
pred_w_speed,39835,47963,0.921655800019268,-0.006730975626198166
pred_w_speed,39899,47003,0.8067877708086945,0.13008935948464842
pred_w_speed,39963,40283,0.8423289163689064,-0.09303140166003347
pred_w_speed,39963,40795,0.9362909502631853,0.1891140978800601
pred_w_speed,39963,40987,0.8362193574963247,0.23247068485175984
pred_w_speed,39963,41243,0.8439793185258508,0.146066819161994
pred_w_speed,39963,41563,0.8094085081947544,-0.362146845900828
pred_w_speed,39963,42459,0.9801098910603036,0.2695521825068031
pred_w_speed,39963,42715,0.8916380833179438,0.2778488739352914
pred_w_speed,39963,43227,0.9336896516095671,0.039922239627349226
pred_w_speed,39963,43483,0.8688702933413547,-0.3726252020165257
pred_w_speed,39963,43675,0.8346695059764917,0.13917429432630832
pred_w_speed,39963,43803,0.8036234919679693,-0.05647352269131513
pred_w_speed,39963,43995,0.9153971013228029,0.14335369537456638
pred_w_speed,39963,44827,0.8735851316686948,-0.3274003118273467
pred_w_speed,39963,45339,0.8586430356536248,0.04871094357678543
pred_w_speed,39963,45979,0.9529031578987153,0.2690684719236116
pred_w_speed,39963,47131,0.8896879834873745,0.19051439083329597
pred_w_speed,39963,47963,0.8305731864256759,-0.36601375859030294
pred_w_speed,40027,41435,0.8014063666653531,0.057851048086844936
pred_w_speed,40027,41563,0.8112770049060154,-0.7280821877053378
pred_w_speed,40027,42459,0.801988533788644,0.271727257525008
pred_w_speed,40027,43227,0.859306852286006,0.2686275567064188
pred_w_speed,40027,43483,0.8704378095760674,-0.40518073946082556
pred_w_speed,40027,43675,0.8479302548157305,-0.023073847862630895
pred_w_speed,40027,43995,0.8633329239952694,-0.032564555660909246
pred_w_speed,40027,44763,0.8415274495931686,-0.13857278900790695
pred_w_speed,40027,44827,0.951037053145911,-0.4438065169061613
pred_w_speed,40027,45339,0.94114369512056,-0.014889282709430235
pred_w_speed,40027,45979,0.8465016948617979,0.08192339643911166
pred_w_speed,40027,47131,0.8918593644723417,0.06278763068547225
pred_w_speed,40027,47387,0.8683387037511282,-0.03913137417841868
pred_w_speed,40027,47771,0.8994594143507005,0.10416583993089801
pred_w_speed,40027,47963,0.9707385980963404,0.2092697250502466
pred_w_speed,40027,48283,0.9227389769905756,0.2758526372306883
pred_w_speed,40091,40667,0.8922555839082381,-0.25577782085607764
pred_w_speed,40091,41883,0.8539862660842923,0.10443765659280775
pred_w_speed,40091,43739,0.8682088067693311,-0.11118309371987523
pred_w_speed,40091,45083,0.873078602823057,-0.051407271766397145
pred_w_speed,40091,46299,0.8160494352825483,0.2649465399414253
pred_w_speed,40091,47835,0.9037400631993631,0.17524583747110337
pred_w_speed,40091,48411,0.8714118096543118,-0.03804976438290166
pred_w_speed,40219,40667,0.943000121115702,0.011376893640993856
pred_w_speed,40219,45467,0.8901510607815597,0.14854069127631747
pred_w_speed,40219,46619,0.8432071183200857,0.1209076083383127
pred_w_speed,40219,47835,0.8668806886723908,-0.21196569377512925
pred_w_speed,40219,48027,0.9674868815582404,0.1364614619170276
pred_w_speed,40219,48411,0.8586031657995201,0.11814349928065453
pred_w_speed,40283,40475,0.8320075993051351,-0.4194709700081292
pred_w_speed,40283,40795,0.8126743876274626,-0.26740369915842427
pred_w_speed,40283,40987,0.8491624487227288,0.23109119531416655
pred_w_speed,40283,41563,0.9381090439297944,-0.294872159801361
pred_w_speed,40283,42459,0.9124109460484681,0.26993316934257466
pred_w_speed,40283,42715,0.8648978186194659,0.14258567975060488
pred_w_speed,40283,42907,0.960687935767326,0.19737676325186285
pred_w_speed,40283,43227,0.8717059984339857,0.17596061088751822
pred_w_speed,40283,43483,0.9824782392982047,0.2547054488478921
pred_w_speed,40283,43675,0.9808567808979729,0.09787401105632987
pred_w_speed,40283,43803,0.8755918092870694,-0.15157217845375737
pred_w_speed,40283,44635,0.8917416851190195,0.25795778181008844
pred_w_speed,40283,44827,0.9304577853339774,0.03179265418106911
pred_w_speed,40283,45339,0.9742018970574058,-0.12506711103529541
pred_w_speed,40283,45979,0.9475110314246576,-0.06274255099499418
pred_w_speed,40283,46555,0.9068774843403132,-0.24241447643081543
pred_w_speed,40283,46747,0.803046436334812,0.13623422344788202
pred_w_speed,40283,47131,0.990175425951034,-0.0486069635974789
pred_w_speed,40283,47515,0.9619022933115978,-0.05594853573659317
pred_w_speed,40283,48283,0.9771937255195696,-0.08832516151985505
pred_w_speed,40347,41307,0.8948267734418242,0.060573015412043865
pred_w_speed,40347,41755,0.913223487631347,-0.1399621648984737
pred_w_speed,40347,46043,0.851416885420142,-0.1846170504814339
pred_w_speed,40411,42843,0.8579111954440576,0.24765904243924194
pred_w_speed,40411,43931,0.8285352885877832,-0.27859664887980073
pred_w_speed,40411,44507,0.8318078020486963,0.16622296290647864
pred_w_speed,40411,47067,0.9322448648671887,0.24331593420189365
pred_w_speed,40411,48219,0.8590409182901376,0.28602706378400505
pred_w_speed,40411,48603,0.868748755222647,0.12867355456775106
pred_w_speed,40475,42459,0.8827466839754253,0.0992329633069348
pred_w_speed,40475,42715,0.8450384834289985,-0.1794567263879759
pred_w_speed,40475,42907,0.8526866814485189,0.10635783645572124
pred_w_speed,40475,43483,0.8396132491555819,-0.12674380257056542
pred_w_speed,40475,43675,0.8895562961844173,0.28451756002208667
pred_w_speed,40475,43995,0.8554001647465228,-0.2161643063541803
pred_w_speed,40475,45211,0.8449890443056987,-0.15890709663406113
pred_w_speed,40475,45979,0.9303948532353744,0.21454866692140787
pred_w_speed,40475,47131,0.8817875834743631,0.16871431669052236
pred_w_speed,40475,48283,0.8137908691974924,0.2864047499134609
pred_w_speed,40539,41499,0.9182205349844934,-0.00036300404602221365
pred_w_speed,40539,42843,0.8172645287767499,0.14320381407456242
pred_w_speed,40539,45531,0.8636486325250093,-0.018720569647128864
pred_w_speed,40539,48475,0.8358273581029997,0.07654040343738866
pred_w_speed,40667,42971,0.8277785178859915,-0.030756548331276334
pred_w_speed,40667,45467,0.8906965625744236,-0.04810344497051737
pred_w_speed,40667,46299,0.9187330005605667,-0.004612717996316191
pred_w_speed,40667,47643,0.9105010893481933,-0.19146167662011498
pred_w_speed,40667,47835,0.8737751870871183,0.2721580949243128
pred_w_speed,40667,48027,0.8486950446321221,-0.17622488140730005
pred_w_speed,40731,42651,0.8213292202284502,-0.09951705648634092
pred_w_speed,40731,43611,0.8451344251144218,0.23157201260329646
pred_w_speed,40731,43931,0.8111294617114101,0.1495960956393432
pred_w_speed,40731,45147,0.8428256919401778,0.1338604273576221
pred_w_speed,40731,46939,0.9049960223436329,0.26299369230876757
pred_w_speed,40731,47451,0.8056462487150933,0.0777062235012533
pred_w_speed,40795,41243,0.9421846591303726,0.23530141485888506
pred_w_speed,40795,42459,0.9289778264537373,0.29175271363168487
pred_w_speed,40795,42907,0.8823465484413423,-0.06248547552552334
pred_w_speed,40795,43227,0.9693956435889575,-0.09166605001523186
pred_w_speed,40795,43483,0.8289042197153256,-0.1913072865476791
pred_w_speed,40795,43803,0.8062196874136661,-0.14787916703104784
pred_w_speed,40795,43867,0.8430176172028035,-0.23936114915390722
pred_w_speed,40795,43995,0.8846443664181242,0.1306201190906793
pred_w_speed,40795,44827,0.9214844973879042,-0.36275189312426914
pred_w_speed,40795,45339,0.8459393519252553,-0.4619284116662749
pred_w_speed,40795,45979,0.8696235781790688,-0.129744127465713
pred_w_speed,40795,46363,0.8032896571812049,-0.3149318822575232
pred_w_speed,40795,46427,0.8681739696537869,-0.2529355890130474
pred_w_speed,40795,47131,0.829748532736797,-0.28889898172258516
pred_w_speed,40795,47387,0.8739701442080887,-0.19444335040832428
pred_w_speed,40795,47963,0.8978655664063595,-0.25195147843012927
pred_w_speed,40859,41819,0.8423956558326342,-0.15389346060377926
pred_w_speed,40859,44123,0.9113826074791415,-0.26541220836191987
pred_w_speed,40859,46235,0.8492184231718873,-0.2543165565766232
pred_w_speed,40859,46363,0.9175198864802812,0.297215879205257
pred_w_speed,40859,46427,0.8155635622853009,-0.0847187976627345
pred_w_speed,40859,46619,0.801066977872,0.11186633770525137
pred_w_speed,40859,46683,0.8478785061236203,0.2209654063542012
pred_w_speed,40859,48347,0.8524889728887926,-0.41147929876543454
pred_w_speed,40923,41691,0.9384346433720753,-0.11382409263154204
pred_w_speed,40923,42267,0.8104465383733896,-0.26437758841165926
pred_w_speed,40923,42651,0.9497495795093879,-0.3636924729896208
pred_w_speed,40923,42843,0.8328963073869629,0.15794261912481963
pred_w_speed,40923,43611,0.9931493922201622,0.008381507779964024
pred_w_speed,40923,43931,0.9033974878971103,-0.0238256055770614
pred_w_speed,40923,44891,0.8496942545820059,-0.40082573444959196
pred_w_speed,40923,44955,0.9370681366892607,0.2162838602212387
pred_w_speed,40923,45147,0.8398833368223452,0.19283858227168169
pred_w_speed,40923,45723,0.896343798622137,-0.3321938047477702
pred_w_speed,40923,47067,0.8655412960481509,-0.005415315583326841
pred_w_speed,40923,47451,0.9942284234566358,0.1575062746192467
pred_w_speed,40923,48155,0.8694478147031723,0.13844386055479194
pred_w_speed,40923,48411,0.8077950132951223,-0.2892858272962911
pred_w_speed,40923,48603,0.9553351138629872,-0.07294410351527857
pred_w_speed,40987,42459,0.845428254978345,0.24119040534457878
pred_w_speed,40987,43227,0.9053116907311332,0.25984311773212143
pred_w_speed,40987,43995,0.8581660961528746,0.025920277522695153
pred_w_speed,40987,44827,0.9400594542315387,-0.5068359044529392
pred_w_speed,40987,45339,0.8735084578404768,-0.05879356484227531
pred_w_speed,40987,45659,0.8628594593966975,-0.12365610643682746
pred_w_speed,40987,45979,0.8541676727796913,0.008863998280918313
pred_w_speed,40987,46363,0.8039805269303544,-0.3282601486936104
pred_w_speed,40987,47131,0.8325629347737143,-0.12886195900845665
pred_w_speed,40987,47387,0.8173094385497536,0.01625549463692097
pred_w_speed,40987,47579,0.825599352868398,0.15425864206167195
pred_w_speed,40987,47963,0.9454660099236515,0.15877793722166325
pred_w_speed,41051,44123,0.8474146401290036,0.1665427343108684
pred_w_speed,41051,47003,0.8307151379169231,0.24730932092256555
pred_w_speed,41051,48027,0.8160351667876173,0.20496849947284632
pred_w_speed,41115,41307,0.8297702825388563,0.03711246630485486
pred_w_speed,41115,41755,0.844113195798431,-0.16067231755391193
pred_w_speed,41115,44443,0.8090520688637036,-0.14094794442024985
pred_w_speed,41115,46043,0.87722127730137,-0.07665771307218852
pred_w_speed,41179,42843,0.8383584413738868,-0.08059531774176662
pred_w_speed,41243,42459,0.8365231690342795,0.25532129726677294
pred_w_speed,41243,42907,0.8105082085886309,-0.05962161180561712
pred_w_speed,41243,43227,0.9097462042382348,-0.1418820420546463
pred_w_speed,41243,43803,0.8448525869757195,0.08029090975074403
pred_w_speed,41243,44379,0.8652776555574454,0.07353931404458035
pred_w_speed,41243,44827,0.8266872330733677,-0.3049260304151345
pred_w_speed,41243,45659,0.8399723002290069,0.24732114907690655
pred_w_speed,41243,46427,0.8433867021607261,0.11034068200892232
pred_w_speed,41243,48539,0.8411150288169725,-0.0363224262221324
pred_w_speed,41307,43099,0.8119445740747344,0.18731559842146872
pred_w_speed,41371,41947,0.8896210412505415,-0.10686806434700413
pred_w_speed,41371,47259,0.8194055573512603,0.006132759364592046
pred_w_speed,41435,44763,0.8140476911984915,0.17136873473733655
pred_w_speed,41435,45019,0.856791636427926,0.06012488735357908
pred_w_speed,41435,45403,0.8794292397692882,0.14962203047487968
pred_w_speed,41435,46747,0.9342348758362861,0.20922803988202712
pred_w_speed,41435,47771,0.8921900322125197,-0.23652598391370835
pred_w_speed,41435,48283,0.8390406432059616,-0.08758567192123966
pred_w_speed,41499,47067,0.8513723620179225,-0.09590566083016601
pred_w_speed,41499,47899,0.8375462647125328,0.24263578681016207
pred_w_speed,41499,48219,0.9165922520351303,0.25423264619852065
pred_w_speed,41499,48475,0.9488962786941486,0.184059453378468
pred_w_speed,41499,48603,0.8311985303694837,0.2153928573096392
pred_w_speed,41563,42459,0.8762465268675025,-0.3495527655457258
pred_w_speed,41563,42715,0.9145334462289816,-0.29092922610973476
pred_w_speed,41563,42907,0.962427615347233,-0.1787843532218538
pred_w_speed,41563,43227,0.8580881495426325,0.03092617052270527
pred_w_speed,41563,43675,0.9521035374685572,0.0030766053895357505
pred_w_speed,41563,43803,0.9580897722623034,-0.06775458140041242
pred_w_speed,41563,43995,0.8835996544136132,-0.38721859444259576
pred_w_speed,41563,44763,0.9541601924825273,0.21334771355767168
pred_w_speed,41563,45019,0.8693064064307203,-0.4295781087961601
pred_w_speed,41563,45211,0.9184542594935559,0.23654709374534105
pred_w_speed,41563,45339,0.9484551465408326,0.1975381795088483
pred_w_speed,41563,45403,0.8992244040881329,-0.2472591476341239
pred_w_speed,41563,45979,0.8911329284262455,-0.24669372786505964
pred_w_speed,41563,47131,0.9541006733305252,-0.15519095972520294
pred_w_speed,41563,47387,0.9061127803539974,0.13086866014334278
pred_w_speed,41563,47515,0.9439298034205149,-0.4213943046339361
pred_w_speed,41563,47963,0.8590676978453385,-0.09129508866341711
pred_w_speed,41563,48283,0.9186493148389796,0.05901167950839242
pred_w_speed,41627,42011,0.9313977488347297,0.28787844433094534
pred_w_speed,41627,42075,0.8679913075189643,0.22833435963812726
pred_w_speed,41627,46875,0.8415448612542915,0.07906141079250067
pred_w_speed,41627,48411,0.8118846189337281,0.06901877970586803
pred_w_speed,41691,42267,0.8597890904211902,0.2919133093593059
pred_w_speed,41691,43611,0.9341457708205504,0.08492787014792275
pred_w_speed,41691,44507,0.9020031548863773,-0.10948659184521574
pred_w_speed,41691,44699,0.8547307194515902,-0.06779999587241312
pred_w_speed,41691,44891,0.9226157932972074,0.2506132460423624
pred_w_speed,41691,44955,0.8805091605097852,-0.00462282378481183
pred_w_speed,41691,45851,0.896068698005954,0.043722185870257606
pred_w_speed,41691,46491,0.96695614623944,-0.05150177660672972
pred_w_speed,41691,46811,0.8824348161464706,-0.30183242284049366
pred_w_speed,41691,46939,0.8397365312421967,0.21152522348281677
pred_w_speed,41691,47451,0.923514866993613,0.18689674532436606
pred_w_speed,41691,48155,0.9651637640597898,0.2300604241298977
pred_w_speed,41691,48219,0.874343387795886,0.21679758650183356
pred_w_speed,41691,48603,0.9028744535662896,0.15721743654420384
pred_w_speed,41819,42971,0.8620017804854936,0.12062801069114505
pred_w_speed,41819,43355,0.8108454432527707,0.12787877781417362
pred_w_speed,41819,43547,0.9112626034871062,-0.21638811823965318
pred_w_speed,41819,44123,0.9449824896836666,0.14038857017075448
pred_w_speed,41819,48539,0.8594323421789712,-0.3562354148493529
pred_w_speed,41883,44699,0.9415303706262869,0.25498555976271536
pred_w_speed,41883,46811,0.8408704187892565,0.1940493084019582
pred_w_speed,41883,48027,0.8483000540631661,0.012212021619565219
pred_w_speed,41947,42331,0.9047671194918653,0.19779017919912323
pred_w_speed,41947,44635,0.8496385763334388,0.2831665999855213
pred_w_speed,41947,45211,0.8247516575549261,-0.011795156358833967
pred_w_speed,42011,48155,0.8527807994728337,-0.018722592547454675
pred_w_speed,42075,48155,0.8338827751726248,-0.06406156294199022
pred_w_speed,42139,46171,0.8731625891899675,0.09760720132804067
pred_w_speed,42203,43099,0.8324061348534048,0.2053371634792805
pred_w_speed,42203,47323,0.8571748909493191,0.20965148082484697
pred_w_speed,42267,42651,0.9015768324935931,0.17756104831805483
pred_w_speed,42267,43611,0.8497316358073467,0.17962398813393302
pred_w_speed,42267,44507,0.8265715487678734,0.055211141815602334
pred_w_speed,42267,45851,0.8656973496597691,-0.036454756373827606
pred_w_speed,42267,46939,0.9011705837135761,-0.2822404718345676
pred_w_speed,42267,47451,0.806602492028672,0.022040539793619342
pred_w_speed,42267,48155,0.9157746648679288,0.1445993879266028
pred_w_speed,42267,48219,0.9094859865211725,0.23892455525728595
pred_w_speed,42331,43099,0.9181409616156732,0.010272657528627905
pred_w_speed,42331,43675,0.8183446631537767,0.2899765858001639
pred_w_speed,42331,44635,0.8076636248687734,-0.18010487358183655
pred_w_speed,42331,45211,0.9144385320402724,0.15762525096498464
pred_w_speed,42331,47515,0.8566187994861205,0.14701192343193292
pred_w_speed,42395,43739,0.8735702652996057,0.17339932436267833
pred_w_speed,42395,44187,0.8117012659804392,0.21582712418147773
pred_w_speed,42459,42907,0.969506094803167,0.06466370255252701
pred_w_speed,42459,43227,0.9419100800527498,-0.004534839122676862
pred_w_speed,42459,43483,0.9373861140755069,-0.3320955744927078
pred_w_speed,42459,43675,0.9068035757471196,0.033011780825598726
pred_w_speed,42459,43803,0.8625541528324808,-0.028133756369643517
pred_w_speed,42459,44763,0.8442813413293788,0.1182012051700712
pred_w_speed,42459,44827,0.8986861127624051,0.02367035404209323
pred_w_speed,42459,45339,0.9021362293702143,-0.35278707570144396
pred_w_speed,42459,45403,0.8016179459683508,0.03804098618164844
pred_w_speed,42459,46555,0.8434704653538032,-0.44329485088377174
pred_w_speed,42459,47131,0.9435588369688271,0.07114866119264207
pred_w_speed,42459,47387,0.8408337838497068,-0.1485426880713959
pred_w_speed,42459,47515,0.8814842464717964,0.03571933966755967
pred_w_speed,42459,47963,0.8756528719278045,0.16906166038575038
pred_w_speed,42459,48283,0.827616077233837,-0.1315677391537981
pred_w_speed,42523,47003,0.8327131602142754,0.04465701573103627
pred_w_speed,42523,47579,0.8582319151519154,0.2553245021828061
pred_w_speed,42587,47771,0.8051765804697536,0.07609506436925208
pred_w_speed,42651,43611,0.96333060120766,-0.09650956489504942
pred_w_speed,42651,43931,0.812288587577137,-0.2966397404872903
pred_w_speed,42651,44507,0.9400781157985935,-0.27050094899870497
pred_w_speed,42651,44699,0.8369420993964111,-0.1559164546248658
pred_w_speed,42651,44891,0.8824801200281843,-0.0005922190486612741
pred_w_speed,42651,44955,0.9433991134684101,-0.0022723563671536375
pred_w_speed,42651,45147,0.8075566664153979,-0.2032367217165106
pred_w_speed,42651,45851,0.9211823624988353,-0.2538715981874272
pred_w_speed,42651,46491,0.8836576367947796,-0.5387595076406778
pred_w_speed,42651,46811,0.8891195942381913,-0.6986208357567717
pred_w_speed,42651,46939,0.9004463286667889,0.25468529816591007
pred_w_speed,42651,47067,0.8545561670165197,0.22926719314955593
pred_w_speed,42651,47451,0.9540245106441684,-0.18975713665120097
pred_w_speed,42651,48219,0.9491395080445423,-0.10449601250978688
pred_w_speed,42651,48603,0.9672992182082606,0.11369316790430584
pred_w_speed,42715,42907,0.9365113272154559,-0.037157500467065244
pred_w_speed,42715,43227,0.8254882788712042,-0.2619974943752934
pred_w_speed,42715,43483,0.9266567917112102,-0.3397859721201553
pred_w_speed,42715,43675,0.9098333296955514,-0.0508803440961506
pred_w_speed,42715,43803,0.9099268341579039,0.078089398814464
pred_w_speed,42715,43867,0.8376508915978144,0.14014338581157956
pred_w_speed,42715,43995,0.9048405986011349,0.22408161092800136
pred_w_speed,42715,44251,0.8370601143644799,-0.3068023658825558
pred_w_speed,42715,44763,0.8757055688994502,0.1760874460660465
pred_w_speed,42715,45211,0.8394420320529908,-0.1633055054494153
pred_w_speed,42715,45339,0.8344407790034671,-0.46097681298696386
pred_w_speed,42715,45979,0.9029194448637933,0.010968607628795465
pred_w_speed,42715,46555,0.9118086069949874,-0.37569810868774695
pred_w_speed,42715,47131,0.9064576406647399,-0.2513991561618306
pred_w_speed,42715,47515,0.9038300041680536,0.24122862628482686
pred_w_speed,42779,48091,0.826620209885164,0.025114441488509172
pred_w_speed,42779,48411,0.8184391388184102,0.16951101209143127
pred_w_speed,42843,43611,0.8757224721764165,0.02445796781434845
pred_w_speed,42843,43931,0.8413901016448609,-0.08166866607725458
pred_w_speed,42843,44507,0.8071384478747907,-0.03027689084756763
pred_w_speed,42843,45147,0.8633279755373695,-0.43525605831099634
pred_w_speed,42843,45851,0.9226094548134651,0.014553493457035008
pred_w_speed,42843,46811,0.8212648904225188,-0.22005506834911748
pred_w_speed,42843,47451,0.8568025447481371,-0.04754440410168314
pred_w_speed,42843,47899,0.8123916616669006,0.1444356252445203
pred_w_speed,42843,48475,0.9527437024183273,0.10792285333691841
pred_w_speed,42843,48603,0.9059162450893983,-0.05904711458919919
pred_w_speed,42907,43483,0.9877576478135762,0.18268069852219007
pred_w_speed,42907,43803,0.9369834454109298,0.26940488286616976
pred_w_speed,42907,43867,0.8025797578340864,-0.219842255443495
pred_w_speed,42907,43995,0.9540413915782587,-0.1810515625278854
pred_w_speed,42907,44635,0.8287022727868685,-0.36901858498413925
pred_w_speed,42907,44763,0.9221797344356772,-0.2112149842423579
pred_w_speed,42907,44827,0.9332902153581318,0.0062118512529097955
pred_w_speed,42907,45019,0.8750472648309563,0.2755714462653072
pred_w_speed,42907,45211,0.8642135614783094,-0.004302669405738833
pred_w_speed,42907,45339,0.9656065400045153,0.2825099588763344
pred_w_speed,42907,45403,0.8858758034926385,0.15004696139674645
pred_w_speed,42907,45979,0.9643085050215237,-0.22913010874053177
pred_w_speed,42907,46555,0.91801546378689,-0.37089157210890517
pred_w_speed,42907,47131,0.9811806732064671,-0.21132589036477295
pred_w_speed,42907,47387,0.9119205139063113,-0.05765791300188836
pred_w_speed,42907,47515,0.9357629373314963,0.1800881121823136
pred_w_speed,42907,47963,0.9134375561563299,0.03078510030726633
pred_w_speed,42907,48283,0.9081514508433842,0.16034035462511725
pred_w_speed,42971,45467,0.8772771553318752,0.17056368447149164
pred_w_speed,42971,46235,0.8085188457151203,0.060120994977934675
pred_w_speed,42971,48539,0.8172241384690423,0.2892271919817374
pred_w_speed,43035,46043,0.8753054124619706,0.16515995550336876
pred_w_speed,43099,45211,0.8612333305990376,0.2545908543929
pred_w_speed,43099,47515,0.8070571284673459,-0.08091461235015246
pred_w_speed,43227,43483,0.8973606687321237,0.16475754664387368
pred_w_speed,43227,43675,0.8188275456746271,-0.22088661664599735
pred_w_speed,43227,43803,0.8781532498717316,-0.2680016595428615
pred_w_speed,43227,43867,0.8419282085897416,-0.08148170680240471
pred_w_speed,43227,43995,0.8898450862388239,-0.3004044647931024
pred_w_speed,43227,44827,0.9613793924783058,-0.02561647864461465
pred_w_speed,43227,45339,0.9208771876509664,0.02224091155587936
pred_w_speed,43227,45659,0.8224879116640728,-0.4404787089481546
pred_w_speed,43227,45979,0.9020871218031423,-0.14888538234752396
pred_w_speed,43227,46555,0.8125103660091602,-0.18098598351856168
pred_w_speed,43227,47131,0.8908429458503527,-0.1633423917948745
pred_w_speed,43227,47387,0.9323252064930769,0.271410867234522
pred_w_speed,43227,47963,0.930960177009116,0.2278738447454791
pred_w_speed,43355,43547,0.8906233809542737,0.05503669854239701
pred_w_speed,43419,46299,0.8913489412490593,0.03785735144549821
pred_w_speed,43483,43803,0.9336577175807138,-0.02896079053841977
pred_w_speed,43483,43995,0.95667535291131,-0.06915048095876351
pred_w_speed,43483,44827,0.9146465727449239,0.22264305212189278
pred_w_speed,43483,45019,0.9071014226834693,-0.18182850311044493
pred_w_speed,43483,45211,0.9115193554744083,0.23979647713454402
pred_w_speed,43483,45339,0.9658261594338069,-0.06921202577268433
pred_w_speed,43483,45403,0.9331954029099861,0.2730398953361736
pred_w_speed,43483,45979,0.9460762583375971,-0.6368702129430304
pred_w_speed,43483,46555,0.9502662631532903,0.2847883933641805
pred_w_speed,43483,47131,0.9884670237799642,-0.3442378524133544
pred_w_speed,43483,47515,0.9631178033964889,-0.3827358154862367
pred_w_speed,43483,47963,0.9128149952808932,0.26003019548305983
pred_w_speed,43483,48283,0.9432904925148002,-0.18169262900253005
pred_w_speed,43547,46235,0.803605548097028,-0.2772717770405632
pred_w_speed,43547,48347,0.9032657335873685,0.2497199612649281
pred_w_speed,43611,43931,0.9036230721205617,-0.05682891623001084
pred_w_speed,43611,44187,0.8461753156482232,0.19742888849841855
pred_w_speed,43611,44507,0.978838306484228,-0.009484266635133357
pred_w_speed,43611,44699,0.9066649748707788,-0.20088818834978642
pred_w_speed,43611,44891,0.8471179293746235,0.13259716880647762
pred_w_speed,43611,45147,0.8536422956899168,0.20237316895952026
pred_w_speed,43611,45723,0.8701424400258799,-0.15977674902037312
pred_w_speed,43611,45851,0.9669489661127562,0.15099377728517405
pred_w_speed,43611,46811,0.9704690760045388,-0.12270117173993739
pred_w_speed,43611,46939,0.8603313017407245,-0.050466405567638636
pred_w_speed,43611,47067,0.9010657482359505,0.1804027373756106
pred_w_speed,43611,47451,0.9911755132283476,0.10486287539863595
pred_w_speed,43611,48155,0.8838747303336619,0.11954826829591843
pred_w_speed,43675,43803,0.8709829183509169,0.045733066487185954
pred_w_speed,43675,43995,0.9486202002999116,0.165157400624743
pred_w_speed,43675,44635,0.9042367997259197,-0.10196234616452284
pred_w_speed,43675,44763,0.9739754551801488,0.19210896693489202
pred_w_speed,43675,44827,0.8613336559870743,0.0643531513795933
pred_w_speed,43675,45019,0.9282679881750748,0.08166018596287995
pred_w_speed,43675,45211,0.9608554416251923,-0.00030462472127533696
pred_w_speed,43675,45339,0.9421006171143416,0.1341346395943275
pred_w_speed,43675,45403,0.949342781843337,0.2219583229169153
pred_w_speed,43675,45979,0.9483401633161651,-0.206676633090792
pred_w_speed,43675,46555,0.9100284340899597,-0.04849846827464131
pred_w_speed,43675,47131,0.9876731305648216,-0.17090939199390573
pred_w_speed,43675,47387,0.8223334359112403,-0.07212401907956272
pred_w_speed,43675,47515,0.9954945814459037,0.2587301302579032
pred_w_speed,43675,47963,0.8656032035592008,-0.009948057326627027
pred_w_speed,43739,45083,0.8403636250530248,-0.06515363187936762
pred_w_speed,43739,48027,0.8540058502419319,0.03721033053384188
pred_w_speed,43803,43867,0.8860821148425139,0.15851779483292813
pred_w_speed,43803,43995,0.8498045970631157,-0.19239420828955206
pred_w_speed,43803,44251,0.8437130185235449,0.2666946031438561
pred_w_speed,43803,44635,0.8672050913155047,0.057035448869608506
pred_w_speed,43803,44763,0.892925303639749,-0.13285030556474284
pred_w_speed,43803,44827,0.8649233493276738,0.08165184897996827
pred_w_speed,43803,45339,0.8987641489053949,0.22452892993290705
pred_w_speed,43803,45403,0.81501641208408,0.07250676195848463
pred_w_speed,43803,45979,0.8248840817852513,-0.23739301339065122
pred_w_speed,43803,46555,0.9606078507371013,-0.027927614508714067
pred_w_speed,43803,47131,0.8886331889190233,0.012182913383907402
pred_w_speed,43803,47387,0.9328525841750942,-0.19530326546673
pred_w_speed,43803,47515,0.8479164406700104,-0.036973167817005624
pred_w_speed,43803,47963,0.8404505163376434,-0.10405938147153454
pred_w_speed,43803,48283,0.8150813627574539,-0.23204286907275473
pred_w_speed,43867,44379,0.9030167241669051,0.23392494155858076
pred_w_speed,43867,46555,0.8096172716471888,0.2883945911582385
pred_w_speed,43867,47387,0.8354549587093447,0.24192680312845338
pred_w_speed,43931,44187,0.9143657260929545,0.19798537019904908
pred_w_speed,43931,44507,0.9255089946733889,0.13544070735867658
pred_w_speed,43931,44699,0.8674058519290765,-0.40418505291901335
pred_w_speed,43931,44955,0.876971136353641,0.20019276580167733
pred_w_speed,43931,45147,0.9353015450260236,0.03557824508715344
pred_w_speed,43931,45723,0.903366827481784,0.1656646115922962
pred_w_speed,43931,45851,0.8509618336291339,-0.17327694712246772
pred_w_speed,43931,46811,0.9372040388395712,0.03102634141514409
pred_w_speed,43931,47451,0.9288913778322246,0.24088975843675026
pred_w_speed,43931,48219,0.8524803087594732,0.0751716382859143
pred_w_speed,43995,44763,0.9207768405666616,0.13181911346926883
pred_w_speed,43995,44827,0.9124411766782567,0.028821614388177458
pred_w_speed,43995,45019,0.8633538911789029,-0.17592718460981718
pred_w_speed,43995,45211,0.8383343520282602,0.13264366897781393
pred_w_speed,43995,45339,0.927456497379515,-0.33309222502789154
pred_w_speed,43995,45403,0.9032619907723375,0.2991116466498792
pred_w_speed,43995,46555,0.8783382749853001,0.2104301524255726
pred_w_speed,43995,47387,0.8463668365684233,-0.201087888029506
pred_w_speed,43995,47515,0.9246036619748611,0.03931906999499328
pred_w_speed,43995,47963,0.9197442624300319,0.03495761976922775
pred_w_speed,43995,48283,0.9024949527807125,-0.19842342203184243
pred_w_speed,44059,47003,0.8919075777140328,0.281995333155931
pred_w_speed,44123,46299,0.8115877884430066,0.2348669940434592
pred_w_speed,44123,46363,0.958032499326109,-0.08667884782212121
pred_w_speed,44123,46427,0.8740869356764133,0.10788684364393789
pred_w_speed,44187,44507,0.9038799972231263,0.2584371422039192
pred_w_speed,44187,44699,0.8182182569711414,-0.06500467347196705
pred_w_speed,44187,45147,0.8344997171006191,-0.1481594288904617
pred_w_speed,44187,46811,0.887957978244554,0.19348385959465855
pred_w_speed,44187,47451,0.8505210714652124,0.19501201394823256
pred_w_speed,44187,48603,0.8224178140462741,0.1540526799422931
pred_w_speed,44251,47195,0.898931453703698,0.2507210873129192
pred_w_speed,44443,46043,0.8078226466606593,-0.09575291354095809
pred_w_speed,44507,44699,0.9191452279583252,0.01254381564974582
pred_w_speed,44507,44891,0.8742436193500118,0.21558842805961234
pred_w_speed,44507,44955,0.9332575907079644,0.28977038313982645
pred_w_speed,44507,45083,0.8927147278948036,-0.08701052200452666
pred_w_speed,44507,45147,0.8796482897625996,0.08933200139188778
pred_w_speed,44507,45723,0.8671725714564822,0.10000791266823808
pred_w_speed,44507,45851,0.9097365537327308,-0.277359761865211
pred_w_speed,44507,46491,0.905916054171136,-0.006637876828617717
pred_w_speed,44507,47067,0.8805481290977523,0.0633838148149804
pred_w_speed,44507,48155,0.8321277494419956,-0.5651751713557833
pred_w_speed,44507,48411,0.8124258766101892,-0.049988157909155076
pred_w_speed,44507,48603,0.9597865193698902,-0.16458023172006783
pred_w_speed,44635,45019,0.8548637664502116,-0.20122136516458394
pred_w_speed,44635,45211,0.9240106553362714,0.23664378572459796
pred_w_speed,44635,45339,0.856156467252997,-0.1305654256634251
pred_w_speed,44635,47131,0.8667381261811727,-0.04046628271798999
pred_w_speed,44635,47515,0.9018348093291059,-0.3648757463397406
pred_w_speed,44635,47771,0.8233365838189111,0.14931378540943682
pred_w_speed,44635,48283,0.9089405159188786,-0.11855495222205291
pred_w_speed,44699,45083,0.8277660599417234,0.17705326445148445
pred_w_speed,44699,45723,0.9618885708464089,-0.06847719458581492
pred_w_speed,44699,46491,0.8978214810409676,0.11453660911957979
pred_w_speed,44699,47451,0.9406810845748461,0.06998426445149637
pred_w_speed,44699,48027,0.8023814540882972,0.22945051879549044
pred_w_speed,44699,48603,0.8132425833038265,-0.5238164626224627
pred_w_speed,44763,44827,0.8478951875759871,-0.06827811107400743
pred_w_speed,44763,45019,0.9065501440745053,-0.0012694646883934823
pred_w_speed,44763,45211,0.9435351960987768,0.23326584873358158
pred_w_speed,44763,45339,0.9250496379286491,-0.42444506809595645
pred_w_speed,44763,45979,0.8776350470890288,-0.3792907157399032
pred_w_speed,44763,46555,0.9574470911520807,0.042927177141106804
pred_w_speed,44763,46747,0.8219187137948449,-0.2271577675415278
pred_w_speed,44763,47131,0.9556993603897591,-0.44191499432994374
pred_w_speed,44763,47259,0.8511699651755191,0.04125494999969729
pred_w_speed,44763,47515,0.9630895456134803,-0.3634362780877565
pred_w_speed,44763,48283,0.9548679599868619,-0.23075854180032634
pred_w_speed,44827,45019,0.8810922774431158,-0.21221083632686608
pred_w_speed,44827,45403,0.884547362392142,0.07849658106728387
pred_w_speed,44827,45659,0.8171385398471248,0.02395831288609115
pred_w_speed,44827,45979,0.9069261936827769,0.16855758597992734
pred_w_speed,44827,46427,0.8242041852636338,0.10257269901888699
pred_w_speed,44827,46555,0.8236618250657977,0.011577267484949232
pred_w_speed,44827,47131,0.9253363328568392,0.19208161885736777
pred_w_speed,44827,47387,0.9409241416242204,-0.03399166937662573
pred_w_speed,44827,47515,0.82401772353534,-0.5595569895439625
pred_w_speed,44827,47963,0.9894060528327023,0.21683232055415175
pred_w_speed,44827,48283,0.8863499426667203,0.12497141147058344
pred_w_speed,44891,44955,0.8167990626983764,0.10832641628213038
pred_w_speed,44891,45083,0.8073532263264613,-0.4000695666643252
pred_w_speed,44891,46491,0.891313844781472,0.17934767339108496
pred_w_speed,44891,47643,0.8622658174501229,0.0801136871259431
pred_w_speed,44891,47835,0.8042518810268219,0.12334224559118469
pred_w_speed,44891,48155,0.8966273574203378,-0.5321546404700989
pred_w_speed,44891,48603,0.8552243108443957,0.2667290699836676
pred_w_speed,44955,45147,0.8481912599382008,-0.07169408282722338
pred_w_speed,44955,45851,0.9781696390314606,0.08467962103418093
pred_w_speed,44955,46491,0.8440684317329645,0.007797837882831264
pred_w_speed,44955,46811,0.9087277959234351,0.08688398631903106
pred_w_speed,44955,46939,0.9238478083001492,0.2780260983891115
pred_w_speed,44955,47451,0.9394406736441226,0.13435692082849587
pred_w_speed,44955,48155,0.8779358050511512,0.27154280983185086
pred_w_speed,45019,45211,0.892512451164313,0.09555528030610337
pred_w_speed,45019,45339,0.9418708630799604,0.2440661615495101
pred_w_speed,45019,45979,0.8766984267657926,0.1430027921080912
pred_w_speed,45019,47131,0.9329401254894102,0.06767378676504134
pred_w_speed,45019,47387,0.8031023893109537,0.2149299995399293
pred_w_speed,45019,47515,0.9162435925462369,0.21243456797737953
pred_w_speed,45019,47771,0.9107633123052887,0.17307214091744577
pred_w_speed,45083,47451,0.8159026380492104,-0.21197064921786776
pred_w_speed,45083,47643,0.8298954341594673,-0.019394783802429094
pred_w_speed,45083,47835,0.9303550767243657,0.28767465357099825
pred_w_speed,45083,48411,0.8045578874241237,-0.18732605231729124
pred_w_speed,45147,45723,0.8129355090923537,-0.22295279699435436
pred_w_speed,45147,47067,0.9491975104679653,0.0740133397104954
pred_w_speed,45147,48219,0.8437974823211796,0.11149732135042327
pred_w_speed,45147,48603,0.8684405314762579,0.1926017227843311
pred_w_speed,45211,45979,0.8562327220162308,0.20673663093688197
pred_w_speed,45211,46555,0.8553955724239718,-0.1103144876276714
pred_w_speed,45211,47131,0.9196241167486071,0.0692602407425899
pred_w_speed,45211,47259,0.8086690824544606,-0.36463433803544126
pred_w_speed,45211,47515,0.977315754441816,-0.24099788499155034
pred_w_speed,45211,48283,0.9388856692391374,-0.11418891216929039
pred_w_speed,45275,45531,0.8438298292188686,0.2970628053222211
pred_w_speed,45275,45787,0.8497137325783338,0.199865268811265
pred_w_speed,45339,45403,0.9447338189045991,0.08015736995493455
pred_w_speed,45339,45979,0.9375443230300766,0.253159167973627
pred_w_speed,45339,46555,0.8790114613547526,-0.20963003005989594
pred_w_speed,45339,47131,0.9756383634109407,0.2986973720511394
pred_w_speed,45339,47387,0.9239052815071706,-0.16917752921812157
pred_w_speed,45339,47515,0.9219370819460557,0.08214720268973813
pred_w_speed,45339,47771,0.8369653323432893,0.11193282057149191
pred_w_speed,45339,47963,0.9624236676795445,-0.011401646007927493
pred_w_speed,45403,45979,0.86960262982809,-0.10053273542179558
pred_w_speed,45403,46555,0.8678046251002085,-0.13741978471039143
pred_w_speed,45403,46747,0.9102597835334986,0.28628497377516254
pred_w_speed,45403,47131,0.9450986354839167,-0.043048180475598254
pred_w_speed,45403,47259,0.8857783097186375,0.28423010511893554
pred_w_speed,45403,47515,0.9356639535519419,-0.0750434441227997
pred_w_speed,45403,48283,0.9889146617466106,-0.010145446317556739
pred_w_speed,45467,46299,0.8651126262008174,0.15564011801786176
pred_w_speed,45467,47643,0.8365965892740063,-0.12271378032411982
pred_w_speed,45531,47899,0.9267348870174696,-0.03176975029082142
pred_w_speed,45659,46363,0.8852091562980695,0.03816467649483952
pred_w_speed,45659,46427,0.8442947827783127,-0.37670421853678787
pred_w_speed,45659,47579,0.8072601085073323,0.2664291252071687
pred_w_speed,45659,47963,0.8105448063861637,0.013196491268869537
pred_w_speed,45723,46811,0.926557805775076,-0.19816508322823076
pred_w_speed,45723,47451,0.9182546208093093,0.18048390355737937
pred_w_speed,45851,47067,0.9007749423176804,0.07750228894296382
pred_w_speed,45851,47451,0.9383820420402295,0.04526879214033608
pred_w_speed,45851,48155,0.8822448778918344,0.18590287990029664
pred_w_speed,45851,48219,0.9777014831262004,0.131481450544943
pred_w_speed,45851,48475,0.8325848763622509,0.22892791811863905
pred_w_speed,45851,48603,0.9628702353305706,0.21936211605098302
pred_w_speed,45915,46235,0.8422792943741361,0.17503326362195729
pred_w_speed,45979,46555,0.8198648563636531,0.026145617377519484
pred_w_speed,45979,47387,0.807683661186034,-0.43486585550933693
pred_w_speed,45979,47515,0.9361360501692542,0.24796626308668301
pred_w_speed,45979,47963,0.887704042043248,-0.15325054210774702
pred_w_speed,45979,48283,0.9041698552744072,0.21014651501255496
pred_w_speed,46107,48091,0.8141835984373725,-0.08390453000824495
pred_w_speed,46235,46299,0.950790980702005,-0.09856486595692704
pred_w_speed,46235,48347,0.8640484514909105,0.18611319326953343
pred_w_speed,46299,46619,0.958070902185144,0.244985865356781
pred_w_speed,46299,48027,0.8667707941384345,0.006043328892597279
pred_w_speed,46299,48347,0.8402530916600032,-0.03083019587358831
pred_w_speed,46363,47579,0.8385798841541364,-0.06403636743397711
pred_w_speed,46363,48347,0.8443259974080239,-0.22437230788465776
pred_w_speed,46427,47579,0.8018847622852591,0.2979493399309634
pred_w_speed,46491,47643,0.8919925811413872,0.22846531928540512
pred_w_speed,46491,48155,0.9119389340263774,-0.17023138409483404
pred_w_speed,46491,48219,0.8175659223286156,0.2169304352731616
pred_w_speed,46491,48411,0.914719138815798,-0.16995507187068085
pred_w_speed,46555,47131,0.9019881733079312,0.19297194186309474
pred_w_speed,46555,47387,0.909785203319619,-0.03552704506093556
pred_w_speed,46555,47515,0.8888418176566574,-0.20033346667160962
pred_w_speed,46555,47963,0.8320889185613548,-0.22342968611909025
pred_w_speed,46555,48283,0.851295494247013,-0.09727069218501927
pred_w_speed,46619,48027,0.8592031386451546,0.1887469335709027
pred_w_speed,46747,47771,0.9723176720999,-0.23841614620229992
pred_w_speed,46811,47067,0.8652637970970072,-0.1376620784988082
pred_w_speed,46811,48219,0.8882871405763252,0.2229684262398971
pred_w_speed,46811,48603,0.921355408819673,-0.1583264025060444
pred_w_speed,46875,48091,0.8313444039424633,-0.08233768644588016
pred_w_speed,46939,47067,0.8278417130993272,0.09010045651913359
pred_w_speed,46939,47451,0.8102762113778089,0.08622355412667634
pred_w_speed,46939,48155,0.8936557954473697,0.29375628050286445
pred_w_speed,46939,48475,0.8562719940554838,-0.14897992438405117
pred_w_speed,46939,48603,0.9020398026211298,-0.13308104207387436
pred_w_speed,47003,47579,0.8269829085236963,0.19076354105051602
pred_w_speed,47131,47387,0.8715926819295328,-0.44744197537307495
pred_w_speed,47131,47515,0.974728071662923,0.24235424106868186
pred_w_speed,47131,47963,0.9207332924787742,-0.17478887022877057
pred_w_speed,47131,48283,0.9638892648672821,0.18008781031147458
pred_w_speed,47259,47771,0.8872025104813233,-0.21229462691329679
pred_w_speed,47387,48283,0.8217294331076449,-0.26289534723885366
pred_w_speed,47451,48155,0.8430238795950993,-0.2700839016938916
pred_w_speed,47451,48603,0.9606805471728066,0.073951726084045
pred_w_speed,47515,47963,0.8245413620339638,-0.29053677302173275
pred_w_speed,47643,47835,0.8965799502166463,0.21789466730302418
pred_w_speed,47643,48027,0.9013772245921189,0.0654344814309352
pred_w_speed,47643,48411,0.9526589624105847,0.26511752259530996
pred_w_speed,47771,48283,0.9026774936227496,-0.12962493395203822
pred_w_speed,47899,48475,0.8845720957022503,0.14704612381443222
pred_w_speed,47963,48283,0.9012280513144423,-0.06343308829145583
pred_w_speed,48155,48219,0.8727821954386289,0.027535592837658333
pred_w_speed,48155,48411,0.883197616037643,0.24395821574498372
pred_w_speed,48155,48603,0.8855553921471586,0.28341615029191836
pred_w_speed,48219,48475,0.8842006432508384,0.21149969904505395
pred_w_speed,48219,48603,0.9834325077817141,0.29960477015286463
pred_w_speed,48347,48539,0.8416320535675891,-0.17603911542147224
pred_w_dir,38939,39131,0.9712779304357723,0.09976885712620194
pred_w_dir,38939,39835,0.9087084344097573,-0.012056345195868458
pred_w_dir,38939,39963,0.907174140360764,-0.13959651698220255
pred_w_dir,38939,40155,0.8593758392690093,0.12188183982665154
pred_w_dir,38939,41307,0.941856906495268,-0.21100646066668727
pred_w_dir,38939,41819,0.8647521495190974,-0.343072216307815
pred_w_dir,38939,42139,0.8655880862502,-0.03119236923336892
pred_w_dir,38939,42459,0.945053689084281,-0.22644392400305224
pred_w_dir,38939,42587,0.8475312820608286,-0.21455907731540452
pred_w_dir,38939,42651,0.9727473079085802,0.0023985213915273342
pred_w_dir,38939,43035,0.8855596258558565,-0.43599446693142374
pred_w_dir,38939,43995,0.835484952530866,-0.2969034134293758
pred_w_dir,38939,44379,0.9348617245689355,0.03377986777790217
pred_w_dir,38939,44699,0.8898522403371699,0.10812030604157512
pred_w_dir,38939,45467,0.9548835547502099,0.24293900352704448
pred_w_dir,38939,45659,0.8570619220530773,-0.5749970750748219
pred_w_dir,38939,46107,0.8750948742830243,0.060766896007955644
pred_w_dir,38939,46491,0.8915211932691278,-0.3532979519662672
pred_w_dir,38939,46619,0.9028251698113697,-0.5360843484641756
pred_w_dir,38939,47323,0.8646175798735874,0.02544987503912083
pred_w_dir,38939,47515,0.8693599685381532,0.035443291400292114
pred_w_dir,38939,48091,0.8397797142841475,0.14490310047881866
pred_w_dir,38939,48347,0.872365333064963,-0.1838316055811344
pred_w_dir,38939,48539,0.8431597285259286,-0.538832092929968
pred_w_dir,39003,39899,0.9525249757326881,-0.03177838414435962
pred_w_dir,39003,40283,0.8893900389079764,-0.2816472051179407
pred_w_dir,39003,41179,0.8104035312383575,-0.2279105755803623
pred_w_dir,39003,43483,0.8140443861910236,0.21901454966106512
pred_w_dir,39003,46683,0.8821380262149915,-0.15236431006167384
pred_w_dir,39003,47003,0.9272324855157137,0.057700698106399745
pred_w_dir,39003,47259,0.8972436818386185,-0.04595396384025049
pred_w_dir,39003,47387,0.8406727378572745,-0.3734517106508489
pred_w_dir,39003,47451,0.8457722169037213,-0.013911736404887616
pred_w_dir,39003,47579,0.8861361719683634,-0.22350210309280452
pred_w_dir,39067,39835,0.8914087257370021,0.17535753815886923
pred_w_dir,39067,40155,0.8899985703263842,0.11762290042872932
pred_w_dir,39067,40987,0.8648357929683163,0.1037345831086797
pred_w_dir,39067,41051,0.9199031892138871,-0.1425686924907689
pred_w_dir,39067,43803,0.9320299860058102,0.20689627395731416
pred_w_dir,39067,44123,0.809673572444175,-0.20797279262144625
pred_w_dir,39067,44699,0.8529102143251907,0.061593041882561976
pred_w_dir,39067,45083,0.9157273467566558,0.1309889602229084
pred_w_dir,39067,46107,0.8622320669518521,0.023035522035371906
pred_w_dir,39067,47323,0.8192916828876762,0.049047528530964515
pred_w_dir,39067,48091,0.839888356499711,0.16218554695016715
pred_w_dir,39067,48347,0.8835545791300937,-0.07091987779841123
pred_w_dir,39131,39579,0.8472284796600751,0.11609257549069811
pred_w_dir,39131,39835,0.9624530566881939,0.08351955479862717
pred_w_dir,39131,39963,0.9151153458738742,0.20776443162034408
pred_w_dir,39131,40155,0.8978326100280437,-0.3067507657920956
pred_w_dir,39131,41051,0.8191936047425806,0.18757464620326328
pred_w_dir,39131,41307,0.9326584398422048,-0.08172583184636655
pred_w_dir,39131,42139,0.8146064750690472,0.09037935465573659
pred_w_dir,39131,42459,0.9152762118144803,-0.41475918586502103
pred_w_dir,39131,42587,0.8295439675613114,-0.06158853943516747
pred_w_dir,39131,42651,0.9835472575913919,-0.2752266653411433
pred_w_dir,39131,43035,0.9086425280394467,-0.1515469274836076
pred_w_dir,39131,43547,0.8623133677840152,-0.10651025495152272
pred_w_dir,39131,44379,0.9522099562688886,0.14291423257757205
pred_w_dir,39131,44699,0.9370544822244533,-0.08461731165352479
pred_w_dir,39131,46107,0.9177097335766592,-0.38557960494584054
pred_w_dir,39131,46491,0.8809076976305855,-0.25070873466173377
pred_w_dir,39131,46619,0.8654033313753787,0.22254325897713698
pred_w_dir,39131,46811,0.8316079342349565,0.04025908196777681
pred_w_dir,39131,47323,0.8991051873131151,-0.10479608680433498
pred_w_dir,39131,48091,0.9201002419074673,0.12140487780639372
pred_w_dir,39323,39387,0.8918015443580175,0.13460966141770217
pred_w_dir,39323,40091,0.9351574174639883,-0.13309580628968676
pred_w_dir,39323,40219,0.8523311433893371,-0.1887518496410743
pred_w_dir,39323,40475,0.9370031457038662,0.19113296798437415
pred_w_dir,39323,40795,0.8743876676225912,-0.08527999097336043
pred_w_dir,39323,41179,0.8216690349248489,0.2964648955599702
pred_w_dir,39323,41691,0.8901336922374089,-0.3631072585001831
pred_w_dir,39323,41755,0.9492464746341907,0.08456676206562595
pred_w_dir,39323,42075,0.8720080828500454,-0.1532737280142435
pred_w_dir,39323,42395,0.9560381763961181,0.24963615641284376
pred_w_dir,39323,42715,0.8209904939784062,0.1838012813555451
pred_w_dir,39323,42843,0.9658215355890152,0.22894638077920526
pred_w_dir,39323,43739,0.9923328100193717,0.1647657151681504
pred_w_dir,39323,43931,0.9382550316914987,0.22425686508807874
pred_w_dir,39323,44507,0.9389939211313703,-0.2329834049054449
pred_w_dir,39323,44571,0.9397743320248708,0.2996628747860782
pred_w_dir,39323,44763,0.9182368726481857,-0.012177666779233556
pred_w_dir,39323,45211,0.8993611073260754,0.0420408086498427
pred_w_dir,39323,45403,0.854686646902196,0.025045259352977713
pred_w_dir,39323,45595,0.9312487355043729,-0.26928155786684005
pred_w_dir,39323,45851,0.8478538639902947,0.1787592055799929
pred_w_dir,39323,46555,0.9556015853756628,-0.06751301304530731
pred_w_dir,39323,46875,0.976790482066538,-0.27253492944402286
pred_w_dir,39323,47067,0.900918817221283,-0.35511424444714396
pred_w_dir,39323,48027,0.8860565387841425,-0.313440916890843
pred_w_dir,39323,48219,0.9563624813188943,0.29323389202800637
pred_w_dir,39387,39643,0.8587819342755598,-0.0005172983906288717
pred_w_dir,39387,40091,0.9552511384319075,0.09241313157440466
pred_w_dir,39387,40283,0.8967729842945431,-0.17387183415478483
pred_w_dir,39387,40475,0.9433890395015843,0.07071688724326962
pred_w_dir,39387,40795,0.9548013245519738,-0.20809374126246974
pred_w_dir,39387,41179,0.918659565134192,-0.3820819446465736
pred_w_dir,39387,41691,0.8001541687994959,-0.36399138322332436
pred_w_dir,39387,41755,0.9538665435875543,0.19613106957396884
pred_w_dir,39387,42395,0.9249844693666751,-0.24430538847713087
pred_w_dir,39387,42843,0.9504420254167778,0.11240501214630234
pred_w_dir,39387,43739,0.8578008195919294,0.07994544753412892
pred_w_dir,39387,43931,0.8958764122703986,-0.01316208949822936
pred_w_dir,39387,44507,0.8748658206566408,0.055102062043535315
pred_w_dir,39387,44571,0.9573655222283906,0.011567161367493792
pred_w_dir,39387,44763,0.940759024588605,0.02942962324021184
pred_w_dir,39387,45531,0.8439677250695713,0.29491872629625343
pred_w_dir,39387,45787,0.9649873127253312,0.026077646744762945
pred_w_dir,39387,46555,0.8322819729174362,-0.1022985707773999
pred_w_dir,39387,46683,0.8997640281266176,-0.08519454793591044
pred_w_dir,39387,46875,0.8192504066404205,-0.2448385566159331
pred_w_dir,39387,47067,0.948904068674711,-0.10438713236163441
pred_w_dir,39387,47259,0.9316498499556828,-0.027662480535663298
pred_w_dir,39387,47387,0.8497884071650446,-0.2685732307207963
pred_w_dir,39387,47579,0.9373344866926346,-0.4580062233896883
pred_w_dir,39387,47771,0.8708112715500638,-0.4385813237790635
pred_w_dir,39387,48027,0.8731338681936779,-0.03263071446792331
pred_w_dir,39387,48155,0.8632559594751922,-0.07247077963411319
pred_w_dir,39387,48283,0.9024813185143085,0.010501708354964822
pred_w_dir,39451,39579,0.8794314608960352,0.11112138131685799
pred_w_dir,39451,40347,0.9325046081684478,0.14681307170760105
pred_w_dir,39451,40539,0.8397035036660379,-0.20909509947029745
pred_w_dir,39451,40859,0.8226658392932803,-0.19956450458560426
pred_w_dir,39451,40987,0.9494402013485682,-0.033738307221300834
pred_w_dir,39451,41563,0.8008913970889423,0.09051208604180165
pred_w_dir,39451,43803,0.8574537578839381,0.16079018600172634
pred_w_dir,39451,45083,0.9297547416813086,0.22307370745506647
pred_w_dir,39451,45275,0.941120164786263,0.0037001074180274206
pred_w_dir,39451,46939,0.931332571981615,0.14344904393622404
pred_w_dir,39451,47643,0.9832599021818084,0.16815927955126886
pred_w_dir,39451,47835,0.9039939118215675,-0.12673386253040234
pred_w_dir,39451,48091,0.8545146437395594,-0.08981083846550239
pred_w_dir,39515,41371,0.8281422156249223,0.04492653480978396
pred_w_dir,39515,42907,0.8398038200440276,-0.19652570527812566
pred_w_dir,39515,43483,0.852739057484086,-0.2420586588890148
pred_w_dir,39515,44315,0.848601398133583,-0.316814800043331
pred_w_dir,39515,45019,0.8653436894265153,0.17069816272738197
pred_w_dir,39515,45339,0.84597767807075,0.009141581714136687
pred_w_dir,39515,46363,0.8468974602523845,-0.025341892602972073
pred_w_dir,39515,47003,0.826958668108809,-0.08902583091362343
pred_w_dir,39515,47963,0.9511435583607367,0.09723555478487822
pred_w_dir,39515,48283,0.8369185111078621,0.23180464830358502
pred_w_dir,39579,39771,0.897342687196394,-0.13514127995400213
pred_w_dir,39579,39835,0.8440004865693864,0.04044158187052124
pred_w_dir,39579,40347,0.8841656162049647,0.02489904912626279
pred_w_dir,39579,40987,0.8164970900052616,0.2077866665755575
pred_w_dir,39579,44955,0.97252665131864,0.017642049278937404
pred_w_dir,39579,45275,0.8178624983634221,-0.02048739943779382
pred_w_dir,39579,45467,0.8569650687510445,-0.06101046223226913
pred_w_dir,39579,46939,0.9286190255000724,-0.12749508308623345
pred_w_dir,39579,47835,0.8000979257227698,-0.1483992087071466
pred_w_dir,39579,48091,0.9172450266702977,-0.33778034372807036
pred_w_dir,39579,48347,0.8826935784896506,0.0989861942850405
pred_w_dir,39643,40283,0.8349703636808067,0.10539029273782802
pred_w_dir,39643,41179,0.8572576289031295,0.13874435131419266
pred_w_dir,39643,42907,0.8992850794143451,0.24888349296415752
pred_w_dir,39643,45403,0.8786254452892927,-0.3752313693894321
pred_w_dir,39643,45723,0.8106333986953573,-0.07743555179284566
pred_w_dir,39643,46363,0.8944705072164555,-0.4445212540114516
pred_w_dir,39643,46683,0.8576669646172007,0.11595461265551063
pred_w_dir,39643,47259,0.9366073816885726,0.05272579958043695
pred_w_dir,39643,47579,0.8893310567758557,0.05407764135811997
pred_w_dir,39707,44315,0.8832037989020731,-0.28545536523686743
pred_w_dir,39707,47963,0.8340209764424938,-0.1127731015733519
pred_w_dir,39771,42267,0.8154973475615112,-0.052032740469183686
pred_w_dir,39771,44955,0.8589579340519549,-0.13480530915571462
pred_w_dir,39771,45915,0.8443350298101976,0.13954194561051578
pred_w_dir,39835,39963,0.9120220500403535,0.02972193518107695
pred_w_dir,39835,40155,0.9623863385897832,0.017763267004807615
pred_w_dir,39835,41051,0.9069068752980545,0.20212334208537708
pred_w_dir,39835,41307,0.9126612617386909,-0.18389018571016258
pred_w_dir,39835,42459,0.8464272477515454,0.011203069648768669
pred_w_dir,39835,42651,0.9511114473002313,-0.19092512214487095
pred_w_dir,39835,43035,0.9212308679014511,-0.20426886476295708
pred_w_dir,39835,43803,0.8554156435604843,0.04045863953004903
pred_w_dir,39835,44123,0.8107513978477063,-0.1192358133957558
pred_w_dir,39835,44379,0.9607520223337759,-0.12159978706525156
pred_w_dir,39835,45467,0.9728286894043819,0.28077688579963633
pred_w_dir,39835,45915,0.9415208383891636,0.29748885794188246
pred_w_dir,39835,46107,0.9653499970653194,0.09873248557139065
pred_w_dir,39835,46939,0.8701145755798986,0.2668932995745704
pred_w_dir,39835,47323,0.9347846730726641,-0.09851477903605939
pred_w_dir,39835,47835,0.8272612602793734,0.25161333637682404
pred_w_dir,39835,48091,0.9402057308490644,-0.02905414092683631
pred_w_dir,39835,48347,0.9852631561176525,0.23745137622594276
pred_w_dir,39899,40283,0.9300375952701444,0.03537942595205103
pred_w_dir,39899,41179,0.8871756111235054,-0.19436544953267237
pred_w_dir,39899,43931,0.8108433950332489,-0.03859337962242558
pred_w_dir,39899,44763,0.8353534005532034,0.15533664163565497
pred_w_dir,39899,46683,0.9357505360692626,-0.09151583021905253
pred_w_dir,39899,47003,0.8329297466518536,-0.10564345980090895
pred_w_dir,39899,47067,0.8298901895151541,0.09984935311230873
pred_w_dir,39899,47259,0.851952364917607,-0.12238467194570918
pred_w_dir,39899,47387,0.9404252847567004,0.14185023504441974
pred_w_dir,39899,47451,0.8143346868870924,0.02893907360324344
pred_w_dir,39899,47579,0.8816851637996029,0.15752445851479913
pred_w_dir,39963,40155,0.9004117075392839,0.044808401671464146
pred_w_dir,39963,41307,0.981706059821081,0.16887009129031763
pred_w_dir,39963,42139,0.9073363015967223,0.10044784130119852
pred_w_dir,39963,42459,0.9427618259772746,-0.49549975305268956
pred_w_dir,39963,42587,0.9700849491248584,0.06655707031640631
pred_w_dir,39963,42651,0.955389727663065,-0.15447780619564352
pred_w_dir,39963,43035,0.9824261875876902,0.16434439171414755
pred_w_dir,39963,43163,0.8852326009904943,-0.3468513061561614
pred_w_dir,39963,43547,0.8160454984816409,-0.2224106981197182
pred_w_dir,39963,43995,0.890918944519104,-0.3499708151502892
pred_w_dir,39963,44123,0.8972745656632144,0.054211857534318314
pred_w_dir,39963,44699,0.9698489534245486,-0.04217196233328299
pred_w_dir,39963,45467,0.8765268937159179,-0.3155798899608075
pred_w_dir,39963,45659,0.884003436078628,0.08149389983360783
pred_w_dir,39963,45915,0.8002374418954236,-0.06538622935649833
pred_w_dir,39963,46107,0.8930571965782503,-0.14691934658691577
pred_w_dir,39963,46171,0.8546875457570243,-0.014249426541912882
pred_w_dir,39963,46427,0.8817206853679314,-0.26787496478671174
pred_w_dir,39963,46491,0.8786247756838769,0.19245720549667675
pred_w_dir,39963,46619,0.9434444057614629,0.2760017956512705
pred_w_dir,39963,46811,0.9220998202178107,-0.0633721244103205
pred_w_dir,39963,47323,0.9782159880065098,0.17512333113333267
pred_w_dir,39963,48347,0.8999264846689289,-0.1617738566330469
pred_w_dir,39963,48539,0.9050173133627072,-0.0694185504380585
pred_w_dir,40027,41371,0.8580423942668135,0.2698336563257808
pred_w_dir,40027,42907,0.911242126034795,-0.18297893884462735
pred_w_dir,40027,43099,0.8018490586981547,0.08953415185837722
pred_w_dir,40027,43483,0.9164854962263818,-0.2869416713577375
pred_w_dir,40027,44315,0.8706910530835396,-0.20648066956245678
pred_w_dir,40027,45339,0.9147429062474842,0.2013281650425654
pred_w_dir,40027,46363,0.9283732083771107,0.13761725014585527
pred_w_dir,40027,47003,0.8916297686628539,-0.1326947784781032
pred_w_dir,40027,48283,0.8672527530445976,0.26491088815837405
pred_w_dir,40091,40283,0.9075744996685121,-0.23265965707761943
pred_w_dir,40091,40475,0.9288907351754445,0.08983147369791225
pred_w_dir,40091,40795,0.9677497628261426,-0.0633626398083722
pred_w_dir,40091,41179,0.8795365674666302,-0.13987451799116515
pred_w_dir,40091,41691,0.8204523049301816,0.19272389953896965
pred_w_dir,40091,41755,0.9175915781201212,-0.07388944373701396
pred_w_dir,40091,41883,0.8038076057231467,-0.20285530955903344
pred_w_dir,40091,42075,0.8090718112585521,0.2520152270145193
pred_w_dir,40091,42395,0.9687139059965936,-0.16787554770417035
pred_w_dir,40091,42843,0.9694938784143523,0.20859878724705488
pred_w_dir,40091,43739,0.9223020110354456,-0.32105930598083593
pred_w_dir,40091,43931,0.9544134077658359,-0.15477452858170623
pred_w_dir,40091,44571,0.9282409168852759,-0.413419154227984
pred_w_dir,40091,44763,0.9668606345442262,0.014680286299332705
pred_w_dir,40091,45403,0.9436361815897243,-0.30312144907610383
pred_w_dir,40091,45531,0.8810497386858327,-0.12215152996768312
pred_w_dir,40091,45595,0.8105783254602439,-0.1347325539420482
pred_w_dir,40091,46555,0.8887139623573206,-0.015140520072738863
pred_w_dir,40091,46683,0.8609747463567927,-0.04018754580170989
pred_w_dir,40091,46875,0.8966183599698702,-0.035590629785574354
pred_w_dir,40091,47067,0.9847211790386371,-0.11903809334855643
pred_w_dir,40091,47259,0.8674143248356887,0.11752922335439933
pred_w_dir,40091,47387,0.8441455483372821,-0.38950849370656826
pred_w_dir,40091,47579,0.9267102400839914,-0.31582887325963704
pred_w_dir,40091,48155,0.9384633891000006,-0.047596798708611894
pred_w_dir,40091,48219,0.849717964459822,-0.466761775214727
pred_w_dir,40091,48283,0.8327632380397014,0.14346656227465898
pred_w_dir,40091,48475,0.9249350674512181,0.07837384518480317
pred_w_dir,40091,48603,0.8297742607549478,0.06479435887883815
pred_w_dir,40155,41051,0.8785629864399125,-0.09503820806777365
pred_w_dir,40155,41307,0.9201708020976289,0.014645895486392528
pred_w_dir,40155,41563,0.8101726313153762,0.2558151386432867
pred_w_dir,40155,42587,0.8005522576602927,-0.04978234343080529
pred_w_dir,40155,42651,0.9046951995626229,-0.24827116118483042
pred_w_dir,40155,43035,0.9380944250346063,-0.29671212484305587
pred_w_dir,40155,43803,0.8804833442824467,0.23644373386756895
pred_w_dir,40155,44123,0.857901146339728,-0.15174232576330668
pred_w_dir,40155,44699,0.9371146234346968,0.29328024114304535
pred_w_dir,40155,45467,0.9071052922620846,-0.10546202081572026
pred_w_dir,40155,45915,0.8279506752760176,-0.35440716655846494
pred_w_dir,40155,47323,0.9516451900250984,0.24408222440404903
pred_w_dir,40155,47835,0.8181745779859083,-0.1912144943590009
pred_w_dir,40155,48091,0.870563659598623,-0.07952633127431989
pred_w_dir,40155,48347,0.9163805837862188,-0.4246411964153004
pred_w_dir,40219,40475,0.9202672417615911,0.17039419376195844
pred_w_dir,40219,41115,0.8827346569200001,0.2107370712974171
pred_w_dir,40219,41179,0.8282946907652223,0.028647634557907753
pred_w_dir,40219,41691,0.9749213207236567,0.21533230535155082
pred_w_dir,40219,41755,0.8730307777928964,0.27008548879942684
pred_w_dir,40219,42075,0.950521284022222,0.23896870095867706
pred_w_dir,40219,42331,0.95231300798549,0.00726395011774032
pred_w_dir,40219,42395,0.8529132326528441,-0.07212970551042258
pred_w_dir,40219,42843,0.8791593728135891,0.00706321796632758
pred_w_dir,40219,43291,0.9314066165076917,0.06787315021858184
pred_w_dir,40219,43419,0.8415171267058723,-0.06985795456018434
pred_w_dir,40219,43739,0.8357139011104062,0.03646791083004586
pred_w_dir,40219,43931,0.8199269158710474,-0.10434529909976024
pred_w_dir,40219,44571,0.8964766627145144,0.11710483823867752
pred_w_dir,40219,44763,0.8303782506754734,0.008730493976150226
pred_w_dir,40219,45531,0.9517650637992581,0.15772603676843516
pred_w_dir,40219,45787,0.8084214978066525,-0.6033220706569273
pred_w_dir,40219,45851,0.8412335579871956,0.04366837529654804
pred_w_dir,40219,46043,0.9233126503908614,0.1381337693274254
pred_w_dir,40219,46555,0.8197156415669888,0.15333804634059892
pred_w_dir,40219,46875,0.900702598200313,0.12252993745034535
pred_w_dir,40219,48155,0.8376146764480373,-0.04885878918747319
pred_w_dir,40219,48219,0.9237427083540924,0.027926243064414387
pred_w_dir,40219,48475,0.8221043419551571,-0.1521310827975128
pred_w_dir,40219,48603,0.8402755305257474,0.0502259462907788
pred_w_dir,40283,40475,0.8820584504354138,-0.18318674855684663
pred_w_dir,40283,40795,0.8759625660904368,-0.00030201538280485676
pred_w_dir,40283,41755,0.8523332422876677,-0.05452761093670491
pred_w_dir,40283,41883,0.8477184448739661,0.08810165146076908
pred_w_dir,40283,42075,0.8042308543155016,-0.1444411700065807
pred_w_dir,40283,42843,0.895750327907028,0.2674541395533515
pred_w_dir,40283,44571,0.8738844176492322,0.14523450907423918
pred_w_dir,40283,45403,0.900412844705585,-0.290144921374486
pred_w_dir,40283,45723,0.8221196788841858,0.0016541583417695985
pred_w_dir,40283,45787,0.9046675424508913,0.025400598492510258
pred_w_dir,40283,46043,0.8311302575500608,0.2536607240030798
pred_w_dir,40283,47003,0.8079962027308358,0.1581519450707372
pred_w_dir,40283,47067,0.9606821308863499,-0.0038882487293845887
pred_w_dir,40283,47259,0.9291388531272159,-0.07450819133933456
pred_w_dir,40283,47451,0.8470776504741289,0.11730470239109324
pred_w_dir,40283,48027,0.8979282395254424,-0.015220512793086234
pred_w_dir,40283,48283,0.8327867728330041,0.26063973842881516
pred_w_dir,40347,40539,0.933959107307878,0.1033433141568297
pred_w_dir,40347,40987,0.8320258428040743,0.19215662152386456
pred_w_dir,40347,41051,0.929386283055129,0.17241257066373694
pred_w_dir,40347,43803,0.8747545918918787,0.19089741792658838
pred_w_dir,40347,44955,0.9216199964840097,0.13486366025080834
pred_w_dir,40347,45083,0.8716792510801017,0.11261233326647709
pred_w_dir,40347,45275,0.9638988070301637,0.09719527906877477
pred_w_dir,40347,45915,0.8353686845966488,0.21155889510738946
pred_w_dir,40347,46939,0.9624104453462233,0.2958329202567732
pred_w_dir,40347,47643,0.9431440415225252,0.10392744525446122
pred_w_dir,40347,47835,0.9493084103573524,0.19532602393697607
pred_w_dir,40347,48091,0.9177504899104039,0.20793412040996706
pred_w_dir,40411,43419,0.8393736158577664,0.17592589171819628
pred_w_dir,40475,40795,0.9057533422742361,0.2473433014544583
pred_w_dir,40475,41179,0.9514240851070237,0.25535750435121796
pred_w_dir,40475,41691,0.9443773158206359,-0.05002252729043446
pred_w_dir,40475,41755,0.9797655635363608,-0.00355999128800827
pred_w_dir,40475,42075,0.9232141464171278,0.2067142992835834
pred_w_dir,40475,42331,0.9031675649561371,0.006512241052413342
pred_w_dir,40475,42395,0.9682246016661975,-0.03432011593178044
pred_w_dir,40475,42843,0.9880579675691985,0.2841610720311178
pred_w_dir,40475,43739,0.9081745176168057,0.07703197538014869
pred_w_dir,40475,43931,0.9414442867867993,0.03180639146780197
pred_w_dir,40475,44507,0.8580701932027276,0.13621755517049275
pred_w_dir,40475,44571,0.993547729324369,-0.009537204369739349
pred_w_dir,40475,44763,0.9665133503227562,-0.4048760224912138
pred_w_dir,40475,45403,0.9168949823947896,-0.1594164875824336
pred_w_dir,40475,45595,0.9246524023378356,-0.0014170965249332404
pred_w_dir,40475,45787,0.9631711387252218,0.26823331488547425
pred_w_dir,40475,45851,0.8085473133619043,-0.1808010851197666
pred_w_dir,40475,46555,0.8764195972074597,-0.14265335765402715
pred_w_dir,40475,46683,0.8947552647873935,0.12108622595658658
pred_w_dir,40475,46875,0.9220829620293256,-0.19666742358029088
pred_w_dir,40475,47067,0.9367462162021734,-0.1894522548720098
pred_w_dir,40475,47259,0.8333633975760445,0.11759161506310435
pred_w_dir,40475,47387,0.8969005573469383,-0.23611376437726625
pred_w_dir,40475,47579,0.8705734360212488,-0.41283816484871333
pred_w_dir,40475,48027,0.9072654856022206,0.04921878941103393
pred_w_dir,40475,48155,0.9189861828498023,-0.09571243768339871
pred_w_dir,40475,48219,0.9148972506263707,-0.003732350290883632
pred_w_dir,40475,48475,0.9220575144217693,0.018170935453682036
pred_w_dir,40475,48603,0.8398842051460117,0.1366973655561543
pred_w_dir,40539,41051,0.8764102165926787,0.12125340888505691
pred_w_dir,40539,43803,0.8196573042806967,0.16234212062639575
pred_w_dir,40539,44955,0.8460414898937584,-0.2321390223954802
pred_w_dir,40539,45275,0.9225102168320697,0.29115221373724387
pred_w_dir,40539,47643,0.838557696741649,-0.20039087069487893
pred_w_dir,40539,48091,0.9056157713147985,-0.0825954985670886
pred_w_dir,40603,41115,0.9143702976360009,0.2793833423627437
pred_w_dir,40603,41499,0.8458973273779904,0.1473010323330334
pred_w_dir,40603,42715,0.8129334966687755,0.05675511767308039
pred_w_dir,40603,44827,0.8116690570847531,0.28176008442368616
pred_w_dir,40603,45211,0.8017726876431083,-0.06526012958112787
pred_w_dir,40603,45531,0.8073864014370838,0.12415312849018413
pred_w_dir,40603,45851,0.9225796767672141,0.1606252889688257
pred_w_dir,40603,46875,0.8296749964672224,-0.2237537842417833
pred_w_dir,40603,48219,0.8804797632394104,0.2702782819044966
pred_w_dir,40603,48603,0.8445625026754664,-0.07906950982378456
pred_w_dir,40667,41819,0.9154636371977045,-0.08405349559574446
pred_w_dir,40667,42139,0.8644056727605312,-0.0596205118095068
pred_w_dir,40667,42587,0.8982304036342155,-0.06629564246089589
pred_w_dir,40667,43163,0.8934781330211345,0.2801740637285037
pred_w_dir,40667,43227,0.8556240528139814,-0.09645788218942529
pred_w_dir,40667,43995,0.8763903607131888,-0.055885318588171765
pred_w_dir,40667,44635,0.8534250214421023,0.1728001232596923
pred_w_dir,40667,45659,0.8706952643918454,-0.2137736621274785
pred_w_dir,40667,46171,0.9807751898460375,0.17685539737020775
pred_w_dir,40667,46235,0.8552633084749214,0.1247059507159744
pred_w_dir,40667,46427,0.8640803094566089,0.09745057923991046
pred_w_dir,40667,46619,0.8520311651081098,-0.3238185022258953
pred_w_dir,40667,46811,0.8881151309027232,0.1847713097191949
pred_w_dir,40667,47515,0.8061760642856468,0.21182892826094493
pred_w_dir,40667,48539,0.9101603152014132,-0.2250921717971156
pred_w_dir,40731,44507,0.8388042709220326,0.1658742772087601
pred_w_dir,40731,45211,0.8647651707206593,-0.08134395648340371
pred_w_dir,40731,48603,0.8745704378398513,0.2854667323166423
pred_w_dir,40795,41179,0.8641751323050603,0.16801389092603103
pred_w_dir,40795,41755,0.8835871665981849,-0.7811514824621384
pred_w_dir,40795,42395,0.915494127347467,-0.17109767231547915
pred_w_dir,40795,42843,0.9295182620123934,-0.19664668895297324
pred_w_dir,40795,43739,0.8636910658070781,-0.4092083600273677
pred_w_dir,40795,43931,0.8846221380251729,-0.2887234456544107
pred_w_dir,40795,44507,0.9340907640424505,-0.1145667987426505
pred_w_dir,40795,44571,0.9189631050943742,-0.1250389485630383
pred_w_dir,40795,44763,0.9154770010100388,-0.2002849025408898
pred_w_dir,40795,45403,0.9443937515026407,-0.48607971075688156
pred_w_dir,40795,45531,0.8164353087115946,-0.14586058231119153
pred_w_dir,40795,45787,0.9527135419394228,0.018873353914920878
pred_w_dir,40795,46555,0.812932420871946,0.1060774862000373
pred_w_dir,40795,46683,0.8361035186040212,-0.05328384306622546
pred_w_dir,40795,46875,0.8323040890042133,-0.1512689651865271
pred_w_dir,40795,47067,0.9461678455051291,0.17800460910833926
pred_w_dir,40795,47387,0.8047469479355572,0.02351739019579567
pred_w_dir,40795,47579,0.9166481483104217,-0.08456824163498432
pred_w_dir,40795,47771,0.9100074050297126,0.14370796845746547
pred_w_dir,40795,48027,0.946160816838168,0.12067496640544072
pred_w_dir,40795,48155,0.8635539258476385,-0.365631584624022
pred_w_dir,40795,48475,0.8546388613109465,-0.5647046339713451
pred_w_dir,40859,40987,0.8619640550095403,0.2361418601710833
pred_w_dir,40859,43099,0.8361159935094414,0.09820951212117525
pred_w_dir,40859,47643,0.844545183201515,0.23557952585939387
pred_w_dir,40923,41179,0.8313698252988095,0.014012576284927582
pred_w_dir,40923,41243,0.9820039869609895,0.04271960584565756
pred_w_dir,40923,42331,0.812578646610719,0.19953473754074608
pred_w_dir,40923,46043,0.8913122105835749,0.2908856939034718
pred_w_dir,40987,41051,0.8749774045506946,0.24844962534754392
pred_w_dir,40987,41563,0.8560237462268215,0.08042692655433088
pred_w_dir,40987,43099,0.8195933597318458,-0.038826530517620625
pred_w_dir,40987,43803,0.8324490860725405,-0.12933983833554424
pred_w_dir,40987,44955,0.818471054732085,-0.05108560222197072
pred_w_dir,40987,45083,0.9298133718143883,0.08563254183389975
pred_w_dir,40987,45275,0.8484884499201252,0.29766866524205265
pred_w_dir,40987,46939,0.8659527254556185,0.259753279048489
pred_w_dir,40987,47835,0.8421361117236064,0.06214598036479023
pred_w_dir,41051,44379,0.8011816162729223,-0.23108660131008096
pred_w_dir,41051,44699,0.8040553580763902,0.18032640697796035
pred_w_dir,41051,44955,0.8680834343770101,0.24689145465928483
pred_w_dir,41051,45275,0.8667067419711164,0.08045280077936935
pred_w_dir,41051,46107,0.8892330908200381,0.04353505102118299
pred_w_dir,41051,48091,0.9593062094595926,0.1361583985878701
pred_w_dir,41115,41691,0.8655301569952488,0.24000482646855353
pred_w_dir,41115,43291,0.9039316521977926,0.03343802683120075
pred_w_dir,41115,44827,0.8456448053446376,0.2753382186380099
pred_w_dir,41115,45595,0.8536593209643977,0.2454919086176306
pred_w_dir,41115,48603,0.8033001984822414,0.2668681908446355
pred_w_dir,41179,41691,0.8654335774073143,-0.12168737691652332
pred_w_dir,41179,41755,0.9250371479055178,-0.030599888361065166
pred_w_dir,41179,42075,0.8748049473136494,-0.16386904203837666
pred_w_dir,41179,42331,0.8795242877532564,0.16672884583874525
pred_w_dir,41179,42843,0.9292306166851252,0.08755868350975221
pred_w_dir,41179,43931,0.9165916696612549,0.27478711368008446
pred_w_dir,41179,44763,0.9557707159437612,0.08033993292590905
pred_w_dir,41179,45403,0.9102890615015504,-0.34131672874637703
pred_w_dir,41179,45531,0.8522065620292174,-0.016347147647629363
pred_w_dir,41179,45723,0.8097538207233218,-0.015165141388622926
pred_w_dir,41179,45787,0.9078273076869503,-0.05687698646912261
pred_w_dir,41179,47067,0.9294594443595673,-0.16710656135701946
pred_w_dir,41179,47259,0.9069979969059775,0.01809795576348169
pred_w_dir,41179,47579,0.9348676089118747,0.28806529921205737
pred_w_dir,41179,48027,0.8713718569641328,-0.1128252721744467
pred_w_dir,41179,48155,0.8044514763993813,0.22394575356810667
pred_w_dir,41179,48219,0.8037398828597317,-0.08933501960693223
pred_w_dir,41243,46043,0.8335785626256723,-0.10244145032421163
pred_w_dir,41307,41819,0.9238533123774559,0.14508365232692624
pred_w_dir,41307,42139,0.89919549749728,-0.06177467149493615
pred_w_dir,41307,42459,0.9507246651438658,-0.07489493311042919
pred_w_dir,41307,42587,0.9526192174832433,-0.09404311796901625
pred_w_dir,41307,43163,0.8251880809964143,-0.044607109187309396
pred_w_dir,41307,43995,0.8818810695875191,-0.18877499459256852
pred_w_dir,41307,44123,0.8521584435490708,0.12582848474607844
pred_w_dir,41307,44699,0.9461021155443214,-0.3856100836986832
pred_w_dir,41307,45467,0.9003240561887685,-0.4687526448170756
pred_w_dir,41307,45659,0.8759172441481615,-0.16414603229241864
pred_w_dir,41307,46107,0.924940335651301,0.11290953393837952
pred_w_dir,41307,46171,0.8258415425018886,-0.027891991223410035
pred_w_dir,41307,46235,0.8018719434753427,0.048150469198633035
pred_w_dir,41307,46427,0.855642013030642,-0.2787516706843499
pred_w_dir,41307,46491,0.8807919974448062,0.21294838391869061
pred_w_dir,41307,46619,0.9563781516078346,0.0969570944226901
pred_w_dir,41307,46811,0.946225155891033,0.1320343692664156
pred_w_dir,41307,47323,0.9690346643374953,0.09559485604870348
pred_w_dir,41307,48347,0.8801341605137798,-0.09232875054351417
pred_w_dir,41307,48539,0.8884974982632565,-0.10696798149245053
pred_w_dir,41371,42523,0.9353670666558924,0.26479843887163246
pred_w_dir,41371,43675,0.8716075999751485,0.05701107421692366
pred_w_dir,41371,44315,0.8961687355533924,0.2802833439913501
pred_w_dir,41499,41691,0.8931637066547775,0.25269401937412045
pred_w_dir,41499,43291,0.9355021798055421,0.037585865911661034
pred_w_dir,41499,45595,0.8570421283475214,0.06529632816771798
pred_w_dir,41499,45851,0.8481149406970826,0.14148398627191225
pred_w_dir,41499,48219,0.8565051368601959,0.2828091627445253
pred_w_dir,41563,42523,0.8421589221866088,0.107213668159592
pred_w_dir,41563,43675,0.9417199330113681,0.03742778134059863
pred_w_dir,41627,43867,0.8343887048821402,-0.1461886790716616
pred_w_dir,41627,44443,0.8268813385699808,-0.12809102949438156
pred_w_dir,41627,45147,0.8488817568151671,0.15811388873165147
pred_w_dir,41627,47707,0.9758201817977813,0.11331265798388065
pred_w_dir,41691,41755,0.8995772521570237,-0.08630385507448597
pred_w_dir,41691,42331,0.9447823615620357,-0.289972928667241
pred_w_dir,41691,42395,0.9059962768488441,-0.29726344280101963
pred_w_dir,41691,42843,0.9262805504856876,0.17254242678955609
pred_w_dir,41691,43291,0.8705134271670003,0.13154310460247787
pred_w_dir,41691,43419,0.8083796413558918,-0.12740093087564705
pred_w_dir,41691,43739,0.870830582917033,-0.12258104814626801
pred_w_dir,41691,43931,0.8815855609268363,-0.3380429178503176
pred_w_dir,41691,44571,0.9112997431888044,-0.11459171381999204
pred_w_dir,41691,44763,0.9017976371318905,0.26710990809119056
pred_w_dir,41691,45531,0.970695028714136,0.12317805845705099
pred_w_dir,41691,45787,0.8721724774430716,-0.0035238472772630516
pred_w_dir,41691,45851,0.8413614765679884,-0.23203382398783717
pred_w_dir,41691,46043,0.9083158118490596,-0.04897336064945871
pred_w_dir,41691,47067,0.8368654677994917,0.007444101995976074
pred_w_dir,41691,47387,0.8231738495869717,-0.16285314766629014
pred_w_dir,41691,48027,0.8194761196972921,0.18253820132556733
pred_w_dir,41691,48155,0.8872523570960869,-0.0782162662129447
pred_w_dir,41691,48219,0.9390315074880338,-0.3269870494003133
pred_w_dir,41691,48475,0.8738561171644376,-0.11972734186018813
pred_w_dir,41691,48603,0.8553344183776517,0.14874713641287168
pred_w_dir,41755,42075,0.8751366284000539,-0.015027858025354255
pred_w_dir,41755,42331,0.8700375206557402,0.2156742698421268
pred_w_dir,41755,42395,0.9490695434583472,0.1981232276944008
pred_w_dir,41755,42843,0.9731101575533241,0.14964235137513118
pred_w_dir,41755,44507,0.8575261487522547,0.1644697888988834
pred_w_dir,41755,44763,0.9416291843164474,0.02283731757103257
pred_w_dir,41755,45531,0.9391559688229422,0.09138372154756355
pred_w_dir,41755,45595,0.9075288264020731,0.12898468211480185
pred_w_dir,41755,45787,0.9580501964553547,-0.15702793680717012
pred_w_dir,41755,46555,0.8743376741418432,-0.18312850157335217
pred_w_dir,41755,46683,0.8801897819873545,0.07649716829048542
pred_w_dir,41755,46875,0.9028670653730444,0.1636678095622882
pred_w_dir,41755,47067,0.912092322145246,-0.3001936439662667
pred_w_dir,41755,47259,0.8214553477937276,-0.3653265577316844
pred_w_dir,41755,47387,0.8644718993102826,0.006430190759699031
pred_w_dir,41755,47579,0.8535622462927311,0.0766334395465554
pred_w_dir,41755,48027,0.857977159631339,-0.08966171452930176
pred_w_dir,41755,48155,0.9196243968400369,0.29235898033336705
pred_w_dir,41755,48219,0.8988182406430685,0.208148483893496
pred_w_dir,41755,48603,0.8394050116189797,0.2509537977379441
pred_w_dir,41819,42139,0.9811542740272013,0.05301675826936274
pred_w_dir,41819,42459,0.9518763214265609,-0.3203457203361424
pred_w_dir,41819,42587,0.9789759013401677,0.24648674138482582
pred_w_dir,41819,42651,0.8682328367603549,-0.3885890395218976
pred_w_dir,41819,43035,0.8825781356361538,0.03137816915345157
pred_w_dir,41819,43163,0.9014397137283375,-0.37253074014913806
pred_w_dir,41819,43355,0.8196937213403037,0.11919100224429759
pred_w_dir,41819,43547,0.8085208110594571,-0.4119178773887819
pred_w_dir,41819,43995,0.9717548685779117,-0.22732389498299516
pred_w_dir,41819,44379,0.8486027644819143,0.2624072280396039
pred_w_dir,41819,44635,0.8947413986572502,0.15756455073673398
pred_w_dir,41819,44699,0.8457893142145207,-0.10390251695569831
pred_w_dir,41819,45147,0.8554034633482601,0.1744821433493163
pred_w_dir,41819,45979,0.8291550090943827,0.1756695625773994
pred_w_dir,41819,46171,0.9449413529121311,0.24711784582196927
pred_w_dir,41819,46235,0.9182410280287993,0.21524761679233098
pred_w_dir,41819,46427,0.9551096452294321,-0.22589691277019933
pred_w_dir,41819,46491,0.8586400561345762,-0.24961348712508258
pred_w_dir,41819,46811,0.9800826153859399,-0.23181081453965438
pred_w_dir,41819,47323,0.865423888291795,-0.04196900654951897
pred_w_dir,41819,47515,0.9166994945526636,0.2703374256740701
pred_w_dir,41883,42395,0.8183682144301727,-0.008899960779004325
pred_w_dir,41883,43611,0.8353162887468064,-0.269178916463425
pred_w_dir,41883,43931,0.8371915052526548,-0.1339293875724962
pred_w_dir,41883,44763,0.8104538810140423,-0.03657754360677622
pred_w_dir,41883,47067,0.8478934387342084,0.1456452569418393
pred_w_dir,41883,47387,0.8078217691720542,0.03116465336413807
pred_w_dir,41883,48027,0.8967846550092854,0.09155094177714637
pred_w_dir,41947,47131,0.8526340748733452,-0.06903211889050785
pred_w_dir,42011,43867,0.8009704350979484,-0.19334040434187172
pred_w_dir,42011,44187,0.817806147011526,-0.03536293115318549
pred_w_dir,42011,47131,0.8048971482399856,0.18720122721517798
pred_w_dir,42011,47707,0.9231490897201129,-0.20191970371062595
pred_w_dir,42011,48411,0.8244671166380454,0.1232156240174708
pred_w_dir,42075,42331,0.970560231086618,0.07618002854865039
pred_w_dir,42075,42395,0.9173276144017452,0.05970951892730971
pred_w_dir,42075,43291,0.8293815343746836,-0.10921192274797761
pred_w_dir,42075,43419,0.8140375398442995,0.021527367271212995
pred_w_dir,42075,43739,0.8472913695326575,-0.1000693039556428
pred_w_dir,42075,43931,0.9119754706968812,0.0494543128202169
pred_w_dir,42075,44571,0.8856982870144431,-0.2060389654274272
pred_w_dir,42075,44763,0.9071481488986421,0.18188915290204705
pred_w_dir,42075,45595,0.9229700569752995,0.12632738086705003
pred_w_dir,42075,45787,0.8578715033592486,0.12878413993599594
pred_w_dir,42075,45851,0.899549983185333,-0.13200981554561267
pred_w_dir,42075,46043,0.9211067925219814,0.21039186831264112
pred_w_dir,42075,46555,0.8340842188000288,0.09435203049004905
pred_w_dir,42075,46683,0.8089592810268483,-0.19053312416099505
pred_w_dir,42075,47067,0.8465153303934602,0.12795571802310107
pred_w_dir,42075,47387,0.8717366575986127,-0.15997714624525425
pred_w_dir,42075,48027,0.8273487343403616,0.24353659721276782
pred_w_dir,42075,48155,0.8826724084506169,0.0838793473162471
pred_w_dir,42075,48219,0.9489017185933938,0.06425893523144822
pred_w_dir,42075,48475,0.8426195803109877,-0.009980271459378602
pred_w_dir,42075,48603,0.8347384218007157,0.10108782879393838
pred_w_dir,42139,42459,0.9714746355596675,0.025914206899323403
pred_w_dir,42139,42587,0.9527791883136949,0.026055787344345396
pred_w_dir,42139,42651,0.8717430865472533,-0.008110314003866536
pred_w_dir,42139,43035,0.8491007093960283,-0.020853805266589174
pred_w_dir,42139,43163,0.8505931860960375,-0.08314054469059172
pred_w_dir,42139,43227,0.9002066941786762,-0.0046336669431970385
pred_w_dir,42139,43355,0.8701146779415746,0.1837490850833989
pred_w_dir,42139,43547,0.804543634201642,-0.03886671989224867
pred_w_dir,42139,43995,0.9920242050541507,0.010418552274849287
pred_w_dir,42139,44379,0.8197400389166419,0.13022105625067285
pred_w_dir,42139,44635,0.9104077902020843,-0.17401213264328383
pred_w_dir,42139,44699,0.826088555502404,-0.019728207982816423
pred_w_dir,42139,45147,0.895720629982808,0.2869543151206589
pred_w_dir,42139,45659,0.9938986949957455,0.07813376696966506
pred_w_dir,42139,45979,0.863572178018135,-0.025018288459763192
pred_w_dir,42139,46171,0.9010083448167236,0.06594015724721836
pred_w_dir,42139,46235,0.9385649896523149,0.06614541603234994
pred_w_dir,42139,46427,0.9425453803608701,0.08413031327517734
pred_w_dir,42139,46491,0.9050196878123702,-0.03916072398092732
pred_w_dir,42139,46619,0.9785394465176354,0.124783837381806
pred_w_dir,42139,46811,0.9683344627656731,0.012100207580552948
pred_w_dir,42139,47323,0.8247831988248611,-0.07163195856942976
pred_w_dir,42139,47515,0.9223632560073309,0.05230064024204546
pred_w_dir,42139,48539,0.9851333586608625,-0.010790746263477487
pred_w_dir,42331,42843,0.8653856484711884,-0.030904915363762858
pred_w_dir,42331,43291,0.8424373026119063,-0.03880009529388604
pred_w_dir,42331,43931,0.8661039402751497,0.20793078587852948
pred_w_dir,42331,44763,0.8542846022689878,-0.03243913212285275
pred_w_dir,42331,45595,0.8934118303287858,-0.07843366143944693
pred_w_dir,42331,46683,0.8137719100828407,0.19830786368369502
pred_w_dir,42331,46875,0.8588556914858622,-0.04836666329538248
pred_w_dir,42331,47387,0.881244575316674,0.25744221844946463
pred_w_dir,42331,48155,0.8180687409916757,0.09359731125019863
pred_w_dir,42395,42843,0.9893950432416014,0.1227489148721692
pred_w_dir,42395,43739,0.9340815357907348,0.04645742431009528
pred_w_dir,42395,44507,0.9084467943769152,-0.4702191428539542
pred_w_dir,42395,44763,0.9870451079692286,-0.029831066438217802
pred_w_dir,42395,45211,0.800885239690361,0.09717047635771381
pred_w_dir,42395,45403,0.899205406928741,-0.06728149484003643
pred_w_dir,42395,45531,0.9493609696579094,0.10089685000537928
pred_w_dir,42395,45595,0.8781499471361087,-0.1406986492404554
pred_w_dir,42395,45787,0.9837282644987779,0.12644505439277176
pred_w_dir,42395,46043,0.8563298306016347,0.2632504944391138
pred_w_dir,42395,46555,0.8845750811743737,-0.1689392671696454
pred_w_dir,42395,46875,0.9440508483074087,0.0749179542243191
pred_w_dir,42395,47067,0.9776593802758329,0.15724582413515453
pred_w_dir,42395,47259,0.820056452383771,-0.04957591705301554
pred_w_dir,42395,48027,0.9545216867290811,-0.012456956511502297
pred_w_dir,42395,48475,0.9300015670168896,0.053854772094071815
pred_w_dir,42395,48603,0.8686000470004398,0.041687506079547555
pred_w_dir,42459,42587,0.940288657150145,-0.2431525215491339
pred_w_dir,42459,42651,0.9560349161192968,0.26831420161470937
pred_w_dir,42459,43035,0.9061899047781934,0.001918825818355234
pred_w_dir,42459,43227,0.8345436319736794,-0.3894025916565093
pred_w_dir,42459,43355,0.8629998719498506,0.16509120060042667
pred_w_dir,42459,43547,0.8742783650856906,-0.011097430253438999
pred_w_dir,42459,44379,0.9034110002891294,-0.3542503381381651
pred_w_dir,42459,44635,0.8274942963504427,-0.08683293082655029
pred_w_dir,42459,44699,0.8983933900743815,0.1540121716958857
pred_w_dir,42459,45147,0.8421896717745151,0.04705143384394242
pred_w_dir,42459,45467,0.8784949036886631,-0.03408738283150071
pred_w_dir,42459,45659,0.9623566261747687,0.17011372054190618
pred_w_dir,42459,46107,0.8043918898599077,0.15941774983186358
pred_w_dir,42459,46171,0.8261274642600548,-0.08398394866865805
pred_w_dir,42459,46235,0.8895184182198554,0.0600213187439632
pred_w_dir,42459,46491,0.9512018789848897,0.23889566444567964
pred_w_dir,42459,46619,0.9799096612536173,-0.05542611156206835
pred_w_dir,42459,46811,0.9609529460472356,-0.08560139312964123
pred_w_dir,42459,47323,0.8818568225169858,-0.2057854473032226
pred_w_dir,42459,47515,0.9030935917166332,-0.12264994852194118
pred_w_dir,42459,48347,0.8355417814230209,0.17869354678017274
pred_w_dir,42459,48539,0.9485645762041254,0.18400873059441478
pred_w_dir,42523,43099,0.9307104474595828,0.00962200903493657
pred_w_dir,42523,43675,0.8508949420050986,0.08766147086074566
pred_w_dir,42523,45083,0.8358941680652779,-0.09627706469103908
pred_w_dir,42587,42651,0.8905643002779494,-0.2764603637481354
pred_w_dir,42587,43035,0.9430959559794191,-0.008462677762367364
pred_w_dir,42587,43163,0.91809637850689,-0.1551869069513921
pred_w_dir,42587,43227,0.8683218464158521,0.2107970221837097
pred_w_dir,42587,44123,0.8794853644224963,0.017402052859875707
pred_w_dir,42587,44379,0.8972954743889181,-0.20254499667391473
pred_w_dir,42587,44699,0.9031151912802973,0.2645660281881292
pred_w_dir,42587,45659,0.9359608899063346,0.17038914758028983
pred_w_dir,42587,46235,0.8575792888121071,-0.008311385501369633
pred_w_dir,42587,46427,0.9109288841303337,-0.40132483752755455
pred_w_dir,42587,46491,0.8511171979259045,-0.24341527958944784
pred_w_dir,42587,46811,0.9638406695394718,-0.06732160306784335
pred_w_dir,42587,47515,0.8326768810427164,-0.10055422023508316
pred_w_dir,42587,48539,0.95742900382157,0.2021767625294364
pred_w_dir,42651,43547,0.8876597041991794,0.12334652357296133
pred_w_dir,42651,43995,0.8494688646411267,0.03537975896813782
pred_w_dir,42651,44379,0.9702819047524239,-0.03036036538935253
pred_w_dir,42651,44699,0.9514786204793991,-0.3933765568616365
pred_w_dir,42651,45467,0.9611257531397509,-0.3026665729810041
pred_w_dir,42651,45659,0.8491316128862717,-0.30200987388138173
pred_w_dir,42651,45915,0.9091153351121719,0.02276942547330785
pred_w_dir,42651,46107,0.9209039319627178,-0.1585195822345167
pred_w_dir,42651,46427,0.821516941927681,-0.0671044696745347
pred_w_dir,42651,46619,0.9198242540378255,-0.24284858781272603
pred_w_dir,42651,46811,0.8898426864988611,0.26088071043593947
pred_w_dir,42651,47323,0.9320249140298564,-0.010235933489804698
pred_w_dir,42651,47515,0.8005504724698909,-0.05149743202046614
pred_w_dir,42651,48091,0.8623476771856144,0.11002660360506586
pred_w_dir,42651,48539,0.8398498884081963,-0.2783350546481471
pred_w_dir,42715,42779,0.8783738592111087,0.13012284588719636
pred_w_dir,42715,43739,0.864173635956117,0.22712618485778127
pred_w_dir,42715,44187,0.8206351529834606,0.15853423631344987
pred_w_dir,42715,44507,0.8103973605901931,0.28480694971884707
pred_w_dir,42715,45211,0.9577936327898607,0.2708173747108613
pred_w_dir,42715,46875,0.8629788933284146,-0.03734458484545974
pred_w_dir,42715,48155,0.8230478153685946,-0.09686008316702978
pred_w_dir,42715,48411,0.8256897201906922,0.06692568005720503
pred_w_dir,42715,48603,0.9233053452747088,-0.00012233380913875835
pred_w_dir,42779,43419,0.8172001248256255,0.19812727116187429
pred_w_dir,42779,43867,0.8104674014051011,0.0404764196354415
pred_w_dir,42779,44187,0.8634609814514732,0.07369699004062694
pred_w_dir,42779,45211,0.8570961868707476,-0.15143752314123504
pred_w_dir,42779,48411,0.8982465002008078,0.24815598110439502
pred_w_dir,42843,43739,0.9445890513107871,0.15684820387634973
pred_w_dir,42843,43931,0.9695545241496687,0.15581940317729726
pred_w_dir,42843,44507,0.9151235113983593,0.15108929024364182
pred_w_dir,42843,44571,0.981488893594077,-0.13688538186564864
pred_w_dir,42843,45211,0.813227770553494,0.17058636752369927
pred_w_dir,42843,45403,0.9265687538014378,-0.07306045848174525
pred_w_dir,42843,45595,0.9126241601875034,0.03337106864305426
pred_w_dir,42843,45851,0.8246559478908035,0.002748273240492277
pred_w_dir,42843,46043,0.8603140547860899,0.18455394602155228
pred_w_dir,42843,46555,0.9137361861678077,0.014154043571343674
pred_w_dir,42843,46683,0.883724392612854,0.1908065802624774
pred_w_dir,42843,46875,0.9461684066474232,0.051654973459215645
pred_w_dir,42843,47067,0.9663512398792085,-0.3206914809309003
pred_w_dir,42843,47259,0.8346580695825095,-0.14550525449609863
pred_w_dir,42843,47387,0.8861270953429012,0.03834151024502042
pred_w_dir,42843,47579,0.8895280630826047,0.009813987996153623
pred_w_dir,42843,48027,0.9374114348371069,0.12174602631008058
pred_w_dir,42843,48155,0.9587833545101127,0.2727787929495519
pred_w_dir,42843,48219,0.9268022362479569,-0.06913605820871581
pred_w_dir,42843,48475,0.951996031818657,0.27464082470972007
pred_w_dir,42843,48603,0.8755797182856723,0.2813527227903997
pred_w_dir,42907,45339,0.9290945388494514,-0.08326466680101895
pred_w_dir,42907,45403,0.8375975119576504,0.2780691507926821
pred_w_dir,42907,46363,0.9496535501898712,0.2960397824861866
pred_w_dir,42907,47003,0.8943612854911568,0.07864638779047195
pred_w_dir,42907,47259,0.8964891241675148,0.0030168670744816057
pred_w_dir,42907,47579,0.8421708848459634,-0.18489462538736903
pred_w_dir,42907,47963,0.9088513008247316,-0.2227721731333123
pred_w_dir,42907,48283,0.9590084570129488,0.2548774359508518
pred_w_dir,43035,43163,0.8291555095731991,0.08187492515509284
pred_w_dir,43035,43547,0.8394453530773783,0.028850552922487293
pred_w_dir,43035,43995,0.8346756693510229,-0.012655610886872979
pred_w_dir,43035,44123,0.9133267417492963,0.21886956788298267
pred_w_dir,43035,44379,0.9808168752763182,0.2654850410333825
pred_w_dir,43035,44699,0.962263859126998,-0.34715494327969476
pred_w_dir,43035,45467,0.8753399322090721,-0.5615534505385698
pred_w_dir,43035,45659,0.8158192268780721,-0.12518737627568907
pred_w_dir,43035,46107,0.9385621515271748,-0.19997805200741653
pred_w_dir,43035,46171,0.8093001966857174,0.019264626462564695
pred_w_dir,43035,46491,0.8484709901589992,0.23138017756071397
pred_w_dir,43035,46619,0.917605156823239,0.28462472553320023
pred_w_dir,43035,46811,0.8952744908368109,0.05772231806900603
pred_w_dir,43035,47323,0.9914856681839019,-0.04277925124050069
pred_w_dir,43035,48347,0.9026098442058985,0.03280629997105585
pred_w_dir,43035,48539,0.8383093855935219,-0.12131702116063811
pred_w_dir,43099,45019,0.929068643738859,0.12127373975185538
pred_w_dir,43099,46363,0.8215830972321445,0.16058855551724804
pred_w_dir,43163,43227,0.9047924500080018,-0.07686597994135477
pred_w_dir,43163,43995,0.8612449688783809,0.22057389632481106
pred_w_dir,43163,44699,0.8455048309906549,-0.036550375733782545
pred_w_dir,43163,45659,0.8455113022577185,-0.06563002708039102
pred_w_dir,43163,46619,0.8295803623836873,-0.3000052343954265
pred_w_dir,43163,47323,0.8566943743094563,0.0528708693411892
pred_w_dir,43163,48539,0.9095107488885388,0.059158393232778224
pred_w_dir,43227,43995,0.893111297496751,-0.13006429054610374
pred_w_dir,43227,45147,0.8091085394880081,0.2721526345976257
pred_w_dir,43227,45659,0.918309030421242,0.2625179634065552
pred_w_dir,43227,46171,0.8830156160969965,0.16973506367032237
pred_w_dir,43227,46427,0.9493613922992563,0.1951144886812776
pred_w_dir,43227,46619,0.8300335877858673,0.016265138897942597
pred_w_dir,43227,46811,0.8333804841026153,-0.1692718978413165
pred_w_dir,43227,47515,0.8289581901605417,0.20713597053733876
pred_w_dir,43227,48539,0.9354646966428857,0.1487054540587349
pred_w_dir,43291,43419,0.8816097058089384,0.02266426227570839
pred_w_dir,43291,45531,0.8379627583286318,0.09044058750525277
pred_w_dir,43291,48219,0.825433634632676,0.14402919981631818
pred_w_dir,43355,43547,0.8733523677430074,0.20744256202814895
pred_w_dir,43355,43995,0.8630655411374889,-0.07262278690915006
pred_w_dir,43355,44635,0.84175976606412,-0.39354182714969993
pred_w_dir,43355,45147,0.9205660404125673,0.15563589487764273
pred_w_dir,43355,45659,0.8722975197712411,-0.062342293432067354
pred_w_dir,43355,45979,0.9429649608388294,0.22604636918565976
pred_w_dir,43355,46491,0.8463524452100352,0.12761321300842893
pred_w_dir,43355,46811,0.8834725862494045,0.23132096870904484
pred_w_dir,43355,47131,0.8037067891248197,0.24543615408167416
pred_w_dir,43355,47515,0.903564880759726,-0.21986308640227065
pred_w_dir,43355,48539,0.8128779237465441,-0.06918247693561866
pred_w_dir,43419,43739,0.8130037993200079,0.03973999156646184
pred_w_dir,43419,44187,0.9472235378605284,0.2328044118991315
pred_w_dir,43419,45211,0.8798686697543304,0.09035763827704378
pred_w_dir,43419,45595,0.8671138512883146,-0.1586275517574366
pred_w_dir,43419,45851,0.8840312391112083,0.011568172470599993
pred_w_dir,43419,46875,0.8739031780803892,-0.0590440135597824
pred_w_dir,43419,48155,0.8059589541857085,0.004269846381136086
pred_w_dir,43419,48411,0.934844529111925,0.2673121719627106
pred_w_dir,43419,48603,0.9078744423062143,0.29404769077848164
pred_w_dir,43483,45339,0.9578494860536279,0.06295729816366342
pred_w_dir,43483,46363,0.9499155564007961,0.2840593974937305
pred_w_dir,43483,47003,0.92588166149699,0.07181760198079405
pred_w_dir,43483,47259,0.924866677099817,0.2239827875121017
pred_w_dir,43483,47579,0.8701906431391477,-0.20818454638456033
pred_w_dir,43483,47963,0.9059256193997234,-0.11728962266143622
pred_w_dir,43483,48283,0.9683097230856268,0.19588790866778086
pred_w_dir,43547,45467,0.842063751487102,-0.17228767022431166
pred_w_dir,43547,46491,0.8097803722026373,0.11214906879326261
pred_w_dir,43547,46619,0.8819309060308026,-0.47310544610191974
pred_w_dir,43547,47515,0.8609853811511439,0.03798647667774067
pred_w_dir,43611,44507,0.8616160728921248,0.1881625407026428
pred_w_dir,43611,45211,0.8439392164057599,0.042146257218911284
pred_w_dir,43675,43803,0.8516112377844132,-0.1886776802053394
pred_w_dir,43675,45083,0.8308345858334056,-0.2955411661292417
pred_w_dir,43739,43931,0.9145441242372999,0.11213197635862654
pred_w_dir,43739,44571,0.9086705480068971,0.001861486969219157
pred_w_dir,43739,44763,0.8863872388594863,-0.06991497159853845
pred_w_dir,43739,45211,0.9381617848895192,-0.13693198347210822
pred_w_dir,43739,45531,0.9561895332327895,0.23660377062516072
pred_w_dir,43739,45787,0.9424663131479518,0.20317164435492754
pred_w_dir,43739,45851,0.8436683980375335,-0.16639804028758803
pred_w_dir,43739,46555,0.9631425041841554,0.021772082289080296
pred_w_dir,43739,47067,0.8755796188492304,0.17045101201253104
pred_w_dir,43739,48027,0.883533461818858,-0.4816263752292002
pred_w_dir,43803,47643,0.8289019056541326,0.07136037960439227
pred_w_dir,43803,48091,0.8884980654437723,0.29705861240274084
pred_w_dir,43803,48347,0.8307110204853624,0.21337749861767236
pred_w_dir,43867,47707,0.8196453275179444,0.2948273983818366
pred_w_dir,43931,44507,0.8885175471306278,-0.37947221807660925
pred_w_dir,43931,44571,0.9304874722396768,0.2459185570817099
pred_w_dir,43931,44763,0.9785459027177273,-0.06498539817805787
pred_w_dir,43931,45403,0.8707690932268262,0.030383552966290635
pred_w_dir,43931,45531,0.9294666240807751,0.08715644960861507
pred_w_dir,43931,45595,0.8424261360347818,-0.11026983450983432
pred_w_dir,43931,45787,0.9669593475688428,0.1512383619626745
pred_w_dir,43931,46043,0.8415009833802332,0.2943657679346044
pred_w_dir,43931,46555,0.8539103584750035,-0.21229129293742152
pred_w_dir,43931,46875,0.9279622517682782,0.03845394224466719
pred_w_dir,43931,47067,0.9715774470184333,0.14748088056536068
pred_w_dir,43931,47259,0.8011804164266874,-0.10184620462585778
pred_w_dir,43931,48027,0.9458454864598348,0.06148884561857905
pred_w_dir,43931,48219,0.9270421230342408,0.24987144211417567
pred_w_dir,43931,48475,0.9079545092030255,0.18190915751302336
pred_w_dir,43931,48603,0.8506282005460557,0.03271487406645995
pred_w_dir,43995,44635,0.9097039708276854,0.01831256451139268
pred_w_dir,43995,45147,0.8875592062704848,-0.052049432800729045
pred_w_dir,43995,46171,0.9113471954144664,0.1573590525766054
pred_w_dir,43995,46235,0.937862847253734,-0.12174395770284514
pred_w_dir,43995,46427,0.9421432361827492,0.274166387987217
pred_w_dir,43995,46491,0.8921932351693881,-0.14916145969290903
pred_w_dir,43995,46619,0.9707879429234878,0.21490776717479268
pred_w_dir,43995,46811,0.9623024653908928,-0.18046582846824008
pred_w_dir,43995,47323,0.8122128136097065,-0.07553920444254297
pred_w_dir,43995,47515,0.9051529582956226,0.04221484229021337
pred_w_dir,44123,44379,0.8561355143723066,-0.031074278293241223
pred_w_dir,44123,44699,0.8995437779089446,0.10848798517609488
pred_w_dir,44123,46107,0.8287294121379273,-0.14377983358034663
pred_w_dir,44123,48347,0.809060741832566,0.2439076641693634
pred_w_dir,44315,45019,0.882353813833263,0.08836443465250285
pred_w_dir,44315,47963,0.8705190009233897,0.2904739472016938
pred_w_dir,44379,44699,0.962434025929483,-0.4075846791228401
pred_w_dir,44379,45467,0.9381797086453388,-0.09928717943461399
pred_w_dir,44379,45915,0.8498465686524685,-0.4730272233284206
pred_w_dir,44379,46107,0.976668401879109,0.26585738371835793
pred_w_dir,44379,46491,0.8340666015432308,-0.12238440489051897
pred_w_dir,44379,46811,0.8791688480097488,0.12277744017489517
pred_w_dir,44379,47323,0.9764267898926084,0.16115309594605698
pred_w_dir,44379,48091,0.85132013023912,-0.0055341009180877076
pred_w_dir,44379,48347,0.9255289256626292,-0.2586988229594152
pred_w_dir,44379,48539,0.8070662559046033,-0.01342414793795862
pred_w_dir,44443,44635,0.8048222730095603,-0.00838746364514556
pred_w_dir,44443,45147,0.8204194119909176,0.009537459217240451
pred_w_dir,44507,44571,0.8658037317061771,-0.35262924392244455
pred_w_dir,44507,44763,0.8731839830214778,0.055785890888155304
pred_w_dir,44507,45211,0.896916500497523,-0.05291675644204861
pred_w_dir,44507,45403,0.8497709894904317,0.19109842639028116
pred_w_dir,44507,45531,0.8591904316405063,-0.1866533158975438
pred_w_dir,44507,45595,0.806232663374021,0.0071194277625512585
pred_w_dir,44507,45787,0.9434539580768195,0.2451248001448403
pred_w_dir,44507,46555,0.9044960596330831,-0.08307819444302789
pred_w_dir,44507,46875,0.9143350401409119,0.16209895782253447
pred_w_dir,44507,47067,0.8987721211793881,0.08360221966063443
pred_w_dir,44507,48027,0.9264676175205071,0.29280903870258734
pred_w_dir,44507,48155,0.9459324554261621,-0.3211525520279877
pred_w_dir,44507,48219,0.8441022463821943,-0.0709483460848684
pred_w_dir,44507,48475,0.9213032626311477,0.020420715074518443
pred_w_dir,44507,48603,0.8998884599740995,0.002540903423909085
pred_w_dir,44571,44763,0.9528553385464444,-0.03895611645977246
pred_w_dir,44571,45403,0.9308135757438286,0.21204064332197536
pred_w_dir,44571,45531,0.9429415548720468,0.17546639627889948
pred_w_dir,44571,45595,0.9085217435366819,0.09343185749789173
pred_w_dir,44571,45787,0.9621449100672089,-0.24186048281097278
pred_w_dir,44571,46555,0.8634539611196419,-0.12178272237011134
pred_w_dir,44571,46683,0.8924609290072221,0.18042697352328044
pred_w_dir,44571,46875,0.9096259345854956,0.1300518151474837
pred_w_dir,44571,47067,0.928763337441069,-0.30496357198667895
pred_w_dir,44571,47259,0.8365464115312427,-0.367983659084736
pred_w_dir,44571,48027,0.8995567843008612,-0.047416228850629946
pred_w_dir,44571,48155,0.9133968025560034,0.23541910477102665
pred_w_dir,44571,48219,0.8993191972975683,0.2521340082938697
pred_w_dir,44571,48475,0.9252596875967957,0.12712718426421799
pred_w_dir,44571,48603,0.8344624831697063,0.17885187417603296
pred_w_dir,44635,45147,0.9732687503929119,0.2443239008114634
pred_w_dir,44635,45659,0.941352100539942,0.15564882390001666
pred_w_dir,44635,45979,0.9478972049106378,0.25876511387195805
pred_w_dir,44635,46171,0.8298009260156232,-0.010024403168452312
pred_w_dir,44635,46235,0.942417963462501,-0.15365767997541177
pred_w_dir,44635,46427,0.8820083045712737,0.19984003556743782
pred_w_dir,44635,46619,0.8452844158982963,-0.1918024409082578
pred_w_dir,44635,46811,0.864532637590791,-0.035890477878044516
pred_w_dir,44635,48539,0.9158315728502978,0.1785210057413638
pred_w_dir,44699,45467,0.9274639163340311,0.14585784631726867
pred_w_dir,44699,45915,0.8767678591478606,0.26458578380400594
pred_w_dir,44699,46107,0.9317400786514984,0.29710253644008755
pred_w_dir,44699,46427,0.824475626465846,0.19166186329021379
pred_w_dir,44699,46491,0.8293698696346635,-0.07958814916522491
pred_w_dir,44699,46619,0.8684225505052883,-0.1937841992853132
pred_w_dir,44699,46811,0.835206577230405,-0.1873205900851915
pred_w_dir,44699,47323,0.9781866147385179,0.19723929113161937
pred_w_dir,44699,48091,0.8451973080274713,-0.1672227584966015
pred_w_dir,44699,48347,0.9694533098128214,-0.03085177993467147
pred_w_dir,44699,48539,0.8229999791892398,-0.04709635570036647
pred_w_dir,44763,45403,0.9285358710080174,-0.015491742490215692
pred_w_dir,44763,45531,0.9174199700977466,0.07198632579610571
pred_w_dir,44763,45595,0.8458458320708322,0.017358544695826993
pred_w_dir,44763,45787,0.9795567871169751,0.11977703709194806
pred_w_dir,44763,45851,0.8060412476764446,0.09839309863177506
pred_w_dir,44763,46043,0.8638500825586465,0.014922811184538183
pred_w_dir,44763,46555,0.8599045830118957,0.07835764570679725
pred_w_dir,44763,46683,0.9338953844424064,-0.031401923538124744
pred_w_dir,44763,46875,0.8966494477203798,0.1877859176475987
pred_w_dir,44763,47067,0.987114426692996,-0.0796512055254636
pred_w_dir,44763,47259,0.8839233606407317,-0.22196904504278225
pred_w_dir,44763,47387,0.9349721140761653,0.06961855380455066
pred_w_dir,44763,47579,0.939895157687551,0.2051795787641849
pred_w_dir,44763,48027,0.9377619231195353,0.08296369379004613
pred_w_dir,44763,48155,0.9208641446380461,0.08799419595113948
pred_w_dir,44763,48219,0.8839817050371326,-0.03475163712158668
pred_w_dir,44763,48475,0.9027305771500344,0.011592236680767068
pred_w_dir,44891,46299,0.8843522415634827,0.1319477104732526
pred_w_dir,44955,45275,0.8818251850683809,-0.01491428332882663
pred_w_dir,44955,45467,0.8057988355443594,0.06080709096517497
pred_w_dir,44955,45915,0.9054899372819483,0.029236460391498437
pred_w_dir,44955,46939,0.9417024214780404,0.15153867378807234
pred_w_dir,44955,47643,0.9239248470248821,0.10261010169063772
pred_w_dir,44955,47835,0.8262241100271046,-0.15781807109933485
pred_w_dir,44955,48091,0.9108159785999355,0.15994079531090644
pred_w_dir,44955,48347,0.8122957052895933,0.171886284817676
pred_w_dir,45083,47643,0.8822311777242071,-0.04116927223997078
pred_w_dir,45147,45659,0.9236428318678859,0.10079713667907211
pred_w_dir,45147,45979,0.9779139830703283,0.2880748775101564
pred_w_dir,45147,46235,0.9578707502361838,0.19361572826364307
pred_w_dir,45147,46427,0.8246342369945336,0.24157331087682177
pred_w_dir,45147,46491,0.8151769331261886,-0.11813476503088977
pred_w_dir,45147,46619,0.846075732048113,0.07480003844246352
pred_w_dir,45147,46811,0.8565919628751891,0.051093636628626746
pred_w_dir,45147,48539,0.8717695692914432,-0.08842999718914227
pred_w_dir,45211,45531,0.8785795685195398,0.10061252319012431
pred_w_dir,45211,45595,0.873053723691592,0.2949638486612229
pred_w_dir,45211,45851,0.8215198307107884,0.28148623629049346
pred_w_dir,45211,46555,0.8939712370320771,-0.0024419493518667576
pred_w_dir,45211,46875,0.9393058508575688,0.27737673714297245
pred_w_dir,45211,48027,0.8094585320589761,0.20119945187862595
pred_w_dir,45211,48155,0.9105870688387346,0.07697725938386524
pred_w_dir,45211,48219,0.8905329298487017,-0.09344477324501987
pred_w_dir,45211,48411,0.803787842099297,-0.20702866421070815
pred_w_dir,45211,48475,0.8607229380088537,-0.23229579752830734
pred_w_dir,45211,48603,0.975338608070789,-0.003071988692894785
pred_w_dir,45275,48091,0.8287816564405384,0.07006396345994075
pred_w_dir,45339,45403,0.8268248926860045,-0.04973535532252911
pred_w_dir,45339,46363,0.9712760496221127,0.03753669305241284
pred_w_dir,45339,47003,0.9463188375391044,0.06995171170234549
pred_w_dir,45339,47259,0.9242743984303788,-0.07862697180878557
pred_w_dir,45339,47579,0.8386913992215959,0.10298966057410855
pred_w_dir,45403,45787,0.9481483278930098,-0.21376690764268322
pred_w_dir,45403,46555,0.8006390953939843,0.04110006192875999
pred_w_dir,45403,46683,0.9028827768650329,-0.11004185025181552
pred_w_dir,45403,47067,0.9399743430433402,0.12804149049415164
pred_w_dir,45403,47259,0.9561153741433548,0.10403278306886743
pred_w_dir,45403,47387,0.8385656064744454,-0.10147793794809075
pred_w_dir,45403,47579,0.9514209748096579,-0.014882735285696344
pred_w_dir,45403,47771,0.8868937671431575,-0.08993774282172023
pred_w_dir,45403,48027,0.8493430559512367,-0.43484780391766975
pred_w_dir,45403,48155,0.8253706645199904,0.169843243500205
pred_w_dir,45403,48283,0.9330429490835898,-0.20830406496644913
pred_w_dir,45467,46107,0.9268379610062851,-0.09418225864719991
pred_w_dir,45467,46491,0.8284988660252587,-0.6079344804607204
pred_w_dir,45467,46619,0.8133965551622818,0.12192493620607776
pred_w_dir,45467,47323,0.8773400583847878,-0.15285228611432602
pred_w_dir,45531,45787,0.9244144722161783,0.24762986931954029
pred_w_dir,45531,45851,0.8956235451070358,0.043508430737819036
pred_w_dir,45531,46043,0.8651966303574332,0.17108291963730193
pred_w_dir,45531,46555,0.9310654833343367,-0.03510638347550422
pred_w_dir,45531,46875,0.9837197315635958,0.14531035049456995
pred_w_dir,45531,47067,0.8735827572022566,-0.22566519884281813
pred_w_dir,45531,47387,0.8172884777704437,0.0379750358887347
pred_w_dir,45531,48027,0.8704178700782359,-0.15935941958538688
pred_w_dir,45531,48155,0.963473456203777,0.287462829590779
pred_w_dir,45595,45787,0.8652840893616754,-0.26030438805724354
pred_w_dir,45595,45851,0.8205630818313321,-0.043770603735213624
pred_w_dir,45595,46043,0.8265403520211639,-0.1655835632581221
pred_w_dir,45595,46555,0.932424958404882,0.06330857111198507
pred_w_dir,45595,48155,0.9164264528914341,0.018861401998876946
pred_w_dir,45595,48219,0.9542887187674058,0.17567988543079538
pred_w_dir,45595,48475,0.9246972658524993,0.19649152726748417
pred_w_dir,45595,48603,0.9283624480098125,0.04839846908564529
pred_w_dir,45659,45979,0.8895941943457562,0.23251781614568623
pred_w_dir,45659,46171,0.8973589489889858,0.11908899763945643
pred_w_dir,45659,46235,0.9492121324048604,-0.06045893054734002
pred_w_dir,45659,46427,0.9538863274047024,0.18187485065557657
pred_w_dir,45659,46491,0.8938904294403806,-0.13421994521645195
pred_w_dir,45659,46811,0.9632625698742491,-0.4926942973820816
pred_w_dir,45723,46683,0.8023051349831173,0.006263205450826601
pred_w_dir,45723,47387,0.8209584346243034,-0.001973672902876683
pred_w_dir,45723,47451,0.9138086713141659,-0.11378006419824176
pred_w_dir,45787,46555,0.9103055658279036,-0.031319681046552694
pred_w_dir,45787,46683,0.8783720262492017,0.13965028675305247
pred_w_dir,45787,46875,0.9242824652902386,-0.04251188110567539
pred_w_dir,45787,47067,0.9800353087270545,-0.10511944743075496
pred_w_dir,45787,47259,0.8593472982824393,-0.07225227511437515
pred_w_dir,45787,47387,0.8663396520084645,-0.11899140678281092
pred_w_dir,45787,47579,0.9144429268691505,-0.017681485368678272
pred_w_dir,45787,47771,0.8436728805742565,0.2071180328129116
pred_w_dir,45787,48027,0.9420746386837889,0.13885894612561367
pred_w_dir,45787,48219,0.8914165402424586,0.01423825045207476
pred_w_dir,45787,48283,0.8049804691539121,0.19894272711520827
pred_w_dir,45787,48603,0.8585020780657581,0.2721219781621771
pred_w_dir,45851,46875,0.9097031734832818,0.1076273283816399
pred_w_dir,45851,48027,0.8382703028895793,0.04213652804782375
pred_w_dir,45851,48219,0.9435297838603628,0.15819245261676917
pred_w_dir,45851,48603,0.8719756509624441,-0.007892227175756703
pred_w_dir,45915,46107,0.8473932064741037,-0.3569746997500746
pred_w_dir,45915,46491,0.8066566790645374,-0.0856613672577995
pred_w_dir,45915,48091,0.9602209812849004,0.017687334444184036
pred_w_dir,45979,46619,0.8316717419060997,0.1740045219571362
pred_w_dir,45979,46811,0.8576663522596082,0.05110253078648606
pred_w_dir,45979,47707,0.8116156608977227,0.10865034463627124
pred_w_dir,45979,48539,0.8442097611179227,0.2754500695064504
pred_w_dir,46043,46683,0.8824392521445212,0.16455503888807393
pred_w_dir,46043,47067,0.8016061310272411,-0.27490546722703857
pred_w_dir,46043,47387,0.9188594083741831,0.1765970924458224
pred_w_dir,46043,48219,0.8304706966450297,0.143271981988801
pred_w_dir,46107,46939,0.8092955934905922,-0.12016762961137856
pred_w_dir,46107,47835,0.8318616451432455,-0.11378852341815048
pred_w_dir,46107,48091,0.8953199599181542,-0.12376671249748568
pred_w_dir,46107,48347,0.9227683205709549,-0.3978710522105573
pred_w_dir,46171,46427,0.8999349839536934,0.03570386264394597
pred_w_dir,46171,48539,0.9412247572073512,0.19826878827731376
pred_w_dir,46235,46427,0.8449705808776213,-0.09634675423470924
pred_w_dir,46235,46491,0.8250603971411121,-0.1878141494319539
pred_w_dir,46235,47515,0.9505751349771959,-0.2255571153298069
pred_w_dir,46235,48539,0.919374805444172,-0.07065171579647343
pred_w_dir,46363,47003,0.9067653267004245,-0.3458893872647613
pred_w_dir,46363,47259,0.879458755433878,0.04518770078802786
pred_w_dir,46363,47963,0.8556547695997796,0.12782828678814948
pred_w_dir,46363,48283,0.9077682336263114,-0.03983452494483497
pred_w_dir,46427,46619,0.9020607788790805,-0.27646363388593187
pred_w_dir,46427,46811,0.9189600169798795,0.17739349853622827
pred_w_dir,46427,47323,0.803372471744283,-0.3778729344293165
pred_w_dir,46427,47515,0.8943141354737952,0.16823472589372712
pred_w_dir,46427,48539,0.9777743042611089,0.20372553449028558
pred_w_dir,46491,46619,0.9135183360283379,-0.322087108479296
pred_w_dir,46491,46811,0.8643886333894921,-0.15750082497495796
pred_w_dir,46491,47515,0.8398752091854138,-0.10835985778973613
pred_w_dir,46491,48347,0.8075523450778826,0.045027894769469036
pred_w_dir,46491,48539,0.8467185504456126,-0.21472743299709116
pred_w_dir,46555,46875,0.9448169898301062,0.24945416791530955
pred_w_dir,46555,47067,0.8398676812820608,0.16202388254988176
pred_w_dir,46555,48027,0.8043818778610051,-0.32866046048322783
pred_w_dir,46555,48155,0.9540306444368032,0.15728342248199922
pred_w_dir,46555,48219,0.9068147450616887,-0.1059232182821806
pred_w_dir,46555,48475,0.9697285868762965,0.0699323736980184
pred_w_dir,46555,48603,0.9397413621945361,0.1953728412751877
pred_w_dir,46619,46811,0.989445661983025,-0.06250792664878597
pred_w_dir,46619,47323,0.8896073651030949,-0.09476227436986448
pred_w_dir,46619,47515,0.9057581471773397,-0.005210485773299375
pred_w_dir,46683,47003,0.8205660271469916,0.11549908189634579
pred_w_dir,46683,47067,0.9212268170096152,-0.15307502604372003
pred_w_dir,46683,47259,0.9301901453876259,-0.16861738516756475
pred_w_dir,46683,48027,0.8385508833370006,0.050569299596392885
pred_w_dir,46683,48283,0.8213336347111934,0.15909327110913213
pred_w_dir,46811,47323,0.8691080455818428,0.22923363981240752
pred_w_dir,46811,47515,0.9301233405591983,-0.3416531150713596
pred_w_dir,46811,48539,0.9662119328823334,-0.41408372504724084
pred_w_dir,46875,48027,0.8971755084684198,0.038729161683621637
pred_w_dir,46875,48155,0.9852499653122448,0.2335036167657718
pred_w_dir,46875,48219,0.9852244733694211,0.2193607029833213
pred_w_dir,46875,48475,0.9475273758620404,0.09344080276231628
pred_w_dir,46875,48603,0.9785985444295151,0.26043046572765377
pred_w_dir,46939,47643,0.9253377392509597,0.09489836445457851
pred_w_dir,47003,47579,0.8561078142987755,0.07438522907836644
pred_w_dir,47003,48283,0.8688395965690658,0.21190421511452454
pred_w_dir,47067,47387,0.9148924362644815,0.014870385162932107
pred_w_dir,47067,47579,0.9599915650185334,0.10561604121170806
pred_w_dir,47067,47771,0.81361980517182,-0.22379729042210314
pred_w_dir,47067,48027,0.9525388302402377,-0.13392743080788058
pred_w_dir,47067,48155,0.9087906910476953,0.003366182509313709
pred_w_dir,47067,48283,0.8298746355675835,-0.2988561480868329
pred_w_dir,47067,48475,0.8848513024113657,-0.2214622370446951
pred_w_dir,47259,47387,0.8562742191676536,-0.029408315585849665
pred_w_dir,47259,47451,0.8289444474554895,0.021745854054799698
pred_w_dir,47259,47579,0.9749674919584778,-0.22064894393793366
pred_w_dir,47259,47771,0.81214991455246,0.07120831939840112
pred_w_dir,47259,47963,0.8105862715831829,0.14340759665775665
pred_w_dir,47259,48283,0.9531455358105823,0.2539149166664043
pred_w_dir,47323,48347,0.9174217502755309,0.04332897502547025
pred_w_dir,47323,48539,0.8264927219790427,-0.20500184701272775
pred_w_dir,47387,48027,0.85966422699123,-0.06667045713975576
pred_w_dir,47451,47579,0.8424110863393516,0.17956751050864372
pred_w_dir,47579,47771,0.8161485622621064,-0.28058547888950214
pred_w_dir,47579,48027,0.8820401636529871,0.14009807666197538
pred_w_dir,47579,48283,0.9215031004304696,0.09446238288176863
pred_w_dir,47643,47835,0.8875640893294655,-0.19712150730398328
pred_w_dir,47643,48091,0.8349496130985559,-0.1653826132975035
pred_w_dir,47771,48283,0.9024806664059796,0.16043248200412355
pred_w_dir,47835,48091,0.9249305230096302,0.2886023971288713
pred_w_dir,47963,48283,0.9273900091118746,0.1773161208480493
pred_w_dir,48027,48155,0.904614358280556,-0.33310316258619627
pred_w_dir,48027,48219,0.8554672488979396,-0.4173018976761084
pred_w_dir,48027,48475,0.8342095294157519,-0.43667490983702706
pred_w_dir,48027,48603,0.8192636144804745,-0.27078033841985294
pred_w_dir,48091,48347,0.933281801863855,0.2866040751700926
pred_w_dir,48155,48219,0.964217439752111,0.27134281730597926
pred_w_dir,48219,48603,0.9561925070377094,0.15746352322652418
pred_w_dir,48411,48603,0.8057055327827195,0.2451479063053136
pred_temp,38939,40283,0.8740030704513895,-0.3420569382785255
pred_temp,38939,40859,0.9524810814793973,0.019231511956634993
pred_temp,38939,41243,0.8678677908946045,-0.3436313548414424
pred_temp,38939,41435,0.9513528014174663,0.25563580087158344
pred_temp,38939,41819,0.9694982100959365,0.15110065634080458
pred_temp,38939,42203,0.9573570772392672,0.2954133457719751
pred_temp,38939,42779,0.9626563834591634,0.18720447749550503
pred_temp,38939,43355,0.962325584676743,0.04535855438751849
pred_temp,38939,43739,0.976709844335798,0.11334707145561838
pred_temp,38939,43931,0.9687730383394151,0.2818135431894676
pred_temp,38939,44507,0.9709395100123002,0.15539510037483273
pred_temp,38939,44891,0.8886645654869701,-0.10912522970939452
pred_temp,38939,45275,0.9242798262401826,-0.38334378139261116
pred_temp,38939,45659,0.962282900229221,0.14601150530056867
pred_temp,38939,45787,0.8225294673698077,0.1148609234262865
pred_temp,38939,46235,0.8993228636021217,0.27444500826045953
pred_temp,38939,46619,0.9249712506507616,-0.2258135369487934
pred_temp,38939,46811,0.9132327829413832,-0.12881961090372313
pred_temp,38939,47003,0.9230961603437687,0.005055964707114438
pred_temp,38939,47195,0.970760256099436,0.13321910708764542
pred_temp,38939,47387,0.9395835898868954,-0.3387369865086433
pred_temp,38939,47579,0.9764846280912532,0.1784451237210712
pred_temp,38939,47963,0.9325431914097337,-0.019798379327560615
pred_temp,38939,48155,0.9446777002716055,0.17923833637224845
pred_temp,38939,48347,0.9129420017152419,0.21415290893078792
pred_temp,39003,40731,0.8670688466054315,0.2066281486049693
pred_temp,39067,39259,0.9373644314911954,0.09800447317792237
pred_temp,39067,40219,0.9572888108088625,0.2070285662242024
pred_temp,39067,40987,0.9647896349680399,-0.0844056066895263
pred_temp,39067,41755,0.894919094457198,0.03252125544395865
pred_temp,39067,42139,0.9657958035139921,0.2283007575327171
pred_temp,39067,42331,0.9664516832997302,0.20448858405988518
pred_temp,39067,43675,0.9834149634107917,-0.012445929174285966
pred_temp,39067,44059,0.9820364675168143,0.1419948359457826
pred_temp,39067,44827,0.8917510435281832,-0.022058910009080376
pred_temp,39067,46171,0.944571679608559,0.11429524471872737
pred_temp,39067,46363,0.947647236846258,0.2838439166384331
pred_temp,39067,47323,0.9415038916532046,-0.0027531449246207553
pred_temp,39067,47515,0.8653486529956101,0.26301497669244284
pred_temp,39067,47899,0.9598740014138392,-0.27077374280628064
pred_temp,39131,39515,0.922489323170483,-0.013041860071210505
pred_temp,39131,40091,0.9040272743341098,0.025770543366509222
pred_temp,39131,41243,0.9186262711204543,0.2928363730856629
pred_temp,39131,42203,0.8507586928603763,-0.3406019811298816
pred_temp,39131,43931,0.8841475698727457,-0.06678484707922899
pred_temp,39131,44315,0.8325512521603337,-0.01532130330236553
pred_temp,39131,45083,0.923343659673344,0.009662546696922309
pred_temp,39131,45275,0.8593099966615007,0.25230771217299464
pred_temp,39131,45467,0.9330894705521604,0.09676710818102036
pred_temp,39131,47003,0.8207968402179018,-0.11077620576607466
pred_temp,39131,47195,0.8282670241005494,-0.0031637338170324037
pred_temp,39131,47579,0.8717689013198108,0.15223561341594258
pred_temp,39131,48155,0.8669853160320075,-0.14964136463643032
pred_temp,39131,48347,0.8948703627721547,0.13766223764896232
pred_temp,39195,45723,0.8429778140963173,0.020980149610758576
pred_temp,39195,46875,0.925809661453383,0.1580163590335595
pred_temp,39259,39451,0.8564992266243601,-0.1746056095904383
pred_temp,39259,39643,0.9005277945863558,0.12252162875906283
pred_temp,39259,40411,0.9358211284905075,0.1926649701998552
pred_temp,39259,40603,0.918793935196612,0.10785753756852516
pred_temp,39259,41563,0.932908338521485,-0.2809804478979295
pred_temp,39259,42715,0.8554863253598896,0.2634674430786875
pred_temp,39259,43099,0.9066092390749109,-0.11416090658831783
pred_temp,39259,43483,0.8896655520471619,-0.1759378883918645
pred_temp,39259,43867,0.9218236264102402,0.27837735741714603
pred_temp,39259,44251,0.8946262021917748,0.020024352997516592
pred_temp,39259,44443,0.8784803584469241,-0.16801923429033372
pred_temp,39259,44827,0.8616929924325275,-0.15438468008124506
pred_temp,39259,45019,0.9196610538403309,0.18455916361001454
pred_temp,39259,45979,0.8447102530970061,0.20977665573326137
pred_temp,39259,46171,0.8071404212590922,-0.11586780888270479
pred_temp,39259,46555,0.8313290079599839,-0.26332499391477254
pred_temp,39259,46747,0.8338449261207425,0.010185571369736454
pred_temp,39259,46939,0.882479106610889,-0.1498052167474418
pred_temp,39259,47707,0.8410194463668124,0.02237076471035237
pred_temp,39259,48091,0.9444510680012369,0.02068355617612268
pred_temp,39259,48283,0.9110205591747942,0.19272093784123848
pred_temp,39323,40283,0.8092513258408335,-0.27627033376714527
pred_temp,39323,40475,0.8519063032297206,0.22356796817974325
pred_temp,39323,40859,0.8235339770038314,-0.023219040041751546
pred_temp,39323,41243,0.8063369973549105,-0.2618071367206425
pred_temp,39323,41819,0.8526861043038527,0.060428897351016
pred_temp,39323,42779,0.8845274321722153,0.283666859420589
pred_temp,39323,43355,0.8512879426243402,0.10387051430671718
pred_temp,39323,43739,0.8523242055797646,0.16019708796681745
pred_temp,39323,43931,0.8864866929947184,0.2147624491484481
pred_temp,39323,44891,0.9180924633314067,0.05111309333195657
pred_temp,39323,45275,0.8163049320458284,-0.26325417393294415
pred_temp,39323,45659,0.8386382112217804,0.22844080486355484
pred_temp,39323,46619,0.8253106853517318,-0.12999245292268163
pred_temp,39323,47195,0.8469410620248535,0.21429495687246736
pred_temp,39323,47387,0.8040356763932822,-0.17477612757600325
pred_temp,39323,47963,0.8086340485807606,0.014470908577256277
pred_temp,39323,48347,0.832068282510739,0.20242727086497397
pred_temp,39387,41115,0.8693185627748654,0.2934899801630848
pred_temp,39387,41307,0.8637809139731824,0.25316724344765745
pred_temp,39387,41691,0.8302924922589996,0.2449758111447816
pred_temp,39387,42459,0.9335598532892817,0.15367652491595826
pred_temp,39387,43227,0.9245345621821692,0.22949270283226808
pred_temp,39387,43419,0.848295582150647,0.2324719574106682
pred_temp,39387,43611,0.8681793359221782,0.05973124376917958
pred_temp,39387,43995,0.8507266846054591,0.1618266869856594
pred_temp,39387,44763,0.8879434173892947,-0.0609705360180296
pred_temp,39387,45723,0.8315583330055224,-0.3530065678973251
pred_temp,39387,45915,0.9355016591809716,-0.00651713104274674
pred_temp,39387,46299,0.8971940061372544,0.2968639462874883
pred_temp,39387,46683,0.8671907772508873,0.2871876099754474
pred_temp,39387,47259,0.8049243957281352,0.27468904370156366
pred_temp,39387,47451,0.8532479756590848,0.1279837170387771
pred_temp,39387,47643,0.9025334529942856,0.12415318486196095
pred_temp,39387,48411,0.8030818160744199,0.2691316415846063
pred_temp,39387,48603,0.8511951322139764,0.19339123125159874
pred_temp,39451,41755,0.9724813736348601,-0.1862103755534906
pred_temp,39451,42331,0.8940617394105823,0.22641767838776425
pred_temp,39451,43675,0.8859347964662518,-0.002635890101199089
pred_temp,39451,43867,0.8236058408693738,0.296719197449183
pred_temp,39451,44059,0.8928774340525353,-0.1013026726215355
pred_temp,39451,44827,0.9721239994630035,0.2837192988094123
pred_temp,39451,45595,0.8227304740049542,0.1352514536470258
pred_temp,39451,45851,0.862085630073528,0.2862340813048983
pred_temp,39451,46171,0.8035234363824304,0.12271674347281736
pred_temp,39451,46363,0.9264543950083759,0.14959917551564217
pred_temp,39451,47323,0.9067340370630056,-0.07143475230360292
pred_temp,39451,47515,0.9813163930931151,0.06511397288639185
pred_temp,39515,39899,0.8308212036783114,-0.0015424472991385325
pred_temp,39515,40155,0.8515270475323581,0.2320077678771761
pred_temp,39515,40283,0.8911292698473741,-0.43308404719253246
pred_temp,39515,41051,0.9107406310056616,0.1608149062101892
pred_temp,39515,41243,0.9071334891907576,-0.4012499200072857
pred_temp,39515,43995,0.8046572547388782,0.055887705907755346
pred_temp,39515,44123,0.8267900601381112,-0.08540468719869228
pred_temp,39515,44571,0.8171344610610448,0.1115022598976263
pred_temp,39515,44699,0.8074441793457556,-0.22334085342009674
pred_temp,39515,44891,0.8847344103607255,-0.4661347770448422
pred_temp,39515,45275,0.8136969516711632,-0.5748982178512924
pred_temp,39515,45723,0.8086270728947821,0.11202904771873917
pred_temp,39515,46427,0.8940680347583388,-0.23070749203115887
pred_temp,39515,46619,0.8215104590452581,-0.551530170281336
pred_temp,39515,48155,0.806342453503342,-0.0996483170202189
pred_temp,39515,48347,0.8684915943342412,-0.1512234424168288
pred_temp,39579,42459,0.9164532312199509,0.16520535250342788
pred_temp,39579,44763,0.9466675990671236,0.02153596119681601
pred_temp,39579,45723,0.9081471968126226,0.0867426352960491
pred_temp,39579,45915,0.8959278690843471,0.2257721858162128
pred_temp,39579,46683,0.8986246530617888,0.09809379597761811
pred_temp,39643,41755,0.973891670504284,0.03287358742436922
pred_temp,39643,41947,0.8544837325747597,0.2935688925254168
pred_temp,39643,42139,0.8030014057965575,0.04088211148413414
pred_temp,39643,42331,0.8685312329569316,0.11632273002997963
pred_temp,39643,43291,0.868116862011035,0.25987165381302957
pred_temp,39643,43675,0.8788541001737222,0.05549322236869789
pred_temp,39643,44059,0.8707218957813823,-0.00409809114627093
pred_temp,39643,44827,0.9519642395985121,0.1478483217930635
pred_temp,39643,45595,0.8127741308808072,0.16248806272603963
pred_temp,39643,46363,0.8904852494166619,0.22086783433199889
pred_temp,39643,47323,0.9124930249524568,0.00023483858337873845
pred_temp,39707,40091,0.9240363200731061,0.07152878027320946
pred_temp,39707,40283,0.9356792888882293,0.10037048538986125
pred_temp,39707,41243,0.9344735900205203,0.12531675019962646
pred_temp,39707,42203,0.9788212593517376,0.04806594564337003
pred_temp,39707,42395,0.9115924661032616,0.031145790161211905
pred_temp,39707,43739,0.9828124371414058,0.25256982908783354
pred_temp,39707,43931,0.9450517986878054,-0.17691941705076622
pred_temp,39707,44315,0.9727302867515698,0.17987377018947664
pred_temp,39707,44507,0.8966612598462987,0.2674755333868572
pred_temp,39707,44699,0.9746525975841969,0.18641725194979752
pred_temp,39707,45083,0.9692480574061387,0.12717930746148487
pred_temp,39707,45275,0.9851940420440859,0.13023153071786656
pred_temp,39707,45467,0.9286589628840901,0.24544597496288198
pred_temp,39707,46427,0.9431527891029415,0.22954617097000055
pred_temp,39707,46619,0.9842530771528479,0.18322190237848615
pred_temp,39707,46811,0.8686652089405457,0.06826681572775548
pred_temp,39707,47003,0.989346522053298,0.2683748613225689
pred_temp,39707,47195,0.9904160802552018,-0.1413796789446108
pred_temp,39707,47387,0.9772909927007621,-0.015839764620678563
pred_temp,39707,47579,0.9882011744032794,-0.015131202205769155
pred_temp,39707,47771,0.9605281373675479,0.021510907432909017
pred_temp,39707,48155,0.9727569781281429,0.04736203635605221
pred_temp,39771,40731,0.8359597002322777,0.28204609148617454
pred_temp,39835,44827,0.9274313601845233,0.01647798719531123
pred_temp,39835,46171,0.8625476191420348,0.028938654959711905
pred_temp,39835,46555,0.9074477114223602,0.25153898664470514
pred_temp,39835,47899,0.8938706082141654,0.20272915278837075
pred_temp,39899,40091,0.9164734513224929,-0.11420871013678578
pred_temp,39899,40283,0.9786063744144766,0.08105629383085121
pred_temp,39899,41243,0.9774220820265184,0.07199182809568137
pred_temp,39899,41627,0.8691308406999964,0.18478155233917087
pred_temp,39899,41819,0.9814854870203152,0.2402207412197756
pred_temp,39899,42203,0.968810100186022,-0.24628356550573718
pred_temp,39899,42395,0.8406426416115081,0.09423578673857126
pred_temp,39899,42971,0.9630507902043178,0.29969376428860556
pred_temp,39899,43355,0.8515099055774699,0.20807256536118005
pred_temp,39899,43739,0.9511053797003879,0.22747132014642615
pred_temp,39899,43931,0.9621780079477344,0.253351515501992
pred_temp,39899,44315,0.9380488691718653,0.2439324682077579
pred_temp,39899,44507,0.845125580442013,0.2024238486495702
pred_temp,39899,44891,0.9171973205308611,0.09142014626645657
pred_temp,39899,45083,0.9870541135183516,0.28818580809511213
pred_temp,39899,45275,0.990841604069598,0.1301662069310581
pred_temp,39899,45467,0.9572678464665917,0.2471682346898823
pred_temp,39899,46043,0.9796892687889895,0.2596244065779071
pred_temp,39899,46619,0.99547424984248,0.24633375352906892
pred_temp,39899,47195,0.9710394755816516,0.044953812982331795
pred_temp,39899,47387,0.9459042321619666,-0.20762111623238913
pred_temp,39899,47579,0.9781615394848768,0.1987533236836251
pred_temp,39899,47771,0.9190721577887224,0.14285286877431844
pred_temp,39899,48155,0.9673802401430711,0.06451868528750064
pred_temp,39963,44955,0.8543931579651954,0.17099891280256196
pred_temp,39963,48603,0.803055073876951,0.27633025052720916
pred_temp,40027,44827,0.9600582900003406,0.013649334495679406
pred_temp,40027,47323,0.8950926835862674,0.26182490439458994
pred_temp,40091,40283,0.8768091196315565,-0.11448352726227409
pred_temp,40091,40475,0.9476870690897561,0.18193415392751008
pred_temp,40091,40667,0.9646997823902946,0.1784831798602237
pred_temp,40091,40859,0.9289952894708322,-0.04943713270516855
pred_temp,40091,41051,0.9066832266484937,0.18781227270851178
pred_temp,40091,41243,0.8713368924391262,-0.07937704367198899
pred_temp,40091,41819,0.9495923124978941,0.022573487594072666
pred_temp,40091,42395,0.8110524863254046,0.18762926025173063
pred_temp,40091,42779,0.9527615561212943,-0.13807145142368163
pred_temp,40091,42971,0.9784555711110039,0.1482339857803241
pred_temp,40091,43355,0.9358610501801944,-0.030244707702643623
pred_temp,40091,43547,0.9682335285351223,0.1014184319825082
pred_temp,40091,43739,0.9545811783553361,0.1648282900755877
pred_temp,40091,44123,0.9537200900867825,0.031971771906145516
pred_temp,40091,44315,0.9719701168360102,0.19415134873084358
pred_temp,40091,44507,0.9592062510068186,0.23453582918545468
pred_temp,40091,44699,0.9546306812640319,-0.2953473822600103
pred_temp,40091,44891,0.9153018026099805,0.09884050606400789
pred_temp,40091,45083,0.9451786143431371,0.2113195545095623
pred_temp,40091,45275,0.9090753381267075,-0.2585095992193375
pred_temp,40091,45467,0.9155275770487389,-0.049649382334420275
pred_temp,40091,45659,0.9346884280591213,-0.20673199228572992
pred_temp,40091,46235,0.9012603506712596,0.0435781558225427
pred_temp,40091,46427,0.9453142167912599,-0.043552354921118905
pred_temp,40091,46619,0.9122170129753162,-0.23292562424719998
pred_temp,40091,46811,0.8768955961285385,0.07571637819317532
pred_temp,40091,47003,0.9005984431281124,-0.23239029865034835
pred_temp,40091,47387,0.911682465159463,-0.08435189995607006
pred_temp,40091,47579,0.9645889264226845,0.2718931183772288
pred_temp,40091,47771,0.9574976963490474,0.22307254348602443
pred_temp,40091,47963,0.9131274260664,-0.1979350692291729
pred_temp,40091,48155,0.9355657974567819,-0.06260578743487709
pred_temp,40091,48347,0.9065391079095769,-0.051362451651725594
pred_temp,40091,48539,0.8259685873204621,0.08070975970706822
pred_temp,40155,44763,0.8182789762883325,0.06402289782174375
pred_temp,40155,45723,0.8474021031480549,0.09870211814133156
pred_temp,40219,40411,0.9094858858381156,0.19568897176118863
pred_temp,40219,41563,0.9367020716616349,-0.2080262265716329
pred_temp,40219,43099,0.9377837472947729,-0.009300369832105965
pred_temp,40219,43867,0.9771399332328297,0.18569865035129737
pred_temp,40219,44251,0.8289051951396164,0.11314759968379998
pred_temp,40219,44443,0.9242569427374392,-0.05268233526300322
pred_temp,40219,45019,0.8833343323152282,0.08811324818776566
pred_temp,40219,45211,0.8080881758539432,0.29164551822909984
pred_temp,40219,45403,0.9145665099749775,0.26645858298054825
pred_temp,40219,46171,0.9151443878474991,0.16679317081956999
pred_temp,40219,46555,0.8283276719777494,-0.1749331805286815
pred_temp,40219,46747,0.8990034411203071,0.18572396715680756
pred_temp,40219,46939,0.9396419046518721,-0.06334722151947114
pred_temp,40219,47707,0.9548358320891377,0.2552356558973751
pred_temp,40219,48091,0.8865841367309257,0.019321187874394626
pred_temp,40219,48283,0.8094489121897527,0.023677828239346995
pred_temp,40283,42203,0.9213447015139316,-0.6074481461003006
pred_temp,40283,42971,0.9412968025925257,-0.28232818677979393
pred_temp,40283,43547,0.9396570529285845,-0.4845341062675051
pred_temp,40283,43931,0.9238165512072988,-0.08663062661071994
pred_temp,40283,44123,0.9523624765315629,0.06871935227635884
pred_temp,40283,44315,0.8785398293061514,-0.271972776217061
pred_temp,40283,44379,0.831619203337691,-0.18564456455177938
pred_temp,40283,44699,0.9425203909206408,-0.17612015448047952
pred_temp,40283,45083,0.9741295876727992,-0.7110341659646908
pred_temp,40283,45467,0.9549570805890589,-0.5348269439066564
pred_temp,40283,45659,0.8484742672244112,0.08693481439282788
pred_temp,40283,47003,0.942781140636493,-0.0184347417189315
pred_temp,40283,47195,0.920497551358643,0.19455515348477165
pred_temp,40283,47387,0.8760834157348364,0.2867108374965902
pred_temp,40283,47771,0.8395359655479694,-0.5821281989785504
pred_temp,40283,48155,0.9287309492272161,-0.4954725262631226
pred_temp,40283,48347,0.9775207074687338,0.015079795463017001
pred_temp,40411,40987,0.9214939896296555,0.031929955331350804
pred_temp,40411,41755,0.9602704693211426,0.17904185435920736
pred_temp,40411,46171,0.9300917566122312,0.18635140287122895
pred_temp,40411,47899,0.9235603643427449,-0.09912098022199597
pred_temp,40475,41627,0.9432546000591898,0.09159995468627655
pred_temp,40475,42203,0.992116529597176,-0.17389684603820682
pred_temp,40475,42395,0.9101151569650814,-0.2215216420787536
pred_temp,40475,42587,0.9389048676328222,0.2891907840328027
pred_temp,40475,42971,0.9627775214606737,0.03360902171260173
pred_temp,40475,43547,0.9930554673338072,-0.0418198473926428
pred_temp,40475,43931,0.967023706753216,0.09113191355498844
pred_temp,40475,44315,0.9814212326014332,0.09457554439583163
pred_temp,40475,44507,0.9172818395740977,0.262704846358375
pred_temp,40475,44699,0.9819418133652111,-0.08225024877489841
pred_temp,40475,45083,0.974207262369392,-0.2720345008842913
pred_temp,40475,45467,0.938989731047834,-0.08640212748326243
pred_temp,40475,45659,0.9792586167372996,0.22885522339811035
pred_temp,40475,45787,0.8754117267513765,0.2127856254924981
pred_temp,40475,47003,0.9891193959290516,0.13645900783273365
pred_temp,40475,47387,0.9849891376014932,0.07127730024008654
pred_temp,40475,47771,0.9768492606433925,-0.11483971141097697
pred_temp,40475,48155,0.9825763438560549,-0.2531773480793723
pred_temp,40475,48347,0.9708958820999821,0.2265707130636192
pred_temp,40539,42459,0.8213552746485517,0.22385316102666164
pred_temp,40603,40987,0.9702862697857204,0.11286825314953565
pred_temp,40603,41755,0.8783327781378475,0.1770964372379219
pred_temp,40603,42139,0.9648873494853162,0.15973156861941462
pred_temp,40603,44059,0.9844496212655995,0.2677203502392345
pred_temp,40603,44827,0.8806548896405758,0.08311820887697857
pred_temp,40603,46171,0.9604585866939709,0.2903670864306072
pred_temp,40603,47515,0.8548274050337641,0.23682211060458574
pred_temp,40603,47899,0.9758953898042884,-0.05687008173740208
pred_temp,40667,41627,0.9074856887184645,0.16371139166695037
pred_temp,40667,42203,0.87611316521455,-0.16669060241718078
pred_temp,40667,43931,0.900167006279931,-0.1071567463670356
pred_temp,40667,45083,0.8973859815827879,-0.09671240259572951
pred_temp,40667,45467,0.8551977281224237,-0.08138339592902313
pred_temp,40667,47195,0.8993091354433242,0.11941528241388939
pred_temp,40667,47387,0.8525536893180318,0.246923495773031
pred_temp,40667,47771,0.9027777071876627,0.11874327130284017
pred_temp,40667,48155,0.8727866509074026,0.12861666218739204
pred_temp,40731,40923,0.8286052163248693,0.26530538702126816
pred_temp,40731,41307,0.8362204583774634,0.2072601137609463
pred_temp,40731,41691,0.893703135737511,0.21496688925455235
pred_temp,40731,42075,0.8064353310329961,0.2706334943397378
pred_temp,40731,42843,0.9232586074007647,0.23166129089604584
pred_temp,40731,43419,0.9080433594086923,0.123888219266648
pred_temp,40731,43611,0.8164179463917168,0.24775701867372776
pred_temp,40731,44955,0.8469933744238838,-0.04874994822799427
pred_temp,40731,45339,0.9169188238181135,0.13956203624745087
pred_temp,40731,45915,0.8880113381132894,0.16262656777379011
pred_temp,40731,46299,0.8828804727081407,0.20717222940574997
pred_temp,40731,46683,0.8089106618455278,0.047779870140435984
pred_temp,40731,48603,0.8961527438201256,0.1500999566557167
pred_temp,40795,41755,0.8617995145988879,-0.3630931449144875
pred_temp,40795,42907,0.9047663602912779,0.25342010861383824
pred_temp,40795,43163,0.8007642253025943,0.2666942008067512
pred_temp,40795,45595,0.9177568191407645,-0.11296960507890429
pred_temp,40795,45851,0.8620612014576593,0.12655766322033438
pred_temp,40795,47515,0.8738926339793359,0.11511064131647977
pred_temp,40859,41627,0.9230773634844729,-0.2281232301246839
pred_temp,40859,42203,0.98145055474949,-0.4266063569833762
pred_temp,40859,42395,0.9135604589434256,-0.49301181879652567
pred_temp,40859,42587,0.9259022513097832,0.14520428220644524
pred_temp,40859,42971,0.9529753181886266,0.04524174062266954
pred_temp,40859,43547,0.9851951041910717,-0.14967425094206904
pred_temp,40859,43931,0.9534201612589279,-0.18126778049786368
pred_temp,40859,44315,0.9733369514207856,0.0027763957676947334
pred_temp,40859,44699,0.975521840888229,-0.04013111379603293
pred_temp,40859,45083,0.9707595096926755,-0.5171792477755789
pred_temp,40859,45467,0.9289189425898985,-0.263592634506624
pred_temp,40859,45787,0.8827984579062912,0.2842548383830948
pred_temp,40859,47003,0.9907834362470692,0.2242560926286852
pred_temp,40859,47195,0.9937202050943992,0.15631746802531168
pred_temp,40859,47387,0.9802770722591179,0.25707469630096036
pred_temp,40859,47771,0.9629016574921124,-0.3812635488956125
pred_temp,40859,48155,0.9735547606107933,-0.27145767787526837
pred_temp,40859,48347,0.9704856735481342,0.29112992796539716
pred_temp,40923,44955,0.9535002942461639,0.186407622252084
pred_temp,40923,45147,0.8344437234821126,0.23719365641992754
pred_temp,40987,41563,0.9395503331795683,-0.47268408589522937
pred_temp,40987,43099,0.9336542018405531,-0.2874022092907208
pred_temp,40987,43483,0.8031150826895105,-0.45826380973728786
pred_temp,40987,43867,0.9757846757726049,0.26197299967456794
pred_temp,40987,44251,0.8491171335492684,0.052040803605644476
pred_temp,40987,44443,0.9130942773482676,-0.23682470818711598
pred_temp,40987,45019,0.9014245855685612,0.11351725879913112
pred_temp,40987,45403,0.9317944404718208,0.2715405204298234
pred_temp,40987,46171,0.8906950654119543,0.012554932024215941
pred_temp,40987,46555,0.8188802289949282,-0.3300468196610419
pred_temp,40987,46747,0.8768737546597204,0.09522195524994728
pred_temp,40987,46939,0.9315342765355089,-0.057703586453154036
pred_temp,40987,47707,0.9248307978745599,0.13420468450078524
pred_temp,40987,48091,0.9094915114312834,-0.2118242561389742
pred_temp,40987,48283,0.843548496955319,-0.033115784068616594
pred_temp,41051,41627,0.8204599559077395,0.14989774996016642
pred_temp,41051,42203,0.9540993729865833,-0.14348788083283606
pred_temp,41051,42587,0.8001613954457562,0.22642181122335403
pred_temp,41051,42971,0.9662906869523871,0.28497484524695765
pred_temp,41051,43547,0.9647940221013623,0.18237926507593233
pred_temp,41051,43931,0.9384085480036195,0.22076137060773204
pred_temp,41051,44315,0.9078558577612524,0.09164030590285106
pred_temp,41051,44379,0.8215698802925936,0.007562450591225806
pred_temp,41051,44699,0.9672295569570035,0.11116801161687491
pred_temp,41051,45083,0.9899711674302756,0.04434377862043541
pred_temp,41051,45275,0.9779226043449133,0.2840071271067438
pred_temp,41051,45467,0.986209543354487,0.103437499712049
pred_temp,41051,45659,0.8798245810414677,0.03373431574002033
pred_temp,41051,47003,0.9594693669964431,-0.00021945315519984057
pred_temp,41051,47195,0.9363278943573682,0.18943759173692093
pred_temp,41051,47387,0.9017126975915429,-0.08151803026337343
pred_temp,41051,47579,0.9580858593109021,0.2705509394920517
pred_temp,41051,47771,0.8767532967100758,-0.09289120767331889
pred_temp,41051,48155,0.9629744294561179,-0.23287407417070394
pred_temp,41115,46683,0.9798567538760768,0.24639455038508784
pred_temp,41243,42203,0.9304332539591181,-0.5385888144782366
pred_temp,41243,42971,0.9412335794934102,-0.28686453495117614
pred_temp,41243,43547,0.9415122850281891,-0.48261547956088335
pred_temp,41243,43931,0.9149364367262981,-0.10203717564707189
pred_temp,41243,44123,0.9578703868995516,0.06611058915224109
pred_temp,41243,44315,0.8776425449685081,-0.2656020905866792
pred_temp,41243,44379,0.8536370368969786,-0.11254228617589979
pred_temp,41243,44699,0.9454265569286974,-0.16870537933159502
pred_temp,41243,45083,0.9764149619701744,-0.6891049639225454
pred_temp,41243,45467,0.9685500842274213,-0.5111727360208905
pred_temp,41243,45659,0.8504955582320566,0.04402276820806348
pred_temp,41243,47003,0.9495922790867346,0.008597297201323784
pred_temp,41243,47195,0.9178640387715116,0.21587832393616022
pred_temp,41243,47771,0.8401367151136792,-0.6165938346534994
pred_temp,41243,48155,0.9406640255386487,-0.47106981665967457
pred_temp,41243,48347,0.9855323769843372,0.01169714937218387
pred_temp,41307,44955,0.9340366355477939,0.2979361749615265
pred_temp,41307,46875,0.8168771779944757,0.2235079944015286
pred_temp,41307,47451,0.8502128119663691,0.16293696120864343
pred_temp,41307,48027,0.8155225197773823,0.19107594498280905
pred_temp,41371,44827,0.9583661957934262,0.16993204007696186
pred_temp,41371,46171,0.9301631375616285,0.26232229615410557
pred_temp,41371,47899,0.9267055904325935,0.20278169720324027
pred_temp,41435,41627,0.9726670093788129,0.2049838470292817
pred_temp,41435,42203,0.9293705090080658,-0.031057293654626308
pred_temp,41435,42395,0.9687733731807645,-0.15943702514955507
pred_temp,41435,42971,0.8860331027977785,-0.048050645784119876
pred_temp,41435,43547,0.9331286247506604,0.09828757560510813
pred_temp,41435,43931,0.9153400183577561,0.20629409972687088
pred_temp,41435,44699,0.9120953457185151,0.13418422764349847
pred_temp,41435,45083,0.8777262040380779,-0.08499903324637617
pred_temp,41435,45467,0.8070863367673252,-0.15774115283448784
pred_temp,41435,45787,0.9475006539880738,0.13756588411381865
pred_temp,41435,47387,0.9648371663171966,0.1871578077101753
pred_temp,41435,47771,0.9787074127824914,0.13525045942247946
pred_temp,41435,48155,0.9037214184025061,0.05143069860750884
pred_temp,41435,48539,0.8087716526691033,-0.21711229781007454
pred_temp,41563,41755,0.9253726338823082,-0.30097837272250416
pred_temp,41563,42139,0.953777727868824,-0.07472572902943847
pred_temp,41563,42331,0.9784435459149513,0.06964889527295484
pred_temp,41563,42907,0.8977423024263521,0.1965891725194689
pred_temp,41563,43675,0.9856173923579368,-0.17814477869086084
pred_temp,41563,43867,0.986098308288265,0.25944583325415427
pred_temp,41563,44059,0.9893359119702041,-0.22780782600894317
pred_temp,41563,44827,0.9246076374368369,0.1524012669514422
pred_temp,41563,45211,0.9492603788129971,0.2144778271926056
pred_temp,41563,45403,0.9912807303890292,0.23669448496587928
pred_temp,41563,45979,0.9630927285406397,0.1713839018320854
pred_temp,41563,46171,0.9413436441216384,0.04539988286895433
pred_temp,41563,46363,0.9680957427232391,-0.014083738392757443
pred_temp,41563,47131,0.9658406681094964,0.2311703156708525
pred_temp,41563,47323,0.953753563293162,-0.18025179020159923
pred_temp,41563,47515,0.90634747318937,-0.06074131113047878
pred_temp,41563,47899,0.937338215124276,-0.6549230404980622
pred_temp,41627,41819,0.9374523576287289,-0.09368699581916289
pred_temp,41627,42011,0.9884567857910096,0.2007209415853978
pred_temp,41627,42779,0.9288302062473153,0.27062892320623844
pred_temp,41627,43355,0.9834349787147171,-0.16819779931374454
pred_temp,41627,43739,0.9592134949329914,-0.117889141773931
pred_temp,41627,43931,0.9147360679928507,0.12555473930685548
pred_temp,41627,45275,0.8809954288207176,-0.4213826955729237
pred_temp,41627,45659,0.9767219906042945,0.29111511364001735
pred_temp,41627,45787,0.8878923179991952,0.1665889650832278
pred_temp,41627,46043,0.9332192584915229,0.24644213612492152
pred_temp,41627,46235,0.9224032229229434,0.24942264174363965
pred_temp,41627,46427,0.8549622699213023,0.03938345226387822
pred_temp,41627,46619,0.8670371352159331,-0.3778428672367228
pred_temp,41627,46811,0.9734915048731827,-0.051287082280045554
pred_temp,41627,47003,0.89430528341342,0.18897555550833664
pred_temp,41627,47195,0.9463563468175363,-0.0012171646001613474
pred_temp,41627,47387,0.9488213569734533,0.01876835592333624
pred_temp,41627,47579,0.9438125583486161,0.13181750065735967
pred_temp,41627,47963,0.8921289896262434,-0.2186785576700778
pred_temp,41627,48347,0.8519441769438677,0.230704347433198
pred_temp,41691,45147,0.9823628286155895,0.29646658968635425
pred_temp,41755,42715,0.9720182347936884,0.2631181718302275
pred_temp,41755,43099,0.9149980562472624,-0.12037201145218518
pred_temp,41755,43291,0.9348498021097613,0.2703214865134818
pred_temp,41755,43483,0.9795911180957713,-0.21612398798472574
pred_temp,41755,43867,0.8793292852796989,0.13923778149848162
pred_temp,41755,44251,0.969420254831419,0.29706167525452587
pred_temp,41755,44443,0.9103645246394575,-0.10356747280368532
pred_temp,41755,44827,0.9679047779182189,-0.3559153037336744
pred_temp,41755,45019,0.9696645565495189,0.17873788428857743
pred_temp,41755,45851,0.8093084222307878,0.2552868441822908
pred_temp,41755,46171,0.8346543461472344,0.20709180041035974
pred_temp,41755,46555,0.9250424944269061,-0.22760943450734922
pred_temp,41755,46747,0.8984001307592997,0.22167815638540975
pred_temp,41755,46939,0.9031033153926122,0.06010708049223893
pred_temp,41755,47707,0.8540671424880779,0.26579247768529995
pred_temp,41755,48091,0.9620357174226073,-0.034090825324358115
pred_temp,41755,48283,0.9851214115423197,0.19893744174704248
pred_temp,41819,42203,0.9808172595879712,-0.3253094547890713
pred_temp,41819,42395,0.9104535753232865,-0.2201414430346001
pred_temp,41819,42587,0.939189281380148,0.26330040410513933
pred_temp,41819,43547,0.9900020376632914,-0.11235064599099599
pred_temp,41819,43931,0.9677489278493473,-0.23389482093682246
pred_temp,41819,44123,0.982005903179564,0.2000700992573291
pred_temp,41819,44315,0.9809306736440107,-0.25880811306757384
pred_temp,41819,44507,0.918430899626594,0.25461377910208677
pred_temp,41819,44699,0.978399484073746,-0.07807705627544352
pred_temp,41819,45083,0.9739555030909111,-0.38037670098561516
pred_temp,41819,45467,0.9287203339513053,-0.2016762644954961
pred_temp,41819,45659,0.973674815070893,-0.09901536290438293
pred_temp,41819,45787,0.8725411467035582,0.21667275278385476
pred_temp,41819,46811,0.8824179540853355,0.25109666679019116
pred_temp,41819,47003,0.9822727252391364,-0.10580566170770817
pred_temp,41819,47195,0.9965260931543322,0.07649095148478871
pred_temp,41819,47387,0.9760403525929957,0.22401285431442217
pred_temp,41819,47579,0.9943831937344363,0.077021639311603
pred_temp,41819,47771,0.970239107124713,-0.5342439467291422
pred_temp,41819,48155,0.9706101384692241,-0.4220356182061264
pred_temp,41819,48347,0.9648969150393306,-0.06335020746298568
pred_temp,41883,43227,0.8251863374125105,0.2983967870206427
pred_temp,41883,43995,0.8792073365375794,0.18642497025485016
pred_temp,41883,44763,0.8151203079584558,0.08712146165839216
pred_temp,41883,47451,0.8333203394288845,0.2687822630920301
pred_temp,41947,43483,0.9236455015661952,0.26959590849252396
pred_temp,41947,44827,0.9188256156604353,-0.042690325563210035
pred_temp,41947,46171,0.9527000105816288,0.0517770814000589
pred_temp,42011,42203,0.9328362560501362,-0.10481994045895868
pred_temp,42011,42395,0.9481454725178493,-0.1104280094200368
pred_temp,42011,42971,0.905911493254138,0.23646267653190747
pred_temp,42011,43547,0.9416981949092708,0.22192479606660084
pred_temp,42011,43931,0.9294716499359014,0.24837643529963438
pred_temp,42011,44699,0.9195979066169148,0.18017641312956864
pred_temp,42011,45083,0.8863366222297497,-0.07264013797375936
pred_temp,42011,45467,0.8219512637124712,-0.0025314284896451184
pred_temp,42011,45787,0.9208469597543658,0.08146013425049341
pred_temp,42011,47003,0.9096558363801105,0.2608335138996203
pred_temp,42011,47387,0.9558700679109527,0.18840750057578712
pred_temp,42011,47771,0.987618002920701,0.0169991838054944
pred_temp,42011,48155,0.9082418465906902,-0.032160606741976815
pred_temp,42011,48347,0.8591898860089211,0.2946363669801692
pred_temp,42011,48539,0.8446748664682383,-0.3267787863992721
pred_temp,42075,44763,0.8288363637117109,0.29065129283444135
pred_temp,42075,46683,0.9823527783072189,0.270153530452635
pred_temp,42139,43099,0.9382052954920899,-0.007326046585515572
pred_temp,42139,43483,0.8433974278063253,-0.053244687734789437
pred_temp,42139,44251,0.8755231143458081,-0.018797504679416856
pred_temp,42139,44443,0.9179401545087953,-0.04776023503894906
pred_temp,42139,44827,0.825695778733281,-0.19595975832318546
pred_temp,42139,45403,0.9410527485875905,0.26423286943725194
pred_temp,42139,46171,0.8709944272784779,-0.2435774661706955
pred_temp,42139,46555,0.8380648073104572,-0.05301117159013193
pred_temp,42139,46747,0.8823944499745559,0.2422213203880386
pred_temp,42139,46939,0.9334179346840639,0.135637944379452
pred_temp,42139,47707,0.9172942048967416,0.20658793462497896
pred_temp,42139,48091,0.9323981041046485,0.10367921636518573
pred_temp,42139,48283,0.8780319333840634,0.19838250556830864
pred_temp,42203,42779,0.9949077163928143,0.006510569376950907
pred_temp,42203,42971,0.9659354867958706,0.17302113313680287
pred_temp,42203,43355,0.8954213143435035,-0.3863140660766944
pred_temp,42203,43739,0.9620449665927232,-0.3107993725753514
pred_temp,42203,43931,0.9474290589937565,-0.021041974273071792
pred_temp,42203,44123,0.9929144066127823,0.13325884788416614
pred_temp,42203,44315,0.9753815183369983,0.24368216099367604
pred_temp,42203,44507,0.9091719594681912,0.08718487367268367
pred_temp,42203,44699,0.9853377256535277,0.11201635386483645
pred_temp,42203,44891,0.8937259265555214,-0.18042733945625158
pred_temp,42203,45275,0.9856790681645214,-0.4468039685565107
pred_temp,42203,45659,0.974442108074086,0.02416493597373853
pred_temp,42203,45787,0.8502387712001453,0.006535449473117758
pred_temp,42203,46043,0.9816679012425237,-0.11753094248437058
pred_temp,42203,46427,0.9535175641195607,-0.35778789641092773
pred_temp,42203,46619,0.9718457437700776,-0.5651510264921289
pred_temp,42203,46811,0.8637519843996223,-0.18622122807212693
pred_temp,42203,47003,0.9871295710051842,0.1472022237178249
pred_temp,42203,47195,0.9821226082709581,-0.08235033905567436
pred_temp,42203,47387,0.9821213584708365,0.15968055352351232
pred_temp,42203,47579,0.9918030698118457,-0.08649495481914411
pred_temp,42203,47963,0.9787380129719073,-0.3400609537441761
pred_temp,42203,48347,0.9764942078355369,0.1418894431902903
pred_temp,42267,44763,0.837939061654886,0.28038067560822955
pred_temp,42331,43099,0.9765170074051491,0.2713246104996679
pred_temp,42331,43483,0.9296775971575519,0.06270338583941766
pred_temp,42331,44827,0.9263952763663112,0.043715543617489624
pred_temp,42331,46171,0.9282259670999966,0.07033829658534263
pred_temp,42331,46555,0.9373956022796947,0.1256456579530945
pred_temp,42331,48091,0.9709172450757589,0.11999633284142007
pred_temp,42395,42779,0.8533383209886843,-0.25130441199981457
pred_temp,42395,43355,0.9209303931362269,-0.49165937568382134
pred_temp,42395,43739,0.9340804359228946,-0.3530114891845486
pred_temp,42395,44123,0.8381051649095005,-0.08386729078770677
pred_temp,42395,44315,0.9039964808192774,0.29911890506552175
pred_temp,42395,44507,0.8673922921716544,-0.13709815996775404
pred_temp,42395,44699,0.8290983424621727,0.1619295386911758
pred_temp,42395,45275,0.8571746923454674,-0.5507134820753161
pred_temp,42395,45659,0.9347727303848581,-0.12927797484349793
pred_temp,42395,45787,0.9836790919146703,0.10647231394924152
pred_temp,42395,46043,0.8640715452580828,-0.1266462433305597
pred_temp,42395,46619,0.8397373614797695,-0.6301081499055329
pred_temp,42395,46811,0.9380318761926829,-0.44793528475139377
pred_temp,42395,47003,0.8902362655185151,0.12249594795465839
pred_temp,42395,47195,0.9250481441817494,0.11762738512875621
pred_temp,42395,47387,0.9293354393356537,-0.22095251434991559
pred_temp,42395,47579,0.88594142104664,-0.19404344260549006
pred_temp,42395,47963,0.8873520079915636,-0.4176656682238407
pred_temp,42395,48155,0.8418606102807948,0.22167691567444708
pred_temp,42395,48347,0.8049742498778681,-0.074381564998148
pred_temp,42459,43803,0.8094992580522739,0.1774193481351172
pred_temp,42459,44763,0.9702634183338785,0.26180194410970326
pred_temp,42459,45723,0.8810927001697266,0.1563008493217862
pred_temp,42459,46107,0.8720553919265052,0.2194820197837867
pred_temp,42459,46875,0.9789760283270832,0.16138443693387097
pred_temp,42459,47451,0.8277168502984766,0.11350894738982337
pred_temp,42459,47643,0.8789332348608214,0.2678654663161648
pred_temp,42459,47835,0.8182449546450417,0.0462463415629345
pred_temp,42523,44827,0.9547535006320396,0.12018617556523394
pred_temp,42587,43355,0.9933033951318044,0.11375307377013563
pred_temp,42587,43739,0.9676519670536355,0.22960139912208985
pred_temp,42587,43931,0.9072150005957963,0.17117762613425444
pred_temp,42587,45275,0.8718723188687159,-0.03802670080301539
pred_temp,42587,45787,0.9171974985039065,0.13177434104537206
pred_temp,42587,46427,0.8333858321402721,0.18552302645778604
pred_temp,42587,46619,0.8613992831441969,-0.10583505430584919
pred_temp,42587,46811,0.9862910230959392,0.09090425708610884
pred_temp,42587,47195,0.9477047365504662,0.18675216867261465
pred_temp,42587,47387,0.9464516185923711,0.1381731916858494
pred_temp,42587,47579,0.9358940115742829,0.23752113051352455
pred_temp,42587,47963,0.892678497793774,0.08672315234443793
pred_temp,42587,48347,0.8356380769229846,0.22790258575540293
pred_temp,42651,44955,0.9004848764716431,0.13832963371610177
pred_temp,42715,44827,0.9667420144501913,0.1607657843072403
pred_temp,42779,43931,0.9522547121674142,-0.3046132550798318
pred_temp,42779,45083,0.9822236672658629,-0.08967797209709308
pred_temp,42779,45467,0.9676433481988633,0.17117427107611985
pred_temp,42779,47195,0.9799620164670884,-0.20348605486393076
pred_temp,42779,47579,0.9937343700183116,0.2589056998893434
pred_temp,42779,47771,0.9622087058252977,0.062408315312355675
pred_temp,42907,44827,0.9687054331626715,0.1073431491125295
pred_temp,42971,43355,0.8849514722919953,0.14545260425114273
pred_temp,42971,43739,0.9464224738171381,-0.00769278942983272
pred_temp,42971,43931,0.9584019681914582,-0.10436734518978176
pred_temp,42971,44315,0.9638359899002928,0.23890915618456657
pred_temp,42971,44891,0.9634782071907414,0.086645850481119
pred_temp,42971,45275,0.9548630677313403,-0.14352488114933096
pred_temp,42971,45659,0.9302011646887337,0.1115182727960079
pred_temp,42971,46427,0.9877264530102564,0.212154411276898
pred_temp,42971,46619,0.9608616629834938,-0.17631520004986825
pred_temp,42971,46811,0.8141152766279823,-0.1684634861463195
pred_temp,42971,47003,0.9405728074598585,0.0946271361254139
pred_temp,42971,47195,0.9558543025021642,-0.146101091034679
pred_temp,42971,47387,0.9220065785033621,0.1604587713096288
pred_temp,42971,47579,0.9784050333010926,-0.11924625190386896
pred_temp,42971,47771,0.938919404907283,0.2665260158281903
pred_temp,42971,47963,0.9505492482900254,-0.07748017394293005
pred_temp,42971,48347,0.9620863270111937,0.2628107163732367
pred_temp,43035,46875,0.8765760532799785,0.2901981609057492
pred_temp,43035,47451,0.8669508981481248,0.2562777121906788
pred_temp,43099,43675,0.9904596409785383,0.006820309739774516
pred_temp,43099,43867,0.9845844544320905,0.2396773256680047
pred_temp,43099,44059,0.9947750708138869,-0.06681495293592239
pred_temp,43099,44827,0.9344263392609614,0.2705666952352753
pred_temp,43099,45211,0.9431199571738839,0.2982650777099178
pred_temp,43099,45979,0.9810116888494766,0.2331374467568695
pred_temp,43099,46171,0.9718768029904611,0.22997052394229167
pred_temp,43099,46363,0.9822863413629624,0.26048213342628485
pred_temp,43099,47131,0.9476354769735758,0.26059128983148266
pred_temp,43099,47323,0.941742213189003,-0.019876249627172375
pred_temp,43099,47515,0.9132995150610151,0.1574790454176852
pred_temp,43099,47899,0.9517720321874661,-0.3959353977834965
pred_temp,43163,45595,0.8582212725827456,0.201596403868277
pred_temp,43227,45723,0.8859133367491299,0.2556611825544278
pred_temp,43227,48027,0.8214376986369238,0.21844385487233878
pred_temp,43291,43483,0.9335529963596888,0.2649788203946726
pred_temp,43291,44251,0.9523153812090099,0.19657402969499094
pred_temp,43291,44443,0.9680165711866631,0.2717884486335556
pred_temp,43291,44827,0.9229742838402429,0.08470379284528187
pred_temp,43291,46171,0.911394925590595,-0.22104899697426858
pred_temp,43291,46555,0.9403945341502933,0.2777308303617089
pred_temp,43291,47323,0.9568824436796836,0.20980568392445834
pred_temp,43291,47899,0.9149883927782884,0.1833045363013073
pred_temp,43355,43547,0.9128209638434132,-0.19332794433925915
pred_temp,43355,43931,0.9071124473190754,-0.19536974726577186
pred_temp,43355,44315,0.9558702349704635,-0.2178299634243507
pred_temp,43355,44699,0.8932866460612953,0.03936189468267755
pred_temp,43355,45083,0.8474409033618258,-0.5317951487966384
pred_temp,43355,45659,0.9569079726477291,0.06357475903392915
pred_temp,43355,45787,0.8930667303369747,0.05110369091694289
pred_temp,43355,47003,0.8630734954110272,-0.08024893562928079
pred_temp,43355,47195,0.9332937817581766,0.15139934266786534
pred_temp,43355,47771,0.9685933482607867,-0.42150637242761146
pred_temp,43355,48155,0.8684242303650579,-0.3678390714101082
pred_temp,43355,48347,0.8113671356756582,-0.014518392703042319
pred_temp,43355,48539,0.8335945195934042,-0.6584721236714531
pred_temp,43483,43675,0.9360416080075896,-0.05276501546967079
pred_temp,43483,44059,0.9388725453025414,-0.12461131159396734
pred_temp,43483,45851,0.8024591241168061,0.11855627994835106
pred_temp,43483,45979,0.864111356230403,0.26275214410230757
pred_temp,43483,46171,0.8741036235930179,0.2813057632231957
pred_temp,43483,46363,0.9633453299947876,0.20413230018466477
pred_temp,43483,47323,0.9348694533986585,-0.05998220101829572
pred_temp,43483,47515,0.9895577557558691,0.18554033156096386
pred_temp,43483,47899,0.8128119320266385,-0.5134638135205798
pred_temp,43547,43739,0.9748403974002946,-0.11327033875709795
pred_temp,43547,43931,0.9692768941548237,0.2233552045461169
pred_temp,43547,44891,0.9235909924643226,-0.11580355617300644
pred_temp,43547,45275,0.982005130723533,-0.19492208997277705
pred_temp,43547,45787,0.8264917327344267,0.0957679460939714
pred_temp,43547,46043,0.9961985226287318,0.2467391648788927
pred_temp,43547,46235,0.8067755139516866,0.2878483930619176
pred_temp,43547,46427,0.9733314275220386,0.17851215439795876
pred_temp,43547,46619,0.9791516905042329,-0.2876093200355584
pred_temp,43547,46811,0.862643465215929,-0.08877956326473156
pred_temp,43547,47195,0.9869447296120658,-0.07051624017399674
pred_temp,43547,47387,0.9685916091021773,0.07090965704583278
pred_temp,43547,47579,0.9976488085065397,0.07895368064555411
pred_temp,43547,47963,0.9800905294853678,-0.06367268463946804
pred_temp,43611,45147,0.9669515432576377,0.18015409268065258
pred_temp,43675,43867,0.9834805416121464,0.2820544726076327
pred_temp,43675,44443,0.9866512186689195,0.24638974708792466
pred_temp,43675,44827,0.9358670575904336,-0.09848103835881204
pred_temp,43675,46171,0.9579238766277213,0.2390063062457754
pred_temp,43675,46555,0.9505528259186664,0.13880265905433978
pred_temp,43675,48091,0.9811370246216634,-0.05023510864732493
pred_temp,43675,48283,0.9598341100869554,0.2715351287374295
pred_temp,43739,43931,0.9589191053785715,0.022697776527018258
pred_temp,43739,44123,0.9583812368989747,0.29795916837432995
pred_temp,43739,44315,0.9872743511659536,0.1101606107808703
pred_temp,43739,44699,0.9560086988070962,0.08547247485589365
pred_temp,43739,45083,0.9468201347628457,-0.33500552455226634
pred_temp,43739,45467,0.8875022505729235,-0.2741642598519095
pred_temp,43739,45659,0.9792254973052466,0.20598428151789366
pred_temp,43739,45787,0.8985923718067788,0.023207038799483142
pred_temp,43739,47003,0.9571563940496287,0.10599369341783148
pred_temp,43739,47387,0.968135744388977,0.2714495375323884
pred_temp,43739,47771,0.9805120507716764,-0.21386584529460426
pred_temp,43739,48155,0.9456141830184039,-0.23215153345906783
pred_temp,43739,48347,0.9266868703711449,0.16075469367772477
pred_temp,43803,44763,0.8822511812307131,0.27477535653656426
pred_temp,43803,45723,0.8886408921355458,0.2675917625467441
pred_temp,43867,44251,0.9218121822908555,0.25071662254769195
pred_temp,43867,44827,0.87281213451415,-0.02849627727339848
pred_temp,43867,46171,0.9488412763378432,-0.05453656396771171
pred_temp,43867,47899,0.9772520052706752,0.14612573920486316
pred_temp,43867,48091,0.9600237993262142,0.20971592154598745
pred_temp,43931,44123,0.9578200374645849,0.04171887678611714
pred_temp,43931,44315,0.9470984990442072,0.2332917605423636
pred_temp,43931,44507,0.8967658859497283,-0.06892932145735871
pred_temp,43931,44699,0.9523528132089526,0.0425658816611853
pred_temp,43931,44891,0.8767965663414204,-0.3133693000450634
pred_temp,43931,45275,0.9419099146999413,-0.15145012586267864
pred_temp,43931,45467,0.9149893934241096,0.009117682883864732
pred_temp,43931,45659,0.9186313461689615,-0.1273303667104214
pred_temp,43931,46043,0.9741193882156681,0.1193050943892603
pred_temp,43931,46427,0.94415585182038,0.007922616931081424
pred_temp,43931,46619,0.9456002551846051,-0.1492330452634931
pred_temp,43931,46811,0.8360096431148589,-0.06293117914268587
pred_temp,43931,47003,0.9342742330543238,0.01880796960592787
pred_temp,43931,47387,0.9219322465369736,-0.2629624008040653
pred_temp,43931,47579,0.9691315739480167,0.28344549058859897
pred_temp,43931,47771,0.9403866091551599,0.29643636673372703
pred_temp,43931,47963,0.9402236530341216,-0.22411257247763072
pred_temp,43931,48155,0.9306923023025346,-0.080708869100759
pred_temp,43931,48347,0.9364909678832465,0.02564231372108865
pred_temp,43995,45723,0.8993614713209125,0.24277848530122445
pred_temp,44059,44443,0.9929722175327842,0.1912976623252472
pred_temp,44059,44827,0.9385764506805818,-0.1861121353609755
pred_temp,44059,46171,0.9629289927597862,0.23674267379251465
pred_temp,44059,46555,0.9606226314758158,0.11725557243225493
pred_temp,44059,46939,0.9949781802793971,0.22032541197533448
pred_temp,44059,48091,0.9817103173718553,0.05793695351725013
pred_temp,44123,45083,0.9901087862911453,0.261858667224975
pred_temp,44123,45787,0.8043065960785444,0.05219816466233986
pred_temp,44123,47195,0.977798980267489,0.06802649556086551
pred_temp,44251,44827,0.9889586484182997,0.07502250377887174
pred_temp,44251,47899,0.8701508651446972,-0.016994275888985538
pred_temp,44315,44891,0.8779109769033064,0.009536290173100795
pred_temp,44315,45275,0.9471216966744717,0.004856177744125525
pred_temp,44315,45787,0.8798931956630772,0.18030070413953034
pred_temp,44315,46619,0.9420768148988423,-0.024382137508403706
pred_temp,44315,47195,0.9857932819712563,0.2940763847366127
pred_temp,44315,47387,0.9651360952146314,-0.10792871295809243
pred_temp,44315,47963,0.9604830949749771,0.22074192533395082
pred_temp,44443,47131,0.9276402560424445,0.2548998509535609
pred_temp,44443,47899,0.9451285632149975,-0.157669964573625
pred_temp,44507,45083,0.8571165629409959,0.046877760091688495
pred_temp,44507,45467,0.8123093985805471,0.060941351344907746
pred_temp,44507,45787,0.848687108848647,0.1285899257961066
pred_temp,44507,47195,0.9216622626912977,0.06929480897303732
pred_temp,44507,47771,0.9696835680039216,0.25761733417382154
pred_temp,44507,48347,0.8223317523963805,0.28361209734316295
pred_temp,44507,48539,0.8796538784055291,-0.08375764216442821
pred_temp,44571,45723,0.9502805491804045,0.275573571310284
pred_temp,44635,44827,0.9539363860428286,0.17420279271317674
pred_temp,44699,44891,0.9382922591175277,0.06928410488298209
pred_temp,44699,45275,0.9796277745624485,0.12920106039978807
pred_temp,44699,46043,0.9848336810585115,0.061174807608281055
pred_temp,44699,46427,0.9713564460662786,0.29337025774462244
pred_temp,44699,46619,0.9788348352138437,0.03404833982869913
pred_temp,44699,46811,0.8372589993506939,0.016468129914370647
pred_temp,44699,47195,0.9681240804495043,-0.26102572493166737
pred_temp,44699,47579,0.9860386986910598,0.10812060733767716
pred_temp,44699,47963,0.9710284356361781,0.22509313617516336
pred_temp,44763,45147,0.8064410695119968,0.10740058130950966
pred_temp,44763,45723,0.8643699395503834,0.2910521418218437
pred_temp,44763,46491,0.8632124801992276,0.27673717596434383
pred_temp,44763,47451,0.8981155464012942,0.15003619192260903
pred_temp,44763,47835,0.8798302058185742,0.261551729296542
pred_temp,44827,45211,0.9810294292257217,0.27219653486686984
pred_temp,44827,45403,0.952558409913402,0.2709054138221348
pred_temp,44827,45979,0.8745881640517437,0.06895818478856583
pred_temp,44827,46171,0.8950726120139406,0.0964632714442621
pred_temp,44827,46363,0.972211001255403,0.06613227412923672
pred_temp,44827,46747,0.9449388450385765,0.2622895046183071
pred_temp,44827,46939,0.9271371580579388,0.08051144214666225
pred_temp,44827,47131,0.9151386290832166,-0.09421878090919635
pred_temp,44827,47323,0.9239150527840163,0.06971770041561003
pred_temp,44827,47515,0.993575832092437,0.014402542175365815
pred_temp,44827,47707,0.8915309098108412,0.2016513907896631
pred_temp,44827,47899,0.8247611931912016,-0.25967125048912487
pred_temp,44827,48091,0.9590594080746334,0.22039074468110934
pred_temp,44891,45083,0.9430230638704354,-0.5329702714889704
pred_temp,44891,45467,0.95132891949796,-0.30290167947972313
pred_temp,44891,47003,0.8742139124574019,0.16697129310691955
pred_temp,44891,47195,0.869831152203236,-0.03414380287744228
pred_temp,44891,47579,0.9096256860623323,0.2507167097073648
pred_temp,44891,47771,0.8280927931306015,-0.29652394196074894
pred_temp,44891,48155,0.9123500946361008,-0.10175408688127976
pred_temp,44955,45147,0.933284513089276,0.2941522513525015
pred_temp,45019,47899,0.914175800493423,0.11672121351105232
pred_temp,45083,45275,0.9818937433182343,-0.6041204269035129
pred_temp,45083,45659,0.9215790985022647,0.12870244281640864
pred_temp,45083,46043,0.9890221167950084,0.03494483590997015
pred_temp,45083,46427,0.9925124883509729,0.07036777556139753
pred_temp,45083,46619,0.9852588666596372,-0.5018428535365635
pred_temp,45083,47003,0.9707206836620398,0.22201495688951922
pred_temp,45083,47195,0.9695700493600948,0.07609051863578978
pred_temp,45083,47387,0.927318986344033,-0.36134882677679864
pred_temp,45083,47579,0.9837213304345453,0.0458304980828867
pred_temp,45083,47963,0.9783048962300152,-0.34688483081199484
pred_temp,45083,48347,0.9895523076001363,0.2580589073052883
pred_temp,45147,46683,0.9547727138358101,0.04697259584587003
pred_temp,45147,47451,0.8397849299892375,0.26143469253133356
pred_temp,45211,48091,0.9746903496666758,0.29461328451793467
pred_temp,45275,45467,0.9634972652387321,-0.3593608017997501
pred_temp,45275,45787,0.8255369957823779,0.06508633633942007
pred_temp,45275,47195,0.9752797076057582,0.15572057236330117
pred_temp,45275,47771,0.9327350747161242,-0.3775625337236626
pred_temp,45275,48155,0.9860389865741108,-0.06152207748898354
pred_temp,45467,46043,0.9567635884469673,0.09705411230658847
pred_temp,45467,46619,0.9600172723778183,-0.26274323819845424
pred_temp,45467,47003,0.9472561511725915,0.2698635640545554
pred_temp,45467,47195,0.9236335573221014,-0.10538938206392921
pred_temp,45467,47387,0.8946916787133609,-0.40385631361936025
pred_temp,45467,47579,0.9538895894032813,0.11466882969141164
pred_temp,45467,47963,0.9454245201495722,-0.08752436720935514
pred_temp,45659,46043,0.9605022640000613,0.24596674353260312
pred_temp,45659,47195,0.9774729819229546,-0.09035691966403529
pred_temp,45659,47387,0.9888487525886972,0.19876060559066355
pred_temp,45659,48539,0.8598079423517688,0.2389338887087214
pred_temp,45723,46875,0.916952659057958,-0.042826648417065454
pred_temp,45787,46043,0.821080556600564,0.0992599943465945
pred_temp,45787,46619,0.8019178689907106,0.11570115650957769
pred_temp,45787,46811,0.935793756070677,0.1774236825982688
pred_temp,45787,47003,0.8653388678722805,0.2479843886408279
pred_temp,45787,47195,0.8868201713831091,-0.2864054420010849
pred_temp,45787,47387,0.9168411684835353,-0.055128695152227424
pred_temp,45787,47579,0.8501468484932341,-0.07653548916924371
pred_temp,45787,47771,0.9066346223721049,0.0689905837493014
pred_temp,45787,47963,0.8583415921951989,0.2725584325049861
pred_temp,45787,48155,0.8231968609913772,0.11367029813040491
pred_temp,45851,47515,0.8500772280587322,0.26347656896288185
pred_temp,45915,48027,0.8045128451989445,0.24651862905727154
pred_temp,45979,48091,0.9326547817401111,0.2622125567833303
pred_temp,46043,47003,0.9718162406854204,0.0979535114481789
pred_temp,46043,47387,0.9558342053297343,0.1119692385913215
pred_temp,46043,47771,0.9650526941805618,0.17080572011354836
pred_temp,46043,48155,0.9769507846066275,-0.033765555734499755
pred_temp,46171,47131,0.865912588383787,0.1261926016203076
pred_temp,46171,47899,0.9491233941963904,0.21339104913235654
pred_temp,46171,48091,0.9219356234386148,0.013798136423810385
pred_temp,46235,47771,0.8689373394917109,0.2286030217653345
pred_temp,46235,48539,0.8550910777681239,-0.11522182653854911
pred_temp,46363,48091,0.973135389771158,0.22890346293186506
pred_temp,46427,47003,0.9432603111037929,0.19878469653718414
pred_temp,46427,47387,0.8945567462902821,-0.16875670497631115
pred_temp,46427,47771,0.8990346763417503,0.2315275837550754
pred_temp,46427,48155,0.963076594704109,0.14991698194667497
pred_temp,46555,47131,0.8998389321454603,0.22525004953055558
pred_temp,46555,47323,0.9086477199778907,0.2046979570543282
pred_temp,46555,47899,0.8623427416741617,-0.22565853758705598
pred_temp,46619,47003,0.9870284914308125,0.26467895464106445
pred_temp,46619,47195,0.971136225946541,0.17874195987223182
pred_temp,46619,47387,0.9509163826979927,0.25295107773743253
pred_temp,46619,47771,0.9196984116877801,-0.2330817620511857
pred_temp,46619,48155,0.9736450693478793,-0.14254516244789112
pred_temp,46619,48347,0.9919667085069723,0.24572390314425913
pred_temp,46683,46875,0.8344950153752311,0.2770693818134129
pred_temp,46683,47451,0.9009802097050845,0.14091073851267652
pred_temp,46683,48027,0.8773206774640716,0.24601818737525125
pred_temp,46683,48411,0.937861969702915,0.2700700106493108
pred_temp,46747,47131,0.8912318762624107,0.2973134690870369
pred_temp,46747,47899,0.9262938012944951,0.19860722091942382
pred_temp,46811,47771,0.9543425588110424,0.11669047760581296
pred_temp,46811,48155,0.8339684907558238,0.12645856420831636
pred_temp,46811,48539,0.8720467168983929,-0.32117838939522225
pred_temp,46875,47451,0.9011105764258791,0.22013400034573194
pred_temp,46939,47131,0.9242161835586838,0.26630682141700407
pred_temp,46939,47323,0.942345621369574,0.17879786489747704
pred_temp,46939,47899,0.9638518963263676,-0.03245350625435145
pred_temp,47003,47195,0.9805539073960862,0.023161171339165617
pred_temp,47131,47707,0.8854638140586798,0.21423413037683028
pred_temp,47131,47899,0.8997400074787876,0.2992341085665401
pred_temp,47195,47387,0.9761353563536158,-0.17119913033690778
pred_temp,47195,47771,0.9791204659368272,0.20488009599531448
pred_temp,47195,47963,0.9853423755078139,0.24164690677087308
pred_temp,47195,48155,0.9692912131414938,-0.08187222562017396
pred_temp,47195,48347,0.9580333113986641,0.08704468069674098
pred_temp,47259,48027,0.8199358373196489,0.25973232873007684
pred_temp,47323,48091,0.9617633020680786,-0.09396619954378571
pred_temp,47323,48283,0.95706299879569,0.27502893325584793
pred_temp,47387,47579,0.973220207487355,0.028565450124319477
pred_temp,47387,47771,0.9744087661937385,-0.2070203157192627
pred_temp,47387,47963,0.9671464758691202,0.24676055157853294
pred_temp,47387,48155,0.9701083157275293,0.2124750174612642
pred_temp,47387,48347,0.9390405906782162,0.1547562676227285
pred_temp,47387,48539,0.8051130706711596,-0.3329132765030302
pred_temp,47451,48027,0.9531157454007381,0.11099996389847
pred_temp,47515,48091,0.9443565163943342,0.13512196906674662
pred_temp,47579,48155,0.9857168282139094,0.23159926076428114
pred_temp,47707,47899,0.9661865192292057,0.23743974730707598
pred_temp,47771,47963,0.9424671081605385,-0.15327824546354094
pred_temp,47899,48091,0.9058738483605948,-0.37293822732530474
pred_temp,47899,48283,0.8548185167222626,0.007941580508153325
pred_temp,47963,48155,0.9762921006574875,0.024465891926551527
pred_pressure,38939,42011,0.930619049647157,-0.014623333888481027
pred_pressure,38939,42523,0.8599802399472302,-0.2651110645258799
pred_pressure,38939,42587,0.8896034394755669,0.052793080685320154
pred_pressure,38939,42907,0.8489350174228308,0.07726209863052584
pred_pressure,38939,43163,0.9111794554975646,-0.24016364702251003
pred_pressure,38939,44827,0.8001915749403407,-0.017978842090591227
pred_pressure,38939,45019,0.8011587064252934,-0.1095549003208655
pred_pressure,38939,45083,0.9087204625274921,0.08211343372103218
pred_pressure,38939,46171,0.8040261842631112,0.25274900552052426
pred_pressure,38939,46235,0.8128570390045016,0.09686875755306659
pred_pressure,38939,47899,0.8561739971411848,0.21173054039897712
pred_pressure,38939,48283,0.8520772672730842,0.14550021001749375
pred_pressure,39003,39195,0.9746330285722706,0.1957506757627068
pred_pressure,39003,39387,0.814686573122476,0.18932458379251402
pred_pressure,39003,40155,0.9342028152092848,0.04293041297044093
pred_pressure,39003,40731,0.9146293618802837,0.2366667765033884
pred_pressure,39003,43035,0.9011570148643584,0.21624386002588591
pred_pressure,39003,46683,0.8366815854712222,0.2535739958782092
pred_pressure,39003,48027,0.803941675533485,-0.5331603537646391
pred_pressure,39067,39323,0.9470711513762613,0.057866884927034824
pred_pressure,39067,39771,0.9018154824616458,0.1845829680599423
pred_pressure,39067,39963,0.8483831195381618,-0.02160834997648223
pred_pressure,39067,40603,0.8986866023819157,0.19312684775266456
pred_pressure,39067,40923,0.8350051580855126,0.04374058200791163
pred_pressure,39067,41307,0.8192259280923219,-0.3441544999840022
pred_pressure,39067,41371,0.9817019080543907,0.136896814989425
pred_pressure,39067,41499,0.8405497168031248,0.07212080212889738
pred_pressure,39067,42075,0.8889967422554939,0.15434276824393034
pred_pressure,39067,42523,0.8525825471071138,0.045946699686048316
pred_pressure,39067,42843,0.8297463734664509,0.2835430824800981
pred_pressure,39067,43291,0.9786250036893026,0.18902028028815152
pred_pressure,39067,43355,0.8057239437996652,-0.28860917773959394
pred_pressure,39067,44955,0.8415001478085081,-0.13927180081071316
pred_pressure,39067,45083,0.822815258879224,0.16080553759492555
pred_pressure,39067,46107,0.8816460144670379,0.005016640575912161
pred_pressure,39067,46427,0.8985360718199702,0.13323023399002654
pred_pressure,39067,46811,0.9334153449702396,0.08608158233380762
pred_pressure,39067,47067,0.8493300315494118,-0.20068509723985892
pred_pressure,39067,47643,0.862630516042715,0.058527473385564646
pred_pressure,39067,48219,0.8015211804194823,0.1521845614129412
pred_pressure,39131,39579,0.9192289818416821,0.16850520129882174
pred_pressure,39131,40155,0.8124413939663289,-0.561314320306745
pred_pressure,39131,41179,0.9136506898169724,-0.2714766200829397
pred_pressure,39131,41243,0.9446940344335072,-0.023749789108324884
pred_pressure,39131,41819,0.8220309277043255,-0.051698906628000016
pred_pressure,39131,42139,0.8559763655528536,0.27924553019827536
pred_pressure,39131,42203,0.8288213088145323,-0.18994220846302548
pred_pressure,39131,42971,0.9491657288661692,-0.19684662148947277
pred_pressure,39131,43419,0.8647930907884995,-0.06397997816842677
pred_pressure,39131,43547,0.9112215865550808,-0.09906348570952779
pred_pressure,39131,43739,0.8778668925544615,-0.0795689427044111
pred_pressure,39131,43867,0.8305430783285714,-0.4447146232438179
pred_pressure,39131,43931,0.9791309788522295,0.2333787212043004
pred_pressure,39131,45595,0.8727409896350385,-0.032120912701684816
pred_pressure,39131,45851,0.9773484606117294,0.010852926844608417
pred_pressure,39131,45915,0.8903180336215687,0.19339884440997532
pred_pressure,39131,46043,0.9252895007539288,-0.2655096201866173
pred_pressure,39131,46555,0.8442311751610798,0.2102070194032017
pred_pressure,39131,46683,0.9180046856695384,0.12922788641699226
pred_pressure,39131,47195,0.9306692481735788,0.08694225315967823
pred_pressure,39131,47387,0.9273703438035574,-0.2517772679242055
pred_pressure,39131,47515,0.8790220040727912,0.1053918227522499
pred_pressure,39131,47579,0.8358037547055811,-0.15714953947751772
pred_pressure,39131,48027,0.9303516823092973,-0.06311894431581791
pred_pressure,39195,39387,0.8228807201947418,-0.09667346328417185
pred_pressure,39195,39579,0.9411403688518086,0.08769337941908299
pred_pressure,39195,40091,0.8311861553363449,0.1966111201302978
pred_pressure,39195,40155,0.9593313003117766,0.25840783115304744
pred_pressure,39195,40731,0.8875148929985601,0.21966176249865157
pred_pressure,39195,41179,0.8303996863175834,0.12680819417184905
pred_pressure,39195,41243,0.8011484292817672,-0.16799063606074574
pred_pressure,39195,42971,0.8411231168868809,-0.4320136977247645
pred_pressure,39195,43035,0.9233731167265082,-0.01976497415746182
pred_pressure,39195,46683,0.906060410828399,0.10125682671893259
pred_pressure,39259,39323,0.8259793232429914,0.15224205482105954
pred_pressure,39259,40603,0.8817732221998991,0.12591773611573884
pred_pressure,39259,41947,0.9405988247952913,0.28737050433976424
pred_pressure,39259,42523,0.8363312394524294,0.2676538692002999
pred_pressure,39259,45403,0.8035477384844555,0.08677512867184287
pred_pressure,39259,46171,0.8069152673715776,0.28891882944939973
pred_pressure,39259,47899,0.885704511871428,0.13856308391095956
pred_pressure,39323,39835,0.8964623705959724,-0.09026591381616114
pred_pressure,39323,40603,0.9075642084606933,-0.18072242550869205
pred_pressure,39323,41371,0.9342273755981891,0.08408162144383208
pred_pressure,39323,41947,0.9343450552653352,0.07457024411577327
pred_pressure,39323,42523,0.829994633537691,0.08218626286317805
pred_pressure,39323,44827,0.9194738169924969,0.046179876362007835
pred_pressure,39323,45019,0.8471295067214074,0.03709034591299257
pred_pressure,39323,45083,0.8198769667050506,-0.22024990725264
pred_pressure,39323,45403,0.8915154469359722,0.12389976752092735
pred_pressure,39323,45787,0.906375267999082,0.12437798249114874
pred_pressure,39323,46171,0.95071037982399,0.02117903531217219
pred_pressure,39323,46811,0.8591243575205527,0.12052529704252436
pred_pressure,39323,47131,0.8803191249219381,0.03254573221828188
pred_pressure,39323,47899,0.9352969919520354,0.19634155139397744
pred_pressure,39323,48283,0.8205205183795138,0.20415030136170687
pred_pressure,39387,39579,0.8337239889849037,0.17928707624641363
pred_pressure,39387,42139,0.8173073988406274,0.25773406761030837
pred_pressure,39387,43419,0.874287918449071,0.222775938290803
pred_pressure,39387,46491,0.9745704403143503,0.2889919174615658
pred_pressure,39451,40283,0.9232345128922809,0.19461831262102477
pred_pressure,39451,40667,0.8017245939229952,-0.14508830125179675
pred_pressure,39451,41051,0.8015429261195077,-0.07026834097939713
pred_pressure,39451,42011,0.8001764064134743,-0.05643516006330459
pred_pressure,39451,42523,0.8068418760247821,0.2977957390828472
pred_pressure,39451,43163,0.8181828508486346,-0.03973412059392909
pred_pressure,39451,46363,0.9216257167171172,0.2985570704760637
pred_pressure,39515,41179,0.832581399752161,0.1651390419431819
pred_pressure,39515,46491,0.9018087530413583,0.022246374339776526
pred_pressure,39515,47323,0.8631994101080536,0.25315619606601303
pred_pressure,39579,40027,0.8494453199815862,-0.052502461110712786
pred_pressure,39579,40155,0.9371966820654566,0.056245587483236825
pred_pressure,39579,40731,0.8179944538736587,0.09461181532998995
pred_pressure,39579,40859,0.8381652160433372,-0.10966706074156247
pred_pressure,39579,41179,0.9485975761662091,0.16816585361623143
pred_pressure,39579,42139,0.8564047143356867,0.2787381576775228
pred_pressure,39579,42971,0.9485624477167317,0.2637399240437396
pred_pressure,39579,43035,0.8985903286766405,0.27728626441577753
pred_pressure,39579,44315,0.8530589691054381,0.05972812034915844
pred_pressure,39579,44507,0.885832102997744,0.03938618319587051
pred_pressure,39579,44891,0.8914535599983057,0.18074934735808676
pred_pressure,39579,45275,0.895991832798716,0.18865561129361172
pred_pressure,39579,45851,0.9106311033401757,0.27698867364086066
pred_pressure,39579,46043,0.8262403300194594,0.015090526282362793
pred_pressure,39579,47003,0.8010314991379915,-0.33638443161520265
pred_pressure,39579,47195,0.8838671418479968,0.2760874780430042
pred_pressure,39579,47387,0.8563281312316398,-0.2893041867675294
pred_pressure,39579,48027,0.9655981518506418,0.16939850087398475
pred_pressure,39643,40475,0.8230473703644079,-0.20803482533514325
pred_pressure,39643,42715,0.8594644082277837,0.14356853849982062
pred_pressure,39643,45211,0.8732402319682182,0.19629270953025293
pred_pressure,39643,47707,0.936692710405628,0.00943458072586307
pred_pressure,39707,39899,0.8956840229049491,0.053828166279555015
pred_pressure,39707,40411,0.8029428032750338,0.04465449067648921
pred_pressure,39707,40859,0.8608627618531436,0.05674594738471837
pred_pressure,39707,42395,0.8476987881232636,-0.2086251782670994
pred_pressure,39707,42715,0.8526639634861014,-0.0800664998005818
pred_pressure,39707,43547,0.8530562456932198,0.2610682013877338
pred_pressure,39707,43739,0.8090539577183455,0.23106671045572874
pred_pressure,39707,43867,0.8143315662757251,0.2242597047385766
pred_pressure,39707,44507,0.8016629241390862,-0.24899715937769504
pred_pressure,39707,44891,0.8033868174868948,0.26975395756824627
pred_pressure,39707,45211,0.8583051164529308,-0.005794177910592197
pred_pressure,39707,45595,0.8600334604387901,-0.015585275011553771
pred_pressure,39707,45979,0.8778817499344326,0.05855845939552549
pred_pressure,39707,46043,0.824989325123441,0.03605776581731603
pred_pressure,39707,46555,0.8034530459449752,-0.06862173214772384
pred_pressure,39707,47515,0.9185203484557459,0.008337239892970154
pred_pressure,39707,47579,0.8296584473692167,0.25075335256860687
pred_pressure,39707,47707,0.8213216057204861,-0.014740377908630786
pred_pressure,39707,47963,0.9200651147048261,-0.1564322780270293
pred_pressure,39707,48347,0.858079022222502,0.29553376988384433
pred_pressure,39707,48475,0.802942803275051,0.04465449067644485
pred_pressure,39771,39963,0.9420304425940041,0.02317503876725617
pred_pressure,39771,40987,0.8957877064833395,0.2265350288250134
pred_pressure,39771,41371,0.8777849901795372,0.07290236093002814
pred_pressure,39771,42907,0.8322470736006774,0.123702994994991
pred_pressure,39771,43291,0.8229376491144457,0.1833616730953078
pred_pressure,39771,43355,0.9117646349168521,-0.1522671537996348
pred_pressure,39771,43803,0.8362314832696262,-0.07083383614389391
pred_pressure,39771,44187,0.8963081863090414,0.1833285730134279
pred_pressure,39771,44379,0.8183323514054197,-0.13245161074284384
pred_pressure,39771,44827,0.9051378475858352,0.0790970983646187
pred_pressure,39771,45403,0.8197589426952975,-0.07650920742990101
pred_pressure,39771,45723,0.9562525389612225,0.13411654650554092
pred_pressure,39771,46171,0.8491983289215254,0.051727198176275586
pred_pressure,39771,46235,0.8304453872185924,-0.1556219291718083
pred_pressure,39771,46427,0.9570238152581856,0.1395238648077017
pred_pressure,39771,46811,0.9411822867957914,-0.02030107301832594
pred_pressure,39771,46875,0.9223634379393874,0.2966776877509689
pred_pressure,39771,47067,0.9844699594871533,0.02561236581616367
pred_pressure,39771,47131,0.952563583184036,0.1412632517293409
pred_pressure,39771,47835,0.861628269966633,0.21598517748929363
pred_pressure,39835,39963,0.8910971434578507,0.1995904810241679
pred_pressure,39835,40347,0.8421049665734431,0.0725144702665607
pred_pressure,39835,40987,0.9848308151669396,0.22742470868441106
pred_pressure,39835,41307,0.8890224334758365,-0.1324032635039776
pred_pressure,39835,41499,0.9003365627447506,-0.06418626216994441
pred_pressure,39835,41691,0.8180028560393781,0.0803950648406836
pred_pressure,39835,42267,0.8622716261266132,0.18128566124571516
pred_pressure,39835,42459,0.8330668673467181,-0.197181555063855
pred_pressure,39835,42523,0.8586946352430558,0.1458444308338056
pred_pressure,39835,42843,0.9007363947942486,0.21074729199586487
pred_pressure,39835,42907,0.9432681689625324,0.0853027497471635
pred_pressure,39835,43227,0.8381199183229692,0.01531120111745453
pred_pressure,39835,43355,0.8683208784220839,-0.25168045873533756
pred_pressure,39835,44763,0.9318327497262131,0.2442983233781251
pred_pressure,39835,44955,0.8988948476243763,0.0267734133090615
pred_pressure,39835,45403,0.9131694537562759,0.23249021135708942
pred_pressure,39835,45723,0.8340939202588153,-0.28689966733469124
pred_pressure,39835,46107,0.92695486507318,0.2079333808219335
pred_pressure,39835,46427,0.945362951444021,0.24865352767692114
pred_pressure,39835,46811,0.9642647019624049,0.11909669260320935
pred_pressure,39835,46875,0.8073461240687337,-0.01754274416327125
pred_pressure,39835,47067,0.9081025296407529,0.005033854835370408
pred_pressure,39835,47259,0.9264953919205436,0.19090313433459496
pred_pressure,39835,47643,0.9214880470184734,0.036736086148688875
pred_pressure,39835,48219,0.8584358908373712,0.09849641713944125
pred_pressure,39835,48603,0.8237225901549549,0.02096915277752374
pred_pressure,39899,40795,0.8496180642832272,0.08149013273691195
pred_pressure,39899,42203,0.8481925373433087,-0.2247770515221449
pred_pressure,39899,42715,0.9282620093145618,0.22468697541688293
pred_pressure,39899,43547,0.9021360672372786,0.2847214463867343
pred_pressure,39899,43675,0.8287397293276151,0.14976471842363742
pred_pressure,39899,43739,0.8990610743628005,-0.1374715056646825
pred_pressure,39899,43867,0.9671569714760361,-0.30731427921530446
pred_pressure,39899,44507,0.9117504119610815,0.21217448672782324
pred_pressure,39899,44891,0.9411307293326184,0.2726916142772908
pred_pressure,39899,45275,0.9285782951915902,0.20575898888131036
pred_pressure,39899,45595,0.984618848298076,0.17081281009772065
pred_pressure,39899,45979,0.974841670716908,0.2892987736859789
pred_pressure,39899,46043,0.9046598516625332,0.16650815313588152
pred_pressure,39899,46619,0.8188110588817159,0.2864512841564216
pred_pressure,39899,47003,0.9458527915857414,0.18078695483214083
pred_pressure,39899,47387,0.9098520146956774,-0.21244255623808042
pred_pressure,39899,47515,0.9902626083298134,0.08376290066468835
pred_pressure,39899,47707,0.8714053629154888,0.11324646461116439
pred_pressure,39899,48347,0.8439777040612255,-0.5146460510633201
pred_pressure,39963,40923,0.9033836213137628,0.20571155397934787
pred_pressure,39963,40987,0.8588067289139655,-0.1482764520650364
pred_pressure,39963,41115,0.8011302203934646,0.10265050967688329
pred_pressure,39963,41307,0.9380473037166939,-0.01769314188128001
pred_pressure,39963,41691,0.9639565498676068,0.1428618274778296
pred_pressure,39963,42459,0.9626486143344897,0.05278933667174417
pred_pressure,39963,43611,0.8754946679366759,0.0060541880676780475
pred_pressure,39963,44763,0.9777209338501113,0.190428935954687
pred_pressure,39963,45339,0.8929127413971863,0.004174656268022869
pred_pressure,39963,46427,0.8139623698905558,-0.2014210446949843
pred_pressure,39963,46811,0.8138186344044952,0.013204928709617151
pred_pressure,39963,47131,0.851883205283821,0.09338586323401996
pred_pressure,39963,47259,0.898056231526886,0.06390115832202346
pred_pressure,39963,47451,0.8747086314981256,0.1423290600400075
pred_pressure,39963,47643,0.9593028680410824,0.2533855168367432
pred_pressure,39963,47835,0.9372062298741614,0.22427620003477933
pred_pressure,39963,48219,0.9890226738590449,0.11282706618463542
pred_pressure,39963,48603,0.9717153797177063,-0.01846326806228587
pred_pressure,40027,41179,0.925251425806477,0.12665743337977955
pred_pressure,40027,41243,0.8964398618315078,0.22987280535301063
pred_pressure,40027,42395,0.8549691904849227,0.10912993302290863
pred_pressure,40027,42971,0.8215511149741734,-0.043964023643863225
pred_pressure,40027,43547,0.8299193363258007,0.2556165747541853
pred_pressure,40027,43867,0.9481096544093242,0.05943818237449683
pred_pressure,40027,44507,0.9379872649635626,0.021188191115036257
pred_pressure,40027,45275,0.8901308738890071,-0.16579914346371663
pred_pressure,40027,45595,0.908305813882323,0.018734184261650588
pred_pressure,40027,45851,0.9231646959222587,0.11160997543348117
pred_pressure,40027,45979,0.9590383859249686,0.1207189701511615
pred_pressure,40027,46043,0.8527367730596958,0.16746124668700513
pred_pressure,40027,46683,0.8754977878195036,-0.0008075086508558129
pred_pressure,40027,47387,0.8481172623245984,-0.20892512729796633
pred_pressure,40027,47515,0.9364740170548422,0.23897921181108492
pred_pressure,40027,48027,0.8312620819231122,-0.07756923611875356
pred_pressure,40091,40155,0.8784851400256212,0.1821651378494022
pred_pressure,40091,41819,0.866422318068674,0.0010872373443519831
pred_pressure,40091,42203,0.8853215781985951,0.08995914740185418
pred_pressure,40091,42395,0.93986822519157,0.2315224094648427
pred_pressure,40091,42715,0.8191553436633983,0.16785150488563308
pred_pressure,40091,42971,0.9533812472050867,0.20909545220038764
pred_pressure,40091,43035,0.8730738428805987,0.1802070727913978
pred_pressure,40091,43419,0.9030623315862988,0.24060943348156552
pred_pressure,40091,43547,0.9249074587702916,0.14878477880042143
pred_pressure,40091,43739,0.9267428140386762,0.08302304870620371
pred_pressure,40091,43867,0.8606513763532595,-0.0005317152304860374
pred_pressure,40091,44507,0.9749448077150704,0.20302498551438597
pred_pressure,40091,45595,0.9221041081031479,0.05452951773740424
pred_pressure,40091,45915,0.9427566720289893,0.2131736097186438
pred_pressure,40091,45979,0.8673335279535503,0.11299443600877872
pred_pressure,40091,46043,0.9492311774987219,0.26750956023618194
pred_pressure,40091,46555,0.8336585680495329,0.08264853195538956
pred_pressure,40091,47387,0.9646552722154879,0.23183910222545373
pred_pressure,40091,47515,0.8892953781534555,-0.0007673355911359731
pred_pressure,40091,47579,0.888681890586042,0.22793525616416074
pred_pressure,40091,48347,0.8123107446729707,-0.0587554566860212
pred_pressure,40155,40731,0.8599881725163969,0.27328577175224833
pred_pressure,40155,41819,0.8209989566016248,0.13487265453989758
pred_pressure,40155,42971,0.9107694777934376,0.2881478310531615
pred_pressure,40155,43419,0.9579743231848553,0.28361002885060965
pred_pressure,40155,43739,0.8005079823755082,0.09201563222619855
pred_pressure,40155,43931,0.826393313836625,-0.07550758996291965
pred_pressure,40155,44315,0.8708453414629213,0.04169335241643679
pred_pressure,40155,44891,0.8109688281118842,-0.06737825119569633
pred_pressure,40155,45275,0.8444184899277449,-0.24359023392815446
pred_pressure,40155,45851,0.82387691815072,0.03310106090425716
pred_pressure,40155,45915,0.9859991584068881,0.0672393167511319
pred_pressure,40155,46683,0.8775149866591333,0.2545970359885045
pred_pressure,40155,47195,0.8350217275279956,0.09615228016851181
pred_pressure,40155,47387,0.8279752031153061,0.2655340409559413
pred_pressure,40219,40411,0.8403474487671936,0.17094537502592133
pred_pressure,40219,40795,0.924233307220138,0.2151703173461757
pred_pressure,40219,43483,0.9855412901463162,0.10298962531154399
pred_pressure,40219,46747,0.9535064065843618,0.18514360881357556
pred_pressure,40219,46939,0.9724015287956448,-0.09676405071037182
pred_pressure,40219,47707,0.9441604938021592,-0.09294948093727093
pred_pressure,40219,48475,0.8403474487672802,0.1709453750257441
pred_pressure,40283,41051,0.9018587765549928,0.2687750720883109
pred_pressure,40347,40539,0.8417678844311681,-0.07993061955517453
pred_pressure,40347,40923,0.9048173711543961,0.0822386411691494
pred_pressure,40347,41115,0.8463137894352832,0.18594494304263792
pred_pressure,40347,41307,0.9492088394078639,-0.13953395820697567
pred_pressure,40347,41691,0.9847945143286654,-0.0050671947064722415
pred_pressure,40347,41883,0.8552356270745837,0.14750524101951437
pred_pressure,40347,43611,0.9255413327009681,0.13763856461710033
pred_pressure,40347,43803,0.9381237300362346,0.2439977537151012
pred_pressure,40347,44187,0.9810918117548918,-0.04880316291296955
pred_pressure,40347,44379,0.9098569573394798,0.16111669386756533
pred_pressure,40347,47067,0.9785771680916717,0.0897149858489781
pred_pressure,40347,47131,0.8060761844419041,-0.20626942669103124
pred_pressure,40347,47451,0.9241287750542384,0.27741170620858263
pred_pressure,40347,47643,0.9603653929178856,0.11717577284640181
pred_pressure,40347,48411,0.9544284271532489,0.03168674227597874
pred_pressure,40347,48603,0.991420656195038,0.1637130288389269
pred_pressure,40411,41563,0.9553178543364094,0.05871337962734672
pred_pressure,40411,42331,0.9330571077212634,-0.3041313248496533
pred_pressure,40411,43483,0.8985050544241584,0.05871337962743028
pred_pressure,40411,43867,0.932170476100498,0.21195543807351747
pred_pressure,40411,45211,0.8276327584313447,0.12639831670159063
pred_pressure,40411,45595,0.8559318651063053,0.03425254964032163
pred_pressure,40411,45979,0.9015699208259963,0.054506237567494245
pred_pressure,40411,46555,0.8610511954589389,0.1977397647789789
pred_pressure,40411,46939,0.854955827501923,0.1923519317281617
pred_pressure,40411,47515,0.8688965934650434,-0.24387714222771642
pred_pressure,40411,47707,0.9122191029271117,0.1460700951056795
pred_pressure,40475,40795,0.8185258938662614,0.22460511712808595
pred_pressure,40475,40859,0.8298916089534475,0.16772080158716474
pred_pressure,40475,41243,0.8634261003713848,0.2697670266385201
pred_pressure,40475,41627,0.9219401360810361,0.018588564504261693
pred_pressure,40475,41819,0.8984052634559037,0.13278995662409923
pred_pressure,40475,42203,0.9511819946792218,-0.14722616194204124
pred_pressure,40475,42395,0.9342140128355592,0.07549422078890347
pred_pressure,40475,42715,0.9634510722807765,-0.06558718084981732
pred_pressure,40475,43483,0.8322912606312888,0.0807876668034218
pred_pressure,40475,43739,0.9372057852669552,0.009026459744598135
pred_pressure,40475,44699,0.8936982520666997,0.2565828248361789
pred_pressure,40475,44891,0.8487602960706752,-0.18499246337969624
pred_pressure,40475,45211,0.958570765497678,0.2135858417031917
pred_pressure,40475,45595,0.8933222370723455,0.1684076382178025
pred_pressure,40475,46747,0.8690766442301453,-0.24931588483049263
pred_pressure,40475,47003,0.8998502237051372,0.030197342855803506
pred_pressure,40475,47515,0.8502819925469538,-0.20004295881378614
pred_pressure,40475,47707,0.8724562771703305,-0.13678323837411627
pred_pressure,40475,47771,0.8281069187547996,-0.19238891619706056
pred_pressure,40475,48347,0.9243100424020395,-0.16192908326942532
pred_pressure,40475,48539,0.8548525203276469,-0.05139450007077003
pred_pressure,40539,41115,0.8470813736567255,0.14966448039823693
pred_pressure,40539,41499,0.8607118715377752,0.17455808813037565
pred_pressure,40539,41883,0.9177947353319331,0.23260389082411256
pred_pressure,40539,42267,0.87300822204836,0.16498737279967787
pred_pressure,40539,42843,0.8513435106710366,0.02757406174470371
pred_pressure,40539,43803,0.934616328528714,0.2740136104256572
pred_pressure,40539,44379,0.9493649780456851,0.12094163438694985
pred_pressure,40539,44955,0.8237254631827114,0.15228424963431791
pred_pressure,40539,45147,0.8027549955561692,0.1535658373007821
pred_pressure,40539,45723,0.9238338588258682,-0.015126987241419402
pred_pressure,40539,46875,0.8641499959266948,0.09671497162741051
pred_pressure,40539,47067,0.8440149042420267,0.26356434115361704
pred_pressure,40539,47259,0.8237457423398898,-0.08655161632597563
pred_pressure,40539,47643,0.837976500048803,0.23620960242187072
pred_pressure,40539,47835,0.8943565850310495,-0.30472728789077164
pred_pressure,40539,48219,0.8408397759515406,0.21565815144819162
pred_pressure,40603,40987,0.913122002191761,0.14253211778253908
pred_pressure,40603,42907,0.875063939378697,0.1001225832070299
pred_pressure,40603,43291,0.943626020079381,0.17720978876828644
pred_pressure,40603,44827,0.859311492164053,0.2377614528630654
pred_pressure,40603,45403,0.805170483605212,0.19593384713859596
pred_pressure,40603,45787,0.9468070069069311,0.21289151070442802
pred_pressure,40603,46171,0.9304671426805335,-0.06144528104951666
pred_pressure,40603,48283,0.8068417747209597,-0.11080153985301891
pred_pressure,40667,42523,0.8264910871995291,-0.0042703886560193655
pred_pressure,40667,43163,0.8717527444569945,0.23594423260717598
pred_pressure,40667,45403,0.8497601834186165,0.06706498922667495
pred_pressure,40667,46363,0.8091186819509542,-0.20632567044687372
pred_pressure,40731,45915,0.8099487258007374,0.05807721011103812
pred_pressure,40731,46683,0.8230214804878214,0.25756459447203034
pred_pressure,40795,41563,0.824295413211675,0.17775886156188864
pred_pressure,40795,43867,0.8337002839962799,0.2073930868386279
pred_pressure,40795,45211,0.9215634841469121,0.24240976069995196
pred_pressure,40795,45979,0.8063004890677886,0.05316590482538944
pred_pressure,40795,46747,0.8809230721757642,0.0663764857178423
pred_pressure,40795,47515,0.8244569511712416,-0.26806368315207046
pred_pressure,40795,47707,0.96913220901454,0.2592394752063139
pred_pressure,40859,41179,0.836649326574099,-0.23656482472296117
pred_pressure,40859,41243,0.951732466249973,0.24170974202621293
pred_pressure,40859,41819,0.8135848590188905,-0.4306766389494788
pred_pressure,40859,42203,0.8616375390213914,-0.3930229433749135
pred_pressure,40859,42971,0.862469706862789,-0.08038264392876254
pred_pressure,40859,43547,0.9251172904986388,-0.25774617764692026
pred_pressure,40859,43739,0.9127706760393827,-0.21255225119979776
pred_pressure,40859,43867,0.9122798810722896,-0.13227138939497213
pred_pressure,40859,43931,0.9467130920572023,0.2007168522016965
pred_pressure,40859,44315,0.8579311291280097,0.15387535878373157
pred_pressure,40859,45211,0.8260015551366966,-0.1477839627398022
pred_pressure,40859,45275,0.96118400103244,0.27005056065682914
pred_pressure,40859,45595,0.9411911316130771,-0.2664019173591842
pred_pressure,40859,45851,0.9681264932907374,0.2513164602736325
pred_pressure,40859,45915,0.8204008280175945,0.007600085593245074
pred_pressure,40859,45979,0.9363941737174253,0.13578950059976533
pred_pressure,40859,46043,0.9276776014091599,0.05050620210453248
pred_pressure,40859,46555,0.8955592595031451,0.053061342190504714
pred_pressure,40859,46683,0.8273200438459808,-0.06942714108145678
pred_pressure,40859,47387,0.9357878021130228,-0.2304638432531311
pred_pressure,40859,47515,0.9530633654284822,0.09982649276264624
pred_pressure,40859,47579,0.8846240305259397,-0.1627390961311216
pred_pressure,40859,48027,0.8691340637940843,0.030141019335407943
pred_pressure,40859,48347,0.8267698523497141,-0.4717558521507021
pred_pressure,40923,40987,0.8259178569968879,-0.1671786871787025
pred_pressure,40923,41371,0.8236440708252019,0.17867295784640586
pred_pressure,40923,41499,0.969824536276398,0.006055634785318219
pred_pressure,40923,42459,0.9357390186432182,0.02859977794806869
pred_pressure,40923,43227,0.866266309233427,0.09893684242171863
pred_pressure,40923,43355,0.9245784937156551,-0.015345642262158364
pred_pressure,40923,43803,0.8569031073012285,0.2205565105926346
pred_pressure,40923,44379,0.8475341741486823,-0.10701718100700694
pred_pressure,40923,44827,0.8618644849487036,-0.17687377631479867
pred_pressure,40923,44955,0.9510196088955724,0.20319753405779664
pred_pressure,40923,45723,0.9768724376437533,-0.08728805043729104
pred_pressure,40923,46107,0.9455710039492706,0.12068766206451788
pred_pressure,40923,46235,0.8388351335911034,-0.5962343396499339
pred_pressure,40923,46811,0.9146347211146617,-0.19810172091290373
pred_pressure,40923,46875,0.9066005383561699,0.26315310035455186
pred_pressure,40923,47835,0.8517107887171673,-0.0004752121258493942
pred_pressure,40987,41307,0.8098828575855727,0.043221421422081976
pred_pressure,40987,41371,0.9734236599408858,0.17762568334710208
pred_pressure,40987,41499,0.8359727523852989,-0.015901655155608287
pred_pressure,40987,41947,0.9154004888514575,-0.050263995777253295
pred_pressure,40987,42075,0.8884821134703612,0.1426439093127355
pred_pressure,40987,42523,0.8370071542051787,-0.21437948543896365
pred_pressure,40987,42843,0.8219771914546752,-0.150418829673297
pred_pressure,40987,43291,0.9706624730818475,0.26268838683486756
pred_pressure,40987,44763,0.8800569659467055,0.048717806721300175
pred_pressure,40987,44827,0.9675447231809943,0.1168903023533609
pred_pressure,40987,44955,0.848176864096806,0.06167549297096055
pred_pressure,40987,45083,0.8008734527361502,0.06394984480463599
pred_pressure,40987,45787,0.9105549449407424,0.23188633838582642
pred_pressure,40987,46171,0.9848217415768071,0.1598525539665706
pred_pressure,40987,46427,0.8875356855248712,0.274102400303439
pred_pressure,40987,46811,0.9292430962935676,0.18662187246441128
pred_pressure,40987,47067,0.849296453833507,-0.11483449193452441
pred_pressure,40987,47131,0.9650699015739094,0.17069456446597697
pred_pressure,40987,47259,0.8541227467076034,0.01970900145303021
pred_pressure,40987,47643,0.8585979714115399,0.0869133612619768
pred_pressure,40987,48219,0.8087483127276288,0.16580899659074236
pred_pressure,41051,46363,0.8517059592549754,0.25631089164064963
pred_pressure,41115,42267,0.8225875827530659,0.14822292392631006
pred_pressure,41115,42459,0.823062685683128,0.0875393420593624
pred_pressure,41115,43803,0.92246749975286,-0.026903986837432167
pred_pressure,41115,43995,0.9654158931371299,0.06483057937471892
pred_pressure,41115,44187,0.8588927242155394,0.15405421775021363
pred_pressure,41115,44379,0.8614065414944436,-0.2642513482031288
pred_pressure,41115,44571,0.9739761715548999,0.1832564202592044
pred_pressure,41115,45147,0.8821001086420918,0.1224587509606304
pred_pressure,41115,47451,0.9355515597258125,0.08629032145258714
pred_pressure,41115,48411,0.9345748664079863,-0.08702247272412734
pred_pressure,41179,41243,0.8483853643756848,0.2338770801070676
pred_pressure,41179,42971,0.8949665459712203,0.25993238496612386
pred_pressure,41179,43419,0.9166602097229474,0.14005892530128577
pred_pressure,41179,43867,0.801946118434459,0.2991549046837663
pred_pressure,41179,43931,0.895475501918875,0.21623078393820197
pred_pressure,41179,44507,0.8842696980099182,-0.27663029324110644
pred_pressure,41179,44891,0.8553456479608516,-0.002133623469616075
pred_pressure,41179,45275,0.8311777900398917,-0.09086733782461368
pred_pressure,41179,45851,0.8745972827405957,0.23486355439932247
pred_pressure,41179,45915,0.8393561237562974,-0.07817908960715571
pred_pressure,41179,46491,0.8091823902381508,0.2079880507786011
pred_pressure,41179,46555,0.845810277016844,-0.05804739986962971
pred_pressure,41179,47195,0.8066731767292726,0.18640371388480867
pred_pressure,41179,47323,0.9318911687570107,0.2227936902556105
pred_pressure,41179,48027,0.8897152040857899,0.08782244763299266
pred_pressure,41243,41819,0.8924426013472072,-0.11957212447825889
pred_pressure,41243,42203,0.9269924407771558,0.08574320280387719
pred_pressure,41243,42395,0.9725518677949617,0.2947823693672526
pred_pressure,41243,42715,0.8935241337018937,0.19418767380188168
pred_pressure,41243,43035,0.885121308173706,0.28134007780429343
pred_pressure,41243,43419,0.8530058735808961,0.06474966326115038
pred_pressure,41243,43547,0.9370120053066872,0.1166026195297063
pred_pressure,41243,43739,0.9594936826003155,-0.07017207420384088
pred_pressure,41243,43867,0.8849995136990679,0.21776074455068226
pred_pressure,41243,44315,0.8938295603242992,0.14179215021848487
pred_pressure,41243,44507,0.9551113445678677,0.13579687081979785
pred_pressure,41243,44699,0.824793510660138,0.04028028414210489
pred_pressure,41243,44891,0.9878440273768602,0.20032597120954684
pred_pressure,41243,45211,0.8713103549639756,0.16261088784212677
pred_pressure,41243,45275,0.994417936030724,0.2295299298543988
pred_pressure,41243,45595,0.957761686431051,0.1127508006876993
pred_pressure,41243,45915,0.9273827058311289,-0.024688960712055296
pred_pressure,41243,45979,0.882898817782975,-0.1728148876969345
pred_pressure,41243,46555,0.823302631817129,0.00964547249100801
pred_pressure,41243,46619,0.8347738048733221,0.2175188772526939
pred_pressure,41243,46683,0.870180394891832,0.27996474562300594
pred_pressure,41243,47003,0.9597365682307019,0.19369765682117066
pred_pressure,41243,47387,0.9790031273360065,0.07663995700050086
pred_pressure,41243,47515,0.9131392499181703,0.21042643010286266
pred_pressure,41243,47579,0.9333572614634394,0.2750869099878798
pred_pressure,41243,48027,0.9486770297450253,0.12350201346390721
pred_pressure,41243,48347,0.8534295643868873,-0.17115514131976403
pred_pressure,41307,41499,0.9914129347906883,0.09958760066901517
pred_pressure,41307,42075,0.9852341581510629,0.23651921264792908
pred_pressure,41307,42267,0.9793447407191959,0.13379475941382002
pred_pressure,41307,42459,0.973794807043244,0.09218474616202527
pred_pressure,41307,42843,0.9919885152871528,-0.05657551806751482
pred_pressure,41307,43227,0.912406496252852,-0.16915856562568082
pred_pressure,41307,44379,0.8933828828729792,-0.09899992739401225
pred_pressure,41307,44763,0.9837568112372467,0.22703818334669923
pred_pressure,41307,44827,0.8251983189834081,-0.12382910854464048
pred_pressure,41307,44955,0.9737235785198451,0.0698539989926834
pred_pressure,41307,45723,0.9900887178837803,-0.0756305318982529
pred_pressure,41307,46107,0.9691420218802788,0.24097305727649193
pred_pressure,41307,46427,0.9152543004281458,0.2973703992261583
pred_pressure,41307,46811,0.8783797679792005,-0.3892381285920551
pred_pressure,41307,46875,0.9486552649792418,0.055083643045278186
pred_pressure,41307,47131,0.8881883283527893,-0.14132651181266925
pred_pressure,41307,47259,0.9839866602375782,-0.19301566682145496
pred_pressure,41307,47451,0.8328936112297144,0.15880652577282117
pred_pressure,41307,47643,0.9926647123398933,0.10125116706330779
pred_pressure,41307,47835,0.9102871284335522,-0.3477132658527698
pred_pressure,41307,48219,0.9591095935908301,0.19978877441996046
pred_pressure,41307,48411,0.8444862759834176,0.2594271038701549
pred_pressure,41371,41499,0.8075494561115447,-0.21526678932150675
pred_pressure,41371,42075,0.8581334786785585,-0.018267710341534064
pred_pressure,41371,42843,0.809761601438893,-0.16011059051212517
pred_pressure,41371,42907,0.9799883691143503,0.18269274280906564
pred_pressure,41371,43163,0.8220324645235313,0.2247195803975634
pred_pressure,41371,43291,0.9904535105104216,0.20753212081492195
pred_pressure,41371,43355,0.8014921224298072,-0.04702170496452911
pred_pressure,41371,44763,0.8389998174472115,-0.25874117781012107
pred_pressure,41371,45019,0.8177429068716806,0.2989141569855659
pred_pressure,41371,45083,0.8592180327981709,0.2785555123006525
pred_pressure,41371,45403,0.947212589673794,0.019011270422683753
pred_pressure,41371,46107,0.8364051931675488,0.09404124853957394
pred_pressure,41371,46171,0.9806845559853871,0.19880389476633636
pred_pressure,41371,46427,0.9015932788047569,0.28957859604968084
pred_pressure,41371,46811,0.9269462815619242,0.21620611673213264
pred_pressure,41371,47259,0.8637729684066576,-0.012682202583631364
pred_pressure,41371,47643,0.826924695278356,0.1926372014239851
pred_pressure,41371,48283,0.8270667728036213,0.09468771996781743
pred_pressure,41435,43099,0.8689117823576874,0.2937650653375829
pred_pressure,41435,44059,0.8864217730141434,0.257853243047714
pred_pressure,41435,44443,0.8418672488185422,0.10766077695023463
pred_pressure,41435,45019,0.8020793599721847,0.06842914164116244
pred_pressure,41435,48283,0.8334383385946295,0.10131678078534498
pred_pressure,41499,41691,0.9820183112460215,0.2917930365043259
pred_pressure,41499,43355,0.8325723248683702,-0.1519995570840745
pred_pressure,41499,43611,0.9006172361351362,-0.12204787464445613
pred_pressure,41499,44187,0.9471309898769605,0.07115782352456582
pred_pressure,41499,44827,0.8243479420625368,0.24683361276664365
pred_pressure,41499,45147,0.8809374134013955,0.26692352434938227
pred_pressure,41499,46427,0.8859627406632301,-0.3526180605706405
pred_pressure,41499,46811,0.8600204170128072,-0.14046493263539367
pred_pressure,41499,47131,0.8838565464375248,-0.17620662344905255
pred_pressure,41499,47643,0.9911263021849305,0.118020524773768
pred_pressure,41499,48411,0.8785988162001234,0.1564985731419313
pred_pressure,41499,48603,0.9718271511525299,-0.10568420376711349
pred_pressure,41563,43675,0.9267550294261679,0.28058782240075414
pred_pressure,41563,43867,0.9459096892519899,-0.07765950456861993
pred_pressure,41563,45595,0.8258102683234735,0.2769418837102547
pred_pressure,41563,45979,0.9085777716067597,0.2962872623024264
pred_pressure,41563,48475,0.9553178543363701,0.058713379627130004
pred_pressure,41627,41819,0.8846445189491656,-0.008625251506140403
pred_pressure,41627,42203,0.8954850989053622,0.2512229317055986
pred_pressure,41627,42715,0.834612647422936,0.05463347345357567
pred_pressure,41627,43739,0.8419661491129967,-0.1359097918820968
pred_pressure,41627,45211,0.8334629886105214,-0.20434796543857983
pred_pressure,41627,46619,0.9531075774440531,-0.08103015344028297
pred_pressure,41627,46747,0.8371991133478727,0.0904169786733398
pred_pressure,41627,47579,0.8867285426302862,-0.02592999566416416
pred_pressure,41627,48347,0.8914870932408795,0.040888583151607545
pred_pressure,41627,48539,0.934133612233136,-0.3047895488154636
pred_pressure,41691,41883,0.8869323734613935,0.23470563103578654
pred_pressure,41691,42267,0.9889788262719862,0.03317133891978425
pred_pressure,41691,42843,0.9374622958050551,0.15547016640863262
pred_pressure,41691,43227,0.9651597899637866,0.011311616466063951
pred_pressure,41691,44955,0.9760380966116342,0.08871236145561398
pred_pressure,41691,45723,0.9618807122450694,0.254085066970135
pred_pressure,41691,46107,0.9672883134890966,0.10874918575780336
pred_pressure,41691,46875,0.9788973261251499,0.181024400352294
pred_pressure,41691,47259,0.9204963717608545,0.07098444307204188
pred_pressure,41691,47835,0.9711366659206887,-0.08396034083620883
pred_pressure,41755,42331,0.8851556152028608,-0.01855883952606041
pred_pressure,41755,44251,0.8975943144077884,0.23280788578499642
pred_pressure,41755,48091,0.8212815555811932,-0.19412419529518982
pred_pressure,41819,42203,0.9817247027237226,0.28200675593158947
pred_pressure,41819,42395,0.9003911997539813,-0.11580052207824737
pred_pressure,41819,42715,0.8425421322320127,-0.45451343426837043
pred_pressure,41819,42971,0.8477335702479963,0.11172970141337181
pred_pressure,41819,43035,0.8536621320312804,0.22030162327723513
pred_pressure,41819,43931,0.8715153876093725,0.009184138215464386
pred_pressure,41819,44507,0.8510101050075416,-0.17286564314955838
pred_pressure,41819,44699,0.806292793868733,-0.2699951775589782
pred_pressure,41819,44891,0.8910925695028963,0.11958053594757657
pred_pressure,41819,45211,0.827536076436527,0.03715309151151885
pred_pressure,41819,45595,0.8228691025264157,0.27959666065733424
pred_pressure,41819,45659,0.8161597977264491,0.23362833062216706
pred_pressure,41819,45851,0.8774759614567121,-0.16145227735927659
pred_pressure,41819,45915,0.8698093956120503,0.0021872073488453992
pred_pressure,41819,46043,0.939545146555057,-0.030519832176003556
pred_pressure,41819,46619,0.9436700352656961,0.2717736180696636
pred_pressure,41819,47003,0.9057576823224617,-0.026539445305778654
pred_pressure,41819,47195,0.9134258691743736,-0.24320221613295795
pred_pressure,41819,47771,0.9072547311345436,-0.23838652298950513
pred_pressure,41819,48027,0.8709730231205363,-0.2133660428456048
pred_pressure,41883,42267,0.8325721233388799,0.28112152087173664
pred_pressure,41883,42459,0.8604853132040479,-0.18895962330220542
pred_pressure,41883,43227,0.8337162014971747,0.078268087071576
pred_pressure,41883,43803,0.9371050543079477,-0.006194569099123808
pred_pressure,41883,43995,0.9328368755981155,-0.026388914761990956
pred_pressure,41883,44187,0.9021354949579925,0.20560901258163286
pred_pressure,41883,44379,0.9272765665712098,-0.31983034988315084
pred_pressure,41883,45147,0.8925226094892422,0.19677316975729206
pred_pressure,41883,46875,0.866347735818088,0.2815305211100566
pred_pressure,41883,47451,0.9598786147313442,0.03270969261270011
pred_pressure,41883,47835,0.9312297739386689,0.02741442699512965
pred_pressure,41883,48411,0.94674994974946,0.008452976656129716
pred_pressure,41947,42907,0.9590796273723138,0.2017715261851188
pred_pressure,41947,45019,0.8923337499890505,0.041172896655915905
pred_pressure,41947,45083,0.8190564170832734,0.014679698634790395
pred_pressure,41947,46811,0.8223451699075065,0.007850389395735303
pred_pressure,41947,48283,0.9023073640505263,0.10705618693021447
pred_pressure,42011,42587,0.9643126096774322,-0.021237949860036263
pred_pressure,42011,42907,0.888868385571301,-0.2911193609119083
pred_pressure,42011,43355,0.8819677160704148,0.08906185951607894
pred_pressure,42011,44827,0.8527889567968224,0.010044004054684539
pred_pressure,42011,45019,0.8252802693370699,-0.15450136221062122
pred_pressure,42011,45083,0.9851525835819399,0.2885185812803565
pred_pressure,42011,45403,0.9255757458379826,-0.23211871799281433
pred_pressure,42011,46235,0.8880294444132997,-0.20935459900562592
pred_pressure,42011,46363,0.8194946028306056,0.0350336161242884
pred_pressure,42011,46427,0.8722207857737367,-0.06709410264199166
pred_pressure,42011,46811,0.8769452835650645,0.0064932478339575885
pred_pressure,42011,47899,0.827297321660291,0.11922895724950312
pred_pressure,42011,48283,0.8377231962984955,-0.42203407258848297
pred_pressure,42075,42907,0.8083704404871261,0.04020217526371234
pred_pressure,42075,43291,0.8017861197503597,0.07148951040205986
pred_pressure,42075,43355,0.9002444485763763,-0.15499353775039873
pred_pressure,42075,43803,0.8538730751121199,0.20792295574503694
pred_pressure,42075,44379,0.8401933821018069,0.10876404294864846
pred_pressure,42075,44827,0.8887792822097514,-0.024406096803875045
pred_pressure,42075,45723,0.9547145660820355,0.24312041306733861
pred_pressure,42075,46171,0.8366372491925901,-0.02295112065969762
pred_pressure,42075,46235,0.823657427359614,-0.20728062839652237
pred_pressure,42075,46427,0.944508945846044,0.07298998397350076
pred_pressure,42075,46811,0.9299818196533438,-0.19328417089593822
pred_pressure,42075,47131,0.9413745043708658,0.12032059317004849
pred_pressure,42075,47835,0.8815881914060479,0.26266144923219414
pred_pressure,42139,43419,0.8052726837883551,-0.01743496195958644
pred_pressure,42139,43867,0.8217803531922789,0.25248218473736816
pred_pressure,42139,43931,0.8268990921942887,0.06494698974945246
pred_pressure,42139,44507,0.8309018829238908,-0.07282544217532959
pred_pressure,42139,45851,0.8045032152574753,-0.014873545697151828
pred_pressure,42139,45979,0.8151606586857978,0.15261024580027116
pred_pressure,42139,46555,0.8958559396242669,0.2510135331993178
pred_pressure,42203,42395,0.9439757364428182,-0.20547650405413995
pred_pressure,42203,42715,0.9207753627261905,-0.020151592038764796
pred_pressure,42203,42779,0.8219257253420486,-0.16728708548513818
pred_pressure,42203,42971,0.8242025148430865,0.17651952089432507
pred_pressure,42203,43035,0.8514842866565365,0.11849912266258954
pred_pressure,42203,43931,0.8813899300600245,-0.011954344653071883
pred_pressure,42203,44315,0.9039645552819314,0.0714219537384687
pred_pressure,42203,44507,0.8693094205015048,-0.05594878445840549
pred_pressure,42203,44699,0.8423958837482427,0.03443853865024279
pred_pressure,42203,44891,0.9213635141759231,-0.040774019986837426
pred_pressure,42203,45211,0.907667856584113,0.03553300825816625
pred_pressure,42203,45275,0.9453248129043965,-0.08068136853672633
pred_pressure,42203,45595,0.8947324768963565,0.042448799556195085
pred_pressure,42203,45851,0.9025933194659969,-0.08757836899045195
pred_pressure,42203,45915,0.8570864737182304,0.04223462598254752
pred_pressure,42203,46043,0.9536941818896797,0.1139625520848548
pred_pressure,42203,47003,0.9455398793873051,0.27919465635455376
pred_pressure,42203,47195,0.9479119793042082,-0.19827705270344056
pred_pressure,42203,47387,0.9694391986520692,0.13714208375872838
pred_pressure,42203,47579,0.9932702763805279,0.27140707725098234
pred_pressure,42203,47771,0.8744506308584765,0.15487186767374334
pred_pressure,42203,48027,0.8650820575706036,-0.10562768469075906
pred_pressure,42267,42459,0.9851843372523506,0.00048377704485632814
pred_pressure,42267,43803,0.9454304834547741,-0.1048740965378498
pred_pressure,42267,44379,0.9128763364648036,-0.08204136327466927
pred_pressure,42267,44763,0.9828154999591524,0.13196116763409196
pred_pressure,42267,45339,0.9466645444830539,0.07634090656858217
pred_pressure,42267,45723,0.9639637312399388,-0.03492090508784992
pred_pressure,42267,46427,0.8432500078721795,0.18527145973784392
pred_pressure,42267,46811,0.8145386083885715,0.2049492742316584
pred_pressure,42267,46875,0.9786737202234873,0.20380341244975728
pred_pressure,42267,47067,0.9894332918457406,-0.06641529284634165
pred_pressure,42267,47131,0.8405885466226438,-0.1340136092330765
pred_pressure,42267,47451,0.8984976584425161,0.22729982180755154
pred_pressure,42267,47643,0.9795238256528255,0.12172199032717956
pred_pressure,42267,47835,0.950894334670085,0.011998367738006648
pred_pressure,42267,48219,0.986787439813949,0.1017857308392351
pred_pressure,42267,48603,0.9835894178142991,0.2255185186722998
pred_pressure,42331,43675,0.9633561733560579,-0.022789505838342473
pred_pressure,42331,44251,0.9713774097191294,-0.1078653912595395
pred_pressure,42331,45979,0.8685407072782638,0.26118830512749974
pred_pressure,42331,46555,0.8840761494079549,0.16852568873002088
pred_pressure,42331,48091,0.8242829884061844,0.0944212761161013
pred_pressure,42331,48475,0.933057107721267,-0.30413132485001565
pred_pressure,42395,42715,0.9262527768067057,0.07160576837384534
pred_pressure,42395,42779,0.8027670143136196,-0.08210960326686002
pred_pressure,42395,42971,0.8416067603867395,-0.10289832365542192
pred_pressure,42395,43547,0.9464958174750855,-0.21280723171884772
pred_pressure,42395,43739,0.9619238634301341,-0.17800930367633774
pred_pressure,42395,43867,0.8697748270141434,-0.45774478133876484
pred_pressure,42395,44315,0.880892296844504,0.12493488315277508
pred_pressure,42395,44699,0.9169165901033943,0.2523805433232625
pred_pressure,42395,45595,0.9540320901096898,0.24004514928378598
pred_pressure,42395,45851,0.964207123587132,0.1532179450285522
pred_pressure,42395,45915,0.8557961924655162,0.17995270684656176
pred_pressure,42395,45979,0.8770719384979735,0.28922619940741634
pred_pressure,42395,46043,0.950011036059682,-0.004675563908803981
pred_pressure,42395,46619,0.8978682816073215,-0.1959816651583605
pred_pressure,42395,47003,0.9629851611414094,0.1261125097933173
pred_pressure,42395,47195,0.9840857325966395,0.19853834097156078
pred_pressure,42395,47387,0.9634845850171064,-0.49912442736215035
pred_pressure,42395,47579,0.9531475657532413,-0.15660879519687051
pred_pressure,42395,47707,0.800136964103663,-0.026121462755274282
pred_pressure,42395,48027,0.8665582447007798,-0.3147656721360341
pred_pressure,42395,48347,0.8832527489725216,-0.387665435981526
pred_pressure,42459,43611,0.9436883554033639,-0.17386837219678078
pred_pressure,42459,43803,0.937217286121359,0.2785916862929317
pred_pressure,42459,44187,0.984725930123314,0.23710261291162044
pred_pressure,42459,44955,0.9808277919878492,0.13540778288229527
pred_pressure,42459,45147,0.931710551096189,0.1457524198563804
pred_pressure,42459,46107,0.9717989739885605,0.13369663364334505
pred_pressure,42459,46427,0.8293060891252383,-0.29274084909507214
pred_pressure,42459,46811,0.8005434347316185,-0.43621911102426325
pred_pressure,42459,47067,0.9854538201454196,0.19449683778622806
pred_pressure,42459,47131,0.8147607282071591,-0.1650450584615204
pred_pressure,42459,47835,0.9688022183510496,0.2852793294756893
pred_pressure,42459,48411,0.9310616840232663,0.1116789264107749
pred_pressure,42459,48603,0.99214281568286,-0.09682134551542955
pred_pressure,42523,42587,0.8486514421054178,0.1554115867462615
pred_pressure,42523,42907,0.9621853876519613,0.12149362330853741
pred_pressure,42523,43291,0.9004281457076551,0.04648743910656442
pred_pressure,42523,43355,0.819914928051677,-0.3118808982247745
pred_pressure,42523,45019,0.8996140171183036,0.03355630279924885
pred_pressure,42523,45083,0.944760907946478,-0.14239493498847636
pred_pressure,42523,45403,0.9763958613110235,-0.010809872120067825
pred_pressure,42523,46427,0.8817847227328941,-0.2713784133865118
pred_pressure,42523,46811,0.8858183551571923,0.05007612553784661
pred_pressure,42523,47899,0.9324767716611314,0.07565662588169957
pred_pressure,42523,48283,0.9271643383068923,0.263987326155833
pred_pressure,42587,42907,0.8047925394949966,0.013052590166583397
pred_pressure,42587,43163,0.9443976848284417,0.17803327020926524
pred_pressure,42587,43355,0.8970077390332529,-0.13346137721721577
pred_pressure,42587,45083,0.9594607416894557,0.19502094737227574
pred_pressure,42587,45403,0.8648753762221799,0.18808069997824592
pred_pressure,42587,46235,0.9177022632642151,0.0047167342049721245
pred_pressure,42587,46427,0.8507044512013939,0.2201473321207584
pred_pressure,42587,46811,0.8484405413700217,0.19532178697814723
pred_pressure,42651,44571,0.8104776963924738,0.06474692599929725
pred_pressure,42651,45531,0.8450553024653877,-0.11162856623239183
pred_pressure,42651,46299,0.9610050060727674,0.27823619188507465
pred_pressure,42715,43483,0.8951927762732872,0.25777065486403394
pred_pressure,42715,43547,0.8802910357436922,-0.15516185036981672
pred_pressure,42715,43739,0.9359919877163635,-0.001738913787292966
pred_pressure,42715,43867,0.8651042095251147,0.0008453805754358442
pred_pressure,42715,43931,0.8026035913086073,-0.0777457879077337
pred_pressure,42715,44507,0.8015378897435927,-0.07762168792090952
pred_pressure,42715,44699,0.8397654498686284,0.16369583840853982
pred_pressure,42715,44891,0.8809766881436147,0.14852538405384338
pred_pressure,42715,45275,0.8926937541426684,-0.18692403910797367
pred_pressure,42715,45595,0.9549896581439302,0.2527390413231752
pred_pressure,42715,45851,0.8416348339721764,-0.13126679114468004
pred_pressure,42715,45979,0.8656291367297709,0.1640339363124396
pred_pressure,42715,46043,0.8733176916518111,-0.11563142308528317
pred_pressure,42715,46619,0.9121860950682812,-0.12008718734017063
pred_pressure,42715,46747,0.8869747076039787,0.037983878943686544
pred_pressure,42715,46939,0.8769177816621185,0.0985842145932259
pred_pressure,42715,47003,0.9166717215820798,0.1527120312849774
pred_pressure,42715,47195,0.9172124588815418,0.1799921529398749
pred_pressure,42715,47387,0.9026717492102215,-0.26356228513454627
pred_pressure,42715,47515,0.9078614464927243,0.003659988839492639
pred_pressure,42715,47579,0.9490197498849123,0.04095284843844658
pred_pressure,42715,47707,0.9400419739899843,0.11384329663476458
pred_pressure,42715,48347,0.9052529337158369,-0.3492322059447514
pred_pressure,42779,43547,0.9015722371102537,0.19881735040287762
pred_pressure,42779,43739,0.8420820010525506,0.19765370765408696
pred_pressure,42779,44507,0.8484521384882742,-0.23453420359364982
pred_pressure,42779,44699,0.8662637713051367,0.23755578978253084
pred_pressure,42779,45275,0.811868467752143,0.16240921705271463
pred_pressure,42779,47387,0.8364418246396619,0.2635169812422722
pred_pressure,42779,47515,0.8347899541274272,-0.16938125444767416
pred_pressure,42779,47963,0.9276290802763952,0.259322767356016
pred_pressure,42779,48155,0.8470008695133765,0.24511345463375753
pred_pressure,42779,48347,0.8969037332867438,0.2687370329466622
pred_pressure,42843,43355,0.9288371513846099,-0.13318727380390272
pred_pressure,42843,43611,0.8728542539728887,0.2742162722134841
pred_pressure,42843,43803,0.8599067265950521,0.20400865485354056
pred_pressure,42843,44187,0.9105362768691402,0.15699604927186978
pred_pressure,42843,44379,0.8700994693049107,0.2943057490952333
pred_pressure,42843,44955,0.9589335626832277,0.23711442017933224
pred_pressure,42843,45339,0.8952612560927625,0.2560120525180763
pred_pressure,42843,45723,0.97742163521592,0.20150195750797048
pred_pressure,42843,46235,0.8523631045041106,0.08521062829759209
pred_pressure,42843,46427,0.9500535917291486,0.1952899869165707
pred_pressure,42843,46811,0.9172077362183306,0.22764519602141609
pred_pressure,42843,47067,0.9773727430595524,0.1727257991033215
pred_pressure,42843,47131,0.9132248767504585,0.06572069443038883
pred_pressure,42843,47643,0.9894904622870503,0.22033342206326936
pred_pressure,42843,47835,0.8739467865857067,0.2689980391537598
pred_pressure,42843,48603,0.9398720273095028,0.06752454581859013
pred_pressure,42907,43163,0.8987057978798346,0.029915967023210997
pred_pressure,42907,43355,0.8333461924706671,0.11598256601543874
pred_pressure,42907,45083,0.9307800439983749,0.10522326235095203
pred_pressure,42907,45403,0.9809413242555709,0.23309949204060137
pred_pressure,42907,45787,0.8091631707205903,0.08216281637345062
pred_pressure,42907,46427,0.9087583571962067,0.14768984750655662
pred_pressure,42907,46811,0.9390932649035156,0.0402611700874399
pred_pressure,42907,47131,0.9560256676148235,0.015004535375623499
pred_pressure,42907,47259,0.8237803564962588,0.062193549892364544
pred_pressure,42907,47899,0.9688575914531595,0.08006141139133162
pred_pressure,42971,43035,0.8631713744896037,0.045301995155074104
pred_pressure,42971,43419,0.9374574989308937,-0.010986122983177119
pred_pressure,42971,43739,0.8534057173756798,0.07911533250532815
pred_pressure,42971,44507,0.9360218338276781,-0.23894348818472338
pred_pressure,42971,44891,0.9164331563243648,0.15099514764750152
pred_pressure,42971,45275,0.9196575138969509,-0.07254561685569721
pred_pressure,42971,45915,0.9501102441429787,-0.3336614696468915
pred_pressure,42971,46683,0.933173202220227,0.18583127369572802
pred_pressure,42971,47003,0.862938771106859,0.0966180265742759
pred_pressure,42971,47387,0.9039215498710566,0.09593031226011021
pred_pressure,42971,47579,0.8035727626475465,0.2888291346601062
pred_pressure,42971,48027,0.9715964472113228,0.1268063222320096
pred_pressure,43035,43739,0.8460747917160506,-0.09192188203539496
pred_pressure,43035,43931,0.813487537620564,-0.15368340626949634
pred_pressure,43035,44315,0.8573909857900441,0.04443139484481561
pred_pressure,43035,44891,0.8222012978012203,0.2664049277177439
pred_pressure,43035,45275,0.8665117148423639,0.24643797522994407
pred_pressure,43035,45851,0.8328953525686263,-0.1511000983087697
pred_pressure,43035,45915,0.9719931079863838,0.24662672401290078
pred_pressure,43035,46683,0.817493525800681,0.23075182826414228
pred_pressure,43035,47195,0.8708492624697567,-0.15766138403101837
pred_pressure,43035,47387,0.8510314045489527,-0.023222364878452025
pred_pressure,43035,47579,0.8094842473658463,-0.22716808745909212
pred_pressure,43035,48027,0.9140147295268567,0.1573021570454682
pred_pressure,43099,48283,0.8610158121754398,0.18481759579752016
pred_pressure,43163,43355,0.898174439117184,-0.26791961519617497
pred_pressure,43163,44827,0.8743042923906824,0.10491069634662174
pred_pressure,43163,45019,0.8063301209375173,0.15066077337246117
pred_pressure,43163,45403,0.9395335085080162,-0.3127063311140001
pred_pressure,43163,46171,0.8145920258761703,0.04179206248717917
pred_pressure,43163,46235,0.8830293168297907,-0.21338002274332382
pred_pressure,43163,46427,0.901738324776613,-0.0887830688237084
pred_pressure,43163,46811,0.8914968344333591,-0.33041181126679275
pred_pressure,43163,47899,0.8388815801951821,0.18618327022473968
pred_pressure,43163,48283,0.8363297344139712,-0.2931829209886878
pred_pressure,43227,43611,0.8931394242167264,0.1527377557989512
pred_pressure,43227,43803,0.9113838925072987,-0.05272253533409191
pred_pressure,43227,44187,0.9555082016105302,0.027620513478411508
pred_pressure,43227,44379,0.8686986137953179,0.21468276351705728
pred_pressure,43227,44763,0.954019021696487,0.13038165087686868
pred_pressure,43227,45147,0.9568867987807936,0.29260556614906286
pred_pressure,43227,45339,0.9036176299280395,0.1677898368627036
pred_pressure,43227,47067,0.9569404372493127,0.13814594353322293
pred_pressure,43227,47451,0.907483650887722,0.04707922303274746
pred_pressure,43227,48411,0.9470761298173344,0.09397876804710373
pred_pressure,43227,48603,0.9719994277325421,0.1821855849842704
pred_pressure,43291,44443,0.8151973738533761,0.2934586255297256
pred_pressure,43291,45403,0.9328145902045702,0.1537088430113022
pred_pressure,43291,45787,0.9157585234172788,-0.049246345664382817
pred_pressure,43291,46171,0.9817383795543313,-0.0033254125122532162
pred_pressure,43291,46811,0.8893633458777823,-0.2223560140977734
pred_pressure,43291,47131,0.9352501627980966,0.026636541567912224
pred_pressure,43291,47899,0.9649677990539827,0.23637950034155317
pred_pressure,43291,48283,0.8430137832503706,0.08987567727951055
pred_pressure,43355,44763,0.857979325494347,0.07512269626533512
pred_pressure,43355,44827,0.8743843998601785,-0.155827639777566
pred_pressure,43355,44955,0.8169003406360777,-0.15838498212584742
pred_pressure,43355,45083,0.909008483017108,-0.0003002715307979526
pred_pressure,43355,45723,0.8560510035960716,-0.13001160607166026
pred_pressure,43355,46107,0.8116720041575967,-0.15060769558262072
pred_pressure,43355,46811,0.9582858762041752,0.12156072340708846
pred_pressure,43355,47067,0.8483306059827879,0.2138296451108111
pred_pressure,43355,47131,0.9146844216872528,-0.0715797711868522
pred_pressure,43355,47259,0.9245329217836155,-0.4374193548386746
pred_pressure,43355,47643,0.8860298315391383,0.015946697179350208
pred_pressure,43419,43931,0.8600545164665699,0.0323831390188389
pred_pressure,43419,44315,0.831951481634985,-0.18679570375699955
pred_pressure,43419,44507,0.8220399440515885,-0.08165871749165887
pred_pressure,43419,44891,0.8247580056350183,0.08555015957721092
pred_pressure,43419,45275,0.8343516076649904,0.15559781607938308
pred_pressure,43419,45851,0.8431929675042567,-0.1571635466698674
pred_pressure,43419,47195,0.8125029657251716,-0.057118267898124984
pred_pressure,43483,45211,0.9020399200987105,-0.17232095011087184
pred_pressure,43483,45595,0.8005992704982102,0.01594800750256203
pred_pressure,43483,46747,0.9475944364701974,0.15353244719917303
pred_pressure,43483,47707,0.9778752217243116,0.16171375873679772
pred_pressure,43483,48475,0.898505054424226,0.05871337962728786
pred_pressure,43547,44507,0.9528799569653477,-0.07818859847125592
pred_pressure,43547,44699,0.9036543166097113,0.1364824147664833
pred_pressure,43547,44891,0.9655399224757364,-0.17572643521254044
pred_pressure,43547,45211,0.8742748077530746,0.2506453755920968
pred_pressure,43547,45275,0.9647229450396781,0.036053264027928855
pred_pressure,43547,45595,0.92094788078466,0.20072356742401587
pred_pressure,43547,45915,0.8285387598212729,-0.3434592688810455
pred_pressure,43547,45979,0.850562429339456,-0.17908029395869227
pred_pressure,43547,47003,0.9842077160786051,0.09119722129223028
pred_pressure,43547,47195,0.9534640916541829,0.23658218595463498
pred_pressure,43547,47387,0.9821980836442281,0.24916097280707716
pred_pressure,43547,47515,0.9140693104400255,0.24519061639809692
pred_pressure,43547,47771,0.8166400297538944,0.041391928452989134
pred_pressure,43547,47963,0.8829614082485711,-0.19744163129473652
pred_pressure,43547,48027,0.8787110705134107,-0.40676970008689606
pred_pressure,43547,48347,0.9609421869595982,0.13117773063987595
pred_pressure,43611,43803,0.9771805854075754,-0.08381852673224784
pred_pressure,43611,44187,0.9677763880686863,0.2950565865214483
pred_pressure,43611,44379,0.9910463116172202,-0.39370436354387683
pred_pressure,43611,44763,0.8743084614391643,0.2658221474013236
pred_pressure,43611,45723,0.9121801690288418,-0.3100989776073663
pred_pressure,43611,46107,0.8685508956877906,0.28213745638198345
pred_pressure,43611,46875,0.9536773603866945,0.21067050289747036
pred_pressure,43611,47067,0.9001953972466842,0.043711907149104695
pred_pressure,43611,47259,0.8226485926624567,0.23069103458309043
pred_pressure,43611,47451,0.9728169063849746,0.17594376994789004
pred_pressure,43611,47643,0.8838259258849627,0.219777066943649
pred_pressure,43611,47835,0.9676088662376071,-0.014234014177538556
pred_pressure,43611,48411,0.9440320888458893,0.11549214364497204
pred_pressure,43675,43867,0.8851264354211738,0.24865641954017914
pred_pressure,43675,46555,0.9336852691823574,0.1328057133779797
pred_pressure,43675,47515,0.8615201846681632,0.09155595236308195
pred_pressure,43675,48091,0.8242850708021029,0.27802569865638205
pred_pressure,43739,43867,0.8041728922886442,0.19248387809929277
pred_pressure,43739,43931,0.9206647322238218,-0.044241426331145
pred_pressure,43739,44315,0.9051421485854176,0.2548285224597773
pred_pressure,43739,44507,0.9148608240450473,-0.24234750148403733
pred_pressure,43739,44699,0.855580533384736,-0.02112552800954342
pred_pressure,43739,44891,0.9604046993549936,-0.007765963149469896
pred_pressure,43739,45211,0.9171261101519145,0.0487001163421563
pred_pressure,43739,45851,0.9382107138059576,-0.21218271441057254
pred_pressure,43739,45915,0.8717227468894521,0.2031635367842492
pred_pressure,43739,45979,0.8321862985370618,0.13148147254635245
pred_pressure,43739,46043,0.972701246067836,0.1554383178098392
pred_pressure,43739,47003,0.9756627179797749,0.19176748902550095
pred_pressure,43739,47195,0.973027573216716,-0.19560492545031344
pred_pressure,43739,47771,0.8168692276133063,0.016741195453860335
pred_pressure,43739,48027,0.8970490144880232,-0.292156700489066
pred_pressure,43803,43995,0.8310578582016003,0.17725313435981407
pred_pressure,43803,44187,0.951973775828769,0.24647191563694545
pred_pressure,43803,44571,0.8671832344253629,-0.0300709369342529
pred_pressure,43803,44955,0.9119451034569964,0.057887372519296355
pred_pressure,43803,45147,0.9247289169789188,0.20445718364721052
pred_pressure,43803,46107,0.8844511025962443,0.018275113992318594
pred_pressure,43803,47259,0.8215887564818274,-0.21869692191704185
pred_pressure,43803,47643,0.8820222633400231,0.018275113992070605
pred_pressure,43803,47835,0.9659223218740521,0.06082892939281418
pred_pressure,43803,48219,0.9283941136489274,0.2935459495359568
pred_pressure,43803,48411,0.9479989327309148,0.2743372068860828
pred_pressure,43803,48603,0.9426639913932853,0.03456764045499523
pred_pressure,43867,43931,0.846114867748386,-0.40412707637056877
pred_pressure,43867,44251,0.8380885052631547,0.004438370393332252
pred_pressure,43867,44507,0.8579989594491538,-0.38844819239923245
pred_pressure,43867,44891,0.888506457324353,-0.017058902057027807
pred_pressure,43867,45211,0.8521971478750231,-0.30227908669577314
pred_pressure,43867,45275,0.8658394247863278,-0.2113316312355291
pred_pressure,43867,45595,0.9542824989075909,-0.13150054934719563
pred_pressure,43867,45851,0.8698173739368963,-0.050555822285216774
pred_pressure,43867,45979,0.9825212788674981,-0.0892916835059011
pred_pressure,43867,46043,0.8110717411611256,0.030361169001735504
pred_pressure,43867,46555,0.9610312920237146,-0.3317987597175974
pred_pressure,43867,47003,0.8722512546522301,0.17397584497412358
pred_pressure,43867,47195,0.8773030778804908,-0.16640359842983873
pred_pressure,43867,47323,0.8093988950109604,0.24961603032136181
pred_pressure,43867,48475,0.9321704761004163,0.2119554380732784
pred_pressure,43931,44507,0.9901157677933768,0.2045210405622667
pred_pressure,43931,44699,0.8333758218132326,0.2222918022737817
pred_pressure,43931,44891,0.9862174413462386,0.21122485152397616
pred_pressure,43931,45275,0.9773386393183743,0.2240552621756235
pred_pressure,43931,45595,0.9163036970468945,0.21946720640415104
pred_pressure,43931,45915,0.9042991857331196,-0.01187113465744094
pred_pressure,43931,45979,0.8733592469624245,-0.2213005931749337
pred_pressure,43931,46683,0.8995736550842786,0.2935408035932093
pred_pressure,43931,47003,0.9525037636206768,0.22591246337154497
pred_pressure,43931,47323,0.8011227689497848,0.062357332235703285
pred_pressure,43931,47387,0.9646411878611478,-0.13906474222248086
pred_pressure,43931,47515,0.9050060151417023,0.0640683338950749
pred_pressure,43931,48027,0.9495543596572854,-0.248623574070138
pred_pressure,43931,48347,0.8416417795779213,-0.2738660047443577
pred_pressure,43995,45147,0.8438589978317236,0.22825131709440658
pred_pressure,43995,45531,0.9674683174420452,0.17573128916286979
pred_pressure,43995,46299,0.9546509840231194,0.1800223923841062
pred_pressure,43995,47451,0.8902079237443921,0.1613467055213046
pred_pressure,44123,48091,0.8210677439650034,0.1724833496168257
pred_pressure,44187,44763,0.9402636359797596,0.12121515361008299
pred_pressure,44187,44955,0.961327689482516,0.17302560838723105
pred_pressure,44187,45339,0.9771898436629769,-0.0005263301022245579
pred_pressure,44187,45723,0.9208191823835209,-0.016919798019136133
pred_pressure,44187,47259,0.8711894637466472,-0.11728689700751611
pred_pressure,44187,47835,0.9921284572966441,-0.15342729146183007
pred_pressure,44187,48219,0.9810416687953232,-0.005267557920593886
pred_pressure,44251,45979,0.8497049116267879,0.07592824462369124
pred_pressure,44251,46555,0.854250711833586,0.2690542652061577
pred_pressure,44315,44507,0.9141186615590403,-0.002824814882218181
pred_pressure,44315,44891,0.903439174138899,0.2848720477788069
pred_pressure,44315,45915,0.9165964157032045,-0.25955054598358435
pred_pressure,44315,46683,0.8074903589492752,0.0788194966733033
pred_pressure,44315,47003,0.8872708269461392,0.266809243939561
pred_pressure,44315,48027,0.9215200239305933,-0.17021748984375265
pred_pressure,44315,48347,0.8307044194011038,0.15902890108995252
pred_pressure,44379,44571,0.818249987610591,-0.04437995338332921
pred_pressure,44379,44763,0.8598219713164404,-0.02834650081710527
pred_pressure,44379,44955,0.8890933987433453,0.03147795078599346
pred_pressure,44379,45339,0.9916568683823325,0.036493024937978444
pred_pressure,44379,45531,0.8524738086175959,0.033175600704115446
pred_pressure,44379,46107,0.8483825439621331,0.014296335467211754
pred_pressure,44379,46875,0.9456051763940566,0.23051865048927947
pred_pressure,44379,47259,0.8161579577318745,0.010411056183000408
pred_pressure,44379,47451,0.9622407797042012,0.2350233325204596
pred_pressure,44379,47643,0.8733782723326722,0.26352200450852176
pred_pressure,44379,48219,0.9126003557358783,-0.1254110902991736
pred_pressure,44379,48603,0.9427662088975699,-0.37440242277689917
pred_pressure,44443,45403,0.831868994839932,0.08677512867175637
pred_pressure,44443,47899,0.8803423186229148,0.138563083910847
pred_pressure,44507,44699,0.8541919394851408,0.22560612741318004
pred_pressure,44507,44891,0.9838620375613757,0.1250632444795954
pred_pressure,44507,45595,0.9166072084389674,-0.0070952779489670765
pred_pressure,44507,45851,0.9881219078564819,0.060541300866125886
pred_pressure,44507,45915,0.8665881078172317,0.15155740753356092
pred_pressure,44507,45979,0.8991694331846082,0.24643601781948993
pred_pressure,44507,46043,0.9656355186619004,-0.13611273376753533
pred_pressure,44507,46555,0.87293501491169,0.29326331030617997
pred_pressure,44507,46683,0.8783839048114217,0.16891643605585227
pred_pressure,44507,47003,0.9647435848140928,0.17362929704065608
pred_pressure,44507,47195,0.9481721636852317,-0.02507704822051305
pred_pressure,44507,47323,0.82641262849736,0.026623649162429264
pred_pressure,44507,47387,0.9570201221898218,-0.05204575762081474
pred_pressure,44507,47515,0.9244710549151384,0.2998844531462225
pred_pressure,44507,47579,0.8833837397958302,-0.21933390608711759
pred_pressure,44507,48027,0.9261081020235914,-0.1204754957961241
pred_pressure,44507,48347,0.8489440914538127,-0.21535979067912517
pred_pressure,44571,45339,0.8207946018806697,0.1547286253259021
pred_pressure,44571,45531,0.9732425333748638,0.12207291551627313
pred_pressure,44571,47451,0.9053776429577859,0.28523747023483687
pred_pressure,44571,47835,0.829112307730471,-0.28338696731840785
pred_pressure,44699,44891,0.8504472772320606,0.17654342132425754
pred_pressure,44699,45211,0.8358583403146214,-0.2470975454595304
pred_pressure,44699,45275,0.8502316396248865,0.16047585522907332
pred_pressure,44699,45595,0.8560250382725367,-0.26935351313777156
pred_pressure,44699,45979,0.829706369678209,0.04786856300908308
pred_pressure,44699,46043,0.8784818689988512,0.04507311568758219
pred_pressure,44699,47195,0.8581163821805093,0.27726709517875
pred_pressure,44699,47387,0.8531759437452873,-0.1254308614325784
pred_pressure,44699,47515,0.8987903379290584,0.028384816762415797
pred_pressure,44699,47579,0.8699879967747065,-0.13605044335967678
pred_pressure,44699,48347,0.8600724162327656,-0.25107221277396563
pred_pressure,44763,44827,0.8609944433485156,0.0496165893333352
pred_pressure,44763,44955,0.9938371523567332,0.16590219634507516
pred_pressure,44763,45147,0.880562585154372,0.2922760882084655
pred_pressure,44763,45723,0.9530930715922078,0.036715099410633466
pred_pressure,44763,46107,0.9956429142857859,0.1444205993529298
pred_pressure,44763,46171,0.8150303907835117,0.13043776612655103
pred_pressure,44763,46427,0.9104936377273348,0.24319091486006697
pred_pressure,44763,46811,0.8978569511841333,-0.2805011642047998
pred_pressure,44763,47067,0.9976013393744225,0.18358406934848345
pred_pressure,44763,47131,0.9168710275154556,-0.13020005452071098
pred_pressure,44763,47643,0.9962762090760486,0.14442059935292412
pred_pressure,44763,47835,0.9145193986493877,0.035825670910145255
pred_pressure,44763,48411,0.8625383535483945,-0.1239078683666012
pred_pressure,44763,48603,0.9706712881450914,0.2985047437187843
pred_pressure,44827,44955,0.8117019110138666,-0.15319023250325794
pred_pressure,44827,45083,0.9051585375784926,0.1827445178025285
pred_pressure,44827,45403,0.9630708027340772,0.14315225224177455
pred_pressure,44827,46107,0.84762153602148,0.2055369362750148
pred_pressure,44827,46235,0.8184855388355378,0.06673077521888844
pred_pressure,44827,46427,0.948067612295247,0.12795808590347624
pred_pressure,44827,47067,0.8337354097648646,0.07847356514221208
pred_pressure,44827,47259,0.8954995751607926,0.2558291780773842
pred_pressure,44827,47643,0.856793265390251,-0.13932071248029715
pred_pressure,44827,47899,0.938954591621427,-0.012584534004903171
pred_pressure,44827,48283,0.8190813582463486,0.2977102907770138
pred_pressure,44891,45211,0.8641063210899254,0.03621191675985016
pred_pressure,44891,45275,0.9948591189501074,0.20808153888594913
pred_pressure,44891,45595,0.9613100833977009,0.0011671209412829398
pred_pressure,44891,45851,0.9907440761547681,0.020669218062484285
pred_pressure,44891,45915,0.893518753496082,0.017392923316858613
pred_pressure,44891,45979,0.9120259350267196,0.28323158464920817
pred_pressure,44891,46043,0.9794348093108375,-0.020335141890956535
pred_pressure,44891,46555,0.8603109459688457,-0.10159866368516395
pred_pressure,44891,46619,0.8389611102898045,-0.19663104244404772
pred_pressure,44891,46683,0.8597502589374361,0.1142199206121983
pred_pressure,44891,47195,0.985393090209498,0.12976334262470782
pred_pressure,44891,47387,0.9862366308598999,-0.024175478958198007
pred_pressure,44891,47515,0.9410803781750436,0.1376354094900479
pred_pressure,44891,47579,0.9355757739465839,-0.016153193640599344
pred_pressure,44891,47963,0.819912844925757,0.22073216897259149
pred_pressure,44891,48347,0.8876233501509689,0.15207626157383933
pred_pressure,44955,45723,0.9432366530501836,0.12412170039349865
pred_pressure,44955,46427,0.8682471651466191,-0.15931156339916958
pred_pressure,44955,46811,0.8554022610945478,0.04506671888879161
pred_pressure,44955,47067,0.9949560078919969,-0.05340982320119264
pred_pressure,44955,47131,0.8780084461187578,-0.19197210171729134
pred_pressure,44955,47259,0.9413570335238206,0.18674798552263217
pred_pressure,44955,47451,0.8766902472883128,0.25568150142952006
pred_pressure,44955,47643,0.986799795061157,0.09736932648748776
pred_pressure,44955,48411,0.9029750869630613,0.27139671316165365
pred_pressure,45019,45403,0.8782281381586465,-0.18424429182342206
pred_pressure,45019,46363,0.9058364073413099,0.25343368471682104
pred_pressure,45019,47899,0.8919986034328486,0.11481960231742158
pred_pressure,45083,45403,0.9610902935897035,-0.17152390871885378
pred_pressure,45083,46171,0.8499781814093378,-0.27210765892147787
pred_pressure,45083,46235,0.8937588714427777,-0.386089088760331
pred_pressure,45083,46427,0.9141535827242208,0.23826533330543465
pred_pressure,45083,46811,0.922410405850876,-0.10064376469820745
pred_pressure,45083,47131,0.8903038183573015,0.20450166650620066
pred_pressure,45083,48283,0.8432902179326521,-0.2534213075878662
pred_pressure,45147,45339,0.9398891943160501,0.28345475128378117
pred_pressure,45147,45531,0.8816205396212567,0.25814513487460594
pred_pressure,45147,45723,0.8200182864690464,0.1138518686320497
pred_pressure,45147,46107,0.896109668939727,0.29506413660612885
pred_pressure,45147,47451,0.9731611910397715,0.252171073581157
pred_pressure,45147,47643,0.8646227032573662,0.2223397280972375
pred_pressure,45147,47835,0.9746101305341756,0.18519565042304867
pred_pressure,45147,48603,0.958417107262529,0.277622422963248
pred_pressure,45211,45275,0.8708390391568648,0.07504785826951203
pred_pressure,45211,45851,0.8267853273908791,0.11969235083914072
pred_pressure,45211,45979,0.8571489009876347,0.23631127389822212
pred_pressure,45211,46043,0.8705664409165104,0.09109064657331489
pred_pressure,45211,46619,0.9186400620029884,0.08726268333805588
pred_pressure,45211,46747,0.8919293097122085,0.2238019937872945
pred_pressure,45211,46939,0.8867562990308947,0.044221250159022646
pred_pressure,45211,47003,0.9039885324823539,-0.030726215894288637
pred_pressure,45211,47195,0.9001432106376859,0.186013023221732
pred_pressure,45211,47387,0.8860181503015173,-0.24581578897697368
pred_pressure,45211,47515,0.904517557626266,0.2002361744829258
pred_pressure,45211,47707,0.9533753832251012,0.2566611389728271
pred_pressure,45211,48347,0.9130559395853168,-0.12636455561089902
pred_pressure,45211,48475,0.8276327584313377,0.12639831670148086
pred_pressure,45211,48539,0.8141117539556992,0.29942354496836315
pred_pressure,45275,45851,0.9886971360959764,0.17660285915413165
pred_pressure,45275,45915,0.9179650599717626,0.2954047707527541
pred_pressure,45275,46043,0.9772025233460471,-0.03347653980281206
pred_pressure,45275,46555,0.8177737789238735,0.22472416039068754
pred_pressure,45275,46619,0.8604925733988802,0.10896442791881399
pred_pressure,45275,46683,0.8517888026171557,0.10029436696360601
pred_pressure,45275,47003,0.9795571773355094,0.10010583625907922
pred_pressure,45275,47195,0.9935239812096565,0.14245094841996062
pred_pressure,45275,47515,0.9198149940348128,0.12434789314941642
pred_pressure,45275,47579,0.9512619236005435,0.12059582867727038
pred_pressure,45275,48027,0.9482897521125542,-0.10906722245016373
pred_pressure,45275,48347,0.889651866708592,0.23899897117762042
pred_pressure,45339,46107,0.8893117281349009,-0.06942791106041937
pred_pressure,45339,47067,0.9208251277874429,0.19228511956082223
pred_pressure,45339,47259,0.8476967948509103,0.2469268632092893
pred_pressure,45339,47643,0.9054612734194273,0.21007542120860853
pred_pressure,45339,47835,0.9764882565717814,0.29122899427394155
pred_pressure,45339,48411,0.9460988491812963,-0.19907835741473667
pred_pressure,45403,46235,0.8138588580783944,0.05307299285578784
pred_pressure,45403,46811,0.9349967398919624,0.27642960975390823
pred_pressure,45403,47259,0.8238587518092341,0.07649117327082251
pred_pressure,45531,47451,0.9347953408247186,0.1512269271830397
pred_pressure,45531,47835,0.8641297060205604,-0.07039337449754825
pred_pressure,45531,48411,0.9190838621884752,0.29198895691125526
pred_pressure,45595,45851,0.9372177562476458,0.0163770105682395
pred_pressure,45595,46043,0.9304845592999346,0.014426322311708524
pred_pressure,45595,46619,0.8477190562404102,0.08524678522509177
pred_pressure,45595,47003,0.9635286277426802,-0.16981877977210588
pred_pressure,45595,47195,0.9643644671671321,0.04391051377787705
pred_pressure,45595,47387,0.943524680654307,-0.06764709443344313
pred_pressure,45595,47515,0.9776449049118693,0.2558056033974202
pred_pressure,45595,47707,0.8849625458853123,0.2021179043225206
pred_pressure,45595,47963,0.8227788921166826,-0.1749620082887934
pred_pressure,45595,48027,0.8409123850802517,-0.3979881866760173
pred_pressure,45595,48347,0.8829318749429392,0.1498254472625491
pred_pressure,45595,48475,0.8559318651062304,0.034252549640020655
pred_pressure,45659,48539,0.8703537339586411,0.013886855641877556
pred_pressure,45723,46107,0.9352012976228572,0.03896855419994634
pred_pressure,45723,46427,0.8821651142077065,-0.5135559013235101
pred_pressure,45723,46811,0.8287302574191249,-0.020944948719092176
pred_pressure,45723,46875,0.9257937454186674,0.2890543138883397
pred_pressure,45723,47131,0.8377294195912637,0.026445353418432474
pred_pressure,45723,47451,0.8325360653699676,0.011849831719844009
pred_pressure,45723,48219,0.9302542463072594,0.03283763922305641
pred_pressure,45723,48411,0.831558517630658,0.05428313349360599
pred_pressure,45723,48603,0.9380677955662515,-0.30508214179323545
pred_pressure,45851,45915,0.9040009348578218,-0.20637297310276462
pred_pressure,45851,45979,0.8897917116659788,-0.2457580195626978
pred_pressure,45851,46555,0.8515510533768318,0.09890361642420757
pred_pressure,45851,46683,0.8839317484073934,0.26106272898032007
pred_pressure,45851,47003,0.9663458185594401,0.08319654617022532
pred_pressure,45851,47387,0.9716347276709918,0.07651503698076971
pred_pressure,45851,47515,0.9219606431604495,-0.16839093901546134
pred_pressure,45851,47579,0.9104468615378336,0.28670861055114544
pred_pressure,45851,48027,0.9392316706463992,-0.11107143630086823
pred_pressure,45851,48347,0.8513102830320917,-0.1662463941469978
pred_pressure,45915,46043,0.8618585541480694,-0.1653654252612448
pred_pressure,45915,47003,0.828279917446554,-0.1067981887640275
pred_pressure,45915,47195,0.9076770022735096,-0.1437573304616847
pred_pressure,45915,47387,0.9018826208455578,-0.07130347123810267
pred_pressure,45915,47579,0.8261507310172842,-0.2503304392244665
pred_pressure,45915,48027,0.9793885816659879,0.16218483150328686
pred_pressure,45979,46043,0.8584323473290848,-0.47382011563302173
pred_pressure,45979,47003,0.914853766446627,0.003722602881318988
pred_pressure,45979,47195,0.8806068346977212,-0.1862637291443916
pred_pressure,45979,47323,0.8293535942429291,0.2378157264150655
pred_pressure,45979,47387,0.8561949611319326,0.09445443302699412
pred_pressure,45979,47515,0.9858772544908883,0.06850492196417708
pred_pressure,45979,47579,0.8138113647865228,-0.16870149952559824
pred_pressure,45979,47707,0.8315046635590739,-0.3072658478022817
pred_pressure,45979,48475,0.9015699208259176,0.05450623756715911
pred_pressure,46043,47387,0.9885436533161062,-0.012161408000658128
pred_pressure,46043,47515,0.9146714499581313,0.139889621119773
pred_pressure,46043,47963,0.8587386473105998,-0.05825501984291481
pred_pressure,46043,48027,0.9102065089437577,-0.16607006508588568
pred_pressure,46043,48347,0.9450121639275713,-0.07924584731830922
pred_pressure,46107,46171,0.8147693003148119,-0.2280602398196926
pred_pressure,46107,46427,0.8782669767985904,0.11221677468848307
pred_pressure,46107,46811,0.8718483317848109,0.07115956300930217
pred_pressure,46107,47067,0.9929425237735473,0.17941805799432647
pred_pressure,46107,47131,0.9007258002983767,-0.1115920847405095
pred_pressure,46107,47259,0.9474113125859676,0.14706398509857002
pred_pressure,46107,47451,0.8409554972755976,0.17955644590053793
pred_pressure,46107,47643,0.9852632520934748,0.153284671532917
pred_pressure,46107,47835,0.9201681176905109,0.038024535436867804
pred_pressure,46107,48219,0.9856056889076599,0.13000244154073848
pred_pressure,46171,46427,0.8817882659856422,0.12511626226873782
pred_pressure,46171,47899,0.9611160189948462,-0.04879474006873913
pred_pressure,46235,46427,0.9263809011396652,-0.0911684115518433
pred_pressure,46235,47131,0.8541889302608938,-0.30105372566479793
pred_pressure,46235,47259,0.8353853742310388,-0.012019045684807078
pred_pressure,46235,47643,0.8021308542148389,-0.10567107373878985
pred_pressure,46299,48411,0.829591802541421,0.28700054881497966
pred_pressure,46427,46811,0.9882461234485023,0.2660826190412392
pred_pressure,46427,47067,0.895728353696853,-0.0881517042899024
pred_pressure,46427,47131,0.9748497861271322,0.18734611034973114
pred_pressure,46427,47259,0.9632612685622938,0.06654141345678852
pred_pressure,46427,47643,0.9267957180847016,0.1449699294897218
pred_pressure,46427,47899,0.8202152959694848,0.2852094354381436
pred_pressure,46427,48219,0.8205777052052563,0.1274352030862588
pred_pressure,46491,46683,0.8195792124353645,0.1860431143360607
pred_pressure,46555,47003,0.8410781991951262,-0.015429438784401664
pred_pressure,46555,47195,0.8095607474314808,0.14826878662257037
pred_pressure,46555,47323,0.914954339668226,0.1985240785737415
pred_pressure,46555,47963,0.8053920645807306,0.0854808138337767
pred_pressure,46555,48475,0.8610511954588477,0.1977397647787171
pred_pressure,46619,46747,0.8035307335657401,-0.3991854757169543
pred_pressure,46619,47003,0.8942661011627776,0.2055512368472985
pred_pressure,46619,47387,0.9018710018795129,0.2696147805925655
pred_pressure,46619,47515,0.8107316516718525,0.061132320161047374
pred_pressure,46619,47771,0.9208083892152601,-0.024507829061330356
pred_pressure,46619,48347,0.9642286502659557,0.030578801822481058
pred_pressure,46683,47195,0.8284071225476217,0.14598261101946408
pred_pressure,46683,47323,0.858165720729089,0.018235220550511907
pred_pressure,46683,47387,0.8016347418814485,-0.05500552725152471
pred_pressure,46683,48027,0.9321811632837729,0.1441073324489558
pred_pressure,46747,47707,0.9206976580418991,0.17199262123339024
pred_pressure,46811,47067,0.8770069648215992,-0.20027626339255203
pred_pressure,46811,47131,0.9859835052171707,0.2769013301712549
pred_pressure,46811,47259,0.9321551986510133,0.2739555745309935
pred_pressure,46811,47643,0.9053645996640272,0.05342509247749719
pred_pressure,46811,47899,0.8623927009798117,-0.08960168826311078
pred_pressure,46811,48219,0.8070965295244679,-0.13419378045109906
pred_pressure,46875,48411,0.958377080073609,0.16853469028810328
pred_pressure,46939,47707,0.958686035881544,0.2836138543559226
pred_pressure,46939,48475,0.854955827501984,0.1923519317280309
pred_pressure,47003,47195,0.9685913878508051,0.12844703205713132
pred_pressure,47003,47387,0.9831918177228117,0.041524209696259876
pred_pressure,47003,47579,0.9645172234592112,0.24808473569861672
pred_pressure,47003,47963,0.8800017534556402,0.07778413458426912
pred_pressure,47003,48027,0.8854509561261124,0.12877630104617632
pred_pressure,47003,48347,0.9428009297346255,0.14088489572329552
pred_pressure,47067,47131,0.8939504984185627,0.15215071602336913
pred_pressure,47067,47259,0.9662295975077747,-0.05142026945478243
pred_pressure,47067,47451,0.856265862550236,-0.015805628431178966
pred_pressure,47067,47835,0.932521239357636,0.15247342773187658
pred_pressure,47067,48219,0.9863746000972085,0.1297787495866852
pred_pressure,47067,48603,0.9805327863040075,0.28650290991811606
pred_pressure,47131,47259,0.9378692937105587,0.0785410174331186
pred_pressure,47131,47643,0.9158810250365413,0.20759868278546684
pred_pressure,47131,48219,0.8301073838325232,-0.22917060126735622
pred_pressure,47131,48603,0.8015389553641236,-0.1325831048979244
pred_pressure,47195,47387,0.9853376513807363,0.002055919235722985
pred_pressure,47195,47515,0.921575963728416,-0.21730264759841744
pred_pressure,47195,48027,0.9278183762616106,0.017530695056973664
pred_pressure,47195,48347,0.8847841311031809,-0.4467698866431841
pred_pressure,47259,48603,0.9093008458637423,-0.01929122035270153
pred_pressure,47387,47515,0.9066967730198703,-0.22077323079282027
pred_pressure,47387,47579,0.9746458640880802,0.29880768894512305
pred_pressure,47387,47963,0.8092246838717972,0.1262988036541226
pred_pressure,47387,48027,0.9367015963912187,0.29528474176813524
pred_pressure,47387,48539,0.8015582205847664,0.11676592227088665
pred_pressure,47451,47643,0.8264697850268059,0.12424921978358922
pred_pressure,47451,47835,0.9770181167191504,-0.09799160488742323
pred_pressure,47451,48411,0.985006269857601,0.22777367392673173
pred_pressure,47451,48603,0.9344159237349974,0.10897459423550333
pred_pressure,47515,47579,0.8836999552298849,0.10801163209210507
pred_pressure,47515,47963,0.895028977353007,-0.41257357828016955
pred_pressure,47515,48347,0.8652012613721389,0.08191348632215364
pred_pressure,47515,48475,0.8688965934649875,-0.24387714222807
pred_pressure,47579,47707,0.8056842899949529,0.22490791928375437
pred_pressure,47579,47771,0.8527189500036216,-0.3130075472632788
pred_pressure,47579,47963,0.8071671095896896,-0.13456707103119162
pred_pressure,47579,48027,0.8506983714912714,-0.2581112671049932
pred_pressure,47579,48347,0.9703767209402838,0.039089900547077276
pred_pressure,47643,48219,0.9720959907254435,0.13000244154063545
pred_pressure,47643,48411,0.8484399452965654,0.22977542992173972
pred_pressure,47643,48603,0.9677315115135194,0.2617258305564108
pred_pressure,47707,48475,0.9122191029271515,0.1460700951054423
pred_pressure,47771,48347,0.892926466954629,0.08863233982287703
pred_pressure,47771,48539,0.9565336396554878,-0.2480804857670031
pred_pressure,47835,48411,0.9852464900404083,-0.08777630912627525
pred_pressure,47835,48603,0.9801502311021426,0.0018399789842513008
pred_pressure,47899,48283,0.9179498915380943,0.1445598304631149
pred_pressure,47963,48155,0.8442485025212834,-0.45822311566548724
pred_pressure,47963,48347,0.883762735408551,-0.1550397574414243
pred_pressure,48219,48411,0.9406834924457527,-0.22381537484675654
pred_pressure,48411,48603,0.949149137962181,0.20208108383454904
pred_humidity,38939,40283,0.851415448490883,0.04588670528667371
pred_humidity,38939,40667,0.8330216640480462,0.20851594632979753
pred_humidity,38939,41627,0.962625406677602,0.27319382130472863
pred_humidity,38939,41819,0.845610557205422,0.10993163069453876
pred_humidity,38939,42203,0.8600233516265422,-0.0640422397072464
pred_humidity,38939,43163,0.9673316314259008,0.15662022580385287
pred_humidity,38939,43739,0.8674771112464127,0.25055318266790083
pred_humidity,38939,44123,0.9344261625025513,0.18157124885751466
pred_humidity,38939,44315,0.8633314326283643,0.01878984405595333
pred_humidity,38939,44507,0.9595109831833302,0.016867943867322682
pred_humidity,38939,44699,0.8732974077087239,0.06607774900814849
pred_humidity,38939,45275,0.8343831141261462,-0.22736097451447765
pred_humidity,38939,45467,0.8405125890126088,0.2821748540515411
pred_humidity,38939,45659,0.9169280172901286,-0.09317589802735127
pred_humidity,38939,45787,0.8713608171109865,-0.10601764244359507
pred_humidity,38939,46043,0.8576077163348056,0.23243661527986914
pred_humidity,38939,46619,0.9373418737094502,0.23103956990339253
pred_humidity,38939,46811,0.8640561545417402,0.07621312757082452
pred_humidity,38939,46875,0.9648921175176237,0.20884211316055423
pred_humidity,38939,47003,0.8459813716973468,-0.09931415056190794
pred_humidity,38939,47387,0.8965198580689747,-0.09781508460560241
pred_humidity,38939,47579,0.9354561314738816,-0.01702993961408582
pred_humidity,38939,47771,0.9193294667468854,0.06676451668467104
pred_humidity,38939,48155,0.8542095479768891,-0.06390384249942899
pred_humidity,38939,48347,0.8269621665736111,0.219645239696554
pred_humidity,39003,40731,0.8662420934857906,0.22827158757695012
pred_humidity,39003,43611,0.9674791225507896,0.1426726281445269
pred_humidity,39003,46683,0.9744510398940687,0.2400003621310399
pred_humidity,39067,39643,0.8981531751996131,-0.19164398768203303
pred_humidity,39067,40027,0.8898469124044784,-0.08063766018480088
pred_humidity,39067,40475,0.9221110181358807,0.06392818784594213
pred_humidity,39067,40987,0.9120935710814729,-0.2755025603486544
pred_humidity,39067,41755,0.976822796303718,0.16597073397837495
pred_humidity,39067,41947,0.8300105424904759,-0.5901921434674002
pred_humidity,39067,42139,0.8746255641975352,-0.03917455004951285
pred_humidity,39067,42331,0.9396565744995736,0.013634438114865846
pred_humidity,39067,42395,0.9051525162841705,0.22789008355596177
pred_humidity,39067,42523,0.9175183232862729,0.012240011211439396
pred_humidity,39067,42715,0.8896425687358074,-0.022504490925512297
pred_humidity,39067,43291,0.9077271144845845,0.28765648566051016
pred_humidity,39067,43675,0.8933142670538227,-0.07903865988743264
pred_humidity,39067,44443,0.8152169416564622,-0.08158369604796974
pred_humidity,39067,44635,0.8925671153913955,-0.6141086713247267
pred_humidity,39067,44827,0.9556954302331558,0.21782927553238168
pred_humidity,39067,45403,0.9128327142897351,-0.1514505857947256
pred_humidity,39067,45595,0.892433721397433,-0.12696300909018735
pred_humidity,39067,47131,0.891991448360907,0.2580430394653578
pred_humidity,39131,39195,0.845035608745902,0.1003202475231573
pred_humidity,39131,40155,0.8336972088259732,-0.09737460256335012
pred_humidity,39131,40347,0.8447112772210834,-0.054359362339044565
pred_humidity,39131,40539,0.8459983316540809,-0.1357105229206665
pred_humidity,39131,41051,0.9506127378302186,0.005868710829479754
pred_humidity,39131,41307,0.9129034861366682,0.25031808500718167
pred_humidity,39131,41883,0.8017308026395692,-0.22546058765971055
pred_humidity,39131,42267,0.8985533584610005,-0.23072368158483264
pred_humidity,39131,43227,0.9678257088812954,0.19871865377429518
pred_humidity,39131,43995,0.8338742749044497,0.13455226402642198
pred_humidity,39131,44379,0.8034899936016312,0.017649049289759824
pred_humidity,39131,44955,0.9192362357769591,0.1752835374015384
pred_humidity,39131,45339,0.9016707216869446,-0.06076082703706681
pred_humidity,39131,45467,0.8808644353391609,0.19867001529576173
pred_humidity,39131,45531,0.9200688907951099,0.12166096127872349
pred_humidity,39131,47195,0.8231912957113497,0.05509216719294188
pred_humidity,39131,47835,0.8694921229352879,-0.15208893550688568
pred_humidity,39131,48155,0.8384626928871028,-0.05425118879851501
pred_humidity,39131,48347,0.8636730789800295,0.048050184408899826
pred_humidity,39131,48539,0.8549817933232389,0.005290391756707526
pred_humidity,39195,40731,0.9029777280765882,0.25021230480447987
pred_humidity,39195,41051,0.806007528941882,0.14062745079295003
pred_humidity,39195,42459,0.8725946642234171,0.15692705131024864
pred_humidity,39195,43035,0.886090066629695,0.014771749874720208
pred_humidity,39195,43611,0.8363420786492933,0.1496400352561613
pred_humidity,39195,44379,0.8388444552026083,0.16334294186250753
pred_humidity,39195,44763,0.8468692862518912,-0.09549920514346547
pred_humidity,39195,44955,0.9153533143519113,0.1506424490550122
pred_humidity,39195,45339,0.8901456231152893,0.05418900796973708
pred_humidity,39195,46107,0.8436205875801961,0.1777478577239772
pred_humidity,39195,47835,0.8177407527584115,0.049882659423539095
pred_humidity,39259,39643,0.9787894092444477,0.2729725457198031
pred_humidity,39259,40795,0.8921469375334403,0.12812042492784567
pred_humidity,39259,40987,0.9770769049947017,0.2248207524022129
pred_humidity,39259,41243,0.8159749957955118,-0.024026679179536346
pred_humidity,39259,41371,0.8869776973296329,0.1519229076231615
pred_humidity,39259,41563,0.9381505300994285,0.2362339100336179
pred_humidity,39259,41755,0.8627837294257817,0.14691214938053634
pred_humidity,39259,41947,0.949603991818324,-0.07512568566138231
pred_humidity,39259,42331,0.8722452844053754,0.24776316093564596
pred_humidity,39259,42523,0.8700940328781336,0.006719517380554524
pred_humidity,39259,42715,0.887968170907072,0.2184976943257079
pred_humidity,39259,43099,0.911703211458712,0.11580896474584532
pred_humidity,39259,43291,0.9447619229087713,0.2699329935233363
pred_humidity,39259,43675,0.9038730504111261,-0.20225351467292688
pred_humidity,39259,44443,0.8888662828675307,0.0016632761209300346
pred_humidity,39259,44635,0.8538143115080725,-0.020222507102912145
pred_humidity,39259,45019,0.8472288764384784,-0.14154251117981737
pred_humidity,39259,45211,0.8739005919704803,-0.16705502719228715
pred_humidity,39259,45595,0.812344959087306,-0.11493459786301687
pred_humidity,39259,45979,0.9235235049401964,0.13788688131482602
pred_humidity,39259,46363,0.8907242029554435,-0.1403952415310352
pred_humidity,39259,46939,0.9096761106169415,0.13466487247356032
pred_humidity,39259,47131,0.8140752525176586,0.13537590760293844
pred_humidity,39259,47323,0.9097709777886964,0.25155039672967294
pred_humidity,39259,47899,0.8952833220352954,-0.15435026873022895
pred_humidity,39323,39707,0.815612474780738,0.2833792112687611
pred_humidity,39323,42395,0.8775203043481137,0.09160459215088408
pred_humidity,39323,42907,0.890679103588624,0.020866399865007653
pred_humidity,39323,47515,0.9097587727363181,-0.0609663470661267
pred_humidity,39323,48091,0.8352396993471864,0.1411612853691825
pred_humidity,39323,48475,0.9681221158655128,0.22549614276516136
pred_humidity,39387,40219,0.8196673852791246,-0.0533052370383736
pred_humidity,39387,42651,0.9480705851317992,0.185361773861052
pred_humidity,39387,44059,0.8390813950444095,0.03731380541453482
pred_humidity,39387,45723,0.902517158107078,-0.08830265140237709
pred_humidity,39451,40091,0.8887887942213694,0.23591460436135622
pred_humidity,39451,40795,0.9473745544717643,0.23984955802172148
pred_humidity,39451,40987,0.8278503755093424,0.21803237413324672
pred_humidity,39451,41243,0.9768254478475753,0.255868274452853
pred_humidity,39451,41947,0.8518019176125395,0.0532731086847792
pred_humidity,39451,43291,0.8266166249558289,0.28630659414249054
pred_humidity,39451,43675,0.8616708647470417,0.13012078976935304
pred_humidity,39451,44059,0.9223742911503358,-0.07626938175518472
pred_humidity,39451,44635,0.8057674194361892,0.10885491321493772
pred_humidity,39451,44891,0.9011087772446572,-0.02365172330706851
pred_humidity,39451,45019,0.8479103899049099,0.0032321134722959
pred_humidity,39451,45211,0.8671366081120933,-0.012711448400526834
pred_humidity,39451,46363,0.8452265282730084,0.059265814099536185
pred_humidity,39451,47899,0.9374894512288577,-0.03448209399343366
pred_humidity,39451,48027,0.8885426984622675,-0.03320766899057114
pred_humidity,39515,46427,0.8084437453447549,0.2828817656464867
pred_humidity,39579,42651,0.834385256668999,0.11578112562108694
pred_humidity,39579,45723,0.9153852704331282,0.05919386138223434
pred_humidity,39579,46683,0.8855579466516794,0.11253656549744315
pred_humidity,39643,40411,0.965019717641875,0.14814940740446308
pred_humidity,39643,40475,0.8215216516840437,0.28999663925306135
pred_humidity,39643,40603,0.9812133543240904,0.10714256753126877
pred_humidity,39643,41243,0.8030621648325045,0.09771612392027065
pred_humidity,39643,41371,0.9202745546997225,0.01462534939468545
pred_humidity,39643,41563,0.9652342962581428,-0.11012234196831455
pred_humidity,39643,42715,0.9125671167794998,0.2678691365697358
pred_humidity,39643,43099,0.9196666863843221,-0.023678319867388924
pred_humidity,39643,43675,0.9575249629215886,0.054348915745100174
pred_humidity,39643,44443,0.9145095074705869,0.25306673628059617
pred_humidity,39643,44827,0.8535715626745245,-0.021735674294844316
pred_humidity,39643,45979,0.934801247294764,0.22867612913270338
pred_humidity,39643,46939,0.9262807032917595,0.20577821349953762
pred_humidity,39643,47131,0.8347639010656633,0.0625751987218577
pred_humidity,39643,47323,0.9026352622559346,0.20645480039580677
pred_humidity,39643,47707,0.8031044967146488,-0.06317994768483667
pred_humidity,39707,41435,0.8297816676862679,0.13871536631451023
pred_humidity,39707,42011,0.9303051831924808,0.19037574357345474
pred_humidity,39707,42587,0.8548853541133271,0.08107936542504515
pred_humidity,39707,42779,0.8783295720603126,0.2705207540075728
pred_humidity,39707,43163,0.9066756651914003,-0.10819231494570337
pred_humidity,39707,44315,0.9035842568317847,0.22171593248520724
pred_humidity,39707,44507,0.9399401833016829,-0.05867666831010525
pred_humidity,39707,44699,0.8363677719709467,0.26732396885364723
pred_humidity,39707,45659,0.9460396300336301,-0.016222119896841074
pred_humidity,39707,45851,0.9769853916302201,0.19130056621091907
pred_humidity,39707,46619,0.9556661991988493,0.018004037637310403
pred_humidity,39707,46811,0.9735063652542199,0.00029626737477445877
pred_humidity,39707,47387,0.800584444589624,0.04044614907385582
pred_humidity,39707,47579,0.845876771136136,-0.1552576117982908
pred_humidity,39771,39899,0.9011837515285727,-0.1728917480004227
pred_humidity,39771,40283,0.98349144758687,-0.1311459807969914
pred_humidity,39771,40667,0.9805733316655842,0.26249647758920946
pred_humidity,39771,41051,0.9237992665111803,-0.06165173420741248
pred_humidity,39771,41435,0.943604943161353,-0.1427361612183502
pred_humidity,39771,41819,0.8857460320118563,0.08405982807435873
pred_humidity,39771,41883,0.8478514215590772,0.17165218386017703
pred_humidity,39771,42011,0.8363352745886999,-0.31077554935367047
pred_humidity,39771,42587,0.9365932319167137,-0.17271033199433145
pred_humidity,39771,42779,0.8926711970413883,-0.26556342765130203
pred_humidity,39771,42971,0.9357524765417309,0.08109099231707109
pred_humidity,39771,43163,0.8738363210033668,-0.48949968569154045
pred_humidity,39771,43547,0.8974076840991425,-0.20927477175336584
pred_humidity,39771,44123,0.8797268007499822,-0.24775126880680035
pred_humidity,39771,44315,0.8314484742628103,0.1927975836877693
pred_humidity,39771,44699,0.9140512789463302,0.13958808817994853
pred_humidity,39771,45083,0.8893186303344932,-0.32436317611987137
pred_humidity,39771,45275,0.9604275669151793,-0.10995947329281852
pred_humidity,39771,45467,0.9531920309298201,-0.31404694814667267
pred_humidity,39771,45659,0.8453503578760441,-0.3881840204005385
pred_humidity,39771,46235,0.8423466325627811,-0.3634348466626011
pred_humidity,39771,46875,0.8593248912394952,-0.13867666553899163
pred_humidity,39771,47003,0.9805606073143891,-0.08080455384025213
pred_humidity,39771,47195,0.9656205045893326,-0.20534513623651
pred_humidity,39771,47387,0.887942927974111,0.28696624178028635
pred_humidity,39771,47579,0.9415318590240094,-0.12050457895960635
pred_humidity,39771,47963,0.989785908909661,-0.016255474410697645
pred_humidity,39771,48155,0.9449070779593016,0.059067382758901645
pred_humidity,39771,48347,0.9709651655600142,-0.11022278823360328
pred_humidity,39771,48539,0.9833303951605513,-0.10972088021057266
pred_humidity,39835,40475,0.9097605013598499,0.21884488822070916
pred_humidity,39835,41947,0.9010321791979216,0.20078157041030037
pred_humidity,39835,43675,0.9233418892113842,0.20173077372705045
pred_humidity,39835,44443,0.819698286244733,0.14829139054561485
pred_humidity,39835,44635,0.936824023862901,0.07965431585917486
pred_humidity,39835,44827,0.942844084855613,0.2082158414545625
pred_humidity,39835,45211,0.8421461561054402,0.0695122685433022
pred_humidity,39835,45403,0.9192035426741106,0.18762973705988786
pred_humidity,39835,46363,0.8248168223610532,0.12205471157931334
pred_humidity,39835,46555,0.8435004240120285,0.2324602608879863
pred_humidity,39835,47131,0.9185952030145631,0.2157401377194841
pred_humidity,39899,40283,0.9453585306374023,-0.321700086151679
pred_humidity,39899,40859,0.8957718751215881,0.08003165574349114
pred_humidity,39899,41051,0.8115161464369384,-0.3483663196677691
pred_humidity,39899,41307,0.8420775830298719,0.012617368697252976
pred_humidity,39899,41435,0.9614231137042802,0.049678308833774325
pred_humidity,39899,41627,0.870288941502377,0.06626900441091514
pred_humidity,39899,41819,0.8551982682011141,-0.24173781777265219
pred_humidity,39899,42011,0.9355180563648308,0.1252648193791269
pred_humidity,39899,42779,0.9556952315845577,0.2319600695097399
pred_humidity,39899,42971,0.9098928675090873,0.18039263466984115
pred_humidity,39899,43163,0.9433545400061004,-0.3584041212090243
pred_humidity,39899,43547,0.9247231490186755,0.16868307721462378
pred_humidity,39899,44123,0.9317778893295163,-0.18732816159347124
pred_humidity,39899,44315,0.805362926981277,0.013077305692934884
pred_humidity,39899,44507,0.8524538358647606,-0.20537670668205918
pred_humidity,39899,45083,0.8525918658815137,0.28500394829338527
pred_humidity,39899,45275,0.94745723975717,-0.2873781420803327
pred_humidity,39899,45467,0.9160266277740796,0.16249999849966576
pred_humidity,39899,45659,0.8985748636802163,-0.03792744622438213
pred_humidity,39899,45787,0.8148065280159287,-0.10886940405986952
pred_humidity,39899,46235,0.9184699106441623,0.25811186646900747
pred_humidity,39899,46619,0.8971505196606907,0.19143266129883837
pred_humidity,39899,46811,0.8340257896372963,-0.32762462540160225
pred_humidity,39899,46875,0.9508233761441865,0.0166336244734646
pred_humidity,39899,47003,0.9379620016587858,-0.031490674025747754
pred_humidity,39899,47387,0.9608911082341535,-0.11768484410890702
pred_humidity,39899,47579,0.9509606642321686,-0.2609080383815268
pred_humidity,39899,47771,0.8511811853985797,0.23358328475122989
pred_humidity,39899,47963,0.9125700797942493,-0.3095311284738313
pred_humidity,39899,48155,0.906330255611494,0.1759528405498584
pred_humidity,39899,48347,0.9190537252176232,-0.2036744997882613
pred_humidity,39899,48539,0.8802992836629029,-0.11937719062612762
pred_humidity,39963,40219,0.8852890315194051,-0.011313611684852285
pred_humidity,39963,41691,0.8241541339973308,0.24439788687014471
pred_humidity,39963,42651,0.9846992962615334,0.2708360777763592
pred_humidity,39963,44059,0.8877227947467758,0.13430812072177317
pred_humidity,39963,45723,0.8533404735277724,-0.35093497799472173
pred_humidity,39963,46491,0.9085556137981381,-0.042441546942388296
pred_humidity,39963,48027,0.9307981939103163,0.24196988519557863
pred_humidity,40027,40603,0.8293200421305031,0.23679071100992616
pred_humidity,40027,43483,0.8980835580017654,-0.2872383653483754
pred_humidity,40027,43675,0.8145421072084659,0.12119105634479899
pred_humidity,40027,44827,0.9385921198272511,-0.10479959539365508
pred_humidity,40027,45403,0.9308123385848261,0.29822779394943005
pred_humidity,40027,47131,0.801503027572612,0.1144769649438683
pred_humidity,40027,48283,0.9643933179526102,0.0022891580430976365
pred_humidity,40091,40219,0.8026824049443245,0.26177871901799393
pred_humidity,40091,41243,0.8378763636676195,0.05167679146394511
pred_humidity,40091,41371,0.8031330150093252,0.16326100595872078
pred_humidity,40091,42715,0.8377414253151448,0.10504759116871663
pred_humidity,40091,43099,0.8299427120097269,0.2748182826124821
pred_humidity,40091,44443,0.8181667725914817,0.18417482091685505
pred_humidity,40091,44891,0.9100015722083545,0.12896976376901867
pred_humidity,40155,40283,0.9086663884596139,-0.2569056715667626
pred_humidity,40155,40667,0.9315695278935319,0.17297466043558396
pred_humidity,40155,40923,0.9133671185090934,0.20775355439251575
pred_humidity,40155,41051,0.9468298915749227,-0.20014741412831913
pred_humidity,40155,41435,0.8135446060057132,-0.4638128378570041
pred_humidity,40155,42459,0.805141404137836,0.005617233981376426
pred_humidity,40155,42587,0.8086473761763018,-0.17959045843952814
pred_humidity,40155,42971,0.868579533328634,-0.04536427827521408
pred_humidity,40155,43227,0.9165275212495295,0.27605790437006444
pred_humidity,40155,43547,0.803638357239044,-0.3123814294318416
pred_humidity,40155,43867,0.8291166428467583,0.18349870998744833
pred_humidity,40155,45083,0.8597656648995171,-0.3678223612706666
pred_humidity,40155,45275,0.8820548938053477,0.011137048166092463
pred_humidity,40155,45467,0.9113782216862046,-0.11066636268448204
pred_humidity,40155,47003,0.9172635171084987,-0.09945182825389563
pred_humidity,40155,47195,0.9516568408649292,0.13278064620169439
pred_humidity,40155,47579,0.8106379242658333,-0.21138149072915044
pred_humidity,40155,47963,0.936104547491159,-0.22736137839161047
pred_humidity,40155,48155,0.887432174304149,0.13918354274781158
pred_humidity,40155,48347,0.9319330209911265,-0.17186851502091394
pred_humidity,40155,48539,0.9608100910652617,0.01687552360390339
pred_humidity,40219,40795,0.9706959540647938,0.10142389496784977
pred_humidity,40219,41243,0.9730549954375711,0.22134250081593404
pred_humidity,40219,42651,0.924506383175117,0.13150799843160021
pred_humidity,40219,42715,0.8232467657922273,0.1614389757610956
pred_humidity,40219,44059,0.990886766094104,-0.16577840377736744
pred_humidity,40219,44443,0.8815148142007417,0.24154660804396963
pred_humidity,40219,44891,0.8666308015175413,-0.006718960025280804
pred_humidity,40219,47323,0.9108082045521042,0.26671586070459585
pred_humidity,40219,47899,0.9234288015954647,-0.12569673564034942
pred_humidity,40219,48027,0.9869990255770672,0.12555244794430026
pred_humidity,40283,40667,0.9751106028469513,-0.4510915764420724
pred_humidity,40283,40859,0.833887231361159,0.2918888045215384
pred_humidity,40283,41307,0.9341113742468119,0.055896793566289696
pred_humidity,40283,42267,0.8942097851780341,0.1177541786585839
pred_humidity,40283,42971,0.9470354367306432,-0.1685170947429051
pred_humidity,40283,43547,0.9153962611755577,0.2300140229635516
pred_humidity,40283,43803,0.8556866406553056,-0.13734137190383963
pred_humidity,40283,44315,0.8567949514917588,-0.282919778696746
pred_humidity,40283,44699,0.9484951247964987,-0.3436219456602964
pred_humidity,40283,45083,0.898394822598072,0.00932124338333745
pred_humidity,40283,45467,0.9495058108068419,-0.019952675942650006
pred_humidity,40283,46235,0.8727600568340038,-0.05518653828470852
pred_humidity,40283,46875,0.8948856079571716,0.2784923217745781
pred_humidity,40283,47195,0.9376523492914083,-0.5678453004227024
pred_humidity,40283,47387,0.9136937670556844,0.24302915262542368
pred_humidity,40283,48155,0.9307991272009444,-0.34796468416346493
pred_humidity,40283,48347,0.9593915914886674,0.10291000884171644
pred_humidity,40283,48539,0.9567474359133612,0.24653695037106704
pred_humidity,40347,41051,0.8171495197254023,0.09164536348012459
pred_humidity,40347,42459,0.906527797922492,0.1887707062661641
pred_humidity,40411,40475,0.8112579971982778,0.22460903278537964
pred_humidity,40411,40795,0.9387166936672035,0.08085958836529956
pred_humidity,40411,40987,0.9783254003209616,0.14876072062927723
pred_humidity,40411,41243,0.9121427850964972,0.037910410132099816
pred_humidity,40411,41947,0.9758593826079806,-0.09942784141917797
pred_humidity,40411,42139,0.8975669457480193,0.10152961735007725
pred_humidity,40411,43675,0.961938442964442,0.10979332869093412
pred_humidity,40411,44059,0.8502399209489085,-0.2404618436140402
pred_humidity,40411,44443,0.9780702633336489,0.22421839200873095
pred_humidity,40411,44635,0.933262268852603,-0.14672807533921425
pred_humidity,40411,44827,0.8191924002753316,0.2687945580446026
pred_humidity,40411,44891,0.8205261424899565,-0.019840091562079134
pred_humidity,40411,45019,0.9177351630085941,-0.2774309368207781
pred_humidity,40411,45211,0.9498380503448909,-0.12184570410850866
pred_humidity,40411,45403,0.8590177720104608,0.16516929130260782
pred_humidity,40411,45595,0.901942168136213,0.29610729371944305
pred_humidity,40411,46171,0.8238616579948913,-0.02622628674511647
pred_humidity,40411,46363,0.9433829973442522,-0.10339751183670998
pred_humidity,40411,46747,0.8462888966917308,0.22671710484361066
pred_humidity,40411,47899,0.9520706746838917,-0.3690027794003102
pred_humidity,40475,41179,0.8371655085984158,0.08289775920690864
pred_humidity,40475,41563,0.8691711122779318,0.2744146342976414
pred_humidity,40475,42715,0.8581327046929182,0.2878791038862663
pred_humidity,40475,43291,0.8502064984335056,0.1185734450214471
pred_humidity,40475,43483,0.8063308316382304,-0.014199375319709821
pred_humidity,40475,43675,0.9025559773311479,0.21717688378385397
pred_humidity,40475,44635,0.9389009373090058,0.20799498175101608
pred_humidity,40475,44827,0.9681549042163449,0.015039126333835043
pred_humidity,40475,46747,0.8999144142532894,0.17355541231689872
pred_humidity,40475,48283,0.9441927456899062,0.17960961903834494
pred_humidity,40539,40731,0.8765734129710632,0.13508852412444647
pred_humidity,40539,40923,0.9635232491582195,0.2511015009060601
pred_humidity,40539,41051,0.8500124262386112,-0.11701503404605773
pred_humidity,40539,41883,0.9224658730646427,0.12701542404522292
pred_humidity,40539,42459,0.9067847852402613,-0.047493561534525365
pred_humidity,40539,47067,0.8611165852307582,0.21851581296270212
pred_humidity,40539,47451,0.8307043989736476,0.2930522340151846
pred_humidity,40603,40795,0.8470237958375825,0.049244977696280175
pred_humidity,40603,40987,0.989985063115836,0.19306741192037258
pred_humidity,40603,41243,0.8151506082806266,0.17054228270739005
pred_humidity,40603,41947,0.961097750935974,-0.12133444587585382
pred_humidity,40603,42139,0.9282905413889089,-0.16329069994276157
pred_humidity,40603,43291,0.9809231238630297,0.28210816631440283
pred_humidity,40603,43675,0.9747738274716382,0.1368175764879423
pred_humidity,40603,44635,0.9599730691402625,-0.26273817259578286
pred_humidity,40603,44827,0.9041002728274788,0.11090475017879241
pred_humidity,40603,45019,0.8735149675191471,-0.35101687748755533
pred_humidity,40603,45211,0.9247894732843772,-0.11502061912867106
pred_humidity,40603,45403,0.9235815196071009,0.24343552379316755
pred_humidity,40603,45595,0.9413635232360446,0.20959770166677713
pred_humidity,40603,46363,0.9007400655686337,-0.22978008530014324
pred_humidity,40603,46747,0.8393800780970706,0.20126159282804437
pred_humidity,40603,47899,0.8797523142785127,-0.40141746599993167
pred_humidity,40667,40859,0.8035753405629028,0.13156045281930248
pred_humidity,40667,41051,0.9509726751246563,-0.39264517689007217
pred_humidity,40667,41307,0.9729946361105315,0.2656874384686661
pred_humidity,40667,41435,0.9473254030860913,0.10180544237355123
pred_humidity,40667,41819,0.8912788954215729,-0.16859797280212682
pred_humidity,40667,41883,0.8083994729404388,-0.22610882247875747
pred_humidity,40667,42011,0.8401406578148123,-0.04472387775218994
pred_humidity,40667,42267,0.9340627827593404,-0.04004613347737638
pred_humidity,40667,42587,0.9195662219025388,0.1992539574718531
pred_humidity,40667,42779,0.9056065261083354,0.24790443466826537
pred_humidity,40667,43163,0.8785928517812818,-0.40491534586628564
pred_humidity,40667,43227,0.877830552504659,0.23341900083308842
pred_humidity,40667,43547,0.9582812331169741,0.2779592528826706
pred_humidity,40667,43803,0.8771218019610212,0.19216690739021666
pred_humidity,40667,44123,0.9276571994395802,-0.2879091256884236
pred_humidity,40667,44955,0.818229207041127,0.08183025313828454
pred_humidity,40667,45083,0.9535617344157086,0.19886084785632605
pred_humidity,40667,45275,0.9350463430598213,-0.34454592229707154
pred_humidity,40667,45467,0.9861049259572164,0.07837995269208492
pred_humidity,40667,45659,0.819360907659245,-0.0044299093453572065
pred_humidity,40667,46235,0.8313049436265577,0.21328260509347324
pred_humidity,40667,46875,0.9068742865443694,-0.12039565220166706
pred_humidity,40667,47003,0.9792802180323175,-0.010225244408540585
pred_humidity,40667,47387,0.8978823826470773,-0.00795897026686523
pred_humidity,40667,47579,0.9380301695312504,-0.11611392711292734
pred_humidity,40667,47835,0.8561842041271323,-0.014254608876816333
pred_humidity,40667,47963,0.974534933790136,-0.3883782148508785
pred_humidity,40667,48347,0.9935003323528191,0.05606167299183048
pred_humidity,40667,48539,0.9899765747600971,-0.00497890369411706
pred_humidity,40731,40923,0.8110382798786019,0.1712247769245116
pred_humidity,40731,41115,0.9810583515942457,0.26423167341754583
pred_humidity,40731,42459,0.8532826237271491,0.09868957866141266
pred_humidity,40731,43035,0.8035972352723549,0.20915771985615944
pred_humidity,40731,43995,0.9259822160999042,0.28744105480122567
pred_humidity,40731,44955,0.8396913204164486,-0.02970210690153737
pred_humidity,40731,45339,0.9151760654845592,0.23229756549485592
pred_humidity,40731,45531,0.8641984726590108,0.1832690986718812
pred_humidity,40731,45915,0.9448768651535608,0.22936389159215154
pred_humidity,40731,47067,0.9804383481227792,0.2579352783865643
pred_humidity,40731,47451,0.8423338545828147,0.11574810377032634
pred_humidity,40731,47643,0.9009252006639767,0.08476353471888079
pred_humidity,40795,41179,0.8537046102776177,0.1397984659074582
pred_humidity,40795,41243,0.9777501801799934,0.09622992036852317
pred_humidity,40795,41371,0.9278738793506438,0.16810846168330223
pred_humidity,40795,41563,0.8807306905226008,-0.282528987325314
pred_humidity,40795,42651,0.8185082103222936,-0.11894922388729687
pred_humidity,40795,43099,0.9434990345582749,-0.051088885172577495
pred_humidity,40795,43291,0.8611242015674814,0.23714571342719856
pred_humidity,40795,43675,0.8601984738611933,0.11457859552250313
pred_humidity,40795,44891,0.8633147486887374,-0.11508091931742243
pred_humidity,40795,45979,0.9637445571116361,0.16191010699608616
pred_humidity,40795,47707,0.9498272815445623,0.2348124078170632
pred_humidity,40795,48027,0.9446997470347761,-0.04935727053938244
pred_humidity,40859,42203,0.929026752478876,-0.16708541880674366
pred_humidity,40859,42971,0.812181672292437,0.12219346768455004
pred_humidity,40859,44315,0.9085575546278368,0.19250552340519042
pred_humidity,40859,44699,0.8918396478519309,0.03471961611361669
pred_humidity,40859,45275,0.8710721896468842,0.2418654621623468
pred_humidity,40859,45851,0.8969377254202655,-0.021646329171055998
pred_humidity,40859,46043,0.8970422241177255,0.23509745525442066
pred_humidity,40859,46875,0.941287703018659,0.24980616498656674
pred_humidity,40859,47387,0.9165219190128804,0.009193569735673663
pred_humidity,40859,47771,0.984205424214652,0.18624685598501903
pred_humidity,40859,48155,0.837287826579812,0.24205372320401114
pred_humidity,40859,48347,0.802246702672365,0.27961293975796925
pred_humidity,40923,41051,0.939451415678164,0.09280391707875021
pred_humidity,40923,41115,0.8888774309273062,0.22873535063179964
pred_humidity,40923,41883,0.9491601043097403,0.22054811926790682
pred_humidity,40923,42267,0.9510202415281007,0.24051462667130363
pred_humidity,40923,44763,0.8580838924006462,0.10088758328419074
pred_humidity,40923,44955,0.9829491933145313,0.12307098628653707
pred_humidity,40923,45083,0.8337535882872106,0.21401855621964408
pred_humidity,40923,45339,0.9213159848292286,-0.03468587698353242
pred_humidity,40923,45467,0.8001875296698459,0.11056576756500903
pred_humidity,40923,47195,0.807294476150056,0.23222744690234062
pred_humidity,40923,47835,0.9470354235989203,0.12937281399685097
pred_humidity,40923,48347,0.8064527812609263,0.22302257534613987
pred_humidity,40923,48539,0.8376425587089642,-0.062106223816118876
pred_humidity,40987,41179,0.995037595060474,0.21973530879502387
pred_humidity,40987,41243,0.8324353630433889,0.1426224001164624
pred_humidity,40987,41371,0.9437501746078623,0.23487148419057938
pred_humidity,40987,41563,0.9794149402426761,-0.13738802416530968
pred_humidity,40987,43099,0.9465247570743736,0.03167533564055425
pred_humidity,40987,43291,0.9815392024880665,0.2734917201781343
pred_humidity,40987,43675,0.9698490047197063,0.2523906611145653
pred_humidity,40987,44827,0.8687053788075884,-0.009346129662267406
pred_humidity,40987,45979,0.9549831672270712,0.15114844683973255
pred_humidity,40987,47131,0.8257076780505564,0.20556887632672652
pred_humidity,40987,47707,0.8389582216723225,0.02443892783127158
pred_humidity,41051,41307,0.9858348472900078,0.1290897967358946
pred_humidity,41051,41883,0.9036754868577639,0.09079359154807234
pred_humidity,41051,42267,0.9786934201604375,0.19736371918077136
pred_humidity,41051,42459,0.8924399523028467,-0.04809552205985469
pred_humidity,41051,42971,0.9359850331086838,-0.05417918264235865
pred_humidity,41051,43227,0.9647775956545551,0.18169951110985777
pred_humidity,41051,43547,0.870512174454149,0.2369073361987345
pred_humidity,41051,43803,0.8931248252460641,-0.1302130970329297
pred_humidity,41051,43995,0.811349066649023,-0.06371230004212969
pred_humidity,41051,44379,0.8667342463222883,-0.20066263377638557
pred_humidity,41051,44763,0.8760170978703299,0.14681346247821625
pred_humidity,41051,44955,0.9218628974830411,0.11503358220256363
pred_humidity,41051,45083,0.9560923209741846,0.04458129646323005
pred_humidity,41051,45339,0.8300560768725768,-0.1127414326483321
pred_humidity,41051,45467,0.9397000462192792,-0.024508498543514425
pred_humidity,41051,45531,0.9144736174705959,0.1295851159023526
pred_humidity,41051,47195,0.9150781866675892,-0.5681671158602831
pred_humidity,41051,47835,0.9124487843476925,0.00803527386241797
pred_humidity,41051,48155,0.9000254380425363,-0.3145158545403691
pred_humidity,41051,48347,0.9406431484502149,0.1609661523901242
pred_humidity,41051,48539,0.9475036237998482,0.22423208980737125
pred_humidity,41115,42459,0.8704862322359176,0.178397987316685
pred_humidity,41115,43035,0.8926473523197916,0.23296314970351065
pred_humidity,41115,43611,0.9165464305180927,0.0895432620040372
pred_humidity,41115,45915,0.8966573616769584,0.24816426570538458
pred_humidity,41179,41371,0.9240785913972532,0.18025822773371178
pred_humidity,41179,41947,0.9712917535559095,0.09881128558106247
pred_humidity,41179,42139,0.9703138929927158,0.11741076999576738
pred_humidity,41179,42523,0.947973237930323,0.19417363768840054
pred_humidity,41179,43099,0.925641792408788,0.18553454604010525
pred_humidity,41179,43675,0.9517369100545172,-0.07736559567199575
pred_humidity,41179,44443,0.9097822237598552,0.03562332728239959
pred_humidity,41179,44635,0.9386017281546251,-0.004665440264338173
pred_humidity,41179,44827,0.8695250866881689,0.10728232117388488
pred_humidity,41179,45019,0.882358940663835,-0.11325186373386306
pred_humidity,41179,45211,0.9166274083774649,-0.025136099104061428
pred_humidity,41179,45403,0.873000716512933,-0.07960925700126702
pred_humidity,41179,45595,0.9143441161597821,0.06641822760292311
pred_humidity,41179,46363,0.9182081721285739,0.03435451966756782
pred_humidity,41179,46939,0.9212025375820191,0.2402877779665421
pred_humidity,41179,47131,0.840891524874213,-0.01248056743614671
pred_humidity,41179,47707,0.8005734817499047,0.15425790084073904
pred_humidity,41179,47899,0.8830912695481083,-0.11396312625686973
pred_humidity,41243,41371,0.9318149559081103,0.2328035252395781
pred_humidity,41243,41563,0.859252610973001,0.0372804499302587
pred_humidity,41243,41947,0.8661079880292268,0.017864909551407564
pred_humidity,41243,42651,0.8308563501101695,0.010342784309298582
pred_humidity,41243,42715,0.8989317405577159,-0.06767575751585275
pred_humidity,41243,43099,0.9397128099133415,0.22056679039641294
pred_humidity,41243,43291,0.8107968357921256,-0.15752994748372295
pred_humidity,41243,43675,0.8473474347716732,0.09369477460840565
pred_humidity,41243,44059,0.9600185425508238,-0.10529515865269998
pred_humidity,41243,44891,0.8570047308302026,-0.47382387698628625
pred_humidity,41243,45019,0.8571414670743057,0.044200038115665904
pred_humidity,41243,45211,0.8805220277765975,0.23849414692243845
pred_humidity,41243,45979,0.9531114256071173,0.17919898358400968
pred_humidity,41243,46363,0.860853514034352,0.028943364736301398
pred_humidity,41243,46939,0.9601960939631448,0.15032882363108918
pred_humidity,41243,47323,0.9319583125635519,-0.09066574266946875
pred_humidity,41243,47707,0.9802860952182225,0.25994044836216446
pred_humidity,41243,47899,0.9597797414939618,0.10100130224120168
pred_humidity,41307,41435,0.8569856502221294,-0.03975021565459816
pred_humidity,41307,41819,0.8141323787188969,0.03760733354673701
pred_humidity,41307,42459,0.8689011811942962,0.1380576638597581
pred_humidity,41307,42587,0.8306890341916554,-0.07690332104413777
pred_humidity,41307,42971,0.9429847631644737,0.18211358152390766
pred_humidity,41307,43547,0.889780106821371,-0.021734621272041878
pred_humidity,41307,44123,0.8429420538437918,-0.25112988177260104
pred_humidity,41307,44763,0.8115123153255005,0.01996294559702524
pred_humidity,41307,45083,0.9435529748246206,0.04466566222384475
pred_humidity,41307,45275,0.8821631215212374,0.032549188000245186
pred_humidity,41307,45467,0.9634688191221241,-0.11261579807851911
pred_humidity,41307,46875,0.8056603286124954,-0.27729284329379833
pred_humidity,41307,47003,0.9374327976589552,0.04344651029711017
pred_humidity,41307,47195,0.9648068719649214,0.01552731587388812
pred_humidity,41307,47387,0.8121296429199666,-0.10989770810873559
pred_humidity,41307,47579,0.8463517843526381,-0.11461469390463809
pred_humidity,41307,47963,0.951186872782075,0.13282202346805408
pred_humidity,41307,48155,0.9393180638106696,0.06069654468421163
pred_humidity,41307,48347,0.9718719837201705,0.07071420472833483
pred_humidity,41307,48539,0.9825859406034284,0.20641412925480687
pred_humidity,41371,41755,0.8613167442274783,0.2976151619414122
pred_humidity,41371,41947,0.9479061524507707,-0.006339054749111547
pred_humidity,41371,42139,0.8187563556901346,0.009421109903782325
pred_humidity,41371,44059,0.8461997029395334,-0.1784308197630934
pred_humidity,41371,44635,0.9362127553793627,-0.0048375173014971835
pred_humidity,41371,44827,0.8221790096503611,0.20690350175075084
pred_humidity,41371,44891,0.8444010612983858,-0.24506962672542512
pred_humidity,41371,45019,0.9108868663436029,-0.0814354519754461
pred_humidity,41371,45211,0.9462033428806633,0.08906738773743168
pred_humidity,41371,46363,0.9195922827825852,0.003544772693000841
pred_humidity,41371,47899,0.9472924954363764,-0.17783928588448775
pred_humidity,41435,41627,0.9149300430378624,0.11129998806969155
pred_humidity,41435,42203,0.8362168697646513,-0.40134899429867116
pred_humidity,41435,42971,0.9361007159585919,-0.007423723814108293
pred_humidity,41435,44315,0.9147321609366699,0.14290359314236944
pred_humidity,41435,44699,0.9597790437419791,0.16516817545336168
pred_humidity,41435,45467,0.9291354823702604,0.19640320203176964
pred_humidity,41435,45787,0.8939171135736758,0.2542922732864395
pred_humidity,41435,46235,0.9593924318473517,0.2845345014391937
pred_humidity,41435,46427,0.8500447174731147,0.2564007183117879
pred_humidity,41435,47195,0.9095660168191039,-0.2637928421140295
pred_humidity,41435,47387,0.9525828870175443,0.13217696551590738
pred_humidity,41435,47771,0.9117900460448024,-0.18860574326769514
pred_humidity,41435,48155,0.9385817468318444,0.11480444624709515
pred_humidity,41435,48347,0.9379031606840449,0.2297375301582309
pred_humidity,41435,48539,0.9194797081986515,0.14243942595666442
pred_humidity,41499,43611,0.9506799456132153,0.19071766512926744
pred_humidity,41499,46683,0.9588681296982324,0.26357482684423555
pred_humidity,41563,41755,0.9280928837665168,0.21641946719938662
pred_humidity,41563,41947,0.9552819145962562,-0.45539375484516115
pred_humidity,41563,42139,0.9049035422922317,-0.0745116166074957
pred_humidity,41563,42331,0.9238969746941775,0.2014186468073768
pred_humidity,41563,42523,0.9670128966124724,0.19610879937261297
pred_humidity,41563,42715,0.9728512277357979,0.033671544983473
pred_humidity,41563,43675,0.9643490465073081,0.060976112315271606
pred_humidity,41563,44443,0.9561197192044686,0.07082196388502085
pred_humidity,41563,44635,0.94631126510648,-0.5236281464458387
pred_humidity,41563,44827,0.87640843223308,0.17298338486900333
pred_humidity,41563,45019,0.873094303232304,-0.6020165561860059
pred_humidity,41563,45211,0.9247894622727483,-0.4457472926468527
pred_humidity,41563,45403,0.8989612432579308,0.012955173762729588
pred_humidity,41563,45595,0.9266931486736306,0.09855457023159402
pred_humidity,41563,46171,0.8146908884042144,-0.09908833258140577
pred_humidity,41563,46363,0.9060473599333485,-0.4944829425985609
pred_humidity,41563,46747,0.8513687812380869,-0.06090560166385006
pred_humidity,41563,47899,0.8980466248921549,-0.6724769663751974
pred_humidity,41627,42011,0.9794314395445908,0.17837379426567238
pred_humidity,41627,42587,0.9068140756699031,-0.1241134777512923
pred_humidity,41627,42779,0.9633677317659648,0.2956445602827041
pred_humidity,41627,43163,0.9690842905074367,0.11549325860681935
pred_humidity,41627,44123,0.9278067913889154,-0.032942891863144155
pred_humidity,41627,44507,0.9862854052653152,0.07138184976139432
pred_humidity,41627,45275,0.8361958014173269,-0.24784723206848688
pred_humidity,41627,45659,0.9385910755418317,0.12668826945059813
pred_humidity,41627,46043,0.8447499098610358,0.253401673733881
pred_humidity,41627,46427,0.8712182521666334,0.25787680575547167
pred_humidity,41627,46619,0.9346270547522717,0.015728934286925265
pred_humidity,41627,46811,0.8972959598253686,-0.09242417538037855
pred_humidity,41627,46875,0.943727018807833,0.07384382719811483
pred_humidity,41627,47003,0.8367883274337081,-0.010618886401247763
pred_humidity,41627,47387,0.9021452239259796,-0.1502123148140778
pred_humidity,41627,47579,0.9234085271997431,0.06212152880669475
pred_humidity,41691,45723,0.9144074470088718,0.053652505873934615
pred_humidity,41691,46683,0.963419529416215,0.20189530339345851
pred_humidity,41691,48411,0.8773795564068756,0.2688108031050255
pred_humidity,41755,42139,0.8869662065757433,0.27955671301242646
pred_humidity,41755,43483,0.864305938694796,0.04664404746600975
pred_humidity,41755,43675,0.9368376188297688,0.2080931694427357
pred_humidity,41755,44635,0.9460227847857051,0.25421589814811585
pred_humidity,41755,44827,0.9808297438046006,-0.010519293687932134
pred_humidity,41755,45211,0.8272487506749201,0.1303334525420137
pred_humidity,41755,46555,0.8330695911519321,-0.11920899195341371
pred_humidity,41755,46747,0.8163449996963736,0.22823766420207076
pred_humidity,41755,46939,0.8203816950642274,0.2574393018881721
pred_humidity,41755,47131,0.8997812697405114,0.2261304220767664
pred_humidity,41819,42587,0.8841361413893342,0.27472975575980413
pred_humidity,41819,42971,0.8870028006260519,-0.056137125543436514
pred_humidity,41819,43547,0.8494015400804062,0.1690750568766798
pred_humidity,41819,44315,0.8747175310722499,-0.25087877592206825
pred_humidity,41819,44699,0.9413256247933268,-0.21701114039802916
pred_humidity,41819,45083,0.8308271723428358,0.015832640212775143
pred_humidity,41819,45467,0.8357164407521666,-0.08139797619605658
pred_humidity,41819,46043,0.8502617244742003,0.15073421561637282
pred_humidity,41819,46235,0.8076394784425796,-0.07639843976770135
pred_humidity,41819,48155,0.8190383710206122,-0.20855436285789725
pred_humidity,41819,48347,0.8423745827101861,-0.000731155850902768
pred_humidity,41819,48539,0.8377454318258983,0.04431037832372837
pred_humidity,41883,43035,0.9257443961616414,-0.024382318921510417
pred_humidity,41883,43227,0.9004871502294806,0.007803516913003076
pred_humidity,41883,43803,0.9555990422016338,0.1594774595658
pred_humidity,41883,43867,0.8569114470521678,0.2469826086988631
pred_humidity,41883,43995,0.8812589432180591,0.09394889509408673
pred_humidity,41883,44379,0.9589888255546021,0.14245187703405793
pred_humidity,41883,44955,0.9220969291490084,0.04600857727990766
pred_humidity,41883,45339,0.8159829874587026,0.22264445483552192
pred_humidity,41883,45531,0.9258784035530706,0.23679537633955344
pred_humidity,41883,47195,0.8353515990090169,0.1488530055231575
pred_humidity,41883,47835,0.9321215185369933,0.20160667518848793
pred_humidity,41883,47963,0.8382640736006051,0.03377786736701621
pred_humidity,41883,48347,0.8050590379235534,0.1484786339766108
pred_humidity,41883,48539,0.8504392838032427,-0.04304698635726258
pred_humidity,41947,42139,0.9186430888848561,0.152813869729739
pred_humidity,41947,43099,0.9331327064870548,-0.3200134144479643
pred_humidity,41947,43291,0.9750560640076503,0.18739106277520745
pred_humidity,41947,43675,0.9629534186084056,0.25569600518197727
pred_humidity,41947,44443,0.9488807839483436,0.2919168824011121
pred_humidity,41947,45979,0.9600707054759726,0.05776215440810323
pred_humidity,41947,46939,0.9620712433027544,0.29905249417919877
pred_humidity,41947,47707,0.8655479241235017,-0.0205797312463843
pred_humidity,42011,42203,0.9243966830013817,0.025292388898441223
pred_humidity,42011,42971,0.838751670028527,-0.019029238226563973
pred_humidity,42011,43547,0.8868623904833264,0.2948516381365686
pred_humidity,42011,44315,0.9070942806192075,-0.145316683278655
pred_humidity,42011,44699,0.9137192093896429,-0.010861607047058307
pred_humidity,42011,45275,0.9128078453620373,0.25316131066306596
pred_humidity,42011,45659,0.977627922630305,0.27101006984483994
pred_humidity,42011,45787,0.9475914374608866,0.06938250931522563
pred_humidity,42011,45851,0.8882039233419922,-0.1008181770060659
pred_humidity,42011,46043,0.8898913787895931,0.11351450637902728
pred_humidity,42011,47003,0.8961145593152368,0.17983662025999417
pred_humidity,42011,47195,0.8191785560190945,-0.10949903500683453
pred_humidity,42011,47387,0.9440969710596412,0.23149089321461833
pred_humidity,42011,47771,0.9783015730448453,-0.019291376437687042
pred_humidity,42011,47963,0.8306306987428785,0.27949586453913283
pred_humidity,42011,48155,0.8638975571454993,0.10814682133065324
pred_humidity,42011,48347,0.8423262595769426,0.08037567982246145
pred_humidity,42011,48539,0.8050090413069009,-0.05027822195422612
pred_humidity,42075,43611,0.8447163535930559,-0.02210124848917437
pred_humidity,42075,45723,0.8592593959656386,-0.19978426534751484
pred_humidity,42075,45915,0.8137678879078307,0.05582165883656839
pred_humidity,42075,46683,0.9574421906178193,-0.18140044416710108
pred_humidity,42075,47259,0.9566951573934299,0.019913286150823287
pred_humidity,42075,48603,0.9598378086511008,0.2744661431760266
pred_humidity,42139,42331,0.9066800796054669,0.14004338041424605
pred_humidity,42139,42523,0.853737554464605,0.06413499325275757
pred_humidity,42139,42715,0.8215960927071502,-0.021191462489236108
pred_humidity,42139,43099,0.8371236441599482,0.07628327519972677
pred_humidity,42139,43675,0.8684094259543008,-0.0016119623981247805
pred_humidity,42139,44443,0.8070021413000207,-0.15734168730539064
pred_humidity,42139,44635,0.8479748076824872,0.1881434618811794
pred_humidity,42139,44827,0.802781240937065,0.27361817931513216
pred_humidity,42139,45019,0.8049671528456117,0.16598562755399032
pred_humidity,42139,45211,0.8281909399017646,-0.0033639804395000222
pred_humidity,42139,45595,0.8203121128704635,0.23031726183983078
pred_humidity,42139,45979,0.8482955069886352,-0.046723761911412025
pred_humidity,42139,46363,0.857672501274103,0.21542188075475258
pred_humidity,42139,46939,0.8297285890756199,-0.32877953775577395
pred_humidity,42139,47131,0.8668958667477289,-0.18764756426824564
pred_humidity,42139,47323,0.8414749589116137,0.08321982415525328
pred_humidity,42139,47899,0.8091243287288769,0.141655669397038
pred_humidity,42203,42587,0.845476265721588,-0.38462571474046187
pred_humidity,42203,42779,0.9015646422036325,-0.22629375409113456
pred_humidity,42203,43163,0.9046098609902876,-0.3227577096751532
pred_humidity,42203,44123,0.8863460004136081,-0.36627172472576464
pred_humidity,42203,44507,0.9117797950577384,-0.3778155522729011
pred_humidity,42203,45659,0.8703805997108279,-0.4047641882248177
pred_humidity,42203,45787,0.8750975154374785,-0.0022038623075933497
pred_humidity,42203,45851,0.8774400322898891,0.25121848439576416
pred_humidity,42203,46235,0.9267396828588325,0.04125676241603826
pred_humidity,42203,46619,0.8397532950477451,-0.5726808517950671
pred_humidity,42203,46811,0.8360311766280277,-0.41449528227909427
pred_humidity,42203,46875,0.8829896687214975,0.06397092160465813
pred_humidity,42203,47003,0.8012685409905554,-0.0352249587836968
pred_humidity,42203,47387,0.8637614327028824,-0.03793150179994598
pred_humidity,42203,47579,0.8581174553662816,-0.3192080510981941
pred_humidity,42267,42459,0.8655149481689325,0.01280940551214294
pred_humidity,42267,42971,0.89161185168106,0.00016617941324345237
pred_humidity,42267,43035,0.830885020901677,0.07887923962362232
pred_humidity,42267,43547,0.8142221261061575,-0.14593313498161484
pred_humidity,42267,44379,0.9231943566503984,0.18186329719039895
pred_humidity,42267,44763,0.8230293000114887,-0.0029316682236245214
pred_humidity,42267,45083,0.9020858558739765,-0.19522556314285758
pred_humidity,42267,45275,0.8251070730582244,-0.04741797667922724
pred_humidity,42267,45339,0.8356883095443005,0.23020885454975037
pred_humidity,42267,45467,0.9118443189518379,-0.39220482351334585
pred_humidity,42267,47003,0.8850104510219308,0.10506657977984696
pred_humidity,42267,47195,0.9183501493547461,-0.20456138217545067
pred_humidity,42267,47963,0.9269489372803777,0.20120804345775872
pred_humidity,42267,48155,0.8811875694671886,-0.06284309770940086
pred_humidity,42267,48347,0.9240937689737794,0.24762450128145497
pred_humidity,42267,48539,0.9531408704435077,0.011239241313565657
pred_humidity,42331,43099,0.8292534890945914,0.21295360804183697
pred_humidity,42331,43483,0.8498300180623024,-0.05328357870591124
pred_humidity,42331,44827,0.9371553375140662,-0.03916687882474992
pred_humidity,42395,43483,0.954382669282965,0.04394305799378761
pred_humidity,42395,44827,0.9342968523394867,0.1911133127603794
pred_humidity,42395,46555,0.8636943248969573,0.2471066957579229
pred_humidity,42395,48091,0.8227031524300866,0.2475814896428477
pred_humidity,42459,42971,0.805972171668697,0.19432687558884001
pred_humidity,42459,43227,0.9677072882912517,0.281423388033372
pred_humidity,42459,44379,0.8420614334728638,0.23793828488912436
pred_humidity,42459,44763,0.9186030348523178,0.239151455233725
pred_humidity,42459,44955,0.9482434017619112,0.07310406177584051
pred_humidity,42459,45083,0.8812742542706306,0.2641718255546098
pred_humidity,42459,45339,0.9742317456878986,0.2718606904090549
pred_humidity,42459,45467,0.8170797298266914,0.042089037917958545
pred_humidity,42459,45531,0.9483742954075153,0.27996473870927213
pred_humidity,42459,47067,0.8345663383114068,0.2445004256692386
pred_humidity,42459,47835,0.9020147293660116,0.07709028403055221
pred_humidity,42459,48347,0.8050332200125815,0.16218946580302404
pred_humidity,42459,48539,0.8047760546226357,0.0921143539169457
pred_humidity,42523,43099,0.9246908568242701,0.26556245770606707
pred_humidity,42523,44827,0.9226425539008931,0.0453237929512102
pred_humidity,42523,46171,0.8208585789571304,0.29318599721817235
pred_humidity,42587,42971,0.8924971140890531,-0.024997053786113454
pred_humidity,42587,43163,0.9807776810805422,0.2557554760792198
pred_humidity,42587,43547,0.900209032897217,0.22545087571331263
pred_humidity,42587,44315,0.9225934093106933,0.04522245048546244
pred_humidity,42587,44507,0.8886351223834414,0.2267016378588039
pred_humidity,42587,44699,0.9667556584555038,0.1393386873190372
pred_humidity,42587,45083,0.8059156198516312,0.2882491370664756
pred_humidity,42587,45275,0.9745326614793463,0.21031979876351292
pred_humidity,42587,45659,0.9687341379836037,0.22728059892339877
pred_humidity,42587,45787,0.9178444316839831,0.10290478296764984
pred_humidity,42587,45851,0.8264800493154051,-0.12023690299175646
pred_humidity,42587,46043,0.881357941442912,-0.014245806708987794
pred_humidity,42587,46811,0.9167278105017973,0.2759984210254631
pred_humidity,42587,46875,0.9322861440381787,0.09093963345610069
pred_humidity,42587,47003,0.9580349844504271,0.2508143430301281
pred_humidity,42587,47195,0.9014190880778362,0.03066074232747893
pred_humidity,42587,47387,0.9501883670235988,-0.030490893089604662
pred_humidity,42587,47579,0.9929845713547629,0.14449111473327708
pred_humidity,42587,47771,0.9280742533020564,-0.1110579120911245
pred_humidity,42587,48155,0.907223045239825,0.06697138542253271
pred_humidity,42587,48347,0.9132520990731458,-0.11961294441081387
pred_humidity,42587,48539,0.8981412549473137,0.19361764074028087
pred_humidity,42651,43419,0.8906770076572009,0.055346451826913425
pred_humidity,42651,44059,0.9124329282678807,0.02439394069395376
pred_humidity,42651,45723,0.8395990925965402,-0.16497901326062162
pred_humidity,42651,46491,0.8727956713819879,0.12376577502693432
pred_humidity,42651,48027,0.9555949866786337,-0.008221081272975488
pred_humidity,42715,43099,0.9893447063760191,0.11245141312115206
pred_humidity,42715,43675,0.9584440355351267,0.05060622589251709
pred_humidity,42715,44443,0.9764580192873811,0.2460022324317766
pred_humidity,42715,44827,0.8634550251192697,0.03057068584161878
pred_humidity,42715,44891,0.8793340612799018,-0.017467705684040782
pred_humidity,42715,45019,0.8561351015438102,0.2754334115993424
pred_humidity,42715,45403,0.8933243504147682,0.22811620399827925
pred_humidity,42715,45595,0.8890249954367959,0.2363559900951992
pred_humidity,42715,45979,0.9765455325895399,0.19867360396394113
pred_humidity,42715,46171,0.9161801883277917,0.22400871984737455
pred_humidity,42715,47707,0.9393135648545397,0.2924667278781877
pred_humidity,42715,47899,0.9119528815697563,0.23825153026082058
pred_humidity,42779,42971,0.9016801499457614,0.20344740848266843
pred_humidity,42779,44315,0.8981626631809183,0.005793934779264614
pred_humidity,42779,44699,0.9274686508312555,0.1987634502673526
pred_humidity,42779,45083,0.8106037087736375,0.09617910600755689
pred_humidity,42779,45467,0.8949706349016714,0.16313790993009136
pred_humidity,42779,45851,0.8302230983129183,-0.07855331412341204
pred_humidity,42779,46043,0.8591801599342789,0.09219057244033059
pred_humidity,42779,46875,0.9736575302275242,0.1985151205918243
pred_humidity,42779,47003,0.944697940714357,0.28939826569140675
pred_humidity,42779,47195,0.8819924041404498,-0.04423092753311734
pred_humidity,42779,47387,0.9634481665262711,0.20719062769986038
pred_humidity,42779,47579,0.9885903079221883,0.23366041382326821
pred_humidity,42779,47771,0.9499132028123872,0.07961008787517043
pred_humidity,42779,47963,0.88516888174122,0.28900955525945016
pred_humidity,42779,48155,0.9236608921418705,0.11931514524818453
pred_humidity,42779,48347,0.9060271186518366,0.1302352655634592
pred_humidity,42779,48539,0.8752510186613274,0.15997575152931268
pred_humidity,42843,43611,0.9210967730597389,0.28103109959310724
pred_humidity,42843,45723,0.8555896576701536,-0.01688145394338248
pred_humidity,42843,46683,0.9730191910070299,0.22034448321799202
pred_humidity,42843,48411,0.8457366764059812,0.2659061615822637
pred_humidity,42907,43483,0.883048411718603,-0.08456876031014884
pred_humidity,42907,48475,0.9017487260810841,0.23036785757134415
pred_humidity,42971,43163,0.87659534834288,-0.1412731403352502
pred_humidity,42971,43227,0.8636686360176931,0.18964707766900415
pred_humidity,42971,44123,0.9448623137062402,-0.019789675315744725
pred_humidity,42971,44763,0.8166793075470633,0.14044290038932905
pred_humidity,42971,45275,0.8851115189533523,-0.1532584315547703
pred_humidity,42971,45467,0.9863098964526207,0.03140404053391726
pred_humidity,42971,46235,0.8162163305454871,-0.005022048157428792
pred_humidity,42971,46875,0.9303022371906355,-0.05010922732814734
pred_humidity,42971,47003,0.945764940077836,-0.3197530812855845
pred_humidity,42971,47195,0.9356346329079462,0.09869748864088083
pred_humidity,42971,47387,0.8779213283803009,0.12383614909210988
pred_humidity,42971,47579,0.9220175526210352,-0.03699822439594853
pred_humidity,42971,47835,0.8021963633473956,-0.18674617960903594
pred_humidity,42971,47963,0.9371086609059115,-0.1330218084437807
pred_humidity,42971,48155,0.9756101909313802,0.012235770562692577
pred_humidity,42971,48347,0.9788163243396251,0.11417139456089627
pred_humidity,42971,48539,0.9610148519977753,-0.21309119882779234
pred_humidity,43035,45339,0.8432909880258055,0.2648350437184719
pred_humidity,43035,47067,0.8158540434667748,0.2229913878342102
pred_humidity,43035,47451,0.8943386770708736,0.15103387150751615
pred_humidity,43099,43291,0.9362402309043689,0.28890712849401434
pred_humidity,43099,43675,0.9462079235649651,0.02668710651414201
pred_humidity,43099,44059,0.8664276983534068,-0.37594868385513985
pred_humidity,43099,44443,0.986237914067878,0.12993430679595266
pred_humidity,43099,44635,0.8982564926407797,-0.32667189384851175
pred_humidity,43099,44827,0.8075060413106104,0.16023684277868536
pred_humidity,43099,44891,0.8834323485393932,-0.2504695368399672
pred_humidity,43099,45019,0.87214573791737,-0.3766419954822144
pred_humidity,43099,45211,0.9105432552383003,-0.4476682726614492
pred_humidity,43099,45403,0.8451745343077207,0.04632938362820089
pred_humidity,43099,45595,0.8623466159177812,0.21122255150579508
pred_humidity,43099,46171,0.8917626552084922,-0.06879921612172925
pred_humidity,43099,46363,0.8907758473554463,-0.369740885861812
pred_humidity,43099,46747,0.867024835280604,-0.13184081795152874
pred_humidity,43099,46939,0.9855774106223236,0.26191003541760344
pred_humidity,43099,47323,0.934451497759784,0.19210786584403125
pred_humidity,43099,47899,0.9433866415316794,-0.42132317897141874
pred_humidity,43099,48027,0.8129752504715259,-0.27624794877784153
pred_humidity,43163,44315,0.9207994405146241,-0.05441118285424584
pred_humidity,43163,44699,0.9333528382467164,-0.21544244425082767
pred_humidity,43163,45467,0.8705787038773684,0.29847941512704157
pred_humidity,43163,45787,0.9389260058257789,0.11530195845122394
pred_humidity,43163,45851,0.8633969307371279,-0.06921085324716053
pred_humidity,43163,46043,0.8926123966021062,0.1441099883126882
pred_humidity,43163,46875,0.9607618586424282,0.2749787120375483
pred_humidity,43163,47195,0.8521749645237624,-0.2306538934613399
pred_humidity,43163,47387,0.9449875136645073,0.015415504710389723
pred_humidity,43163,47771,0.9671014973727609,-0.22332161281511925
pred_humidity,43163,48155,0.8943933438520317,-0.08797475916251628
pred_humidity,43163,48347,0.8774662450991082,0.2606400878780905
pred_humidity,43163,48539,0.8474370162309056,0.29688393051668893
pred_humidity,43227,44763,0.9059320498981791,0.1139814655200042
pred_humidity,43227,45083,0.911322068475405,0.03895264615761873
pred_humidity,43227,45467,0.8771493147732197,-0.010384825649465862
pred_humidity,43227,47195,0.8650513852032456,-0.10247930727071493
pred_humidity,43227,47963,0.8232589679127982,0.15262669189965494
pred_humidity,43227,48155,0.8465438127712798,0.21508925824841532
pred_humidity,43227,48539,0.895331631164807,0.17106928438692076
pred_humidity,43291,43675,0.9521485302844008,0.06797009340841856
pred_humidity,43291,44443,0.92331552720398,0.006255740891152376
pred_humidity,43291,44635,0.9588183297947637,0.14209665303411445
pred_humidity,43291,44827,0.8640348727648911,0.21162382831292798
pred_humidity,43291,45019,0.9108612386592364,0.05125151479077077
pred_humidity,43291,45211,0.9384436401675708,0.07056297154867756
pred_humidity,43291,45403,0.8798132618757311,0.004936791149502781
pred_humidity,43291,46363,0.9452774914761419,0.23365256723374297
pred_humidity,43291,46747,0.8135315081444696,0.1720720251445608
pred_humidity,43291,46939,0.9341551309826703,0.12980309543744742
pred_humidity,43291,47707,0.8323098832910715,0.2641645747276599
pred_humidity,43291,47899,0.8941773942050725,0.013779127468850051
pred_humidity,43355,44507,0.8093104167171983,0.2404217291616359
pred_humidity,43355,47515,0.8614240682104423,0.2835839279405134
pred_humidity,43355,48475,0.8102731103900146,0.15493660525305722
pred_humidity,43419,44187,0.9562825778978987,0.29101586156762965
pred_humidity,43419,45723,0.8999533135285558,-0.17184015323695212
pred_humidity,43419,46491,0.9686487229245996,0.21848021524507585
pred_humidity,43419,46683,0.8079752736887792,0.16595709169055486
pred_humidity,43419,48027,0.8125336907817451,0.17240321987331747
pred_humidity,43483,44251,0.9087314495063143,0.2202348752085667
pred_humidity,43483,44827,0.8552075270036524,0.26044963265098253
pred_humidity,43483,47131,0.8789980325219667,0.10667824111071052
pred_humidity,43483,47515,0.8142229230461762,-0.22017286652227921
pred_humidity,43483,48091,0.8794698077710257,-0.19194006723915288
pred_humidity,43547,45083,0.9467402011115973,0.24667619286783635
pred_humidity,43547,45467,0.9654960177408727,0.09242385875711664
pred_humidity,43547,45659,0.8259314267465453,0.20945620288456335
pred_humidity,43547,46235,0.8614556807578425,0.18996223028273324
pred_humidity,43547,46875,0.9735660580339481,0.2454060530463511
pred_humidity,43547,47003,0.94217374641345,0.26418101653355885
pred_humidity,43547,47195,0.920603073293889,0.013152250040919253
pred_humidity,43547,47387,0.9183874862019621,0.1842870892693191
pred_humidity,43547,47579,0.932282051377262,0.26713146667113324
pred_humidity,43547,47963,0.8911513815044677,0.1728590281809143
pred_humidity,43547,48155,0.9793409368805587,0.25922719792449866
pred_humidity,43547,48347,0.9632349408895243,0.28862906847921044
pred_humidity,43547,48539,0.9286582626413717,-0.06967128169277156
pred_humidity,43611,44571,0.9459435091736106,0.08357141643869034
pred_humidity,43611,46683,0.9139076304022884,0.0690578311641818
pred_humidity,43611,47067,0.957143282420878,0.1427871140370454
pred_humidity,43611,47451,0.825206308919166,0.04903421939463933
pred_humidity,43611,48219,0.899178474415477,-0.006452582257995631
pred_humidity,43611,48411,0.8384426146874295,0.21971204839752687
pred_humidity,43675,44251,0.8255380910620618,0.22031573196890494
pred_humidity,43675,44635,0.9765629613925022,0.07589908834647077
pred_humidity,43675,44827,0.9013192488904231,0.04422237347740306
pred_humidity,43675,45019,0.9175255890197858,0.14914352739923695
pred_humidity,43675,45979,0.9554899406644164,0.18545812413093843
pred_humidity,43675,46363,0.9094074695927762,0.24209794233355578
pred_humidity,43675,47323,0.8645899810949093,-0.04006898606794132
pred_humidity,43675,47899,0.915883451588312,0.17392330598650504
pred_humidity,43739,44699,0.8065580628990329,-0.17161538184895103
pred_humidity,43739,46043,0.843357695560322,0.1771513536454382
pred_humidity,43803,43867,0.8712436117045181,0.18826028647057147
pred_humidity,43803,45275,0.8531293193462071,0.1287544815771902
pred_humidity,43803,45467,0.8427031677002803,-0.1935713715943275
pred_humidity,43803,47003,0.8782501347447246,0.27653098470209864
pred_humidity,43803,47195,0.9148219003195831,0.1524350959227687
pred_humidity,43803,47963,0.8927950519125801,-0.03083914461887473
pred_humidity,43803,48347,0.8775566065543153,-0.001678529054135488
pred_humidity,43803,48539,0.9207850203073942,0.22491259345329798
pred_humidity,43867,44379,0.8065164263133182,0.06709587378175619
pred_humidity,43931,48475,0.8154697194722085,0.27535455924154734
pred_humidity,44059,44443,0.8757896862194741,-0.009569853816857304
pred_humidity,44059,44891,0.8441752779178422,0.1467329191707715
pred_humidity,44059,45979,0.8921474653973479,-0.15628927789565217
pred_humidity,44059,46939,0.9005795220114741,-0.06965739969451222
pred_humidity,44059,47323,0.9272600187754911,0.21631257952597352
pred_humidity,44059,47707,0.9198494585905128,-0.111003797051011
pred_humidity,44059,48027,0.9849403771911311,-0.050857173488376456
pred_humidity,44123,44699,0.8274670438624467,-0.40732039822652083
pred_humidity,44123,45083,0.8882316870400649,-0.003043092683440041
pred_humidity,44123,45467,0.9419488991157327,0.16184096635643647
pred_humidity,44123,45659,0.8685838126738447,0.2027463941470663
pred_humidity,44123,46235,0.9141204954881831,0.2129486896275912
pred_humidity,44123,46427,0.9313664753133047,0.2899528999668475
pred_humidity,44123,47003,0.9448690049647199,0.25569830660990617
pred_humidity,44123,47195,0.9176935809994009,-0.16300370447139745
pred_humidity,44123,47771,0.863701149454183,-0.27438349276312196
pred_humidity,44123,48155,0.9713431413018095,0.19613694334531945
pred_humidity,44123,48347,0.9448526460942783,0.12369931101334448
pred_humidity,44187,45723,0.8686506487410631,-0.063385178570845
pred_humidity,44187,46683,0.926794784510755,0.19895610734901478
pred_humidity,44251,44635,0.8695056753062963,0.05372220393879986
pred_humidity,44251,44827,0.9666473163846128,-0.17743114851786246
pred_humidity,44251,45595,0.8909222555297237,0.2893122590076796
pred_humidity,44251,46555,0.8135596362315022,-0.009239567879097521
pred_humidity,44315,44507,0.8661656452831135,-0.14763120739545443
pred_humidity,44315,45275,0.8523887820594988,-0.20302882913604825
pred_humidity,44315,45659,0.9569609399066511,0.19766938452370536
pred_humidity,44315,46235,0.92599754096154,0.2118744113039452
pred_humidity,44315,46619,0.9448320641591803,0.010661889942388234
pred_humidity,44315,46811,0.940417292542222,-0.2110859229498203
pred_humidity,44315,47003,0.8243907509385381,-0.041491403631849624
pred_humidity,44315,47579,0.923971957872556,0.2942114284324369
pred_humidity,44315,47963,0.8359985469763364,-0.2756359127634627
pred_humidity,44379,48539,0.8391800594353648,0.1902254947847853
pred_humidity,44443,44891,0.857332451204165,-0.41471351453194394
pred_humidity,44443,45019,0.9191043665445588,0.19408237477455187
pred_humidity,44443,46363,0.9176338480520516,0.2892709767786694
pred_humidity,44443,47323,0.9315367438915516,0.06190910408377685
pred_humidity,44443,47899,0.968550668111202,0.2995085110260815
pred_humidity,44507,44699,0.8434548666189577,-0.07869050842984823
pred_humidity,44507,45787,0.9265292128392618,0.12353063287494082
pred_humidity,44507,45851,0.8694551070525236,-0.27299632496540605
pred_humidity,44507,46043,0.8687846037465148,0.0712183409366492
pred_humidity,44507,46235,0.9555776152703713,0.17282105367996328
pred_humidity,44507,46427,0.856417231855034,0.20233320280316502
pred_humidity,44507,47771,0.9602876257095164,-0.2618052521808004
pred_humidity,44571,47643,0.9354466659899413,0.21113100426760475
pred_humidity,44635,44827,0.9150420869568481,-0.10974049931137421
pred_humidity,44635,45979,0.9085770788049042,-0.02302595408443858
pred_humidity,44635,46939,0.9092687938962459,0.21671455568294226
pred_humidity,44635,47323,0.8361407176409918,0.2779514882210294
pred_humidity,44635,47707,0.8217099033503068,0.005189569418714525
pred_humidity,44635,48283,0.807225411718443,-0.06784581898925589
pred_humidity,44699,45275,0.9342909948320688,-0.10197537146051727
pred_humidity,44699,45467,0.8347681033735412,0.13608593620901102
pred_humidity,44699,45659,0.9554227955697296,0.0009435416598651137
pred_humidity,44699,46235,0.9228204750260182,0.10218530269650584
pred_humidity,44699,46619,0.9439478975584145,0.08433293045272132
pred_humidity,44699,46811,0.9170689063910399,-0.13315161256446584
pred_humidity,44699,46875,0.8485580302546918,-0.1381865976658965
pred_humidity,44699,47003,0.9015737780546248,-0.07994160103570923
pred_humidity,44699,47195,0.8217790207596016,0.2482803353173331
pred_humidity,44699,47387,0.8791465719963268,-0.12168063844897797
pred_humidity,44699,47579,0.9569197752118033,-0.08918302772282653
pred_humidity,44699,47963,0.9339058534219367,-0.30703706244646645
pred_humidity,44699,48155,0.8296799469020613,0.2238483636420038
pred_humidity,44699,48347,0.8484220668910709,-0.13855742105891317
pred_humidity,44699,48539,0.8497506332139538,-0.26843293338257773
pred_humidity,44763,44955,0.8535909429975174,0.11460941823671278
pred_humidity,44763,45339,0.829158798770752,0.06332537323850744
pred_humidity,44763,45531,0.8485788891560192,0.1367090501030364
pred_humidity,44827,45403,0.9608890783697218,0.07823758699825835
pred_humidity,44827,45595,0.9174718775576246,0.00958505626934523
pred_humidity,44827,46747,0.8327784288654019,0.07551248114598161
pred_humidity,44827,47131,0.8450219837352442,-0.17881464218312065
pred_humidity,44891,45979,0.8625072256202493,0.07086102141196596
pred_humidity,44891,46171,0.8909692910247492,-0.02625219921989954
pred_humidity,44891,46939,0.8512286672054998,-0.18060034909735637
pred_humidity,44891,47707,0.8953687330999628,-0.09072220839591323
pred_humidity,44891,47899,0.8412717254317811,0.021771354836956205
pred_humidity,44891,48027,0.8338305620809047,0.2162009598674509
pred_humidity,44955,45083,0.8353756211002984,-0.1711599289031431
pred_humidity,44955,45467,0.8137569602201351,-0.049191899762294614
pred_humidity,44955,47195,0.8302229837411597,-0.022019852894130772
pred_humidity,44955,48347,0.8232791252859165,0.058679966878045
pred_humidity,45019,45403,0.8072971221211593,0.2901088950919634
pred_humidity,45019,45979,0.9159902717024543,-0.11959063881050447
pred_humidity,45019,46939,0.9322849474185945,0.16188375296377688
pred_humidity,45019,47323,0.919751707716075,0.2530294757345201
pred_humidity,45019,47707,0.8644695729902404,-0.08272299593507185
pred_humidity,45083,45275,0.8043944896331736,-0.25864792616947946
pred_humidity,45083,45531,0.8161613873186165,-0.14971025435749702
pred_humidity,45083,46875,0.8679525661318633,0.03181759707426079
pred_humidity,45083,47003,0.886185152683842,-0.24019067415919138
pred_humidity,45083,47195,0.9038250366523307,0.14594493207898787
pred_humidity,45083,47579,0.838683872689449,0.0073000371917574264
pred_humidity,45083,47835,0.8237970015410938,-0.4925195614725797
pred_humidity,45083,47963,0.8951846241291656,-0.029326110723085233
pred_humidity,45083,48155,0.937927476201102,0.05882040374655533
pred_humidity,45083,48347,0.9506610156704675,0.11794694704010449
pred_humidity,45083,48539,0.9332830014964805,0.06126585907859758
pred_humidity,45211,45979,0.9453948472369524,0.1962914592106282
pred_humidity,45211,47323,0.9309305871001994,0.26886424892233796
pred_humidity,45211,47707,0.8851143332083833,0.0770288944524883
pred_humidity,45275,45467,0.9057699617304356,-0.19583490256191258
pred_humidity,45275,45787,0.8545469084157225,0.12039855028943701
pred_humidity,45275,46235,0.9215090967010696,-0.06669299936339632
pred_humidity,45275,46875,0.8955382408160067,0.11165605467204454
pred_humidity,45275,47195,0.9435446107539698,-0.25743117374010993
pred_humidity,45275,47387,0.9541423206205231,0.257749937978267
pred_humidity,45275,47771,0.860002927665938,-0.40989971597829955
pred_humidity,45275,48155,0.9190872192338496,-0.09390085242817299
pred_humidity,45275,48347,0.935512287518563,-0.06396252572937135
pred_humidity,45275,48539,0.9293356543065542,0.16007637688008935
pred_humidity,45339,47067,0.8825130692745299,0.19407521895542693
pred_humidity,45467,46235,0.8179471369264506,0.2759914495392159
pred_humidity,45467,46875,0.9160066547242286,-0.004330035900599531
pred_humidity,45467,47003,0.9624957168115224,-0.05762956201294074
pred_humidity,45467,47195,0.972799156587779,0.26413898089706184
pred_humidity,45467,47387,0.8753626401724623,-0.36307195612089493
pred_humidity,45467,47579,0.9208840069672215,0.06482632565348388
pred_humidity,45467,47835,0.8517029451948084,-0.20159608991940658
pred_humidity,45467,47963,0.9420036947904171,-0.0850669499251765
pred_humidity,45467,48155,0.9825995575457592,0.2669825831436361
pred_humidity,45467,48347,0.9922300821512593,0.10459271238137578
pred_humidity,45467,48539,0.9808389151127285,0.19296459602181582
pred_humidity,45531,48539,0.8192828157805383,0.06347202070203341
pred_humidity,45595,45979,0.8708041702551043,0.237259239215255
pred_humidity,45595,48283,0.8370029908275234,0.21757994569170955
pred_humidity,45659,45787,0.9817376318449381,0.21935604433846576
pred_humidity,45659,45851,0.9191725862422586,0.13513471387873127
pred_humidity,45659,46043,0.9425384896998756,0.04469299728847426
pred_humidity,45659,46235,0.9876870718650225,0.26523539793466383
pred_humidity,45659,46875,0.8910345517101148,0.06902290663568104
pred_humidity,45659,47387,0.9159696352752844,-0.18848758735891072
pred_humidity,45659,47771,0.9773765988680567,0.05996504257554771
pred_humidity,45659,48155,0.8180022034743389,0.20706608874541513
pred_humidity,45659,48347,0.8066583386922503,0.07436790551592079
pred_humidity,45723,46299,0.9148776611642954,0.024495801665102703
pred_humidity,45723,46683,0.8024227999553705,-0.14321401571721307
pred_humidity,45787,46235,0.9680775546547966,0.28033417185502735
pred_humidity,45787,46619,0.9690142424858011,0.212776280969382
pred_humidity,45787,46811,0.9863610250177808,0.21430120471112601
pred_humidity,45787,46875,0.8196381577628044,-0.3283910281579194
pred_humidity,45787,47003,0.804416593660953,0.17854830167043387
pred_humidity,45787,47387,0.8467478680202057,-0.07434393466477321
pred_humidity,45787,47579,0.9101058616427461,0.06768175775156185
pred_humidity,45787,47771,0.9839574324860484,0.23563471776820955
pred_humidity,45851,46043,0.8899671907765847,0.13333235012627645
pred_humidity,45851,46235,0.9163977939144288,0.149355626403767
pred_humidity,45851,46619,0.912118624003776,-0.03697233453278141
pred_humidity,45851,46811,0.9592627839270353,-0.25277924175275523
pred_humidity,45851,47579,0.8074792467078181,0.17015169043216183
pred_humidity,45915,48411,0.8671230927099539,0.2003025991098452
pred_humidity,45979,46171,0.87178187458115,0.26764909610143595
pred_humidity,45979,46363,0.9288805395745008,0.042842817890296404
pred_humidity,45979,47899,0.9725251483287354,-0.07589329825644794
pred_humidity,45979,48027,0.8367510287422811,0.11861296180379702
pred_humidity,46043,46235,0.9029700866568614,-0.02802488877480563
pred_humidity,46043,46619,0.9556518513267815,0.06109792325255649
pred_humidity,46043,46811,0.957279982090004,0.22817672273202005
pred_humidity,46043,47771,0.9158898436309171,0.21216836611966222
pred_humidity,46171,47899,0.8189388692668899,0.08282207972453302
pred_humidity,46235,46811,0.9565564346314338,0.1598644277899537
pred_humidity,46235,46875,0.9290513514892194,0.02859035033431183
pred_humidity,46235,47003,0.8975653336193925,0.1282460020941514
pred_humidity,46235,47195,0.8197736068908662,0.20283445462094604
pred_humidity,46235,47387,0.9328711825375737,-0.08904994215899428
pred_humidity,46235,47579,0.9691890516328937,0.07344545187803549
pred_humidity,46235,47963,0.8305400870208043,-0.06571505693720699
pred_humidity,46235,48155,0.8532118273529988,0.11831961481623884
pred_humidity,46235,48347,0.8324053637668605,0.1067357330520519
pred_humidity,46299,46683,0.9132672296376633,0.09419252388823865
pred_humidity,46363,46939,0.9385094859896975,0.1975537748972091
pred_humidity,46363,47707,0.855359352802305,-0.06907193011781117
pred_humidity,46427,46875,0.9413739310333393,0.0002690813198175009
pred_humidity,46427,47387,0.8265225617887076,-0.10486963473564682
pred_humidity,46427,47579,0.8332743904772661,0.23809145679650703
pred_humidity,46427,48155,0.8637742253787078,0.1678918781422551
pred_humidity,46427,48347,0.8274570655259117,-0.002466363436748512
pred_humidity,46491,46683,0.8749514762907703,-0.1417491258637753
pred_humidity,46555,47131,0.8874602304998126,-0.0061418044263709054
pred_humidity,46619,46875,0.8798273324451922,0.08344803686914604
pred_humidity,46619,47003,0.8294556989666826,0.23398951478566854
pred_humidity,46619,47387,0.8859727499441539,0.0852646186322784
pred_humidity,46619,47771,0.9684147775825029,-0.05507606200985582
pred_humidity,46683,47259,0.9804684841846988,0.27834898314238654
pred_humidity,46683,47643,0.9389853199893591,0.015641129082087982
pred_humidity,46683,48219,0.9782765164193652,0.1535943591651565
pred_humidity,46683,48411,0.8426670212333673,0.04722425098249602
pred_humidity,46683,48603,0.9403198931408442,0.07220635404353425
pred_humidity,46811,46875,0.8050389259474527,0.28592644465143624
pred_humidity,46811,47771,0.9661577381919676,-0.3791098990848327
pred_humidity,46875,47003,0.9244910848497113,0.1199529117244146
pred_humidity,46875,47195,0.8783424088239781,-0.2803364857022427
pred_humidity,46875,47579,0.9521586344222389,0.24921525483092374
pred_humidity,46875,47771,0.8820957357969512,-0.19481011531715905
pred_humidity,46875,47963,0.8533683823800959,0.25802310513896426
pred_humidity,46875,48155,0.9406470926397572,-0.056808885108956785
pred_humidity,46875,48347,0.9178065675159932,0.1945711249227719
pred_humidity,46875,48539,0.8682294626936721,-0.19677479287653823
pred_humidity,46939,47899,0.9811150703357799,0.11038285908685665
pred_humidity,46939,48027,0.8456584544248046,0.05778036267709773
pred_humidity,47003,47195,0.9810023101345605,-0.011528240495149398
pred_humidity,47003,47387,0.9457426792602333,0.05513112627568865
pred_humidity,47003,47771,0.8283264313826656,-0.14106792888057354
pred_humidity,47003,47835,0.8306741489090793,0.27655969155060517
pred_humidity,47003,48539,0.9777548635939337,0.29723482533648743
pred_humidity,47067,47643,0.9158040285107584,0.2744851630941143
pred_humidity,47131,48283,0.8379578689444659,0.24651754033371215
pred_humidity,47195,47387,0.8905368632698247,-0.3991191497608986
pred_humidity,47195,47579,0.9103677463521956,-0.10425489057590401
pred_humidity,47195,47835,0.9045182660406661,0.1690820038258805
pred_humidity,47195,47963,0.9369805781861287,-0.5514572491109693
pred_humidity,47195,48347,0.9867577746678186,0.20100504262847257
pred_humidity,47195,48539,0.9859030055764672,0.08193685284137585
pred_humidity,47323,47707,0.9083680173929262,0.2850803507641183
pred_humidity,47323,47899,0.9597495913066098,0.04362755458139594
pred_humidity,47323,48027,0.8606963606831451,-0.5038073271767313
pred_humidity,47387,47579,0.949688427003953,-0.03728205476979286
pred_humidity,47387,47771,0.8791807520709407,-0.37230122217114053
pred_humidity,47387,47963,0.8812708301143971,0.2596334340124494
pred_humidity,47387,48155,0.9122825518296895,-0.22619787531874264
pred_humidity,47387,48347,0.9065741660784655,0.0852282238362453
pred_humidity,47387,48539,0.8658419475313528,-0.3875006744551561
pred_humidity,47451,47643,0.8350034923235818,0.18912666533108072
pred_humidity,47515,48091,0.8330354952793347,0.20612967285581574
pred_humidity,47579,47771,0.9275680174657513,0.050212097517273374
pred_humidity,47579,48155,0.9357173131723261,0.27017900277099205
pred_humidity,47579,48347,0.9320294829813205,0.10082678641666604
pred_humidity,47643,48411,0.8091708005187837,0.08614396960599298
pred_humidity,47707,47899,0.9480627273929659,-0.035514041457688605
pred_humidity,47707,48027,0.8872513813209844,0.09316286647160202
pred_humidity,47835,47963,0.8124558664942613,0.050969916149193696
pred_humidity,47835,48155,0.8428945840308962,0.16529427506993638
pred_humidity,47835,48347,0.8752057691694329,0.27948333116562263
pred_humidity,47899,48027,0.8945147328850216,0.19079447476783723
pred_humidity,47963,48155,0.9198236422619859,-0.3093834663355124
pred_humidity,47963,48347,0.9550827021594777,0.06000965570257873
pred_humidity,47963,48539,0.9635471932526588,0.2688543692659418
pred_humidity,48091,48475,0.8093052473742228,-0.00018883152778547676
pred_humidity,48155,48347,0.9908756757037377,0.16480263390584715
pred_humidity,48155,48539,0.9760270402854877,0.2975078102682892
pred_humidity,48283,48475,0.8680270389117998,0.28301586195215017
pred_humidity,48347,48539,0.9912325607044727,0.17252319321843088
pred_humidity,48411,48603,0.8534304807215306,0.21499030957042495
ture_w_speed,38939,46619,0.8541267998260681,0.2053271607768436
ture_w_speed,38939,48091,0.8013671000230485,0.16453946669870487
ture_w_speed,39003,39195,0.8211172920249721,-0.16299612888638948
ture_w_speed,39003,41371,0.8330768805051874,0.04796890667323345
ture_w_speed,39003,43291,0.8782763302344692,0.1857634234028387
ture_w_speed,39003,44635,0.8424086355863634,-0.24915034189758412
ture_w_speed,39003,45211,0.8295751695932283,0.05640166104276508
ture_w_speed,39003,47707,0.8143802129586729,-0.05179017753393722
ture_w_speed,39067,48091,0.8942370883637953,0.2914260199662273
ture_w_speed,39131,40987,0.8501255660235809,-0.27679040751806877
ture_w_speed,39131,43995,0.844322046097334,0.06706265855130883
ture_w_speed,39131,44699,0.8776233146523336,0.09049567389555672
ture_w_speed,39131,45659,0.8198602137991184,0.25024689879192746
ture_w_speed,39131,46683,0.9706157811264877,0.147034671450616
ture_w_speed,39195,41371,0.8013124506721201,-0.05263895282073836
ture_w_speed,39195,43099,0.8031025766200242,-0.059191567578960394
ture_w_speed,39195,46171,0.9461002537647037,0.2431374667742548
ture_w_speed,39195,48475,0.9258376746804274,0.15130484218773094
ture_w_speed,39259,39387,0.9695601226038453,-0.1580845747458602
ture_w_speed,39259,39707,0.8889591552231738,0.13299923244274803
ture_w_speed,39259,40027,0.9619555781836194,0.08885754727276633
ture_w_speed,39259,40347,0.8059347284395948,-0.13508580601537362
ture_w_speed,39259,40795,0.9398644815571963,-0.10774009971792822
ture_w_speed,39259,41563,0.9427097502583043,0.012569786148688561
ture_w_speed,39259,42907,0.9165712356295368,-0.0023041698035620776
ture_w_speed,39259,43227,0.8954294378058962,-0.08670717511121942
ture_w_speed,39259,43483,0.8779494701100796,-0.03748409604807582
ture_w_speed,39259,43675,0.8336567339859213,0.06452083860276506
ture_w_speed,39259,44379,0.8794180777055024,-0.017348137004187216
ture_w_speed,39259,44763,0.8871798944054266,-0.16078643484987215
ture_w_speed,39259,45339,0.8496634697302409,-0.03643239031220751
ture_w_speed,39259,45403,0.8402644290614378,-0.04942543549397402
ture_w_speed,39259,45915,0.8858398785713024,0.2158848741992932
ture_w_speed,39259,46235,0.9355595592387888,0.0072610504681090236
ture_w_speed,39259,47003,0.8117634552112258,0.015720862706276473
ture_w_speed,39259,47387,0.8585974912804011,0.005360342657541986
ture_w_speed,39259,47771,0.8055522058042089,0.19681602818067628
ture_w_speed,39259,47963,0.8298840416848069,0.07051013569703372
ture_w_speed,39259,48539,0.9423319294033267,0.19965415464397074
ture_w_speed,39323,39771,0.9277783032722748,-0.324535841652347
ture_w_speed,39323,40411,0.8852536369940822,0.14117989062216377
ture_w_speed,39323,40539,0.953862708894607,0.19744580457146146
ture_w_speed,39323,40731,0.813320050565125,-0.24188233308832868
ture_w_speed,39323,41179,0.9504114446917108,-0.4035844937758066
ture_w_speed,39323,41499,0.9166651297924997,-0.014521271909860854
ture_w_speed,39323,41691,0.8897960728311057,-0.028716190496678274
ture_w_speed,39323,42267,0.92654666054785,0.052571655403035746
ture_w_speed,39323,42651,0.9591749025043023,-0.09282568877748748
ture_w_speed,39323,42843,0.8143865949277653,-0.4453174220555226
ture_w_speed,39323,43611,0.8567990663488746,0.19223725541544495
ture_w_speed,39323,44507,0.9024622068627726,0.23227405299506276
ture_w_speed,39323,44891,0.86458677723533,-0.33562869329546113
ture_w_speed,39323,45851,0.9366216390293144,0.03196867016147665
ture_w_speed,39323,46939,0.9685695327808048,0.026788990742088004
ture_w_speed,39323,47067,0.8596237821176647,-0.01736850811285332
ture_w_speed,39323,48219,0.8848876375310664,-0.2930276905617252
ture_w_speed,39323,48603,0.9332585558555485,0.19069137041039594
ture_w_speed,39387,39707,0.9224201418563364,-0.02929694660039056
ture_w_speed,39387,40027,0.9385558245526415,-0.22836907737022197
ture_w_speed,39387,40795,0.9462177812146568,-0.23653166617864793
ture_w_speed,39387,41435,0.9379249781364215,0.16633832218404002
ture_w_speed,39387,41563,0.9221911439655143,-0.33271488943582656
ture_w_speed,39387,43227,0.8733768463744458,0.11960128286515836
ture_w_speed,39387,43483,0.9044960489141696,-0.03601982932151038
ture_w_speed,39387,43675,0.8523354291609515,0.19891052253551234
ture_w_speed,39387,44379,0.8138280970794389,0.06913403849574844
ture_w_speed,39387,44763,0.9310179716649195,0.14590731942798543
ture_w_speed,39387,45339,0.8263145980463921,-0.24618131135062282
ture_w_speed,39387,45403,0.8617225935640309,-0.014113809296106958
ture_w_speed,39387,45659,0.8108719479735292,0.17004412152851622
ture_w_speed,39387,45915,0.8594672723709925,-0.17505550816522825
ture_w_speed,39387,46235,0.9088275981318662,-0.42620952224576575
ture_w_speed,39387,47387,0.9072631872627991,0.017979345447138428
ture_w_speed,39387,47963,0.8546021303427674,0.22649506447389292
ture_w_speed,39387,48539,0.9428865151052548,-0.032191969314360205
ture_w_speed,39451,41627,0.9503256315486026,0.08966023907434333
ture_w_speed,39451,46299,0.8701148611647493,0.12633283444867588
ture_w_speed,39515,40283,0.9383249207648992,0.10824258346440667
ture_w_speed,39515,41307,0.9044804323985993,0.04622703342261492
ture_w_speed,39515,42331,0.8582219362501419,0.037774991069208924
ture_w_speed,39515,43483,0.8096102053442539,-0.260105846796022
ture_w_speed,39515,47515,0.8508232446766663,-0.016916028457480588
ture_w_speed,39515,47579,0.9012016766831599,-0.16553660456193564
ture_w_speed,39515,48283,0.8959979824224598,-0.07088020732418342
ture_w_speed,39707,40027,0.8563812800334594,-0.1059975229006532
ture_w_speed,39707,40347,0.9059777877788575,-0.17840202917290937
ture_w_speed,39707,41115,0.9151553320629584,-0.07322631054624118
ture_w_speed,39707,41563,0.9120203566365214,-0.12158310059438003
ture_w_speed,39707,43227,0.8350979964774599,-0.45173764467885563
ture_w_speed,39707,43355,0.8007038797956139,0.21991653739255185
ture_w_speed,39707,43483,0.8005638008103004,-0.11736723151497078
ture_w_speed,39707,44379,0.8157257195019497,0.08642713608352517
ture_w_speed,39707,44763,0.8617484310111094,-0.2133581690528342
ture_w_speed,39707,45019,0.8038286397458867,0.22341934566632216
ture_w_speed,39707,47387,0.8340280005028174,-0.03167414809533298
ture_w_speed,39707,47579,0.8431751128798463,0.15844031502357112
ture_w_speed,39707,48539,0.9750421367123772,-0.15146386422514413
ture_w_speed,39771,39963,0.8321398560376981,-0.18256878238613394
ture_w_speed,39771,40411,0.9221604242703434,-0.04820980769099803
ture_w_speed,39771,40539,0.8852963205677097,-0.03838180018922642
ture_w_speed,39771,40859,0.8428658021061236,-0.24157631783838457
ture_w_speed,39771,41179,0.863786972425275,-0.11892059913468075
ture_w_speed,39771,41499,0.9231740732465982,0.12893733648859299
ture_w_speed,39771,41691,0.9243485707263978,-0.3228962424917448
ture_w_speed,39771,42267,0.9611952317402926,0.2591346127810449
ture_w_speed,39771,42651,0.9787194318412406,0.08239977676380916
ture_w_speed,39771,43611,0.9355945285058506,0.17467658789258572
ture_w_speed,39771,44507,0.9419208334907858,-0.05010372480761575
ture_w_speed,39771,45723,0.9166355406454265,0.14279941475467992
ture_w_speed,39771,45851,0.9897702368252361,-0.03799048674715946
ture_w_speed,39771,46491,0.8222064826533456,0.1352736824128029
ture_w_speed,39771,46939,0.8411095942182261,-0.009743267362998135
ture_w_speed,39771,48219,0.8211688668021675,0.19330518339255884
ture_w_speed,39771,48603,0.9500721549143626,0.06166828221012663
ture_w_speed,39835,39899,0.875333240563024,-0.038725162197323894
ture_w_speed,39835,42459,0.9142521170274348,-0.016513096432029566
ture_w_speed,39835,42523,0.8805128169817643,0.04994099815427577
ture_w_speed,39835,43419,0.9481704517172539,0.19075077595903855
ture_w_speed,39835,44699,0.8640856052030519,-0.013688739083531989
ture_w_speed,39835,45083,0.8361424087996029,0.04677857529823884
ture_w_speed,39835,45467,0.8211203086078938,-0.17776633548468662
ture_w_speed,39835,46683,0.8902771564601446,0.25017382514422093
ture_w_speed,39835,46811,0.8983806930334021,0.24502561356900227
ture_w_speed,39835,47771,0.8578744109859225,-0.0847701579019959
ture_w_speed,39899,42459,0.8604994814500174,-0.02701613717546922
ture_w_speed,39899,42523,0.9690860107402159,0.12392968378754811
ture_w_speed,39899,43419,0.803356784359679,0.03270387594782685
ture_w_speed,39899,43803,0.817929009269322,0.05104418518019976
ture_w_speed,39899,44699,0.8247833494368924,-0.13512524574475052
ture_w_speed,39899,45339,0.8082195783465072,0.2033078219797673
ture_w_speed,39899,46811,0.8435810890136376,-0.22661222547189688
ture_w_speed,39963,40859,0.8420808863494281,-0.05747358506185019
ture_w_speed,39963,41627,0.8368714330389307,0.21147793405464407
ture_w_speed,39963,41691,0.844255233157,-0.022992281532255632
ture_w_speed,39963,42267,0.8789715666539339,0.1951344144080495
ture_w_speed,39963,42651,0.8785962632442421,0.06588549002618493
ture_w_speed,39963,44955,0.8525231533516727,0.1502818063680627
ture_w_speed,39963,45851,0.8533445006179806,-0.1600162203803424
ture_w_speed,39963,46491,0.8072321718607214,0.244143740855329
ture_w_speed,40027,40347,0.8115427383458764,-0.002660429835063589
ture_w_speed,40027,40795,0.9522060722370179,-0.03961589270856058
ture_w_speed,40027,41435,0.8377301201060726,0.07711608123519807
ture_w_speed,40027,41563,0.8658768974271163,-0.09234152600201556
ture_w_speed,40027,41819,0.8581251710052791,0.007432494139835499
ture_w_speed,40027,42907,0.866832926285784,-0.12140115750144313
ture_w_speed,40027,43227,0.9075590978480923,-0.38986596411471686
ture_w_speed,40027,43803,0.8024743748107502,0.15434483068267704
ture_w_speed,40027,44315,0.828966700641916,-0.07936151563077994
ture_w_speed,40027,44379,0.8949783201359472,-0.057745709507272
ture_w_speed,40027,44763,0.8115932966061224,-0.12143974234650501
ture_w_speed,40027,45019,0.8621359809998291,-0.2489938614669652
ture_w_speed,40027,45339,0.8449934683619181,-0.09849215933481605
ture_w_speed,40027,45659,0.8589340963400088,-0.20625552792764537
ture_w_speed,40027,45915,0.9287974729705484,0.1362986181203347
ture_w_speed,40027,46235,0.9615455052294294,0.13168155955225716
ture_w_speed,40027,46875,0.8490839642223937,-0.12555410291743507
ture_w_speed,40027,47003,0.8015283783061314,-0.004906041098716926
ture_w_speed,40027,47771,0.8594578016426009,-0.3905794734508321
ture_w_speed,40027,48539,0.8984026496457936,-0.052286962822706194
ture_w_speed,40091,40155,0.8820449665689649,-0.11887854409833257
ture_w_speed,40091,40667,0.92200974725629,0.08440776350562154
ture_w_speed,40091,40859,0.9302352450417586,0.18639282179084893
ture_w_speed,40091,41627,0.8053757748903178,-0.20341772160884394
ture_w_speed,40091,42011,0.8004186105950906,-0.2327640452576302
ture_w_speed,40091,46491,0.9534761125490582,-0.02748538438068605
ture_w_speed,40091,46619,0.9572401675285164,0.15431565874543252
ture_w_speed,40155,40859,0.952741724944559,0.04628165064695183
ture_w_speed,40155,41691,0.8958688647210871,0.05392745233191841
ture_w_speed,40155,44891,0.8240760202937949,-0.1067722908529937
ture_w_speed,40155,46491,0.8695004801883367,0.03665617287859207
ture_w_speed,40155,48155,0.8660765849236014,0.1158199418773118
ture_w_speed,40283,40475,0.8308464209554718,-0.04068593417585214
ture_w_speed,40283,41307,0.8020874021423139,0.1279825536683353
ture_w_speed,40283,41435,0.8951829098889247,-0.028374783663668714
ture_w_speed,40283,41563,0.855042373543336,0.011673662399103737
ture_w_speed,40283,43483,0.9416257307714868,-0.10049365754040383
ture_w_speed,40283,43675,0.9143123134259704,0.24876297652772644
ture_w_speed,40283,45275,0.8922525172519208,0.03478732587181516
ture_w_speed,40283,47131,0.9036414107423666,0.2400855316323776
ture_w_speed,40283,47387,0.848585672046323,-0.25115047067699425
ture_w_speed,40283,47579,0.8317664634267591,0.1874112281539311
ture_w_speed,40283,47963,0.8076811269753449,0.23711728447355276
ture_w_speed,40283,48283,0.9191075476578344,-0.22693134072225063
ture_w_speed,40283,48539,0.813479297178326,-0.11903352713714374
ture_w_speed,40347,41115,0.8995375182832371,0.2757795155419827
ture_w_speed,40347,41563,0.8832742502732366,-0.08574540252952496
ture_w_speed,40347,43227,0.8686677770064376,0.15825854383327329
ture_w_speed,40347,48539,0.8968086890269596,0.013580488476579276
ture_w_speed,40411,40539,0.8290481638914736,0.11825182963847183
ture_w_speed,40411,40731,0.8215088229264912,0.09395838688443496
ture_w_speed,40411,41051,0.8726760279594706,0.06058612889234484
ture_w_speed,40411,41179,0.8329813736781939,-0.10720136576364928
ture_w_speed,40411,41499,0.8342991128280254,-0.27789194964323294
ture_w_speed,40411,41691,0.8102391749935307,-0.058113481221369695
ture_w_speed,40411,41947,0.8348357161002875,0.07623422457127152
ture_w_speed,40411,42267,0.8874374927437768,-0.08152671810898565
ture_w_speed,40411,42651,0.9007725288553322,0.16297958513497365
ture_w_speed,40411,42843,0.8222518122326488,0.20048869497664132
ture_w_speed,40411,43611,0.8279905679756039,-0.04994560138946215
ture_w_speed,40411,44507,0.9307808891524687,-0.028393780059540796
ture_w_speed,40411,44891,0.8544373932505143,-0.30051206389346863
ture_w_speed,40411,45723,0.835175360391846,0.13299832209776033
ture_w_speed,40411,45851,0.9295489072014437,-0.1859301535763501
ture_w_speed,40411,47067,0.8420118460763778,0.02217662593036939
ture_w_speed,40411,48219,0.8124708202566951,0.1345386323458205
ture_w_speed,40411,48603,0.8681886740235718,-0.02831350691764653
ture_w_speed,40475,48283,0.8330629094070292,0.2583836504580091
ture_w_speed,40539,40731,0.8342487387553801,0.13742002117994792
ture_w_speed,40539,41179,0.8873189555560517,-0.13808023460935293
ture_w_speed,40539,41499,0.956447610320626,-0.22583073142281973
ture_w_speed,40539,41691,0.8273726198925739,-0.003034250225713341
ture_w_speed,40539,42267,0.8183330564695591,-0.17231560178972324
ture_w_speed,40539,42651,0.9171383836045436,0.21132889641153169
ture_w_speed,40539,42843,0.8711418299659694,-0.2604812853248042
ture_w_speed,40539,43611,0.8305646794085164,-0.10414120341165396
ture_w_speed,40539,44507,0.9103065743674121,-0.04869450138172253
ture_w_speed,40539,44891,0.8182268947400193,0.2149122002865523
ture_w_speed,40539,45723,0.8542363948416231,0.10143306048360667
ture_w_speed,40539,45851,0.9018406663250786,0.22133350018613107
ture_w_speed,40539,46043,0.8076288317792213,0.17146204899973078
ture_w_speed,40539,46107,0.8614706192701564,0.23921874044238772
ture_w_speed,40539,46939,0.9470821663121426,-0.04708676280930927
ture_w_speed,40539,47067,0.887571663725259,-0.043681442530629166
ture_w_speed,40539,48219,0.9647206518678284,0.15011250536640244
ture_w_speed,40539,48603,0.828002932517685,-0.27088120801423043
ture_w_speed,40603,45467,0.8106080304708113,0.213743235466969
ture_w_speed,40667,40987,0.8191705187339561,-0.07586792008465428
ture_w_speed,40667,46299,0.824439022873731,-0.2657177618672259
ture_w_speed,40667,46491,0.8369926589723676,0.2794255901728243
ture_w_speed,40667,46619,0.8784604620801357,0.18131120651331084
ture_w_speed,40731,41051,0.8654357450496474,-0.11938932049811443
ture_w_speed,40731,41179,0.8559900841577384,0.0794514630511584
ture_w_speed,40731,42843,0.9089893100592745,0.15600614021377066
ture_w_speed,40731,43931,0.8809268377295851,-0.13649809405099333
ture_w_speed,40731,44507,0.8534352688967759,-0.20739064747552413
ture_w_speed,40731,45787,0.9030164987616204,0.2552676432922915
ture_w_speed,40731,46107,0.8201974246037504,-0.02444589150310524
ture_w_speed,40731,47067,0.9144073158357888,-0.10912063311173407
ture_w_speed,40731,48219,0.8740338990526573,0.03449579622364422
ture_w_speed,40795,41435,0.8678998770574788,-0.42798336211757065
ture_w_speed,40795,41563,0.8214234475271837,0.1836128185161408
ture_w_speed,40795,41819,0.9070789113353264,-0.12528082491488615
ture_w_speed,40795,42459,0.8753369405963162,0.1881979474505334
ture_w_speed,40795,42907,0.8868490732183767,-0.3533794664584346
ture_w_speed,40795,43227,0.8793863358634194,-0.0910531817559917
ture_w_speed,40795,44571,0.8792469665418006,0.20587288537995485
ture_w_speed,40795,44699,0.8040855085579538,-0.0626229767158931
ture_w_speed,40795,44763,0.8806629693598226,0.26068644221082804
ture_w_speed,40795,45019,0.9041739750026053,-0.4097913352289612
ture_w_speed,40795,45339,0.8742263728341358,-0.13906836309777404
ture_w_speed,40795,45403,0.8259355587646049,-0.14562413262711568
ture_w_speed,40795,45659,0.9056832440164855,0.2729098742415797
ture_w_speed,40795,45915,0.9647770548423408,0.11973253369996656
ture_w_speed,40795,46235,0.9775257446854214,0.202430350702168
ture_w_speed,40795,47003,0.893426289569357,-0.1529637801082816
ture_w_speed,40795,47387,0.8068313398150458,0.05844685783837154
ture_w_speed,40795,47771,0.9410852198216899,-0.040971436589987205
ture_w_speed,40795,47963,0.8578973252178355,0.21861998853035766
ture_w_speed,40795,48539,0.8260223329707643,-0.027824362456444464
ture_w_speed,40859,42267,0.8876747660420765,-0.20381706402434244
ture_w_speed,40859,43611,0.8916646833113234,-0.1721899320542793
ture_w_speed,40859,44891,0.8665103424045215,-0.06796520631746292
ture_w_speed,40859,45723,0.8015716119029153,-0.2914893411547304
ture_w_speed,40859,45851,0.8019590851964744,0.08759428086692664
ture_w_speed,40859,46491,0.9603211105796601,-0.19116914217936448
ture_w_speed,40859,46619,0.8839949734848854,0.005753072676439011
ture_w_speed,40859,47643,0.8009153758926145,-0.07734804625659739
ture_w_speed,40859,47835,0.8251299580361048,0.0378326395363792
ture_w_speed,40859,48603,0.8934607780320102,-0.18950815161005613
ture_w_speed,40987,42075,0.8302876926138462,-0.09294011100903991
ture_w_speed,40987,42971,0.8389817901141086,0.03584497800166972
ture_w_speed,40987,44123,0.8165507577097995,0.09479236952875282
ture_w_speed,41051,41947,0.8911911302261061,0.09885746703798706
ture_w_speed,41051,44507,0.8527576478384276,0.15667177475923488
ture_w_speed,41051,47067,0.8338023459663801,0.20548470608261898
ture_w_speed,41115,41243,0.8706832927152304,-0.12148032246391476
ture_w_speed,41115,41307,0.8808187930920078,0.1945991917640594
ture_w_speed,41115,41563,0.8417726081497525,0.001768558454295358
ture_w_speed,41115,43355,0.8060819955702166,0.10687282533832362
ture_w_speed,41115,44379,0.8066767271386891,0.10951979032784517
ture_w_speed,41115,47323,0.8590302136385333,0.15235868233676947
ture_w_speed,41115,47515,0.8832458661698736,-0.051209629369290174
ture_w_speed,41115,47579,0.9330064848039541,0.07720490241622306
ture_w_speed,41115,48539,0.9326363065734565,-0.03136758432586098
ture_w_speed,41179,41499,0.8582676240804759,-0.11334546925235968
ture_w_speed,41179,41691,0.8208467302224889,0.11613720127824984
ture_w_speed,41179,42267,0.8482156159949665,-0.27194250573133705
ture_w_speed,41179,42651,0.8682982822830195,0.22313534984987687
ture_w_speed,41179,43611,0.8244695917304183,-0.05372010609687178
ture_w_speed,41179,44507,0.8246639525732139,0.04301712602634464
ture_w_speed,41179,44891,0.8478431525057897,0.278487051284852
ture_w_speed,41179,45723,0.9362175435171664,-0.47015100603085
ture_w_speed,41179,45787,0.8097301063173988,0.25220065330592173
ture_w_speed,41179,45851,0.8689821799261184,-0.10752114447425179
ture_w_speed,41179,46939,0.9542924004542096,0.29522139213352877
ture_w_speed,41179,48603,0.9031909382509773,0.054227311788574754
ture_w_speed,41243,41307,0.8179044318774622,0.033929574541417845
ture_w_speed,41243,42331,0.8078503416285359,-0.13047499507259686
ture_w_speed,41243,43675,0.8083040570839599,0.15703607749154608
ture_w_speed,41243,46363,0.9067290967555107,-0.17059983381547536
ture_w_speed,41243,47387,0.815234681221323,-0.15268295134494972
ture_w_speed,41243,47579,0.9326382650683559,-0.19941468069219662
ture_w_speed,41243,48539,0.8434754701513523,-0.13467610326385832
ture_w_speed,41307,47323,0.9406451176261676,0.031827753148108026
ture_w_speed,41307,47515,0.9117937397227859,-0.10793744691364805
ture_w_speed,41307,47579,0.9463359443424584,0.05165171519667777
ture_w_speed,41371,43291,0.950017649533372,-0.13363168460997188
ture_w_speed,41371,44635,0.834393094590452,-0.037919693291971236
ture_w_speed,41371,45275,0.8071459310922803,-0.03586405518494598
ture_w_speed,41371,47707,0.8724170635488887,0.04307099136374118
ture_w_speed,41435,41563,0.9074679762053468,-0.594990662876517
ture_w_speed,41435,42331,0.8044981919967839,0.12897169500537128
ture_w_speed,41435,42907,0.9325681029427433,0.010296538393188198
ture_w_speed,41435,43483,0.975016316527421,0.20038694495615697
ture_w_speed,41435,43675,0.9386526854483443,0.13493157487298912
ture_w_speed,41435,44763,0.8751440241627487,-0.5312408225411342
ture_w_speed,41435,45339,0.831238745065802,0.20992212616712677
ture_w_speed,41435,45403,0.9099436297730611,0.1811331988920514
ture_w_speed,41435,46235,0.826454920939747,-0.18626438247321983
ture_w_speed,41435,47003,0.8432442766544876,0.020142599397730877
ture_w_speed,41435,47131,0.914767396850312,0.1387236137457043
ture_w_speed,41435,47387,0.9489121485382556,-0.14118134724920028
ture_w_speed,41435,47963,0.9386764911396124,0.1145493858449987
ture_w_speed,41435,48283,0.8205830421402889,-0.04039685120872927
ture_w_speed,41435,48539,0.8502642339240052,-0.22302738334440045
ture_w_speed,41499,41691,0.9108474210791059,0.07013339094218789
ture_w_speed,41499,42267,0.8397114896890246,-0.1827891529384616
ture_w_speed,41499,42651,0.9408212776622135,-0.2368230153747387
ture_w_speed,41499,43611,0.9316954125487726,0.24483738000817717
ture_w_speed,41499,44507,0.9074532082249542,0.050591674969979225
ture_w_speed,41499,44891,0.893386864452637,0.14832280880872875
ture_w_speed,41499,45723,0.8511055196468316,-0.01053404333377639
ture_w_speed,41499,45851,0.9315096572661316,0.15494102048637706
ture_w_speed,41499,46107,0.8274593049701339,-0.015147504172281523
ture_w_speed,41499,46939,0.9015278397828176,-0.08332170115592462
ture_w_speed,41499,48219,0.9283811619370528,-0.013954750596262784
ture_w_speed,41499,48603,0.8677591798378175,0.14751725826185133
ture_w_speed,41563,42331,0.8127619790692913,0.014252978153448566
ture_w_speed,41563,42907,0.9358218346434777,0.14454548971172893
ture_w_speed,41563,43227,0.8984280027368817,0.26532240533975543
ture_w_speed,41563,43483,0.9258468587012466,-0.11000688038807777
ture_w_speed,41563,43675,0.9315992947062657,-0.167773807165875
ture_w_speed,41563,45019,0.9258770269636878,-0.1783342346290486
ture_w_speed,41563,45339,0.8416334724284983,0.036258108954663915
ture_w_speed,41563,45403,0.8823842606790122,-0.16718565813185082
ture_w_speed,41563,46235,0.8317825959345133,0.2839682773918185
ture_w_speed,41563,47131,0.8623839160824619,-0.25522806943032816
ture_w_speed,41563,47387,0.9228554717058444,0.215774622336095
ture_w_speed,41563,48283,0.8403803320744019,0.09083589201122645
ture_w_speed,41563,48539,0.9434967871041585,0.23177372915635497
ture_w_speed,41627,44187,0.8346532352901844,-0.03964549763450129
ture_w_speed,41627,46491,0.8746024779490588,-0.1680200939784337
ture_w_speed,41627,47451,0.8885835220383014,0.0922380545678924
ture_w_speed,41627,47643,0.9309606088314599,-0.12859733372761598
ture_w_speed,41691,42267,0.9327925629664456,-0.2119184257882496
ture_w_speed,41691,42651,0.9549814122016893,0.01772937740996174
ture_w_speed,41691,43611,0.9632480242228615,-0.3242015774463087
ture_w_speed,41691,44507,0.8001877139226589,-0.027622506933668748
ture_w_speed,41691,44891,0.9214390002642688,-0.33435872724318116
ture_w_speed,41691,45723,0.9038619537297014,-0.1529181206185745
ture_w_speed,41691,45851,0.9063298119523698,0.07327040972928828
ture_w_speed,41691,46491,0.8872362988266196,0.13111730526180318
ture_w_speed,41691,46939,0.8493450796840564,-0.04418114662634909
ture_w_speed,41691,47835,0.8406334673743628,0.16496354681611963
ture_w_speed,41691,48603,0.9586720453980174,-0.37772965707363754
ture_w_speed,41755,43291,0.8360309851806573,0.1093565714529712
ture_w_speed,41755,44251,0.8988750888945866,0.1507341104704781
ture_w_speed,41755,47707,0.8688871956836192,0.039876809100018056
ture_w_speed,41819,42075,0.8252456176122192,-0.11667036458556947
ture_w_speed,41819,42459,0.9327160257000807,-0.17082747280529947
ture_w_speed,41819,43803,0.8785728902403475,-0.019557949343779697
ture_w_speed,41819,44123,0.8540154882802469,0.22560726723273203
ture_w_speed,41819,44315,0.8961155777047818,0.058661560127613414
ture_w_speed,41819,44571,0.9696479559458544,-0.039446268676920755
ture_w_speed,41819,44699,0.9518744844906,0.1134003239027305
ture_w_speed,41819,45659,0.9605632384096556,-0.029093784148304342
ture_w_speed,41819,45915,0.935167123368133,-0.47048889717366904
ture_w_speed,41819,46235,0.9025132041195124,-0.01634957355439057
ture_w_speed,41819,46875,0.8374094090649252,-0.3991644775832643
ture_w_speed,41819,47771,0.9410623025079878,-0.08836129189417043
ture_w_speed,41883,46619,0.8035982673353899,-0.1519293899473719
ture_w_speed,41947,42843,0.8244960242453726,0.0710225049364354
ture_w_speed,41947,43163,0.8014952062193712,0.24627226438876232
ture_w_speed,41947,43931,0.8621458156708371,0.07338581698458022
ture_w_speed,41947,44507,0.8730243739540482,0.08601123981814346
ture_w_speed,41947,47067,0.883138585588925,-0.07776920517842036
ture_w_speed,42075,43803,0.8016862157823328,-0.1986264058055172
ture_w_speed,42075,44123,0.9898342600877468,0.14078987041928018
ture_w_speed,42075,44315,0.8997120852934498,-0.040388366038625195
ture_w_speed,42075,44571,0.8990028575988774,-0.1735513649091717
ture_w_speed,42075,44699,0.8214544991232291,-0.2016466374034055
ture_w_speed,42075,46427,0.8240223239711786,0.14843912990289618
ture_w_speed,42075,46875,0.896944209598949,0.22610216518709467
ture_w_speed,42267,42651,0.9691939506476471,-0.13711054318182292
ture_w_speed,42267,43611,0.881662573537892,0.04031290241034626
ture_w_speed,42267,44507,0.8659249856520509,-0.17131175924386757
ture_w_speed,42267,44891,0.9166028640192057,0.0034642213179192556
ture_w_speed,42267,45851,0.9501170869944219,-0.08556543386110944
ture_w_speed,42267,46491,0.8674033414113081,0.09175342214065721
ture_w_speed,42267,46939,0.8341438781141445,-0.1101492251797021
ture_w_speed,42267,47643,0.8710180118800201,0.15434839178269444
ture_w_speed,42267,48603,0.972558166212217,0.10099788662519239
ture_w_speed,42331,43291,0.8452529910767252,-0.17124927713381122
ture_w_speed,42331,43483,0.8888148919552035,-0.07775758680801308
ture_w_speed,42331,43675,0.9385352657207131,0.27444607723022807
ture_w_speed,42331,44251,0.8608966319225543,-0.19724076429348042
ture_w_speed,42331,45211,0.8063254452594969,0.14335160003136196
ture_w_speed,42331,45275,0.9012689066115182,-0.004439535094704493
ture_w_speed,42331,47131,0.9349056868011494,0.15766055178250377
ture_w_speed,42331,47387,0.8583881220545383,-0.21471365977016488
ture_w_speed,42331,47579,0.8022774592784432,0.07663168107298153
ture_w_speed,42331,47707,0.8890223283162829,-0.24834399032716462
ture_w_speed,42331,48283,0.9639201865694511,-0.11013842974113804
ture_w_speed,42395,46107,0.8835893867676291,0.1998645950011906
ture_w_speed,42395,46171,0.820231702257556,0.16511071774638097
ture_w_speed,42459,42523,0.8894530319795177,0.14877143888801841
ture_w_speed,42459,43419,0.824096106755642,0.2946490900404687
ture_w_speed,42459,43803,0.8031090700423037,0.08303756581919428
ture_w_speed,42459,44571,0.918416558354505,-0.21946141848273376
ture_w_speed,42459,44699,0.9525420412025444,0.001279975152657804
ture_w_speed,42459,45339,0.8227747424754018,0.0691731437261042
ture_w_speed,42459,45659,0.828824968427118,0.19913326896322014
ture_w_speed,42459,46235,0.8864656326607576,-0.05388217134118271
ture_w_speed,42459,46683,0.8248992043254387,-0.35808453185526445
ture_w_speed,42459,47003,0.8800046721655067,0.05010317776862885
ture_w_speed,42459,47771,0.9742752910871613,0.097352054745546
ture_w_speed,42523,43419,0.8382288031971655,-0.10669242210641583
ture_w_speed,42523,44699,0.8559459862033058,-0.1129127994836836
ture_w_speed,42523,46811,0.860895057979306,-0.03043647491107974
ture_w_speed,42523,47771,0.8283347392665152,0.07976672391226751
ture_w_speed,42651,43611,0.9224500677361378,-0.16860435723575073
ture_w_speed,42651,44507,0.9267131620018473,0.13411651877993042
ture_w_speed,42651,44891,0.9257249849800337,0.24415829985778773
ture_w_speed,42651,45723,0.9140555870323837,-0.4460712594844123
ture_w_speed,42651,45851,0.9797600644501562,0.08780160160283114
ture_w_speed,42651,46491,0.8033123099011373,-0.12440610449548369
ture_w_speed,42651,46939,0.8922319913990555,0.05344553104628587
ture_w_speed,42651,48155,0.8119423620270374,0.0784388307404542
ture_w_speed,42651,48603,0.952860559454241,-0.04056770963178243
ture_w_speed,42715,42779,0.8702606524493167,0.08049321886831666
ture_w_speed,42715,45595,0.8161348910252921,0.0799358870655953
ture_w_speed,42779,47323,0.8072990454854192,0.18843761560088168
ture_w_speed,42843,43931,0.9592180152855105,0.10166906555414587
ture_w_speed,42843,44507,0.8657484367766705,-0.2593403000825717
ture_w_speed,42843,45787,0.8307833005320483,0.038810772998051184
ture_w_speed,42843,47067,0.9616923618629609,-0.03128129031470876
ture_w_speed,42843,48219,0.9325743586722488,0.23397763672227845
ture_w_speed,42843,48475,0.8423691436226017,-0.03005755422876303
ture_w_speed,42907,43227,0.9298280080982372,0.10035645703549018
ture_w_speed,42907,43483,0.9236748792235594,-0.09057955742348874
ture_w_speed,42907,44763,0.8018501764524113,0.07305649517588717
ture_w_speed,42907,45339,0.9650696517439439,0.08630887414976011
ture_w_speed,42907,45403,0.9720115446726353,0.1228470439733421
ture_w_speed,42907,46235,0.8935560753725084,0.0028580032457261105
ture_w_speed,42907,47003,0.840640706038109,-0.04516524665218666
ture_w_speed,42907,47131,0.8927704145606952,0.150388064050846
ture_w_speed,42907,47387,0.9456836798620446,-0.12611084433623118
ture_w_speed,42907,47771,0.8085792880914847,0.16716306370391124
ture_w_speed,42907,47963,0.9147470625678608,-0.03372847693366106
ture_w_speed,42907,48539,0.8216928038348269,0.11729412580653295
ture_w_speed,43099,46043,0.9111048680720123,-0.0440785166533549
ture_w_speed,43227,43803,0.846733691737735,-0.15501016317611788
ture_w_speed,43227,44571,0.827694118235299,-0.32838422872914375
ture_w_speed,43227,45019,0.8925123043251106,-0.10584026909531394
ture_w_speed,43227,45403,0.8761389060460443,-0.01113642448465044
ture_w_speed,43227,45915,0.801777685596723,-0.09029156026453537
ture_w_speed,43227,46235,0.9223926517935845,0.07764397270377585
ture_w_speed,43227,47771,0.8100512900101855,-0.1339869116526961
ture_w_speed,43227,48539,0.8383265047300913,0.27393369849213944
ture_w_speed,43291,44635,0.9116337505238903,0.007894836249153549
ture_w_speed,43291,45211,0.8533268657441894,0.2789930107882075
ture_w_speed,43291,45275,0.8290960203269291,0.23656412945996383
ture_w_speed,43291,47707,0.9689788486251133,-0.028510550368371385
ture_w_speed,43355,44379,0.8503183205113872,0.21959339977323267
ture_w_speed,43355,46875,0.8193607729148126,0.24609702083459825
ture_w_speed,43355,47195,0.9069326836491204,0.04651113544150582
ture_w_speed,43419,43995,0.8147554533497915,0.29307343767076977
ture_w_speed,43419,44699,0.8408241641730915,0.2320898507218512
ture_w_speed,43419,45083,0.9028404584509071,0.24090503718637898
ture_w_speed,43419,45467,0.8888068424452764,-0.12454413679151685
ture_w_speed,43419,46683,0.9060368418117353,0.056027407030783294
ture_w_speed,43419,46811,0.9238343606964581,0.14393547917403968
ture_w_speed,43419,48027,0.8943949453045145,-0.1093751350610848
ture_w_speed,43483,44763,0.8147253859801885,-0.23679200333070669
ture_w_speed,43483,45019,0.9349436450575029,-0.05335927535486583
ture_w_speed,43483,45275,0.9106967813906364,-0.04427623614139567
ture_w_speed,43483,45339,0.803726939207461,-0.06473766915599984
ture_w_speed,43483,47131,0.9672707260774778,-0.02311211391499047
ture_w_speed,43483,47387,0.9679958223031452,-0.23748839894483173
ture_w_speed,43483,47963,0.9090262439663296,-0.026325847704807618
ture_w_speed,43483,48539,0.8489684932175267,0.13678805437558617
ture_w_speed,43611,44507,0.8189304032024757,0.27602106353948114
ture_w_speed,43611,44891,0.9642567608574237,0.1633332608919685
ture_w_speed,43611,45723,0.8993283179051271,0.20719742703319435
ture_w_speed,43611,45851,0.9058978278662819,0.1181477088266542
ture_w_speed,43611,46491,0.8626379764792506,-0.20820158490601304
ture_w_speed,43611,46939,0.8149040367051944,0.016692740163483884
ture_w_speed,43611,48155,0.8693191459593016,-0.03565345268223405
ture_w_speed,43675,45211,0.8416978503726714,-0.10980703160546727
ture_w_speed,43675,45275,0.9221729650385156,0.26664955581750116
ture_w_speed,43675,47131,0.9811662566487702,0.27155697725611433
ture_w_speed,43675,47387,0.9696392749610331,-0.4755872712596335
ture_w_speed,43675,47707,0.8317907615565355,-0.21940315272466726
ture_w_speed,43675,47963,0.8569621887839892,0.11939165452349626
ture_w_speed,43675,48283,0.9325568082845395,0.1741320308742629
ture_w_speed,43675,48539,0.8212068038216644,0.15873302811468556
ture_w_speed,43803,44123,0.8125833921377389,0.019592255796161032
ture_w_speed,43803,44315,0.8274779819881658,-0.02494867242523845
ture_w_speed,43803,44571,0.8937332584615942,0.28652367193164746
ture_w_speed,43803,44699,0.8588833018088599,0.11437921891758648
ture_w_speed,43803,44827,0.8128362007163877,0.15324922341159736
ture_w_speed,43803,45659,0.8219475921257404,-0.1604503533155753
ture_w_speed,43803,45915,0.8060875937130286,0.16487126380780562
ture_w_speed,43803,46235,0.8032841400170736,0.2993342580969522
ture_w_speed,43803,46875,0.8151600391326237,-0.21751322404461276
ture_w_speed,43803,47771,0.8228166421914926,0.1967822523644585
ture_w_speed,43931,44507,0.8330705750751273,0.03959096009021004
ture_w_speed,43931,46171,0.8245051181160101,0.12858425380735314
ture_w_speed,43931,47067,0.9661085021982754,-0.10644486891032554
ture_w_speed,43931,48219,0.8531914081549863,-0.028765590120634097
ture_w_speed,43931,48475,0.8977487887289,0.18400057694447877
ture_w_speed,43995,46683,0.8864632021216873,0.13211076802472935
ture_w_speed,44123,44315,0.9039576401519901,0.0755151670920618
ture_w_speed,44123,44571,0.9205106064582741,0.08520270103113887
ture_w_speed,44123,44699,0.8702630173235213,-0.0577421470731195
ture_w_speed,44123,46875,0.8731513712950223,0.09073247046933709
ture_w_speed,44187,44955,0.8639813001619159,0.2861725285608206
ture_w_speed,44251,46363,0.8042965871905519,-0.4741125537831915
ture_w_speed,44251,47707,0.8372818426650236,0.01234156266457823
ture_w_speed,44315,44379,0.853845989578759,0.10722119259362631
ture_w_speed,44315,44571,0.9260479178037173,0.017978036969713965
ture_w_speed,44315,44699,0.851882617362805,0.2628537117567455
ture_w_speed,44315,45659,0.890125428209806,0.2770524241746783
ture_w_speed,44315,46235,0.8225356418864228,-0.14799677821610116
ture_w_speed,44315,46875,0.8976327433529843,-0.06777336167472317
ture_w_speed,44379,46235,0.8321194878159123,0.18952680110396003
ture_w_speed,44379,46875,0.8982393486729875,-0.03204149718740247
ture_w_speed,44379,48539,0.8865174592766613,-0.14782701872634402
ture_w_speed,44507,44891,0.8623872381373259,0.05664470236310336
ture_w_speed,44507,45851,0.9640404085646126,-0.14707551457145515
ture_w_speed,44507,46939,0.8129924690214008,0.23353749575462057
ture_w_speed,44507,47067,0.923215772128342,-0.04732566742640588
ture_w_speed,44507,48219,0.9050623485719983,-0.008123730450249677
ture_w_speed,44507,48603,0.8297558824620617,0.2986392584447344
ture_w_speed,44571,44699,0.9529348965408132,0.27844862940717774
ture_w_speed,44571,45659,0.8997077587475681,-0.24621604971617012
ture_w_speed,44571,45915,0.9160275505389768,0.20538138746428136
ture_w_speed,44571,46235,0.9190195925523175,0.23043913663180668
ture_w_speed,44571,46875,0.8986202712715041,-0.1848512379179656
ture_w_speed,44571,47771,0.9073034645781436,-0.04218856835364682
ture_w_speed,44635,45211,0.926418088097068,-0.010800168593498525
ture_w_speed,44635,45275,0.8407694535012633,0.2026037516992383
ture_w_speed,44635,45403,0.8039766152856432,0.26006052050870054
ture_w_speed,44635,46747,0.8021266154504131,0.006928912629335244
ture_w_speed,44635,47131,0.8443471192787899,0.009016144606729198
ture_w_speed,44635,47707,0.8785415151172321,-0.31084226834291157
ture_w_speed,44699,45659,0.846611703586314,0.024348540173540222
ture_w_speed,44699,45915,0.8591956344536096,-0.027580173466429443
ture_w_speed,44699,46235,0.837508758767384,0.14189782466348055
ture_w_speed,44699,46683,0.8732889515695625,0.03168400687352216
ture_w_speed,44699,47771,0.9037259399587516,0.13890315010723672
ture_w_speed,44763,45019,0.8669596429916099,-0.2449313068305343
ture_w_speed,44763,45403,0.8008835203280918,-0.13350256181090667
ture_w_speed,44763,45915,0.8143196758268754,-0.2192805857577815
ture_w_speed,44763,47387,0.8492868751713435,0.1529947852570843
ture_w_speed,44763,48539,0.8589026953006781,0.04879792939525386
ture_w_speed,44827,47771,0.8215056832892789,-0.07236848830522538
ture_w_speed,44891,45723,0.9152056369283502,-0.3153880930476088
ture_w_speed,44891,45851,0.936807720382235,0.006020134202130794
ture_w_speed,44891,46491,0.8604012886173285,0.03616265547587855
ture_w_speed,44891,47643,0.8167364095918759,0.16114225734332918
ture_w_speed,45019,45275,0.8123885102483758,0.2062492590920937
ture_w_speed,45019,45339,0.9383065570383188,0.06081980535662564
ture_w_speed,45019,45403,0.9736462899581221,0.05803792853548428
ture_w_speed,45019,45915,0.8139998781997905,-0.17791699709641015
ture_w_speed,45019,46235,0.8840071736969358,-0.11493720601530759
ture_w_speed,45019,47003,0.857793530201165,0.02815984271901109
ture_w_speed,45019,47131,0.8887280894868783,0.2946429813700273
ture_w_speed,45019,47387,0.9569162458888926,-0.0312862046259473
ture_w_speed,45019,47963,0.922965148445494,0.007729376480268932
ture_w_speed,45019,48539,0.8295634640361492,0.027731523492458346
ture_w_speed,45083,45467,0.9405573214921188,0.1444805203355605
ture_w_speed,45083,46811,0.9445825616877477,-0.15703953156732445
ture_w_speed,45083,48027,0.910901424665375,-0.2309227391526412
ture_w_speed,45211,45275,0.8312600651686388,-0.09765179895369018
ture_w_speed,45211,45403,0.8584487562397412,0.011310654203441722
ture_w_speed,45211,47131,0.8653177542248549,0.2663471037329829
ture_w_speed,45211,47387,0.8748057480316583,0.01313646199121731
ture_w_speed,45211,47707,0.8899423838191368,0.07508817253818345
ture_w_speed,45275,45403,0.8002214717484906,-0.07060008231145051
ture_w_speed,45275,47131,0.9545661424032547,0.24229720306993027
ture_w_speed,45275,47387,0.8532912460668258,-0.2495996967690193
ture_w_speed,45275,47707,0.8138595351923953,-0.12852561458468098
ture_w_speed,45275,47963,0.831920182761473,0.1416130847694736
ture_w_speed,45275,48283,0.9097262452168077,0.08452192105001903
ture_w_speed,45339,45403,0.9414841678187392,0.09270699389489005
ture_w_speed,45339,45915,0.8111570813421841,0.095427524263812
ture_w_speed,45339,46235,0.9030494432592034,0.26403915748118173
ture_w_speed,45339,47003,0.8505392409717389,-0.08942349090856759
ture_w_speed,45339,47387,0.8533500139701866,0.11435226961677616
ture_w_speed,45339,47771,0.8716224991527467,0.08608301189208556
ture_w_speed,45339,47963,0.8647309242861825,-0.0344408022273801
ture_w_speed,45403,46235,0.8032695991593032,-0.03843473090149597
ture_w_speed,45403,47131,0.8991089962373922,-0.1027758316628416
ture_w_speed,45403,47387,0.9637573209225411,-0.11060002658128591
ture_w_speed,45403,47963,0.8865714316654701,-0.05634290450966134
ture_w_speed,45467,46299,0.8204206464366863,0.19283253976414108
ture_w_speed,45467,46683,0.8726023557123069,0.2554294174317828
ture_w_speed,45467,46811,0.9022595516252035,0.16162637090716422
ture_w_speed,45467,48027,0.9366044659439485,0.23363519224578436
ture_w_speed,45531,48411,0.8672750664587907,-0.0853769614976805
ture_w_speed,45659,45915,0.9191755922201142,0.07798466787650914
ture_w_speed,45659,46235,0.8610566459313713,-0.148544629173808
ture_w_speed,45659,46875,0.8256833663325758,0.2792426927679103
ture_w_speed,45659,47771,0.8724163085629465,0.1537988290941471
ture_w_speed,45723,45851,0.8864514789789116,0.14722446128278596
ture_w_speed,45723,46939,0.9119468247423467,-0.05584492060427128
ture_w_speed,45723,48603,0.9746232905413434,-0.08686232114611567
ture_w_speed,45851,46939,0.8517459287627395,-0.25766863526365635
ture_w_speed,45851,47067,0.8394350675460664,-0.056846281764278125
ture_w_speed,45851,47643,0.800159541924893,0.0009104697379026264
ture_w_speed,45851,48603,0.9256085198320102,-0.29664244910676113
ture_w_speed,45915,46235,0.9430983407993373,-0.2060923595159222
ture_w_speed,45915,46875,0.8383729318799134,-0.012846975878378165
ture_w_speed,45915,47003,0.8849142142465034,0.08872328765970286
ture_w_speed,45915,47771,0.9574401699934016,0.2422108530692477
ture_w_speed,46043,48219,0.8120096152362626,0.022863913095921253
ture_w_speed,46043,48475,0.823361428098478,0.2683626289081126
ture_w_speed,46107,48219,0.8807155668744767,-0.09529618082247672
ture_w_speed,46171,48475,0.909246762864127,0.13823078414763912
ture_w_speed,46235,46875,0.8157451273906726,0.17301048861807938
ture_w_speed,46235,47003,0.884182698205913,-0.14627466501962563
ture_w_speed,46235,47771,0.9288795577182718,-0.10966085777554453
ture_w_speed,46235,47963,0.833512808751865,-0.1337877354102589
ture_w_speed,46235,48539,0.8136535899892493,0.012862765377343724
ture_w_speed,46299,47451,0.8185646224423028,-0.08884611696421811
ture_w_speed,46299,47643,0.8327145188379467,0.09966416146103974
ture_w_speed,46363,47579,0.8714720983342693,0.05781572713478326
ture_w_speed,46427,46875,0.813912393200766,-0.07767245497631485
ture_w_speed,46427,48091,0.8119595213304398,-0.1234136061750848
ture_w_speed,46491,46619,0.9466739646407168,0.15313022488154582
ture_w_speed,46491,47451,0.8638210993841688,0.11609241127039481
ture_w_speed,46491,47643,0.8995318886650007,0.05305780408098223
ture_w_speed,46491,48603,0.8824397685681051,-0.033786978508515766
ture_w_speed,46619,47451,0.8245704220915386,0.034464528387766036
ture_w_speed,46619,47643,0.8019128008853876,0.1620271786758863
ture_w_speed,46683,46811,0.8132389788658332,0.2526934031926541
ture_w_speed,46811,48027,0.8413701830225048,0.21039402031009188
ture_w_speed,46939,48219,0.8844176366211438,-0.03600995432983339
ture_w_speed,46939,48603,0.8765563028740757,0.14296842996118453
ture_w_speed,47003,47771,0.9102805808917432,-0.2295650029224542
ture_w_speed,47003,47963,0.9299059336476829,-0.025801899765515928
ture_w_speed,47067,48219,0.9063283439806266,-0.30394591975896307
ture_w_speed,47067,48475,0.8180638593411754,-0.14834699858206396
ture_w_speed,47131,47387,0.9460800242941352,-0.1773798365887156
ture_w_speed,47131,47707,0.8584635471315015,0.03578618069545992
ture_w_speed,47131,47963,0.8855617963733465,0.15950694747785218
ture_w_speed,47131,48283,0.9243094719526557,-0.1401931808976416
ture_w_speed,47323,47515,0.9487009463854251,0.12518247963257825
ture_w_speed,47323,47579,0.9019743124702624,0.08975550972574402
ture_w_speed,47387,47963,0.8860716033759577,0.08647233909332074
ture_w_speed,47387,48283,0.8293791045051102,-0.1703761086917536
ture_w_speed,47387,48539,0.8335480872495208,0.020036186563099374
ture_w_speed,47451,47643,0.9338697525058027,0.11231420901325419
ture_w_speed,47515,47579,0.9172304927954501,0.04874165699682739
ture_w_speed,47579,48539,0.8543729424253925,0.28952047264225433
ture_w_speed,47643,48603,0.8382326692967583,-0.048647181037493395
ture_w_speed,47707,48283,0.8275541113742323,0.04954554988902875
ture_w_speed,47771,47963,0.8048648426820257,0.27856469308718285
target,38939,48091,0.8479647151631269,0.13696017927204915
target,39067,42075,0.8684775725304513,0.24833022708131333
target,39131,40987,0.8408576651450864,0.09759195751704972
target,39131,43995,0.8046764635488171,0.16360197152226796
target,39131,44699,0.8351803230101222,0.23439096674412624
target,39131,46683,0.9151251651320887,0.08223752891530733
target,39195,41947,0.9515717071476117,0.11539040253475304
target,39195,43099,0.938448645057614,0.039344380514059356
target,39195,44443,0.9456248325895653,-0.024004968637168184
target,39195,46043,0.9268978894262427,0.295396396005973
target,39195,46171,0.9854961275612616,0.27231805456959984
target,39195,48219,0.8062896264390929,0.2106940006580155
target,39259,39387,0.9672549242202654,-0.12039819279582341
target,39259,39515,0.8126063775261994,0.2124573499408782
target,39259,39707,0.8880760734355131,-0.10816080337806859
target,39259,40027,0.9297219806479469,-0.007348183231713286
target,39259,40283,0.9325549999061852,-0.04439631503083673
target,39259,40795,0.8638746533642686,-0.05835475021297505
target,39259,41435,0.95937860972483,0.16383708777671796
target,39259,42331,0.8492674039372131,-0.05373029168298197
target,39259,42907,0.9307642273558515,-0.014358475829283644
target,39259,43227,0.9243164848095353,0.22586714426511917
target,39259,43483,0.9644862657114336,-0.017464648045107237
target,39259,43675,0.9355713948862847,-0.07366733491687763
target,39259,44763,0.8766426354348753,0.1537981391410826
target,39259,45019,0.9314670050117834,0.2389136077134089
target,39259,45403,0.9155191790357339,-0.16140211891710152
target,39259,46235,0.9291845721937981,0.0557060505809371
target,39259,47131,0.8133275658530714,0.14430166241832376
target,39259,47387,0.9131723318248869,0.10707707393784174
target,39259,47963,0.8204270431857237,0.015968309408804844
target,39259,48539,0.9561415399194679,0.1808463104857032
target,39323,39771,0.938945421496356,-0.2350940962251534
target,39323,40539,0.9204739202126542,0.2629603182557993
target,39323,41179,0.9695643506726501,-0.44447739850842444
target,39323,41499,0.9516817106064427,-0.10384082128853878
target,39323,41691,0.8597602215735018,-0.1181618578902265
target,39323,42651,0.9227773895558535,-0.26087000070156463
target,39323,42843,0.8340483933832052,-0.35977230450081527
target,39323,43611,0.8891129487097544,0.1484866947625022
target,39323,44507,0.8827624069315927,0.028781831056984872
target,39323,44891,0.8703623905550967,-0.5501699721060548
target,39323,45851,0.9312857546018862,0.05469930575761361
target,39323,46939,0.9808046903618626,0.10977758908409445
target,39323,47067,0.9348101088456754,-0.0438166135719502
target,39323,48219,0.8716544522853438,-0.2087338309258032
target,39323,48603,0.9299681777935114,0.07585125499808734
target,39387,39707,0.908785262948872,0.034641198959250774
target,39387,40027,0.9292281700578798,-0.16691023663134105
target,39387,40283,0.9243254601291305,0.2890536443753175
target,39387,40795,0.8837822676249436,-0.3813739746319345
target,39387,41115,0.8072418372584281,0.15331054116955936
target,39387,41243,0.8329311561598387,-0.03985848724452253
target,39387,41435,0.9727737109522907,0.18460618118449093
target,39387,41563,0.9545429155994496,-0.2924384561664045
target,39387,42331,0.8811847259637513,-0.004497393101134839
target,39387,43227,0.9024891927009061,0.21922181059150286
target,39387,43483,0.9799834804925448,-0.08144151784396547
target,39387,43675,0.9384456760466651,-0.04954791605414048
target,39387,44763,0.9098875427950849,-0.014329426215940761
target,39387,45403,0.9512952381720706,-0.08592071322002683
target,39387,46235,0.9049927772625894,-0.2689243730676245
target,39387,46363,0.8273393264740154,0.09027173971080185
target,39387,47387,0.9606167190033038,0.1759734816835205
target,39387,47963,0.860449094041194,0.271238980237096
target,39387,48283,0.837761540107442,-0.45977720026472646
target,39387,48539,0.9233299499157361,-0.1295974691477585
target,39451,41627,0.8708977542772879,0.15512219961800527
target,39451,42587,0.859978666770296,0.29272762147370684
target,39451,45467,0.8378633043651479,0.07501144519633224
target,39451,46299,0.8228230598336003,0.09648085908700858
target,39451,48027,0.8730889478143163,-0.12978058359825728
target,39515,40283,0.9384160441565401,0.19532608284509267
target,39515,41307,0.8576836523765778,-0.24716512009812538
target,39515,42331,0.824476872517264,-0.03492551992275211
target,39515,43483,0.8370276119049962,-0.20803352630794592
target,39515,43675,0.8681388945013185,0.13170572657216384
target,39515,45979,0.8074116324212746,0.21240809735111726
target,39515,47515,0.8677024871192789,0.10401433282415201
target,39515,47579,0.8283589142509846,-0.2420600893453084
target,39515,48283,0.8905104482565804,-0.009519103167267185
target,39643,40091,0.8258599758622311,0.07130054966411309
target,39643,46491,0.878313959867958,0.028832672616075885
target,39707,40027,0.8441428765627726,-0.20556756556013128
target,39707,40347,0.941476872035339,-0.02036775857039679
target,39707,41115,0.9463565492609782,-0.12826796077881775
target,39707,41307,0.8448484449932442,0.04591599008057537
target,39707,41435,0.8017630153673166,-0.08944793401082148
target,39707,41563,0.9573184649333849,0.03139875422762394
target,39707,42331,0.8829021871608745,0.2706994084531992
target,39707,42907,0.813058491178622,-0.11215775324784995
target,39707,43227,0.9119948218058352,-0.3396652999520395
target,39707,43483,0.8615263172482263,-0.20228389457120255
target,39707,43675,0.9339977503039029,0.06606811437036263
target,39707,44763,0.8321976491232987,-0.05194650952880606
target,39707,45019,0.8136617582012743,0.014929904814767895
target,39707,45403,0.8292927366830093,-0.3870256203315668
target,39707,46363,0.8514569117818094,0.16408239263581512
target,39707,47387,0.9611459564125453,0.08888630900531407
target,39707,47579,0.8815198197035901,0.08720118107656422
target,39707,48539,0.9411364105053573,-0.45782958562076365
target,39771,40411,0.9168012783566846,-0.12145171903918857
target,39771,40539,0.8798869222592116,-0.13198843314819927
target,39771,41179,0.9132787342605365,-0.1493140082217118
target,39771,41499,0.9481820947690431,0.12048507040477628
target,39771,41691,0.8773896051795526,-0.3303497865473658
target,39771,42267,0.9379258102475945,0.17384248449995376
target,39771,43611,0.9483195814163247,0.1921929677880571
target,39771,44507,0.9165165432746901,-0.07845832684869272
target,39771,45723,0.8962157511663266,0.18339097468302862
target,39771,45851,0.9874412015744258,-0.07820455328525619
target,39771,46491,0.8226393613420447,0.17151690635138359
target,39771,46939,0.8915121900739812,-0.09634226108653134
target,39771,47067,0.9098682124986708,-0.034274858655623464
target,39771,48155,0.8254279365472722,0.07894450131761753
target,39771,48219,0.8178535275386889,0.11966756123953788
target,39771,48603,0.9177083491265003,0.059364804859535124
target,39835,39899,0.9287719173753006,0.08109731255416035
target,39835,41819,0.8928224706171325,0.13764158587061665
target,39835,42459,0.9514858434000698,0.03848608393657901
target,39835,42523,0.9227012799699744,0.18241876731192577
target,39835,44699,0.8331361853286666,-0.005701150072006686
target,39835,45467,0.8184588179765391,-0.2528925145296865
target,39835,46811,0.9088141856375155,0.21816151065985245
target,39835,47771,0.8855261303529135,-0.005847270555862837
target,39899,41819,0.8983825142377019,0.21778348022857588
target,39899,42459,0.8556699425013792,-0.1879909418071142
target,39899,42523,0.9594487625750113,0.01978152546562169
target,39899,44699,0.8411378341667396,0.1344609208302844
target,39899,44827,0.8368806947474746,-0.08154438772011455
target,39899,45147,0.8129752915053713,0.07186819962459834
target,39899,45467,0.8085060232716034,0.20230697388299465
target,39899,46683,0.8826023679371511,0.06987610845429428
target,39899,46811,0.9203025688720481,-0.18709050168080918
target,39963,42267,0.8145681090127959,-0.23335732876097692
target,39963,42651,0.8362218675572046,-0.004963383544091219
target,39963,44955,0.8922251258784144,0.251417401964973
target,39963,45851,0.8096304587965123,-0.056308470626360414
target,40027,40795,0.9235286769754858,-0.04905880998480232
target,40027,41435,0.9182784164927664,0.191074723642979
target,40027,41563,0.872481527437599,-0.07805507182386927
target,40027,42907,0.9329696270117507,-0.1381107654019687
target,40027,43227,0.9179836190540916,-0.33333630238174133
target,40027,43675,0.8176101883551937,-0.029999361616241907
target,40027,44763,0.8137934607172714,-0.22124415579294882
target,40027,45019,0.9309609200197575,-0.25224940125205114
target,40027,45339,0.8090931539355294,-0.0007124558850957587
target,40027,45915,0.8533122788144984,0.15923947117831672
target,40027,47003,0.845579742041022,-0.1471058558189886
target,40027,47387,0.8605343353071357,-0.12852913316004674
target,40027,47963,0.8486504462436884,0.24990342828443118
target,40027,48539,0.9230760181817824,0.02883280028944147
target,40091,40155,0.9471605207709599,-0.08877852075215732
target,40091,40667,0.8613653242722696,0.14379157020391678
target,40091,40859,0.9241151807360746,0.11594449593837557
target,40091,41691,0.8510418370556058,-0.05846922594741618
target,40091,43611,0.8252677362977743,-0.030968678830647443
target,40091,46491,0.9180542538225425,-0.031309749091178084
target,40091,46619,0.9226419302319886,0.22194870053140908
target,40091,47643,0.8130934447353924,0.2154057944069557
target,40155,40667,0.8305351529041715,0.18199934915092264
target,40155,40859,0.9611295035137146,0.08732251951329344
target,40155,41691,0.884109688255755,-0.034384131911202924
target,40155,43611,0.8192512668526182,0.11353556545967698
target,40155,46491,0.8514287785320171,0.09708659993615538
target,40155,46619,0.831862941579774,-0.15391593792077082
target,40155,48155,0.8039968477449598,0.18517920531397072
target,40283,40475,0.8050949719709248,-0.3234094805563585
target,40283,41243,0.824408007772074,0.04460459580717391
target,40283,41307,0.8189956128540234,0.07831558210056337
target,40283,41435,0.923681415857663,-0.13536305880300997
target,40283,41563,0.927147304830883,0.021247725379452017
target,40283,42331,0.8977760256863159,0.26398708632605616
target,40283,42907,0.8182645821485046,0.16757621513665
target,40283,43483,0.9678571298010579,-0.09215968409687549
target,40283,44763,0.8055948476856631,0.10355598120687494
target,40283,45019,0.8072661449334061,0.07083652367114633
target,40283,45403,0.809147401059086,-0.25234950330930217
target,40283,46363,0.8298252064297594,0.2848535930770828
target,40283,47131,0.8490385842782802,0.18367480207203873
target,40283,47387,0.892844811283277,-0.37254443943507165
target,40283,47579,0.8136061903198623,0.17410408610175263
target,40283,48283,0.9325099895419029,-0.20400645263444214
target,40283,48539,0.8676062477715769,0.0019019585688605752
target,40347,41243,0.8363851939403564,0.08550891452473999
target,40347,41307,0.8408182905346058,0.1761205349563292
target,40347,41563,0.8670076840421509,-0.48947214909222897
target,40347,42331,0.8887495594015101,-0.0004888953569745065
target,40347,43547,0.8306163463219848,0.25619934755696006
target,40347,43675,0.8769219690407423,0.0941091835494134
target,40347,46363,0.8361489502408009,-0.2794525365985382
target,40347,47387,0.911099349043205,0.09514588929115153
target,40347,47579,0.9154489078262952,0.07158647448263587
target,40347,48539,0.808733059439866,0.07095979228823754
target,40411,40539,0.9502221275579926,0.09805959202163547
target,40411,40731,0.8677472576980011,0.1710331522749089
target,40411,41051,0.8543032160890062,-0.01222887899807529
target,40411,41179,0.9141395304973299,0.058961734669676184
target,40411,41499,0.90701481765497,-0.3168523339549518
target,40411,42267,0.8673278475496736,0.24212973251317318
target,40411,42651,0.8816350285386343,-0.08978602230844318
target,40411,42843,0.8853018688346795,0.10993331872616459
target,40411,43739,0.8067095755473794,0.15427818652241906
target,40411,43931,0.8020100317505275,0.12347493808235399
target,40411,44507,0.9615356164324104,-0.0510166676186249
target,40411,44891,0.8164263359108497,-0.22309037800602954
target,40411,45851,0.9218497433218537,-0.31839744246562546
target,40411,46939,0.8555406632622282,0.12499373708554185
target,40411,47067,0.9618903897258057,0.06938639582483036
target,40411,48219,0.8763885781993165,-0.043377475756267804
target,40411,48603,0.8059701809282969,-0.18132510091525417
target,40475,41435,0.8256217524288808,0.1632681257390528
target,40475,46235,0.8299975508879239,-0.15781000722740188
target,40475,47963,0.8191256530532812,0.03824002617936934
target,40539,40731,0.9343783651392459,0.01304625987614785
target,40539,41051,0.8603658367505458,-0.36025249949898236
target,40539,41179,0.9333456869103081,-0.23106190812338592
target,40539,41499,0.936378852978139,-0.44597348958823735
target,40539,42267,0.8017567402856094,-0.33045909588600897
target,40539,42395,0.8412177452383006,-0.1377050088027074
target,40539,42651,0.8125675710364643,0.03715741221561265
target,40539,42843,0.9508421730450226,-0.3423567226781546
target,40539,44507,0.9569154314723853,0.11581731429978595
target,40539,45851,0.8775391490990945,0.21151764922415442
target,40539,46107,0.8253339690878757,-0.09606901967519225
target,40539,46939,0.8837993152182871,-0.10737860938010145
target,40539,47067,0.9317200079100617,0.04376556635765457
target,40667,40859,0.8003110958821698,-0.011755392293551346
target,40667,40987,0.8625612389849241,-0.3293489029090302
target,40667,41627,0.8693103019294418,0.08481139359313233
target,40667,42075,0.8393371278345818,0.044046556032094925
target,40667,46299,0.8194577154900118,-0.277111125231613
target,40731,41051,0.9350437233819036,-0.03473306699622613
target,40731,41179,0.8794331674214606,-0.13572054186419244
target,40731,41499,0.8084161223972648,-0.17099452859890638
target,40731,42395,0.8435990687167126,-0.20897320601110111
target,40731,42843,0.9356382895912525,0.258412191533993
target,40731,43739,0.8486186741125042,0.15481666055506885
target,40731,43931,0.8819008783931883,-0.1427992852292331
target,40731,44507,0.8796354633149497,-0.2621780551917832
target,40731,45787,0.9154541780672474,0.18409888178023703
target,40731,46107,0.8498863632846578,0.044683384425422974
target,40731,47067,0.8608356047969834,-0.05917274646205577
target,40731,48219,0.9213842689161984,0.1621911523687529
target,40795,41435,0.8737260460051282,-0.44216132282015164
target,40795,41819,0.897188170727239,-0.08730339745144576
target,40795,42907,0.9472898464253287,-0.6690686459509287
target,40795,43227,0.8994651211744433,-0.13642979084332524
target,40795,43483,0.804371723426716,-0.06222806682251477
target,40795,44699,0.8497469455644326,-0.02086565352991387
target,40795,44763,0.8674534799255922,0.25348356944499345
target,40795,45019,0.9558565613226881,-0.6151406754854709
target,40795,45339,0.8688377482083112,-0.3794381980480847
target,40795,45403,0.9156242099660729,-0.19509479197003435
target,40795,45659,0.9255157127525888,0.2418985641530696
target,40795,45915,0.9424273286207169,0.11810542140820456
target,40795,46235,0.9455177646719756,0.13661323892889557
target,40795,47003,0.9584531725382004,0.2921881916689803
target,40795,47771,0.9070820641440904,-0.1710352185897546
target,40795,47963,0.8602196525602144,0.0020983795138206185
target,40795,48539,0.8385946281927499,-0.23017094952382033
target,40859,41691,0.9179627968820805,0.27735343978298277
target,40859,42267,0.8106165393586601,-0.15705749745532477
target,40859,43611,0.8073486514664253,-0.26231746055919464
target,40859,46491,0.8112893873246281,-0.15212688750188075
target,40859,46619,0.8912119238202224,0.053339298845036846
target,40859,47835,0.8584860451451582,0.07627665525164772
target,40987,42075,0.8945910556992153,-0.11012147251162102
target,40987,44123,0.8497929087920034,0.19984049386539876
target,41051,42843,0.8434358846049762,-0.011463756836957599
target,41051,43931,0.8768773096824659,-0.12703336877248328
target,41051,44507,0.8782220269798768,0.19831956091226288
target,41051,47067,0.8160360176936129,0.11288306490192988
target,41051,47899,0.8126686522269471,-0.2423223158672592
target,41051,48219,0.8093820810860487,-0.5240461327403856
target,41115,41243,0.8484956284233424,-0.22188287067416054
target,41115,41307,0.9241845034946032,0.03454612033840849
target,41115,41563,0.9052306074673679,-0.19044144301937216
target,41115,42331,0.8855713833431955,0.10613623661720062
target,41115,43675,0.9111674584692304,0.06054279829865982
target,41115,46363,0.8486499708108274,-0.06860404164116089
target,41115,47387,0.9142784182604072,0.07947713193784532
target,41115,47515,0.8824892185497082,-0.04379173858321275
target,41115,47579,0.9515043220553712,0.05454297607250685
target,41115,48539,0.8876991289644328,0.0025166101203060363
target,41179,41499,0.9248067375679356,-0.06454185648779175
target,41179,42267,0.8724062102788952,-0.32138471358315907
target,41179,42651,0.85906789174476,0.06555679972395272
target,41179,42843,0.8788286187453507,0.20592567473201606
target,41179,43611,0.8476972675044757,-0.23294421763122083
target,41179,43739,0.8325097932079748,-0.04240477229156671
target,41179,44507,0.8818957605024066,0.17921220428688595
target,41179,45723,0.8935034455514065,-0.6173481775260714
target,41179,45787,0.8598973705187859,-0.06514487329045011
target,41179,45851,0.8993636024460252,-0.4122173700074821
target,41179,47067,0.9285244591591341,0.0059139513751488995
target,41179,48219,0.9021353556487428,0.07976684534149223
target,41179,48603,0.8991938539084888,0.22938274762695468
target,41243,41307,0.9113591443581441,0.08252323858994307
target,41243,41563,0.8652745167188978,-0.3876629783008438
target,41243,42331,0.8899946498336045,-0.02087438508335576
target,41243,43483,0.833393008241713,0.10307783517959893
target,41243,43675,0.8994514385048938,0.23575118068296544
target,41243,44763,0.8457307648564003,-0.4328084997633727
target,41243,46363,0.9370876256610053,-0.025501750400422598
target,41243,47387,0.8974548097090066,-0.12681920479672432
target,41243,47515,0.8037693826631199,0.2838869026989064
target,41243,47579,0.9239744379570469,-0.1683893063340421
target,41307,41563,0.8394127341458727,-0.263721733464649
target,41307,42331,0.8454298785725795,0.020287283266488435
target,41307,43675,0.8712539029896013,-0.007373200074961548
target,41307,46363,0.8737756089159342,-0.02846705581170002
target,41307,47387,0.8469752712410644,-0.06973979485442763
target,41307,47515,0.9267806579619337,-0.11857554164077262
target,41307,48539,0.8240996869145577,0.044608736915136775
target,41371,43291,0.9172067511560679,-0.34902788268694657
target,41371,44443,0.8562597165667106,0.26569036516039773
target,41371,44635,0.8174709326140778,0.03452023238414076
target,41435,41563,0.8967587330251622,-0.438498731461475
target,41435,42331,0.8147022746022174,-0.0253356337451178
target,41435,42907,0.9476431135148582,0.20561948486772916
target,41435,43227,0.8385639917755605,-0.2828214974650606
target,41435,43483,0.971065196769645,0.20338995081761382
target,41435,43675,0.8810730738476469,-0.09436172872955786
target,41435,44763,0.8959417780307912,-0.4166622562275576
target,41435,45403,0.9361940657813911,0.10153847768097453
target,41435,46235,0.9414643906390989,-0.15964947270209817
target,41435,47131,0.8894234460954245,0.21337318093364094
target,41435,47387,0.8852994599852382,-0.0899530183900825
target,41435,48283,0.830456283321075,0.06089585652924817
target,41435,48539,0.8731091081986424,-0.15485194224070076
target,41499,41691,0.8292104334756419,-0.07291737446562754
target,41499,42267,0.9072817571908708,0.2636280838847652
target,41499,42651,0.9257205290498275,0.08450646570152145
target,41499,42843,0.8487617102665426,0.12541319192069167
target,41499,43611,0.8797884577645116,0.16559976804046966
target,41499,44507,0.9333228634197339,-0.10282086818537735
target,41499,44891,0.8803575711994225,0.1341785764353318
target,41499,45723,0.8275828731253404,0.17141530120736578
target,41499,45851,0.9503493991606481,0.16793761211905586
target,41499,46939,0.9197487938603689,-0.097251022690938
target,41499,47067,0.874247097201889,0.0372290545118176
target,41499,48155,0.8533477178201047,0.2498208525362708
target,41499,48219,0.925433957466244,-0.23436483924079293
target,41499,48603,0.852075805089858,0.2678274890063723
target,41563,42331,0.9326623580537776,-0.07135510416066658
target,41563,42907,0.8692094430157533,-0.08880636885935923
target,41563,43227,0.9100572757981155,0.2007893400509482
target,41563,43483,0.9503443429976597,-0.13309979145801168
target,41563,43675,0.9841979970703092,-0.23256754098478985
target,41563,45019,0.8652463089850955,-0.21167074354472237
target,41563,45403,0.8766588639186585,-0.26322919011734147
target,41563,46235,0.8207062782830041,0.22448773714941764
target,41563,46363,0.8408845167281161,0.12961978962056206
target,41563,47387,0.9692920796112764,0.2436481557682676
target,41563,47579,0.8689733656822939,-0.07339491758213652
target,41563,48283,0.8902340073706491,0.0806442242205895
target,41563,48539,0.9550892649813668,0.056328333523363056
target,41627,46491,0.8444752459355869,-0.19597263690624386
target,41627,47643,0.811903120999501,-0.03716307775194751
target,41691,42267,0.9553135581065137,-0.06104300297528068
target,41691,42651,0.9422276619088799,0.01829497035281228
target,41691,43611,0.9479340918678801,-0.4967451168790322
target,41691,44891,0.8717073136704867,-0.20613327831222203
target,41691,45723,0.85335756474172,-0.26002826760278747
target,41691,45851,0.8784851821964891,0.052152127678246216
target,41691,46491,0.8595673986109377,0.17562372930870904
target,41691,46939,0.8303145796562439,0.06416475500611132
target,41691,48155,0.8496997175025496,0.2865116602950823
target,41691,48603,0.9363104859760882,-0.3380082035816553
target,41755,43291,0.8699047053118771,0.1899109599916994
target,41755,44443,0.8023484358866713,-0.19136932591078823
target,41755,47707,0.9623439026443532,-0.21558161788173671
target,41819,42459,0.9204628088938278,-0.19088917825986
target,41819,43995,0.8377159986664396,0.006394365753631394
target,41819,44315,0.8223281947608423,-0.10248182373731578
target,41819,44571,0.9243821935274501,0.003028694486669753
target,41819,44699,0.9519247522181404,0.12570122633167743
target,41819,44827,0.8671675036665175,-0.0348161237143555
target,41819,45339,0.8000662645876534,0.10567281979000832
target,41819,45659,0.9637782184303252,-0.2312627376599108
target,41819,45915,0.9399977454298754,-0.3096888005860349
target,41819,46683,0.8237590440242651,0.284676152229958
target,41819,47003,0.9416473680287782,-0.14151091755302023
target,41819,47771,0.9585042940322429,-0.05733506213820266
target,41883,45723,0.8408143151654534,-0.01617152655319887
target,41947,43099,0.9114789988340665,0.13461033135925338
target,41947,43931,0.954674247465294,-0.1266979429930175
target,41947,44443,0.8881820065840266,0.15988521387763815
target,41947,44507,0.8106719726374779,0.05573407443840989
target,41947,46171,0.9464085034285642,-0.17247678483661366
target,41947,48219,0.8246318497512977,0.18794384500157627
target,41947,48475,0.9638664624206362,0.10344501366858047
target,42075,44123,0.8517227903468373,0.16327083298439274
target,42075,48091,0.8523671219822928,0.0459224547576303
target,42267,42651,0.9707392015462121,-0.06717943622461336
target,42267,43611,0.9333683839940139,0.016781200434253372
target,42267,44507,0.8157006893859959,-0.37230701389487936
target,42267,44891,0.8800531963521703,-0.32717462797628416
target,42267,45851,0.9354420833613365,-0.11058587437691689
target,42267,46939,0.9123119754268272,0.016726324198993163
target,42267,47067,0.8696296168038371,0.07499053646139509
target,42267,48155,0.8416420289252783,0.11473335347408872
target,42267,48603,0.9475265278488743,-0.051104691681580355
target,42331,43483,0.9142890794794771,-0.03885178466360585
target,42331,43675,0.9732681247731584,0.15875814550011366
target,42331,44251,0.8755530486955778,-0.42830435046210513
target,42331,46363,0.8968116237633613,0.23182558042471746
target,42331,47131,0.8247124883614823,0.028001671431517057
target,42331,47387,0.9545799300105943,-0.22142432410549542
target,42331,47579,0.9162267635347322,0.17600300357126986
target,42331,48283,0.9443326124791444,-0.0176043626298949
target,42331,48539,0.8055675099658285,-0.13572287372073988
target,42395,42843,0.8419432258823122,-0.11864532835414288
target,42395,48219,0.8159014768379932,-0.6563643089641616
target,42459,42523,0.8875179316803228,-0.06118403812867467
target,42459,44699,0.8702364457604808,0.12957317655645514
target,42459,45915,0.8205603557376804,0.08280753800212501
target,42459,46683,0.8070264525516111,-0.3479850288573215
target,42459,46811,0.8108740130658396,-0.3828492215375216
target,42459,47003,0.9085128496283777,-0.09729805072168199
target,42459,47771,0.9556600002348821,0.10993654462048025
target,42523,44571,0.8468293487956433,-0.13038785385358748
target,42523,44699,0.920837923348884,0.12674890698870858
target,42523,45915,0.8250599055230272,-0.23810129247289247
target,42523,46811,0.8867988905237583,0.013677478252332554
target,42523,47003,0.8413936473895133,-0.16661168733269352
target,42523,47771,0.8514426271075168,-0.01183327807206205
target,42651,43611,0.951811120421407,0.008489780998314534
target,42651,44507,0.8753723891501106,-0.08168695254029995
target,42651,45723,0.8615389368927542,-0.1762539329678501
target,42651,45851,0.9823788837580452,0.2943476067234131
target,42651,46491,0.8608420630371606,-0.1547397407736538
target,42651,46939,0.8622329296314836,-0.03658077364047183
target,42651,47067,0.8686783865654745,0.057036510579594066
target,42651,47451,0.8107735762926598,-0.20913955274205479
target,42651,47643,0.8415043623867192,0.24927337809629196
target,42651,48155,0.8642410471162455,0.2391578344014045
target,42651,48603,0.9208705526661451,-0.02789456721329034
target,42715,42779,0.9051098017450955,0.2232202201814868
target,42715,47323,0.8722559001988098,-0.2563361111982273
target,42779,47323,0.8698798943689676,0.02756780621893113
target,42843,43931,0.8783076519827886,0.02958955951216052
target,42843,44507,0.8691392804798984,-0.3558744200210494
target,42843,45787,0.8636621714319042,-0.04815100149610206
target,42843,46107,0.818774914688794,0.0387123617340333
target,42843,46939,0.8114503280376406,-0.1725906435664578
target,42843,47067,0.8395818129934928,0.09671257612201517
target,42843,48219,0.9562503261356522,0.1560562723525939
target,42907,43227,0.9201220306571809,0.12231045219818167
target,42907,43483,0.9192986173410655,0.042833021882435734
target,42907,43675,0.8265929783970262,0.02198604280111613
target,42907,44763,0.8583957947895828,-0.0602956645988396
target,42907,45339,0.9135692199246865,0.2765833888733026
target,42907,45403,0.9868397835608185,0.2086325619588748
target,42907,45915,0.8091264358772664,-0.19166053797282204
target,42907,46235,0.9512690636269175,-0.08517797461278528
target,42907,47003,0.8980182770201353,-0.22819407790394652
target,42907,47131,0.8713352090679737,0.2300655216042622
target,42907,47387,0.8616757582879057,0.009700056032196865
target,42907,47771,0.8316665749140931,0.1971777805568146
target,42907,47963,0.9153324475121007,0.0961280248549813
target,42907,48539,0.8479480156236356,0.12183387804585874
target,43099,43931,0.8394793550170995,0.20411799107939468
target,43099,44443,0.9456323706096605,-0.05854379601055717
target,43099,46043,0.9176140240211816,0.004247349022670662
target,43099,46171,0.9079135858277388,0.0037720678618035773
target,43227,43483,0.855782343401277,-0.23360551774701455
target,43227,43675,0.8542180778392451,-0.03650678293222489
target,43227,45019,0.9140305172808952,0.048319495811234285
target,43227,45339,0.8770501399724464,0.21514591115460735
target,43227,45403,0.9092592140557583,0.12176946330058193
target,43227,46235,0.8663100207702907,-0.22034119117575124
target,43227,47003,0.8154075125110447,0.212703428599293
target,43227,47387,0.8750135671715757,0.15612427587901473
target,43227,48539,0.9263280189554678,0.29494259772387815
target,43291,44443,0.8061867041024062,-0.0382672050154748
target,43291,44635,0.8800895391224871,-0.08356309863268714
target,43291,47707,0.8532968782065607,-0.13085968677930784
target,43291,48283,0.8137093235733042,0.21789732720912586
target,43355,44379,0.817057599525279,0.18840451595747565
target,43483,43675,0.9570811479379123,0.08624100378785632
target,43483,44763,0.8589590133398285,-0.17296119518612846
target,43483,45019,0.909649690038682,-0.11708452049445682
target,43483,45211,0.8024329275199474,-0.3304916211477216
target,43483,46235,0.8818407436395531,0.27750408344813615
target,43483,46363,0.8294818145322508,-0.15382243672421997
target,43483,47131,0.9118372368204318,-0.14500018978435777
target,43483,47387,0.9443487544020769,-0.14324322455689248
target,43483,47963,0.8539208614975192,0.014691310765191591
target,43483,48539,0.8874341829508338,0.1677561144226513
target,43547,47707,0.8962393597385968,-0.37617970692448366
target,43611,44891,0.9705627619063019,0.12178270112728955
target,43611,45723,0.9405660854975587,0.25265619817314006
target,43611,45851,0.9198609582131635,0.08687613006116171
target,43611,46491,0.8703074323016825,-0.3552606620886504
target,43611,46939,0.8718882256627786,0.01478730331435417
target,43611,47643,0.8023879023073774,-0.2815497064195405
target,43611,48155,0.8494697973246496,-0.0526524011689122
target,43675,44763,0.8125281117377723,-0.24323163406103473
target,43675,45019,0.8177162051539428,0.0250979054613109
target,43675,45403,0.84653559393081,0.10513480636391545
target,43675,46363,0.8837394083841209,-0.10158482767154367
target,43675,47131,0.8118118881075435,0.014801970025938554
target,43675,47387,0.9726897224534882,-0.4597829705636687
target,43675,47579,0.9077665584978121,0.20974318387247995
target,43675,48283,0.9364973828761474,0.21151712092194896
target,43739,47067,0.8618457452809067,-0.05007133442226612
target,43803,44315,0.8388512093186045,-0.2073006708427633
target,43803,44571,0.8176651497031489,0.28699487193943857
target,43803,44827,0.8035303403687075,0.19476390835759272
target,43803,45659,0.8176759411720803,-0.18398758390705816
target,43803,45915,0.8077436667265209,0.10985109212657553
target,43867,44187,0.8106005248695066,0.2787082545503529
target,43867,44955,0.806978248330589,0.034192197778049056
target,43931,44507,0.8533247827850786,-0.006646394115473557
target,43931,46043,0.8326974777855821,-0.2439593777579806
target,43931,48219,0.8767153992794612,-0.1435262505555621
target,43995,46683,0.8312174744594146,0.14645798383277311
target,43995,47771,0.848813839152879,0.09801998692182358
target,44123,44315,0.8753560087716432,-0.005367819536599208
target,44123,44571,0.8764871409594364,0.02517743766349442
target,44123,44699,0.8487138409207848,-0.053503889166356844
target,44123,46875,0.8627176218636787,0.18726650186247754
target,44251,46363,0.8234494744995676,-0.37689859470461634
target,44251,47387,0.8051356149948233,0.23333380630183037
target,44251,47579,0.8691554922830085,-0.010558512360836218
target,44251,47707,0.9052915499584197,0.22276701570451538
target,44315,44571,0.943860745786218,-0.17290569386479868
target,44315,45659,0.8269084427921678,0.281916069724363
target,44315,45915,0.8728631512160372,-0.06979028092541537
target,44315,46875,0.8870435249067389,-0.016552725605934786
target,44379,46875,0.8865012346656355,-0.136219408829518
target,44379,48539,0.8725495981480971,0.1810774087830707
target,44443,46043,0.890695637131987,0.23986197070065188
target,44443,46171,0.9286418577237486,0.009706385701530767
target,44443,48475,0.9156288265509593,0.12549851841952256
target,44507,44891,0.8149595737217925,0.08707511541890735
target,44507,44955,0.8119419083488584,-0.27090167567046874
target,44507,45851,0.9353387996818304,-0.3369707160410726
target,44507,46939,0.8093900741328313,0.1495620625518192
target,44507,47067,0.9244452803497596,-0.1427586187559678
target,44507,48219,0.9176348270056957,-0.027131337916700672
target,44571,44699,0.9720867314056759,0.09264151342933234
target,44571,45659,0.9038849102456862,-0.16675544169828574
target,44571,46875,0.8967518268059075,-0.14339448270918356
target,44571,47003,0.9076841252673297,0.03605592435164805
target,44571,47771,0.8519140629705587,-0.11476577650247269
target,44635,45211,0.8807341013513792,0.061566146518592324
target,44635,46747,0.8427560480124481,-0.00952640696230184
target,44635,47131,0.8905829859165032,0.22006181108389353
target,44699,45659,0.893619220267953,0.08732688921707299
target,44699,45915,0.9322494157323429,-0.11793828355389843
target,44699,46683,0.8258437451197089,0.08788214611136862
target,44699,46875,0.8348138698438967,-0.2911222359071519
target,44699,47003,0.9173008963600141,-0.11105582416126404
target,44699,47771,0.8837765579460214,0.13035718901413482
target,44763,45019,0.8904199285303981,-0.19917994207256248
target,44763,45403,0.8734618816264235,-0.1482818193038795
target,44763,46235,0.8646214576898895,0.14613784270201566
target,44763,47387,0.8461587530531102,0.022624371887823846
target,44763,48539,0.8500996851831452,-0.03836218067034101
target,44827,45659,0.8583685485294711,0.05306716865423178
target,44827,47771,0.8045962882641996,-0.07485905928494965
target,44891,45723,0.9198643808320598,-0.4000502017963316
target,44891,45851,0.9299019671989598,-0.07580665307679611
target,44891,46491,0.8653681762460819,0.114884340553701
target,44891,46939,0.8516313137172739,0.14578448520258783
target,44891,47067,0.811585333867813,0.02482383141172678
target,44891,47643,0.8183391777420295,0.20375757124667798
target,45019,45403,0.9856417694727033,-0.013063651979965965
target,45019,45915,0.8328410842188476,-0.001529732159938876
target,45019,46235,0.9558516767714184,-0.18859783769415656
target,45019,47003,0.9056426072637898,-0.16378108420766044
target,45019,47387,0.8543583409240825,0.10313990342302934
target,45019,47963,0.9072386388721053,0.1250109652658394
target,45019,48539,0.8525234363865697,0.09927716653331531
target,45083,45467,0.8777325614756132,0.07261438162696389
target,45083,46811,0.8716217036249947,-0.16520432060242723
target,45083,48027,0.8510677609509921,-0.10530241494475893
target,45147,45339,0.8865391123930273,0.1502781878169668
target,45211,45403,0.8484381957370402,-0.045255840426075035
target,45211,47131,0.9328868941132005,0.05934181899577014
target,45275,46747,0.8990318622419938,-0.0012938333368789886
target,45275,47259,0.9342601053408552,0.23710416162802941
target,45339,45403,0.9045507574824068,0.1981596631852332
target,45339,46235,0.827671751070703,-0.06130207716270035
target,45339,47003,0.8941193753238834,-0.030064664574139893
target,45339,47771,0.8238076980208285,0.06672023650212866
target,45403,46235,0.9105344336043492,0.17900318737777998
target,45403,47003,0.8490339467744803,-0.08240534171422242
target,45403,47131,0.8952994988820352,-0.14433189593366444
target,45403,47387,0.8873340843092583,-0.16242544482043303
target,45403,47963,0.8807574634838155,0.09516141736310797
target,45467,46683,0.8783317648628599,-0.0024780859008207636
target,45467,46811,0.8960579964523188,0.25850719833418073
target,45467,48027,0.9371671725117404,0.14061802556521935
target,45531,48411,0.8427392014980382,0.0038143993596300853
target,45659,45915,0.9412701829811868,0.08376005485594817
target,45659,47003,0.8997179574618404,0.004120691875535728
target,45659,47771,0.9122837725778564,0.2640876177802841
target,45723,45851,0.840233870479112,0.25852114791334746
target,45723,46939,0.9248543820977742,-0.13228459565240014
target,45723,47067,0.8118701466985717,-0.10772972088641389
target,45723,48603,0.9705948510708736,-0.16656284705965135
target,45851,46491,0.8239835762021157,-0.164553992317936
target,45851,46939,0.8702847025715106,-0.3773787691373888
target,45851,47067,0.9111629608560485,0.1298763136586414
target,45851,47451,0.823622344656858,-0.2049689445327207
target,45851,47643,0.8279876180464976,0.09588720812720053
target,45851,48155,0.8109438026081893,0.18395414992662404
target,45851,48603,0.8874066653601894,-0.2857055510200619
target,45915,46235,0.8461388887288213,-0.2304521637587584
target,45915,46875,0.8784920991184856,-0.007202755383489782
target,45915,47003,0.9369896784926572,-0.005898789994633938
target,45915,47771,0.8993608662264463,0.12686771628406168
target,46043,46171,0.8791410415723481,-0.24194903213094202
target,46043,48219,0.814063502424276,0.13236514303964686
target,46043,48475,0.9256441111693003,0.2523758304431958
target,46107,48219,0.8341912392140016,-0.27142790417722956
target,46235,47003,0.925042630954868,0.14409253632942795
target,46235,47771,0.8492857925577646,-0.07550694436596005
target,46235,47963,0.9186414312915235,-0.18170528726153892
target,46235,48539,0.8521133473241006,0.23328743446705116
target,46299,46491,0.8475943879411071,-0.14948021136148879
target,46299,48027,0.8652110407604754,0.13716959826324474
target,46363,47387,0.905274064074542,0.12291094308025348
target,46363,47579,0.9259196852662375,0.14929584835813745
target,46427,48091,0.8243778796364599,-0.11138454028466944
target,46491,47451,0.845065106018054,0.18579309471518698
target,46491,47643,0.9468305221531294,0.21252854552946648
target,46491,48603,0.8249490987544849,-0.13567846295183403
target,46747,47259,0.8193203534888798,-0.024553928013046577
target,46811,48027,0.8226179261623973,0.2059044250129179
target,46939,47067,0.8808959436726865,-0.009719326874296476
target,46939,48219,0.8553466146290094,-0.14976137438664475
target,46939,48603,0.9309333785058954,0.2565230348693104
target,47003,47771,0.9653244405431387,0.05366300347053753
target,47003,47963,0.8542890677277092,0.06454886513608515
target,47067,48219,0.8489804493295071,-0.054491514536623493
target,47067,48603,0.8248127948628095,0.053331279407011774
target,47131,47387,0.8078267823350819,0.08409771706265663
target,47131,47963,0.875374653357242,0.2831055753525485
target,47131,48283,0.8581250769336004,-0.18837980564573295
target,47387,47579,0.889942646310884,-0.14870156395162687
target,47387,48283,0.8624607212126564,-0.17062622744505504
target,47387,48539,0.9056298268796842,-0.15177522025512846
target,47451,47643,0.858383481054392,0.05401414301865199
target,47515,47579,0.9135484903343701,0.14102940982136353
target,47579,48283,0.8080168003211172,-0.030242147547756806
target,47643,48603,0.8045103823072342,-0.0806747500514915
target,47835,48603,0.8369880359919206,0.03626734732904969
target,48219,48475,0.8266925344477445,0.2832151030363072
