dataset,channel,start_i,start_j,trend_corr,residual_corr,d_A,d_B,d_ctrl_A,d_ctrl_B
solar,124,48960,51264,0.9996341671606832,0.2464132393690358,0.7068958,0.03364134,0.38171625,0.35882092
solar,47,48896,50048,0.9996073785660564,0.0549634318725326,0.019577503,0.06771135,0.040606022,0.046682835
solar,106,43712,51776,0.9996008316724524,0.2040866848238627,0.01723957,1.1309905,0.16749716,1.3157272
solar,20,44864,48320,0.9995392928348974,0.2747932032323137,0.21271825,0.22372437,0.0703311,0.36611152
solar,85,47168,48320,0.9995303524672348,0.2417293648745052,0.2077074,0.123380184,0.21788168,0.11320591
solar,86,48384,49536,0.9995285594499628,0.2761742474825132,0.047512054,0.18414307,0.1482048,0.0115737915
solar,107,42688,44416,0.9995215238449394,0.2774387619165535,0.007160902,0.25121546,0.15037084,0.10800552
solar,2,46080,46656,0.9995135383264888,0.2101509781052259,0.35898352,0.47326493,0.15573072,0.6765177
solar,35,43712,44288,0.9995062903397756,0.2653133348732903,0.33840394,0.010645866,0.15739441,0.1916554
solar,76,44288,50048,0.9994650926197164,-0.1229573093121474,0.059791803,0.2547984,0.23439312,0.03938651
solar,70,45440,47744,0.9994556266113088,0.1852677076006357,0.010963917,1.0364115,0.16175151,0.88562393
solar,124,42688,48448,0.9993632456152054,0.275576806186772,0.10180783,0.09459424,0.06815839,0.12824368
solar,80,46720,51904,0.9993528528696068,0.2937527910888301,0.3278265,0.14610386,0.67523956,0.2013092
solar,28,45504,48384,0.9993444834722548,0.2860595123728064,0.069924355,0.04915309,0.038595676,0.08048177
solar,34,44928,46080,0.9993415372899896,0.2840940305624757,0.18407011,0.018133163,0.05380392,0.14839935
solar,95,44928,51840,0.99932929774961,0.2227845124201932,0.38618088,0.20129538,0.12184811,0.063037395
solar,103,43200,49536,0.9993272286161242,0.2854224637375124,0.3220408,0.42444968,0.23721433,0.50927615
solar,69,43712,48320,0.9993062193741774,0.2509412960696138,0.3601222,0.31008196,0.53430295,0.13590121
solar,71,47232,49536,0.9993051190926786,0.2504305323727651,0.020415783,0.058092117,0.01692009,0.06158781
solar,11,46144,51904,0.9993050006545716,0.2499904772845992,0.0051681995,0.09097552,0.08978391,0.0063598156
solar,31,43200,45504,0.9993010998360264,-0.0393974695290245,0.030944347,0.10380888,0.266814,0.40156722
solar,128,43200,50112,0.9992612129296226,0.1315810796877095,0.08330917,0.101912975,0.099514484,0.08091068
solar,35,48960,50688,0.9992575136910092,0.2668140758836945,0.12654877,0.006515503,0.031276226,0.101788044
solar,90,44416,51328,0.999247935734077,0.2664470846589067,0.6456065,0.13411593,0.59507895,0.08358836
solar,125,42688,43264,0.9992390045758572,0.1675122426429176,0.39340162,0.058653593,0.20382786,0.24822736
solar,42,45376,49408,0.9992327440347284,0.0318513752281777,0.26374006,0.24093151,0.18241191,0.32225966
solar,112,44352,49536,0.9992193396893396,-0.0343154697017954,0.08490133,0.7180085,0.4022994,0.40061045
solar,32,44288,48320,0.99921830717268,0.2510866596147719,0.077494144,0.117427826,0.111413956,0.071480274
solar,135,42560,48320,0.9992060243809314,0.2538577433249641,0.038214207,0.023708105,0.032420397,0.029501915
solar,58,46080,50688,0.9992052470221372,0.2622178035425708,0.11449671,0.44279408,0.108825445,0.44846535
solar,OT,47104,48256,0.9991994529724016,0.1163697344676309,0.59568167,0.23063874,0.5105939,0.31572652
solar,38,50176,51328,0.9991869779850012,0.2309067202291578,0.3673973,0.012001753,0.30388808,0.051507473
solar,52,43712,47744,0.9991775719979148,0.2323889531974,0.2988751,0.56669235,0.2785523,0.58701515
solar,104,50176,51328,0.9991742539952222,0.2684594234554721,0.2437756,0.14329457,0.40642524,0.019355059
solar,72,46016,48320,0.9991596146287984,0.277617669222846,0.7202444,0.2922213,0.79463243,0.21783328
solar,52,44992,46720,0.9991564437835152,0.2618831439247327,0.040154934,0.28648496,0.12206745,0.12426257
solar,1,42688,47296,0.9991544892785964,0.2395900985533564,0.06383681,0.41170073,0.23476624,0.2407713
solar,105,43328,43904,0.9991444854742524,0.1873576239546424,0.0052142143,0.17485762,0.1788683,0.001203537
solar,72,47744,50624,0.9991423952307168,0.2789473046019699,1.4564817,0.22393346,1.4887452,0.19166994
solar,114,42048,50688,0.999129415784146,0.2939102942110634,0.05243635,0.37951946,0.23058748,0.09649563
solar,124,43264,43840,0.9991194029284776,0.0391088087800993,0.14569879,0.6344118,0.29456043,0.1941526
solar,131,42624,46080,0.9991036412877112,0.2133299507207756,0.3916335,0.11234236,0.2968421,0.20713377
solar,85,44352,47232,0.9991034286416236,0.2160460832841346,0.015155315,0.011661053,0.010534763,0.0070405006
solar,27,45504,49536,0.9990980290527448,0.1258640645788942,0.06377506,0.6060467,0.4630909,0.20673084
solar,96,50112,51264,0.9990907111778468,0.2751232463928548,0.259053,0.22591329,0.0337286,0.0005888939
solar,24,45504,46656,0.999084344982108,0.2894260943869987,0.10084391,0.052637577,0.06726456,0.019058228
solar,119,49536,50112,0.999082725641481,0.1463147417120176,0.15510035,0.3466909,0.480819,0.020972252
solar,51,47232,48384,0.9990760224179642,0.1247147172739734,0.016499043,0.028981686,0.046693325,0.034210682
solar,23,47168,47744,0.9990698803159072,0.0003850134088104,0.08638239,0.3763621,0.13043189,0.33231258
solar,107,43200,51264,0.9990675019258384,0.2492229454923087,0.12246704,0.3251195,0.18695402,0.015698433
solar,41,44352,46080,0.9990645313483392,0.224880476705247,0.5014963,0.14403749,0.24510145,0.40043235
solar,44,43904,44480,0.999046326680294,0.2415025102525192,0.045103073,0.067892075,0.030229092,0.082766056
solar,28,47296,49600,0.999039421925172,0.253701012536242,0.087109566,0.013139486,0.14276934,0.042520285
solar,6,50112,50688,0.999035226153357,0.152603190690519,0.0010018349,0.05461073,0.039240837,0.016371727
solar,98,42624,46656,0.9990312493798008,0.2648136351066479,0.027513504,0.1567626,0.13105583,0.001806736
solar,31,46080,47808,0.9990292692055468,0.1818805170652977,0.2160945,0.5070963,0.122605324,0.60058546
solar,56,50176,51904,0.9990133211725748,0.2330351164535448,0.64532423,0.0022919178,0.57477117,0.06826115
solar,74,47168,48320,0.999005621534976,0.2769042107193677,0.12479925,0.0134084225,0.042613268,0.095594406
solar,14,48960,49536,0.998993358243359,0.2454694113371771,0.06756163,0.19558525,0.21532393,0.047822952
solar,106,48384,50112,0.9989809789619924,-0.0494427501173491,0.0034618378,0.19119215,0.19446182,0.00673151
solar,63,48960,49536,0.998976794254722,0.2686648804614996,0.06600237,0.056529522,0.030143261,0.09238863
solar,61,44352,51264,0.9989739688755668,0.21814811169494,0.5569031,0.20147014,0.43279266,0.07735968
solar,118,44864,48320,0.9989714432366856,0.2921306859829479,0.102801085,0.14202595,0.16692734,0.12770247
solar,80,43264,50176,0.99896189552225,0.231775100885857,0.28644967,0.48648953,0.13953352,0.33957338
solar,92,44416,49024,0.9989579603650864,0.2152320084654655,0.28305674,0.007839441,0.0423522,0.2328651
solar,60,42560,43712,0.9989369911555548,0.1466149896996413,0.070156574,1.4953101,0.16459131,1.4008753
solar,83,43200,50688,0.9989320538274072,0.1760674304535011,0.015769482,0.25635433,0.07392025,0.19820356
solar,38,46144,48448,0.9989226542913988,0.2619677159796653,0.22320962,0.1329515,0.08709502,0.0031630993
solar,59,43712,44288,0.9989213945275532,0.185350444446704,0.95879745,0.2915058,1.0680838,0.1822195
solar,80,42752,43328,0.9989102387610942,0.2853137455824861,0.016972065,0.61571026,0.31069422,0.28804398
solar,69,50112,51840,0.998894314142539,0.2304830317668215,0.54839516,0.2856145,0.71146345,0.122546196
solar,104,46080,50112,0.9988917103360504,0.2710045346977091,0.42461753,0.20566607,0.16375875,0.46652484
solar,124,46720,51328,0.9988915558739032,0.2306264263789566,0.58832693,0.07179308,0.49058294,0.025950909
solar,122,43712,47168,0.9988812491226924,0.2997161816370463,0.052316666,0.022669792,0.005777836,0.023869038
solar,99,42496,44800,0.9988728445243468,0.2773134966173145,0.43686008,0.16293693,0.25643778,0.34335923
solar,130,44864,50048,0.9988715696679192,0.1830216752444902,0.15261412,0.9027815,0.33522177,0.72017384
solar,20,43264,45568,0.9988640830688011,0.0473642971778907,0.118593454,0.7020557,0.35582018,0.46482897
solar,53,47168,48320,0.9988611889714112,0.2239594795762644,0.22503567,0.0502038,0.13105154,0.14418793
solar,115,44352,46656,0.9988461589995656,0.2970088567302448,0.19132447,0.5418954,0.34415317,0.3890667
solar,94,46656,51840,0.9988458978223568,0.2125606840441729,0.6682472,0.17778993,0.6288476,0.21718955
solar,75,44288,48320,0.9988157533850832,0.2566147988719186,0.08588815,0.3482566,0.274441,0.15970373
solar,10,44352,45504,0.9988110902648292,0.1795939914278074,0.10723686,0.11010647,0.06706476,0.064195156
solar,5,49024,51328,0.9988091038097556,0.275550081660047,0.60211706,0.23532104,0.8170028,0.020435333
solar,125,44864,46016,0.998800150627943,0.2762139928654978,0.08843708,1.6572261,0.095234156,1.650429
solar,86,44352,46656,0.998800077489382,0.2961682439184496,0.063090324,0.10943556,0.07243061,0.10009527
solar,110,43200,51840,0.9987980136841508,0.1707771233917106,0.12384105,0.027096272,0.037779808,0.13452458
solar,127,44416,47296,0.998794549720022,0.188611395049815,0.09948683,0.10425353,0.04859495,0.04382825
solar,67,42112,44416,0.998793445549236,0.2758429928167724,0.123827696,0.44102764,0.091771364,0.47308397
solar,64,45376,50560,0.9987865120144794,0.1737473920039208,0.10718894,0.29105902,0.23061204,0.16763592
solar,114,42560,50048,0.9987860011878824,0.2692829615713348,0.20909858,1.0127621,0.31000018,0.91186047
solar,46,48960,49536,0.998781355505829,0.2577075543461927,0.064157486,0.09839296,0.11054468,0.076309204
solar,64,44992,47296,0.9987695251953712,0.2859251370224142,0.044765234,0.5295658,0.24890876,0.3254223
solar,104,44224,47104,0.998765407708095,0.2080203552380653,0.0033631325,0.32918835,0.12297392,0.2028513
solar,14,43264,46720,0.998737094160805,0.1126659783805453,0.088370085,0.8325877,0.31333613,0.60762167
solar,34,48960,51840,0.9987285165250004,0.0817729689242217,0.22309923,0.0022807121,0.057492256,0.16332626
solar,115,48384,50112,0.9987281684792628,0.2453226571950619,0.106173515,0.35158157,0.28678322,0.17097187
solar,0,47936,49088,0.9987205964912432,0.2936992698147437,0.09821749,0.003967285,0.0625844,0.1568346
solar,74,45568,46720,0.9987164647435308,0.145891248639337,0.05291009,0.06269598,0.056730747,0.046944857
solar,31,43840,51904,0.9987120062983142,0.1440763169695731,0.7426865,0.20655775,0.84662724,0.102617025
solar,20,42688,51328,0.998688701484893,0.297211261061606,0.54233885,0.016022444,0.27366757,0.28469372
solar,114,43712,48896,0.9986766058574312,0.0720614831965775,0.31788135,0.3497944,0.14933991,0.5183358
solar,22,50112,51840,0.9986667245792036,0.1863133414291336,0.054130077,0.62527156,0.15346551,0.41767597
solar,131,42688,49600,0.9986654245586716,0.2939876612481978,0.05692005,0.15193701,0.14605784,0.051040888
solar,59,45568,48448,0.9986525462584168,0.2063144869761198,0.014977694,0.54996276,0.2241242,0.31086087
solar,104,43776,45504,0.998648005593866,0.2844839162022596,0.5220022,0.4336877,0.8554249,0.100265026
solar,122,42688,44416,0.9986472028035656,0.2699470593910902,0.088516474,0.28810096,0.15221286,0.047371626
solar,42,42688,44416,0.9986347810315248,0.1239236407559902,0.17687821,0.1980629,0.05271983,0.03153515
solar,5,47168,48896,0.9986194230456932,0.0148406988004765,0.22480989,0.50662947,0.3099048,0.42153454
solar,105,44352,49536,0.9986189530666592,0.287718502213165,0.09469104,0.58789206,0.375242,0.3073411
solar,113,42496,44224,0.9986182661850956,0.2716898459950422,0.054211378,0.025494337,0.080263615,0.0005578995
solar,111,44288,47744,0.99861314237169,0.1911974818585093,0.22997785,1.209074,0.28463435,1.1544175
solar,1,44416,45568,0.9986101375294726,0.2973706425089474,0.02727604,0.021536112,0.036587715,0.042327642
solar,33,48320,51776,0.9986033897922628,0.1749823612726974,0.3526194,3.0078473,0.25671887,2.9119468
solar,104,43264,46720,0.998601986184583,0.2178716093095529,0.05352187,0.20200229,0.04384494,0.10463548
solar,44,42752,46784,0.9985949616808496,0.2723786058475269,0.16680717,0.036296368,0.032136917,0.17096663
solar,78,46080,46656,0.9985913110109964,0.2295716996728522,0.16029406,0.029607773,0.13898158,0.3288834
solar,83,45376,50560,0.9985795548932846,0.2800191653669523,0.40659952,0.0056242943,0.11087799,0.29009724
solar,84,43200,47232,0.998570321697686,0.102887618960523,0.011217594,0.04903412,0.15685749,0.09660578
solar,33,46016,48896,0.9985686410444784,-0.0147211243820815,1.6104755,0.06152153,1.4355054,0.11344862
solar,13,51200,52352,0.9985661041265655,0.0595746557885962,0.4791851,0.014780521,0.31803942,0.14636517
solar,5,43264,49600,0.9985638827489798,0.13761499815932,0.050946712,0.7209065,0.24541116,0.42454863
solar,63,44352,46080,0.998560450535848,0.2469446355306336,0.16739988,0.18523431,0.0030486584,0.020883083
solar,35,42176,44480,0.9985536006292194,0.1378251294684185,0.13636589,0.09447527,0.08714056,0.1437006
solar,16,42496,44224,0.9985530639088184,0.2967042871498845,0.10229707,0.12633371,0.081380606,0.14725018
solar,83,46144,49024,0.9985500332867818,0.2791012003018382,0.13100958,0.39674473,0.14502716,0.38272715
solar,23,43776,48960,0.998546129773556,0.2143620063315409,0.08880949,0.0649333,0.06955004,0.09342623
solar,118,44416,45568,0.9985444207163224,-0.0106966967845881,0.065173864,0.030771732,0.07831693,0.043914795
solar,53,45568,49600,0.9985425932282564,-0.0211925593526857,0.02127719,0.24391985,0.16826057,0.054382086
solar,79,46528,48256,0.9985417342604506,0.271877780995356,0.23329854,0.15055394,0.22349262,0.16035986
solar,132,50688,51840,0.9985375430207734,0.2689055994912657,0.48312545,0.01083374,0.2865839,0.18570781
solar,67,42496,48256,0.998528789453794,0.2498847399342552,0.20685697,0.025702715,0.10190582,0.07924843
solar,93,48960,49536,0.9985235202548596,-0.0820348161293701,0.009365082,0.26926184,0.22697878,0.05164814
solar,0,42688,46144,0.998517864507796,0.1965543773949663,0.07559419,0.011862993,0.04389,0.10762119
solar,109,42560,43136,0.9985042621728109,0.0196047622420914,0.299834,0.65209246,0.35544324,0.59648323
solar,102,43200,51264,0.9984896038390626,0.2993367975438323,0.29212642,0.2198534,0.05168438,0.020588636
solar,5,42496,45376,0.9984884683446432,0.1030247207131538,0.25436163,0.61191607,0.07387066,0.94014835
solar,17,44224,48256,0.9984727983971182,0.1843557054455802,0.27821994,0.16501164,0.26152825,0.18170333
solar,77,43200,48960,0.9984690696642712,0.2350461681084185,0.03612852,0.17631054,0.057148457,0.08303356
solar,27,48384,50112,0.9984602664402636,0.1452730943212239,0.43677115,0.17305923,0.1980021,0.06570983
solar,95,44800,46528,0.9984596782509432,0.2487737376036641,0.2939098,0.25319266,0.20056224,0.3465402
solar,47,42496,45376,0.9984574184126502,0.2955765751929383,0.43878174,0.060328722,0.17082644,0.32828403
solar,58,48384,48960,0.998451566660749,0.0128318840845709,0.023894548,0.45190716,0.34862685,0.12717485
solar,134,43776,47232,0.998450151361728,0.0497115432561217,0.2293706,0.18307543,0.040049553,0.08634472
solar,79,43840,45568,0.9984452325883856,0.2656170373687485,0.11313319,0.01719904,0.041053534,0.0892787
solar,111,42688,43840,0.9984446033900114,0.1002728707120142,0.015717268,0.33366847,0.23291421,0.08503699
solar,8,46656,50112,0.9984365032256678,0.236332468012785,0.084718704,0.18913221,0.2148571,0.11044359
solar,73,42560,45440,0.9984343358740052,0.2910649080566361,0.0049540997,0.104073286,0.089423895,0.0096952915
solar,129,43712,47168,0.9984337041723615,0.1797679741916923,0.20096898,0.19508052,0.24576521,0.15028429
solar,59,46592,50048,0.998431071665048,0.087056081353921,1.1234539,0.13481951,1.1623249,0.09594846
solar,11,49536,50112,0.9984296618825168,0.1847109275167067,0.054572582,0.25966835,0.2746277,0.06953192
solar,100,44352,47808,0.998426390479076,0.1882991207871242,0.05312729,0.4551983,0.30653572,0.20178986
solar,134,44416,45568,0.9984263178072076,0.2121742821841615,0.15948129,0.11084795,0.22071695,0.049612284
solar,27,43840,47296,0.9984111111585734,0.24029328880387,0.028957605,0.062844515,0.0815382,0.01026392
solar,71,44352,46656,0.9984055943528714,0.1126381448392465,0.024552822,0.17010736,0.1459794,0.0004248619
solar,80,42496,45376,0.9984019423662308,0.1320342943741672,0.12602973,0.3136468,0.05073309,0.4904096
solar,38,43840,51904,0.9983948482372744,0.1687919180403937,0.51281285,0.03320861,0.5398133,0.0062081814
solar,82,45440,50048,0.9983855598077032,0.0797998247237917,0.16294837,0.591233,0.25304818,0.5011332
solar,129,47232,50688,0.9983777464358646,0.2513267273317445,0.052179813,0.34011126,0.24502993,0.14726114
solar,119,42624,44928,0.9983765513872344,0.2694395382413885,0.0011334419,0.16267014,0.03160572,0.13219786
solar,94,45504,50112,0.9983763866062108,0.121893914215809,0.019722462,0.6064236,0.40200257,0.18469858
solar,28,42496,44800,0.9983745427108408,0.0587084184230002,0.120009184,0.21553087,0.26968932,0.065850735
solar,46,44416,51904,0.9983671804544416,0.2054455768085177,1.1089721,0.22807074,0.92180896,0.04090762
solar,16,48384,50112,0.9983595042157588,0.1634348981232679,0.18669271,0.30089235,0.43513203,0.05245304
solar,133,44864,47744,0.9983445615142028,0.2893885698908046,0.19159651,0.434119,0.09230018,0.5334153
solar,12,48384,50688,0.9983435246188632,0.0134404268762697,0.11728954,0.21349716,0.26329756,0.06748915
solar,108,44992,49600,0.9983418262992172,0.2843125595741894,0.020775795,0.98833036,0.11169648,0.8974097
solar,119,43712,50048,0.9983399860426264,-0.1923822573039252,0.4145012,0.17511415,0.347569,0.24204636
solar,79,46592,50048,0.9983378018573834,0.2923533319065211,0.003037691,0.39230156,0.2525165,0.14282274
solar,117,43776,47808,0.9983335878138948,0.275896529458845,0.041273117,0.20795631,0.12845945,0.038223743
solar,36,45568,49024,0.9983292815622352,0.240930886304354,0.04556489,0.24771309,0.117801905,0.084346294
solar,87,42048,42624,0.9983271537548456,0.2869210044354487,0.19960642,0.035324097,0.14246893,0.30675125
solar,84,46656,47808,0.9983253450297904,0.1955912908233334,0.050868988,0.0214715,0.030038357,0.059435844
solar,93,49472,50048,0.998314558340054,0.2078110134984785,0.3703003,0.062265396,0.18271112,0.12532377
solar,123,42496,45376,0.9983106527390336,0.2564237585511912,0.015511274,0.022845507,0.10028124,0.092947006
solar,133,44416,46144,0.9983094243990552,0.0983626876227594,0.39680648,0.08272123,0.4641993,0.015328407
solar,110,46016,51776,0.998307493705376,0.0601037234389161,0.121430874,0.057975292,0.08188915,0.01843357
solar,11,43712,51776,0.998294135090869,-0.0266919087221729,0.12114692,1.1693459,0.1994021,1.0910907
solar,129,42688,47296,0.9982927443976,0.2820585276949297,0.025580883,0.29862642,0.16457176,0.15963554
solar,60,44288,46592,0.9982879281311856,0.2353733462327437,0.13772154,0.7502036,0.22609234,0.6618328
solar,121,44352,44928,0.9982819887273902,0.1013865904958227,0.20795631,0.22634125,0.15807056,0.276227
solar,126,49536,50112,0.9982817449545766,0.2203294720742544,0.006345272,0.14554358,0.2087121,0.0695138
solar,9,42624,44928,0.9982791780809888,0.1739512251854336,0.23601079,0.073722124,0.22127962,0.08845329
solar,7,49472,52352,0.9982778072118812,-0.1269617566524707,0.24240875,0.71940184,0.16789722,0.79391336
solar,61,49600,51328,0.9982741442438964,0.1577894920537287,1.0768936,0.21035814,0.78173566,0.08479977
solar,54,45568,50176,0.998272241728711,0.2175624371302025,0.06722236,0.3824811,0.34586263,0.10384083
solar,76,43840,49024,0.9982634623647304,0.0474637867237622,0.23375607,0.13085508,0.1391027,0.22550845
solar,40,45504,46080,0.9982555353869385,0.1760667580557999,0.053430796,0.3869679,0.17208266,0.16145444
solar,117,44992,47296,0.9982552341029894,0.1798521220709636,0.019304514,0.3733425,0.12501764,0.22902036
solar,82,47296,49600,0.9982515681523912,0.2489815808447912,0.08456516,0.033815384,0.014289856,0.036459923
solar,7,43712,50624,0.9982473187029748,0.2166644107561233,1.0908365,0.03672695,0.99826264,0.12930083
solar,109,43776,49536,0.9982415575915012,0.2119614229234059,0.17639208,0.3966179,0.3287716,0.10854578
solar,95,43264,51328,0.9982393688082994,0.1952281594958486,0.14416623,0.3010223,0.041273832,0.4039147
solar,99,47168,47744,0.9982356835526458,0.2427480511500983,0.22865081,0.54897594,0.27246928,0.5051575
solar,26,45440,48320,0.99823477794789,0.2664863942252884,0.09259033,0.16364622,0.051040173,0.20519638
solar,80,43840,47296,0.9982335135035976,0.1509283516041149,0.06734085,0.113937855,0.14601183,0.035266876
solar,45,47936,51968,0.998226025781172,0.2986296850695289,0.035741806,0.13000536,0.10206318,0.0077996254
solar,120,44416,50752,0.9982248358329396,0.1612881185139979,0.04408002,0.012184858,0.0028908253,0.053374052
solar,16,42752,44480,0.998224337058356,0.1852095451112483,0.039268017,0.106598854,0.036707878,0.10915899
solar,61,44864,48896,0.9982234913986264,-0.2312343251706229,0.06557703,0.7363701,0.14060783,0.94255495
solar,74,43776,46080,0.998212411286638,0.2361906592813589,0.5650747,0.117773294,0.4078126,0.27503538
solar,94,42624,44352,0.9982080554462324,0.289090890130773,0.13699555,0.7570615,0.32906938,0.56498766
solar,47,42752,43328,0.9981962757797064,0.144822960743844,0.09435892,0.28614855,0.0651412,0.31536627
solar,133,42560,50624,0.998186205293087,0.271546756008143,0.109541416,0.06776333,0.05177474,0.22907948
solar,19,45568,46720,0.9981676175395758,0.2456584830059009,0.36964488,0.10024285,0.21758151,0.25230622
solar,95,42496,45376,0.9981651114330262,0.2237287393139961,0.33375478,0.5372076,0.022578716,0.84838367
solar,97,46144,47296,0.9981641201846564,0.2699338467700524,0.03928137,0.3788073,0.07528281,0.41480875
solar,15,44224,45376,0.9981634761190958,0.2069539683279249,0.26355982,0.7545371,0.081202745,0.40977454
solar,103,43264,44992,0.9981543376215436,0.2391317399454871,0.048953533,0.044086218,0.081861734,0.08672905
solar,87,44416,45568,0.998147837801826,0.2314631320581213,0.2669797,0.02999711,0.2087202,0.028262377
solar,55,42688,47296,0.9981403576425834,0.2950645794609313,0.08483052,0.2527871,0.18478274,0.016826153
solar,19,43200,47232,0.9981359226672704,0.2582052541548753,0.12517023,0.08596516,0.2455287,0.03439331
solar,129,42624,44352,0.9981315143000388,0.1351841446343206,0.034672976,0.0417006,0.048832178,0.041804552
solar,33,42688,49024,0.9981315060993876,0.2641622503074468,0.035773754,0.26933193,0.21063828,0.022919893
solar,8,46080,51264,0.9981313467163034,0.2383378206236658,0.039337397,0.41986132,0.3193195,0.13987923
solar,49,44416,46720,0.9981310617942108,0.25723066728241,0.05100417,0.049694538,0.067742825,0.06643319
solar,115,44992,46144,0.9981277982435508,0.2752628512893583,0.13379359,0.11720109,0.07536054,0.17563415
solar,116,42496,48256,0.9981272577308732,0.139524175427269,0.07199216,0.15439725,0.17512393,0.09271884
solar,62,45504,46080,0.9981180473446056,0.107235090324683,0.054056168,0.07816267,0.07380462,0.049698114
solar,69,47296,50176,0.9980981974191824,0.2582510459769158,0.16603541,0.0005722046,0.14817572,0.017287493
solar,4,42752,43328,0.998088442904574,0.2884079059502033,0.048571587,0.3572917,0.16561127,0.24025202
solar,120,45568,51328,0.9980832701377064,0.1703061935051333,0.7808621,0.048902035,0.80107284,0.028691292
solar,88,47808,48960,0.9980724542781771,0.2738697950393413,0.06481075,0.025453568,0.089933395,0.000330925
solar,21,47744,52352,0.998071836731702,0.2674446534573586,0.13834286,0.21576309,0.15792894,0.196177
solar,66,43264,45568,0.99806316061065,0.2784544108221907,0.17961359,0.5209403,0.26647186,0.43408203
solar,79,44992,46720,0.9980582646777312,0.273107641764082,0.022961855,0.37864017,0.0999403,0.30166173
solar,49,44224,48832,0.9980562268734812,-0.0157309715885697,0.067566395,0.2966652,0.0023322105,0.22676659
solar,12,43264,47296,0.9980414843141606,0.2918199853366899,0.04708433,0.8925426,0.22049975,0.7191272
solar,31,42688,47296,0.9980402292731118,0.2071150295017199,0.04329586,0.16924071,0.0656569,0.14687967
solar,125,42048,50688,0.9980341551671472,0.2442766616390544,0.04142809,0.07670593,0.016442299,0.018835545
solar,58,49600,50752,0.9980220952783776,0.2668510850882349,0.044168234,0.08475757,0.098656416,0.058067083
solar,78,42688,47296,0.9980126975572668,0.2209792875645808,0.03608632,0.2389121,0.16344523,0.11155319
solar,5,46656,49536,0.9980102767053712,0.1581477666459448,0.04226017,0.0056180954,0.0048131943,0.04145527
solar,79,47744,50624,0.9980097620670908,0.2062191124083362,0.7809744,0.24775934,0.8117404,0.21699333
solar,8,42560,48320,0.9980092540036906,0.2550611939445223,0.15709877,0.7877767,0.25086427,0.6940112
solar,121,42176,45056,0.9979968094990352,-0.0047081652399467,0.3471222,0.46741962,0.6861954,0.12834644
solar,38,44416,44992,0.9979958132720878,0.2592572948015536,0.65399575,0.025690556,0.70817757,0.028491259
solar,55,42752,45632,0.997994703543956,0.294589960714523,0.004668236,0.05856657,0.057374,0.0058608055
solar,117,47744,48896,0.9979768964576348,0.1752264683719898,0.1304183,0.24606419,0.24940991,0.12707257
solar,79,45504,49536,0.9979648272128282,0.2554040013088271,0.0293715,0.881325,0.4964924,0.41420412
solar,106,42624,44928,0.9979620605899188,0.1760224614216463,0.18654203,0.55126333,0.25100183,0.11371946
solar,21,44352,48384,0.997958217280767,0.1723035048328854,0.06099701,0.13292742,0.08518934,0.013258934
solar,48,45568,49600,0.997943431958098,0.2286867807976392,0.06694102,0.02668953,0.022653818,0.06290531
solar,101,45568,48448,0.9979433010895958,-0.0014774226059554,0.27995586,0.08381462,0.14911675,0.21465373
solar,120,46528,48256,0.99793875233251,-0.0790635168322685,0.6711986,0.16543746,0.39402676,0.4426093
solar,101,42688,46720,0.997934974655884,0.0978632377314996,0.21649551,0.026505232,0.007209778,0.1827805
solar,67,43264,49600,0.9979340305893012,0.1420310371859344,0.0429852,0.6037612,0.032644987,0.593421
solar,121,44480,45632,0.9979335945465514,0.2060114191650099,0.013480186,0.009405136,0.042803288,0.046878338
solar,70,48384,50112,0.9979315079810384,-0.0370989221021901,0.050100327,0.99718165,0.5355303,0.51175165
solar,OT,42496,44224,0.9979291312463108,0.0214769328341708,0.054821968,0.2973473,0.13493705,0.21723223
solar,106,48320,48896,0.9979284514700846,-0.1689153361264263,0.17975998,0.8700657,0.1057744,1.1556001
solar,78,43264,49024,0.9979278023219889,0.020901866888453,0.19063735,2.329707,0.26352024,2.4025898
solar,84,45632,46208,0.9979228526063986,0.2710300604148496,0.06966686,0.07840109,0.13197565,0.123241425
solar,53,44992,49024,0.9979205655978444,0.2586700078548552,0.07909274,0.4237411,0.18424201,0.16040635
solar,44,44224,45376,0.9979180144197796,0.1135689811119291,0.13366461,0.82869816,0.291265,0.40376854
solar,29,43200,49536,0.9979107704630692,-0.0017522788615151,0.0914011,0.3075118,0.22608519,0.17282772
solar,78,44416,51904,0.9979027686175416,0.2067915159316772,0.7575815,0.104732275,0.60481524,0.2574985
solar,111,44224,45376,0.9979002016079452,0.1695015346863977,0.05195713,0.45054603,0.0066075325,0.40519643
solar,OT,42688,47296,0.9978946102670008,0.2516866506621855,0.064269066,0.3658216,0.21658063,0.21351004
solar,128,48320,50624,0.9978922005736244,0.2627732730345597,0.06714535,0.27449465,0.095431566,0.24620843
solar,51,43200,51840,0.99787904916008,0.2436444964899601,0.080926895,0.20879555,0.2257142,0.064008236
solar,48,44416,46144,0.9978641188909012,0.2754293403958576,0.39714146,0.06792593,0.50323844,0.038171053
solar,21,43264,46720,0.9978609150800593,0.2677615475077645,0.05343914,0.33836722,0.12157416,0.16335392
solar,108,42496,48256,0.9978576830012356,0.1049490094306127,0.13099027,0.08983827,0.13101006,0.17216206
solar,76,44928,45504,0.997845288907406,0.2487059871775362,0.0031063557,0.22796416,0.27327824,0.042207718
solar,38,47232,51264,0.9978444099039157,0.2816342687587083,0.6145079,0.16816688,0.62051606,0.16215873
solar,111,47104,48832,0.997840898596324,0.235366419843875,0.026277065,0.07733345,0.098861694,0.04780531
solar,87,44352,48960,0.9978399285994148,0.2839206630119042,0.012617588,0.2112832,0.16591978,0.03274584
solar,94,49984,50560,0.997825919661742,0.127196234842528,0.25722265,0.060408115,0.12752199,0.19010878
solar,115,42112,49024,0.997824468362952,0.2403594629365441,0.09746885,0.2377708,0.04714966,0.1874516
solar,55,43776,45504,0.9978187836393582,0.1533608217840242,0.11637688,0.065951824,0.22625732,0.043928623
solar,35,43264,50176,0.9978168951809908,0.1094126661008247,0.026052475,0.726419,0.12926364,0.6232078
solar,91,43840,50176,0.997809202821086,0.1522960440380341,0.42911005,0.11807203,0.512733,0.0344491
solar,3,43776,44352,0.9978027671121308,0.2614193194470101,0.03144312,0.21052265,0.1959629,0.016883373
solar,80,47168,50048,0.9977974301104624,0.1204763505352009,0.0027022362,0.29468775,0.21004486,0.08194065
solar,58,43840,48448,0.9977943598853676,0.2334079137431087,0.0332067,0.0053265095,0.105786085,0.07790589
solar,15,42176,43200,0.9977917040829534,0.1543539098317924,1.5195646,0.1131084,1.3664069,0.040049314
solar,85,42496,44224,0.9977866421342751,0.1418916927948138,0.2836256,0.011704922,0.08547282,0.3573935
solar,13,46016,48896,0.9977831296369252,0.1315432227355189,1.8614669,0.1969862,1.6219354,0.04254532
solar,72,42112,47296,0.997777259927965,0.2842414330701654,0.12790418,0.104987144,0.06613445,0.29902577
solar,84,42624,44928,0.997767344361508,0.2784628817124101,0.3378532,0.021562815,0.2161088,0.14330721
solar,91,42688,49024,0.9977671737311832,-0.0653888444480977,0.06926155,0.6290729,0.37661743,0.18319392
solar,66,50752,51328,0.9977668785838066,0.2453669874774226,0.9658961,0.13098145,0.6069069,0.48997068
solar,37,47744,48896,0.997758625465434,0.1021631947811123,1.5661283,0.07063913,1.3245349,0.3122325
solar,2,48384,50112,0.9977525709748692,0.2146563348025482,0.1127274,0.061946154,0.05373144,0.10451269
solar,5,50624,51776,0.9977516217547936,0.2028856495697458,0.04727912,2.280738,0.10936165,2.3428206
solar,57,47232,50688,0.9977434945009552,0.1934481265114427,0.033803463,0.27195024,0.20916033,0.09659338
solar,53,43200,50112,0.99771658882657,0.0966819817177364,0.21468043,1.2944591,0.19938755,0.8803911
solar,85,45376,48256,0.9977110675007406,0.284593199888023,0.39662004,0.27148867,0.5423374,0.12577128
solar,33,42496,45376,0.9977085608870692,0.0947821572746692,0.35009432,0.019704819,0.119478226,0.48927736
solar,11,42496,45376,0.997706106847936,0.2741707565893203,0.5665097,0.36573267,0.12084794,0.81139445
solar,78,50048,52352,0.99770309755819,0.1069941918597307,0.1472466,1.3273993,0.10309577,1.3715501
solar,129,45056,46208,0.9977017733553278,0.2852620003074459,0.013305187,0.042275906,0.054881573,0.025910854
solar,100,46720,49024,0.9977009428855548,0.0954485587734263,0.08956432,0.18303657,0.124046564,0.030574322
solar,36,42496,45376,0.9976988694092628,0.2775201544899009,0.17636204,0.2205286,0.004442692,0.39244795
solar,5,42624,44928,0.997695001855236,0.2633070039604636,0.37044764,0.12453222,0.3861513,0.108828545
solar,98,43200,46080,0.9976867785716684,0.1904821614853823,0.20057201,0.1109612,0.057035685,0.03257513
solar,125,43328,44480,0.997683718440939,0.1595904294225932,0.07540369,0.035033703,0.019451141,0.05982113
solar,56,42496,47104,0.9976758282535544,0.2187261842729386,0.038904667,0.094545364,0.16205263,0.0286026
solar,55,45568,49024,0.997664159004244,0.1623079938105557,0.09940553,0.02805543,0.020204067,0.05114603
solar,90,46080,50112,0.997663351983792,0.0897444009755233,0.2714305,0.297019,0.21779442,0.35065508
solar,27,42496,48256,0.9976581585006412,0.2010930946245214,0.24223971,0.19607091,0.2571249,0.18118572
solar,54,48256,49984,0.9976563009560252,0.1763241017857802,0.10527253,0.21702147,0.07740164,0.24489236
solar,32,44416,49024,0.9976558982849226,0.2501390268190639,0.10282445,0.1587193,0.11712766,0.061232805
solar,3,43200,47808,0.9976548252064968,0.1480114810394507,0.023341179,0.46365166,0.17973614,0.26057434
solar,63,46144,46720,0.9976327900845612,0.2289679129840213,0.05335784,0.38963842,0.2814741,0.05480647
solar,57,42048,48384,0.997630875680648,0.1756678868820413,0.065080166,0.07676458,0.055927753,0.085916996
solar,106,43264,49600,0.9976294579906686,0.2952516334633757,0.22694921,0.47477698,0.015681267,0.68604493
solar,73,44160,51648,0.9976274137796096,0.2919852306048406,0.38066387,1.1292615,0.39236975,1.1175556
solar,130,47296,49600,0.9976130263715336,0.0552366368248928,0.09801006,0.1387434,0.22869825,0.00805521
solar,69,42688,46144,0.9976106402111852,0.2880912457751105,0.18250799,0.05446887,0.00026845932,0.12777066
solar,102,48960,50112,0.997603793712708,-0.0237261871631358,0.04962778,0.123355865,0.15044594,0.022537708
solar,49,42496,45376,0.9975869308397072,-0.010635434555547,0.038662672,0.44107533,0.23732448,0.24241352
solar,59,44416,46144,0.9975852870848844,0.0680052674213305,0.26563716,0.29126048,0.114676714,0.08905339
solar,82,45376,49408,0.9975851423714398,0.2710093379123913,0.12256527,0.17711067,0.23878169,0.18423629
solar,133,45120,47424,0.9975807871305736,0.2680328397443481,0.046598434,0.015892982,0.017945766,0.08043718
solar,67,47232,50112,0.9975732503505208,0.2492204862251922,0.16908789,0.41239738,0.19510412,0.048205376
solar,57,42496,44224,0.9975732279191436,0.2183491980233064,0.14462471,0.018342972,0.010021687,0.13630342
solar,133,42496,47104,0.9975723207723676,0.2238419269257925,0.19082212,0.355783,0.22173905,0.32486606
solar,43,48320,48896,0.9975702796626272,-0.108217843244853,0.11530161,0.3844576,0.0050668716,0.49469233
solar,120,50112,50688,0.9975648825897212,0.0383888369445877,0.006511688,0.14076424,0.12995434,0.017321587
solar,117,43840,45568,0.9975581840384375,0.1565758154042168,0.16637135,0.057784557,0.11690068,0.10725522
solar,48,44352,50112,0.9975564945466158,0.1355259056846285,0.32367563,0.36226463,0.081419945,0.042830944
solar,134,48320,50624,0.9975556098310095,0.2403085569764644,0.044921875,0.18920493,0.18558168,0.048545122
solar,113,42048,49536,0.9975555804614344,0.2870553181966744,0.09823799,0.49489546,0.6989341,0.10580063
solar,86,42496,44224,0.9975521547091416,0.2944045047638169,0.053420305,0.040717363,0.01681137,0.029514313
solar,133,45568,47296,0.9975512732563832,0.291753332628933,0.007986784,0.04109049,0.06872463,0.01964736
solar,78,47232,49536,0.9975496617844314,0.2992785949958365,0.1263094,0.17564535,0.12054968,0.07121372
solar,11,45568,50752,0.9975449339261624,0.2880496886336029,0.11238837,0.30261922,0.1826961,0.23231149
solar,25,48384,48960,0.9975368666699213,0.1433112644775684,0.020186901,0.33356333,0.2728815,0.04049492
solar,83,43712,45440,0.9975346686837918,0.2325821551055799,1.5311773,0.053719282,1.4228117,0.16208482
solar,107,43712,52352,0.997529593939144,0.153539575127231,0.07803154,0.37652588,0.12959957,0.4280939
solar,104,42496,45376,0.9975233150194804,0.2083095422159664,0.20745897,0.55813456,0.107655525,0.657938
solar,53,42496,45376,0.9975125879135311,0.2231325559812284,0.18471432,0.27019596,0.04145336,0.41345692
solar,115,42496,45376,0.9975119850847148,0.2084994603108734,0.1538403,0.41614604,0.100738764,0.46924758
solar,43,47168,52480,0.9974999414408292,0.2732223452933664,0.07331848,0.72627544,0.040758133,0.7588358
solar,65,49536,50112,0.9974924270925184,0.2861411915207384,0.06904411,0.009779453,0.004527092,0.074296474
solar,24,44416,48448,0.9974912202838074,0.2804340984105695,0.016135216,0.34592056,0.14609194,0.21596384
solar,123,42112,51328,0.9974839924395688,0.1449155320943886,1.7706001,0.33187485,1.5658059,0.12708068
solar,74,46144,49024,0.9974825306198885,0.1916981102542832,0.17384791,0.26877236,0.42867494,0.013945341
solar,126,44928,47232,0.9974820350627088,0.2789396880458477,0.011479378,0.29105377,0.024003983,0.2555704
solar,96,48896,50624,0.9974793808605752,0.1930336420486775,0.046691656,0.17587733,0.18794966,0.03461933
solar,108,44352,47232,0.9974743023221392,0.2983830194651835,0.033504963,0.26141262,0.23964214,0.05527544
solar,51,46080,47808,0.9974658201173988,0.1224620977449142,0.23511934,0.05900526,0.028123856,0.32224846
solar,53,44288,50048,0.9974632524476416,0.2843977659431239,0.21441293,0.09438467,0.011578083,0.108450174
solar,66,48896,50624,0.997463055750843,0.234723772504795,0.7479415,0.0042696,0.6548114,0.09739971
solar,130,44288,46016,0.9974543847448656,0.2840125745610977,0.01752162,0.5025377,0.32564735,0.194412
solar,50,46656,49536,0.9974410872523424,0.0555129026454542,0.150527,0.20844746,0.37741756,0.018443108
solar,52,42496,48256,0.9974388877401588,0.2155588258529915,0.23650885,0.03089118,0.11071539,0.09490228
solar,99,43840,44416,0.9974272848909658,0.2712055746547052,0.024335146,0.15186834,0.19330668,0.017103195
solar,3,44864,50624,0.997426175801878,0.2542554780681101,0.17028856,0.14893293,0.0048470497,0.32406855
solar,50,42496,44224,0.9974253410749128,0.2448972705986565,0.24249482,0.008440733,0.01411581,0.21993828
solar,15,43264,50752,0.9974248703178192,0.2906432777149108,0.10683775,0.607625,0.37629342,0.8770807
solar,23,43264,43840,0.9974219077565598,-0.000196650644617,0.11277342,0.8899307,0.30967665,0.6930275
solar,130,44416,46720,0.9974218836718672,0.2696547973541275,0.03855157,0.035375357,0.041953325,0.0319736
solar,61,43840,46720,0.9974108238064716,0.1387664761060678,0.112125635,0.035776377,0.01986432,0.09621358
solar,OT,42240,47424,0.9974057799609584,0.2247041647000496,0.13167572,0.73955417,0.33172464,0.53950524
solar,71,46080,48960,0.9974053872411816,0.2757363844072202,0.17482376,0.01603365,0.16515303,0.35601044
solar,125,48512,49664,0.9973995657794568,0.120886194564247,0.00212574,0.047471046,0.07297802,0.023381233
solar,134,48960,50688,0.9973994390762768,0.216011587989633,0.061535597,0.7526064,0.34963536,0.46450663
solar,1,43264,49600,0.9973828994250534,0.1895142284690682,0.24921036,0.5944011,0.24672675,0.5968847
solar,125,45504,49536,0.997371988853751,0.2874548076754478,0.01618433,0.43511677,0.24573517,0.20556593
solar,36,43712,49472,0.997371638978044,-0.319165682903497,0.16766262,0.078575134,0.0064435005,0.23979425
solar,114,43840,48448,0.9973549704945333,0.2923766913481471,0.034750223,0.00797534,0.107334375,0.06460881
solar,102,42688,46720,0.9973529619091088,0.2537535459275152,0.26460266,0.18169498,0.29730535,0.1489923
solar,32,42496,45376,0.99734939587753,0.2784142646207334,0.0041406155,0.23211718,0.049726248,0.28598404
solar,129,45504,49536,0.9973464282885808,0.2520024561568024,1.3828278e-05,0.15274143,0.09757137,0.05515623
solar,88,51200,51776,0.9973424506787202,0.0024699002343463,0.17855024,0.017138004,0.084634304,0.076777935
solar,21,42496,45376,0.9973413901694086,0.1663452464899021,0.18796134,0.118293285,0.039456606,0.030211449
solar,98,42688,44416,0.9973364461131532,0.2563580062556518,0.0421381,0.2284689,0.13148117,0.054849625
solar,123,46080,48384,0.9973364191442696,-0.0156657516203142,0.28712153,0.30421352,0.21148896,0.3798461
solar,90,46720,50176,0.9973301158304066,0.2790124216040072,0.17267251,0.16867375,0.12792182,0.21342444
solar,5,42240,46272,0.997327847239158,0.295961078031862,0.18348265,0.22260976,0.32094312,0.08514929
solar,64,45440,50048,0.99732356956116,0.2324181571807327,0.15207267,0.4470749,0.23513007,0.3640175
solar,115,48832,49408,0.9973222359409823,0.235443676861484,0.13114166,0.0085372925,0.037540913,0.08506346
solar,37,43904,44480,0.9973209037481112,0.198852765857557,0.118326664,0.21377325,0.14308977,0.18901014
solar,48,42560,43712,0.9973208667835808,0.2345230244143613,0.2646885,0.4320519,0.16896391,0.5277765
solar,135,46656,48384,0.99731520079919,0.2790592979816161,0.114299774,0.18036938,0.1797893,0.11487985
solar,124,42496,45376,0.9973137285518902,0.2851892023882269,0.04087186,0.31228948,0.030301332,0.24111629
solar,43,45504,48960,0.9973084011959072,0.2915026987302341,0.07270789,0.54923534,0.3573699,0.26457334
solar,130,43328,45056,0.9973039672494224,0.2591503685618294,0.50561,0.17110348,0.57674026,0.0999732
solar,94,42688,45568,0.9973008016557344,0.1204356299682913,0.07811022,0.24107862,0.18502307,0.022054672
solar,125,43712,48320,0.99729915957656,0.2473932857975206,0.41654754,0.30847478,0.6148999,0.11012244
solar,87,49984,50560,0.997294809503684,0.2180011809980221,0.20716476,0.18964577,0.13306904,0.2637415
solar,6,44352,51264,0.99729193689189,-0.016213420691512,0.13096166,0.2782321,0.10479283,0.042477608
solar,105,43840,47296,0.997291311294153,0.222821298046859,0.0669744,0.100044966,0.07576823,0.091251135
solar,93,43840,47296,0.997282874600518,0.1954509361918255,0.030742645,0.06270075,0.0751822,0.043224096
solar,81,48320,52352,0.997282083960801,0.2947666380489998,0.031341553,1.7447469,0.14915442,1.8625598
solar,48,44864,48896,0.997280200060365,0.2852233680071919,0.2932737,0.4574144,0.16107845,0.5896096
solar,71,42624,45504,0.9972711119094768,0.2760574498138218,0.00043439865,0.07438612,0.030789852,0.04316187
solar,31,46144,48448,0.9972706128494015,0.2879774922269136,0.05031371,0.3007698,0.15880775,0.19227576
solar,70,49600,51328,0.9972678612041058,0.2956364817136241,0.8759215,0.17856407,0.31196618,0.38539124
solar,72,42496,48256,0.9972655153028166,0.082575220610858,0.106772184,0.08234644,0.068728924,0.09315467
solar,16,48896,52352,0.997263285430319,0.1467454202285587,0.11035633,0.94972277,0.2780404,0.561326
solar,91,43776,48960,0.9972630792484576,0.1727801902630626,0.43428087,0.2770834,0.47474146,0.23662281
solar,43,42624,44928,0.9972583388683456,0.2534452210423353,0.17965126,0.31496525,0.4480734,0.04654312
solar,48,47808,49536,0.9972574452894626,0.2343297037197543,0.018971443,0.1887002,0.19499874,0.012672901
solar,45,43776,48960,0.997254222690568,0.2462520186289136,0.45706773,0.1339984,0.16451716,0.42654896
solar,65,42688,50176,0.9972496362818548,0.1829009286035167,0.029717684,0.30095506,0.17909479,0.15157795
solar,130,44992,48448,0.997248938776148,0.2452736931539608,0.08099723,0.3724029,0.20329094,0.2501092
solar,20,43200,43776,0.9972443079804884,0.1579639638894391,0.025659561,0.26912642,0.07128811,0.22349787
solar,122,43776,44928,0.9972440328566036,0.2344181452009331,0.09972429,0.152699,0.08470392,0.03172922
solar,128,42496,44224,0.9972412537355452,0.2472501146387668,0.22910261,0.12963009,0.2199409,0.1387918
solar,107,44480,46208,0.9972408996975898,0.1115327461672799,0.038792133,0.05761814,0.18305397,0.086643696
solar,25,43200,46656,0.9972392752407392,0.1588720063112116,0.10122013,0.12064457,0.1992104,0.17978597
solar,97,44352,51264,0.9972380814455284,0.2436428227541066,0.34868288,0.46479177,0.04016161,0.075947285
solar,134,47808,48384,0.9972218624410656,0.1887080028483392,0.085846424,0.027706146,0.020121574,0.093430996
solar,43,45568,49600,0.9972170845726114,0.1592319683528006,0.08225894,0.13156319,0.028798819,0.020505428
solar,80,43712,48320,0.9972168606335364,0.1097415728101079,0.7255864,0.2475853,0.7915602,0.18161154
solar,112,45504,46656,0.9972168438607764,0.2550398307742103,0.08301735,0.1265397,0.008300781,0.20125628
solar,70,42112,43264,0.9972161281248044,0.2483448027300538,0.7062912,0.18308163,0.66652536,0.22284746
solar,18,48320,48896,0.9972159080645416,0.2571692229032453,0.098074436,0.119954586,0.08023262,0.1377964
solar,5,42560,50048,0.997214418457784,0.2079315082746782,0.0074288845,0.23913598,0.17396998,0.07259488
solar,58,44416,47296,0.9972130730083056,0.2565451520696903,0.18722391,0.02145648,0.089309216,0.119371176
solar,115,49664,51392,0.997210129710572,0.2823901274160061,0.097828865,0.12628126,0.1885786,0.41268873
solar,93,49984,50560,0.9972067995759883,0.2778781922460645,0.067876816,0.04491806,0.029098988,0.052057743
solar,91,42496,45376,0.9971994589368722,0.2926579628101171,0.13181329,0.07005,0.20245981,0.14069653
solar,25,42560,46592,0.9971949775949815,0.273791911688353,0.23512435,0.8963165,0.13711739,0.9943235
solar,124,46080,50112,0.9971878654382096,0.2128231653455067,0.09675264,0.15356827,0.15034342,0.09997749
solar,44,46080,50112,0.9971840997355592,0.2623372000251736,0.36337256,0.39753318,0.3156941,0.3498547
solar,7,47168,47744,0.9971706942208046,0.2681813243746921,0.11399555,1.176393,0.04879856,1.24159
solar,82,44224,47104,0.9971619603458366,0.2001151122185997,0.24937749,0.15113688,0.04048276,0.3600316
solar,126,47808,48384,0.997160257764594,0.2818597846736029,0.0022306442,0.040412426,0.024020672,0.018622398
solar,21,45440,48320,0.9971506419995212,0.29865512413152,0.12782931,0.15642023,0.09094715,0.1933024
solar,104,48448,49024,0.9971500805195664,-0.0682184812522648,0.07627058,0.13560939,0.10916734,0.10271263
solar,67,42048,43200,0.9971451296870067,0.1091512213847359,0.3251629,0.032484055,0.1517024,0.14097643
solar,123,42688,49600,0.9971431712236608,0.2844180056507376,0.012204409,0.29342055,0.24744606,0.033770084
solar,26,48384,49536,0.9971430302126884,0.1675626698897329,0.1443758,0.2212472,0.29714203,0.06848097
solar,31,46272,49152,0.9971279021777508,0.2660124099768262,0.0015892982,0.028950691,0.04659152,0.01605153
solar,7,45504,48384,0.9971275004089456,0.1401052440962235,0.060978413,0.5187583,0.32019138,0.25954533
solar,116,45120,46848,0.9971261784491044,0.2928261394106725,0.07825565,0.05247283,0.074469805,0.10025263
solar,34,50112,50688,0.997123189079887,-0.2090622606825562,0.0030202866,0.067670345,0.017744064,0.052946568
solar,43,43200,48384,0.9971162202250392,-0.0216110516180745,0.100706816,0.6723223,0.12219763,0.65083146
solar,32,44352,49536,0.997114925133848,0.2467846994973983,0.0696702,0.11733675,0.10961676,0.077390194
solar,72,43712,44288,0.997114462530354,0.2590541471403264,0.16963053,0.14290094,0.11250305,0.20002842
solar,56,44416,49024,0.9971138151926562,0.1901622853384733,0.19620037,0.03299904,0.013524294,0.14967704
solar,131,44480,46208,0.9971130783898018,0.1148196979109566,0.033812046,0.23886156,0.2618456,0.010828018
solar,39,45376,49408,0.9971078109129564,0.0466071474395371,0.16279697,0.19456768,0.17607927,0.14430857
solar,78,42176,43904,0.9970996346120852,0.2940822774535632,0.104789734,0.031154156,0.04857254,0.08737135
solar,115,47168,50048,0.9970982663742436,0.135833241141247,0.057473898,0.3372693,0.18970942,0.20503378
solar,61,47552,50432,0.9970952854688798,0.2665341766240099,0.12722278,0.036464453,0.054507256,0.10917997
solar,131,42496,44224,0.9970887363383328,0.1365511904069581,0.036511898,0.056642056,0.11279774,0.09266758
solar,27,43712,44288,0.9970848463364972,0.0872347646808331,0.5062263,0.3427,0.5634332,0.28549314
solar,119,43840,44416,0.9970843212957996,0.2527984383604526,0.09429264,0.014866114,0.07036233,0.038796425
solar,117,47232,49536,0.9970777336926226,0.2287810965916859,0.05073166,0.3526497,0.26542377,0.13795757
solar,82,46592,47168,0.9970770368499888,0.1607316490074138,0.5025606,0.2556417,0.51896214,0.23924017
solar,66,43776,45504,0.9970767617693448,0.2425810762502153,0.2791357,0.36969233,0.5867865,0.06204152
solar,63,42688,43840,0.9970722285393032,0.1193698756833636,0.00025773048,0.659487,0.3569603,0.30226898
solar,14,50176,50752,0.9970705204294112,0.2972759255643308,0.019616842,0.12079239,0.25780106,0.117391825
solar,36,47232,50688,0.9970671317342856,0.2336746693103852,0.014249802,0.16941833,0.16281366,0.020854473
solar,48,50048,50624,0.9970658279914544,0.1890013099768573,0.42814398,0.36659145,0.5676625,0.22707295
solar,78,43776,48960,0.9970576976592757,0.2099246077546858,0.080533504,0.045002937,0.042865753,0.07839632
solar,112,42688,43840,0.9970502168897682,0.1546666065005855,0.060373068,0.52506185,0.25280833,0.21188045
solar,20,46720,48448,0.9970373009335006,-0.0106145897366548,0.106827974,0.1798594,0.15032387,0.1363635
solar,122,42496,47104,0.997031607872987,0.2713980372429562,0.12697959,0.25623178,0.11500335,0.26820803
solar,54,49536,50112,0.9970306926148724,0.2302659431972276,0.2152214,0.1932931,0.3833325,0.025182009
solar,52,43200,50688,0.9970301285020692,0.2446101982640196,0.005166054,0.16437578,0.0587492,0.11079264
solar,74,42560,46592,0.9970292004306072,0.2387840657587848,0.017858744,0.022419214,0.0042603016,0.000300169
solar,64,42496,47104,0.9970228402020695,0.2013645430004192,0.11599088,0.09757042,0.109297276,0.10426402
solar,24,43200,48960,0.9970160898846984,0.2425970217504282,0.15259504,0.20221472,0.06229782,0.111917496
solar,73,46656,48960,0.9970091452642798,0.2575042162966921,0.02028203,0.1047554,0.13987184,0.014834404
solar,126,45568,49024,0.9970088838204484,-0.6091243524621123,0.40199018,0.18407393,0.09849405,0.3164103
solar,128,43264,50176,0.997007480646254,0.2394650113638505,0.178725,0.75068235,0.25607443,0.6733329
solar,3,46144,49600,0.9970058132022652,0.2355478642115382,0.097150564,0.14289284,0.21576023,0.2615025
solar,17,49536,51264,0.997005194327666,0.1598216923064762,0.15446138,0.22661066,0.01839161,0.053757668
solar,85,43840,45568,0.9970007394913556,0.1286076216713228,0.06945801,0.16420531,0.18989062,0.09514332
solar,95,43712,50048,0.997000257259484,0.250896563311392,0.13549328,0.37881374,0.31830406,0.19600296
solar,116,43776,44352,0.9969954458607316,0.1895698214767541,0.20518589,0.3745892,0.5051317,0.07464337
solar,78,46144,49600,0.9969913049478676,0.1157540605847437,0.14361262,0.17466116,0.10760379,0.21067
solar,83,42496,47104,0.9969624773900768,0.2158741500470223,0.20227861,0.07903981,0.026999474,0.09623933
solar,72,45376,46528,0.9969621669957784,0.2360620754380743,1.1433322,0.00081062317,0.8983731,0.2441485
solar,112,46080,50112,0.9969547394551432,0.2673593223468503,0.13162756,0.19329596,0.14908457,0.08741617
solar,55,42496,47104,0.9969462145368788,0.019856441426934,0.23857379,0.29495144,0.23281264,0.3007126
solar,32,47296,48448,0.9969445737519196,0.1780086811213223,0.0363338,0.055419683,0.047268152,0.04448533
solar,29,43136,44288,0.9969334007735158,0.1675656260134027,2.3098898,0.00017309189,2.3483534,0.038636684
solar,10,47808,50688,0.996931992849243,0.1065164798933338,0.16048145,0.097017765,0.19591999,0.25938368
solar,3,42752,44480,0.9969231300069756,0.2358455067810461,0.029123306,0.10960388,0.066197395,0.07252979
solar,84,48320,48896,0.9969216461550866,0.188781312364019,0.25164938,0.4845686,0.29457855,0.44163942
solar,113,42240,47424,0.9969204130932988,0.2851654238649153,0.08023286,0.7415707,0.23695159,0.584852
solar,99,49664,51392,0.99691987810837,0.2762203321484078,0.33966494,0.18973589,0.30407572,0.15414667
solar,21,47296,50176,0.9969141496141533,0.2986548283218202,0.15704823,0.014360905,0.18439198,0.012982845
solar,99,43136,50624,0.9969065937171312,-0.1039731372182677,1.3787227,0.32424974,1.3906448,0.31232762
solar,56,45568,46144,0.9969019942207268,-0.167484060121583,0.107414246,0.099862814,0.08039689,0.08794832
solar,86,42688,51904,0.9969003652219616,0.2892453512885417,0.5773814,0.12475109,0.38103175,0.3211007
solar,2,43136,44288,0.9968991889532036,0.2593598868784869,1.376317,0.3766911,1.6463656,0.106642485
solar,31,42560,46592,0.9968975124470508,0.0621320526704521,0.2492261,0.007387638,0.11477399,0.35661244
solar,37,45440,50624,0.9968925803205834,0.2915060067558865,0.14043927,0.17229652,0.07463622,0.23809958
solar,46,43840,46144,0.996890225947977,0.1672437420058181,0.39660573,0.120126486,0.5480199,0.03128767
solar,OT,44416,51904,0.996885551616527,0.2186148683273843,0.7132008,0.17559361,0.4576068,0.0800004
solar,126,42496,47104,0.9968840139804478,0.2922929817338554,0.15326476,0.133816,0.17130804,0.115772724
solar,88,44352,51840,0.9968816872172582,-0.1469046816382159,0.5650873,0.01567483,0.28386116,0.26555133
solar,9,47808,52416,0.9968786803107714,0.1284465447081115,0.09605169,0.13238335,0.110678196,0.11775684
solar,11,44352,51840,0.9968779977336478,0.2584707977003387,0.024273396,0.26977968,0.21563864,0.02986765
solar,OT,43840,46144,0.9968769198336278,0.183891414564245,0.43808603,0.23363948,0.77804327,0.10631776
solar,83,45568,48448,0.9968746587213124,0.0074902177228775,0.18015337,0.37680984,0.16341925,0.03323722
solar,10,44864,46592,0.9968738494877591,0.2129961725139725,0.034176826,0.2914009,0.08970356,0.23587418
solar,47,43840,50176,0.9968715766230066,0.2826013349537092,0.32262993,0.16710258,0.46057224,0.029160261
solar,13,42688,49600,0.99687111555601,0.2781764269803943,0.14261198,0.57741475,0.3728702,0.34715652
solar,60,43776,50112,0.9968625578471964,0.0467553032122884,0.19395924,0.086643696,0.09046459,0.19778013
solar,99,48448,49600,0.996852708537478,0.2718547062845318,0.02844429,0.18330479,0.118398905,0.03646159
solar,31,43712,48320,0.9968512908735576,0.1408220964897528,0.0507102,0.19060445,0.23634934,0.0049653053
solar,12,45568,46144,0.9968474621185714,0.1965229334557916,0.43270707,0.08454776,0.036197662,0.31196165
solar,128,46080,49536,0.9968455013101934,0.0854646838556642,0.18685365,1.2805328,0.23019719,1.2371893
solar,35,42496,47104,0.9968453370106904,0.298286956122782,0.07962918,0.2525115,0.12623572,0.20590496
solar,129,45568,48448,0.996839106052869,0.2751746980574758,0.03186965,0.041897535,0.04704213,0.026725054
solar,79,43712,48896,0.9968104423297208,-0.0185970063655567,0.10725474,1.2798736,0.15287733,1.234251
solar,1,44288,50048,0.9968007532929534,0.2573458018587189,0.017699957,0.2820952,0.22662306,0.07317209
solar,51,50112,50688,0.9968005649938204,0.2051931033548504,0.048623085,0.2140379,0.16803598,0.094624996
solar,90,44992,46144,0.99679848506949,0.2907164846434419,0.03563285,0.4529438,0.3432684,0.07404256
solar,122,43264,49024,0.9967981787365164,0.2587171073739334,0.054352522,1.1911249,0.012662649,1.149435
solar,OT,42624,44352,0.9967961787976596,0.0258458851855956,0.15217566,0.16801763,0.101998806,0.086156845
solar,36,46080,51264,0.9967896669461244,0.2973909206422193,0.009602547,0.5890243,0.3358147,0.24360704
solar,17,42496,45376,0.9967841465109836,-0.0257957828443514,0.063298225,0.038745403,0.022603035,0.12464666
solar,64,43776,46656,0.9967838003281916,0.2425221620660029,0.08089805,0.32112932,0.10296321,0.29906416
solar,14,43776,44352,0.9967746622839924,0.2817403521532854,0.2782545,0.37477827,0.44227886,0.21075392
solar,128,43712,49472,0.9967728360232844,-0.2920652739399206,0.02206564,0.14627886,0.07211733,0.09622717
solar,60,42496,45376,0.9967633848403962,0.2296058490815436,0.3365817,0.48190975,0.015330315,0.80316114
solar,33,42176,44480,0.9967612804921612,0.0589793127309349,0.4251089,0.29261255,0.1629324,0.030436039
solar,120,43264,48448,0.9967609492219752,0.12131494171437,0.023786545,0.7223997,0.1882422,0.51037097
solar,85,44288,50048,0.9967602248679914,0.1894829053560306,0.014772892,0.17622471,0.15846777,0.002984047
solar,110,48960,49536,0.9967591648011406,-0.3105640612364022,0.066645145,0.23428011,0.3012576,0.0003323555
solar,94,42048,52416,0.9967563865733656,0.2239011400003897,0.06481218,0.17257118,0.4006076,0.16322422
solar,128,48448,49600,0.9967484734311988,0.2371207025720018,0.047255754,0.110617876,0.085571766,0.022209644
solar,64,44352,46080,0.9967470063995008,0.1490149255636208,0.06932402,0.6069555,0.2708931,0.2667384
solar,92,47232,50688,0.99674519575038,0.2850144851935411,0.030936718,0.16677856,0.17695045,0.020764828
solar,123,43264,51904,0.9967420832899092,0.2895967627483781,0.16661692,0.25318956,0.22364712,0.13707447
solar,35,43776,48384,0.996733511637076,0.2346043358362161,0.09681654,0.34318042,0.4004643,0.03953266
solar,59,50688,51264,0.9967300157211024,0.2869116735151473,0.6249771,0.05484438,0.627928,0.051893473
solar,40,49472,50624,0.9967240804247702,0.173198776144369,0.2904215,0.12824869,0.2715888,0.14708138
solar,10,42624,44928,0.9967215397988686,0.2453803941523752,0.12080574,0.5612693,0.45204592,0.2300291
solar,14,45568,49600,0.9967168985475472,0.1699261124812457,0.056324482,0.20339727,0.15722609,0.010153294
solar,128,46144,47296,0.9967159032891264,0.1154688574644649,0.43711925,0.07933903,0.19000912,0.7064674
solar,109,42688,46720,0.9967142813147516,0.2299568853749558,0.103976965,0.12797856,0.2076571,0.02429843
solar,44,43840,46720,0.9967096563283098,0.0634288177132631,0.1582632,0.3433051,0.18811321,0.0030713081
solar,51,42688,45568,0.9967070769302144,0.281618913223628,0.014915466,0.18654466,0.108392715,0.09306741
solar,92,46592,49472,0.9967052222668896,0.2237276684968038,0.11399174,1.209928,0.12959337,1.1943264
solar,12,46080,49536,0.996704671446857,0.2703271501692738,0.20135045,0.6590071,0.1809218,0.67943573
solar,73,43904,50816,0.99670452525026,0.286895298195408,0.0016946793,0.0854969,0.13159943,0.047797203
solar,127,43712,48320,0.996703805791062,0.2187182202625339,0.30105543,0.18734312,0.37356162,0.11483693
solar,14,42496,47104,0.9966954311666156,0.2760463626553459,0.05256176,0.2863636,0.31571555,0.02320981
solar,3,45504,48384,0.9966946396792028,0.2686308610717694,0.075960636,0.54855585,0.34357023,0.12902498
solar,42,48896,50048,0.9966879253128016,0.2046190446607945,0.02590084,0.074104786,0.06695318,0.018749237
solar,35,42112,50752,0.9966840579005096,0.2362466545484857,0.13508606,0.14256144,0.23790145,0.039746046
solar,31,44864,49472,0.9966822123038838,0.1227884076787524,0.19305205,0.27538443,0.088555574,0.3798809
solar,107,42496,45376,0.9966818162024818,-0.0409969294808681,0.31573963,0.21319056,0.037331104,0.49159908
solar,6,47744,48896,0.9966760420311628,-0.3693078138856924,0.06849718,0.086518764,0.1735673,0.15554571
solar,130,42496,48256,0.9966717191903456,0.0897331985468771,0.198874,0.22344136,0.2021513,0.17758393
solar,45,44352,48384,0.9966597288022908,0.1814236469685094,0.2507298,0.16956568,0.038776398,0.38151908
solar,103,46016,48320,0.9966520412445318,0.0414610125942398,2.9139547,0.21359205,2.826065,0.12570238
solar,113,43200,50688,0.9966471909051476,-0.2668565712176339,0.083161354,0.53408766,0.41065407,0.20659494
solar,89,49472,50048,0.9966427529563944,0.1458734137749078,1.7777622,0.027111292,1.8492699,0.0443964
solar,123,43776,50112,0.9966355512582112,-0.0581735416036499,0.04525137,0.40190744,0.24193096,0.20522785
solar,15,47168,50048,0.996631751861014,0.1868855444400826,0.043248653,0.25072098,0.21812463,0.075845
solar,33,44928,49536,0.9966284065972916,0.2932656731156836,0.10317707,0.29959106,0.3679781,0.1715641
solar,114,42688,47296,0.9966279411767248,0.2083832110928794,0.00785923,0.16829062,0.107316256,0.06883359
solar,41,43264,49600,0.9966271452567536,0.2117696871439175,0.04284811,0.79540706,0.20485473,0.63340044
solar,74,43200,48384,0.9966255407558904,0.2997737951215363,0.378438,0.5589533,0.8077779,0.1296134
solar,87,42496,45376,0.9966252588173306,0.2970758342936516,0.24430323,0.35781145,0.06256652,0.6646812
solar,1,45504,50688,0.9966235297467398,0.0353380086713484,0.0840888,0.52333736,0.43525362,0.0039949417
solar,19,42496,44224,0.9966217070924708,0.2833688105700616,0.23327208,0.12851381,0.1262834,0.23550248
solar,102,45376,50560,0.996620430343081,-0.0729121449308587,0.43136168,0.093016624,0.02094841,0.35929346
solar,78,43840,51328,0.9966118884869468,0.2780448210118905,0.5687566,0.040315628,0.41519547,0.19387674
solar,47,46592,51200,0.9966064108714262,0.2474987513456898,0.20132494,0.24809408,0.1451292,0.09836006
solar,44,42176,45056,0.9966039028740872,0.0069857389572575,0.18126106,0.082839966,0.7165594,0.6181383
solar,69,43328,43904,0.9965958049075936,0.1509316139263266,0.13189745,0.123829365,0.2015214,0.054205418
solar,37,45568,46144,0.9965859279493728,0.0632274306219942,0.21785855,0.06504464,0.11698985,0.16591334
solar,19,46656,47808,0.9965779677197152,0.1447048363436342,0.064734936,0.19008875,0.14009333,0.11473036
solar,18,45504,48960,0.9965631028744352,0.1219954361636495,0.095914364,0.5533986,0.36664915,0.28266382
solar,80,44928,46656,0.99655790447161,0.2690063561827956,0.24981666,0.04317665,0.05969715,0.14694285
solar,117,44800,46528,0.996555786332414,0.2863564040396347,0.076218605,0.11242604,0.10872531,0.07251787
solar,23,44800,47104,0.9965553251320672,0.2590978623429864,0.5123253,0.63977814,0.32204556,0.83005786
solar,11,42688,47296,0.9965506451714776,0.0984258779741726,0.092628,0.4048643,0.28109002,0.21640229
solar,83,45504,48384,0.9965482247357296,-0.0979987796008431,0.07394934,0.42445707,0.2556548,0.094852924
solar,101,47232,49536,0.996544753028885,0.2221600309192754,0.12467432,0.11775303,0.10992336,0.13250399
solar,56,46080,50112,0.9965431697854884,0.2945743022652627,0.20753026,0.99894166,0.37721872,0.8292532
solar,55,46592,48320,0.9965368418068096,0.1703840191185034,0.07331562,0.049336433,0.07162619,0.09560537
solar,96,44480,47360,0.9965324258522804,-0.0308894847854183,0.021604061,0.05517292,0.107224464,0.073655605
solar,129,42752,48960,0.996532424982548,0.2432282017357497,0.54218817,0.1256423,0.63764906,0.030181408
solar,39,43200,46080,0.9965309138348692,0.2477086272343201,0.4310708,0.15299487,0.33863354,0.24543214
solar,112,42496,47104,0.9965282135844152,0.1371796058728626,0.18143821,0.2160163,0.11648059,0.2809739
solar,110,47296,48448,0.9965282097614953,0.1951552597196311,0.07233453,0.037358046,0.009109497,0.04408598
solar,66,44928,50112,0.9965278880435584,0.2524382577339452,0.07126713,0.17486858,0.16708326,0.06348181
solar,102,48896,50048,0.9965162578190286,0.1637818835753967,1.5528386,0.008708715,1.4265332,0.13501406
solar,124,47168,50048,0.9965029702411046,0.1766669798850913,0.022318125,0.34009242,0.26629114,0.096119404
solar,97,45440,50048,0.9965018238570408,0.1437803800930914,0.09652424,0.19671965,0.11539364,0.17785025
solar,119,42240,48576,0.9965017372579366,0.2903245944658545,0.037932396,0.674119,0.22023034,0.49182105
solar,3,47168,48320,0.9965015483229068,0.1200105016158481,0.00894165,0.044474125,0.038912773,0.0033802986
solar,94,46080,51264,0.996494759674408,0.2248050036106038,0.64857984,0.02970171,0.2942624,0.32461572
solar,92,42688,51904,0.9964937589621048,0.1437399630687003,0.3484931,0.0009288788,0.3277583,0.019805908
solar,76,44416,50752,0.9964894435532002,0.1653511646610758,0.16502976,0.10309529,0.1943891,0.07373595
solar,25,42496,44224,0.99648365359895,0.1565856584883894,0.95139503,0.034688234,0.6487274,0.26797938
solar,12,49024,49600,0.9964762317268068,0.1405522227480356,0.084700346,0.041071177,0.04474497,0.08837414
solar,54,43328,43904,0.996469153665304,0.2848587114958276,0.11355209,0.26086998,0.270576,0.10384607
solar,55,46080,48384,0.9964574014687624,0.1226820810578855,0.2500217,0.5847368,0.43229604,0.40246248
solar,100,46528,48256,0.9964573021482026,0.1174964094610596,0.12559104,0.12721491,0.3873458,0.13453984
solar,123,43712,48896,0.9964564856340116,0.0457686284285998,0.752193,0.15457344,0.6782794,0.22848701
solar,29,50112,51840,0.9964483046208826,0.1915581193841318,0.4108219,0.108881,0.35064173,0.16906118
solar,OT,51264,51840,0.9964362349874984,0.2006979631193067,0.372113,0.19209337,0.11114836,0.453058
solar,129,44416,46144,0.9964300243510076,0.0560334039549072,0.5534308,0.087729454,0.534739,0.10642123
solar,26,42624,46080,0.9964292658501388,0.2193543308997409,0.13743854,0.8719442,0.20006561,0.53444004
solar,10,46272,50304,0.9964221058695704,0.2589725250339272,0.1773305,1.0030396,0.2077539,0.6179552
solar,89,42496,45376,0.9964113732993272,0.2522301065930425,0.22374201,0.39814138,0.085751295,0.5361321
solar,18,49536,50688,0.9964087189296384,0.1482430047387913,0.0014224052,0.1578536,0.15874243,0.0005335808
solar,88,48448,51328,0.9964055491399592,0.1821686007811509,1.1863198,0.093812466,1.1105237,0.1696086
solar,109,42496,47104,0.9964039369178986,0.2516976220998264,0.003291607,0.12902904,0.07190728,0.053830147
solar,61,46080,48960,0.996403923000764,0.1860186482159275,0.23031187,0.2781067,0.30266,0.25486517
solar,41,46656,49536,0.996403891926467,0.2760206407360389,0.20424795,0.1925745,0.3685012,0.028321266
solar,127,44352,50112,0.9964021001079096,-0.2002196025013946,0.613688,0.2605822,0.8429425,0.031327724
solar,112,44992,49600,0.9963974929611876,0.2850268537953109,0.17259884,0.7437887,0.16120219,0.4099877
solar,124,46592,52352,0.9963910546414876,-0.0528479586803785,0.136765,0.22561502,0.080426216,0.16927624
solar,17,42752,43904,0.9963907487748288,0.2822347161515286,0.1354394,0.33204126,0.31261492,0.5092168
solar,119,42496,48256,0.9963874869508088,0.2377469613899027,0.06462073,0.04977417,0.08057833,0.09542489
solar,21,46656,51264,0.9963775159114728,0.295064087450109,0.5931089,0.15703082,0.15367317,0.2824049
solar,130,42240,47424,0.9963767348164796,0.2776638144245649,0.18748808,0.3436706,0.18342566,0.34773302
solar,43,46080,47808,0.9963757640993696,0.2596890691205399,0.33691406,0.16259098,0.1750226,0.32448244
solar,44,48256,50560,0.9963743206046192,0.2910588066121947,0.06189561,0.2406323,0.13270617,0.16982174
solar,105,50688,51264,0.9963710885265812,0.1487750320964392,0.366534,0.37563157,0.10121107,0.092113495
solar,126,44864,50624,0.996368591102206,0.2657579953691412,1.7924731,0.19586635,1.832391,0.1559484
solar,36,47296,48448,0.9963672710893188,0.1429743266232015,0.046173096,0.13733459,0.10278797,0.011626482
solar,120,42560,46592,0.9963662132391032,0.2448844110371225,0.017305613,0.86129165,0.22406054,0.6545367
solar,47,48320,52352,0.9963555244254828,0.0954916143353211,0.1584847,1.8653653,0.19812083,1.8257291
solar,48,46016,49472,0.9963548503883924,0.0413859862214937,0.3429227,0.21434069,0.08554697,0.64281034
solar,104,42560,48320,0.9963414763197852,-0.2053972686479013,0.057990313,0.18868256,0.11995101,0.12672186
solar,69,44288,50624,0.9963385492681722,0.2285570860524603,0.052141666,0.081945896,0.05697775,0.07710981
solar,34,43264,46144,0.9963367672468249,0.2212112345413861,0.06791663,0.54282975,0.30651736,0.16839576
solar,87,46592,51776,0.9963272730688388,0.0225749653627841,0.09671211,0.9718194,0.01206398,1.0805955
solar,80,46848,50304,0.9963256463725636,0.27695473337201,0.22085738,0.021679163,0.104747534,0.13778901
solar,76,46656,49536,0.9963196670418704,0.2688951188723856,0.03294897,0.35339737,0.38064575,0.005700588
solar,65,44224,47104,0.996319212217096,0.2952105926107468,0.15057659,0.030940533,0.027695179,0.09194088
solar,16,42688,47296,0.9963144811575426,0.0400086250790714,0.019552708,0.2879269,0.21836042,0.05001378
solar,91,47168,49472,0.9963079915151348,0.2322309098058453,0.20991755,0.7631445,0.13471222,0.8383498
solar,5,43840,44416,0.9963046506173052,0.1281024974203168,0.020661354,0.12909293,0.016482353,0.13327193
solar,58,42496,48256,0.9963033026272156,0.2319115480637528,0.05606079,0.11385417,0.12336445,0.046550512
solar,130,42624,45504,0.9962909074738168,0.282589878113944,0.07676816,0.1913023,0.17226624,0.095804214
solar,62,44352,44928,0.9962846525121968,0.1171415658964724,0.14328289,0.601809,0.30882645,0.14969969
solar,83,49536,50112,0.9962834767126384,0.2735563660993034,0.06577301,0.35937023,0.2654786,0.02811861
solar,79,42048,44928,0.996282467101964,0.2305618950006701,0.019956589,0.16521072,0.18768406,0.042429924
solar,75,46656,50688,0.996278922141052,0.2562465299831172,0.011733055,0.43443823,0.35294533,0.069759846
solar,123,46272,50304,0.9962788795363487,0.2929297646308913,0.08463049,0.83565426,0.35466313,0.39636064
solar,66,42560,44864,0.9962625878450614,0.1737047522224698,0.12514544,0.3209858,0.22224116,0.22389007
solar,49,43712,48896,0.9962622969734642,-0.2169374634193399,0.82539654,0.04032278,0.647655,0.13741875
solar,105,42496,48256,0.9962622852160922,0.2956899988840065,0.05971551,0.07484126,0.083666325,0.06854057
solar,117,42496,48256,0.9962612593151096,0.1186978813661897,0.15719414,0.07433462,0.12508273,0.10644603
solar,76,46144,47296,0.9962449209186864,0.2403324596399127,0.24063206,0.40489483,0.04111004,0.6866369
solar,20,43712,46016,0.9962326343236922,0.0298473752781624,0.067742825,0.48218966,0.05193615,0.36251068
solar,35,46848,49152,0.9962314771181932,0.1938087192142333,0.1375122,0.09670544,0.15663934,0.077578306
solar,72,43776,44928,0.9962290360242678,0.2691479218609034,0.049498558,0.009568214,0.0027709007,0.061837673
solar,8,43200,44352,0.9962158095381524,0.2100551967600161,0.27294016,0.05164051,0.28207064,0.06077099
solar,82,42048,43200,0.9962138227200464,-0.1586071831747678,0.24981356,0.022033453,0.1479044,0.07987571
solar,2,47296,48448,0.9962009475653416,0.2912525528279391,0.17885828,0.113492966,0.008848667,0.056516647
solar,81,45504,51840,0.9962007205719672,0.2943536697064365,0.36467314,0.21040297,0.088675976,0.24294615
solar,22,42624,44352,0.9961941517834664,-0.0225125345306674,0.027788639,0.06639719,0.116677284,0.07806873
solar,62,43264,44416,0.9961939638759304,0.1917484046920093,0.20680118,0.58527756,0.07272959,0.8648083
solar,6,50176,51904,0.9961874858757916,0.2269405259653675,0.4803095,0.27519488,0.7508209,0.0046834946
solar,134,48448,50752,0.9961856883749122,0.2914548419187038,0.22881103,0.3029189,0.069598675,0.6013286
solar,33,43840,46144,0.996182724977676,0.2332598446979403,0.29375744,0.00058722496,0.12782836,0.1665163
solar,113,42624,46080,0.9961780913700076,0.2874196826701946,0.10043931,0.12418151,0.027285576,0.003543377
solar,51,42560,45440,0.9961737314939104,0.2786136862230173,0.37654567,0.007941484,0.12642622,0.24217796
solar,130,43840,45568,0.9961734992397836,0.1306308387918944,0.09966636,0.044050455,0.1357665,0.007950306
solar,74,45376,48256,0.9961662154896233,0.0957450895222303,0.2869985,0.1828866,0.304883,0.16500211
solar,1,46016,48896,0.996166204764268,0.2773271128404881,0.15316057,0.22329283,0.18652701,0.11639476
solar,70,42624,46080,0.9961655674496096,0.1215572200875531,0.18768454,0.21103406,0.061742783,0.03839326
solar,49,42240,50304,0.996159059477189,0.2483891760056973,0.077130556,1.1017265,0.3447485,0.6798475
solar,70,45568,46144,0.9961531571070272,0.2548717214006816,0.031159878,0.17917609,0.18281054,0.027525425
solar,115,44544,45696,0.996151573740408,0.2254722550524158,0.10871911,0.00615263,0.04556966,0.1604414
solar,53,44224,48256,0.9961452209755952,0.2980941224001044,0.14311242,0.16704226,0.23550725,0.07464743
solar,80,43776,45504,0.9961432278873384,0.2414927705990815,0.15213346,0.17921853,0.38043523,0.049083233
solar,OT,46272,50304,0.9961426453821636,0.2194929518021088,0.02264738,0.60270333,0.2543671,0.32568884
solar,118,44992,51904,0.996137605076156,0.2443731443450093,0.34972334,0.0878706,0.13549066,0.30210328
solar,53,43264,46720,0.9961358711239914,0.2290582185771328,0.13613486,0.84011555,0.35120153,0.6250489
solar,87,46144,48448,0.996130591273134,0.2971085241091874,0.029441833,0.2363565,0.058664322,0.14825034
solar,39,51200,52352,0.9961294816987282,0.2399249099206821,0.3967409,0.015973568,0.12620115,0.2545662
solar,82,46656,48384,0.9961174299517224,-0.0793725687955323,0.039508343,0.22630882,0.18248129,0.08333588
solar,98,43712,50624,0.9961146238711682,-0.3839114159138829,0.65487313,0.19629884,0.58397484,0.26719713
solar,118,44288,47744,0.9961135345816244,0.2020503951587186,0.026946545,0.46693468,0.3508215,0.14305973
solar,49,43776,44928,0.9961130111442628,-0.0781660458373648,0.7878909,0.1806655,0.5080004,0.46055603
solar,122,48320,50048,0.996108876048717,0.2481241206792119,0.102348566,0.33133268,0.23996067,0.19372058
solar,64,42752,45056,0.9961079304988888,0.2290947048241388,0.017327309,0.08763075,0.040956497,0.06400156
solar,132,47104,48832,0.9961051705336372,0.2690621021661078,0.015787601,0.06561041,0.111638546,0.030240536
solar,31,44800,45376,0.9961042728459352,0.0955753114852388,0.14672923,0.10038948,0.05044055,0.19667816
solar,120,44992,49600,0.9960757053692028,0.2579894521502853,0.04938698,0.46950984,0.18750024,0.23262262
solar,71,42496,47104,0.9960754120182956,0.0585038218270163,0.168962,0.2857957,0.1504159,0.3043418
solar,93,42176,44480,0.996075275121134,0.2048993901266665,0.02647829,0.17491865,0.123864174,0.07753277
solar,129,47744,50624,0.9960700224208218,0.2800293647486557,0.24643922,0.21656466,0.29191232,0.17109156
solar,100,42496,44224,0.9960673452046704,0.2113206510065073,0.27353358,0.10863757,0.14932251,0.31421852
solar,17,50752,51328,0.9960671290943568,0.2472783914914925,1.204752,0.03825736,1.1466546,0.09635472
solar,55,48448,49600,0.9960652713300188,0.1393190415777418,0.21856475,0.17948055,0.28602552,0.11201978
solar,100,47744,48320,0.9960551631434764,-0.2502676913993911,1.7541666,0.20612097,1.6821599,0.13411427
solar,107,42752,47360,0.996053889495004,-0.0569321287650331,0.09536314,0.072889805,0.04460478,0.12364817
solar,121,43904,50816,0.9960520599150008,-0.3389215840542738,0.2132225,0.25237656,0.32527065,0.1403284
solar,84,49472,52352,0.9960442258026072,0.1493604597968626,0.11712837,1.3149886,0.20714617,1.6392632
solar,75,48384,51264,0.9960424910317184,-0.1377506914714554,0.5926106,0.015828371,0.4884622,0.11997676
solar,69,44352,51264,0.996028918609768,0.2398412665913744,0.23105311,0.37418866,0.19891596,0.05578041
solar,28,46080,50112,0.9960189464017234,0.1798552613065101,0.15745115,0.04604149,0.17459822,0.06318855
solar,60,47744,49472,0.9960179743828792,0.0716136085041924,0.25497293,0.19200039,0.2737999,0.17317343
solar,112,44480,50816,0.996017187238753,-0.0835885834344034,0.058573723,0.011613369,0.023457527,0.046729565
solar,70,42496,47104,0.996017179749508,0.0263179770325084,0.13833094,0.1778729,0.15575457,0.11621261
solar,76,46016,51200,0.9960162356004792,-0.5332751118181773,0.8892307,0.10381317,0.42161322,0.36380434
solar,86,42560,44864,0.9960160405433198,0.1655780823808814,0.20273566,0.9274056,0.53748417,0.5926571
solar,48,45120,47424,0.9960105662539326,0.0812129076878596,0.08121729,0.2574885,0.32019687,0.018508911
solar,18,46144,46720,0.9960094952857708,0.2183851998410179,0.10202503,0.19991302,0.23713088,0.13924289
solar,59,46080,49536,0.9960069309249772,0.2454177729012778,0.22715378,0.582674,0.21078658,0.5990412
solar,46,42496,47104,0.996006343233387,0.1706180175677929,0.07247639,0.09654045,0.08869839,0.06463432
solar,118,48384,51264,0.9959909119033056,0.2106535226278568,0.114197254,0.25040245,0.11302376,0.023181438
solar,109,44800,50560,0.995990542331295,-0.4004322287219736,0.34493947,0.23677921,0.15102363,0.43069506
solar,128,44288,47872,0.99598576043261,0.1990407481423488,0.1881926,0.86705637,0.29445863,0.38440514
solar,69,43776,46080,0.995984382082492,0.1515382368911147,0.035661697,0.07491255,0.060762882,0.021512032
solar,77,42752,46784,0.9959822117527742,0.0944933822858055,0.06412983,0.07012558,0.056941986,0.07731342
solar,17,42560,48320,0.9959749698171136,0.2389383405489586,0.11215401,0.33118176,0.117331505,0.32600427
solar,17,42240,47424,0.9959635540322896,0.2810114540167678,0.15207314,0.97552824,0.2823043,0.8452971
solar,36,48320,50624,0.9959525886851078,0.1819027435421398,0.08380818,0.0058050156,0.0067403316,0.08287287
solar,40,44416,46720,0.9959496432563724,0.2487784136333017,0.13506651,0.069286585,0.050282,0.116061926
solar,125,42752,45056,0.9959387166853354,0.102754985977156,0.06933069,0.09237814,0.05408001,0.10762882
solar,45,49536,51264,0.9959337776586056,0.2076839594002894,0.36066818,0.46731043,0.11275005,0.006107807
solar,3,43136,44288,0.9959307569000708,0.0567099741190051,0.02229166,0.08152032,0.27260447,0.2133758
solar,116,48384,49536,0.995925952919462,0.2425519096829868,0.10181999,0.4376049,0.27687454,0.26255035
solar,49,42688,49024,0.9959138677637648,0.2744183660626998,0.1247015,0.21380591,0.18648767,0.09738326
solar,14,51264,51840,0.99591363858864,0.245900811921933,0.009396553,0.1810565,0.21426845,0.0426085
solar,45,45376,50560,0.9959127651692,0.1919044569971445,0.1040864,0.19080591,0.01656437,0.070155144
solar,17,46080,50688,0.99591255139399,0.1781521066469399,0.15342617,0.27844715,0.17050362,0.2613697
solar,104,42688,50752,0.9959096375839536,0.2667373372210634,0.052770615,0.3388431,0.16097856,0.23063517
solar,121,47232,50688,0.9959073254302516,0.243080138701677,0.01778078,0.48315287,0.3488984,0.116473675
solar,109,43264,45568,0.9958984478539036,0.201783786625716,0.16456223,0.499676,0.22507286,0.43916535
solar,50,50112,51264,0.9958961750046436,0.2358642544838343,0.32938147,0.18513155,0.17181253,0.027562618
solar,17,48448,49024,0.9958801172399504,-0.0436473303307136,0.27806568,0.131845,0.19404173,0.21586895
solar,58,43712,49472,0.9958777127228856,0.0118675019833705,0.07307243,0.056558132,0.09411764,0.11063194
solar,114,42624,48384,0.9958706008438836,0.2828369899030886,0.08704972,0.29095697,0.17023778,0.20776892
solar,116,42624,46080,0.9958643494912836,0.2609345443111277,0.25427175,0.3056202,0.024487495,0.07583594
solar,42,42240,47424,0.9958599035856972,0.2100663700641295,0.023720026,0.11142182,0.02083397,0.11430788
solar,59,46016,51776,0.9958543840764305,0.02760128617498,0.77370024,0.44669342,0.39031982,0.06331301
solar,23,43200,46656,0.995847852532246,0.2284408549629501,0.11090565,0.05143261,0.38044405,0.2181058
solar,106,50752,51328,0.9958473721506356,0.2967092438713143,0.8345709,0.035099983,0.6582229,0.21144795
solar,44,47744,51776,0.9958464639605764,0.2333732403763315,0.2348795,0.36983585,0.049670696,0.55504465
solar,90,42496,47104,0.9958429556767344,0.1964437254492282,0.29541993,0.25028777,0.2069385,0.3387692
solar,50,42752,44480,0.995841685180842,0.2003914663657938,0.0902853,0.11121559,0.06946945,0.13203144
solar,35,43840,46720,0.9958416759791058,0.2338219114469783,0.24798942,0.18403673,0.041938066,0.10589075
solar,12,42752,46208,0.9958373934844126,0.0639042612672882,0.042609215,0.026777744,0.17958593,0.110198975
solar,131,42048,43200,0.9958111433804292,0.257207920172757,0.0692997,0.03435135,0.0511837,0.15483475
solar,33,43520,46976,0.995810092862664,0.2550808305416354,0.3003683,0.24511981,0.05068469,0.10593319
solar,63,43776,45504,0.9958052856416222,0.2684386998423143,0.19223309,0.033519745,0.3272109,0.10145807
solar,3,46016,51776,0.9958031954826678,-0.1307726382608519,0.20040512,0.10400009,0.17782784,0.12657738
solar,48,42112,48448,0.9958031405702832,0.2312282739717634,0.02690792,0.046163797,0.23454642,0.21529055
solar,87,43776,46656,0.9958024367902484,0.297597896731286,0.23876953,0.10776329,0.022660732,0.15366697
solar,103,42176,42752,0.995801339285302,0.1285046782973798,0.5195198,0.7887759,0.1480732,0.4173293
solar,35,42624,46080,0.995800856887637,0.1076501100287151,0.005378008,0.52628684,0.3181634,0.20274544
solar,38,48960,50112,0.9957985357749712,0.1212818177790886,0.0969162,0.09603453,0.13013601,0.06281471
solar,41,44416,47296,0.9957933608945198,0.2179864454884808,0.19808984,0.0192523,0.043214083,0.17412806
solar,120,48960,49536,0.9957903095439596,0.214109182647541,0.28114653,0.359509,0.6282158,0.012439728
solar,59,43264,47296,0.9957896071560473,0.1331239007859015,0.06289554,0.8589213,0.10751009,0.81430674
solar,118,42624,45504,0.9957880356739672,0.1860304969847168,0.021420002,0.277915,0.23016882,0.02632618
solar,118,44224,48256,0.9957788370347715,0.2729905958880086,0.12116051,0.20703673,0.22966576,0.098531485
solar,40,47232,49536,0.9957725935671272,0.2208149956460204,0.053827286,0.18813896,0.16779375,0.0741725
solar,66,42496,45376,0.9957593365237312,0.1543539615576523,0.20326972,0.0016360283,0.08176947,0.2866752
solar,53,42752,45056,0.9957516854212674,-0.0644525920493166,0.01704359,0.18862867,0.19959211,0.0060801506
solar,74,47232,50112,0.995751067801342,0.2933889378001201,0.076616764,0.208467,0.18086767,0.04901743
solar,5,49472,52352,0.9957424966653718,-0.21550735358109,0.119122505,1.3510189,0.041639328,1.4285021
solar,111,45504,48960,0.9957352236772152,0.2804547232728717,0.010584116,0.76849294,0.4285493,0.32935953
solar,6,47168,50048,0.9957331560599798,0.2438276802006495,0.1358943,0.9896226,0.26637602,0.8591409
solar,95,44288,47744,0.9957329597952445,0.1832074898614694,0.11162186,0.51724887,0.22504663,0.4038241
solar,127,42048,51264,0.9957320303844976,0.0590784848789874,0.52418804,0.2646575,0.26552582,0.0059952736
solar,124,45568,49600,0.9957276842418702,0.1797676256171132,0.06759858,0.54505444,0.1848259,0.29262996
solar,114,48960,52416,0.9957099267600868,0.0168561522257536,0.22647238,0.112561226,0.0073361397,0.10657501
solar,119,47808,48384,0.9957087910498468,0.1784063566575733,0.26749802,0.54585886,0.7606058,0.052751064
solar,30,42688,49600,0.9957087149188396,0.2689541049369807,0.031599283,0.3698759,0.24470305,0.15677214
solar,38,42496,47104,0.9957074793272558,-0.0259968816197515,5.9366226e-05,0.10681391,0.13579106,0.029036522
solar,97,44544,47424,0.9957066869944236,0.103182650511281,0.049819708,0.041137457,0.036410093,0.05454707
solar,108,43136,49472,0.995692203566233,-0.0675869078544541,0.3877573,0.12908888,0.048885345,0.20978308
solar,132,42496,44224,0.9956912662887312,0.2439140223402096,0.26679564,0.033504486,0.30393314,0.0036330223
solar,5,49152,50304,0.9956812038019964,0.2271171074898386,0.02583623,0.019106865,0.009736776,0.035206318
solar,133,43776,50112,0.9956790023702878,0.161090118982408,0.6026821,0.004124403,0.33486342,0.2719431
solar,58,42752,47936,0.9956779671699189,0.2412396709142288,0.12592316,0.028831005,0.08411741,0.07063675
solar,39,43264,45568,0.9956779181065862,0.2317323931192064,0.114130735,0.3418324,0.18357563,0.2723875
solar,106,43776,46080,0.9956741231002142,0.0694539077578363,0.28610086,0.1290245,0.24643898,0.16868639
solar,73,43712,48320,0.9956722565759332,0.2634961661343976,0.23148608,0.33540297,0.4185326,0.14835644
solar,94,43712,48320,0.9956477391709816,-0.0699490732016129,0.9075279,0.11257315,0.72161245,0.29848862
solar,93,44416,51328,0.995646018658326,0.2668807496355795,0.88865805,0.08173919,0.6512556,0.15566325
solar,117,42048,43200,0.9956437738442248,-0.1108385602684727,0.19710445,0.06818056,0.08789587,0.041028023
solar,102,44352,51840,0.9956379885308084,0.2773380453166212,0.2262454,0.020059109,0.24291134,0.036725044
solar,27,42752,49664,0.9956368154830912,0.1588376304802885,0.0530653,0.1330781,0.17359877,0.012544632
solar,6,46144,50752,0.9956190133390878,0.2926088324187697,0.16113853,0.278229,0.083152056,0.20024252
solar,39,42688,47296,0.9956178273498744,0.1703552980884199,0.09090972,0.3692901,0.19644189,0.081938505
solar,69,44800,46528,0.995614320887934,0.2576224375283662,0.009584665,0.2690029,0.11147332,0.16711426
solar,69,42496,48256,0.9956119281638208,-0.0888001251734222,0.13131785,0.3036275,0.24424863,0.07193899
solar,74,44864,50048,0.9956073584502976,0.284656375159654,0.24652672,0.32499814,0.15640116,0.4151237
solar,30,42176,42752,0.9956071465070256,0.2862283793427598,0.12315178,0.07988548,0.026370049,0.17666721
solar,111,43264,50176,0.9956057543124264,0.1655459590617929,0.016852856,1.8165264,0.016260147,1.8496394
solar,114,42240,43392,0.9956052825049088,0.2696984980857734,0.020030975,0.18004227,0.19920301,0.039191723
solar,75,42240,52032,0.995601900793052,0.2296225514550099,0.095380306,0.22758937,0.18243289,0.14053679
solar,111,49984,50560,0.9955998347888856,0.1125503164134844,0.019539356,0.0041856766,0.034170628,0.018816948
solar,42,42752,47808,0.995596273977994,0.276365849656921,0.29878712,0.006260872,0.53308153,0.24055529
solar,53,43968,46272,0.9955962048080352,0.2531060644988505,0.040641308,0.28066325,0.34772706,0.107705116
solar,8,42496,45376,0.9955933920062784,0.1422164727682372,0.12747264,0.6966164,0.051399946,0.875489
solar,135,43264,46720,0.995590690640885,0.2661050254162895,0.043267965,0.028522968,0.81141543,0.79667044
solar,21,49600,51904,0.9955901933750632,0.1758419158839324,0.6416142,0.19986176,0.87716866,0.03569269
solar,47,44928,48960,0.9955738561941554,0.1723836925994157,0.21656108,0.61917686,0.40289092,0.43284702
solar,79,42560,46016,0.995569690029714,0.1144600373634088,0.0010197163,0.52931094,0.32654428,0.20378637
solar,64,44416,51904,0.9955665758688932,0.1448988701763566,1.4720321,0.34032965,1.1425412,0.010838747
solar,118,47232,50112,0.9955641069333384,0.2601546010954461,0.006837368,0.30288696,0.221035,0.07501459
solar,16,44928,50688,0.9955562741903324,0.2585773090654107,0.21912003,0.016830921,0.037926197,0.1643629
solar,36,42240,46272,0.9955482262291768,0.1983411679984338,0.08328962,0.022331238,0.0054957867,0.11111665
solar,30,49024,51328,0.9955437797173948,0.2942098895132334,0.47053838,0.0797987,0.33428574,0.21605134
solar,28,43776,46656,0.9955407819700102,0.1100028419874372,0.039884567,0.13229847,0.09654498,0.0041310787
solar,12,42688,48448,0.9955363554270116,0.1971011405825319,0.094748735,0.5597122,0.35838675,0.10657668
solar,105,45504,51840,0.9955274870189365,0.1798325250490357,0.0675993,0.31914306,0.1427486,0.108795166
solar,70,43136,51200,0.9955182603253454,-0.0468667799787898,1.9092841,0.39774323,1.6368113,0.12527037
solar,130,49280,50432,0.9955110700296882,0.2330235066705906,0.05032444,0.15196753,0.07512355,0.12716842
solar,75,46144,47296,0.99551074714199,0.2429048859025996,0.17978454,0.41333818,0.25878525,0.4923389
solar,131,50112,51840,0.9955094183899592,0.2352963577282945,0.10150814,0.12644386,0.0855031,0.06056738
solar,18,45440,47744,0.995506529368988,0.135946953870222,0.3229065,1.0974598,0.0019078255,1.4184585
solar,12,42496,49984,0.9955056052998964,0.0121690349647163,0.29152656,0.32769465,0.10363245,0.51558876
solar,80,42560,48896,0.9955005758682068,0.1059435028788958,0.08110428,1.0010006,0.1373384,0.9447665
solar,127,44800,47680,0.9954962385165624,0.1054694994669715,0.2297113,0.35775375,0.2828958,0.30456924
solar,107,44352,46080,0.995493988271832,0.188450477157768,0.23843575,0.017409801,0.17376375,0.04726219
solar,87,44928,49536,0.995490230657221,0.2512944707381502,0.03709793,0.08860397,0.103449345,0.02225256
solar,61,44928,49536,0.9954893443634788,0.17283277729605,0.13933587,0.4241748,0.32034302,0.24316764
solar,6,44480,47936,0.9954866786869389,0.182449828283432,0.16380024,0.049242496,0.11827898,0.094763756
solar,52,42560,50048,0.9954772334194107,0.226439405458599,0.18920541,0.8850043,0.28958845,0.78462124
solar,75,42496,47104,0.995476871235771,-0.0272976704410032,0.24287486,0.4145465,0.26547432,0.39194703
solar,79,43264,49600,0.995476658536608,0.1475586442163625,0.07896781,0.8414147,0.37259126,0.54779124
solar,125,43776,46080,0.995469186735154,0.270555404241745,0.19719458,0.24222136,0.0019035339,0.043123245
solar,133,48704,52160,0.9954690016168588,0.2002354062039654,0.061495066,0.122689724,0.032767773,0.028426886
solar,120,42688,49024,0.9954640034771132,0.2733741460119236,0.1147089,0.17228413,0.12759638,0.07002115
solar,98,42496,47104,0.9954619027510866,0.0126262150262293,0.5522666,0.065671444,0.2262044,0.26039076
solar,99,42240,50304,0.9954553390435013,0.2278756445331889,0.024015903,0.12823272,0.01630783,0.08790898
solar,65,44928,46656,0.9954504510040708,0.2215626438387127,0.006494999,0.067687035,0.083939075,0.02274704
solar,34,45568,46720,0.9954464190673986,0.2064417497705341,0.21075296,0.09121251,0.1737473,0.12821817
solar,89,44864,48320,0.9954400573340604,0.2352850642868709,0.0332098,0.20195103,0.26361823,0.028457403
solar,57,43712,52352,0.9954361538951634,0.0166979420038625,0.23875332,0.50207424,0.017873287,0.24544764
solar,100,46144,48448,0.9954346275413112,0.0926249773133509,0.08333802,0.63044524,0.32008505,0.22702217
solar,36,45504,50112,0.995433591422049,0.2800706007167942,0.0051341057,0.44470072,0.35493731,0.09489751
solar,28,43648,44224,0.9954294676440404,0.1918529341905277,0.06141281,0.09654856,0.19542837,0.16029263
solar,42,47232,50112,0.9954257536414768,0.2605322244888449,0.050715923,0.3362317,0.24370289,0.14324474
solar,105,47168,52352,0.9954210886100828,0.2672633714430555,0.08881974,0.538682,0.3006065,0.32689524
solar,7,42240,52032,0.9954129145014888,0.1707023288377039,0.19395852,0.23533821,0.08212328,0.12350297
solar,81,45376,49984,0.9954075793260936,0.1011463111876778,0.11626291,0.0038056374,0.03338957,0.15345812
solar,51,46016,51776,0.9953985990458908,-0.0684736249783316,0.024483204,0.80228424,0.39756107,1.1753621
solar,78,45504,50112,0.995394629618493,0.08248903702515,0.14837027,0.03358507,0.12394619,0.058009148
solar,29,46016,51776,0.99539341931291,0.2317958082506124,0.10501528,0.31468678,0.06413317,0.48383522
solar,47,46144,51328,0.995393078165588,0.227790295722762,0.7366328,0.009342909,0.39512682,0.3321631
solar,121,46656,50112,0.995387536325486,0.0759942383642403,0.0015039444,0.05460453,0.03493595,0.018164635
solar,54,43840,49600,0.9953820039137442,0.2858547872191723,0.020954847,0.08304906,0.022998333,0.03909588
solar,111,49024,49600,0.9953785399559928,0.2339875961843145,0.13032198,0.07599354,0.13479757,0.071517944
solar,39,42048,48384,0.9953776282017832,0.1549581593131266,0.21518755,0.19932127,0.43159008,0.01708126
solar,62,50112,52416,0.9953774515876872,0.1323062304951663,0.433733,0.19852161,0.64927125,0.01701665
solar,5,42688,48448,0.995357130915765,0.2175343061057663,0.04202676,0.092912436,0.07454848,0.06039071
solar,89,44352,50112,0.99535230922525,0.2290939738847822,0.025877476,0.4091792,0.33404493,0.0492568
solar,126,46656,50688,0.9953505172387728,0.2516543368040757,0.0150818825,0.27618313,0.17371702,0.11754799
solar,119,43264,49600,0.9953324018684238,0.2403617930767604,0.009667635,1.3744524,0.15411758,1.2300024
solar,16,44416,45568,0.9953224768934033,0.0730477045503591,0.14644217,0.021693945,0.1229465,0.04518962
solar,93,43712,45440,0.9953187101364523,0.2127934293038754,0.2720933,0.19671154,0.3507347,0.118070126
solar,OT,44928,49536,0.9953100269827988,0.1661128338796228,0.09814024,0.19888973,0.1323657,0.16466427
solar,20,45504,48384,0.9953043186982092,0.2281765272199834,0.17062521,0.18207479,0.3034072,0.049292803
solar,135,43712,50048,0.9952986505376245,0.1438168797688141,0.14480186,0.6348722,0.0020341873,0.78170824
solar,68,43776,50688,0.9952975373587454,-0.083969641115882,0.27532196,0.36692858,0.35293818,0.28931236
solar,36,43200,46656,0.9952827222779898,0.2775921063998802,0.03586054,0.26552248,0.19823313,0.031428814
solar,77,42688,45568,0.9952821756922768,0.2479168225728798,0.017131805,0.16820884,0.0736506,0.111690044
solar,132,47232,48384,0.9952798252356334,0.0213384836402815,0.72320414,0.48517823,1.2196302,0.011247873
solar,50,45568,48448,0.9952790980631796,-0.0146159957905803,0.11025214,0.03888464,0.012665272,0.084032774
solar,8,47168,49472,0.9952790460612436,0.1928381685998458,0.256701,1.0839496,0.11140871,1.2292418
solar,115,48256,50560,0.9952760149670774,0.2167037522600916,0.26422286,0.33735228,0.2303307,0.37124443
solar,0,44864,50624,0.9952712110169444,0.2530816745047951,0.29814935,0.38659143,0.4823587,0.20238209
solar,6,42624,44928,0.9952633339090792,0.2960126298216444,0.11819291,0.3524661,0.18959546,0.28106356
solar,2,42624,48960,0.9952570633537238,-0.0443922538320947,0.045765877,0.27585745,0.2405405,0.010448933
solar,100,43712,44288,0.9952505811414448,0.2894382389540955,1.2895126,0.22464013,1.3677692,0.14638352
solar,12,42240,50304,0.9952473566096316,0.2966145914366926,0.05903983,0.63386345,0.38569045,0.30721283
solar,80,45568,49600,0.9952390598411546,0.0760505310769771,0.0010018349,0.26358008,0.18681908,0.07575917
solar,76,42176,42752,0.9952329350437256,0.0205304178799069,0.26983976,0.25338554,0.09383345,0.11028767
solar,113,46144,47296,0.9952300991614204,0.2986194608978204,0.05722165,0.034208298,0.3104396,0.40186954
solar,79,42624,44352,0.99522956290011,0.2466743930708944,7.200241e-05,0.08528757,0.098620415,0.013404846
solar,131,45568,46144,0.9952293836191688,-0.0086686237495917,0.5225096,0.11558175,0.65807843,0.019987106
solar,82,48960,51264,0.9952155252653732,0.0448810404877368,0.0766716,0.005396843,0.18776894,0.11649418
solar,26,48896,51200,0.9952152478684878,-0.3242315242068013,0.04400587,1.294971,0.21295834,1.5519352
solar,103,42560,47168,0.995208828856462,0.2278314963751126,0.17572546,0.07736254,0.17029524,0.08279276
solar,7,45696,51456,0.9952068534558264,0.1913361134722282,0.1662023,0.10873389,0.2371118,0.037824392
solar,100,44480,47936,0.9952067083660292,-0.0959899919077449,0.13795328,0.15392971,0.0111403465,0.30302334
solar,21,42176,42752,0.9952064123056767,0.2635363634817342,0.26440907,0.15666056,0.29368782,0.1273818
solar,94,42496,47104,0.9952031655318984,0.1715575932013242,0.33770823,0.46030283,0.3088827,0.48912835
solar,14,44992,46144,0.9951985657351408,0.216727203972378,0.020870209,0.20049977,0.22471786,0.0033478737
solar,76,48256,50560,0.9951970580060108,0.2106493021505364,0.19799924,0.6078367,0.29745102,0.50838494
solar,42,45568,46144,0.995192289839492,0.1386085800773809,0.034091234,0.0024368763,0.06614089,0.034486532
solar,88,43712,49472,0.9951821543883208,0.2208754825517749,0.32409668,0.022556305,0.12922907,0.21742392
solar,41,42496,50560,0.9951742227328187,0.1216246050194713,0.44622898,0.27513218,0.10431576,0.27541256
solar,88,44288,47744,0.9951735523647688,0.2201908171584564,0.18363237,1.1113858,0.15749359,1.1375246
solar,128,42688,44416,0.9951683169804466,0.1858809163157741,0.004098892,0.20712566,0.16046596,0.042560816
solar,48,45504,50688,0.9951672440244206,0.2322757680086455,0.09567213,0.57093334,0.39755487,0.07770634
solar,76,46848,47424,0.9951661694631714,0.1546598614150278,0.09277344,0.15740275,0.09766936,0.15250683
solar,41,45504,50112,0.995160531287664,0.0995921426042124,0.24161482,0.18838215,0.35517073,0.07482624
solar,129,43840,51904,0.9951601114857828,0.1605787396891634,0.6500101,0.13911986,0.7154436,0.07368636
solar,93,48256,49408,0.9951590528150812,0.1415976941487456,0.3211646,0.54541826,0.042039394,0.8245435
solar,79,43520,48128,0.995157236918947,0.2645694186632439,0.0894475,0.16595578,0.1342876,0.21079588
solar,40,47360,47936,0.9951565435572304,0.2900883217306785,0.08628273,0.22673702,0.047976494,0.26504326
solar,123,48256,50560,0.9951543523944943,0.1612928338805015,0.124798775,0.31991386,0.28623915,0.15847349
solar,11,49408,49984,0.9951534518390048,-0.2097397384297535,0.10195804,0.19230676,0.06652856,0.36079335
solar,24,43712,44864,0.9951505040995788,0.2395861017292615,2.122138,0.52181387,1.7034607,0.10313654
solar,52,48320,48896,0.9951472869767948,0.1467803162062405,0.15500975,0.39237738,0.20239782,0.3449893
solar,113,45504,48384,0.9951356353691582,0.2296310198318641,0.008107185,1.1084952,0.46543694,0.6349511
solar,73,43840,46144,0.995133817153636,-0.0144661463379486,0.5672369,0.09085131,0.5328398,0.05645418
solar,118,46080,49536,0.9951330068837873,0.2933779021391672,0.22585773,0.34133577,0.27400017,0.29319334
solar,55,42176,43904,0.9951313529247778,0.1843301529521126,0.2112341,0.24771118,0.40367937,0.055265903
solar,119,51200,52352,0.9951249354404744,0.1884263813381355,0.85111284,0.4022479,0.47698927,0.028124332
solar,65,44288,48896,0.9951196054559094,0.2428672805569506,0.124679565,0.4101882,0.32995415,0.20491362
solar,7,42624,44928,0.995118614158478,0.2410354527958448,0.31248665,0.12134409,0.009486675,0.20062923
solar,0,42496,44224,0.9951030354764414,0.2768420020289425,0.05066204,0.31743598,0.38389778,0.01579976
solar,110,47232,52416,0.9950881678184256,0.139699764017408,0.07098007,0.13543367,0.0006098747,0.06506348
solar,23,42112,44416,0.9950760151870724,-0.2423704511282247,0.10078621,0.027791262,0.08279991,0.04577756
solar,43,49536,52416,0.9950741427310952,0.2351469325333369,0.006359577,0.14084148,0.07777071,0.06943035
solar,21,42688,49024,0.9950661836546796,0.2024083647306992,0.06090641,0.24142718,0.208853,0.028332233
solar,93,43776,46656,0.995061877817277,0.2885050593336472,0.0414443,0.18539095,0.1433258,0.000620842
solar,12,44928,51264,0.9950531991671456,0.286329724261822,0.28285933,0.267524,0.027288437,0.011953115
solar,111,44992,46144,0.9950464540299232,0.2197304691904986,0.029173851,0.23538136,0.17621803,0.029989481
solar,33,44288,47168,0.995040071565833,0.2887653940698546,0.021364689,0.17403746,0.14903736,0.046364784
solar,3,48448,51904,0.9950390473356692,-0.0572489093428809,0.8613651,0.23108935,0.54864526,0.08163047
solar,40,43840,49600,0.9950320650354968,0.1169073421362083,0.037232637,0.059969664,0.06303811,0.040301085
solar,98,45568,51328,0.9950310241603952,0.2819846058072507,0.7056134,0.26253748,0.9191761,0.048974752
solar,51,45504,48960,0.9950251273302078,0.2415323709870371,0.025497198,0.8351877,0.47084332,0.38984156
solar,94,46592,51776,0.9950233363876644,-0.057377077822497,0.124801636,1.9293747,0.41402483,2.218598
solar,61,45376,50560,0.9950195722150288,0.2745379093532015,0.16662645,0.1951468,0.20044947,0.16132379
solar,118,46016,47872,0.995012077156053,0.2817372543807208,1.4047093,0.2631426,1.3714747,0.22990799
solar,40,42496,50560,0.9950096856888648,0.1421627669720832,0.31710672,0.24347425,0.15844321,0.40213776
solar,46,45376,50560,0.994998494224634,0.2754573428617033,0.00015878677,0.20291281,0.19600105,0.0070705414
solar,102,42048,45504,0.9949971131433504,0.2457438469623607,0.5288601,0.32637358,0.76610994,0.089123726
solar,120,42624,45504,0.9949962215457012,-0.0514243350853359,0.10196519,0.22243857,0.20674276,0.117661
solar,20,46144,49600,0.9949861825461852,0.1593112791924997,0.06031871,0.1011951,0.08863807,0.12951446
solar,82,47552,48704,0.99498366002767,0.272657910066972,0.13632393,0.12244272,0.22502422,0.033742428
solar,88,43264,46720,0.9949805498065304,0.2859931970375418,0.097489595,0.32266712,0.16123366,0.25892305
solar,64,42560,47744,0.9949799992687924,0.1860634647196848,0.0090715885,1.7397625,0.038121462,1.7107127
solar,86,50176,51328,0.994974720930762,0.2605660278056538,0.50350714,0.07427478,0.4240167,0.1537652
solar,0,47296,51328,0.9949640931431613,0.0669166410425673,0.81651115,0.61652493,0.1208787,0.07910752
solar,56,45504,50688,0.9949604212521648,0.2695225061146016,0.020092487,0.71616316,0.46616697,0.27008867
solar,97,45568,49024,0.9949552317022726,0.1657038117647257,0.0728724,0.23490405,0.13354445,0.028487206
solar,18,44288,46592,0.9949532763742388,0.1856659011420066,0.013959885,2.0392437,0.10213685,2.1553404
solar,58,44288,47744,0.9949525351857316,0.2803734032524061,0.17570138,1.0577357,0.17689133,1.0565457
solar,53,46080,50688,0.994951572647646,0.2629473185918692,0.026983261,0.053299904,0.06296396,0.03664732
solar,23,42688,49024,0.994949822812458,0.2623857103792227,0.02788639,0.37637615,0.18726945,0.2169931
solar,130,44224,46528,0.9949495182033632,0.1748622460233821,0.16266084,0.06908226,0.04725504,0.14083362
solar,64,42048,50688,0.9949434251090356,0.1258144709706612,0.052997828,0.43558025,0.31995606,0.06262636
solar,134,42496,50560,0.9949387065798772,0.2469578115025481,0.10545826,0.2708931,0.19515896,0.1811924
solar,26,44224,49408,0.9949256353246524,0.242058736407414,0.08036971,0.19106627,0.024638414,0.13533497
solar,78,42240,48576,0.9949192880952192,0.2716988861091353,0.031525612,0.35677958,0.117632866,0.27067232
solar,12,44864,48320,0.9949179647013946,0.1062186470187192,0.22105479,0.21862364,0.35895443,0.080724
solar,9,48320,48896,0.994917144474615,0.0268410363189394,0.083180904,0.15736914,0.0024461746,0.23810387
solar,66,44224,48256,0.994912382621414,0.0318654642237668,0.26935124,0.07043338,0.09344721,0.24633741
solar,85,48896,49472,0.9949070925551252,0.2299694087304021,0.20060396,0.672205,0.1908803,0.68192863
solar,38,43392,45120,0.9948978575331804,0.0704436684055653,0.06116891,0.06299305,0.03105998,0.02923584
solar,10,45568,46720,0.9948952283556132,0.235534865587822,0.33173847,0.07099676,0.20635128,0.19638395
solar,112,48256,49408,0.9948899584116084,0.249599456012832,0.17563534,0.20716763,0.18521857,0.19758439
solar,3,42496,47104,0.994889263080828,0.2791308979742622,0.22211385,0.1466918,0.13221812,0.23658752
solar,98,48960,52416,0.9948840189634838,0.1938797401522659,0.6256771,0.18667126,0.82836103,0.016012669
solar,128,42624,44352,0.9948837764465704,0.1277385752811188,0.034156322,0.32041836,0.23877335,0.04748869
solar,34,47744,50624,0.9948781168583628,0.2465941248830121,1.4918656,0.17453814,1.4964375,0.16996622
solar,0,49536,50112,0.9948712944830062,0.2743394394745405,0.36716413,0.14819121,0.24087954,0.2744758
solar,122,49600,51904,0.9948698015546236,0.1714177968554473,0.49507403,0.030020714,0.46248627,0.06260848
solar,133,47872,51328,0.9948689391765368,0.0402003106675779,1.333843,0.009831667,1.1093888,0.2146225
solar,26,44352,50112,0.9948673492943098,0.165251614178063,0.048668385,0.2789073,0.1768837,0.053355217
solar,10,48896,50624,0.9948506013993216,0.1024592648966318,1.5264397,0.15855384,1.4799776,0.2050159
solar,129,43904,47360,0.9948498295571536,0.237097944968607,0.092858315,0.16245985,0.16357231,0.09174585
solar,98,42560,44864,0.9948481806548696,0.0691171813408084,0.13240838,0.2818179,0.1164515,0.03295803
solar,52,44416,49600,0.9948471725689928,0.0742353723371824,0.048554897,0.041457176,0.03530526,0.042402983
solar,92,42560,48320,0.9948451457828024,0.0821784479679066,0.18298936,0.36548948,0.23773193,0.3107469
solar,132,47744,50624,0.9948413668549744,0.2504435998514494,0.954,0.31184673,0.9758091,0.29003763
solar,115,43520,47552,0.9948390896972024,0.2255782917619629,0.08522868,0.43477488,0.27487087,0.24513268
solar,132,47808,51264,0.9948335933243296,0.2115894018132455,0.7469628,0.23022604,0.7190385,0.25815034
solar,8,44864,46592,0.9948304174563654,0.2660437922902031,0.22090149,1.1165183,0.026336193,1.3110836
solar,111,43776,46656,0.9948299497841268,0.2663521466187009,0.06257248,0.18581867,0.1336484,0.010402203
solar,60,44992,49024,0.9948204791611658,0.2946420142605307,0.12913013,0.3893819,0.15881348,0.101438284
solar,27,44864,48896,0.994815660685308,0.2928756950712779,0.33673644,0.5057533,0.20064282,0.6418469
solar,105,45376,50560,0.9948130561517384,0.1107753670650724,0.1185596,0.26724958,0.20022154,0.051531553
solar,89,45568,46144,0.9948009873184552,0.2562824875089107,0.18935037,0.23743987,0.21271348,0.16462398
solar,132,44352,44928,0.9947878890690546,0.2812294146586502,0.21061945,0.20784473,0.061685562,0.06446028
solar,30,47936,48512,0.9947861846438056,0.2108738055654772,0.13086224,0.27957392,0.29097462,0.11946154
solar,5,46400,47552,0.9947851313823634,0.2534665791939134,0.1958139,0.3643632,0.1173017,0.4428754
solar,62,47168,48320,0.9947837927397328,0.2074782441460932,0.25495005,0.097225904,0.21902442,0.13315153
solar,12,44416,50176,0.9947807011166264,0.2538203012409982,0.14872313,0.051629305,0.11462426,0.08572817
solar,93,42624,45504,0.9947789940919584,0.2816751002844748,0.0617671,0.24690771,0.22651172,0.082163095
solar,84,43712,45440,0.9947660478965604,0.1202685844029982,2.3481412,0.2948389,1.8977547,0.15554762
solar,122,48960,49536,0.994765233977015,0.1977310714807114,0.07566786,0.2800417,0.3571167,0.0014071465
solar,69,47936,50816,0.9947473493272764,0.130120896708675,0.23085737,0.30188513,0.15783405,0.0868063
solar,14,42240,43392,0.9947241588087988,0.215947044531138,0.13315868,1.1541128,0.20481777,0.81613636
solar,13,46720,47872,0.9947169444645312,0.0583624488163431,0.07203698,1.3910849,0.058659315,1.2603886
solar,28,42752,46208,0.9947162540058226,0.2830635213970713,0.012078285,0.23734522,0.22048378,0.028939724
solar,95,43520,44096,0.9947133556558708,0.2987776246531282,0.26333117,0.24037194,0.067849636,0.43585348
solar,79,47808,50112,0.9947129296724904,0.2295360784418951,0.05325818,0.27159858,0.22703552,0.008695126
solar,122,45504,51840,0.994707620080405,0.2363802495592291,0.23870206,0.41946626,0.2213397,0.040575504
solar,86,48320,52352,0.9947057872479326,0.1877443715390724,0.094316244,1.6013224,0.18824625,1.5073924
solar,119,45376,48832,0.9946886664536472,0.115139224117443,0.57242584,0.086664915,0.22752905,0.25823188
solar,124,49536,50688,0.9946772330029392,0.0183218357376693,0.093233585,0.22757721,0.28879356,0.03201723
solar,6,42048,43776,0.9946731424282792,0.1610238927764004,0.08374548,0.28444886,0.27431178,0.09388256
solar,22,44480,51392,0.9946686639495432,0.2599313013078875,0.23155022,0.0037550926,0.12877703,0.0990181
solar,85,44928,46656,0.9946602081812072,0.2692429801339634,0.17004585,0.06970835,0.021893024,0.26164722
solar,95,46592,48896,0.9946424874723092,0.2840686911621212,0.1714778,0.41498375,0.192029,0.39443254
solar,46,44224,48256,0.9946406933868144,0.2995020040880882,0.3061595,0.0447824,0.14866138,0.20228052
solar,125,43648,44800,0.9946314132165096,0.2265468738572021,0.8334017,0.27799416,0.40737414,0.7040217
solar,96,48448,49600,0.9946290474261984,0.2692290250460484,0.07584977,0.32825637,0.20064855,0.2034576
solar,133,45504,47808,0.9946217015296386,-0.0534971906486251,0.0010681152,0.10523796,0.034430504,0.07187557
solar,133,50432,52160,0.9946194265995708,0.2636668038208478,0.13869953,0.3269868,0.18116903,0.2845173
solar,78,48256,48832,0.9946153032144938,-0.0133716264971339,0.35371733,0.33998632,0.2901969,0.40350676
solar,23,46592,50048,0.9946130495394232,0.2696174192718703,0.05477643,0.21753645,0.16326618,0.1090467
solar,115,43712,44288,0.9946115282870353,0.2519952001377633,0.47280526,0.26122642,0.60093284,0.13309884
solar,15,44928,49536,0.9946060332568156,0.2266564842685257,0.54531217,0.39658117,0.12150431,0.82038903
solar,77,44352,45504,0.99460461653015,0.1455159073983103,0.30887198,0.05122304,0.13221931,0.22787571
solar,117,42560,50048,0.9946043902111452,0.1662195397303527,0.1753099,0.651978,0.34047246,0.48681545
solar,2,46528,50560,0.9946040351262349,0.1245162674758541,0.14549732,0.19975758,0.21965122,0.16539097
solar,35,49408,50560,0.9945961594611922,0.1973160609120293,0.03271246,0.015748024,0.008187294,0.02515173
solar,15,48320,52352,0.994596053614152,-0.2372483490199202,0.024570465,2.8692374,0.16255474,2.7312531
solar,57,46144,47296,0.994554151019099,0.267300743427091,0.074495554,0.5100694,0.05080557,0.6353705
solar,122,42624,46080,0.9945533172059278,0.2809842293680746,0.0734849,0.25789952,0.025751352,0.15866327
solar,44,42624,45504,0.9945529301686216,-0.0381635103011202,0.09015012,0.19195127,0.22985506,0.052246332
solar,65,45376,48832,0.994547702923098,0.2656271191937696,0.36026,0.109350204,0.017149448,0.23376036
solar,81,42240,46272,0.9945449692295216,0.1099435534929404,0.059433937,0.17293453,0.03247595,0.19989252
solar,40,43712,50048,0.994544128291002,0.2775964308239145,0.31286812,0.092905045,0.1098423,0.11012077
solar,24,47232,48384,0.994538547529362,0.1824933246882418,0.051492214,0.01897955,0.005689621,0.076161385
solar,4,42112,45696,0.9945362704285468,0.0218122635455265,0.10801864,0.17198563,0.20857263,0.07143164
solar,102,44416,50176,0.9945296452658454,0.2644867197260407,0.0303154,0.15465379,0.03392315,0.15104604
solar,9,43200,46656,0.994529311418014,-0.0465843072376413,0.2742548,0.17251086,0.30537844,0.14138722
solar,99,43776,47808,0.9945218021687128,0.1164153231364099,0.14602089,0.19064236,0.117180824,0.21948242
solar,113,48896,51200,0.9945090952248644,-0.0407102564248263,0.10250139,1.0791526,0.39812708,1.3747783
solar,34,43200,44352,0.9945075856311372,0.1927491197439501,0.07765865,0.140522,0.06176567,0.12462902
solar,122,45376,46528,0.9945051085624522,0.2153411189941331,0.72158957,0.072625875,0.44571686,0.20324683
solar,114,42752,44480,0.994503827707472,-0.2058864110200426,0.048063755,0.012075424,0.010958672,0.07109785
solar,OT,46720,49024,0.9945014623541124,0.2744741181629875,0.053681612,0.3901081,0.21944666,0.22434306
solar,5,43328,44480,0.9944990202721714,0.224784220592301,0.08379936,0.01005125,0.04670763,0.027040482
solar,111,46080,49536,0.9944980038073458,0.2937305294400907,0.0054221153,0.09468365,0.17352247,0.08426094
solar,1,47872,48448,0.9944949130829724,0.2527565538006499,0.7872083,0.064646006,0.9561758,0.10432148
solar,91,46080,51840,0.9944942941012052,0.2009284804719315,0.010648489,0.46497464,0.16966248,0.30596066
solar,109,44864,48320,0.9944875573910736,-0.148097680412501,0.23335814,0.114059925,0.057252884,0.40467095
solar,123,44992,48448,0.9944841392146616,0.2069326177478634,0.09561324,0.63257456,0.22113395,0.50705385
solar,122,49664,50816,0.9944794954410316,0.1579371179629471,0.027472496,0.062763214,0.06857443,0.03328371
solar,118,48448,49024,0.9944781779464862,0.1631566735118825,0.29691672,0.07708883,0.12060189,0.25340366
solar,92,43712,52352,0.9944722424813192,0.0695150196396262,0.057002544,1.0672946,0.39780807,1.4081001
solar,65,44416,49024,0.9944703397714988,0.2791871529517257,0.07594347,0.26111078,0.20114398,0.13591027
solar,OT,44288,48896,0.9944661588806024,0.2920370306047939,0.18760324,0.75329804,0.34413433,0.59676695
solar,129,47936,50816,0.9944644175870224,-0.0850369963242327,0.15133572,0.060449123,0.010002136,0.08088446
solar,23,45504,51840,0.9944617428535923,0.2396616410468781,0.43138218,0.5958245,0.10561776,0.05882454
solar,131,42240,49152,0.994439358337408,0.2196504084427013,0.08693266,0.21691823,0.14899158,0.1548593
solar,102,42496,47104,0.9944392256709086,0.2388037809656866,0.05510235,0.00801754,0.009933472,0.053186417
solar,129,46592,50048,0.9944316295298724,0.23128671441118,0.20648003,0.5687227,0.22788382,0.54731894
solar,4,49664,50240,0.9944286782368896,0.2918005825781053,0.007844925,0.15035105,0.11334753,0.044848442
solar,90,42240,49152,0.9944248490457158,0.2490842081696858,0.08221555,0.34581208,0.1657753,0.26225233
solar,38,46080,48384,0.9944200660174104,0.2294061035083195,0.0865736,0.043923855,0.014823437,0.057473183
solar,92,42496,48256,0.994415477961742,0.1924368248269885,0.30587363,0.16763687,0.3476324,0.1258781
solar,129,43648,48256,0.994412487573735,0.2053909150280105,0.31583786,0.2896819,0.27484298,0.3306768
solar,27,45568,48448,0.9944077775396758,0.248930154764839,0.02765584,0.18554902,0.23052764,0.07263446
solar,124,43776,44928,0.9943929804108664,0.1008885696328896,0.24331284,0.42102504,0.45103574,0.21330214
solar,127,44928,49536,0.9943899416711636,0.2651388431639208,0.014602184,0.5076599,0.28171253,0.2113452
solar,87,49472,50624,0.9943898747715952,0.1827459991186495,1.3580289,0.13095307,1.346921,0.142061
solar,55,46528,48256,0.9943843719646892,-0.1361909933076422,0.30762243,0.26115918,0.3973794,0.17140222
solar,26,43200,51264,0.9943826700432896,0.1100901204654788,0.23689556,0.34877062,0.07364702,0.038228035
solar,114,45376,49984,0.9943800245569184,0.1278683588814251,0.59221745,0.11417341,0.4348321,0.27155876
solar,69,43840,49600,0.9943691724676564,0.2258495361133731,0.14849472,0.0043108463,0.025956392,0.17876196
solar,4,44800,45376,0.9943689428738618,0.1365941623578948,0.18671012,0.62161994,0.28395438,0.5243757
solar,68,44864,47744,0.9943625210565692,0.2555892037351526,0.7761154,0.19783163,0.41405964,0.16422415
solar,46,45568,48448,0.9943558487887232,0.2490990395550329,0.15764856,0.013616562,0.021236658,0.12279534
solar,96,48960,51840,0.9943532708835656,0.2142817659905749,0.2491889,0.3856244,0.19244528,0.05600977
solar,19,43712,50624,0.9943524806641624,0.2257315256041286,2.2656863,0.14796829,2.1179264,0.00020837784
solar,124,42752,50240,0.994347695307636,0.2603913860584207,0.123348236,0.014264107,0.04544878,0.06363535
solar,59,42496,45376,0.9943384355002112,0.165591793961141,0.11580753,0.09999466,0.07580137,0.29160357
solar,78,42560,46592,0.994337155708246,0.2856753303445328,0.06872225,0.44570398,0.3185196,0.19590664
solar,50,42624,45504,0.994328409876298,0.1284753162945319,0.020397186,0.10183191,0.034956455,0.087272644
solar,18,44928,46080,0.9943236484594604,0.060002379966597,0.2836051,0.034029007,0.009490013,0.24008608
solar,132,47168,48320,0.9943107773800872,0.2905904151522961,0.16006136,0.2852888,0.21222496,0.23312521
solar,24,46080,51264,0.9943096184437602,0.1383759176553086,0.77251863,0.039494514,0.48768353,0.3243296
solar,45,42240,47424,0.99430765982797,0.285577362605654,0.24708652,0.1468699,0.30448127,0.089475155
solar,55,42560,49472,0.9943052563924344,0.175610583221394,0.20894194,1.5689554,0.21619272,1.5617046
solar,125,43136,50048,0.9943043575968006,-0.5887785367497315,1.6967268,0.02689743,1.6556258,0.06799841
solar,38,45568,49024,0.994292478281356,0.0773108860531211,0.022101402,0.43527818,0.26764464,0.14553213
solar,131,44096,46976,0.9942887735829452,0.2119366171550107,0.09585261,0.48298573,0.119250774,0.26788235
solar,66,45440,48320,0.9942868829463348,0.2951085955150268,0.010475159,0.111611605,0.06795478,0.054131985
solar,52,42624,44352,0.994284355944575,0.145687516924596,0.023871899,0.034460545,0.00083112717,0.011419773
solar,66,42752,43904,0.9942781531797698,0.2451942118305906,0.018762589,0.20866823,0.20953846,0.01789236
solar,105,42624,48384,0.9942775209450504,0.2511520559963498,0.1719904,0.090711355,0.10957909,0.15312266
solar,67,42560,47744,0.9942769279884524,0.2971700522155548,0.13817072,0.29929233,0.16883159,0.26863146
solar,64,42624,47232,0.99427148040104,-0.0115810171728752,0.09971261,0.12650967,0.123752356,0.10246992
solar,70,43648,45376,0.9942703790696524,0.2062888953983569,0.0033512115,0.74871206,0.11717582,0.86253667
solar,118,43136,49472,0.994266680798814,0.1227131354171374,0.109298706,0.51894236,0.02071476,0.6489558
solar,26,47744,50048,0.994264864208816,0.2819946006695391,1.9502661,0.07973266,1.7617166,0.10881686
solar,65,42560,48320,0.9942522418545944,0.1186227208708534,0.08030796,0.32633018,0.21698952,0.18964863
solar,OT,48832,49984,0.994248727428787,-0.030917373237316,0.19630527,0.06230831,0.015568256,0.24304533
solar,109,43200,44928,0.9942460772433348,0.2924691911859439,0.3181653,0.4406464,0.57987356,0.17893815
solar,89,51200,52352,0.994237730902147,-0.5486549361057634,0.80618954,0.5095277,0.2684474,0.028214455
solar,119,48448,51328,0.9942348462848676,0.265910284534849,0.43963218,0.13959861,0.5403466,0.038884163
solar,4,45440,50624,0.994226359687733,0.2249391396000415,0.05661416,0.121375084,0.11411548,0.049354553
solar,2,42560,49472,0.9942237562469278,0.1592330357774858,0.23376203,0.514704,0.1886282,0.5598378
solar,108,45440,48896,0.9942229911529644,0.2806193395366863,0.19989109,0.57848024,0.14149857,0.63687277
solar,46,43776,45504,0.9942153974580996,-0.1399137329939384,0.30768728,0.28523874,0.5498347,0.043091297
solar,57,44864,47744,0.994214634587093,0.1740044105823459,0.12747908,0.026999474,0.07552481,0.024954796
solar,4,43776,47232,0.9942115484426608,0.2818943341076271,0.22775316,0.13792205,0.070785046,0.019046068
solar,77,47744,49472,0.9942060927275392,-0.2390186826566265,0.116999626,0.8399687,0.2708211,1.2277894
solar,74,51328,51904,0.994205934335524,0.0913157367302519,0.1982553,0.021338701,0.27204084,0.052446842
solar,63,42496,47104,0.9941954176754492,0.1982529153619651,0.3997078,0.48641443,0.10865688,0.77746534
solar,112,42624,47232,0.9941931325703086,0.1612554262548609,0.041877747,0.31033325,0.17900348,0.17320752
solar,65,42112,45568,0.9941931101083756,0.0933471653223065,1.1125429,0.06605077,1.3338511,0.287359
solar,17,49984,50560,0.9941882033711916,0.1841893987623716,0.1610725,0.15416336,0.09093356,0.22430229
solar,7,42496,47104,0.994187352652962,0.1180243156534328,0.30254984,0.15026951,0.19685078,0.25596857
solar,74,43136,50624,0.9941834816255508,0.1008393997191688,0.69923735,0.3839488,0.7927456,0.29044056
solar,127,42496,43648,0.9941750862725808,0.2156434189335544,0.10097861,0.091329575,0.14477706,0.047531128
solar,50,43200,50688,0.9941714501932936,0.1869477143062875,0.17337751,0.55203533,0.2011261,0.17753172
solar,64,44288,46016,0.9941688423480616,0.2890522797902779,0.062971115,0.57747006,0.35817313,0.28226805
solar,32,43200,48960,0.9941615093079256,0.1979796864172459,0.009059906,0.6482158,0.24063015,0.41664553
solar,80,44416,48448,0.994154940441944,0.2227753010187789,0.08797073,0.10010648,0.08238602,0.07025027
solar,44,44992,46144,0.9941498556400608,0.233532343727112,0.06714773,0.5618849,0.37429476,0.12044239
solar,47,44416,47296,0.9941383173109452,0.1897004997495537,0.13065243,0.07073879,0.062996626,0.12291026
solar,104,44288,48896,0.9941344346070397,0.2973393797049173,0.14099932,0.74203587,0.2905326,0.5925026
solar,108,44928,50112,0.9941332035805948,0.2131298887609515,0.021282673,0.06890631,0.035144806,0.055044174
solar,59,42240,48576,0.9941301103072152,0.2960719924241154,0.011554718,0.9801204,0.3548324,0.6137333
solar,5,47936,51392,0.9941268324069316,0.2647268077741642,0.11899042,0.30655336,0.26408863,0.07652569
solar,82,44928,50112,0.9941224989602392,0.249928902234376,0.12413311,0.026239872,0.02849245,0.17886543
solar,124,42176,46208,0.9941224788213756,0.242438547223343,0.0045752525,0.13291836,0.19169044,0.054196835
solar,50,44544,46272,0.9941189516565412,-0.0512479389182544,0.3922968,0.26143909,0.732116,0.07838011
solar,29,49408,50560,0.9941185466787302,0.0530663162396203,0.34797382,0.3869815,0.033895493,0.7010598
solar,35,43648,45376,0.994101849004477,0.1896453942702567,0.0023949146,0.47942662,0.11115432,0.588186
solar,69,42240,47424,0.9940999227178798,0.0928181421322915,0.052102566,0.19257545,0.043687105,0.096785784
solar,89,43200,48960,0.9940949927427578,0.0813611052023079,0.15707445,0.37028837,0.21973467,0.006520748
solar,28,45056,48512,0.994094837996626,0.1756480370923895,0.0025954247,0.22022343,0.21690845,0.0059103966
solar,36,44416,44992,0.9940902398537838,0.1431318494514217,0.6585617,0.09764528,0.66521883,0.09098816
solar,22,42176,45056,0.994077059933417,0.2435140236972716,0.12073088,0.2038784,0.15528679,0.16932249
solar,64,43712,46592,0.9940740796427592,0.1990339974114516,0.21184158,0.48728466,0.23081303,0.46831322
solar,122,46144,47296,0.9940710772269928,0.2408663463808892,0.013983488,0.19744062,0.022678137,0.23410225
solar,119,42688,50176,0.9940640169910104,0.1289958016656709,0.0047180653,0.38656402,0.28127122,0.11001086
solar,106,44416,45568,0.9940632671988644,0.2030050871622971,0.1384759,0.020723343,0.11115694,0.048042297
solar,86,45568,49024,0.9940599387307224,0.2526477308022665,0.06916809,0.11831951,0.006968975,0.042182446
solar,63,45568,48448,0.9940521658068728,0.2483746020452169,0.012023449,0.19367576,0.09924698,0.08240533
solar,6,42816,45696,0.9940498319143688,0.0820973010847006,0.019122362,0.07117844,0.024445772,0.065855026
solar,113,45568,51904,0.9940178601838886,0.1457398812288111,0.47718787,0.033957243,0.35909915,0.08413148
solar,94,44928,47808,0.99401759619554,0.091323040357951,0.34623194,0.7140603,0.23507404,0.8252182
solar,26,46272,47424,0.9940137558593868,0.2797171986547933,0.03907299,0.89763,0.1175611,0.7409959
solar,74,45504,51840,0.9940111906654208,0.2214665165858879,0.406842,0.46835065,0.14468598,0.20619464
solar,120,42048,44352,0.9940104805111106,0.2766119901791015,0.17073584,0.256742,0.41072798,0.016749859
solar,129,43264,49600,0.994009309255278,0.2526659884949395,0.2371974,0.42988634,0.0104830265,0.6566007
solar,56,48896,52480,0.99400216627134,-0.0802822512373482,0.73198676,0.61727023,0.17113304,0.05641651
solar,80,43648,47680,0.9939978484635564,-0.0505278436783945,0.019863844,0.37988663,0.16474748,0.235003
solar,80,44224,48256,0.9939843589198868,0.2508560455903555,0.085077524,0.011362553,0.048371553,0.048068523
solar,101,44352,45504,0.9939822974300015,-0.1168016746485227,0.09490752,0.0001373291,0.077777624,0.17254782
solar,90,47744,50048,0.9939642694043384,0.226244907333496,0.7632637,0.10153484,0.5687709,0.29602766
solar,97,42752,43328,0.9939614454157528,0.2560067155403609,0.118807316,0.23337841,0.20070744,0.15147829
solar,41,44800,49984,0.9939530285775372,-0.0393728673483488,0.17706656,0.058396578,0.017908573,0.10076141
solar,14,48384,50112,0.9939499334518528,0.2448451941812076,0.010738373,0.8619797,0.6003506,0.27236748
solar,135,44352,50688,0.993937838253094,0.2327023505447297,0.2636211,0.15674257,0.026244164,0.080634356
solar,97,44992,49600,0.993934067958776,0.2893165967647119,0.03290844,0.76797223,0.30440187,0.43066192
solar,113,49600,51328,0.9939338588705044,0.089774251495441,0.86538005,0.19106197,0.8457823,0.21065974
solar,29,42496,44224,0.9939335687036822,0.1267433224286853,0.2214868,0.03389883,0.014482737,0.26986837
solar,5,44224,48256,0.9939332396374152,0.2553343501641166,0.5947964,0.03714156,0.24189568,0.31575918
solar,67,44352,47808,0.9939329551828858,0.2186854100990333,0.004312992,0.2883656,0.2159779,0.0680747
solar,114,42496,47104,0.9939290632647788,0.1898644707158287,0.018180609,0.11994815,0.13093376,0.029166222
solar,7,43776,50688,0.993913227482148,0.154473688449295,0.25365925,0.018645287,0.042890072,0.22941446
solar,70,46848,47424,0.9939115841201712,0.2971939050945917,0.21462011,0.11852431,0.018857718,0.3142867
solar,72,45568,51904,0.993903931068962,0.2215548502825406,0.35969543,0.054320335,0.06987476,0.23550034
solar,133,45952,50560,0.9938949697341164,-0.0481915180941158,0.10798383,0.26753902,0.18171048,0.022155285
solar,62,44224,50560,0.9938906597614284,0.2380959794834155,0.023901463,0.5829396,0.049654245,0.5093839
solar,65,42240,44544,0.993876919132902,0.1058122390318251,0.008167744,0.8721428,0.3189993,0.54497576
solar,33,49984,50560,0.9938765770264014,-0.2478761483238133,0.10825682,0.04570961,0.015894413,0.046652794
solar,127,43776,45504,0.993874736204819,0.2776090694756204,0.13686085,0.2604289,0.3777082,0.019581556
solar,96,43776,44928,0.9938713035530744,0.0320266551205037,0.031286716,0.20227861,0.13561869,0.097946644
solar,120,48320,49472,0.9938690798381766,-0.2058188419002115,0.1636591,1.3894639,0.041522026,1.594645
solar,74,43712,45440,0.9938606198920842,-0.0763212707384473,1.8839431,0.017110586,1.8480713,0.05298233
solar,28,44352,44928,0.9938560373779562,0.1322508656579421,0.02008152,0.06619978,0.050447702,0.004329443
solar,0,44352,51840,0.9938525069210822,0.068369458410464,0.053391933,0.13945699,0.153301,0.03954792
solar,107,44992,46144,0.9938395775549304,-0.0121638809598387,0.13008046,0.33437657,0.2825842,0.07828808
solar,39,47744,48896,0.9938388957585108,-0.0982524830934342,1.413156,0.031469822,1.2343073,0.21031857
solar,37,42496,45376,0.9938358290820412,0.2507685099892398,0.42825627,0.3988905,0.1747632,0.65238357
solar,114,50112,51840,0.9938337107128072,0.2528438725791806,0.12618732,0.021438599,0.047952175,0.1527009
solar,63,48256,49984,0.993827030985431,0.2131065472647824,0.48365426,0.40746045,0.18640256,0.70471215
solar,16,43840,49024,0.9938240089494784,-0.0419697563670442,0.39052224,0.16294265,0.42190385,0.13156104
solar,64,45120,50304,0.9938126870988764,0.1881366145807558,0.16601825,0.061522722,0.22670484,0.00083613396
solar,28,42176,43904,0.9938064522489792,0.1278237881103273,0.0040216446,0.29393816,0.30154896,0.0035891533
solar,84,45504,51264,0.9938043896412764,0.203078456211652,0.55159307,0.040100098,0.37391615,0.13757682
solar,28,46976,49280,0.9937986694940538,0.2851499371497791,0.38272858,0.006598234,0.2130928,0.16303754
solar,46,48896,51776,0.9937839670649936,0.2561420701367379,0.19936419,1.1854367,0.13065529,1.2541456
solar,117,44352,50688,0.9937761405814748,0.2166842313972843,0.035975456,0.35072088,0.29082537,0.02392006
solar,24,42496,47104,0.993773748559588,0.0375094495228105,0.2838962,0.17141008,0.21345496,0.24185133
solar,83,47552,50432,0.9937506188068082,0.2811209389549473,0.014912367,0.20075512,0.18790555,0.027761936
solar,67,48896,50048,0.99374562485204,-0.1246454626264793,0.10652661,0.30760717,0.1718142,0.24231958
solar,51,44352,49536,0.9937319211918848,0.260322921480739,0.02091837,0.010761261,0.020996094,0.010838985
solar,130,48384,50112,0.9937314097875076,0.2910393713552686,0.06655288,0.27397704,0.16049242,0.046931744
solar,31,42048,49536,0.993730626281202,0.2228413197616331,0.086064816,0.25004005,0.18397856,0.15212631
solar,71,43840,50752,0.993729587364718,0.2993271936734076,0.13221216,0.12026501,0.12371278,0.13565993
solar,38,42240,44544,0.993724527181278,0.097145179560079,0.00087475777,0.8663423,0.15780616,0.7094109
solar,103,42624,44928,0.9937162350640578,0.2776582773056015,0.07925391,0.09545827,0.11758542,0.05712676
solar,15,44800,47104,0.993712949088227,0.1343635837047077,0.01778841,0.32085395,0.13458133,0.16848421
solar,79,46144,47872,0.9936989566833204,0.1925820698778027,0.14426422,0.9728861,0.08274293,0.74587893
solar,11,42048,43200,0.9936956255623112,0.0634444986703988,0.18208289,0.013539314,0.09026146,0.10536075
solar,113,47744,49472,0.993688237841158,0.2789324849813426,0.0306983,0.2800808,0.22377968,0.47316217
solar,53,48896,52352,0.9936776092767572,-0.1354755469985261,0.25556898,0.73932934,0.29759026,0.69730806
solar,127,42688,45568,0.993677339152768,0.1963712736652757,0.019081116,0.13005829,0.105424166,0.04371524
solar,19,50688,51264,0.993669261627418,0.1809027294226794,1.0443952,0.16510034,0.82936954,0.380126
solar,117,45504,51840,0.9936602188851807,0.2244728847920504,0.24585724,0.6975813,0.037037373,0.41468668
solar,97,42496,47104,0.993659119129673,0.0924373380599656,0.05309391,0.18413305,0.18531942,0.05190754
solar,57,48320,51200,0.9936343237661348,-0.0285723880980023,0.14722157,2.6574612,0.28830576,2.7985454
solar,95,49472,50624,0.9936314105481284,0.2857884686299431,0.6024246,0.3791294,0.7601869,0.22136712
solar,1,45120,48576,0.9936293619118894,-0.2229048499395972,0.06737733,0.05064535,0.0190835,0.09893918
solar,6,43840,49600,0.9936270197154364,0.1178918860810582,0.11294818,0.06695175,0.023809195,0.20370913
solar,34,42496,47104,0.9936083136306264,0.1102293128036278,0.14892697,0.3448143,0.24980903,0.24393225
solar,92,45504,51264,0.9936041831190506,0.1793964605837448,0.19712353,0.4810524,0.020113468,0.2638154
solar,76,48320,48896,0.9936021946903458,-0.0221476997880644,0.17258286,0.7989056,0.19469428,0.7767942
solar,80,44352,47232,0.9936014458687028,0.2704138477893386,0.081861496,0.17041159,0.1961441,0.05612898
solar,1,42496,47104,0.9935955708643917,0.1452385399118524,0.14798808,0.23189402,0.15169239,0.2281897
solar,26,43776,47808,0.9935923805385404,0.2004657636024571,0.18042469,0.78213453,0.13155222,0.47015762
solar,119,43776,46656,0.9935888347931005,0.1722374519368094,0.013493538,0.07779932,0.095956326,0.0046634674
solar,16,42624,45504,0.9935807220803824,-0.0056577473638073,0.0109725,0.15430188,0.1419146,0.023359776
solar,13,46080,47808,0.9935717294148414,0.141786488025197,0.3044138,0.1957345,0.054025173,0.44612312
solar,81,44224,48256,0.9935576321552206,0.1957475803662835,0.18926072,0.49292326,0.17854333,0.8607273
solar,96,46080,52416,0.9935563939396708,0.1634910804914466,0.21580338,0.18719888,0.38024783,0.02275443
solar,18,42240,46272,0.9935456058276486,0.2026063882104579,0.04024434,0.40205073,0.13335371,0.30894136
solar,70,43840,46720,0.9935393994085948,-0.0664807243356434,0.20792389,0.34120846,0.25606275,0.2930696
solar,125,42624,46656,0.9935377865405246,0.2953722337409496,0.119247675,0.2540505,0.14011097,0.2331872
solar,32,46144,46720,0.9935357885520212,0.1506787400184782,0.10947204,0.062815666,0.051968336,0.005311966
solar,108,43840,45568,0.9935238279553388,0.2938610665479451,0.11833787,0.10744643,0.1409831,0.15187454
solar,117,45120,49152,0.9935123424300096,0.2806330902433796,0.04326296,0.3833282,0.18844867,0.23814249
solar,11,43328,43904,0.9935103806200808,0.2870583774024858,0.22644901,0.11087704,0.06616402,0.04940796
solar,128,48896,51776,0.9935090795360088,0.1085403043097417,0.09216976,0.5630884,0.28330803,0.37195015
solar,134,46080,50112,0.9935069273981804,-0.0116292150383368,0.18579435,0.39892483,0.17471361,0.41000557
solar,101,48256,49984,0.9934982985677416,0.2594005182761956,0.031235695,0.21420097,0.081410885,0.16402578
solar,115,46080,47808,0.99349683759484,0.0310799205679457,0.11742306,0.055301666,0.16579676,0.33852148
solar,107,45504,48384,0.9934804824910984,0.1230614216498995,0.0033402443,1.0436716,0.52583504,0.5211768
solar,116,43840,45568,0.9934733948930036,0.2063703840087443,0.0049545765,0.057341337,0.11424065,0.051944733
solar,7,46592,48896,0.9934682994023668,0.0335323844611893,0.51021194,0.3237672,0.6303477,0.2036314
solar,52,43904,44480,0.993460934591615,0.0323436513515807,0.08202219,0.19000149,0.19074297,0.08128071
solar,81,45568,46144,0.9934601523609772,0.2088534475788886,8.416176e-05,0.08935642,0.083524704,0.0057475567
solar,47,43776,46656,0.9934544104050076,0.2501423922230916,0.12263584,0.26594734,0.3199358,0.068647385
solar,0,45568,50176,0.99344932967051,0.2257528271838227,0.083340645,0.69383025,0.33461094,0.27587867
solar,121,43712,44288,0.9934492501338994,0.1777999492785374,2.6986263,0.037435055,2.724186,0.011875391
solar,61,42560,50048,0.9934481671626384,0.2771282333063395,0.15081286,0.32735133,0.12122059,0.3569436
solar,126,42688,50752,0.9934436149261022,0.2837942238977235,0.065485954,0.37250233,0.26178265,0.17620564
solar,46,44544,46848,0.9934383133122598,0.2309940871869568,0.20884132,0.08784938,0.19154596,0.10514474
solar,80,44096,46400,0.9934350777198176,0.1979097408137784,0.31229544,0.06436753,0.12535739,0.3732853
solar,107,45568,49024,0.9934285884959182,0.0580148764589458,0.038628817,0.31371856,0.17069101,0.10439873
solar,80,44544,45120,0.9934255195785672,0.2708826388922786,0.4554577,0.08899355,0.5487852,0.004333973
solar,87,42688,49024,0.993419707315816,0.1376388912082893,0.12619472,0.38615346,0.30921507,0.049256325
solar,111,47808,51840,0.9934191401290324,0.1687944136347733,0.78303695,0.14921212,0.7672715,0.16497755
solar,54,47808,48960,0.993416106124549,0.200813309632988,0.0035858154,0.2628641,0.23280048,0.033649445
solar,83,46656,51264,0.993414215867254,0.1707069412915079,0.42485452,0.1267457,0.35776806,0.059659243
solar,49,42176,43904,0.9934133023067632,0.221779078881847,0.33891487,0.09834099,0.08245039,0.1581235
solar,90,43776,45504,0.9933995643628196,0.2263795503497536,0.45344067,0.45698047,0.83273554,0.077685595
solar,68,46144,49024,0.9933995428531708,0.16808315163235,0.006040573,0.08266473,0.046215534,0.12283969
solar,9,44352,51840,0.9933876455696972,0.2899244201249876,0.382447,0.385926,0.08596325,0.082484245
solar,2,49408,49984,0.993382481946031,-0.0737734769100061,0.6672981,0.270411,0.5205772,0.4171319
solar,97,47168,48320,0.993379859391495,0.2507994701643786,0.19983506,0.1262095,0.23246098,0.093583584
solar,103,46144,49600,0.9933791238382488,0.2915966543856235,0.29678488,0.77042294,0.06944609,0.9977617
solar,69,42560,50048,0.9933779036764184,0.220253383134457,0.08312845,0.77688193,0.21532226,0.6446881
solar,108,46016,52352,0.9933687774603186,0.0047712717386218,0.35300827,0.19245815,0.535264,0.010202408
solar,121,49024,49600,0.9933679135060652,0.2682902738859207,0.12545204,0.19084024,0.2093358,0.1439476
solar,73,47232,50112,0.9933590682063572,0.202155376199837,0.10438657,0.10035205,0.16165495,0.043083668
solar,133,48448,49600,0.9933590087761812,0.2306912822318075,0.076509714,0.10515237,0.07583022,0.047187567
solar,82,42496,48256,0.9933577781572116,0.187633276650771,0.1801579,0.013787031,0.1547389,0.011631966
solar,109,46080,51840,0.9933577511145544,0.2801194701333636,0.24148226,0.14035106,0.01644659,0.11757779
solar,108,43264,48448,0.9933534164561912,0.280868200821259,0.09487176,0.88593054,0.26317835,0.71762395
solar,52,47168,51776,0.993352286530853,-0.0104922742495035,0.018903732,2.1998415,0.09876084,2.317506
solar,9,42560,50624,0.993349296852702,0.2721540740057893,0.59889555,0.17453861,0.5634239,0.21001029
solar,34,45376,50560,0.9933323733532524,0.0486385655229872,0.02708149,0.07697439,0.07243872,0.022545815
solar,16,43328,46208,0.9933121111254554,0.2951907469091925,0.006530285,0.2254839,0.27154732,0.052593708
solar,39,47232,50688,0.9933096936165852,0.1801077819659494,0.077738285,0.33944225,0.2564664,0.16071415
solar,129,49280,50432,0.99330908248161,0.1913059005156882,0.031531572,0.39548206,0.21712089,0.20989275
solar,130,42176,47360,0.9933060127046622,0.167421320747242,0.27816916,0.20360279,0.29703474,0.1847372
solar,120,42240,43392,0.9933032304135704,0.1744188516026984,0.11001682,0.005150795,0.059215784,0.045650244
solar,20,44288,46592,0.9933025775290676,0.2516257154234694,0.083319664,0.5563388,0.38298702,0.25667143
solar,30,47808,48960,0.9933004642781892,0.1702254028488075,0.021719933,0.009410381,0.02960968,0.0015206337
solar,106,42688,46720,0.9932990676021312,0.1871524650646579,0.13343,0.0657146,0.097914696,0.101229906
solar,115,43264,48448,0.9932978995616352,-0.1763083184086508,0.2424922,0.3324468,0.18975425,0.76469326
solar,38,43136,43712,0.9932940101139406,0.0755979565633973,0.3077569,0.040631294,0.1415143,0.2068739
solar,24,43776,50112,0.9932824769913686,-0.2003766601690677,0.3243432,0.031689644,0.0761199,0.27991295
solar,92,49984,50560,0.9932791948800124,-0.0261753081200261,0.83670807,0.010712147,0.5560188,0.2699771
solar,42,43776,46656,0.9932616752803708,0.2957010609101242,0.05423498,0.46566057,0.26263285,0.14879274
solar,70,50176,51904,0.9932599240312776,0.1231896821183455,0.5643339,0.29541993,0.77071285,0.089040995
solar,119,42560,48896,0.993259413383148,0.2104102935014021,0.17631412,0.7187855,0.28005004,0.6150496
solar,112,50688,51264,0.9932547293111796,0.1153022390747895,0.49887848,0.05453205,0.24055958,0.31285095
solar,48,43200,51264,0.9932538183585315,0.1803194201554488,0.16217494,0.10343766,0.04614067,0.012596607
solar,118,42240,48576,0.9932500974340293,0.2094279401825393,0.03740859,0.68238616,0.27191877,0.3730588
solar,135,43776,47232,0.9932372178422596,0.1789265088586905,0.22803593,0.22524452,0.053761244,0.05655265
solar,96,47936,51968,0.99322544908939,-0.0855443666840795,0.29786777,0.056133747,0.11288929,0.24111223
solar,87,43392,46848,0.9932217499374892,0.2952238199514841,0.0015511513,0.35554647,0.20408106,0.15301657
solar,77,48128,52160,0.9931762378739324,0.2012180414140854,0.16576791,0.6035938,0.020188332,0.4176376
solar,55,47168,48896,0.9931711524829332,0.2981630201682448,0.20166278,1.2708998,0.01653719,1.4560254
solar,88,44992,45568,0.993156230108041,0.2637025433897439,0.06952906,0.36057973,0.051344395,0.3787644
solar,132,44992,46144,0.9931557391585784,0.1976777815789891,0.15219402,0.031935453,0.0017089844,0.121967554
solar,74,44288,49472,0.9931532678340584,0.2626081793420844,0.21384454,1.6992269,0.18525028,1.7278211
solar,98,44352,48384,0.993144903595068,0.2344789479621798,0.26801825,0.32017112,0.6049328,0.016743422
solar,33,50624,51200,0.9931405494387328,0.2088092510717651,0.041796684,2.2942,0.056948423,2.392945
solar,55,44800,49984,0.9931404952072992,0.0895983368348964,0.41589808,0.38981247,0.0046844482,0.810395
solar,37,42240,52032,0.9931373081097254,0.2935473049855626,0.04843664,0.077745914,0.06276083,0.0920701
solar,112,42176,45056,0.9931362752751036,0.2228562547660839,0.007565975,0.031429768,0.015606403,0.02338934
solar,111,47168,52352,0.9931292598015428,0.1975467852042511,0.17122054,1.3452868,0.25132108,1.2651863
solar,28,43392,47424,0.9931283733372238,0.2540563368987829,0.062039852,0.3220396,0.017351389,0.40143085
solar,27,47424,48576,0.9931188105448304,0.1793362522603274,0.0008485317,0.057163715,0.05624199,0.001770258
solar,46,47296,50752,0.9931166482088064,0.2777481360565048,0.013081551,0.028673649,0.027791739,0.01219964
solar,66,44416,44992,0.9931095587879344,0.2931152711050244,0.6600404,0.02535677,0.6720395,0.013357639
solar,37,43776,48384,0.9931052599208012,0.2692862113300198,0.28474855,0.3211422,0.35745716,0.24843359
solar,49,48960,51264,0.9931015432973984,0.2425842688028036,0.5639427,0.10311675,0.35299397,0.31406546
solar,131,43712,50624,0.9930904520529066,0.2824479918862984,0.965719,0.08912969,0.80669546,0.24815321
solar,92,45376,46528,0.9930831037243258,0.191600492763937,0.34527683,0.05255699,0.11020231,0.2876315
solar,75,44224,48256,0.9930792411233784,0.1964681278614486,0.18123364,0.18194604,0.16688895,0.19629073
solar,86,43200,51264,0.993076694022498,0.2577137750170237,0.0049283504,0.79434395,0.41289306,0.37652254
solar,98,48320,48896,0.9930764955307771,0.1297386702420858,0.015950918,1.7055476,0.08043122,1.8019297
solar,25,46720,48448,0.9930754472599642,0.1645531119786104,0.10617185,0.36020565,0.019259691,0.4471178
solar,101,46592,47168,0.9930697543115116,0.0588964918079599,0.56793547,0.25957656,0.70948124,0.11803079
solar,44,43776,49536,0.9930668170654084,0.2398925368023449,0.49748874,0.12281895,0.14571166,0.22895813
solar,18,43712,52352,0.9930611501745514,0.0700799627457263,0.047686577,0.99516726,0.32321072,1.3660645
solar,106,45376,49984,0.9930442235455068,0.1256176570802173,0.4134245,0.077890396,0.052945614,0.28258848
solar,35,49536,51264,0.993040309759217,0.0986527533712102,0.36104488,0.24220634,0.09521246,0.21405101
solar,58,48896,50048,0.9930354501794952,-0.1611288385491016,0.08621073,0.16959333,0.20217705,0.053627014
solar,32,42112,44992,0.993026610873819,0.2664426575835293,2.4228787,0.19979692,2.5978086,0.37472677
solar,107,48256,49408,0.9930183014864497,0.0147529531276291,0.18144941,0.44221115,0.31642509,0.30723548
solar,3,44928,51840,0.9930137028593872,0.1386873513331839,0.60972,0.072233915,0.5184498,0.16350412
solar,9,46080,50688,0.9930018051637532,0.1562440493209653,0.44612837,0.67977524,0.25374436,0.87215924
solar,3,46080,46656,0.9930011591764588,0.1559578472731712,0.06570387,0.059310436,0.14844704,0.023432732
solar,0,49600,51904,0.9929844260836984,0.2903979489383664,0.76438785,0.043296814,0.74938035,0.05830431
solar,40,42112,47296,0.9929745239035772,0.1804772123249979,0.15418458,0.10669899,0.23538876,0.025494814
solar,1,51840,52416,0.9929591518282488,0.1869041075277147,0.4955759,0.21738625,0.84131765,0.1283555
solar,5,49408,50560,0.9929538444449464,0.2334152966037882,0.017652035,0.0032830238,0.011955738,0.026324749
solar,89,42240,49152,0.9929509060547196,0.2156195593297163,0.10864997,0.36749578,0.23726273,0.23888302
solar,21,44864,47168,0.992946903808189,0.2817461033371987,0.03661871,0.12921834,0.23598027,0.3285799
solar,91,44416,47296,0.9929464055310724,0.0851544825943132,0.09563303,0.10176659,0.085831404,0.07969785
solar,107,44864,49472,0.9929429994761116,0.2645534662274034,0.1206646,1.2311301,0.11517048,1.4669652
solar,99,43392,45120,0.9929426688675208,0.1888255194133531,0.041685343,0.45626378,0.32748032,0.1704688
solar,76,42048,43776,0.9929344827871648,0.2454327573493853,0.22147608,0.709697,0.41980338,0.5113697
solar,124,49024,50176,0.9929331836747218,-0.3753458078781656,0.16327381,0.34455776,0.2371707,0.27066088
solar,75,45568,49024,0.9929255333354672,0.1364586226222404,0.17028809,0.2200365,0.05175996,0.33856463
solar,18,44224,48832,0.9929231032689322,0.0938960405902143,0.010933161,0.3244536,0.03131032,0.30407643
solar,16,46656,47808,0.9929111102135608,0.211472694825521,0.023221016,0.13882208,0.15245914,0.03685808
solar,97,43776,47232,0.9929107508550236,0.1873274703740162,0.39316988,0.085142136,0.21243906,0.26587296
solar,116,43136,47744,0.9929104944130912,0.197333535017162,0.1460886,0.10992861,0.006986618,0.029173374
solar,34,45504,49536,0.992909106787724,0.1829638169173428,0.07088137,0.21044016,0.17011881,0.11120272
solar,98,42752,47360,0.9929037003801576,0.236057968061556,0.070679665,0.146564,0.132833,0.08441067
solar,101,42496,45376,0.992878751156593,0.2701920751940077,0.0842495,0.28598928,0.16919327,0.20104551
solar,105,43648,47104,0.9928527641377012,0.2693590119113095,0.05239296,0.40882397,0.09404421,0.2623868
solar,31,48896,51776,0.9928456799374844,-0.159089461315824,0.7792692,0.3488269,0.38483477,0.045607567
solar,61,46144,50176,0.9928344480322292,0.048633355030896,0.09041834,0.16336155,0.13146687,0.12231302
solar,113,44288,48320,0.9928172797065012,0.166441747783243,0.12468505,0.8327224,0.23373795,0.7236695
solar,82,42816,45696,0.9928148802285732,0.1592967532401579,0.010667086,0.20112276,0.093388796,0.09706688
solar,47,49984,50560,0.9928142855482882,0.2215766132678372,0.30860496,0.066180944,0.02849245,0.21393156
solar,126,44224,50560,0.9928126961441274,0.2936199614748751,0.04186082,0.31656766,0.11737394,0.1573329
solar,120,48832,49984,0.9928085729117142,0.2807256816149346,0.05435753,0.023241043,0.10513353,0.13625002
solar,101,46080,50112,0.9928037016954094,0.2529286934682092,0.2879057,0.76690507,0.26917768,0.7856331
solar,43,44480,45632,0.9928007631106316,0.2709999234428467,0.164577,0.20763493,0.2255745,0.14663744
solar,75,44864,47872,0.992794462799668,-0.09284551320369,0.09528351,0.046611547,0.36091113,0.31223917
solar,49,43840,50752,0.9927781870054476,0.2795242238816398,0.0798831,0.05462098,0.09223151,0.11749363
solar,88,42496,44224,0.9927750155251114,0.1848714825232156,0.46342802,0.012669086,0.3766384,0.07412052
solar,22,49024,50752,0.9927714065201856,0.2790859523945986,0.024267197,0.22757506,0.38563132,0.13378906
solar,102,42624,47232,0.9927674521833986,0.2207220387713645,0.026124954,0.31614065,0.27699184,0.013023853
solar,96,49024,51328,0.992767446059242,0.2483518229578292,1.0092993,0.30791664,0.7672827,0.06590009
solar,128,45568,49024,0.9927663011165736,0.2509618976449141,0.030436754,0.3920679,0.22102141,0.14060974
solar,65,42496,50560,0.9927642956281592,0.1992287473280801,0.3383503,0.26716542,0.12155175,0.48396397
solar,15,43776,45504,0.9927588384764302,-0.0593541650610981,0.1509943,0.1391108,0.20100594,0.08909917
solar,135,42432,51200,0.9927535722002028,0.2994423973462889,0.04011917,0.3683629,0.20654392,0.20193815
solar,127,45376,49984,0.992751929798485,-0.264028994570704,0.58851695,0.0604465,0.3175974,0.33136606
solar,12,44352,47808,0.9927385028852752,0.1375093966120586,0.1945796,0.07298374,0.27052164,0.0029582977
solar,56,43200,51264,0.9927317961840632,0.2523585926496985,0.6908665,0.17064047,0.7869258,0.074581146
solar,111,46848,52032,0.9927265539324184,0.2325927793768271,0.18747616,0.083913326,0.018725634,0.122288465
solar,110,46528,50560,0.992726326234304,0.0504147092721221,0.11227274,0.41277695,0.30850363,0.21654606
solar,30,42240,49152,0.9927239969324808,0.0662357059960401,0.17141938,0.09529328,0.002118826,0.078244925
solar,87,47104,48256,0.9927212359092564,0.2986117331071784,0.4008999,0.18351245,0.28144312,0.30296922
solar,23,42240,47424,0.9927170111678096,0.2913309808657137,0.053869724,0.43948746,0.22933769,0.15628004
solar,26,42496,50560,0.9927152310191846,0.0980285774681822,0.301893,0.29701138,0.14225173,0.45665264
solar,102,42176,46208,0.9927138627634936,0.2605293788266545,0.13589668,0.5909476,0.5079074,0.052856445
solar,105,50816,51968,0.9926939510732904,0.1861411227190706,0.090259075,0.025054455,0.015575886,0.080780506
solar,128,47168,52352,0.9926625147615348,0.1073169739564122,0.12594032,1.5129089,0.067762375,1.5710869
solar,37,48576,50304,0.9926602344682932,0.1633631758803126,0.17682719,0.22585821,0.21217346,0.16314244
solar,121,46720,50752,0.9926552086796826,0.0958199010641694,0.1743033,0.32305384,0.02622056,0.5235777
solar,59,45440,48320,0.9926506199353724,0.2240685872435714,0.046752214,0.50410104,0.12809205,0.4227612
solar,105,45440,49472,0.992647886096442,0.0792704596307763,0.00533247,1.0984981,0.17899442,0.92483616
solar,115,49600,50752,0.992644145193942,0.1800715283424684,0.15179157,0.13167286,0.3300879,0.04662347
solar,44,44352,48384,0.9926428326864024,0.0362997748113797,0.17162657,0.07530308,0.19686747,0.05006218
solar,100,42560,45440,0.9926169260489331,0.2915663254921591,0.13556409,0.312052,0.26188397,0.18573213
solar,9,45376,49984,0.9926149760622308,0.0520227136901707,0.34673262,0.05993128,0.1710515,0.23561239
solar,85,42624,46080,0.992608769982262,0.262200179908861,0.38421392,0.10566354,0.057101727,0.22144866
solar,123,47232,50688,0.9926077538434576,0.2894450538096198,0.046296597,0.14543724,0.073318005,0.11841583
solar,125,46592,49472,0.992607695140718,0.0161826965512886,0.20873642,0.82474566,0.35737848,0.6761036
solar,104,44992,45568,0.992592353773197,0.2961936254965455,0.11279273,0.2400806,0.13899708,0.011709213
solar,25,47232,49536,0.9925911514677004,0.2777176334936623,0.14029026,0.3511834,0.2544241,0.04353094
solar,28,48256,48832,0.992574510219634,-0.0234223842171918,0.21717405,0.4438269,0.22979474,0.43120623
solar,72,42624,48384,0.99257325748697,0.2139284134437937,0.026641369,0.078897,0.06066227,0.008406639
solar,125,46400,47552,0.992573158466418,0.2816110550175186,0.012635469,0.17238235,0.13432622,0.050691605
solar,27,50432,52160,0.992565823298293,0.2077718704120066,0.0737226,0.21815395,0.17001057,0.12186599
solar,101,47424,49152,0.9925646751632444,0.1563911440080472,0.076672554,0.06166482,0.05285144,0.06785917
solar,84,50688,51840,0.9925626057483656,0.1904315320849307,0.18824577,0.19885063,0.013560772,0.0029559135
solar,86,43776,46080,0.9925581136551804,0.2406366128574076,1.0002613,0.17413378,1.0000482,0.17434692
solar,99,43200,46080,0.9925573081030042,0.1114303189453935,0.5321531,0.21842957,0.4399891,0.3105936
solar,72,46080,51840,0.9925506442362804,0.276818875372404,0.05993271,0.020573616,0.009551048,0.04891014
solar,86,43264,46720,0.99254679169813,0.2618796343066162,0.01949501,0.83916974,0.34222198,0.5164428
solar,121,42496,49984,0.9925426212018176,-0.550908893677972,0.25178623,0.07646847,0.089735985,0.08558178
solar,112,46720,48448,0.9925386733161928,0.1951649619955382,0.17555141,0.096559525,0.077111244,0.1949997
solar,112,48896,49472,0.9925326172900388,0.041933050778344,0.107533455,0.06997204,0.09404421,0.13160563
solar,105,50304,52032,0.9925318986663436,0.1767393198862671,0.27015448,0.051463842,0.019047976,0.19964266
solar,34,43840,46592,0.9925248004713546,-0.2103617271075616,0.12473869,0.43171978,0.33611822,0.6430993
solar,68,43840,45568,0.9925026713366268,-0.2209440806530209,0.00036144257,0.28653765,0.4158697,0.12897062
solar,32,42624,46080,0.9924990847987591,0.184107421821689,0.048854828,0.36305523,0.20020008,0.11400032
solar,123,44416,47296,0.9924979857345207,0.2356219418650904,0.020728111,0.07224536,0.07509208,0.02357483
solar,61,43648,44224,0.9924975845726082,0.2199693819930895,0.03009224,0.050286293,0.007892609,0.012301445
solar,19,44928,45504,0.9924884270774252,0.2226043661373039,0.03240919,0.29146385,0.013488293,0.33736134
solar,71,44416,46144,0.992487258804572,0.2980829658153331,0.19324708,0.22696924,0.14969492,0.11597276
solar,68,43904,45632,0.9924760341338053,0.2078760159411192,0.10422039,0.20960808,0.30197,0.011858463
solar,97,43200,52416,0.9924617791228132,0.1564225678795734,0.104579926,0.15106487,0.03182316,0.014661789
solar,75,45504,51840,0.992457573089207,0.216546215813595,0.36534643,0.33201742,0.041606426,0.074935436
solar,33,45568,50176,0.9924490990991036,0.0937380859839925,0.12483525,0.022766829,0.08728361,0.06031847
solar,83,42112,44416,0.9924421390145364,0.2468836887818539,0.5208399,0.11077738,0.62230253,0.0093147755
solar,49,48320,50624,0.9924402686797452,0.2247887548342464,0.13469028,0.19999027,0.117354155,0.2173264
solar,41,42048,43200,0.992438833348471,0.2413677674160559,0.4294381,0.09956646,0.12881947,0.20105219
solar,63,46592,50048,0.99241936737659,-0.1372029877831471,0.8817525,0.07458615,0.86325836,0.09308028
solar,90,44224,48256,0.9924011236946764,0.2444371103306895,0.26428962,0.058503628,0.18027377,0.14251947
solar,92,42624,46080,0.9923993944944212,0.1704132274829881,0.27851343,0.34853792,0.09165335,0.021628857
solar,95,42688,44416,0.9923979817140394,0.147450260169365,0.024852991,0.5428529,0.28350663,0.28419924
solar,127,45440,47744,0.9923963015329514,0.1696624584933113,0.3320043,0.5656786,0.23137689,0.666306
solar,33,44352,48384,0.9923927762085224,0.2844206555364798,0.24365807,0.17813683,0.24119139,0.1806035
solar,11,42624,48384,0.9923874153417348,0.2476489229596752,0.08234644,0.001824379,0.076257706,0.007913113
solar,23,46144,49600,0.9923872103962592,-0.3246762366676717,0.0038805008,0.4380021,0.011657,0.4457786
solar,103,49408,49984,0.9923854667274432,-0.2823387024026427,0.1739192,0.2530923,0.12044716,0.30656433
solar,97,42048,46080,0.9923830279737214,0.1390225367127379,0.46715188,0.1436553,0.59407735,0.016729832
solar,34,43712,48896,0.9923741393059282,-0.1799297676503223,0.16894007,0.037492275,0.12213802,0.08429432
solar,60,45568,46144,0.9923685858605746,-0.1806664204458111,0.23905683,0.03318119,0.24146056,0.030777454
solar,30,45056,45632,0.99236180909145,0.2958232747642582,0.12713909,0.5274372,0.2774291,0.122869015
solar,32,43712,47168,0.9923561505945874,-0.0361728273375849,2.0194168,0.16174698,1.8658152,0.008145332
solar,10,48320,51776,0.9923549720926884,0.1902076981277211,0.010598898,2.161405,0.13860083,2.3106048
solar,76,43264,48448,0.992336625329105,0.2096102960969029,0.05026388,0.7264664,0.20401073,0.5727196
solar,100,46080,50688,0.9923342853282302,0.2947184374890362,0.17630744,0.3260889,0.13648963,0.36590672
solar,110,47744,50624,0.9923328196090108,0.2475255653253241,0.35040712,0.34838748,0.5522897,0.14650488
solar,11,42560,52352,0.99232751381122,-0.1112717671391497,0.16782689,2.543617,0.1018095,2.4775996
solar,49,42624,43200,0.9923221685539376,0.1340702253337061,0.16313624,0.42558336,0.1578424,0.4308772
solar,42,45632,49664,0.992318986375182,0.2966436780544395,0.04814434,0.04158783,0.037008286,0.052723885
solar,65,43712,50048,0.992318279138871,0.1857659964012546,1.5400774,0.050913095,1.4879191,0.0012452602
solar,69,47168,47744,0.992317533444485,0.203390466052066,0.24322844,1.2211232,0.2556281,1.2087235
solar,114,46592,47744,0.9923130878410692,0.2718546115822824,0.08899784,0.098695755,0.08237386,0.10531974
solar,116,45376,46528,0.9923058518945244,0.159561913905259,0.4984467,0.009246111,0.31207705,0.19561577
solar,58,44352,45504,0.9923023317396577,0.137110975632271,0.45601583,0.39950204,0.71753407,0.1379838
solar,40,42624,46656,0.9922901485535688,0.1282330779400273,0.14969826,0.32473183,0.21555972,0.25887036
solar,119,45568,46144,0.992289732045534,0.0681818939784776,0.048642874,0.01096797,0.008827448,0.04650235
solar,62,43712,44288,0.992284153634492,0.1668273152218391,1.8916726,0.021894932,1.9002862,0.013281345
solar,97,44224,49984,0.9922767449185836,0.2234549716945179,0.32646418,0.13257527,0.05579257,0.24968147
solar,4,42496,47104,0.9922585228971292,0.2913299950064417,0.107001305,0.07620287,0.05198884,0.082787275
solar,0,44928,46080,0.9922562250542876,0.2824633517703087,0.16735363,0.1915369,0.1713376,0.14715433
solar,39,45504,51840,0.992248288166738,0.2639683733161072,0.3368752,0.3751552,0.077515125,0.039235115
solar,19,50112,51840,0.9922374537971116,0.0910473661563202,0.698385,0.16958618,0.5571017,0.31086946
solar,2,51200,52352,0.9922262127768712,-0.1023962358308496,0.41382575,2.1648116,0.557569,2.308555
solar,17,48960,50112,0.9922245449502112,0.1421339745215155,0.037157536,0.045476913,0.08847427,0.0058398247
solar,131,46656,50688,0.9922194738534662,0.157699864716035,0.1135149,0.07687569,0.07270384,0.11768675
solar,122,45120,46272,0.9922158895901738,0.2320147816014132,0.072808266,0.21073174,0.29738402,0.013844013
solar,129,47552,48704,0.9922153337168444,0.2910914103227324,0.09227276,0.1331594,0.21592903,0.009503126
solar,19,46016,47168,0.9922137540991012,0.2001603721050623,2.4332032,0.19515276,2.2866435,0.048593044
solar,81,46080,51264,0.9922131067828488,0.0441788452696588,0.09341836,0.17093396,0.08508897,0.17926335
solar,20,44800,49984,0.9922127564354338,-0.2428345440680127,0.4921167,0.21942234,0.04692149,0.7584605
solar,102,48320,52352,0.9922121327988276,0.0094102188991789,0.16076756,2.3893933,0.4433415,2.6719673
solar,17,48896,50048,0.9922005367046745,0.0943794270750358,0.82656264,0.059749365,0.774745,0.11156702
solar,96,43520,44096,0.9921966322950936,0.2492848680046171,0.16741014,0.005861521,0.06133771,0.22288632
solar,96,48576,50304,0.9921911393498664,0.2665485648495411,0.08345032,0.026242256,0.07551193,0.13272
solar,31,47104,47680,0.9921773267263928,0.1689807212662471,0.061299086,0.019545317,0.037499905,0.043344498
solar,75,42560,47744,0.9921772061768872,-0.0907907063610782,0.03212762,2.2667546,0.045584917,2.189042
solar,9,45504,47232,0.992174785148621,0.2898484097205119,0.0041155815,0.036945343,0.05792141,0.016860485
solar,29,45120,45696,0.9921729543338342,0.1212679919411884,0.10334396,0.58284426,0.3831625,0.30302572
solar,135,42496,48256,0.9921669557561644,0.1344197885554978,0.58085346,0.12764478,0.22148633,0.4870119
solar,3,43712,45440,0.9921659850942957,0.1410713567603745,1.8527172,0.029675007,1.8418286,0.040563583
solar,114,44928,47808,0.9921560494599528,0.194887216859324,0.020356655,0.38163185,0.17693949,0.18433571
solar,6,44224,49408,0.9921517668110194,-0.1195358476676264,0.026869774,0.66898775,0.23871088,0.45714664
solar,129,42176,44480,0.9921452131459318,0.1847093607736745,0.011188984,0.1721921,0.17986393,0.018860817
solar,84,47104,50560,0.9921386442895076,0.1223604880943076,0.2458911,0.20703459,0.020743847,0.43218184
solar,20,47808,48960,0.9921352533673156,0.2053805052242026,0.027993679,0.10209465,0.08508825,0.010987282
solar,62,46848,49152,0.992135006807548,0.2051021458460785,0.016466856,0.37562847,0.17957783,0.2125175
solar,105,47232,50112,0.992131496962171,0.0548039004675142,0.14925241,0.3893304,0.4727707,0.06581211
solar,53,42240,47424,0.9921287222982192,0.284303119363326,0.11070919,0.6088064,0.21156359,0.507952
solar,23,46080,50688,0.9921128237265152,-0.0214085303822524,0.052649975,0.32667542,0.23253345,0.14679193
solar,30,47744,48320,0.9921025597673544,0.0105635047174443,1.2441492,0.42159915,1.3741806,0.2915678
solar,96,42240,46848,0.9921021564312212,0.2638026925958577,0.21278858,0.13539267,0.021543503,0.09893942
solar,111,44544,45120,0.9920994382738152,0.2965670201375998,0.21109748,0.11445069,0.3397572,0.014209032
solar,67,49024,50176,0.9920982578005932,0.2677844638813315,1.8139124,0.19973326,1.8352263,0.22104716
solar,68,46720,51328,0.992077863968639,0.2944962452035115,0.6275923,0.09957218,0.65054464,0.07661986
solar,105,43008,52224,0.9920474988900876,0.2118945900963879,0.24725628,0.1045537,0.18332958,0.1684804
solar,49,43520,46976,0.9920405956093346,0.2952754784723324,0.10354209,0.20849657,0.20253348,0.10950518
solar,83,45696,51456,0.9920218259497314,0.1713876466373113,0.259583,0.0495255,0.2697265,0.03938198
solar,104,44544,48576,0.9920174188586164,0.198291178747789,0.05538726,0.08568907,0.07395005,0.067126274
solar,24,44928,50688,0.9920168432997272,0.273079001193263,0.014407158,0.14606953,0.095528126,0.06494856
solar,121,47168,48896,0.99198835098661,0.2362407441495734,0.2947297,0.6373811,0.3990438,0.533067
solar,85,46144,46720,0.9919596156387678,0.2785624131111775,0.16103697,0.012278557,0.07686782,0.07189059
solar,74,47296,49600,0.991935045710044,0.1359654345965618,0.06317186,0.068777084,0.112436056,0.019512892
solar,123,46016,51200,0.9919285020386532,0.2837901909104676,0.065841675,0.20463562,0.2753229,0.5458002
solar,54,44352,52416,0.9919121898527672,-0.0349266527724614,0.045011282,0.20265436,0.16277957,0.00513649
solar,108,46272,50304,0.9919111587565012,0.1881788240285581,0.0020301342,0.45275974,0.22624612,0.22448349
solar,111,42624,44928,0.9919049992634,0.2953691852786101,0.0048828125,0.32631016,0.22945356,0.09197378
solar,107,42624,47232,0.9919021681162784,0.1956363701015169,0.13121557,0.021613121,0.0037240982,0.15655279
solar,OT,47744,52352,0.9918985421230896,0.2633626683887781,0.30702543,0.10818195,0.094073296,0.10477018
solar,70,44288,48896,0.9918983620816954,0.1530302294954126,0.11794329,0.98741245,0.14289665,0.9624591
solar,68,49408,50560,0.9918942291552963,0.181619218003496,0.12228966,0.4465146,0.15511942,0.41368484
solar,120,46016,47168,0.9918915787303666,0.2439906348003049,2.3393066,0.20633388,2.2084568,0.07548404
solar,126,43520,47552,0.991887848362644,0.0765653237583463,0.0015940666,0.18808341,0.11999583,0.069681644
solar,30,42496,45376,0.9918866282715464,-0.0595218391056233,0.19116282,0.5701258,0.19809294,0.18087006
solar,71,44288,45440,0.9918859612111804,0.283099352424484,0.043753862,0.070991516,0.074273586,0.047035933
solar,40,47168,47744,0.9918843501015532,-0.0593654241689206,0.25991607,1.0229111,0.329983,0.95284414
solar,31,43648,45952,0.9918830588381156,0.1378413098674095,0.075408936,0.4729681,0.06652665,0.6149037
solar,19,49856,50432,0.9918789271673976,0.2689124108549015,0.26084137,0.18192816,0.080750465,0.15966368
solar,132,45504,49536,0.9918750508070684,0.2617421859526447,0.12731266,0.07463598,0.032349586,0.16959906
solar,49,48256,49984,0.9918613341757402,0.2713215816105097,0.40958762,0.5534148,0.11232591,0.85067654
solar,52,42112,50176,0.9918547872462596,0.2595091538616659,0.0033361912,0.32671356,0.19449139,0.12888598
solar,8,43264,45568,0.9918404144275866,0.1059848074520971,0.11089969,0.76836944,0.21315742,0.6661117
solar,124,42624,45504,0.9918311699953012,0.1592953629400449,0.13196301,0.033041477,0.042872667,0.05604887
solar,41,47168,47744,0.9918292929844365,0.2576542217747072,0.15265846,0.895133,0.056233406,0.9915581
solar,88,43968,45120,0.9918257392247416,0.1286244452636956,0.038975,0.17042398,0.08886337,0.12053561
solar,121,45568,48448,0.991823000806008,0.1531362928799904,0.0487442,0.25818372,0.18047333,0.12645459
solar,26,43840,50624,0.991817258278068,-0.0529380031772066,0.7064705,0.11889815,0.9332671,0.107898474
solar,72,43264,43840,0.9918099278351078,0.1993423977093404,0.27118254,0.48993635,0.042764902,0.718354
solar,11,48320,48896,0.9918058225470288,0.288010170708103,0.1622243,0.94154596,0.3292253,0.77454495
solar,116,49984,50560,0.9917997920473548,0.1861544531749654,0.30503893,0.25317883,0.17647243,0.38174534
solar,107,43520,47552,0.9917906875860036,0.0388246510101054,0.044864416,0.1470592,0.102138996,0.08978462
solar,102,50688,52416,0.9917800102457184,0.2545595989220645,0.13439226,0.15247011,0.1010952,0.08301735
solar,118,43200,46656,0.991775785630018,0.2867655571833418,0.05539894,0.33620167,0.007294655,0.27350807
solar,46,42240,50304,0.9917748883564992,0.2575243684686252,0.10139203,0.6456373,0.1973226,0.5497067
solar,73,44928,46080,0.9917748432118152,0.0469974891969379,0.29018617,0.5782442,0.38352275,0.48490763
solar,90,45952,51136,0.9917729513199224,0.1781431449593113,0.2863655,0.11432266,0.21072388,0.1899643
solar,24,42560,48320,0.9917654702829376,0.2810598384209169,0.10275841,0.98083496,0.21557117,0.8680222
solar,59,44928,50112,0.9917462714119032,0.1275786325934342,0.07038474,0.83171844,0.30706382,0.59503937
solar,72,44544,45696,0.9917383549542385,0.1233559150200886,0.14098,0.08091068,0.15801072,0.06387997
solar,42,46016,51776,0.9917297891967738,0.1455807046476306,1.0402203,0.32723522,0.7875323,0.07454729
solar,85,45120,46848,0.9917223045403196,0.2216411158412576,0.075811386,0.299968,0.25717664,0.03302002
solar,91,44288,50048,0.9917154025006768,0.2962490322282083,0.12037206,0.8895445,0.2113626,0.79855394
solar,36,49984,50560,0.9917119851658016,0.2668555959465972,0.26875544,0.13468933,0.095561504,0.22962761
solar,110,44288,49472,0.991710882542256,0.1134289983212151,0.13170671,0.8061521,0.27980852,0.6580503
solar,126,43136,50048,0.9917086459469346,0.272736629670827,2.3170254,0.026332855,2.3559659,0.065273285
solar,9,42688,45568,0.9917045805537552,0.278223127097038,0.007416725,0.25371647,0.15218973,0.09411001
solar,129,45440,48896,0.9916984391697212,0.2770089353024796,0.23792386,0.3747623,0.16404653,0.44863963
solar,29,44992,46144,0.9916657717078288,0.2783306981721565,0.24911451,0.2824824,0.1253202,0.4062767
solar,110,45504,51264,0.991656452660844,0.2377431085644962,1.0807009,0.074634075,0.8095832,0.19648361
solar,102,44544,45120,0.991651650256252,0.1956610128336317,0.44250035,0.16281033,0.54978824,0.055522442
solar,115,48320,52352,0.9916505362381292,0.0892446968088862,0.122271776,2.1673532,0.20713592,2.082489
solar,118,43520,46976,0.9916125812495736,0.2561155959502409,0.22602391,0.2386589,0.051228523,0.4134543
solar,60,47104,48832,0.9916117503806784,0.1023366395519282,0.10271549,0.022130966,0.0392251,0.08562136
solar,71,43712,48320,0.9916058641099588,0.157764650637659,0.46255946,0.22176838,0.53304935,0.1512785
solar,43,42048,50112,0.991605101397928,0.1977208178912363,0.026103497,0.21192598,0.20378494,0.017962456
solar,107,42240,46272,0.9915956597032398,0.1717947338339858,0.24957895,0.21334934,0.15107107,0.31185722
solar,110,42816,47424,0.9915876494787372,0.2157388696270787,0.0095124245,0.0011546612,0.057391167,0.06574893
solar,3,46592,48896,0.991581735458686,0.207334406658731,0.09532046,0.77848434,0.057031393,0.9308362
solar,25,47168,49472,0.9915649053527676,0.2481805330041887,0.18335032,0.45173025,0.11918759,0.515893
solar,101,43904,50240,0.9915638761056268,0.2667794681013263,0.07821417,0.04418373,0.10428381,0.01811409
solar,134,48256,49408,0.9915526074271712,0.0974524306566467,0.29391265,0.9386847,0.35095143,0.8816459
solar,135,47104,49984,0.991548474053908,0.2171900838013943,0.14077234,0.06522417,0.120749,0.08524752
solar,57,42240,52032,0.9915444350597724,0.2657423748512029,0.27194452,0.15238786,0.34254837,0.08178401
solar,66,45120,46272,0.9915307419513292,0.2831063546835171,0.15500784,0.08559966,0.21329522,0.027312279
solar,124,47744,48896,0.9915133225853658,-0.0361380552107453,0.79968166,0.26781845,0.88058186,0.18691826
solar,113,45376,50560,0.9915067175857228,0.2681705678706128,0.056717396,0.18759727,0.19095755,0.053357124
solar,23,43648,48256,0.9915011786088724,0.2202953326459417,0.4756198,0.019165516,0.11674929,0.37803602
solar,61,47808,50112,0.991495384049226,0.1643954287851284,0.1425085,0.22511578,0.25627804,0.111346245
solar,11,43648,48256,0.9914944838644426,0.0844038370215235,0.22094107,0.1376071,0.14741707,0.2111311
solar,62,49472,50624,0.9914915642402086,0.2390571604090177,0.22171688,0.17498589,0.29184508,0.10485768
solar,114,47872,51328,0.991477937570774,0.2362271955221823,1.2766902,0.0806725,1.231936,0.035918236
solar,128,46528,48256,0.991470925250136,0.2481646460628568,0.51517963,0.09803128,0.36772418,0.24548674
solar,67,43520,47552,0.9914705684569342,0.2606900351295422,0.0067646503,0.12679482,0.115021706,0.005008459
solar,73,45568,49600,0.991463157305074,0.286055717269825,0.07014036,0.19988084,0.12464976,0.14537144
solar,21,48832,50560,0.9914598615171244,0.1707983848458226,0.21041965,0.14762688,0.098003864,0.26004267
solar,51,42496,47104,0.9914430111624504,0.063475211936669,0.033087254,0.0853281,0.03237915,0.086036205
solar,59,44224,49984,0.991441463648282,0.1803311536675345,0.13702226,0.29759097,0.07705927,0.23762798
solar,8,42624,45504,0.9914317431723936,-0.0097467796047614,0.019345045,0.530972,0.25111604,0.26051092
solar,15,42752,50240,0.9914285529044028,0.2667184451199492,0.16569042,0.43211412,0.48163795,0.11616659
solar,73,45504,51264,0.9914261634935104,0.2762099107651158,0.17690659,0.90608716,0.018174887,0.7110057
solar,115,45440,48896,0.9914203014266922,0.1695191883169778,0.045868397,0.06427479,0.033954144,0.07618904
solar,39,46592,50624,0.9914102416666584,0.1776316111928331,1.6888399,0.018048525,1.6117077,0.09518075
solar,5,45504,47808,0.9914062100053488,0.239789011307342,0.048643112,0.54752207,0.28752756,0.30863762
solar,110,46080,50112,0.991375511521258,0.1074719175753271,0.35719562,0.48946476,0.322901,0.52375937
solar,18,42496,47104,0.9913705940526708,-0.0695444839971595,0.034397364,0.11311531,0.077184916,0.0015330315
solar,51,43840,50624,0.9913691453567484,0.0348764032006476,1.7881069,0.034908295,1.7669559,0.05605936
solar,77,42496,47104,0.9913677213625024,0.2659859552514099,0.01975584,0.1084671,0.01851511,0.10970783
solar,118,42496,48832,0.9913625143511722,0.1486437068342744,0.33468103,0.20256948,0.15552664,0.38172388
solar,95,43648,47104,0.9913549968651808,0.2367732157222308,0.062074184,0.08862257,0.04240322,0.015854836
solar,104,44928,49536,0.9913547362219745,0.0903162381732815,0.07036424,0.0823195,0.007630825,0.14505291
solar,23,43712,48896,0.99135410609844,0.0340606403332956,0.43851185,0.1630001,0.3671503,0.23436165
solar,45,48896,51776,0.9913466264314744,0.2456892526143207,0.35766935,1.0868442,0.45490456,0.989609
solar,54,47744,52352,0.9913417796708132,-0.0557891659938913,0.019839764,0.33714962,0.1144557,0.20285416
solar,19,48832,50560,0.9913406155671513,0.2145926798864365,0.084347725,0.052034378,0.014330864,0.04664421
solar,42,42560,52352,0.9913162007809292,0.2479991999133716,0.12327528,2.6216125,0.025084019,2.5234213
solar,14,47936,51968,0.9913136382057908,0.2588770676564172,0.41713095,0.3978958,0.53473234,0.28029442
solar,51,42624,46656,0.9913013467881336,0.1272733756558124,0.065734625,0.47574925,0.2949834,0.11503124
solar,76,45568,49600,0.9912998913493632,0.1885067585030477,0.03890133,0.1830287,0.010882854,0.23281288
solar,133,42240,46272,0.9912856333991742,0.1976154041312505,0.024915695,0.24978137,0.28032708,0.0056300163
solar,36,43904,44480,0.9912831460316044,0.2622793275668353,0.3547182,0.38087416,0.059366703,0.08552265
solar,76,42496,49984,0.9912505521406572,0.2969085618588646,0.23205805,0.7918179,0.24076295,0.783113
solar,6,43328,43904,0.9912453312894044,0.0964435094008182,0.082215786,0.102781296,0.12171078,0.063286304
solar,82,42560,43712,0.991236482709034,0.0387014984350837,0.23070383,0.32990026,0.10547471,0.45512938
solar,109,46016,51200,0.9912304960653666,0.2495764733246182,0.18775797,0.046866417,0.14981174,0.2907033
solar,124,48832,50560,0.9912233820851456,-0.2086037743165312,0.12000084,0.06383848,0.10705805,0.07678127
solar,72,45440,50048,0.9912132626175342,0.2894420178722668,0.12527919,0.4799738,0.32668114,0.27857184
solar,86,45504,51840,0.9912077846539048,0.2895442688229336,0.4224081,0.15897608,0.12320733,0.1402247
solar,69,43520,48704,0.9912045878817644,0.2531621964831465,0.16422224,1.2636185e-05,0.032022,0.19625688
solar,31,48704,52160,0.991202439029434,0.2622953475917224,0.041353464,0.24152541,0.070123434,0.21275544
solar,23,48832,49984,0.991194781603559,-0.0401909090535946,0.126302,0.21130991,0.23875093,0.09886098
solar,53,45440,46016,0.9911940877196608,0.0095680967989085,0.17306972,2.992231,0.23117709,3.0503383
solar,55,50048,52352,0.991192213730748,0.1038952478617884,0.12683177,2.2293246,0.31464672,2.4171395
solar,125,42176,50240,0.9911830067605872,0.2847100129999773,0.057315826,0.49555254,0.37499142,0.0632453
solar,98,44992,48448,0.9911680305770522,0.0633578181279206,0.12886739,0.51826286,0.09092188,0.5562084
solar,68,44288,47872,0.99116725507255,0.299162062149115,0.121515036,1.0375755,0.3264897,0.83260083
solar,64,44800,49984,0.991158270318806,0.2364709901934182,0.32820487,0.18815231,0.048892736,0.46746445
solar,75,48896,51200,0.9911518528600066,0.0471090898720214,0.0699563,1.5087357,0.08550787,1.5242872
solar,50,44992,49024,0.9911515536121,0.1988458221999157,0.08654976,0.45574903,0.1445036,0.22469568
solar,128,48384,51840,0.99113400322793,0.1489278755348363,1.4946582,0.17534804,1.4198782,0.25012803
solar,25,46016,47744,0.9911294018049948,0.0755485878949307,1.2877626,0.34093237,1.1658921,0.21906185
solar,22,48448,50176,0.9911199627277032,0.2792836843894877,0.30508447,0.18912005,0.05650711,0.059457302
solar,104,43712,46016,0.9911094287337407,0.1441190158065446,0.085496426,0.8705239,0.3381691,1.2941895
solar,130,42048,44928,0.9911068019785266,0.028322396051815,0.12292147,0.10206699,0.14313364,0.08185482
solar,54,42752,51392,0.9910967482365668,0.2328332802427259,0.017108917,0.026498318,0.032927513,0.010679722
solar,103,47232,50688,0.991093831743773,0.1464934637823593,0.026870728,0.083275795,0.09664488,0.013501644
solar,67,43648,49984,0.9910707209727776,0.1180799182779563,0.36362624,0.10892463,0.21575642,0.25679445
solar,48,42496,48256,0.9910579473500292,0.2339702090055136,0.013263464,0.10276413,0.13513827,0.01911068
solar,51,42240,46848,0.9910557891517352,0.165728790892354,0.03964305,0.37256122,0.20970869,0.20249557
solar,47,42176,47936,0.991052249249422,0.0940825628455785,0.08577824,0.09605312,0.13074589,0.120471
solar,96,47296,50752,0.9910520760153914,0.2914852936152688,0.089627504,0.07269907,0.024051905,0.13827467
solar,35,45568,49600,0.991051899421032,0.2032106564209641,0.034552813,0.6618283,0.36631608,0.330065
solar,2,44352,51840,0.9910517827937896,0.2391371169601874,0.23622727,0.48407674,0.2604761,0.012626648
solar,8,46528,48256,0.9910500042798388,0.2983710248379352,0.3378229,0.16765976,0.32302594,0.18245673
solar,42,46528,48256,0.9910471924819936,0.2912135815662806,0.021414757,0.23353076,0.2936821,0.03873658
solar,54,43200,46656,0.9910139330156104,0.1204746246587547,0.15739584,0.08086634,0.06482363,0.17343855
solar,92,45120,45696,0.9910070878110638,0.2935705031390724,0.11991501,0.10570192,0.14523888,0.15945196
solar,106,46144,49024,0.9910046753072892,0.2110525049520817,0.10503459,0.62650704,0.27448726,0.45705438
solar,81,44352,48960,0.9909941414191988,0.2933478483620669,0.023870468,0.1272831,0.12662458,0.023211956
solar,113,44928,50112,0.99095473835877,0.1212314334147868,0.11590433,0.1972723,0.2430768,0.07009983
solar,22,42560,47168,0.9909216863946304,0.2109706936133824,0.070812225,0.15498447,0.08844042,0.13735628
solar,14,42624,47232,0.9909198638924344,0.1766636712772452,0.033844233,0.6327615,0.36630702,0.3002987
solar,131,45504,48960,0.9909172007813892,0.28377689607905,0.08032036,0.4212141,0.30229807,0.038595676
solar,43,49408,49984,0.9909090726363176,-0.2721512661566048,0.029036045,0.017567158,0.024719238,0.021883965
solar,9,43968,45120,0.9909039032753306,0.290486890356137,0.00605917,0.028529644,0.12774944,0.10527897
solar,63,43392,44544,0.9909034445259748,0.2461780204506422,0.16723537,0.106862545,0.028232574,0.3023305
solar,55,44992,46144,0.9909024464480258,0.2996668745640179,0.18059993,0.2175684,0.023336649,0.013631821
solar,58,46528,48832,0.9908968843051444,0.2827324142423042,0.14523292,0.2274561,0.16761518,0.20507383
solar,72,42048,48960,0.9908934049213132,-0.1435618442069358,0.04515648,0.0448637,0.09396362,0.0942564
solar,105,46528,49408,0.9908897577247116,0.2087494676017353,0.1312716,0.06787467,0.006802559,0.07019949
solar,90,43840,45568,0.9908794206014256,0.1974369856974152,0.123542786,0.24350572,0.38716125,0.020112753
solar,31,46400,47552,0.990867971548548,0.2509954087096054,0.06373215,0.3994794,0.21244311,0.25076842
solar,99,48896,50048,0.9908474007370908,0.1338589088987776,0.08480692,0.57708454,0.04468441,0.4475932
solar,40,44480,45056,0.9908427095305684,0.2559343000264484,0.011023045,0.40633297,0.39082146,0.026534557
solar,87,51200,52352,0.9908398108876448,-0.0014944257165887,1.082335,0.3540764,0.8431368,0.11487818
solar,70,49664,51968,0.9908361359967924,0.1047514767310795,0.11234665,0.27067995,0.30793715,0.14960384
solar,15,49024,49600,0.9908333505049122,0.1067955547592236,0.34341288,0.29513216,0.58531547,0.05322957
solar,16,49984,50560,0.9908327807998358,0.0218738931247623,0.41518688,0.08939457,0.2755723,0.22900915
solar,117,42240,46272,0.9908172564832624,0.2614279251833909,0.032508135,0.041469097,0.0198102,0.054167032
solar,86,47104,50560,0.9908035675872378,0.2460253343735357,0.12841845,0.17785311,0.11023617,0.19603539
solar,66,43136,50048,0.990802383986447,0.1740674117092467,1.2266889,0.22637796,1.1061575,0.10584664
solar,124,50304,52032,0.9908004519973,0.1328834428105542,0.22033215,0.061784744,0.12831521,0.15380168
solar,6,46656,49536,0.9907946168366762,0.1764632890750459,0.08525944,0.10544348,0.11000013,0.08070278
solar,60,44928,49536,0.9907872957343936,0.2647163147052921,0.004621029,0.17478943,0.100016594,0.07939386
solar,25,45568,51328,0.9907863521110984,0.2203925023286031,0.35130882,0.23952103,0.38422942,0.20660043
solar,124,43520,48704,0.990779265307433,0.2632613999222398,0.3590169,2.026558e-05,0.108074665,0.25092196
solar,15,47936,50816,0.990765868891226,0.053770043606997,0.17599821,0.32615614,0.38688087,0.115273476
solar,23,45376,46528,0.99075251533781,0.1789778750542489,0.8073919,0.04925704,0.51925516,0.23887968
solar,0,42112,46720,0.9907489325849262,-0.0297325808274348,0.0029039383,0.911849,0.13016272,1.0391078
solar,112,43392,50304,0.9907444085600264,0.2075774399679167,0.11205912,0.64676,0.19780135,0.56101775
solar,100,45504,51840,0.990743652865492,0.2591114607573466,0.2993214,0.19792485,0.016799212,0.08459735
solar,91,42624,47232,0.9907252316196344,0.2835642929873069,0.031756878,0.2027669,0.19447851,0.04004526
solar,54,42624,47232,0.9907167764613412,0.2575795528889312,0.06409097,0.21424317,0.113452196,0.16488194
solar,81,48896,49472,0.9907158781313166,-0.1408033104054752,0.29543638,0.10056639,0.21437407,0.1816287
solar,30,48896,50048,0.9907135242599542,-0.07950879839924,0.07194471,0.404119,0.23921895,0.23684478
solar,36,43840,46144,0.9907095878260014,0.1456883874208175,1.2338808,0.16713095,0.93088865,0.13586116
solar,133,44352,50688,0.9907001550131216,0.1900152924769858,0.039529324,0.52327394,0.4420948,0.04164982
solar,4,47168,50048,0.9906884533201532,0.1224236667218075,0.23842096,0.5595827,0.32530713,0.47269654
solar,14,48896,51776,0.990685663870656,0.185539238983223,0.12117338,2.1580565,0.039705276,2.3189352
solar,43,45440,47744,0.9906769489053582,0.2962989684951364,0.2647078,1.8042674,0.05092883,2.119904
solar,127,43520,47552,0.9906697728304138,0.2840412743959659,0.30348825,0.15031123,0.014699459,0.16787648
solar,68,43968,49152,0.990663372382986,0.2657074888251206,0.25654006,0.26886892,0.47442746,0.05098152
solar,93,45696,49728,0.9906533290958416,0.048848685481922,0.0025427341,0.63499975,0.24707913,0.39046335
solar,112,44224,50560,0.9906412584222866,0.2921862676256944,0.12065196,0.45947242,0.20619011,0.37393427
solar,82,43776,47808,0.9906374145989484,-0.3873144156837556,0.009007454,0.638813,0.4280014,0.20180416
solar,56,44544,50304,0.9906318674813084,0.2583131048808679,0.29715014,0.08448458,0.20424032,0.17739439
solar,96,42624,45504,0.990628676051831,0.107813907900428,0.07262945,0.04787469,0.002530098,0.11797404
solar,50,42240,46848,0.9906279487748804,0.2841796442380039,0.030956507,0.5164392,0.2717774,0.2756183
solar,99,43520,44096,0.9906270495280844,0.152461489859799,0.07704878,0.0886426,0.06696963,0.055375814
solar,8,45120,45696,0.9906261646945744,0.0928857627828485,0.074953556,0.065431595,0.042031527,0.098353624
solar,21,42240,47424,0.9906242149875032,0.2154391778605677,0.012823343,0.80164385,0.31955743,0.49490976
solar,3,44416,47296,0.990623417530333,0.247449429259715,0.016635656,0.06987977,0.057354927,0.004110813
solar,91,48256,49984,0.9906187854020662,0.1220941098431358,0.16633844,0.22101021,0.12679195,0.2605567
solar,26,47104,48832,0.9905889270298596,0.1011273242781439,0.027069092,0.0092430115,0.014843464,0.051155567
solar,79,49024,50752,0.9905836239471438,0.2721248241551809,1.3734972,0.17689109,1.4124918,0.21588564
solar,51,46144,46720,0.9905777487973908,0.1678972153818206,0.17442322,0.16407108,0.038300753,0.048652887
solar,12,43200,45504,0.9905695082799404,0.2727041222096359,0.41849184,0.15322447,0.35453033,0.08926296
solar,39,49536,50112,0.9905680082815256,0.0119335717648093,0.01715231,0.06826496,0.06253815,0.022879124
solar,58,43520,46976,0.9905674623552684,0.2198917434522758,0.08822584,0.48372293,0.18947196,0.3824768
solar,16,47744,51200,0.990564306841334,-0.4910982679963203,0.0797472,1.1253471,0.34067345,1.3862734
solar,27,49600,51328,0.9905613442605632,0.1643598173932995,0.77205825,0.07646632,0.59089756,0.257627
solar,68,42176,45056,0.9905564654424924,-0.0991996040591783,0.16499996,0.052228928,0.17622137,0.04100752
solar,90,45376,48832,0.9905492826910348,0.2316948970904449,0.28816938,0.0635066,0.021084309,0.20357847
solar,1,42240,46272,0.9905480914798732,0.1445974378399072,0.007651329,0.19193411,0.23152494,0.031939507
solar,88,42688,46144,0.9905443050659958,0.0072870388357877,0.30068684,0.067255735,0.038961887,0.19446921
solar,92,44288,51776,0.9905358276720688,0.2232221415914423,0.07517481,2.5934587,0.1137681,2.632052
solar,15,44096,48704,0.9905331281275472,-0.0685803414468924,0.0018362999,0.23651338,0.29555655,0.06087947
solar,103,44224,48832,0.9905295445639845,-0.0144390388113911,0.006315708,0.21755362,0.018928528,0.23016644
solar,92,43776,50112,0.9905279972494726,-0.0672593288696383,0.3620577,0.3879695,0.6096363,0.14039087
solar,115,43648,47104,0.9905193259790817,0.0045066052119412,0.16283083,0.05838704,0.06120348,0.16564727
solar,98,44224,50560,0.9905117911129284,0.2264617353847222,0.1868205,0.45349693,0.049489975,0.59082747
solar,37,45120,45696,0.9904972454701572,0.1867038343151691,0.21042395,0.026233673,0.0652771,0.30193472
solar,115,42624,43776,0.9904935429096138,-0.0751606699047245,0.2203927,0.6359997,0.2642336,0.5921588
solar,63,43200,51264,0.9904855331364572,-0.0083790288569796,0.37628603,0.038717985,0.16340017,0.25160384
solar,118,46272,52032,0.9904827794727622,0.2589907810760014,0.03179097,0.09777355,0.13073826,0.0011737347
solar,129,42496,48832,0.9904820912951224,-0.2218070017630996,0.395684,0.14711142,0.03449273,0.28306532
solar,51,48448,50176,0.990478080972356,0.2119814199496364,0.23275328,0.022990227,0.1861782,0.069565296
solar,12,49472,52352,0.9904739794125916,-0.103448014539029,0.28406858,0.4979148,0.060754776,0.7212286
solar,51,43712,49472,0.9904621693498332,-0.2255409724559572,0.0494833,0.13230038,0.11241627,0.06936741
solar,101,46016,51200,0.990460113725946,-0.0448661240000859,0.30463696,0.083384514,0.041629314,0.17962313
solar,49,46080,49536,0.9904591298644164,0.2957670011575004,0.20080471,0.061781406,0.0059518814,0.13307142
solar,10,42560,47744,0.9904436700364876,0.2315640447514673,0.2392416,0.49537086,0.21336317,0.5212493
solar,18,46656,52416,0.9904436515689672,0.2937514483334471,0.05219364,0.7077999,0.51159334,0.24840021
solar,23,44096,49280,0.9904414104383436,0.2309855091241408,0.19841003,0.13481283,0.019655704,0.043941498
solar,104,45120,45696,0.990432390802816,0.1385030893442044,0.17180085,0.37212014,0.23393297,0.30998802
solar,OT,44992,45568,0.9904290684867456,0.2422326465286959,0.044861317,0.51113486,0.2883141,0.26768208
solar,16,48320,50048,0.9904232479241228,-0.002348472496962,0.33959222,0.12114406,0.2723906,0.18834567
solar,8,43840,47296,0.9904112511242285,0.1246682858060765,0.022108555,0.0142326355,0.06646395,0.030122757
solar,79,43648,45376,0.9903989695105332,0.2326423529569291,0.21624398,0.21592164,0.057685137,0.057362795
solar,67,43840,45568,0.9903706399143414,0.2161726733845808,0.081749916,0.18414831,0.085674286,0.01672411
solar,101,47744,48896,0.9903337074104068,0.2345152388926698,0.7887659,0.03702593,0.5473347,0.20440531
solar,126,48896,49472,0.9903335691773708,0.0351050674205477,0.010495663,0.07625151,0.079211235,0.0075359344
solar,77,46144,49024,0.990333323400378,0.2481797809980271,0.016985178,0.20549011,0.06416893,0.25267386
solar,132,48896,49472,0.9903295805820388,-0.3623866325107147,0.3922577,0.04705572,0.20052576,0.23878765
solar,47,43648,48256,0.9903211145197908,-0.0563877791070785,0.56672144,0.15202928,0.32531857,0.39343214
solar,21,43776,44928,0.9903195341165816,0.2970084851697263,0.69778967,0.279222,0.6807542,0.2962575
solar,130,48896,51776,0.990311629908704,0.1878559951631515,0.23802114,1.4997888,0.18975425,1.5480556
solar,6,43712,50624,0.9903019724050598,0.2675590502615859,0.4124887,0.13801861,0.3407092,0.2097981
solar,37,44224,49984,0.9902964718060956,0.2509550052951204,0.06474972,0.10520029,0.074244976,0.11469555
solar,50,43840,47296,0.9902823750380026,0.1594309649438349,0.0049185753,0.0062277317,0.033789158,0.03248
solar,77,46976,49856,0.9902806863489932,0.2894891409267843,0.21170712,0.12016797,0.050646544,0.28122854
solar,21,45568,46144,0.9902716720517613,0.1253911251043117,0.08014226,0.072335005,0.048800707,0.20127797
solar,0,43392,46848,0.9902477689603162,0.2642213320826625,0.15929365,0.06488848,0.13169646,0.03729129
solar,37,42560,50048,0.9902439149140102,0.0530440441726441,0.10693407,0.46543622,0.21778226,0.35458803
solar,133,46592,50048,0.9902383168349403,0.1983549748864833,0.1906786,0.61403036,0.24362803,0.56108093
solar,113,46592,50048,0.9902279354087058,0.2882890205496456,1.1387553,0.38068104,0.75730133,0.00077295303
solar,122,42560,52352,0.9902203628071636,0.2465173396179034,0.020927906,1.7676346,0.19041038,1.5562963
solar,99,45696,50176,0.9902090449170664,0.1368328405853925,0.068615675,0.8406987,0.015034437,0.7570486
solar,9,42752,48384,0.990207110793036,0.2997391913146544,0.5884938,0.057249546,0.74048805,0.09474468
solar,47,49472,51776,0.9901876226499912,0.137755798875892,0.04069233,0.875494,0.124108315,1.0402946
solar,27,44352,51840,0.9901719577599056,0.2838849844281549,0.46073723,0.39759922,0.032159805,0.030978203
solar,85,47296,49024,0.9901683206021924,0.2704551077408385,0.19041896,0.031899452,0.0057020187,0.15281749
solar,129,43776,51840,0.9901637115922158,0.2888035166331237,0.19390297,0.019875526,0.059935093,0.2737136
solar,1,48832,50560,0.9901630485920012,0.2403709478758362,0.11769581,0.0066170692,0.06349993,0.06081295
solar,11,46272,50304,0.9901532838897764,0.2620716633282689,0.13589096,0.099304676,0.03090763,0.26610327
solar,60,45504,50688,0.9901526202822706,0.1911267184745737,0.023237944,0.5395756,0.35996127,0.20285225
solar,55,44928,50112,0.9901222891872288,0.2997140961471791,0.06726742,0.3206935,0.25226736,0.0011587143
solar,71,48832,50560,0.9901069761309912,0.1991852310454069,0.0023565292,0.048030376,0.039893627,0.0104932785
solar,67,49280,50432,0.9901045895216772,0.0861217888457781,0.045008183,0.03432703,0.06540203,0.013933182
solar,76,42240,52032,0.9900755589070112,0.2108288952757023,0.27543187,0.14116383,0.083693266,0.05057478
solar,32,43840,50752,0.990071438671184,0.2397785029950312,0.12446046,0.054533005,0.07636428,0.14629173
solar,4,48384,51264,0.9900710144183495,0.2763277963521732,0.16716957,1.2538397,0.2908659,0.79580426
solar,67,43776,49536,0.9900597514132558,0.2897690238503274,0.01279068,0.06933212,0.04660034,0.03552246
solar,33,43264,48448,0.9900553521533256,0.2492194559004892,0.082028866,0.9010513,0.3273599,0.65572023
solar,112,50176,51328,0.990052552935886,0.1801207737284824,0.509274,0.17992568,0.27335787,0.055990458
solar,24,44288,46592,0.9900510837673292,0.2408157371274433,0.19141269,1.0505834,0.12242603,1.11957
solar,0,43776,45504,0.9900432229971003,0.212676129341074,0.002259016,0.049846172,0.05412817,0.0065410137
solar,103,45120,51456,0.990034043728418,0.2411095504114696,0.02742505,0.014373541,0.0064775944,0.0065739155
solar,69,49024,50752,0.9900150379058428,0.0115853885497433,0.074611664,0.18223977,0.37027144,0.11342001
solar,62,48896,52352,0.990009258782944,-0.2100553790323438,0.30030823,0.5646491,0.016058445,0.8488989
solar,32,45120,45696,0.9900092263718574,0.0809106288808343,0.14576936,0.017272234,0.054484367,0.18298149
solar,29,46208,49088,0.990007309051654,0.2045801948948606,0.16237879,0.5458164,0.8525696,0.14437437
solar,65,46720,48448,0.9900015876574124,0.2621844521299856,0.042659283,0.25034976,0.18879795,0.10421109
solar,61,44288,49472,0.9899998907525278,0.2526987389387773,0.06257343,1.5430336,0.116183996,1.489423
solar,35,47744,52352,0.9899847739910824,-0.2943714672149466,0.067248344,0.4804263,0.24760771,0.30006695
solar,70,44864,50048,0.9899725166834442,0.1995550118384818,0.087982655,0.64680004,0.082573414,0.6522093
solar,88,45504,51264,0.989972166274108,0.1729355300725236,0.37540388,0.3643756,0.0996511,0.11067939
solar,95,42624,49536,0.9899719999094376,0.2646769347423401,0.044878006,1.043165,0.388685,0.609602
solar,77,47808,52416,0.989962101451776,-0.0959593929423802,0.116132736,0.4426093,0.3372345,0.22150755
solar,106,49408,50560,0.9899583486906828,0.2032053662309358,0.16946697,0.007022381,0.07847023,0.09801912
solar,35,50112,51840,0.9899566327413196,0.2697742221987635,0.38816977,0.35059452,0.5413315,0.19743276
solar,19,43840,47744,0.989950422276134,0.2294266539237342,0.14684105,0.69427156,0.02789402,0.57532454
solar,47,42112,49024,0.9899389181033572,-0.1776994257218498,0.01424551,0.07083988,0.0850234,0.1701088
solar,76,50624,52352,0.989921768240714,0.1559146330796645,0.2112844,1.0262089,0.28275704,0.95473623
solar,104,45056,50816,0.9899189662132905,0.1522839065000251,0.12386894,0.12693024,0.09204149,0.15875769
solar,60,42624,46080,0.9899091680019988,0.2201391948805586,0.08002925,0.13836002,0.0025963783,0.055734396
solar,2,44416,49600,0.9899068239137964,0.281552649368732,0.07596731,0.19775009,0.053168297,0.06861448
solar,116,47232,47808,0.9899032878472408,0.2835229510376694,0.040035725,0.14698839,0.10782814,0.079195976
solar,40,42240,45696,0.9898927681201138,0.0725963586243342,0.17582512,0.17735147,0.2456224,0.24409604
solar,81,43200,49536,0.989874005892638,0.2552060549197865,0.00252676,0.669436,0.20071983,0.46618938
solar,112,43648,46528,0.989873805187532,0.0073235950349082,0.14091659,0.30085135,0.04872775,0.11120701
solar,7,44992,50752,0.9898717665822704,0.0939163425514386,0.13518524,0.61760235,0.16236186,0.5904257
solar,24,50624,51776,0.9898669295559358,0.0582364886550215,0.09514475,1.7510588,0.13539934,1.7108042
solar,OT,47360,50816,0.9898635425935178,0.298216897870886,0.014057159,0.07387543,0.09729338,0.00936079
solar,47,46208,50816,0.9898602919926984,0.2967116077457534,0.112663746,0.11663723,0.1582079,0.07109308
solar,97,43264,48448,0.989855746367395,0.1402615117451141,0.009451151,0.9023192,0.3298056,0.58196473
solar,54,45376,49408,0.9898512147599192,0.2880723225673906,0.4845829,0.018622398,0.2873764,0.2158289
solar,OT,45120,45696,0.9898504843516092,0.1402968821153063,0.15247273,0.18601751,0.11078644,0.22770381
solar,11,42112,43264,0.9898016642477736,0.1679999869145625,0.008972406,0.07938504,0.04468131,0.025731325
solar,55,42624,43200,0.9897926405708896,0.2681844095014045,0.07585883,0.21059251,0.14756203,0.01282835
solar,128,44544,48576,0.9897884777992776,0.27088029888754,0.16618395,0.08941269,0.17203069,0.08356595
solar,110,42048,50688,0.9897871278254952,-0.2156862613483546,0.049696445,0.7099805,0.416008,0.24427605
solar,39,50176,50752,0.9897849630602358,0.1921924809800566,0.0037851334,0.6137867,0.20548058,0.81548214
solar,13,44288,46592,0.9897797219202918,-0.0082331451118844,0.21702671,1.4021149,0.31530523,1.3038363
solar,89,46080,49536,0.989777213814818,0.1240648470045503,0.21413136,0.0013446808,0.0030145645,0.20977211
solar,87,42240,44544,0.9897769992777036,0.0083358823323277,0.058620214,0.49946976,0.2278471,0.33024287
solar,7,43072,45376,0.989776238735948,-0.1433023224738321,0.7569566,0.013768196,0.54570484,0.22501993
solar,123,42560,49472,0.989754525418876,0.1779429215676065,0.014189243,2.1636705,0.04997778,2.127882
solar,17,46656,47808,0.9897444484312744,0.1961039338548951,0.018887997,0.09479332,0.0995245,0.023619175
solar,0,44800,45376,0.9897420530899088,0.1815291242625495,0.08594227,0.21861076,0.17541218,0.12914085
solar,22,48128,50432,0.9897393912152288,0.1436623385507857,0.1484139,0.59034705,0.03927636,0.7780373
solar,106,45696,51456,0.9897386044763644,0.1184564401121574,0.047978878,0.20060563,0.14213896,0.010487795
solar,39,42560,48320,0.9897344575153724,0.2199447234601925,0.15763092,0.46244693,0.20025444,0.4198234
solar,52,45504,50112,0.9897337633537736,0.1864589052437266,0.14520454,0.6304424,0.36632657,0.11891127
solar,82,42624,47232,0.9897287466014664,0.2474339898664145,0.015328884,0.86770725,0.32367182,0.52870655
solar,22,45568,46144,0.98972324704031,0.1402475008961422,0.06327057,0.5782156,0.52428675,0.11719942
solar,47,42560,43712,0.9897026239022856,0.1386545169685363,0.13042998,0.47374535,0.154464,0.44971132
solar,88,42560,45440,0.9896894257500932,0.208631747722088,0.24886227,0.05327177,0.07568383,0.119906664
solar,96,42176,43904,0.9896871765486712,0.2714966375393465,0.19016361,0.12755966,0.11440134,0.20332193
solar,OT,43200,43328,0.9896783895198455,0.2633077574420054,0.1114316,0.937891,0.14779854,0.97425795
solar,44,42112,48448,0.9896757826533475,0.2295169989710808,0.08974981,0.0809021,0.041400433,0.03255272
solar,124,47424,49152,0.9896744997825871,0.2878122524323863,0.036268473,0.04218149,0.016387463,0.010474443
solar,47,44352,47232,0.9896568472059,0.238557316857676,0.015884161,0.0738709,0.11803198,0.02827692
solar,OT,43776,45504,0.9896470612579557,0.0381013391887439,0.488482,0.24811983,0.6609688,0.07563305
solar,10,48448,50752,0.9896391472293632,-0.0885607212091246,0.0033388138,0.3059144,0.062847614,0.23972797
solar,131,49408,50560,0.9896382767104188,0.0727673524049069,0.13784504,0.083750725,0.03498411,0.18661165
solar,68,42560,50048,0.989635258781258,0.2865692735860449,0.0015077591,0.02639389,0.11011982,0.13802147
solar,129,43200,51264,0.9896339128709511,0.2951138191430213,0.24909782,0.024242878,0.008594036,0.28193474
solar,86,46144,48448,0.9896334878161788,0.2410469102303305,0.049352646,0.3233719,0.026940584,0.24707866
solar,106,43904,44480,0.98963215718493,0.1210270617097664,0.0344491,0.10287428,0.086054325,0.051269054
solar,126,42176,42752,0.9896314965604024,0.2532693043074333,0.21384716,0.33105183,0.10933399,0.007870674
solar,123,43200,45504,0.9896208930563456,0.2526607426819563,0.30858374,0.1315732,0.4683838,0.028226852
solar,27,46656,47808,0.9896096054481812,0.2228223142130344,0.017071724,0.2982278,0.37059784,0.05529833
solar,37,50176,51904,0.9895995801449052,-0.0901883627257333,0.0603137,0.07319164,0.22837663,0.09487128
solar,12,42048,51840,0.9895883377775267,0.2345514873928902,0.7177775,0.30178022,0.6410701,0.3784876
solar,69,46400,50432,0.989587640986964,0.1777297537356097,0.07578421,0.024058819,0.0190413,0.07076669
solar,10,47232,50112,0.9895840528570056,0.1025309347093569,0.03331709,0.48205137,0.36174297,0.08699131
solar,133,50048,50624,0.9895703724565028,0.1772648290363788,0.5213914,0.32981396,0.6574621,0.19374323
solar,131,50176,50752,0.9895694823635784,0.1594128039604776,0.31270742,0.4543233,0.02828741,0.7387433
solar,32,48832,50560,0.9895610200646734,0.226054072861072,0.005888462,0.004617691,0.0011501312,0.0001206398
solar,74,42816,45120,0.9895506536655012,-0.1573633572185831,0.4994769,0.17605424,0.6555617,0.019969463
solar,80,49408,50560,0.9895446915423156,-0.0656173476652558,0.05768013,0.08618069,0.083260536,0.06060028
solar,112,43136,50048,0.989543292237149,0.2103527342636161,0.9220867,0.02421856,0.7290869,0.16878128
solar,34,46528,52288,0.9895397115871372,-0.0150614735410765,0.031142235,0.22481585,0.22725868,0.028699398
solar,3,42176,49664,0.9895382763717936,0.1593572206409456,0.3065276,0.28436184,0.49061346,0.10027599
solar,31,43776,51840,0.9895345274838367,0.2880653447624088,0.40435886,0.051701307,0.48124194,0.02518177
solar,34,42240,52032,0.9895285922687448,0.197872028978889,0.057508945,0.02592206,0.0749321,0.008498907
solar,97,42368,49280,0.9895170412757196,0.2849308542379976,0.023665428,0.46213388,0.07696605,0.40883327
solar,58,42560,47872,0.9895125955712106,0.1302174753235523,0.007893801,1.1662567,0.19176602,0.96659684
solar,29,42560,50624,0.9895112132821006,0.2857210720791482,0.27964735,0.10416937,0.20036077,0.18345594
solar,84,42496,44224,0.9895054355623022,0.0566687194271762,0.22106242,0.18353438,0.135679,0.2689178
solar,60,42752,47360,0.989501152650165,0.2971669504244225,0.06949139,0.028728485,0.025475025,0.1236949
solar,99,47680,52288,0.9895007508574392,0.2697438213484527,0.3111639,0.14498925,0.26197004,0.19418311
solar,11,43776,47232,0.9894937575345172,0.2699541140784398,0.0025687218,0.100833416,0.09266424,0.010737896
solar,79,46272,48576,0.989490273750148,0.2841521915210199,0.012912273,0.57334495,0.18797517,0.39828205
solar,79,42496,50560,0.98948240123201,0.1194339330536583,0.16611695,0.31706047,0.15317988,0.32999754
solar,66,44288,49472,0.9894700798041228,0.0836135479035578,0.2387712,1.0281792,0.4087832,0.8581672
solar,100,48896,49472,0.98946263182836,0.1526487271282574,0.296587,0.36351967,0.0044031143,0.6645098
solar,78,47808,51264,0.9894314883426508,0.2108409863287134,0.47262144,0.13666153,0.12336779,0.21259212
solar,32,43776,50112,0.989428172996637,0.2044416031124444,0.08119297,0.0041131973,0.0028252602,0.07425451
solar,111,45568,47296,0.9894270360238008,0.2840788668343952,0.004460335,0.24978018,0.13952565,0.11471486
solar,23,42624,48384,0.9894241720715636,0.284048486799592,0.01794672,0.19256854,0.13265157,0.041970253
solar,77,48256,48832,0.9894102853472692,0.0648238664519783,0.4311502,0.12435675,0.13773608,0.41777086
solar,1,44352,49536,0.989391714024906,0.2409974063348911,0.036094666,0.11717367,0.063651085,0.08961725
solar,38,42176,42752,0.9893771608968902,0.2806943494259362,0.19046497,0.2381463,0.10569906,0.05801773
solar,130,43712,48320,0.9893595040971492,0.0392825348234435,0.27692056,0.23248386,0.40795493,0.10144949
solar,17,43200,51840,0.9893518355631606,0.0304206570737227,0.41153574,0.06668925,0.099882126,0.24496436
solar,8,44288,48896,0.9893462266400168,0.0382867022691004,0.18112683,0.51891303,0.33149195,0.36854792
solar,71,42752,47936,0.989343058124214,0.2695546829474807,0.090530396,0.007425308,0.07503128,0.022924423
solar,123,42752,51392,0.989322692872406,0.2604011480682415,0.17456388,0.17979097,0.26693964,0.27216673
solar,46,44928,51840,0.9893204890448396,0.2909280311891163,0.44810176,0.09387469,0.06534481,0.28888226
solar,39,42496,47104,0.9893120215445962,0.1898033691706933,0.12798691,0.2266941,0.13200665,0.22267437
solar,53,47296,48448,0.989300504265228,0.2996244137973962,0.11860895,0.015043259,0.059255123,0.04431057
solar,135,42688,50176,0.98929981077196,0.1357734325785567,0.07600951,0.7102835,0.46137,0.17290401
solar,4,45504,50688,0.989286877545553,0.2882226037244908,0.026682854,0.016174793,0.005841732,0.037015915
solar,104,47744,49472,0.9892825459462816,-0.0042119745166407,0.98731756,0.0147538185,0.69335747,0.3087139
solar,70,47552,50432,0.9892816909501068,0.1933376675940217,0.13040781,0.03835702,0.00411129,0.0879395
solar,17,44864,47744,0.9892805357905874,0.1275479005635802,0.1036849,1.3619967,0.43824244,1.6965542
solar,99,46016,49472,0.9892719034714832,-0.1137166641414098,0.12596989,1.0638971,0.19988203,1.389749
solar,52,42048,51264,0.9892712022099552,0.1959614830174239,0.3760748,0.119416,0.20324063,0.05341816
solar,116,42240,49152,0.9892576081497548,0.2583229320358813,0.01107049,0.4685986,0.26144123,0.19608688
solar,96,46528,47680,0.9892557352444252,0.0341601347278164,0.0410645,0.3678465,0.23582864,0.09095335
solar,21,42624,49536,0.9892524327099153,0.2168953028515245,0.0055835247,0.8710363,0.46922493,0.39622784
solar,26,49472,52352,0.9892427305990952,0.283029158867914,0.15965748,1.3876944,0.10358906,1.6509409
solar,47,44224,47680,0.9892356442075568,0.0555176304644894,0.10918808,0.45300436,0.15140963,0.19240665
solar,58,48320,52352,0.989227053531056,0.1807369033471294,0.043661356,2.2456322,0.051085234,2.1508856
solar,25,45120,50304,0.9892083429904398,0.1037304777612454,0.07297492,0.071875334,0.16461492,0.019764662
solar,93,44288,47744,0.9892032826707936,0.1940075275895776,0.03394866,1.5298133,0.16862273,1.3951392
solar,81,46848,51456,0.9892031558112216,0.2093975377058564,0.056625605,0.12099886,0.24099302,0.06336856
solar,133,43520,47552,0.9891887267328224,0.2945876143460673,0.12747931,0.22697043,0.16928363,0.18516612
solar,46,46592,52352,0.9891843340552372,0.1415131971958813,0.22183657,0.08484936,0.08585167,0.22283888
solar,4,42624,44928,0.9891769203742362,0.138304113492656,0.11921692,0.010163307,0.020750046,0.088303566
solar,54,46848,50304,0.989162454685402,0.2116566819238968,0.048408747,0.041666985,0.04172516,0.048350573
solar,OT,45376,46528,0.9891618802134696,0.1061821245891773,0.116817474,0.04247856,0.04719448,0.112101555
solar,34,44096,47552,0.9891453841758396,0.1604140907681035,0.10986352,0.2617216,0.09787583,0.2737093
solar,101,44224,50560,0.9891354291879104,0.0953718594933273,0.066746,0.66332674,0.17424965,0.5558231
solar,6,46016,49472,0.9891274539239734,0.0371497174105059,2.105912,0.1651659,1.9110265,0.029719591
solar,104,46400,48128,0.9891250724638146,0.1027594367132371,0.7545619,0.13155842,0.6516664,0.02866292
solar,42,42624,46080,0.9891056172625944,0.2597698227645497,0.057928324,0.5269623,0.21576762,0.36912298
solar,32,42688,51328,0.9890966181452866,0.0710146570383898,0.55809474,0.10905838,0.3242128,0.34294033
solar,85,42240,47424,0.9890964926660044,0.2726305824821032,0.07301259,0.49067593,0.17341948,0.39026904
solar,116,44224,47680,0.9890712622697736,0.0149827379306398,0.20011497,0.20565939,0.04862547,0.043081045
solar,126,42624,43200,0.9890711207403322,0.1262217789918801,0.17004824,0.011802912,0.14600039,0.035850763
solar,98,45440,47744,0.9890685755389764,0.1155740246045215,0.28671455,0.9002428,0.18506551,1.0018919
solar,22,43264,43840,0.989067909369033,0.2585522705224405,0.03146243,0.7645354,0.010406256,0.74347925
solar,112,44096,49280,0.989067052567754,0.2998941194302607,0.19236803,0.0120368,0.011791706,0.19261312
solar,1,46656,47808,0.9890658424746528,0.1992640694528484,0.019501925,0.038642168,0.032004356,0.026139736
solar,39,42624,46656,0.9890559853567532,0.2323768583716349,0.03268957,0.66331387,0.44029474,0.19032955
solar,0,42560,47168,0.9890345075461132,0.2800961024395743,0.039177895,0.14667654,0.14029074,0.045563698
solar,109,49472,52352,0.9889935611897696,-0.1775084954545678,0.036003113,0.5120959,0.306921,0.85502005
solar,122,48384,50112,0.9889918617239168,0.2924225537769594,0.057373762,0.1586268,0.117851734,0.09814882
solar,32,43520,48128,0.9889821636985348,0.2231473397973431,0.013991594,0.50270486,0.007511139,0.5242076
solar,127,49664,50240,0.9889648192787832,0.2454776663692028,0.23168755,0.37578487,0.16778994,0.023692608
solar,59,44544,47424,0.9889556807390782,0.2977353524145451,0.18267441,0.02186966,0.05973673,0.14480734
solar,75,42624,50112,0.9889409017812196,0.1772138455211791,0.019391775,0.7236023,0.5299294,0.17428112
solar,64,43840,46144,0.988936968638928,0.2765212473845044,0.5102086,0.0026552677,0.5857284,0.07286453
solar,84,48256,52288,0.9889343559243284,0.2428447969401337,0.34264302,0.66728663,0.24009466,0.769835
solar,40,44352,48384,0.98893025133732,0.126533526037252,0.14597893,0.07983303,0.03423071,0.100376606
solar,38,48320,52352,0.9889220966802617,0.2162871403578985,0.03642559,1.8559785,0.022057295,1.8416102
solar,106,42496,48256,0.9888943218245172,-0.1798362100592566,0.47399998,0.07484579,0.17988229,0.2192719
solar,129,43392,47424,0.9888920063522924,0.2533193614960592,0.055182934,0.6560154,0.05605769,0.5447748
solar,112,45568,47296,0.9888917087775286,0.1593124855746195,0.22442436,0.25101256,0.19007254,0.2853644
solar,82,46976,50432,0.9888786819600828,0.2794874803272911,0.19566035,0.04401183,0.1570766,0.005428076
solar,81,49408,50560,0.9888760426589184,-0.0743571843123014,0.35153294,0.0030665398,0.13772202,0.21687746
solar,135,44928,51840,0.9888746927081786,0.1596851254134826,0.05499363,0.8468051,0.14947295,0.6423385
solar,24,42624,51840,0.9888705861743928,0.2448300766281348,0.67611766,0.1932826,0.43535662,0.047478437
solar,20,44416,51904,0.9888652654719604,0.1431331996997291,0.8595166,0.0065944195,0.6358454,0.23026562
solar,51,44224,48832,0.9888628504919286,0.0367128616386251,0.02906704,0.29673576,0.037661552,0.28814125
solar,100,45632,47360,0.988855593424072,0.2458665643701751,0.046721935,0.064610004,0.031321526,0.080010414
solar,49,45568,47296,0.9888488089430636,-0.041116915223884,0.030689955,0.24145126,0.16364956,0.04711175
solar,77,44224,50560,0.9888344027316434,0.2001767298474058,0.13289261,0.3869691,0.14353228,0.110544205
solar,57,45504,51840,0.9887958446820984,0.2682228728995781,0.5372188,0.1645832,0.17763042,0.19500518
solar,83,44224,49984,0.9887851574223732,0.1589819617940885,0.1669774,0.19450045,0.060569763,0.033046722
solar,119,44864,50624,0.9887777298645634,0.0960875683442907,0.611053,0.3728466,0.84251404,0.14138556
solar,35,44928,45504,0.988757713548494,0.1893755529061061,0.3415556,0.13314271,0.29711103,0.17758727
solar,4,44480,47936,0.9887554002249908,0.2654183791201561,0.06827593,0.38223457,0.31939363,0.00543499
solar,129,42560,49472,0.9887384483481244,0.1038569717591417,0.24444509,0.8469465,0.183177,0.90821457
solar,120,48896,51200,0.988732431137796,-0.3913780052181166,0.1256485,1.9624109,0.01289463,2.100954
solar,56,43840,48448,0.9887301827243418,0.2523673176252104,0.18174624,0.030149937,0.10991001,0.10198617
solar,OT,45440,50048,0.9887298229255946,0.2658525000868144,0.0976243,0.2798605,0.09266281,0.284822
solar,10,46016,51200,0.9887201369557448,0.2259982268487377,0.2881093,0.090453625,0.18319798,0.014457703
solar,29,46528,48256,0.9887133936476482,0.1682782898677544,0.19998765,0.030638456,0.16807508,0.06255102
solar,117,44096,49280,0.9887109146282584,0.2166965559091505,0.5181999,0.012144804,0.24109721,0.2649579
solar,2,49536,51264,0.988709532259142,0.1929942299722088,0.38813782,0.14428711,0.19359732,0.05025339
solar,16,44992,50176,0.9887068599005197,-0.2058160055265031,0.009243965,0.8166492,0.16232753,0.66356564
solar,46,42624,46080,0.9887066412075924,0.2455271187922588,0.27611756,0.29847622,0.04775262,0.025393963
solar,125,44224,50560,0.9886987867370052,0.2802492593113796,0.061625242,0.5039635,0.30504107,0.26054764
solar,79,44416,48448,0.9886944548544772,0.2214727542470058,0.092135906,0.1796472,0.30569625,0.033913136
solar,37,42624,49536,0.9886869277433054,0.2834425800005575,0.08502531,0.20639849,0.2079854,0.0834384
solar,35,44736,47040,0.9886843430190831,0.297824659231083,0.1237607,0.017735958,0.079873085,0.026151657
solar,130,42112,45696,0.988684325738022,0.282765764925257,0.44197655,0.063204765,0.55058527,0.045403957
solar,95,43200,47808,0.9886778659593664,0.2791330497009629,0.046304226,0.16049099,0.05999899,0.14679623
solar,0,49984,52288,0.9886766643505432,-0.0907449999714788,0.035288334,0.0075831413,0.07234526,0.029473782
solar,105,43520,49280,0.9886711531189126,0.2820424890401127,0.24072051,0.028188467,0.006538868,0.21907091
solar,14,44544,49152,0.9886651536425692,0.2455968924061868,0.32214403,0.052396774,0.2332716,0.03647566
solar,8,42240,52032,0.9886650983605416,0.188918971425961,0.12934351,0.1513853,0.13299346,0.11095166
solar,77,46080,50688,0.9886647773174708,0.2038208274200566,0.40593123,0.70621276,0.2715094,0.8406346
solar,26,49280,49856,0.9886621361957344,0.24856712144603,0.3095529,0.2503612,0.09599209,0.46392202
solar,60,44352,47680,0.9886560978829668,-0.2443210295357567,0.2872331,0.47088408,0.19687223,0.013221264
solar,84,42240,50304,0.988654922258798,0.2292716638879016,0.045984507,0.6832826,0.43008733,0.2991798
solar,7,45120,46272,0.9886433656771616,0.1777694188553221,0.1653111,0.1896522,0.32848716,0.30414605
solar,65,49472,51200,0.9886244607759928,0.0818149710168783,0.1085794,1.9850144,0.0087349415,2.084859
solar,82,46080,49536,0.9886240541852072,0.2514319473142484,0.40512657,0.60773754,0.21730185,0.79556227
solar,15,48256,48832,0.988613364010324,0.2550910486416997,0.23091531,0.024344444,0.015640736,0.23961902
solar,54,43520,49280,0.988613303900959,0.2495368090735898,0.28002024,0.0037968159,0.011986256,0.28820968
solar,13,42240,50304,0.9886011419043816,0.2123397402330529,0.027207375,0.84542656,0.5459249,0.32670903
solar,83,44864,46592,0.9885823248273534,0.2819626905240251,0.23117065,0.019462585,0.08241749,0.33305073
solar,7,43264,45568,0.9885822265709626,0.2310001121977706,0.09286404,0.5788975,0.22063613,0.45112538
solar,57,44288,48896,0.988546551116418,0.2837571925299567,0.13657522,1.4046993,0.2796402,1.2616343
solar,129,47808,50112,0.9885453247397308,-0.036923436600244,0.20785141,0.30377293,0.26389027,0.16796875
solar,83,50176,50752,0.9885278485801328,0.0259302898004942,0.30158973,0.04988551,0.15407419,0.19740105
solar,87,45504,48384,0.9885043871112664,0.1409406958855927,0.090586185,0.11323738,0.009345055,0.03199625
solar,123,44288,48320,0.9884832126141986,0.1820193391282064,0.048600674,0.13689256,0.12627625,0.059216976
solar,64,48896,50624,0.988482920711169,0.2907271424848466,0.45064688,0.21588588,0.3717656,0.29476714
solar,1,46080,50112,0.9884828420129544,0.2434326675740088,0.09786558,0.18834066,0.21201038,0.1215353
solar,76,45120,45696,0.9884780679247198,0.0533088535553856,0.15411353,0.20374727,0.19681692,0.14718318
solar,115,44416,46720,0.9884701494441208,0.028839801239602,0.23408175,0.19688416,0.04058361,0.0777812
solar,119,46848,50304,0.98845404403674,0.2843020477215881,0.08915973,0.09144139,0.042569876,0.04028821
solar,38,43968,50304,0.9884536286149378,0.2670390913956323,0.6428795,0.11788249,0.7556708,0.0050911903
solar,129,50176,50752,0.9884408270069488,0.0161394288719345,0.16796875,0.36564183,0.06709051,0.6007011
solar,77,42176,45056,0.9884350789835312,-0.1027128617543024,0.10753679,0.05659485,0.0895977,0.07453394
solar,49,47104,47680,0.9884186656730748,0.1666036588423614,0.14186001,0.0069646835,0.030413628,0.118411064
solar,4,42176,45056,0.9884146429166644,0.2828182689856459,0.03629732,0.034866333,0.072674274,0.07410526
solar,5,44096,50432,0.988387761551103,0.2984428790709981,0.06510687,0.2914045,0.16571712,0.19079423
solar,101,43840,47296,0.988380636104274,0.2088702979083985,0.08714461,0.15881014,0.08731222,0.15864253
solar,107,43776,50112,0.9883705867584004,0.2785747441522171,0.1865778,0.032454014,0.022890568,0.13123322
solar,40,43648,47104,0.9883487675302104,0.0281678187035836,0.0073008537,0.07583618,0.050056934,0.018478394
solar,96,42496,45376,0.9883476032939588,-0.1211039943067719,0.04353237,0.8977606,0.13712096,0.7171073
solar,26,46144,47296,0.9883398452436138,0.1799669430939712,0.022333145,0.46872973,0.075021744,0.52141833
solar,105,46144,49600,0.988335235451513,0.2245087511915026,0.18936133,0.34653234,0.06052971,0.47536397
solar,41,43712,49472,0.988330723032928,-0.2315687044110621,1.0750108,0.061235428,0.9905791,0.02319622
solar,85,48832,50560,0.9883150604689512,0.2940409229481161,0.054347992,0.029582977,0.00553751,0.030302525
solar,88,47168,48896,0.9883027707791244,0.2978585026832797,0.21945715,1.0106559,0.1564827,1.0736303
solar,13,42176,45632,0.9883024328481376,-0.0210762725233901,0.25635433,0.11371279,0.16044712,0.20962
solar,67,44736,45888,0.988300831594522,0.2209268694564507,0.07875061,0.3247161,0.06836891,0.4718356
solar,134,46720,49024,0.9882963476219092,0.1021167942529143,0.06722283,0.19488096,0.057026386,0.07063174
solar,88,46656,48384,0.9882922797890884,0.2628538753435731,0.010263443,0.19333506,0.17505407,0.028544426
solar,124,47552,49280,0.9882794197406788,0.2889489443403648,0.13145232,0.18789291,0.2699716,0.049373627
solar,30,43712,47168,0.9882766967292872,0.2983136901243673,0.347672,0.27275658,0.34475517,0.2756734
solar,87,43200,50688,0.9882696893798192,0.2496167645583768,0.0068421364,0.4529643,0.2501607,0.19596148
solar,127,50432,52160,0.9882685044401044,0.0601084786966061,0.20125532,0.20378494,0.13189626,0.273144
solar,33,44544,48576,0.988266611926186,0.2860069497508172,0.2232709,0.09895229,0.34982014,0.02759695
solar,74,47680,50688,0.9882597684734036,0.2656095050055537,0.26778793,0.083898544,0.1952796,0.379169
solar,39,49984,50560,0.988257468621197,0.242589068328284,0.112748146,0.14922285,0.0755291,0.1864419
solar,96,44288,50048,0.988248047018439,0.1407640153777286,0.061808586,0.99044347,0.41267085,0.6395812
solar,126,46144,48448,0.988246650010696,0.2366699003604394,0.13807201,0.38473034,0.24498749,0.0016708374
solar,121,42624,45504,0.9882465623397892,0.2330115539531631,0.10521722,0.3605733,0.22821808,0.23757243
solar,105,43264,50176,0.9882325440977094,-0.0623833417734583,0.011813164,0.11515951,0.18698788,0.0600152
solar,6,43520,47552,0.9882166859382592,0.2903673700379015,0.20754719,0.3950925,0.21851587,0.3841238
solar,96,43840,44416,0.98820684404321,0.2137466258608105,0.041251898,0.021271944,0.06838274,0.088362694
solar,126,43904,45056,0.988203751669378,0.2374148899854698,0.13736963,0.3888836,0.42972088,0.096532345
solar,117,48448,49600,0.9881997155045044,0.2798010552419025,0.075003386,0.5079601,0.20292807,0.23002863
solar,73,42496,45376,0.988199221237398,-0.1515300598874658,0.082736254,0.63854504,0.13636756,0.41944122
solar,72,48832,50560,0.9881937813950936,0.0683644660270662,0.13362718,0.10653663,0.06883383,0.17132998
solar,28,42624,49536,0.9881792724776036,0.2864438237701547,0.1435256,0.7662809,0.20261025,0.70719624
solar,87,42560,43136,0.9881777229943992,0.1461547273448543,0.1739335,2.866202,0.094703436,2.786972
solar,50,48832,49984,0.9881710490520464,0.1620405481699513,0.063611984,0.09154177,0.025048256,0.1301055
solar,43,43712,49472,0.9881705667587788,0.095861570312753,1.3181977,0.13974762,1.0750537,0.103396416
solar,75,44928,47808,0.9881694191961138,0.2463117483787891,0.15671563,0.60262966,0.30912805,0.45021725
solar,37,48960,52416,0.9881486280475488,0.2920640776615183,0.0011749268,0.056437492,0.12284994,0.06523752
solar,85,44096,48128,0.9881437609588788,0.1500306267384219,0.33180428,0.74295115,0.13081098,1.2055664
solar,89,44544,46272,0.9881429920831886,0.2926226837770929,0.68791556,0.22457027,1.0144458,0.101959944
solar,131,49472,52352,0.9881394996128064,0.2041595251539821,0.019963741,1.5731502,0.19782495,1.7510114
solar,95,44544,45568,0.9880850472035664,0.2467038655495448,0.19168258,0.14335299,0.3998835,0.064847946
solar,60,47168,48896,0.9880824561807444,0.2661044103613422,0.1501627,0.34037971,0.19859552,0.2919469
solar,131,44544,48576,0.9880780817777528,-0.0558476001827361,0.5087807,0.120182276,0.4544165,0.17454648
solar,100,43520,48704,0.9880777669119422,0.1489330890038258,0.0017635822,0.09654403,0.06484079,0.029939651
solar,97,43392,45120,0.9880636137454576,0.2126771598554178,0.014705658,0.113218784,0.08155751,0.016955614
solar,101,43200,51840,0.9880522611330737,-0.0915649940860086,0.3756795,0.020148754,0.13929605,0.21623468
solar,109,48896,50624,0.9880097058513866,0.189811572596034,1.151339,0.098207474,1.24337,0.0061764717
solar,93,50112,51840,0.9880006643973182,0.1549720181174936,0.061300516,0.2583058,0.17112637,0.025878906
solar,47,43520,48704,0.9879984774844928,0.2828954351044415,0.05336404,0.014581203,0.018836737,0.049108505
solar,116,43520,47552,0.9879977792144364,0.1612101721519357,0.158705,0.21988392,0.14941382,0.22917509
solar,45,46208,50816,0.9879970565772428,0.2560728408644519,0.39242458,0.31044483,0.968061,0.26519156
solar,5,45568,46144,0.987994585692346,-0.149699018920561,0.1963501,0.020683527,0.025942564,0.149724
solar,95,49984,50560,0.9879936697262206,0.180531212886385,0.54133487,0.68463445,0.41387987,0.81208944
solar,38,44096,48128,0.987992377003366,0.1795997386084349,0.3603692,0.13724208,0.24407458,0.74168587
solar,3,44224,48832,0.9879919405270164,0.224439462858604,0.05290079,0.39432955,0.11589098,0.33133936
solar,99,44928,50112,0.9879831601687258,0.0950135773202033,0.09558344,0.96205425,0.5217271,0.34474373
solar,121,44544,45120,0.9879796816101736,-0.0067771333223096,0.1792469,0.0736928,0.34344578,0.09050608
solar,14,47168,48320,0.9879794742181778,0.2922787379235923,0.20098996,0.20180345,0.28237438,0.120419025
solar,31,44352,51264,0.9879730868948994,0.2533436905171429,0.47761917,0.07170248,0.2885759,0.26074576
solar,20,42624,49536,0.9879710977204246,0.2339778358373668,0.015288591,0.39814734,0.44623327,0.06337452
solar,67,47104,47680,0.9879708530909824,0.2867763840676073,0.05761242,0.014246941,0.0021281242,0.041237354
solar,134,46400,47552,0.98795864338114,0.0913063190021718,0.15971613,0.015362024,0.006308317,0.16876984
solar,42,46592,48320,0.9879569528732078,-0.0710212858749383,0.3240943,0.33502412,0.5533359,0.10578251
solar,46,43520,47552,0.9879543484191792,0.2794602874680035,0.1435616,0.30235362,0.13566446,0.31025076
solar,66,51200,52352,0.987954076291117,-0.2119893324092999,0.3776226,0.067475796,0.09048271,0.2196641
solar,10,49472,52352,0.9879436433259136,0.1699334240674092,0.26784325,0.41495562,0.055125237,0.6276736
solar,109,43968,45696,0.9879396248497796,0.1190021624473565,0.087221146,0.09935427,0.16287565,0.02369976
solar,75,44416,48448,0.987936835911238,0.157997099422475,0.10113263,0.5147598,0.21334982,0.20027733
solar,56,46528,50560,0.9879283724387096,0.1490116556796535,0.11769438,0.1280446,0.14818192,0.09755707
solar,41,50176,51328,0.9879274424463012,0.2782801631731788,0.4813199,0.18954301,0.61392426,0.05693865
solar,101,47872,49600,0.9878872538601248,-0.178929237217141,1.4308422,0.46365333,1.2162333,0.24904442
solar,116,44928,48960,0.9878824594163536,0.259860730622292,0.018958092,0.23869133,0.16608477,0.091564655
solar,30,50816,51968,0.987872478813972,0.2920208721943609,0.3243997,0.7946422,0.18649817,0.28374434
solar,12,42112,47872,0.9878574555715468,-0.3530627948389893,0.874413,0.14314175,0.6314478,0.099823475
solar,17,43648,48832,0.9878549397864944,0.1712999102378379,0.6434164,0.06212139,0.2359891,0.34530592
solar,1,50176,50752,0.9878504321393898,0.2826834000625211,0.08257246,0.18319082,0.06870079,0.19706249
solar,83,43776,46080,0.9878491697943296,0.0672395943996399,0.8676653,0.21361995,0.8296194,0.25166583
solar,87,44096,50432,0.9878483113901604,0.2207647453292688,0.13767266,0.39894938,0.21224523,0.32437682
solar,132,42240,50304,0.9878467674255872,0.1724120101632828,0.14843822,1.0089531,0.4367478,0.4237671
solar,66,46528,47104,0.9878456054155704,0.0446548454705812,0.17313313,0.07829785,0.04831934,0.14315462
solar,1,47744,49472,0.9878441269573692,0.181929286737424,0.010914326,0.88314724,0.069895744,0.8241658
solar,22,42496,45376,0.9878427897343453,-0.1079694484134419,0.042117357,0.7453339,0.1198678,0.58334875
solar,9,43648,50560,0.9878378077434428,0.2540782555613329,0.018361092,0.24456882,0.095385075,0.16754484
solar,99,45504,48384,0.9878219367869444,0.2583019165531867,0.040174484,0.060943842,0.073348045,0.052578688
solar,59,43520,47552,0.9878187276637154,0.2520793365249617,0.19856954,0.16768312,0.06539726,0.3008554
solar,45,43840,47296,0.9878048076676051,0.2531371184479896,0.009049416,0.021355152,0.009432793,0.020971775
solar,80,42240,47424,0.9878044340653132,0.0620125145134349,0.12897944,0.15004301,0.08328581,0.19573665
solar,135,42752,45632,0.9877979171044758,0.2433092726250315,0.08616972,0.056394577,0.000808239,0.030583382
solar,116,43264,49600,0.98779732353464,0.2197503016396469,0.049135685,1.6912062,0.21497297,1.5253689
solar,45,45504,51840,0.9877914861709288,0.2336160827719191,0.05466461,1.4480753,0.118616104,1.2747946
solar,133,47680,48256,0.9877814524176728,0.2385070258202778,0.5547216,0.14197445,0.4984343,0.19826174
solar,126,43712,44288,0.9877811294691002,0.285356267761598,1.1341977,0.25150037,1.3013072,0.08439088
solar,89,43520,47552,0.9877809459060892,0.2989744974991379,0.19660544,0.27217174,0.11521959,0.0396533
solar,3,44800,45376,0.987779510597083,0.2985364795195976,0.03133726,0.19772339,0.1074667,0.05891943
solar,8,44928,48960,0.9877786429546552,0.2538818082102325,0.08792019,0.1276021,0.14697027,0.06855202
solar,18,44096,52160,0.9877785882756416,0.2470623266413982,0.015644789,0.16768885,0.032942533,0.1503911
solar,98,46592,52352,0.9877669634924024,-0.0884042773180535,0.30786753,0.5394244,0.2717576,1.1190495
solar,19,42624,52416,0.987756158943594,0.1056863096876551,0.07458019,0.105261326,0.2563033,0.22562218
solar,55,46016,51776,0.9877372172083864,-0.2321306970187913,0.027700424,0.15893173,0.14004183,0.00881052
solar,49,47744,50048,0.9877270235690724,0.2698636329977159,1.2023678,0.02254486,1.0407972,0.13902569
solar,101,44928,51264,0.9877151416230644,0.0350552286379901,0.029302597,0.3875394,0.3298459,0.028390884
solar,48,49408,49984,0.987699871184178,0.0770706578236494,0.24329376,0.0032148361,0.124406815,0.3709154
solar,81,47104,48832,0.9876792317902752,0.2150508196246584,0.11379194,0.02288723,0.00088214874,0.13756132
solar,80,44864,52352,0.9876679572934975,0.1279557855609765,0.49752998,0.09647894,0.4368534,0.15715551
solar,27,47744,50624,0.987665780097464,0.2702771493176449,1.7923348,0.002867937,1.7176058,0.0775969
solar,99,48832,50560,0.9876630056893292,0.126135063122213,0.09764862,0.10804844,0.092383385,0.113313675
solar,58,47104,49984,0.9876573109762786,0.1264791909235902,0.052505016,0.0052056313,0.06346226,0.00575161
solar,83,42624,47232,0.9876571135753226,0.2082544373463212,0.09171629,0.32011366,0.33679867,0.1084013
solar,54,48896,50048,0.987644211934186,0.1331639834401251,0.11271238,0.37741137,0.015682697,0.47444105
solar,29,44928,46080,0.9876182133878102,0.2231479843180156,0.034862995,0.07898855,0.028168201,0.085683346
solar,0,48896,50048,0.9876043754275338,0.1906745328583985,0.2950189,0.07664108,0.13722229,0.2344377
solar,114,44288,46016,0.9875978157026528,0.1194821669965306,0.1453023,0.51451254,0.37390828,0.28590655
solar,68,42240,42816,0.98759509248425,0.2917281975129313,0.20826983,0.46033144,0.13706994,0.38913155
solar,90,44288,46016,0.987587998385787,0.1240272737797158,0.07934523,2.4588528,0.1933403,2.5728478
solar,107,47104,49984,0.9875590562670464,0.2790105920551871,0.021916866,0.00046300888,0.03490162,0.057281494
solar,40,43776,48960,0.9875295053613674,0.2679637050560675,0.060843945,0.23101377,0.21085405,0.081003666
solar,OT,46400,48128,0.9875001432164964,0.0508027988063942,0.022987366,0.102440596,0.26243353,0.3878615
solar,74,43968,45696,0.9874853060059542,0.1877319426276754,0.15538144,0.11202192,0.0650022,0.20240116
solar,133,42048,43200,0.9874623665207738,0.1796180703691339,0.10133672,0.026664734,0.06696868,0.19497013
solar,37,46592,48320,0.987455516911234,-0.2031172576477831,2.6092832,0.070032835,2.610472,0.07122159
solar,73,43328,44480,0.98745408244916,-0.0437276670244703,0.5341871,0.29240394,0.2233429,0.018440247
solar,49,46208,49088,0.987449957229094,0.2599864370861618,0.20172787,0.32256317,0.44632816,0.077962875
solar,68,46016,50624,0.9874486677221688,0.0160803091653612,2.8478384,0.18178654,2.9070878,0.24103594
solar,89,48832,50560,0.9874411245254032,0.2735754048223925,0.049200296,0.041241407,0.043848515,0.04659319
solar,116,44864,49472,0.987438961019735,0.1278552478399413,0.26022148,0.2645421,0.036185265,0.56094885
solar,9,44288,46592,0.9874378172738824,0.1578350226781182,0.12694144,1.7884245,0.17131662,1.7440493
solar,53,42688,44416,0.9873763961650284,0.2562570363700945,0.073605776,0.68396306,0.20293331,0.40742397
solar,106,43968,44544,0.9873745041332082,0.2365125774690677,0.19391274,0.12672663,0.04503107,0.36567044
solar,106,45120,49152,0.9873614498201017,0.2980280503647059,0.10227442,0.43112755,0.1948247,0.33857727
solar,89,45120,48576,0.9873487713741363,0.2589840027192936,0.07319212,0.36516142,0.09485769,0.34349585
solar,37,42688,48448,0.987346969189121,0.1913253534526948,0.016627312,0.14786577,0.134233,0.030260086
solar,29,42240,49152,0.9873352236851396,0.2060606341090327,0.12410545,0.7608905,0.3276124,0.30917263
solar,31,47872,50752,0.9873201983905135,0.0793483051042679,0.4303589,0.17929077,0.5893762,0.020273447
solar,32,46528,48256,0.987319424849882,0.1392819180892362,0.6161599,0.08853912,0.43131542,0.27338362
solar,109,45376,46528,0.9873087070196738,0.2653685784018521,0.23339415,0.07205486,0.089111805,0.2163372
solar,49,46144,50176,0.9873086600043636,0.2594331281652648,0.13051653,0.2980082,0.18471837,0.017226696
solar,82,45312,51648,0.9872837439371492,0.1750415158840078,0.034721375,0.11057758,0.1358738,0.009425163
solar,84,45824,51008,0.9872630923096484,0.185149516609331,1.0418789,0.1032269,1.1379366,0.0071692467
solar,104,44480,45632,0.987250901641938,0.2687240175052171,0.17904425,0.24551821,0.28108644,0.14347601
solar,72,44800,51712,0.9872456489553392,0.1368108868973934,0.4198978,0.06685114,0.04531002,0.53205895
solar,24,42240,49152,0.9872329529198252,0.1550870339752576,0.05987382,0.6502905,0.40301132,0.18740535
solar,37,46208,49088,0.9872287645178632,0.1581984380494757,0.06518841,0.054984093,0.007382393,0.017586708
solar,26,42240,49152,0.9872171570070206,0.2488613588720556,0.07112074,1.0618057,0.31366563,0.67701936
solar,45,45568,49600,0.9872164067133348,-0.3516078223894284,0.0120613575,0.56407547,0.25582957,0.32030725
solar,101,42624,46656,0.987204251011646,0.2481203249518684,0.045868397,0.16398668,0.13471222,0.016593933
solar,50,48320,50624,0.9871972891775992,0.267622325562375,0.055443287,0.022744417,0.0026431084,0.035341978
solar,OT,48448,50752,0.9871778405089916,0.0632236017854168,0.04466939,0.026103497,0.018519402,0.08929229
solar,18,45120,46848,0.9871776752763084,0.0974010686558388,0.09288788,0.11442208,0.059205055,0.03767085
solar,92,43264,45568,0.9871572261305008,0.2706201827432368,0.15260506,0.5241842,0.17776632,0.49902296
solar,100,46208,49088,0.9871327372531232,0.2335816076126597,0.023110867,0.09457064,0.10937929,0.008302212
solar,129,44864,46016,0.9871319815143292,0.2994535744431424,0.11504841,0.34055924,0.21454692,0.010963917
solar,3,42624,50112,0.9871314085851088,0.1478625280945596,0.00042796135,0.43741322,0.44335723,0.006371975
solar,71,43776,48384,0.9871177489599892,0.1144947611058632,0.3329954,0.42099714,0.5462723,0.20772028
solar,41,42560,48320,0.9870634123680692,0.160932395112584,0.1323998,0.896502,0.06307888,1.0919807
solar,13,45376,49408,0.9870568113354644,-0.0424524604434576,0.08859587,0.25632715,0.31034374,0.034579277
solar,62,46144,49600,0.9870564833536924,0.0691833593024351,0.26712537,0.75731635,0.04819584,0.9762459
solar,34,42752,44480,0.9870422670135496,0.0302500303476733,0.12174797,0.12414837,0.094696045,0.1512003
solar,63,48832,50560,0.9870203976352304,0.0947322692762748,0.14161229,0.12237263,0.08456302,0.1794219
solar,127,45952,50560,0.987019626525258,0.1334314192148394,0.40755177,0.09852457,0.065125465,0.37415266
solar,41,42624,48384,0.9870158835723242,0.2951800908263559,0.019984722,0.59022784,0.4636023,0.106640816
solar,127,43200,47808,0.9870082405509596,0.2614978077430199,0.13604212,0.14837456,0.1401496,0.14426708
solar,89,47168,51776,0.9870052107378292,-0.0127245437624517,0.071830034,2.3437912,0.25807142,2.5300326
solar,44,48320,48896,0.9869991706770834,0.1339190440329744,0.27670217,0.4139266,0.22954893,0.46107984
solar,73,42752,51392,0.9869722435360306,0.2909170914320836,0.1673758,0.62194204,0.5724819,0.21683598
solar,130,47936,50816,0.9869713146785628,0.1549095404060343,0.03736162,0.104586124,0.1006012,0.04134655
solar,135,46080,48960,0.9869708131006752,0.2285081806131336,0.18369961,0.19684076,0.5915315,0.21099114
solar,11,43840,44992,0.9869573053979194,0.1056489313823962,0.21109724,0.26779008,0.50155115,0.022663832
solar,112,43520,47552,0.9869498176749386,0.2959236115038258,0.24526358,0.39860582,0.26052833,0.38334107
solar,130,43520,46400,0.9869294329556032,0.2597381264551415,0.21343899,0.029620886,0.07250047,0.1705594
solar,12,44544,45696,0.9869287788107478,0.1673806023583907,0.65710306,0.2682569,0.9654491,0.04008913
solar,104,48256,48832,0.9869277564196612,-0.0391203350497065,0.13790488,0.5233085,0.31779265,0.34342074
solar,92,43520,47552,0.986913569216586,0.1606495386126417,0.08905506,0.21236372,0.118905306,0.18251348
solar,54,42496,50560,0.986911991180287,0.2092809426528794,0.10953903,0.17088223,0.1494255,0.08808231
solar,126,44096,50432,0.9868814022416372,0.1614455061044052,0.09171867,0.29994965,0.16974807,0.22192025
solar,130,50176,51904,0.986870411323662,-0.0285648496138544,0.75040936,0.032775164,0.6595783,0.123606205
solar,93,42752,46784,0.9868688086260858,0.1272640922591991,0.06884289,0.10011101,0.045035362,0.12391853
solar,80,46592,49472,0.9868581038511032,0.0827791752492202,0.43385315,0.0069508553,0.1747365,0.2660675
solar,94,42240,45120,0.9868541498493008,0.1560594092397075,0.1852262,0.26943612,0.15544844,0.07123852
solar,15,42432,51200,0.9868211515261088,0.1432542071730448,0.18961239,0.58937836,0.43444252,0.34454823
solar,134,43136,46592,0.9868054421913842,-0.1563671598198464,0.082623005,0.068687916,0.05675459,0.07068968
solar,28,42560,44288,0.9867939523053736,0.2877664243258319,0.18455052,0.60426927,0.13134217,0.6574776
solar,129,45120,49152,0.9867867048364444,0.2778788872451906,0.004041195,0.19530964,0.0067851543,0.19256568
solar,29,48896,51200,0.9867723535711042,-0.18780119479122,0.060568333,1.717094,0.26434994,1.9208755
solar,19,47104,52288,0.986770170719589,0.2253828620403104,0.13705397,0.17229462,0.14309502,0.16625357
solar,92,46144,47872,0.9867548769817353,-0.1665010185405925,0.27577138,1.7116618,0.32257462,1.758465
solar,98,44480,48512,0.9867364708897604,0.276204798439668,0.025120258,0.22848749,0.2143383,0.039269447
solar,55,44416,50752,0.9867288040085632,0.2598373231701261,0.11482453,0.06534433,0.07077932,0.10938954
solar,38,47872,49600,0.9867280655231384,0.0338479308054478,0.6156912,0.1543541,0.3788371,0.08249998
solar,118,46144,46720,0.9867254307433032,-0.0449712984049709,0.027394295,0.03505993,0.083651304,0.09131694
solar,54,43392,52032,0.9867238579072732,0.1073319029456029,0.21120763,0.03463936,0.12445879,0.1213882
solar,114,45952,50560,0.9867194839134512,0.0479297779668611,0.3591895,0.10020971,0.091100216,0.16787958
solar,47,46272,48576,0.986709085439031,0.2443367949318894,0.061879635,0.67343307,0.19565678,0.41589665
solar,91,45568,48448,0.9867056621724772,0.2203418978914309,0.0413239,0.20848751,0.17129397,0.07851744
solar,85,48960,49536,0.986703337342032,0.2515767420174036,0.0976634,0.06932831,0.065993786,0.100997925
solar,102,44224,48256,0.986690555157222,0.178137631504221,0.041293144,0.04970312,0.07797718,0.0695672
solar,38,48256,48832,0.9866818308825,0.2150510261212148,0.24150205,0.44258666,0.2900436,0.3940451
solar,40,45376,48832,0.986676941483197,0.1563231004388181,0.20671964,0.15927863,0.10295272,0.15039372
solar,72,44416,50176,0.9866706030136418,0.1798618143300639,0.31779265,0.056331396,0.26042485,0.1136992
solar,53,42624,48384,0.9866705539409556,0.293107818703355,0.061633587,0.33836985,0.31003618,0.033299923
solar,134,44224,49984,0.986659370925517,0.266594052713984,0.042736053,0.45415378,0.14062524,0.3562646
solar,61,46592,50624,0.9866590132606692,0.2913844751983586,0.38959527,0.1771872,0.44342852,0.12335396
solar,32,46592,47744,0.9866503176784492,0.2067391390507918,0.26142597,0.58153296,0.2914176,0.5515413
solar,41,47424,50304,0.9866485515519527,0.2313139014779254,0.2607925,0.057794333,0.06509042,0.13790774
solar,110,43840,45568,0.9866479387206512,0.2127404225228921,1.9234183,0.17237663,1.9584107,0.20736909
solar,94,45696,51456,0.986647331511353,-0.0338527395869488,0.22554731,0.12934756,0.32211208,0.032782793
solar,87,48896,50048,0.986640044037754,0.2697133729096855,0.8434148,0.13305283,0.7491262,0.22734141
solar,130,43200,43776,0.9866346732907396,-0.0991320729826276,0.18722558,0.21534824,0.12186599,0.28070784
solar,28,44416,51904,0.9866315608421188,0.2703362631440879,0.995244,0.12759423,1.0256162,0.09722209
solar,117,46080,50112,0.986630388046252,0.1963208767608825,0.0032815933,0.21765137,0.22758532,0.006652355
solar,111,50112,52416,0.9866234847994864,0.2330697886340013,0.046952248,0.0033311844,0.042149067,0.08577013
solar,5,43776,50112,0.9866150870200472,0.2151528655186744,0.21960592,0.15396643,0.21158218,0.16199017
solar,7,48448,49024,0.9866062369529508,0.2246849785452494,0.27068424,0.12379718,0.18395805,0.21052337
solar,70,44224,49408,0.9866044897753536,0.0254494154239266,0.16038156,0.23171186,0.12611413,0.05478382
solar,106,47168,52352,0.9866020383408772,0.0415261776347023,0.022178173,1.7858396,0.07365441,1.8816721
solar,123,44352,51264,0.9865970841484262,0.2956867073909012,0.44693565,0.30339622,0.048085213,0.095454216
solar,107,44544,47424,0.9865885694596708,0.1967883492413689,0.10779047,0.02219367,0.05978489,0.07019925
solar,60,43200,51264,0.9865656240421548,0.2822171221015392,0.64228153,0.034037113,0.4387064,0.16953802
solar,122,47808,51264,0.9865530921801512,0.1981309729581648,0.3602023,0.41875362,0.006301403,0.05224991
solar,91,44864,48896,0.9865341682336533,0.1827106216262736,0.4436736,0.18788719,0.6021781,0.029382706
solar,58,45120,45696,0.9865118111967182,0.0173841592458571,0.23829985,0.008002758,0.024573565,0.25487065
solar,77,42240,49152,0.986495333946064,0.2512156471260336,0.059107304,0.9417603,0.31201792,0.6888497
solar,28,48320,50048,0.986490890837634,0.2330745215299554,0.08137035,0.7966013,0.34283257,0.5351391
solar,33,45120,45696,0.9864822739034936,0.1249450156644242,0.15523028,0.036617756,0.0077872276,0.19963527
solar,61,42240,49728,0.9864798394216808,0.281608139392706,0.011569977,0.4034288,0.17103267,0.2439661
solar,68,44928,51840,0.9864770616453232,0.2420771292797978,0.25726485,0.3499217,0.44000292,0.16718364
solar,19,44288,48896,0.9864668879216824,0.1601875751196476,0.12226367,0.57483006,0.27046466,0.42662907
solar,104,44416,51904,0.9864649609264912,0.1419563226950877,1.0348375,0.13212323,0.9277079,0.024993658
solar,30,43648,50560,0.9864604940643674,0.1226518502824744,0.09310818,0.52395225,0.27216506,0.15867901
solar,115,43392,46848,0.9864578862104744,0.2607144563072558,0.012002468,0.30249333,0.09233713,0.19815373
solar,118,44928,47808,0.9864565101085044,0.2086681236608722,0.04565859,0.63460875,0.35228443,0.3279829
solar,7,43968,50880,0.98641228430646,0.0884691377718054,0.05489993,1.4952633,0.10358596,1.3367774
solar,53,45504,51840,0.9863922213482392,0.2477273031754423,0.52197814,0.21492791,0.093399525,0.2136507
solar,41,45120,48576,0.9863635989419446,0.263315884564167,0.039043903,0.22319674,0.13102627,0.13121438
solar,63,44864,47744,0.9863372479790212,0.2517731301941927,0.303926,2.0518823,0.60515237,2.3531086
solar,43,42432,49920,0.9863364252508204,0.2948700556038969,0.08462763,0.05597353,0.04786253,0.09273863
solar,40,43392,46848,0.9863359797894238,0.0411304690191936,0.046331644,0.36347365,0.14794922,0.16919279
solar,74,49984,50560,0.9863294481001512,0.2106386263160379,0.06679702,0.18662667,0.19862938,0.078799725
solar,129,44224,46528,0.9863267678098044,-0.1150883782578353,0.07154393,0.084252834,0.06755209,0.08824468
solar,78,45056,47936,0.9862973048543336,0.2323117331972232,0.17226171,0.18474293,0.21233416,0.14467049
solar,108,42112,49728,0.9862879506131588,0.0708782815979044,0.99993515,0.00041794777,0.86941814,0.13093495
solar,100,48576,50880,0.9862859358578396,0.156576063974261,0.033834696,0.22756338,0.17394066,0.019788027
solar,14,45120,45696,0.986276081400452,-0.1442288842704415,0.24627018,0.055724144,0.073076725,0.26362276
solar,14,49984,50560,0.9862701043633986,0.1011856130559774,0.21269488,0.2942238,0.15406203,0.35285664
solar,60,48256,49408,0.9862697718813592,0.2848036479561652,0.20411897,0.39200974,0.24888825,0.34724045
solar,74,42176,49664,0.9862671500697532,-0.1380112723108923,0.101500034,0.22728443,0.27501678,0.05376768
solar,19,50048,51200,0.98624835113558,0.2157579036250408,0.018234015,2.1570795,0.10257912,2.2414246
solar,77,48320,51200,0.9862413909614508,0.20070349949613,0.0557456,1.7003117,0.17364836,1.9297056
solar,94,45376,48256,0.9862295268284992,0.2768527105844857,0.3744514,0.013821602,0.16983938,0.21843362
solar,37,43520,47552,0.9862242453011169,0.2588423443665147,0.21302748,0.27309847,0.1603589,0.32576704
solar,1,44480,46208,0.9862153760438904,0.285998934432855,0.044790268,0.03571129,0.031144142,0.04022312
solar,10,42496,47104,0.9862105249267628,-0.1918428254047607,0.065247536,0.045445442,0.1501317,0.13032961
solar,13,42560,43840,0.9861993504607862,-0.0468928934002084,0.14061832,0.7957182,0.41311216,0.52322435
solar,30,43776,45504,0.9861949072760678,0.02508561031446,0.20576906,0.14733148,0.23577166,0.11732888
solar,19,46144,49600,0.986189061171888,0.1667414111380887,0.059957504,0.33740854,0.037564278,0.23988676
solar,102,49856,50432,0.9861743586351388,0.2621365099164734,0.75295424,0.024448633,0.32696867,0.4504342
solar,101,45120,45696,0.9861632034898224,0.1868096936135076,0.15906715,0.020147085,0.026111126,0.1650312
solar,104,43200,44352,0.98616235074069,-0.0124082076643513,0.08841038,0.028926134,0.0545969,0.06273961
solar,6,42240,47424,0.9861619306568004,0.2470337879973279,0.014764547,0.17244959,0.024587393,0.21180153
solar,38,45504,47808,0.9861614894805942,0.2989955375015677,0.00097084045,0.250494,0.13844728,0.11301756
solar,90,44352,49536,0.9861582288691404,0.0804145907085324,0.0368495,0.13431215,0.07297516,0.09818649
solar,14,42176,44480,0.9861510811640544,-0.2127366359704266,0.057830334,0.26466608,0.14081192,0.06602383
solar,106,47104,48832,0.9861295174290106,0.2617410298199548,0.043126583,0.08510208,0.012496948,0.115731716
solar,99,46848,49152,0.9861156516961064,0.1962985675762854,0.08223319,0.044124603,0.03020835,0.06831694
solar,122,47424,49728,0.9861059621818342,0.2524373781909919,0.036063433,0.074240446,0.03431034,0.0038666725
solar,70,44544,46272,0.986089146117245,-0.0809669070648211,0.8046484,0.23591447,1.0515399,0.01097703
solar,21,42560,47872,0.986087899551538,-0.0076888429712818,0.026266575,1.356453,0.25983667,1.0703497
solar,108,48832,50560,0.9860699378847596,0.2894132292664573,0.1530199,0.036452293,0.1067462,0.082726
solar,85,42112,51904,0.986061819928758,-0.1293295526062488,1.3023415,0.15853167,1.4759893,0.015116215
solar,31,42112,49600,0.9860548248224152,0.2385656950255307,0.046527386,0.22721457,0.13731956,0.1364224
solar,125,43520,46976,0.9860395015453672,0.1927435186437335,0.070176125,0.19962764,0.16633797,0.103465796
solar,11,48128,49856,0.986031451028358,0.2358015792133402,0.011353016,0.29161382,0.11036754,0.1925993
solar,62,47552,52160,0.986010409447176,0.2381952402635425,0.007941723,0.14395165,0.21160221,0.059708834
solar,125,43840,47296,0.985986953642352,0.1154682440346406,0.026504755,0.091401815,0.0992043,0.018702269
solar,91,47104,48832,0.98598149628862,0.0718926264959682,0.18018913,0.05829668,0.08126545,0.15722036
solar,67,49664,50816,0.985973514588282,0.0670157325332771,0.023652077,0.03403616,0.033420563,0.02303648
solar,7,44544,50304,0.9859719949160984,0.0793552885855374,0.15558791,0.039925814,0.07828665,0.11722708
solar,17,45504,48384,0.9859715063480212,0.1974057805070633,0.022417307,0.79209995,0.45652604,0.3131566
solar,66,42688,48448,0.985957933723073,0.0397236740821942,0.03894043,0.3482771,0.28054643,0.028790236
solar,48,43520,48704,0.9859568069004864,0.190975550098592,0.14708209,0.04285574,0.06698871,0.12294912
solar,47,47360,51392,0.9859470512680738,0.1307967677647123,0.11792803,0.26416016,0.13800383,0.28423595
solar,86,42624,47808,0.9859390060273092,-0.0001285609132045,0.031505585,0.33760977,0.33817768,0.030937672
solar,83,43584,50496,0.9859380084221576,0.1965496745265321,0.007071018,0.14180422,0.18985128,0.040976048
solar,112,45632,47936,0.985934073761792,0.1299329255487485,0.049671173,0.19571781,0.21275902,0.06671238
solar,49,48128,49856,0.9859222434840156,0.2685112483581705,0.20494366,0.5947819,0.0887897,0.47862792
solar,135,45120,46848,0.9859198988432188,0.2681095245644799,0.095085144,0.24638581,0.25131774,0.10001707
solar,16,42240,50304,0.9859165995130906,0.1485570439613301,0.0031580925,0.7355728,0.33667707,0.39573765
solar,58,44544,49152,0.9859107453553566,0.1384918080796537,0.21406865,0.26040435,0.2706585,0.2243228
solar,59,44352,47808,0.985906899781279,0.1423182924099119,0.33862686,0.36987877,0.5541673,0.15433836
solar,130,42752,51968,0.98589813796193,0.1378175814586694,0.11779833,0.07887411,0.22824049,0.03156805
solar,25,48576,51456,0.9858937683939002,0.2500921639643215,0.41992354,0.34852767,0.8277347,0.059283495
solar,41,43648,47104,0.9858934634562528,0.1871679714197122,0.17625952,0.20713711,0.101932526,0.2814641
solar,53,46400,47552,0.9858855763730132,0.2053203731342512,0.015403986,0.1472125,0.062568665,0.069239855
solar,56,47168,52352,0.9858699430137744,0.1583667813260889,0.12878275,1.438487,0.09399462,1.4732752
solar,21,43392,44544,0.985845029562887,-0.1613482902750383,0.1051116,0.5730195,0.17476296,0.50336814
solar,121,48576,52032,0.985836128580056,0.2628830086882132,0.25258732,0.16456342,0.12989831,0.21792221
solar,126,42048,45504,0.9858330834215232,-0.0280164885150334,0.11175537,0.061736584,0.34222698,0.16873503
solar,118,48896,50624,0.98577215830143,0.2327704954617801,0.3276763,0.23721957,0.36236525,0.20253062
solar,18,42560,50624,0.9857488683039314,0.2088490474964435,0.07835674,0.06092143,0.04869485,0.090583324
solar,25,46528,48256,0.985720862617292,0.2337307156311668,0.865855,0.30711937,0.62661076,0.5463636
solar,OT,43136,44864,0.985678665828403,0.2495206574224525,0.6502867,0.10173988,0.48028994,0.27173662
solar,26,44928,45504,0.9856658076682374,0.0370199033630391,0.014575243,0.6108959,0.2471242,0.37834692
solar,45,47552,48128,0.985664481294855,0.2346604744919618,0.37684798,0.15908003,0.35185766,0.13408971
solar,107,43904,48512,0.9856439090873044,0.1055632538940133,0.121682644,0.12063646,0.037679195,0.036633015
solar,24,44544,45120,0.9856322268798756,-0.1799736236119759,0.36421776,0.076725006,0.32512736,0.1158154
solar,104,45440,46592,0.9856169459755074,0.2926630984308461,0.18120813,0.7848265,0.16858315,0.7974515
solar,84,43840,47872,0.9856157267048576,0.1765267737289239,1.3814268,0.19917107,1.4212885,0.23903275
solar,91,50432,52160,0.9856108406108874,0.2524400343042943,0.0109090805,0.04288912,0.004281521,0.049516678
solar,106,46592,50624,0.98558979058823,0.2469921409566185,0.18570471,0.2590742,0.36897397,0.07580495
solar,108,44288,48320,0.9855866037361992,0.0799438034302185,0.08517742,0.036329985,0.058455467,0.06305194
solar,34,42048,47808,0.985561331212884,0.0984092471293411,0.026090145,0.022913456,0.09382248,0.09064579
solar,30,43328,52416,0.9855554808718692,0.1794201726574021,0.21629429,0.0050210953,0.37341738,0.16214418
solar,40,44096,47552,0.9855508361416436,0.1803034499359466,0.013836622,0.353379,0.26831222,0.09890342
solar,76,47104,49408,0.9855506033237914,0.0899757302038321,0.029332161,0.0048775673,0.021351337,0.04580593
solar,117,43648,45376,0.9855259341758528,0.1710036879004266,0.12994623,0.04595256,0.040936947,0.13496184
solar,33,48128,48704,0.9855157383307828,0.2190087745381847,0.19884324,0.06053996,0.19815421,0.05985093
solar,93,46720,49024,0.9854965278001444,0.1604887427498905,0.13747883,0.16552949,0.11573577,0.18727255
solar,84,45568,51904,0.985495145242077,0.2390469032468622,0.46410012,0.19096303,0.13500285,0.13813424
solar,35,47168,50048,0.9854940269949856,0.1984731562907159,0.15857863,0.8287275,0.2622974,0.7250087
solar,36,50176,51904,0.9854643343596176,0.2146496772021892,0.54025435,0.13827395,0.26195765,0.14002275
solar,95,42752,48512,0.9854539039096823,0.2581385823566545,0.0066275597,0.016080856,0.09127569,0.068567276
solar,46,46400,48128,0.9854433961737996,0.0576762775240286,0.2608943,0.25507712,0.2494111,0.24359393
solar,89,44416,48448,0.985442757361548,0.159226105697777,0.075452566,0.11393142,0.12314558,0.08466673
solar,39,43712,44288,0.9854393906937614,0.0336141405167724,0.8044553,0.23778439,0.8423128,0.19992685
solar,39,46208,48512,0.985436435837068,0.2948435056012405,0.016295433,0.17051125,0.15515661,0.0009407997
solar,114,43136,49472,0.9853948267779264,0.133620349467055,0.18788576,0.11286402,0.3441372,0.043387413
solar,45,44928,50112,0.9853807120448792,0.0945224402877229,0.22889686,0.5253885,0.2003746,0.55391073
solar,108,42624,49536,0.9853667108542342,0.2259689348179186,0.026368141,0.46639538,0.38843632,0.1043272
solar,134,48896,51200,0.9853547069826062,-0.0534995584611703,0.22002506,0.6485596,0.15030813,0.7182765
solar,131,45120,47424,0.9853544920439712,-0.0472556717503055,0.030464172,0.9899254,0.24645996,0.71300125
solar,127,44288,46016,0.985340694671394,0.1092082237879322,0.26046777,0.21684718,0.002892971,0.040727615
solar,30,46016,51776,0.985275328722227,0.0845618871861474,0.06365824,0.11164951,0.18689299,0.011585236
solar,20,49472,52352,0.9852676113816884,-0.2106526583361675,0.2328844,0.8307843,0.14788723,1.211556
solar,88,47104,48832,0.9852642298945734,0.1970976487663814,0.045389652,0.080611706,0.023203373,0.102797985
solar,18,46976,49856,0.9852602281115204,0.29719803813427,0.030557632,0.028166294,0.17585897,0.11713505
solar,97,51776,52352,0.9852602231203944,-0.1351298661273797,0.6142216,0.28223562,0.36383343,0.031847477
solar,131,47168,48896,0.9852593417834644,0.2004696828134325,0.2459631,1.0186353,0.2932415,0.97135687
solar,131,43648,47104,0.9852506817968086,-0.04002343606962,0.27523994,0.12834597,0.008542538,0.13835144
solar,72,45120,47424,0.9852484014131174,0.050507670527185,0.067750454,0.33443713,0.16185832,0.24032927
solar,22,48384,49536,0.9852224171635758,0.1978358318015105,0.07864547,0.24204135,0.15707612,0.1636107
solar,102,42240,46272,0.9852103097061984,0.2086728094388486,0.16203833,0.10828495,0.03540039,0.23492289
solar,74,42688,48448,0.9852055260931406,0.2553528266462977,0.042463064,0.37801337,0.25388765,0.16658878
solar,73,42432,48192,0.9851872690553498,0.2766770319730867,0.16579723,0.04663229,0.049056053,0.07010889
solar,91,44224,50560,0.9851655328708516,0.2204557098645043,0.046155453,0.23091173,0.02434349,0.2527237
solar,69,45056,49664,0.9851587259603029,0.2957098054426197,0.051492214,0.06938982,0.08322191,0.037660122
solar,69,47104,49984,0.9851356320330312,0.1107666877006045,0.16231441,0.06227684,0.10095763,0.3255489
solar,35,46400,46976,0.9851295022922708,0.2485346298584152,0.07003474,0.004635811,0.0057110786,0.08038163
solar,44,47360,51392,0.985124535131971,0.2069118794685132,0.5351062,0.18780279,0.60942364,0.26212025
solar,119,43392,52032,0.9851154390133664,0.2865928551627638,0.0045940876,0.32291794,0.31910062,0.0084114075
solar,69,44480,48512,0.9851073869263226,0.280373202703912,0.15505981,0.32477427,0.3243513,0.15548277
solar,110,46144,47872,0.9850958587549096,-0.1627679368829342,0.10333848,1.6795142,0.048412323,1.831265
solar,20,46208,47936,0.9850932412954286,0.2646149406406149,0.073578835,0.07709074,0.060165882,0.056653976
solar,82,44864,47744,0.985060216091316,0.1552140711412688,0.24515438,0.76837826,0.00029230118,1.0132403
solar,16,43200,49536,0.9850546984737948,0.2996663054900043,0.43328238,0.24833345,0.510314,0.17130184
solar,53,46656,49536,0.9850443187750368,0.2201580953610992,0.09086847,0.18909168,0.20632648,0.07363367
solar,6,45376,50560,0.9850296941722728,0.0037481648958515,0.069043875,0.08273649,0.015055418,0.13672495
solar,128,43520,48704,0.9849799667770804,0.2639412129202412,0.17446876,0.23404694,0.06379342,0.34472227
solar,22,44544,45696,0.9849790981574584,0.107914294397273,0.31783867,0.066628456,0.0681386,0.3193488
solar,17,49664,50240,0.9849778880845428,0.2469130300829592,0.0391078,0.10523462,0.081636906,0.06270552
solar,130,43904,44480,0.984976511319912,0.2926487192230755,0.00995779,0.18962145,0.16232681,0.037252426
solar,70,45504,51264,0.9849639074421082,0.0018450517878864,0.6338017,0.111027956,0.24587488,0.27689886
solar,28,43712,50624,0.9849336442795992,0.2226761709736072,0.38142514,0.18110967,0.3545549,0.20797992
solar,22,46784,49664,0.9849171706955084,0.2716560551565036,0.10668659,0.103821754,0.100883484,0.10962486
solar,109,44352,47680,0.9849168275605296,0.2307350486104299,0.36143875,0.77513933,0.23438787,0.1793127
solar,58,44224,50560,0.9848974172609444,0.2274461261309507,0.14898252,0.38040447,0.18647194,0.34291506
solar,44,43712,52352,0.9848945885045856,0.2741599697465527,0.011456251,2.0476575,0.013266325,2.0458474
solar,34,45632,50240,0.9848905367357148,0.27318469468635,0.0016260147,0.1066308,0.068125725,0.036879063
solar,130,47872,52480,0.9848761251047432,-0.2193642779256483,0.038638115,0.1090374,0.14344645,0.0042290688
solar,85,43712,52352,0.9848528038322084,0.2597139400754908,0.52928305,0.03323078,0.4621563,0.03389597
solar,71,47744,52352,0.9848474798718552,0.179890094464595,0.1533494,0.43551254,0.27736235,0.5595255
solar,91,47744,50624,0.9848439292126164,0.0750837456087747,0.9624381,0.18636298,0.91234446,0.23645663
solar,59,43136,49472,0.9848378917935828,-0.2961603496599967,0.48645163,0.035265923,0.38240385,0.1393137
solar,91,44992,46144,0.9848337627748734,0.1754720742644973,0.19494987,0.33850336,0.20038939,0.33306384
solar,124,46400,50432,0.9848306969700636,0.2665656357650965,0.11903739,0.08998394,0.116122246,0.092899084
solar,85,42176,46208,0.9848171701300308,0.1445437126174312,0.1138649,0.17107725,0.094442844,0.03723049
solar,83,45120,46848,0.9848138256837996,0.2859830518230691,0.00468421,0.5228374,0.29339004,0.22476315
solar,76,43520,50432,0.9847862786496192,0.2488121197781537,0.16492009,0.4704635,0.20319891,0.4321847
solar,112,47744,50624,0.984771188530448,0.1495889920125888,0.49780393,0.24586034,0.58653307,0.1571312
solar,130,45120,50304,0.9847647549005496,0.1595960541853899,0.6614361,0.19542742,0.8509579,0.005905628
solar,109,42624,50688,0.9847469467567818,-0.0024219466954654,0.022717714,0.5110395,0.5043607,0.029396534
solar,116,46144,47296,0.984746702129698,0.1385018068465736,0.042133093,0.294425,0.115431786,0.13686013
solar,52,46400,49280,0.9847308953292851,0.2339812579845045,0.010268211,0.04253483,0.06382561,0.03155899
solar,54,44928,51264,0.9847295014819406,0.2221890279446285,0.49672914,0.28369737,0.5645509,0.21587563
solar,90,42752,43328,0.9847054914546464,0.2999031548913454,0.043241978,0.082205296,0.1519413,0.27738857
solar,120,46272,47424,0.984690130579212,0.2464905718448056,0.061150312,0.42341685,0.10188007,0.26038647
solar,28,46784,51392,0.9846731302734107,0.2184275615366363,0.31407166,0.04590988,0.37496042,0.10679865
solar,11,44416,50176,0.984666656448816,0.25786201786496,0.09214139,0.0913589,0.04940152,0.05018401
solar,123,42624,48960,0.9846647175814676,0.2199001674450887,0.03329587,0.34874392,0.18416905,0.13127899
solar,97,42624,51840,0.984664077480622,0.1882924241608779,0.76158285,0.060625076,0.44451666,0.37769127
solar,13,42496,47104,0.9846571781815664,0.2537929774261958,0.11972475,0.04640007,0.04580307,0.12032175
solar,24,43520,48704,0.9846530869458214,0.2228504543829344,0.16589642,0.2920034,0.13922071,0.013113737
solar,125,42432,43584,0.9846472147294856,0.2886427941889883,0.28302336,0.09918547,0.15968895,0.22251987
solar,42,47680,48832,0.984636407475319,0.0353157900491474,0.17186141,0.08654833,0.018856287,0.23955345
solar,15,50112,51264,0.9846305686334922,0.1933036063152607,0.1944828,0.25367498,0.024294615,0.083486795
solar,42,43840,50176,0.9846173943014744,-0.072654526017177,0.032339334,0.12339616,0.018954754,0.13678074
solar,101,49856,52160,0.9846060951058028,0.1652955961111384,0.84365296,0.05401945,0.71518946,0.18248296
solar,58,45376,49408,0.984605564464348,0.2541108124045265,0.09773207,0.22497034,0.20889854,0.11380386
solar,103,49472,50048,0.984600517046187,0.222239139199171,0.7472255,0.056495905,0.5660105,0.23771095
solar,27,42048,43200,0.9845988246595913,0.0163854828297598,0.6908207,0.12792802,0.535512,0.28323674
solar,110,42176,45632,0.9845885945545244,0.2282835108232984,0.1334796,0.1390934,0.21705198,0.05552101
solar,111,43520,50432,0.9845729511197904,0.156418245725205,0.1842475,0.1599803,0.10343766,0.24079013
solar,102,42560,47744,0.9845716951568636,-0.1262884163791565,0.054962397,2.0161934,0.02752781,2.0986836
solar,135,46208,47936,0.9845715765946194,0.2649146119238647,0.065609455,0.048204422,0.1781807,0.06436682
solar,39,49280,49856,0.9845609612900542,0.2913277865196795,0.103630304,0.1714704,0.033252716,0.30835342
solar,52,48832,50560,0.9845421453556694,0.1276640303207433,0.1360426,0.12824202,0.12731123,0.13697338
solar,85,47104,49984,0.9845412895123424,0.1587550610603992,0.24522519,0.07221818,0.042021275,0.13098574
solar,42,42496,49984,0.9845388302599154,0.1085877395079816,0.34398627,0.04376316,0.044784784,0.25543833
solar,10,46080,48384,0.984528693556046,0.1200096729697172,0.192137,0.31020117,0.23081326,0.2715249
solar,68,48320,49472,0.9845282032857487,-0.6585842187191534,0.1679945,1.122417,0.04490447,1.335316
solar,90,42560,48896,0.9845232309726936,0.1636519243544115,0.09033728,0.39879012,0.2101953,0.2789321
solar,33,42624,50688,0.984507328734607,0.2402371664215631,0.11221361,0.55444384,0.43563747,0.0065927505
solar,9,50048,52352,0.984499438624632,0.098655784982454,0.1519823,2.7899044,0.34580088,2.983723
solar,113,45952,47680,0.984462286949145,-0.0184720321432193,0.6718848,0.09462929,0.19875908,0.3784964
solar,114,44224,47680,0.9844609541266652,0.2078191713696898,0.35185933,0.38029718,0.113256216,0.6189003
solar,33,43776,51840,0.9844501210749932,0.2881869356407929,0.9270365,0.044712782,0.5969467,0.3748026
solar,100,45376,48832,0.9844485174584604,0.26372981091394,0.65726423,0.044620037,0.20253944,0.41010475
solar,62,46656,47808,0.9844468501681156,0.0885208391212174,0.11858845,0.12160587,0.19292736,0.04726696
solar,7,43648,49984,0.984443540197182,0.020564884521775,0.060795307,0.14060926,0.18182755,0.10201359
solar,84,44352,49536,0.9844098746951656,0.0191628765449853,0.02847004,0.3933239,0.29701328,0.124780655
solar,97,44480,46208,0.9844057501616552,0.2547058188049653,0.0397439,0.31191206,0.33839846,0.0132575035
solar,111,45440,51200,0.9843976727635562,0.147585459210534,0.028485775,1.2444587,0.26194334,1.0110011
solar,97,42240,43968,0.9843964011522705,0.037746150837195,0.0046799183,1.119941,0.173563,0.9416981
solar,23,43136,50624,0.98437641905239,0.1069909523307308,1.8829937,0.08128333,1.7619085,0.2023685
solar,15,42624,46080,0.9843699049572456,-0.0206364509835293,0.12522984,0.012139082,0.32695818,0.18958926
solar,46,49408,49984,0.9843569003855956,0.2908633886194826,0.35463881,0.0831275,0.122517586,0.31524873
solar,114,43648,48256,0.9843529379199608,0.1305999865273137,0.086443424,0.11896443,0.058098078,0.14730978
solar,82,44288,48896,0.9843400587462602,0.2715801725571285,0.23980975,1.074822,0.2654059,1.0492258
solar,72,45504,50112,0.9843375567376164,-0.0822243850639395,0.08172226,0.3187778,0.28420997,0.047154427
solar,134,43520,48128,0.9843208999105968,0.2736488437593404,0.016089916,0.11067128,0.49628568,0.6230469
solar,13,45504,51840,0.9842991399754129,0.1401512718243879,0.1402607,0.08164048,0.04898572,0.107605934
solar,2,43200,45504,0.9842980613283224,0.2542895307166475,0.12528086,0.28598976,0.52423215,0.11296153
solar,105,48320,51776,0.9842673532797748,0.2141364739160897,0.18474817,0.66057754,0.29858208,0.54674363
solar,21,43712,50624,0.9842660680630412,0.1011105917893912,1.1402783,0.13519788,1.0685954,0.20688081
solar,36,44544,47424,0.9842583775198606,0.2568257722177262,0.5549362,0.17944026,0.61188626,0.12249017
solar,70,47360,51392,0.984251346079826,0.2844104798833712,0.63023233,0.10768175,0.8719406,0.34939003
solar,75,42688,50752,0.984225637738216,0.2952760978186521,0.18832636,1.3316796,0.0059981346,1.1373551
solar,60,45632,51392,0.984219401771068,0.2058596478484928,0.10897875,0.42575455,0.27891684,0.25581646
solar,126,44416,51904,0.9842132039223392,0.198071484702246,0.93503666,0.13097954,0.83956957,0.035512447
solar,124,46528,49408,0.9842113624436054,0.2833863599320119,0.067116976,0.117607355,0.065187216,0.0146968365
solar,91,42560,43712,0.9841962352412778,0.2161340107817472,0.05146742,1.0007048,0.10799074,0.94418144
solar,82,51840,52416,0.9841894748791656,0.0658713149846422,0.09920502,0.066110134,0.0467453,0.013650417
solar,68,42496,44224,0.9841712739463332,-0.0717117942550527,0.18148708,0.12644863,0.47217155,0.16423583
solar,52,43392,45120,0.9841653631264942,0.2449741612682524,0.027269602,0.47085094,0.28528404,0.1582973
solar,76,42624,51264,0.9841231349209724,0.165732769934166,0.85877323,0.041217566,0.46809387,0.43189692
solar,126,42240,46272,0.984120961447954,0.2123625906621565,0.06740618,0.10958266,0.053842068,0.12314677
solar,110,44800,44928,0.9841158855111054,0.0965661950284658,0.20122814,0.32208037,0.24210477,0.362957
solar,103,44352,50112,0.9841142484733358,0.0265243776211379,0.041618347,0.27636957,0.2083211,0.02643013
solar,81,47296,47872,0.9840657163053026,0.112057124612078,0.09387398,0.8893595,0.20216274,0.7810707
solar,100,43968,44544,0.984065512448304,0.2118751250984425,0.15178967,0.6323912,0.12017369,0.6640072
solar,114,46528,52288,0.9840651530785178,0.0572172977359015,0.07353377,0.20203424,0.090131044,0.18543696
solar,31,49984,50560,0.9840650830115946,0.2401531003524649,0.21551585,0.19357061,0.10019088,0.3088956
solar,1,43520,47552,0.9840337779269636,0.2873067842159265,0.05262184,0.1222918,0.13196397,0.042949677
solar,61,47168,52352,0.9840291243458988,0.074093262788494,0.16446781,1.21801,0.10505152,1.2774262
solar,92,42048,43200,0.984021971686874,0.2899984342089671,0.63745403,0.23134565,0.95790195,0.08910227
solar,29,47808,48384,0.984016560948282,-0.1942581296123184,0.20315075,0.2822368,0.38111448,0.10427308
solar,93,45376,48832,0.9839813893604152,0.1601949268806503,0.037681103,0.22885013,0.08171916,0.18481207
solar,76,43968,44544,0.9839731230936426,-0.3398593068566976,0.29120278,0.0047762394,0.067329645,0.22864938
solar,95,47232,51264,0.983954141167879,0.2935320481227991,0.3507073,0.43114877,0.06340313,0.017038345
solar,132,43904,47936,0.9839441705079568,0.2489508948624318,0.2767892,0.14985037,0.17656374,0.04962492
solar,28,47104,50560,0.9839392225749264,0.1326469747228565,0.11879063,0.049807787,0.08693075,0.08166766
solar,49,43968,44544,0.9839374384479844,0.125960185056366,0.22732878,0.38041306,0.020650148,0.17373443
solar,126,51776,52352,0.9839374033753824,-0.3848633304703995,0.10183859,0.12370682,0.26375914,0.03821373
solar,43,51200,52352,0.9839273602942052,0.1494800806030671,0.4621601,0.056987286,0.41236877,0.10677862
solar,77,42816,45120,0.9839227161000812,0.0193383632130054,0.07649112,0.70151854,0.35497737,0.27005005
solar,135,47168,48896,0.9839060491805258,0.2351027300604831,0.20169568,0.35300207,0.27855992,0.27613783
solar,133,43264,43840,0.9838878557786144,0.2811973870003124,0.14473891,0.88559294,0.24083328,0.78949857
solar,48,48832,50560,0.9838739992203396,0.0544081784503607,0.10550833,0.058573246,0.067234516,0.09684706
solar,26,43712,47168,0.9838568489535569,0.2197083644291458,1.2577147,0.081623554,1.182723,0.15661526
solar,115,47744,51776,0.9838403925353564,-0.1800400250426141,1.7064862,0.20306206,1.4935849,0.009839296
solar,13,48448,50176,0.9838177685488498,0.2586065850984967,0.702559,0.13818884,0.6878319,0.15291595
solar,114,44352,51264,0.9838171686384012,0.1624947616336791,0.7313745,0.24069118,0.32193208,0.16875124
solar,43,45120,48576,0.9837931963086174,0.1301240171563936,0.01843071,0.7341659,0.4126835,0.33991313
solar,104,47936,48512,0.9837851249775912,0.2228914718041705,0.114601135,0.031371593,0.021593094,0.061636448
solar,101,47104,48832,0.9837738794755432,-0.1032364971217853,0.06029749,0.027107716,0.021146297,0.05433607
solar,81,49600,51328,0.9837577312384894,0.2240400893624264,1.3521087,0.15773416,1.2992625,0.21058035
solar,70,42240,50304,0.9837540620513764,0.0078125084396126,0.030226469,0.22533226,0.18390918,0.011196613
solar,101,43392,44544,0.9837467254845595,0.172780264058848,0.018712997,0.8788972,0.31093574,0.58667445
solar,36,42432,52224,0.9837438226307508,0.2936382632124172,0.04205656,0.073824406,0.09064388,0.058876038
solar,75,48832,50560,0.9837425246308352,0.0777515453644684,0.04522991,0.024659634,0.01998663,0.049902916
solar,80,42624,48960,0.98373906234015,0.1301843363204218,0.033255816,0.08774018,0.09103632,0.029959679
solar,62,42496,48256,0.9837364527772796,-0.2010699169906622,0.06383276,0.03870797,0.020880938,0.046005726
solar,5,42176,43200,0.983722840086325,0.1462848237784179,1.2630458,0.08367801,1.2148151,0.03544736
solar,28,45120,49152,0.983694444695076,0.053380078645992,0.15803814,0.3169427,0.4425435,0.032437325
solar,20,43648,47104,0.9836726970909672,0.0758508443804602,0.03218317,0.40459776,0.2642274,0.1081872
solar,123,44224,49984,0.9836721886530748,0.0938059350795632,0.07755208,0.2890935,0.11854601,0.33008742
solar,82,47680,50560,0.9836492724749836,0.1973937938761536,0.11472702,0.023736,0.04104185,0.13203287
solar,106,44864,51200,0.9836482222548868,0.0147092684119832,0.004252434,0.11513901,0.0061297417,0.12552118
solar,OT,43968,44544,0.9836350827468332,0.1672228475892358,0.19601202,0.22837782,0.103180885,0.07081509
solar,2,48128,50432,0.9836211010014826,0.2687394349100701,0.37587285,0.1837411,0.21222854,0.020096779
solar,76,42432,43584,0.9836040053797718,0.2466623922149647,0.032894135,0.1434946,0.037139893,0.07346058
solar,22,43712,47744,0.9835958700015206,0.0216642541294361,0.2258606,1.3403234,0.03370428,1.5324798
solar,23,44480,49664,0.98359362376211,0.1974959529847847,0.02592516,0.077923775,0.032258987,0.019739628
solar,98,47808,51264,0.9835886400044994,0.1430676243427141,0.8495512,0.13473034,0.357409,0.35741186
solar,40,42176,42752,0.983568676304328,0.2511840839436646,0.09802103,0.044796467,0.017395973,0.07062054
solar,119,42176,45056,0.983566874128208,0.2718782820201848,0.13753843,0.11623335,0.15385962,0.09991217
solar,70,44928,46656,0.9835668047257844,0.1619922025803388,0.30828857,0.7827084,0.46487904,0.62611794
solar,3,45696,47424,0.9835623275410844,0.2532639826952293,0.044042826,0.35161376,0.18441224,0.21124434
solar,28,47552,50432,0.98355951455974,0.2585122193645211,0.17084932,0.09640932,0.14342117,0.12383747
solar,29,43968,46272,0.983558771249872,0.2912525541828568,0.079832554,0.4489932,0.25325823,0.115902424
solar,82,48320,49472,0.9835230749224668,-0.1568096608423582,0.14272833,0.22447324,0.09271455,0.27448702
solar,29,50048,52352,0.9835172550629684,0.1527230654826674,0.06794715,2.2617395,0.2550764,2.4488688
solar,1,43136,52352,0.9834911655986012,0.1555802482333847,0.12277746,1.2557311,0.2541914,1.6327
solar,78,44992,45568,0.9834875591250652,-0.0539692081913703,0.02953887,0.06256771,0.038252354,0.0052235126
solar,OT,48320,50624,0.9834832900295928,0.0120122899009101,0.18731713,0.18554163,0.05479765,0.3180611
solar,62,42240,50304,0.9834725682219474,0.1899068847033961,0.059664488,0.37151337,0.30180717,0.010041714
solar,4,43520,46400,0.9834701164716952,0.1441604580499766,0.29883862,0.104038715,0.12718391,0.3219838
solar,8,46144,46720,0.9834693472780373,0.1246859428288377,0.08301473,0.10907197,0.13013196,0.10407472
solar,63,45632,49088,0.9834659953585806,0.2640470449906126,0.045224667,0.10371828,0.13584709,0.013095856
solar,113,44992,50752,0.9834566366913192,0.2825729463460165,0.52244425,2.4785542,0.5882733,2.5443833
solar,83,46016,47744,0.9834516259526132,0.2312171080145678,0.10917997,0.03474188,0.03817749,0.036260605
solar,94,44544,46272,0.9834493114815518,0.0070325507318651,0.5438943,0.024721146,0.47857666,0.09003878
solar,12,46592,47168,0.9834460917920428,0.1577463555308283,1.67221,0.09717584,1.5252266,0.04980755
solar,107,45696,51456,0.9834171194421012,0.0100126006908996,0.19036317,0.23799849,0.4770794,0.048717737
solar,107,48320,50624,0.9834095901629404,0.1478908766778558,0.754117,0.065261126,0.5844779,0.23490024
solar,65,46144,47296,0.983387986553645,0.120715321614574,0.093387604,0.45959663,0.14444304,0.221766
solar,94,44416,48448,0.98336156496665,0.2921432588993921,0.14402103,0.24278021,0.20705414,0.1797471
solar,73,42624,44352,0.9833584318478968,-0.2000106137954256,0.04740882,0.16761875,0.045442104,0.16958547
solar,70,43776,44352,0.9833542414128345,0.0080094076270882,0.20247555,0.32800865,0.4246993,0.10578489
solar,95,42112,49600,0.9833537533282511,0.0709820539938363,0.13968587,0.33721352,0.02079606,0.45610332
solar,24,45376,49984,0.9833483707583136,0.1887430702405973,0.37200832,0.0053544044,0.04495716,0.32169676
solar,29,44096,49856,0.9833386854457432,0.2620521326153279,0.07799363,0.31564212,0.0455575,0.34807825
solar,7,44288,47872,0.9833268798505304,0.1721675800628525,0.036911488,1.153409,0.25812578,0.9321947
solar,88,44480,47360,0.9833187945068836,0.2815372164564622,0.0041017532,0.16122723,0.13366556,0.023459911
solar,38,46720,50752,0.9833137584833218,0.2752194753562119,0.03705311,0.20626283,0.015156269,0.22815967
solar,5,47104,48832,0.983305333300753,0.0402814140866649,0.12393904,0.020031929,0.02042675,0.123544216
solar,89,43392,43968,0.983302106281453,0.2190455970338241,0.037521362,0.29386425,0.14844704,0.18293858
solar,128,45120,45696,0.9832555122230808,0.0461197657847416,0.08232522,0.13448644,0.06262493,0.15418673
solar,82,43648,46528,0.9832522912727372,0.1889626448948333,0.01492691,0.017519474,0.049551487,0.08199787
solar,64,44928,50112,0.983222126551227,0.2012275640248588,0.07557106,0.43230438,0.38250875,0.12536669
solar,132,49856,52160,0.983197182260062,0.22171275397502,0.26634383,0.0067596436,0.20393872,0.055645466
solar,66,43072,48832,0.983188950151781,0.0897828631521987,0.45432472,0.02727747,0.28639984,0.19520235
solar,89,42624,47232,0.9831885999289832,0.2291152539641689,0.21100378,0.13373518,0.15248919,0.19224977
solar,30,44224,47104,0.9831852522315744,-0.0179905532930292,0.39531803,0.41474676,0.24102974,0.22160101
solar,13,48832,50560,0.9831851373825324,0.014758096630514,0.118709564,0.05218315,0.051341057,0.11786747
solar,94,48000,52032,0.9831808005859324,0.057369724044507,0.8503616,0.15291834,1.0144584,0.0111784935
solar,51,45376,49984,0.9831801167464832,0.1933214653646872,0.054380417,0.38830566,0.24582863,0.19685745
solar,35,46592,49472,0.983171243610758,-0.0276843474960294,0.07062149,0.17096233,0.17096329,0.070622444
solar,43,47104,47680,0.983161181625024,0.1546431223549092,0.20495272,0.32058525,0.08973122,0.43580675
solar,40,46144,49024,0.9831568082969112,0.0209558823218595,0.053622484,0.42615175,0.19493318,0.28484106
solar,4,48320,48896,0.983155754940649,0.293731714289441,0.24051237,0.94605255,0.3705728,0.8159921
solar,22,46528,48256,0.9831268963051124,0.138012923686507,0.09146428,0.1749363,0.16157937,0.104821205
solar,29,42176,45632,0.9831206548118948,0.2199222202263085,0.31301832,0.04254532,0.2764573,0.07910633
solar,31,45056,51968,0.9830969437101544,0.2619154540223794,0.006333828,0.21218204,0.33084536,0.11232948
solar,33,43200,48960,0.9830951661678256,-0.0009575308692817,0.06618738,0.27285814,0.020814419,0.35985994
solar,80,42688,46144,0.9830915493114228,-0.0180084990730452,0.080842495,0.040467024,0.014208317,0.054583788
solar,133,44288,48896,0.9830825519194146,0.1123757302043282,0.014092207,0.31569767,0.22223306,0.079372406
solar,71,42688,45568,0.9830745473342408,0.1420209809360592,0.16123176,0.28129172,0.23035741,0.21216607
solar,96,44352,46656,0.9830551335096516,-0.0709382161561379,0.21794319,0.05576849,0.17209959,0.10161209
solar,108,47168,51776,0.9830503020320316,0.2481375693905386,0.10487437,0.29887033,0.11538124,0.07861471
solar,82,47872,48448,0.9830401495966375,0.1966137940259485,0.4643154,0.08566475,0.57701397,0.1983633
solar,27,43776,48960,0.9830327346143918,0.2728107932873794,0.07635307,0.18310785,0.16008615,0.09937477
solar,17,46144,46720,0.9830280566225502,0.1232391949854311,0.035936832,0.33945704,0.38683772,0.011443853
solar,35,47552,52160,0.9830160821648,0.1937221267390864,0.27111936,0.1304152,0.23002553,0.17150903
solar,108,43200,50688,0.9829849207323952,0.1276907510802158,0.121469975,0.15199137,0.008752823,0.02176857
solar,95,47168,51200,0.9829829400259092,0.0170590956049253,0.22009325,2.6186218,0.29793382,2.6964624
solar,102,42112,48448,0.982977131014752,0.1375105909070203,0.38586712,0.3358426,0.51370287,0.20800686
solar,39,44928,51264,0.9829676479434362,0.1568770492853006,0.80915976,0.15312195,0.7123089,0.24997282
solar,77,44928,50112,0.9829618997756654,0.2613882717135976,0.027487278,0.09449434,0.04559183,0.021415234
solar,133,45056,49664,0.9829128211197252,0.1816902543266634,0.06855774,0.0541296,0.079330444,0.043356895
solar,41,43584,50496,0.982896161544858,0.2491773167883864,0.09723091,0.00039720535,0.019246578,0.07758713
solar,80,45696,46272,0.9828816268865346,0.211844054200342,0.4342742,0.17178822,0.5130656,0.092996836
solar,22,47104,48832,0.9828774941792204,0.0610060377549881,0.10635185,0.05594015,0.049717426,0.11257458
solar,19,45440,48320,0.9828737871590666,0.1365745335700973,0.17584419,0.320827,0.091958284,0.40471292
solar,29,43392,51456,0.9828497674910316,0.1958376227428284,0.060517073,0.14986491,0.109615564,0.020267725
solar,125,42496,44352,0.9828361328945148,-0.0205280787862744,0.070798874,0.1891141,0.43888354,0.55719876
solar,71,44224,49984,0.982835604145998,0.1725692288527277,0.14356852,0.26231956,0.0965004,0.21525145
solar,74,42048,42496,0.9828355920957524,0.1275677603708057,1.0945973,0.20359898,0.3193555,0.5716429
solar,5,42048,44352,0.9828323490745792,0.1176868672401596,0.08419371,0.29797268,0.16000366,0.22216272
solar,102,42752,43904,0.982829726672869,0.0773492202279251,0.12173796,0.27511215,0.10393572,0.2929144
solar,109,49024,49600,0.9828270412634428,0.2408504067950197,0.0054035187,0.046196938,0.06882119,0.028027773
solar,15,42240,46848,0.982811556278567,0.2344100386128768,0.33291936,0.16473436,0.074646235,0.24283123
solar,8,46400,48704,0.9828110176884196,0.2195794689320881,0.27606773,0.09607816,0.09283233,0.08715725
solar,65,44864,46592,0.9828083717596215,0.2606880199800327,0.034771442,0.062365532,0.11935282,0.022215843
solar,103,44288,47744,0.982807907811344,0.1495762607321375,0.01019454,2.0323732,0.03939867,2.0819664
solar,86,43392,44544,0.9828074722819552,0.223670760414122,0.02961278,1.3935266,0.1888125,1.1751013
solar,125,43200,51840,0.9827952804897137,0.0321269171437495,0.010032177,0.23884344,0.15719151,0.0916841
solar,77,51136,52288,0.9827884816856248,-0.1775395718713902,0.5791054,0.51068115,0.17291498,0.91687155
solar,53,43776,51264,0.982787830723364,0.1180518181271278,1.0248413,0.07229614,1.2437019,0.14656448
solar,111,48896,50048,0.9827815035820592,0.2208845811613763,0.1395216,0.06499624,0.10182667,0.10269117
solar,65,43904,45056,0.9827776126719948,0.2118812676453698,0.008705616,0.38528013,0.22693253,0.16705322
solar,124,44992,46144,0.9827747703758256,0.1828591394866856,0.079512596,0.095244646,0.10594058,0.06881666
solar,67,42688,44544,0.9827412595314968,0.2750179020563255,0.33576965,0.13578296,0.21443558,0.014448881
solar,56,46400,48128,0.9827335262354244,0.2551259796662705,0.071641445,0.47271466,0.2083795,0.7527356
solar,114,46400,47552,0.9826990767946248,0.2910919920973931,0.22155857,0.4220357,0.23964214,0.40395212
solar,46,47168,49472,0.9826927616938658,0.1174784308694724,0.16671371,0.9921193,0.037737846,1.1210952
solar,22,43776,45504,0.9826876335356142,0.1225072180266179,0.12673211,0.1729145,0.26573205,0.033914566
solar,12,44480,46784,0.9826743805864744,0.1778924418784333,0.07283831,0.0048804283,0.017514706,0.06020403
solar,79,42240,47424,0.9826609681084132,0.2609783187460053,0.032607317,0.30021238,0.16589522,0.16692448
solar,60,48320,50048,0.982649154311562,0.2818686627014387,0.02420783,0.14026928,0.12543273,0.009371281
solar,32,43264,45568,0.9826308477267548,0.1532811541945364,0.1071887,0.81227565,0.18302417,0.7364402
solar,20,45440,48896,0.9826266344159422,0.0776330241659545,0.09561825,1.5677967,0.0050160885,1.6583989
solar,66,44352,49536,0.982620087385148,0.2914195330979336,0.00016880035,0.17574501,0.2133627,0.037448883
solar,53,43136,49472,0.982617461597292,-0.3336281312805515,0.061584473,0.0735116,0.012371063,0.12272501
solar,4,46720,50176,0.9825857327813836,0.0294762580565582,0.09430742,0.42523837,0.24051023,0.27903557
solar,43,42496,48256,0.9825830379897524,0.180007589939303,0.75393844,0.18311906,0.39562654,0.54143095
solar,77,48384,51840,0.9825608551799722,0.156707244449233,0.1824112,0.09093428,0.12859535,0.037118435
solar,92,44352,51840,0.9825545281651216,0.2860916652894717,0.8894105,0.1577189,0.8235738,0.22355556
solar,96,44224,47104,0.9825445902630304,-0.0129343539832116,0.2756145,0.27679205,0.16802931,0.16685176
solar,89,48896,50624,0.9825298348138672,0.190140953099423,0.03731489,0.05010271,0.0680542,0.019363403
solar,100,49600,50752,0.9824879125886888,0.0073607170217798,0.0292902,0.114972115,0.36294246,0.44862437
solar,53,44480,49664,0.982486890925781,0.2713912345019895,0.11337423,0.0151901245,0.069532394,0.059031963
solar,12,47552,48128,0.9824691915012131,0.2254754249195853,0.35743523,0.078208685,0.66905713,0.3898306
solar,25,47808,51264,0.9824341257593244,0.233356372078034,0.7201848,0.08479595,0.5363145,0.09907436
solar,13,49856,50432,0.9824306394151752,0.0941101727497115,0.6896038,0.10142732,0.15589118,0.4322853
solar,0,44096,46976,0.9824160174197772,0.18909217656413,0.14312577,0.26039886,0.16799998,0.05072689
solar,29,50176,50752,0.982412432346342,0.0616405368476066,0.006650448,0.59726477,0.08765888,0.51625633
solar,13,48320,50048,0.9824104991648988,0.1234851550512335,0.58970165,0.12864399,0.69146776,0.02687788
solar,14,43968,46272,0.9823583095553396,-0.0471184796530391,1.6224713,0.06826162,1.7202623,0.029529333
solar,17,47872,52480,0.982356808904529,0.0011328506726584,0.13395214,0.3392601,0.19064903,0.6638613
solar,44,42496,47104,0.9823503077874256,-0.0251273451334173,0.20420742,0.24059653,0.08888626,0.05249715
solar,22,51200,51776,0.9823252576503811,0.1180108820222357,1.5318398,0.7368989,1.1554017,0.36046076
solar,123,42816,48576,0.9823104279473444,-0.0306370410329781,0.7308099,0.13720322,0.75754213,0.11047101
solar,66,44800,50560,0.9822960998187444,0.0664770460848358,0.15006304,0.31258774,0.3105111,0.15213966
solar,100,42240,52032,0.9822708885190256,0.2594716464918638,0.98222995,0.09143591,1.1442609,0.070595026
solar,106,47808,51840,0.9822630082133488,0.295812102063496,0.39207315,0.27934504,0.48673296,0.18468523
solar,64,48320,49472,0.9822572728610518,0.2079304680252663,0.23332644,1.1625843,0.36214304,1.0337677
solar,100,44096,50432,0.9822526988180176,0.1894329340458062,0.19852257,0.46505952,0.12680483,0.53677726
solar,92,44864,48896,0.9822337684313592,0.2787480507254251,0.2781179,0.6515312,0.099749565,1.0293987
solar,40,45632,51968,0.9822290059131544,0.1839039156294424,0.029083729,0.12820435,0.15843487,0.05931425
solar,88,43840,50752,0.982227438469912,0.2795376584450612,0.23244667,0.12744236,0.33007002,0.029819012
solar,71,46592,47168,0.982226714884049,0.1687624801398352,0.5406966,0.21942973,0.619843,0.14028335
solar,57,47872,50752,0.9822191686928844,0.2975839200292096,0.6372957,0.0063562393,0.67490673,0.03125477
solar,61,47104,49984,0.982218684110044,0.2373569650785247,0.21151304,0.030416012,0.11323595,0.1286931
solar,44,43520,46976,0.9822061812660776,0.1295416155058875,0.1024518,0.31092167,0.26569986,0.057229996
solar,38,43776,51840,0.9821977828682884,0.1946868544424697,0.32773352,0.32764435,0.13679886,0.13670969
solar,68,48896,52352,0.9821924279639006,0.2434092381850475,0.0056524277,1.697243,0.08072829,1.7723188
solar,9,46272,50304,0.9821904159727496,0.1361783071508499,0.19538522,0.12623572,0.19576383,0.12585711
solar,66,46144,49600,0.9821618421192424,0.0741296489857721,0.3833289,0.369092,0.09126186,0.66115904
solar,41,45568,46144,0.9821601956462216,-0.118672430963961,0.06894088,0.35914636,0.23630714,0.053898335
solar,68,43648,48256,0.9821571286686892,-0.1325093990213915,0.21207285,0.24087572,0.22353125,0.19472837
solar,128,46272,51456,0.9821486049923006,0.1473142065159996,0.08523154,0.042862415,0.058609724,0.10097885
solar,121,48320,50048,0.9821435920181428,-0.049084959606579,0.019616127,0.064323425,0.06427264,0.01966691
solar,112,43776,44928,0.9821429722559226,0.2110012994122563,0.15270925,0.1666305,0.30954766,0.009792089
solar,109,42112,52480,0.9821374211725612,0.0961496329843434,0.039531708,0.14067173,0.09026623,0.08993721
solar,123,42240,52032,0.982115401482466,0.2486889998161195,0.2120421,0.10289478,0.21364903,0.10128784
solar,102,48128,52160,0.9821132764157162,0.2733404376153092,0.56828284,0.5169356,0.41184378,0.36049652
solar,73,49984,50560,0.9821132485097314,-0.0662405390502984,0.26155972,0.3606708,0.26480174,0.3574288
solar,56,48320,49472,0.9821100448699058,-0.100887331088584,0.021862984,1.706953,0.061392546,1.7902086
solar,7,42048,47808,0.9821083050493072,0.1166272462695689,0.029651165,0.059627056,0.32068825,0.23141003
solar,123,47872,51776,0.982103972471397,0.1230325991916325,0.18660831,1.4450474,0.5694256,1.8278646
solar,4,46976,47552,0.9821023576351248,0.281202636563456,0.15442586,0.04714513,0.0063221455,0.20789313
solar,69,43392,45120,0.9820946225156512,0.2976323933268978,0.14669657,0.2965963,0.12060857,0.3226843
solar,48,43264,43840,0.982093118599549,0.2937483177520369,0.12205505,0.86165094,0.18311429,0.8005917
solar,89,43840,46720,0.9820852598924196,-0.0570758137563454,0.106381655,0.078897476,0.08155537,0.103723764
solar,107,44224,46528,0.9820849621139738,0.2966468123908184,0.093839645,0.26791525,0.03266239,0.3944173
solar,80,43520,49280,0.98208482648829,0.2790944536110812,0.004753828,0.22263122,0.15021348,0.077171564
solar,19,42240,48576,0.9820682298620016,0.2194540771058223,0.18604851,0.60485864,0.47233677,0.05352664
solar,59,44864,47744,0.9820624148957742,0.2317904235163082,0.07199192,0.6329589,0.11099148,0.8159423
solar,127,47936,48512,0.9820503277336736,0.2813738602914641,0.081674576,0.22239542,0.2380271,0.0660429
solar,130,43136,47744,0.9820174230582674,-0.4838430477393509,0.16349697,0.10083437,0.34832954,0.0839982
solar,35,45632,49664,0.9820125570450752,0.2408549669969041,0.052868366,0.2128048,0.30483198,0.03915882
solar,19,45696,51456,0.9820027133676942,-0.0121761691620072,0.8341758,0.1729598,1.0127268,0.005591154
solar,100,46592,51200,0.9819488336857368,-0.2778266687952414,0.01164484,1.0864778,0.070485115,1.145318
solar,16,43712,49472,0.9819085118793156,0.1627075971110752,0.0354414,0.075706005,0.092600346,0.018547058
solar,131,51200,51776,0.9818936686526938,0.288610888878099,0.09622717,0.2884555,0.13647366,0.05575466
solar,20,42048,44352,0.9818933734278844,0.1732311479389613,0.4548049,0.57104635,0.9817877,0.044063568
solar,6,48256,49984,0.9818814686245376,-5.334827633592415e-05,0.10371804,0.114525795,0.034621954,0.2528658
solar,51,49408,50560,0.9818582757091148,0.2777258587950842,0.44722843,0.000415802,0.21956539,0.22807884
solar,57,46272,50304,0.981847700478056,0.1170074769684342,0.12262869,0.23832035,0.16555142,0.049859762
solar,9,44480,48512,0.9818339990349644,0.2201462551019948,0.10637665,0.21299505,0.18227816,0.13709354
solar,4,42240,47424,0.9818206785476676,0.0526190682826766,0.12423515,0.026712418,0.015002012,0.08252072
solar,131,49280,49856,0.9818066634162266,0.268619583334137,0.177567,0.10139704,0.019472599,0.29843664
solar,126,44352,51840,0.9818025112819012,0.2444388608728668,0.5969,0.20137286,0.19467783,0.2008493
solar,133,44544,45696,0.9817892181565218,0.2261374518667129,0.42617512,0.14145851,0.56288505,0.004748583
solar,54,44800,48832,0.9817766036223606,0.2867678597429755,0.054533005,0.17950869,0.05288315,0.07209253
solar,21,45120,45696,0.9817758130322928,0.0341454223936658,0.11725664,0.3468175,0.14838934,0.3156848
solar,9,43264,47872,0.9817598752759576,0.285979946932624,0.023180723,1.7713473,0.004796982,1.7529635
solar,119,50240,50816,0.981755978852858,0.230882564053839,0.044850826,0.046113014,0.042986393,0.047977448
solar,78,42496,47104,0.981751226051508,0.2523512586434956,0.06583977,0.1736536,0.056424618,0.051389217
solar,93,43520,50432,0.981736893891224,0.2364086434811652,0.004557371,0.10828996,0.1355226,0.022675276
solar,96,42432,51648,0.9817236610088506,0.2628186855675383,0.0664978,0.50027275,0.30405188,0.12972307
solar,94,46144,46720,0.981719561382008,0.0384442124289116,0.09385848,0.0103468895,0.050691843,0.032819748
solar,33,47104,48832,0.9817148054087844,0.1668864924956218,0.019615173,0.017537594,0.023603916,0.025681496
solar,43,43968,44544,0.9816691480277944,0.0469537076103061,0.13819814,0.3662548,0.21874642,0.28570652
solar,71,45376,47680,0.9816654277530744,0.0037063524108094,0.014890194,0.16011333,0.15184307,0.0066199303
solar,53,43392,44544,0.9816645237186464,0.2914239050113804,0.037678003,1.2846179,0.22882056,1.0181193
solar,73,44800,46528,0.981632939574812,0.0130005678001267,0.1060915,0.0150129795,0.1180594,0.20913792
solar,134,45056,50240,0.981631502060856,0.2634240718865702,0.0019774437,0.41878462,0.38544846,0.035313606
solar,92,42432,52224,0.9816017455262231,0.1914642171678143,0.031052113,0.15414095,0.2065115,0.08342266
solar,134,42624,49536,0.9815974478874496,0.2537869043746645,0.1848929,0.2022059,0.15112638,0.13381338
solar,61,46528,49408,0.9815851281652984,-0.4067662653373592,0.004485607,0.12072468,0.10098004,0.024230242
solar,97,43840,46720,0.9815832917375265,0.213941151574883,0.0658195,0.06889629,0.08729339,0.084216595
solar,60,47296,48448,0.98157678224259,0.2371139447255258,0.030888319,0.1274538,0.118489504,0.021924019
solar,111,45056,50816,0.9815753027730992,0.1042244604014563,0.00094127655,0.008058071,0.026807308,0.01780796
solar,97,46272,46848,0.981566013056176,0.2502855378900789,0.009881496,0.32657957,0.16473246,0.15196562
solar,59,47104,50560,0.981562833188104,0.272957176890555,0.0323081,0.06007719,0.11228418,0.084515095
solar,134,42560,43712,0.9815593313631356,0.2008081008128842,0.0596025,1.3630481,0.20873427,1.2139163
solar,132,48448,51904,0.9815589141056577,0.1629253367573062,1.0970151,0.0025494099,0.97318316,0.1263814
solar,33,46208,51968,0.9815529133358925,0.2941370962709186,0.009301186,0.08295393,0.1157794,0.023524284
solar,24,45440,47744,0.9815209810980718,0.2395174985936042,0.033801317,1.8472745,0.047713995,1.8611872
solar,40,44288,47872,0.9815053330316073,0.1459095669620651,0.09498501,0.9681015,0.352386,0.5207305
solar,105,49664,51392,0.9815027411743924,0.1841292537421512,0.65058947,0.3543086,0.7068138,0.41053295
solar,47,42240,45696,0.9815014043573884,0.2745807747899171,0.1524446,0.20522356,0.05936694,0.29830122
solar,0,42176,43328,0.9814980486069974,0.0047238055043216,0.09838867,0.39671993,0.292727,0.20238161
solar,53,44800,49984,0.981479094055982,-0.1262007591268327,0.18469381,0.03395462,0.06976485,0.2884133
solar,52,42240,46272,0.9814569445637372,0.0579412140267137,0.07050228,0.08659911,0.10123086,0.08513403
solar,122,42752,43904,0.981444907554111,0.2220857342123938,0.02884245,0.08665371,0.08701658,0.028479576
solar,104,43520,47552,0.9814298445197328,0.245522863351087,0.056258917,0.2569418,0.16041613,0.15278459
solar,47,45568,49600,0.9814255219049276,0.181458615530542,0.11153221,0.23538017,0.13875818,0.014910221
solar,15,42688,45568,0.9814223960467342,0.2727245785990928,0.037521124,0.021518707,0.024419785,0.034620047
solar,103,43136,45440,0.9813974833622052,0.285225533197773,3.0569682,0.2681291,2.777841,0.010998011
solar,77,43712,47168,0.9813654278041934,0.2067755601551238,1.4704189,0.009048939,1.3024068,0.1589632
solar,97,43904,47936,0.9813644905237277,0.1957613448789344,0.06749439,0.09612608,0.12129688,0.04232359
solar,100,43840,47296,0.9813627739666556,0.1921141129554138,0.1746993,0.11625004,0.31610966,0.025160313
solar,47,42624,46080,0.981349312146664,0.2419516275876791,0.112072706,0.14377522,0.018181562,0.013520956
solar,1,45376,46528,0.9813437334195648,0.2302485572647261,0.29316425,0.061170578,0.12849164,0.103502035
solar,25,44928,52416,0.9813272022960204,-0.0160937625693156,0.08108616,0.3443737,0.28339434,0.14206553
solar,119,44288,49472,0.9813106238272156,0.0646823521190208,0.18041325,1.2250638,0.286942,1.118535
solar,103,51200,52352,0.9813016026932172,-0.1597839205308178,0.033504963,0.1531229,0.17692709,0.009700775
solar,82,45248,49280,0.9812993535468514,0.2874911020878401,0.1993928,0.025881767,0.3737371,0.14846253
solar,107,48832,50560,0.9812925242157978,0.0059848720220397,0.15358305,0.03142643,0.018343925,0.103812695
solar,126,45120,50880,0.9812820223895964,0.060603959474904,0.0055418015,0.5880196,0.11577606,0.47778535
solar,131,47232,48384,0.9812793864400702,0.0607539005996103,0.043133736,0.2389741,0.19814444,0.083963394
solar,117,42752,47936,0.9812793403328453,0.0462697829778095,0.033792496,0.124004364,0.18098497,0.023188114
solar,83,47168,48320,0.981268364166896,0.2125974184502155,0.0058670044,0.11749029,0.06886482,0.054492474
solar,104,46144,47872,0.9812600346396362,-0.0001024772675312,0.1078465,1.4860911,0.09573007,1.4982076
solar,20,43072,47680,0.981226416396378,0.2537782749665217,0.16787004,0.11713028,0.009812355,0.04092741
solar,94,43904,46208,0.9812262085990114,0.2721430563622398,0.055058956,0.1698842,0.17468452,0.050258636
solar,109,44416,46144,0.981223229675942,0.1918659728305104,0.38218617,0.10808039,0.30911374,0.035007954
solar,64,42176,48960,0.9812131426433996,0.1669361645520499,0.5419307,0.06369591,0.7307563,0.1251297
solar,126,43264,43840,0.9812019700288418,0.231843233826016,0.10625672,0.745487,0.26323318,0.5885105
solar,0,49664,51392,0.9811962397306754,0.1856836820911215,0.35358644,0.38217998,0.22055244,0.24914598
solar,77,44480,49088,0.9811797623880688,0.2866776928845617,0.09799862,0.075779915,0.10472679,0.1269455
solar,70,42560,43712,0.9811784333728996,0.170863958804127,0.14637995,0.39472318,0.1270721,0.41403103
solar,14,46528,48832,0.9811687826362924,0.2297368877002918,0.09942818,0.034320354,0.053412914,0.08033562
solar,19,50176,50752,0.9811516940055772,0.154994727864047,0.13634634,0.20742083,0.039718628,0.031355858
solar,62,46016,51200,0.9810853055334428,0.2912085226510055,0.42245054,2.4593668,0.7911203,2.8280365
solar,29,43648,47104,0.9810849280254148,-0.1208091608453271,0.38527846,0.038161993,0.2362032,0.11091328
solar,100,45120,45696,0.981082871594318,0.2989362192450129,0.1295948,0.56375,0.17511034,0.5182345
solar,42,49024,51328,0.9810767387981508,0.239517379879451,1.0838869,0.13059688,0.7824297,0.17086029
solar,5,42752,46208,0.981068146083082,0.2784501792381725,0.07781935,0.072984695,0.11710358,0.033700466
solar,130,46080,47808,0.9810615764199349,0.0891029466370564,0.18206406,0.40945148,0.6652558,0.073740244
solar,34,45120,51456,0.9810325470356008,0.1802999608750472,0.05339122,0.054530382,0.13950586,0.031584263
solar,103,46080,47808,0.9810282582869856,0.231886292428126,0.455554,0.3213234,0.1450715,0.6318059
solar,11,50816,51968,0.981024430996448,0.1381284204973984,0.059774876,0.25840044,0.26645136,0.067825794
solar,101,44480,47360,0.9810210707268542,0.2836520882946592,0.116906166,0.18496418,0.18881178,0.11305857
solar,68,43392,44544,0.9810166812404628,0.1331807713310017,0.18641448,0.05022669,0.24970675,0.013065577
solar,30,42624,44928,0.9809988906759188,0.0138252681523779,0.15829277,0.06859684,0.042871714,0.1840179
solar,104,42176,42752,0.9809845955883156,0.2634569531462936,0.28167343,0.03507042,0.05958557,0.18701744
solar,103,42048,48384,0.9809637671463536,0.0152953681962554,0.0713675,0.22051716,0.3104005,0.018515825
solar,70,42176,46784,0.9809533295182984,0.1620455760077694,0.050352097,0.20818663,0.2258563,0.068021774
solar,76,44480,50816,0.9809386723358858,0.2167530247296382,0.098950386,0.00823307,0.0073313713,0.09804869
solar,79,42112,50176,0.98093737438881,0.2119848638737247,0.057148933,0.16021156,0.16218162,0.05517888
solar,94,44224,49408,0.9809320427845124,-0.28350970572083,0.04204917,0.2176671,0.048490524,0.12712741
solar,119,47360,51392,0.9809007422289736,0.2772290533541723,0.12248373,0.71378374,0.34923363,0.48703384
solar,23,51264,52416,0.9808755876046568,0.1251275119054606,0.13378334,0.089457035,0.22270489,0.2670312
solar,124,43648,47104,0.980872771530006,0.0548046009987731,0.03988695,0.17652655,0.18041182,0.04377222
solar,63,44224,46528,0.9808575441861224,0.2799197674232185,0.23178339,0.065719604,0.019629478,0.1464343
solar,5,43392,45120,0.9808551919665816,0.1086676871775405,0.03602314,0.024862051,0.02026391,0.04062128
solar,37,47936,50816,0.980852024780024,0.13593385198701,0.25839615,0.7532191,0.11922026,0.37560272
solar,56,43776,51840,0.9808297788551088,0.0478802360507042,1.0976305,0.13992453,0.9063864,0.33116865
solar,44,45568,50176,0.9808285805321152,0.1470359353161909,0.16981268,0.34077835,0.22292733,0.05196166
solar,54,42112,43264,0.980828553648913,-0.0521722759627224,0.08433032,0.20853591,0.15004683,0.025841236
solar,112,42112,43264,0.9808021409393084,0.0553837089114949,0.010797977,0.056952,0.04937935,0.09553337
solar,75,42368,43520,0.980778102865521,0.1042512301661079,0.0035412312,0.024288893,0.13375854,0.10592842
solar,101,42560,52352,0.980776547149468,0.2411235529642864,0.018588781,1.8175089,0.09098816,1.707932
solar,127,42240,45120,0.9807752874814384,0.0108824206040582,0.062218428,0.12929058,0.12882543,0.061753273
solar,82,49024,50176,0.980760031442715,0.1107125749749332,0.45858192,0.05175233,0.2542708,0.1525588
solar,81,44480,45632,0.9807515553788474,0.1231762094935884,0.13449335,0.093483925,0.11123991,0.116737366
solar,8,47808,52416,0.98075114646315,0.0289445206990614,0.020736217,0.23188114,0.14393568,0.067209244
solar,9,46144,46720,0.9807380876687,0.2474174083734309,0.1497662,0.014584541,0.10334325,0.031838417
solar,89,43648,46528,0.980725776128732,0.1014401843731698,0.16165948,0.08983374,0.12803221,0.12346101
solar,80,45632,51392,0.9807220055281234,0.2945892330562639,0.6853714,0.1161952,0.94739294,0.14582634
solar,92,43904,50816,0.980716830989578,0.2042110743663119,0.008943081,0.30674887,0.29654694,0.019145012
solar,9,47744,49472,0.9806895554163326,-0.2963655788898705,1.6019955,0.109843254,1.2259426,0.2662096
solar,85,42688,48448,0.9806745418960032,0.1518928213512878,0.07037377,0.22511578,0.20151663,0.046774626
solar,106,42752,51392,0.9806634196733858,0.2867758246026722,0.0035562515,0.1162653,0.009678841,0.103030205
solar,84,42560,47744,0.9806270071661076,0.2090669233067434,0.0858531,1.8277829,0.06923652,1.8443995
solar,51,45696,46272,0.9806201489313656,0.1688146898185316,0.22377443,0.08723426,0.2807424,0.030266285
solar,115,46528,47680,0.9806196107346744,-0.0238940628802175,0.12662554,0.27010918,0.130898,0.26583672
solar,108,43392,44544,0.980619212611162,0.1219136901828947,0.0014305115,0.8005407,0.2603619,0.5416093
solar,112,42816,46272,0.9805993371243712,0.0391459272549396,0.33432484,0.27181888,0.578738,0.027405739
solar,38,44224,49984,0.9805932333157428,0.2892187567957321,0.01875043,0.60651135,0.18557596,0.43968582
solar,94,47872,49600,0.9805852162436762,0.090769246726417,0.91551924,0.153795,0.628577,0.44073725
solar,108,45376,49984,0.9805773115849256,0.1486056312807694,0.6652961,0.10702801,0.088410854,0.46985722
solar,16,46144,48448,0.980553375628468,0.041605136638958,0.24278569,0.56755495,0.19382906,0.1309402
solar,84,51200,51776,0.9805484362266784,-0.1883909050201377,0.086945534,0.6782656,0.58193016,1.3471413
solar,39,46272,51456,0.980536809664076,0.2652706484077746,0.06960511,0.15332341,0.1396532,0.08327532
solar,66,42624,50688,0.9805364554795208,0.2655055678009247,0.009006262,0.41528296,0.41372395,0.010565281
solar,73,45632,51968,0.9805190753076568,0.2015213449473407,0.18235159,0.2811756,0.3535514,0.109975815
solar,81,44288,49024,0.9805187011953984,0.1221618342790845,0.27896237,0.4108069,0.04856634,0.18041086
solar,93,44992,46144,0.9805152202868052,0.1926161867939735,0.11692548,0.6785989,0.4216175,0.1400559
solar,72,42240,48576,0.9805075082451244,0.247975680781514,0.12548518,0.19856334,0.008322239,0.33237076
solar,128,48832,51136,0.9805064481841566,0.0812281865254511,0.23856449,0.1395936,0.15251112,0.251482
solar,41,44480,48512,0.9804934502897126,0.2862327804419503,0.079307556,0.09743357,0.075316906,0.057190895
solar,9,47552,50432,0.9804926166355944,0.2415572479401739,0.19000077,0.4301455,0.31040478,0.3097415
solar,27,43648,47104,0.980483312619862,-0.082917627191654,0.071290255,0.038804293,0.031455517,0.06394148
solar,31,43904,50240,0.9804640300748242,0.2466683261162762,0.02689743,0.20070505,0.3912301,0.16362762
solar,69,45440,48896,0.980450908844348,0.1689744934405577,0.26264334,0.83946395,0.2950828,0.8070245
solar,48,43904,45056,0.9804494024150078,0.2290104134930025,0.19982815,0.2739153,0.07470226,0.00061511993
solar,93,46592,48896,0.9804477539139268,0.0672012512429125,0.05222082,0.07529783,0.0782485,0.049270153
solar,126,47744,48320,0.98042700515163,0.0709838419678105,1.3817844,0.0068469048,1.2463932,0.12854433
solar,18,42624,43200,0.980419569304856,0.2836456225093275,0.027750015,0.09573984,0.09718561,0.029195786
solar,105,45056,47360,0.9804113780120236,0.2457373809306935,0.10723019,0.1118021,0.05881262,0.054240704
solar,102,50624,51776,0.9803913585114752,0.006718535603939,0.060534,2.292204,0.16631651,2.3979864
solar,88,44544,51456,0.9803759323104898,-0.3835849715425026,0.79406166,0.21891856,1.0746286,0.06164837
solar,8,42048,47232,0.9803683707562724,0.1665812555768477,0.341619,0.32777977,0.08464813,0.07080889
solar,95,44352,45504,0.980365251210942,0.2288552209323897,0.019371033,0.07694125,0.082536936,0.024966717
solar,55,44864,51200,0.980364056441569,-0.3369666947079566,0.22699904,2.790056,0.47813702,3.041194
solar,54,42240,49728,0.980363587803859,-0.0237892827802859,0.06731272,0.36774325,0.054378748,0.48943472
solar,36,45440,48896,0.9803606951618162,0.0683705387979473,0.21960545,0.55546236,0.08047056,0.69459724
solar,98,43968,45120,0.980345395066621,0.2910710675512636,0.03899479,0.15215635,0.18099165,0.067830086
solar,2,43776,47808,0.980334085826854,0.228020319605166,0.07611561,0.14108849,0.2076292,0.00957489
solar,81,43712,50624,0.9803324558716796,0.1133411964231089,1.66946,0.08183408,1.6143243,0.1369698
solar,118,44480,49088,0.9803288414164596,0.2316034879894211,0.05350828,0.010444641,0.050474167,0.013478756
solar,113,42176,47360,0.9803245847843072,0.234396782318783,0.4095869,0.28903246,0.55589247,0.1427269
solar,80,48128,52160,0.9802542758509228,0.1085882720547366,0.32023072,0.10478091,0.016603708,0.1988461
solar,45,49344,51648,0.9802472258438232,0.2280912061879033,0.15866423,0.12060833,0.06469917,0.026643276
solar,32,43072,47680,0.9802320890945808,0.0143487130794135,0.0883131,0.050706387,0.043395042,0.08100176
solar,64,43200,51840,0.9802260564737568,0.2657590255729815,0.19594622,0.37715173,0.24192762,0.060722113
solar,13,49664,50240,0.9802235303024376,0.2295308555297706,0.17203951,0.55741644,0.14426565,0.24111128
solar,128,44800,45376,0.9802213000649364,0.1724796031833202,0.06993818,0.006477356,0.00085544586,0.06260538
solar,125,48256,48832,0.9802143428325072,0.1533341540696448,0.15725493,0.46517658,0.27525735,0.34717417
solar,50,43264,46144,0.9802092490613512,-0.1435836221417186,0.019736767,0.6761966,0.51845,0.13800979
solar,85,46400,52160,0.9801955590909088,0.2085037418954591,0.12943077,0.20735025,0.25136352,0.08541751
solar,65,43648,46528,0.9801948341494288,-0.0446277719658923,0.07098675,0.05314541,0.05604601,0.07388735
solar,38,42624,50688,0.9801921478358324,0.2585770477230448,0.08989501,0.23332715,0.22295141,0.07951927
solar,73,46208,47936,0.9801787094741848,0.2808775702701154,0.013132095,0.25342798,0.23716402,0.029396057
solar,25,42752,47936,0.9801396293299628,0.2695693090881456,0.1306982,0.013082981,0.10339022,0.22100544
solar,5,48128,49280,0.980117310103642,0.2107838690324524,0.48723292,0.14134932,0.3589878,0.0131042
solar,0,43904,47360,0.9801134716453186,0.176553288555853,0.007203579,0.1898961,0.2943592,0.09725952
solar,12,43776,50112,0.9801071821549592,-0.0286401023313181,0.15332079,0.4331956,0.10830259,0.17157221
solar,66,42176,46208,0.9800960198290342,0.2773369724426362,0.19701576,0.01946783,0.013431072,0.20305252
solar,87,46400,48128,0.9800927847719578,0.0494181567992443,0.21290612,0.37579727,0.04642725,0.63513064
solar,65,45120,48576,0.9800879538477796,0.2936297232583865,0.09628582,0.28810763,0.43194628,0.047552824
solar,80,44288,46016,0.980086688292279,0.2720883301863322,0.029523134,2.1066759,0.06456256,2.0125902
solar,0,42432,44736,0.980078529697459,0.2589323985542968,0.39610434,0.62621355,0.37117004,0.65114784
solar,105,44864,48896,0.9800362075283836,-0.0115333592788431,0.27655792,0.30554056,0.13605952,0.44603896
solar,78,44352,51840,0.9800141075064984,0.2305657749563076,0.07206583,0.5793965,0.3874557,0.2640066
solar,11,44224,46528,0.9799834052221832,0.2100647784410768,0.23701191,0.42051077,0.19546938,0.4620533
solar,54,43648,46528,0.9799796564873005,-0.3002874516212036,0.011738777,0.28175974,0.06149912,0.2319994
solar,41,51776,52352,0.9799772548791088,-0.1182274523617797,0.054615974,0.104941845,0.024594307,0.07492018
solar,62,43200,49536,0.9799645970608624,0.2467714612988163,0.03105092,0.4100535,0.28375816,0.09524441
solar,46,45696,47424,0.9799546890462272,0.2194812636655494,0.030308008,0.47540736,0.26724768,0.17785168
solar,49,46272,51456,0.979947774968079,0.0186691490680488,0.09683418,0.03871131,0.020979166,0.037143707
solar,64,43648,48832,0.9799371522552623,0.1011137706574091,0.020780802,0.086838245,0.043841124,0.06377792
solar,25,45376,50560,0.9799360719100756,0.1717286560859891,0.038307667,0.11031246,0.14277172,0.0058484077
solar,42,42176,46784,0.979926723895919,0.0444403702483392,0.034291744,0.17860556,0.1997757,0.013121605
solar,135,42240,46272,0.9799148600439336,0.1670261936842437,0.21484804,0.081929445,0.26580548,0.030972004
solar,40,44928,50688,0.9799052971826564,0.1176104637694551,0.01571393,0.28642035,0.10377145,0.19836283
solar,86,45120,50880,0.979888707063828,0.1054705931889998,0.07094431,0.9052012,0.22928834,0.60496855
solar,55,43840,51328,0.9798618038978152,0.2245473379956885,0.7503977,0.05379057,0.60288334,0.20130491
solar,125,47872,50176,0.9798574014490178,-0.3374852725037364,1.3047316,0.040359974,1.4365079,0.1721363
solar,60,42432,49920,0.9798555395655404,0.2413333926012122,0.17036104,0.05707264,0.02430439,0.20312929
solar,67,45952,50560,0.979852920455596,-0.0244340564607543,0.05093193,0.18153715,0.120377064,0.010228157
solar,31,44096,49280,0.979835837509702,0.2261063921894548,0.038587093,0.26187158,0.16830659,0.054977894
solar,23,47936,50816,0.979813257996905,0.0404813801001528,0.018016338,0.14371014,0.16221476,0.00048828125
solar,130,48832,50560,0.9797938524319711,-0.1076328525601033,0.092820406,0.0036184788,0.03349924,0.062939644
solar,54,44544,45696,0.9797796059261564,0.2020690138239356,0.54512596,0.23903394,0.66103625,0.123123646
solar,103,49856,50432,0.9797781941065596,0.2897276871965031,0.13690472,0.5908313,0.1304295,0.32349706
solar,48,47104,47680,0.9797706763604742,0.0956074962627689,0.13262367,0.0130319595,0.03179741,0.087794304
solar,72,47104,49984,0.9797698487981078,0.2079055900498183,0.064575434,0.12050843,0.045724392,0.23080826
solar,72,43328,51392,0.979757937967118,0.2710745946857372,0.57047796,0.067626,0.70092726,0.062823296
solar,30,45568,46144,0.979754187237968,-0.4838370254626688,0.20291567,0.3960452,0.25915813,0.066028595
solar,80,46208,50816,0.9797264432717016,0.1494492832216094,0.3033371,0.31830025,0.3659382,0.25569916
solar,4,44864,46592,0.9797203045480098,-0.0082346545586992,0.20891476,0.46235967,0.16531396,0.50596046
solar,59,48832,49408,0.9797106220572976,-0.1645196612315766,0.060545683,0.110847235,0.089463234,0.08192968
solar,95,42432,46464,0.979702471736694,0.2020627897999758,0.08337641,0.108780384,0.13270712,0.059449673
solar,131,45440,47744,0.979692963926249,0.0232661476424235,0.091849804,2.1943212,0.034748793,2.1372201
solar,19,43968,45120,0.9796858742726724,0.2650307769626145,0.00039458275,0.16446686,0.054649353,0.10942292
solar,13,43712,47168,0.9796847307418448,-0.0198919786284975,1.7677872,0.086776495,1.5124636,0.16854715
solar,105,44800,52288,0.9796763574274368,-0.1032573348859265,0.42447233,0.332973,0.11444926,0.6429961
solar,39,46144,49600,0.9796533350738924,-0.1220794550269154,0.030915022,0.7932787,0.26276422,0.5614295
solar,61,45632,50240,0.9796500635288864,0.2866361701693358,0.0045571327,0.10824013,0.1114254,0.0013718605
solar,61,42048,42624,0.9796266410441924,0.1653302275488289,0.32015467,0.15446472,0.36328316,0.11133623
solar,22,46208,47936,0.9796116948050227,0.2523988399179271,0.020311832,0.2310133,0.21429205,0.0035905838
solar,97,43712,44864,0.9796023772938884,-0.0328187259618594,2.407219,0.692606,1.9522376,0.23762465
solar,16,48256,48832,0.9795762764718244,0.1307500102642406,0.27222252,0.3205614,0.25953507,0.33324885
solar,79,49280,52160,0.9795724925384368,0.2151924801304615,0.16397262,0.33514166,0.19227505,0.30683923
solar,90,45056,50816,0.9795706446596084,0.2655049094394573,0.034859657,0.16025305,0.16446638,0.03907299
solar,35,44544,46272,0.9795523688203496,0.2252255019786229,0.48836923,0.33277345,0.87286854,0.051725864
solar,23,45120,49152,0.9795465816437636,0.2834680867789195,0.010847807,0.0023715496,0.028211355,0.036687613
solar,29,45056,51392,0.979526382371048,0.2869901832173447,0.057961464,0.10446787,0.2702813,0.31678772
solar,24,47168,48896,0.9795240499244742,-0.01081791723928,0.17523193,0.505198,0.21901846,0.46141148
solar,49,44992,47872,0.9795192706791483,0.0768253465817973,0.15794086,1.9363823,0.02513218,1.8035736
solar,90,43904,49088,0.9795144490727702,0.2698652596028399,0.01944685,0.08566952,0.076099396,0.029016972
solar,126,42112,46720,0.9795042799882022,0.2533975721244751,0.9797678,0.14423394,1.2041011,0.080099344
solar,97,48256,49408,0.9794990882041676,0.0298992001414104,0.32516646,0.50281453,0.32393503,0.50404596
solar,114,50176,52480,0.9794890092159336,0.1416647154722013,0.011540413,1.0364585,0.04706192,1.07198
solar,63,42624,50688,0.9794695338133522,0.2520590330687193,0.103010654,0.21681786,0.19614935,0.08234215
solar,10,43712,45440,0.9794642272158408,-0.0096362595630909,1.550312,0.11003542,1.2773058,0.16297078
solar,58,43200,44928,0.979452219022654,0.1374045216143704,0.3365016,0.0031352043,0.5224843,0.18911791
solar,54,42816,46272,0.9794474191064386,0.1194559044978696,0.09218979,0.14420033,0.24834013,0.011950016
solar,44,42240,46848,0.9793987445391004,0.0884075379595924,0.05384612,0.06401992,0.016603231,0.026777029
solar,131,48448,51328,0.9793817227105808,0.0525557716443247,1.4120038,0.020056963,1.0878489,0.3040979
solar,1,48512,49664,0.9793705321262396,0.2844965258547974,0.081391335,0.15198994,0.18043518,0.05294609
solar,57,50624,51776,0.9793508720456956,0.2835500468786724,0.09048414,2.7519758,0.14305043,2.804542
solar,21,43840,52480,0.9793446325703308,0.0152767993388898,0.32796097,2.2938714,0.42728567,2.393196
solar,63,47168,52352,0.9793435390753088,0.1443185532290872,0.08341384,1.98594,0.008429289,2.077783
solar,13,47232,52416,0.9793296658158092,0.0661154808977984,0.0066075325,0.11720562,0.064254284,0.05955887
solar,104,43840,49600,0.979323144734602,0.0574634783383609,0.23004723,0.5040407,0.30002522,0.43406272
solar,98,46016,49472,0.9793184550926484,-0.2392247698927495,1.8164539,0.34255648,1.5116792,0.037781715
solar,78,43392,48000,0.9793130976095544,0.2631554708775689,0.47276688,1.7823646,0.07410908,1.3837068
solar,133,45376,49984,0.9793074931424324,0.1631591677968008,0.39050102,0.17662859,0.2899201,0.27720952
solar,82,43136,46016,0.9793048110153736,0.2439550566438543,0.14828682,0.03992939,0.08027935,0.10793686
solar,11,45440,50048,0.9793038326196828,0.194734206131104,0.06791377,0.78943586,0.39278245,0.46456718
solar,0,42624,48384,0.9792951067729116,-0.1301054801239193,0.21537614,0.11240387,0.099015474,0.22876453
solar,15,44352,48960,0.9792758018065204,-0.116634242944396,0.09730172,0.106096506,0.055334806,0.046540022
solar,63,43520,50432,0.9792576256573357,0.2352210812108644,0.1834352,0.21168089,0.14803672,0.24707937
solar,53,44864,46592,0.9792438301721532,0.1365792067440594,0.021498203,1.1073942,0.03925705,1.1681495
solar,62,47872,48448,0.9792259697658218,0.2396335827307925,0.07373047,0.12630272,0.12756157,0.07498932
solar,44,45312,47616,0.9792218345742046,0.2552256806711587,0.38328028,0.06430149,0.026341438,0.29263735
solar,30,43264,51456,0.9792026801047664,0.1164263370249876,0.89704823,0.79451346,0.93438673,0.83185196
solar,1,42816,43392,0.9791992441423384,-0.0705893115282266,0.46630692,0.20716286,0.7245636,0.051093817
solar,81,42560,47744,0.9791969890785585,0.0524709896896465,0.17882156,1.2573662,0.23929548,1.1968923
solar,33,42560,49472,0.9791957809197032,0.2016751350794951,0.017474651,2.1560051,0.050932884,2.0875976
solar,86,45376,49408,0.9791917979736572,0.066536702881967,0.11077547,0.4520142,0.22607517,0.3367145
solar,135,44096,50432,0.9791709736046867,0.1907111999200867,0.35169268,0.10610819,0.058617115,0.18696737
solar,22,45632,51968,0.979166503598784,0.2774555223486742,0.016054153,0.041279316,0.027084827,0.030248642
solar,10,45632,46208,0.9791546661387912,0.2895697047647671,0.051780224,0.08057308,0.10951042,0.13830328
solar,11,45504,46656,0.979150954055429,0.1518573312772322,0.087558985,0.1119082,0.20164394,0.0021767616
solar,43,43648,50560,0.979142189667662,0.0725623291322839,0.03741312,0.30673409,0.15640736,0.18773985
solar,57,46528,48832,0.9791270416830568,0.1127029623134881,0.12760401,0.096055984,0.051718235,0.17194176
solar,65,46208,47936,0.9791049850796176,0.2674258095030322,0.03687477,0.14832497,0.17491579,0.063465595
solar,4,47744,52352,0.979096806620962,-0.2526329382882359,0.41095257,1.4500375,0.39690018,1.4359851
solar,104,42624,51840,0.979042170921112,0.247064280506976,0.26339054,0.082259655,0.13478804,0.21086216
solar,68,47936,49088,0.97903935194721,0.2388796525277608,0.29154873,0.40176582,0.5743599,0.11895466
solar,17,44544,45120,0.979038135157406,0.1724024189280339,0.5480108,0.0785501,0.49955678,0.12700415
solar,105,42752,44480,0.9790241596219066,0.0660220102996524,0.017866611,0.061550617,0.028508186,0.050909042
solar,104,42240,46848,0.9790227710276136,0.2339942311217313,0.07879734,0.65918374,0.3193283,0.41865277
solar,73,43584,45312,0.9790152398083808,0.2167294191011591,0.31280518,0.9545164,0.36018324,0.90713835
solar,8,42368,44096,0.9789988272520188,0.1692942238323218,0.13410974,0.07745743,0.10275793,0.10880923
solar,102,45952,46528,0.9789922515396234,0.0200492297577785,0.40007138,0.020329714,0.20601797,0.1737237
solar,80,47104,49984,0.9789741724657972,-0.0296401283585831,0.12390494,0.030100584,0.015461922,0.1385436
solar,15,43328,45056,0.9789582789785434,0.1269187694425598,0.2649026,0.2365117,0.07468319,0.046292305
solar,107,49728,50880,0.9789526437709948,-0.0654695892473843,0.056318045,0.10433626,0.0594604,0.101193905
solar,90,45696,49728,0.9789482925812102,0.2015460502896493,0.032674074,0.47997093,0.3327694,0.114527464
solar,92,44480,49088,0.9789302909646936,0.2875695469340993,0.037281036,0.06660509,0.05074644,0.021422386
solar,2,46016,47744,0.9789268483562906,0.0387850853174931,1.5070529,0.25700092,1.2980018,0.04794979
solar,37,46400,48128,0.9789199779164132,0.1370736785418673,0.061130047,0.45690155,0.0907712,0.4272604
solar,48,44544,47296,0.9789146685646958,0.0511028578720832,0.00863862,0.26208067,0.13806581,0.39150786
solar,100,42048,44928,0.9789073837822432,0.0621514223417705,0.4984975,0.18494987,0.83608675,0.15263939
solar,67,45312,49920,0.9789068131632146,0.1492792403984355,0.0856061,0.081032276,0.058182716,0.10845566
solar,22,42752,43904,0.9788954215658754,0.0572085263449063,0.03781748,0.23446941,0.23338175,0.038905144
solar,93,42688,45568,0.9788666501766654,0.2889739911592854,0.056536436,0.18092203,0.15691209,0.08054638
solar,94,48896,51200,0.9788292462139114,0.0065440258919642,0.1255107,1.3470869,0.06783342,1.4047642
solar,OT,43520,49280,0.9788237923003902,0.2662093064542526,0.11921883,0.2638781,0.14998603,0.2331109
solar,45,46528,49408,0.9788224199707578,-0.1615553040134807,0.114957094,0.12969375,0.02506113,0.010324478
solar,53,47872,52480,0.9788206395570206,-0.0242064663300588,0.23622894,0.20711184,0.0029082298,0.446249
solar,36,43776,51840,0.9788075159747828,0.1122418571245446,0.47891235,0.22242093,0.39638376,0.30494952
solar,88,49856,52160,0.9787980561388934,0.1933659387814146,0.23323488,0.06639624,0.06120205,0.1056366
solar,46,46208,46784,0.9787906298980767,0.2891704934495693,0.028716564,0.17874241,0.18655539,0.020903587
solar,23,44352,44928,0.9787482342398652,0.2187838383258546,0.1358056,0.22034574,0.316005,0.04014635
solar,87,42112,51904,0.9787353182065752,0.1064974847895532,1.5984497,0.09428954,1.4904261,0.20231318
solar,116,45504,50112,0.97873316398877,0.2747808872812934,0.04929638,0.096807,0.039867878,0.007642746
solar,87,45120,45696,0.978719958695975,0.269167357560686,0.13919711,0.09593558,0.034219027,0.20091367
solar,68,42624,45504,0.9787076907570568,-0.0107105285282972,0.31760192,0.17114258,0.1418767,0.3468678
solar,109,48832,51712,0.9787025187231458,0.0830547503333543,0.26513767,0.3300619,0.107368946,0.70256853
solar,15,44416,45696,0.9786915405781826,0.1187434669332286,0.8813696,0.13371539,0.8592539,0.111599684
solar,26,47936,50816,0.9786778954018528,0.2059706334773864,0.013473511,0.379364,0.35085154,0.04198599
solar,104,49408,49984,0.9786695780451364,-0.059566812961791,0.10856581,0.021679878,0.05468321,0.07556248
solar,30,45440,52352,0.978665920573202,-0.1584776060118304,0.16720247,2.252861,0.10205746,2.318006
solar,120,46208,51392,0.9786454278997057,0.2623249541656833,0.16781902,0.40308428,0.215765,0.3551383
solar,69,48960,50688,0.9786255514311276,0.0951687789555288,0.05736494,0.12869883,0.13281488,0.053248882
solar,42,47552,48128,0.9786064601364608,0.2322357881547214,0.5545645,0.49096322,0.6579442,0.59434295
solar,8,48832,49984,0.9785929120938672,0.1500288250760469,0.12044191,0.00068616867,0.08331442,0.037813663
solar,103,43712,51776,0.9785825980489384,0.2149369386506743,0.12684488,0.8234329,0.02562952,0.9759073
solar,19,42560,44864,0.9785823004763756,-0.0064884012294006,0.006522894,2.122205,0.10343504,2.012247
solar,1,43648,47680,0.9785821816927992,-0.2083100169537045,0.10743904,0.27289772,0.0018670559,0.3784697
solar,14,48448,49024,0.9785543192793866,0.2096871801424769,0.082322836,0.014537573,0.0056812763,0.07346654
solar,90,47936,51392,0.9785476338935432,0.2985610118373561,0.005961895,0.21820784,0.22763348,0.0034637451
solar,125,44416,49024,0.9785277418908576,0.1511872426509171,0.096316814,0.0018396378,0.14445543,0.04629898
solar,120,45120,46848,0.9785129651531996,0.2200313974316099,0.032489777,0.13431787,0.09362292,0.07318473
solar,4,43584,44736,0.9785085643453728,0.2138476441931183,0.0030546188,0.15040064,0.2266221,0.07316685
solar,99,48256,49984,0.9784947456681584,0.198620062572292,0.30979514,0.45545244,0.016174316,0.7814219
solar,99,47232,51264,0.9784907629694656,0.2360001509762007,0.34875107,0.3944435,0.214015,0.16832256
solar,56,42432,51776,0.9784828560603436,0.2893065022005001,1.5799928,0.7419777,1.2076082,0.36959314
solar,111,42496,46528,0.978460534494628,0.0132261010687669,0.30257368,0.054713726,0.2139988,0.14328861
solar,31,45120,50304,0.9784562033970666,0.161205062377451,0.075409174,0.030925274,0.07566285,0.031178951
solar,1,44224,52288,0.9784361196900592,-0.0209136544222721,0.018458843,0.09510231,0.004682064,0.11824322
solar,52,42176,51392,0.978411882729809,0.2347654790257201,0.098819256,0.105063915,0.05300951,0.04676485
solar,87,46208,51968,0.9784052624095224,0.2082633880311518,0.07041216,0.25471592,0.10039711,0.22473097
solar,42,45504,49536,0.978398110124898,0.2175942894655771,0.005568981,0.26341772,0.16074753,0.09710121
solar,70,44480,50816,0.9783731554945092,0.138708475766649,0.1184206,0.10402441,0.1375432,0.15193939
solar,57,43968,45120,0.9783651291088832,0.2545139113788733,0.024333954,0.013419628,0.09968662,0.06193304
solar,106,46272,50304,0.978357867912752,0.2114443377967019,0.42478895,0.07991171,0.34475064,0.15995002
solar,92,46208,51392,0.9783422441179264,0.2560185118497155,0.35268545,0.30990076,0.2723441,0.22955942
solar,91,42048,43200,0.978341444925158,0.1552131013711114,0.104742765,0.53227234,0.20576382,0.4312513
solar,73,48896,50048,0.9783348183690967,0.0915678610688198,0.20601797,0.19931293,0.17804074,0.22729015
solar,10,44480,51392,0.9783281071985584,0.2913113448740079,0.08306074,0.37955904,0.090195656,0.37242413
solar,58,45632,51392,0.978321812397993,0.2567992594364698,0.06473255,0.39474726,0.2507925,0.2086873
solar,86,46208,51392,0.9783047463933976,0.2790079516962549,0.103055954,0.37751818,0.380167,0.65462923
solar,12,45056,51392,0.9782967536611222,0.2779557502236531,0.030088425,0.3118639,0.05277157,0.28918076
solar,32,50880,51456,0.9782911853841708,0.2950921291322133,0.60506725,0.3679316,0.93540955,0.03758931
solar,46,43392,45120,0.978284118711228,0.0678702293632685,0.016336441,0.19303274,0.15113139,0.025564909
solar,45,42496,49984,0.9782717300645762,-0.0261533125204453,0.57818604,0.0813663,0.106277466,0.39054227
solar,18,44544,47424,0.978259713872902,0.1397797082464648,0.035590887,0.11196399,0.12328553,0.04691243
solar,31,46208,49664,0.9782259709652537,0.2963410448142575,0.04426098,0.09543705,0.0901413,0.038965225
solar,70,47808,48960,0.9782216426738772,-0.1766529292357334,0.022371292,0.26797056,0.32797527,0.03763342
solar,65,43840,50752,0.9781952124013412,-0.0502525793739054,0.18467355,0.019959927,0.04711461,0.21182823
solar,82,42240,43392,0.9781910305895984,0.1481583012796826,0.049399137,0.12617755,0.3252411,0.1496644
solar,39,44224,46528,0.9781884947095276,0.1966771208272216,0.1397698,0.4079051,0.03292966,0.58060455
solar,110,46592,48320,0.978171174467393,0.1237312041037526,0.09976435,0.6351733,0.13079596,0.6041417
solar,46,47744,50624,0.978162889539364,0.0657254738004175,2.599014,0.22360301,2.4435463,0.06813526
solar,68,49664,51968,0.9781550422116718,-0.0456376305771606,0.35132456,0.7113862,0.24279737,0.11726427
solar,90,48128,51584,0.9781495598917764,0.1914490569558071,0.54963946,0.41383982,0.4455378,0.30973816
solar,52,43072,47808,0.9781413952418492,0.0707016017830074,0.08769083,0.14633799,0.37921572,0.32056856
solar,81,46656,50688,0.9781299731698464,0.1622311714153948,0.07376766,0.18755388,0.24935198,0.13556576
solar,79,42176,44480,0.9781274835926236,0.1602629658771129,0.021849632,0.0091433525,0.0014252663,0.03241825
solar,24,42752,51392,0.9781032054963916,0.2456309109517054,0.07875204,0.15277004,0.15224266,0.07927942
solar,102,44864,46592,0.978098249870232,0.0756090156702546,0.59531355,0.10392666,0.14606571,0.34532118
solar,70,45696,49728,0.9780975867274068,-0.1907573925756708,0.1874628,0.27607942,0.08060455,0.008012056
solar,112,43328,47360,0.978079836266277,0.2718669422529774,0.09152937,0.050535202,0.021621227,0.062615395
solar,89,45696,49728,0.9780564819120828,-0.0876437796841837,0.034443855,0.57144547,0.37683535,0.16016626
solar,38,45632,50240,0.9780381108544248,0.254961515304672,0.042733192,0.040911198,0.039929867,0.043714523
solar,60,45056,51968,0.978036938362287,0.2765883966028906,0.03862381,0.2547784,0.16730022,0.12610197
solar,30,44736,51648,0.9780354432839116,-0.0232435886479978,0.7668047,0.1770668,0.3045025,0.2852354
solar,36,44224,49408,0.9780070541318746,0.0838512500876736,0.047242403,0.43880463,0.08761239,0.30394983
solar,107,46592,47744,0.9780051365829744,0.1180402809672752,0.12197876,1.067924,0.14302206,1.3329248
solar,116,44800,47104,0.97799927361634,-0.0432660230666342,0.2492218,0.24424267,0.06258249,0.06756163
solar,104,43392,46272,0.9779980340224648,-0.0022896443314198,0.0034217834,0.111756325,0.12921381,0.020879269
solar,57,43648,49408,0.9779765691037964,0.0285425520491044,0.22992992,0.04692602,0.08744049,0.09556341
solar,25,43712,44864,0.9779683350632566,0.1591331723862951,1.1558068,0.07584286,0.9873171,0.09264684
solar,59,42176,45056,0.9779479420588568,0.205141944881666,0.22323132,0.26862383,0.28436947,0.20748568
solar,93,50816,51392,0.9779400611288476,0.2386195352546192,0.034296036,0.25873566,0.024456978,0.2488966
solar,11,42176,45632,0.9779374124580024,0.2501120193811288,0.08099365,0.098953724,0.15632534,0.023622036
solar,60,44480,49088,0.9779194950248088,0.2764023935596842,0.038691998,0.07637787,0.049767017,0.012081146
solar,46,45056,47936,0.9779094331653132,0.2867047753894265,0.07575989,0.11365032,0.25336838,0.2912588
solar,6,43072,48832,0.9778964327782828,-0.1479111831456558,0.015006065,0.12578225,0.005371332,0.105404854
solar,76,43328,47360,0.977890480944569,0.2958010035790446,0.22437096,0.18342352,0.2521019,0.15569258
solar,52,43648,47104,0.9778413491701216,0.2302742083317803,0.009989977,0.13883138,0.05908227,0.089739084
solar,41,44992,48448,0.977839844716755,0.2705072045635619,0.030834913,0.684747,0.023017168,0.6308949
solar,45,46144,46720,0.9778328485634582,0.2428685982180387,0.03352213,0.020449877,0.08534908,0.098421335
solar,135,43840,47296,0.9778305730452004,0.2952409531552518,0.045867443,0.048765898,0.06802297,0.026610374
solar,118,46400,47552,0.977818994959642,0.2245229953716037,0.12347388,0.14078808,0.077839375,0.18642259
solar,108,46144,46720,0.9778057134980358,-0.0221483207787564,0.18939352,0.20350361,0.136266,0.25663114
solar,65,46272,50304,0.9778045264495494,0.2280728040388406,0.064240456,0.3625512,0.19044685,0.23634481
solar,82,44096,49856,0.977794862876202,0.0676758352080029,0.17575336,0.11298847,0.016515017,0.2722268
solar,118,45056,50816,0.9777942257710498,0.2881784961963569,0.005772114,0.14781094,0.16479874,0.011215687
solar,12,48896,51200,0.977792156401212,0.2553903764910823,0.024657726,1.801125,0.13451433,1.9602971
solar,131,44352,44928,0.977779368501545,0.1267460343091595,0.44414592,0.1761086,0.43132687,0.18892765
solar,109,42176,42752,0.9777698696076036,0.1933398325160487,0.11591911,0.3838935,0.3748045,0.1250081
solar,0,48960,50688,0.9777673730935228,-0.2149160668253752,0.108837605,0.075808525,0.11779356,0.06685257
solar,63,47360,47936,0.9777646311308512,0.2956184977589056,0.11553192,0.18770552,0.12859583,0.17464161
solar,25,43776,50688,0.9777596839550486,-0.1471191907439025,0.0017895699,0.14827299,0.16224527,0.012182713
solar,1,43840,44544,0.9777238527292736,0.1537926224560168,0.5425544,0.19500232,0.36255503,0.015002966
solar,27,42240,46848,0.9777091959680771,0.2380114339273886,0.040513515,0.083094835,0.006411314,0.11719704
solar,64,48512,49664,0.9777012746399693,0.1883614682839234,0.04746771,0.06033182,0.07919502,0.028604507
solar,74,47744,47872,0.9776972552365278,0.1030543810956565,0.79676676,0.18426847,0.40344238,0.2090559
solar,27,46976,47552,0.977696648263661,0.1169873698744421,0.08836818,0.22499633,0.15501332,0.15835118
solar,124,48256,49984,0.9776959042758668,0.1225828919157499,0.17511201,0.41260076,0.20496893,0.032519817
solar,2,43392,45120,0.97768247007765,0.2790441846957272,0.08386302,0.07614827,0.024662018,0.13534927
solar,80,49024,51328,0.9776712865903444,0.0535294998041992,1.3801935,0.08167744,1.2388899,0.22298098
solar,94,43392,50304,0.9776687372047688,0.2191721990385988,0.04767227,0.72482634,0.3633082,0.31384587
solar,4,42560,43712,0.9776596035668902,0.0851763983270249,0.25967026,0.68523455,0.30889177,0.63601303
solar,66,45056,49664,0.9776577917611377,0.2891385883814394,0.022356033,0.0011401176,0.015817642,0.037033558
solar,104,50688,52416,0.9776486613134692,0.0674636846204355,0.20066977,0.05216694,0.09114337,0.057359457
solar,91,47936,50816,0.9776246480368976,0.2400881629350556,0.039607525,0.058127403,0.051674366,0.046060562
solar,5,46848,47424,0.9775854238286557,0.0033599544571973,0.007953167,0.042274952,0.050611496,0.016289711
solar,123,43840,46144,0.9775817660823326,0.1412476955609487,0.6228223,0.2552743,0.7465987,0.37905073
solar,67,45120,46272,0.9775417156394915,0.2544497583537306,0.03752899,0.06802678,0.10705638,0.0015006065
solar,133,51392,51968,0.9775388528373152,0.287489733805679,0.1278522,1.3489449,0.17405224,1.3027449
solar,8,47552,48128,0.9775328040772748,0.2857811846820254,0.1418755,0.2861383,0.2576909,0.4019537
solar,26,48576,50304,0.9774881002899016,0.2620750043853994,0.24520063,0.109745026,0.09865999,0.25628567
solar,48,42624,48960,0.977477760187192,-0.0817309323673382,0.02973938,0.21927357,0.16903782,0.07997513
solar,65,43200,44352,0.977475596867193,0.2149835418353781,0.004110813,0.16209507,0.13628006,0.029925823
solar,4,49920,50496,0.97746371496604,0.1880022222816284,0.46280956,0.0738287,0.28159857,0.2550397
solar,48,47552,52160,0.977422580442383,0.2047306849576697,0.15366244,0.08159208,0.18026638,0.054988146
solar,18,49408,50560,0.9774220282804406,-0.0223966697866763,0.22690105,0.21589947,0.07914877,0.36365175
solar,87,46080,52416,0.9774146977554804,-0.1025628388430017,0.23622894,0.32863426,0.28377008,0.28109312
solar,42,47936,51392,0.9773927464015596,0.2190426505091444,0.21097183,0.595294,0.2761035,0.10821867
solar,59,47936,49664,0.9773798486005998,0.180679788900464,0.18387842,0.13161469,0.07263374,0.12489748
solar,87,43904,44480,0.9773785683636306,0.2859759135179739,0.13387537,0.122391224,0.0934186,0.104902744
solar,11,42240,47424,0.9773699199844268,0.2717788722743464,0.2452414,0.1396923,0.057893753,0.32703996
solar,76,47808,51136,0.97736951311247,-0.2767028079609527,0.5817456,0.27462912,0.22060299,0.08651352
solar,133,43328,43904,0.977345701090482,0.2890215969533976,0.3975916,0.42801952,0.060441494,0.09086943
solar,46,43648,47232,0.9773455789109204,0.0224899157333628,0.07353115,0.25966644,0.41059113,0.22445583
solar,129,44544,44992,0.9773385840148828,-0.0948261305159934,0.10736275,0.10949826,0.30059195,0.30272746
solar,52,44864,49472,0.9773364418796544,0.223245522714077,0.06665206,1.65608,0.20976686,1.5129652
solar,0,43648,46528,0.9772945646999264,-0.1344158638145819,0.4591837,0.23458004,0.5543804,0.13938332
solar,98,42816,45696,0.9772839956231396,0.0982074477937072,0.09550643,0.14452481,0.095214605,0.14481664
solar,117,49024,50752,0.9772676428296746,0.0112915585853866,0.67216134,0.086869955,0.90945363,0.15042233
solar,110,47936,50816,0.977256563255396,0.2847341221374166,0.13976383,0.6076536,0.2575159,0.21037388
solar,86,42048,47680,0.977238066869308,-0.2117855007671996,0.61636853,0.25305486,0.23095179,0.13236189
solar,60,43520,46976,0.9772206164868548,0.2723506548879396,0.06732631,0.09000659,0.04460001,0.021919727
solar,10,47360,47936,0.9772004429328288,0.2961074354836994,0.28018665,0.13982105,0.79925156,0.37924385
solar,99,47360,47936,0.9771838475415274,0.2986554180901901,0.019974232,0.17691231,0.18546772,0.011418819
solar,59,43840,49600,0.9771822784394444,-0.1159503128739674,0.11739516,0.13307738,0.44652033,0.19604778
solar,131,43840,46720,0.9771583281762384,-0.0332612526408607,2.0127988,0.03370881,2.1598675,0.11335993
solar,32,45504,51264,0.9771523213983536,0.2269642860253403,0.31773758,0.6169424,0.079205036,0.21999979
solar,118,49984,50560,0.9771476625733102,0.197373164164764,0.07153225,0.13366175,0.13546896,0.06972504
solar,134,47104,48832,0.9771449648397894,0.2602249943016194,0.05853796,0.12018728,0.08112383,0.097601414
solar,107,42176,45056,0.9771447113453244,0.2004603504265722,0.12695599,0.07654524,0.14430857,0.059192657
solar,12,42624,51712,0.9771423677380632,0.0827695855131275,0.780772,0.14580894,0.47958946,0.15537357
solar,106,46208,48512,0.9771367340003834,0.2662830106899558,0.051343918,0.021240711,0.05186367,0.08196688
solar,37,45504,51264,0.9771362776832412,0.2684314627152963,0.7090621,0.079555035,0.378685,0.25082207
solar,32,44544,49152,0.9771357951863014,0.2226852011298453,0.029218197,0.08341837,0.06616664,0.011966467
solar,55,48512,49664,0.9770969937811655,0.2438508537579526,0.05945921,0.012721062,0.022542477,0.049637794
solar,72,47360,51968,0.9770947841162236,0.297195723341256,0.08109331,0.33009815,0.25042534,0.16076612
solar,6,44544,49728,0.9770913255691608,0.1671115819105826,0.118593454,0.13171434,0.2063291,0.04397869
solar,45,42432,48768,0.9770759008688834,0.2665530731234387,0.19624329,0.28616476,0.22556782,0.25684023
solar,55,46656,47808,0.977072111803601,0.2960132480235956,0.08885002,0.78568363,0.5228319,0.35170174
solar,46,42560,44864,0.9770605848797068,0.2346026657441693,0.17547345,1.4603128,0.19616675,1.4396195
solar,116,46016,50048,0.9770458017916996,0.1716964289250831,2.0026002,0.31307364,1.7308736,0.041347027
solar,15,42496,43648,0.977033809202592,0.2682397643996883,0.027328968,0.13171744,0.12855911,0.030487299
solar,20,45056,51968,0.9770274809785884,0.2853645860106653,0.0090203285,0.27157402,0.011785507,0.29237986
solar,83,42240,50304,0.9770225852372844,0.12470482540842,0.0016577244,0.101174355,0.025711775,0.073804855
solar,13,43776,51264,0.9769809105262658,0.2043590632573816,0.5373087,0.06738949,0.26757383,0.20234537
solar,75,42048,44352,0.9769290812125324,0.193902091613638,0.09009266,0.07325554,0.11405754,0.09722042
solar,39,43648,48256,0.9769169333483833,-0.1529837173222873,0.8025725,0.18055463,0.401366,0.5817611
solar,65,50624,51776,0.97691335808049,0.2966923245432319,0.10691762,2.6100898,0.103921175,2.6070933
solar,51,46208,49664,0.9768831028931771,0.2265662803325457,0.16063976,0.05554676,0.261312,0.156219
solar,38,46208,47936,0.9768807732600142,0.2427373714064807,0.2057085,0.07848692,0.05747032,0.2267251
solar,131,42816,43968,0.9768747467060678,0.0127358624423094,0.17697525,1.0340667,0.064931154,0.7921603
solar,44,48512,50816,0.976857099728715,0.2052015514025927,0.0077376366,0.22734499,0.20092106,0.018686295
solar,99,42048,48960,0.9768388380476476,-0.1668055365725303,0.15753174,0.1527648,0.14601183,0.15077877
solar,25,47680,51840,0.9768371657884996,0.159620972574101,0.35205507,0.16654134,0.44721317,0.07138324
solar,64,45504,47808,0.976790663503732,0.0210465875795434,0.056996822,0.15518379,0.11677313,0.095407486
solar,116,48832,49408,0.9767672093444456,-0.1652335723277282,0.03606081,0.03546524,0.06576061,0.005765438
solar,58,42624,49536,0.9767666745729036,0.2496838892261945,0.043758154,0.28554988,0.15874815,0.083043575
solar,125,45120,47424,0.9767634014436384,0.1630805676416167,0.30942202,0.34840584,0.62412286,0.033704996
solar,76,47936,51392,0.9767602185917632,0.2641534504528085,0.16272593,0.31261873,0.063400745,0.08649206
solar,57,42176,50240,0.976735194508132,0.2131308550002171,0.24014044,0.024113655,0.111964226,0.15228987
solar,62,44480,51968,0.9767349597506184,0.271575141700669,0.09764719,0.5218744,0.34003544,0.27948618
solar,77,43648,49408,0.9767108922169252,0.2045466882425566,0.40028572,0.007101059,0.21041393,0.19697285
solar,51,46784,50816,0.9766921368092784,0.278210012102255,0.11427355,0.37884712,0.38342476,0.10969591
solar,24,45056,50816,0.9766829862669272,0.29644960172465,0.01482439,0.1669364,0.19048882,0.008728027
solar,39,45440,51776,0.9766826268818144,0.2761314001917104,0.19720292,2.6249526,0.45825577,2.8860054
solar,95,42240,48576,0.976680423411353,0.2375159785332015,0.03568077,0.2675948,0.09739089,0.2058847
solar,44,47552,50432,0.9766705686924544,0.0824570055804789,0.0003311634,0.08806658,0.10770655,0.019308805
solar,109,45632,51392,0.9766685079457832,0.2952980014988637,0.05026436,0.45237303,0.115451336,0.51756
solar,49,44864,52352,0.9766665066441056,0.1441321845025485,0.30779696,0.017077923,0.17135572,0.11936331
solar,2,44992,46144,0.9766576116957388,0.2671406574161686,0.081787586,0.5741329,0.24008322,0.25226212
solar,71,51264,52416,0.9766551309530668,0.12503255318803,0.1189065,0.28893995,0.5291295,0.121283054
solar,119,45696,49728,0.9766483143468924,0.2334234125795149,0.074710846,0.20975924,0.18050146,0.04545307
solar,117,47360,51392,0.9766400177930792,0.2780919252471928,0.06991577,0.33038092,0.09948492,0.30081177
solar,132,49664,50816,0.976633932016441,0.2281121999662078,0.10140991,0.2870059,0.23257303,0.046977043
solar,75,46528,47680,0.976579187390872,0.1782933495301852,0.009000778,0.05725336,0.005551815,0.060702324
solar,118,42752,43904,0.9765732595636852,0.2135207944370626,0.026465416,0.016816616,0.09903622,0.08938742
solar,111,43648,48256,0.9765676687855936,0.1527629877832223,0.38492393,0.24801803,0.23260546,0.4003365
solar,82,48832,49984,0.9765573038548522,0.1315197605737478,0.094721794,0.13819695,0.10783291,0.12508583
solar,82,47616,49920,0.9765315521942648,0.2394106615570859,0.06131506,0.09428024,0.048059464,0.01509428
solar,126,49280,52160,0.976476988222776,0.1209854445961128,0.21299505,0.09881377,0.20247316,0.10933566
solar,9,44224,48832,0.976476888299825,-0.0113679362797008,0.18441105,0.33063316,0.026630402,0.5416746
solar,25,47104,49408,0.9764593735352566,0.1541392346749923,0.17739582,0.084478855,0.037480354,0.29935503
solar,110,42752,49664,0.976458766986214,0.1663514349813426,0.004482746,0.0021224022,0.088415146,0.0860548
solar,20,46528,48256,0.976425107894051,0.0771692393159077,0.12968755,0.00017404556,0.0031261444,0.13263965
solar,0,45440,52352,0.97642497501583,-0.020641627032631,0.1191442,1.5092297,0.02483058,1.414916
solar,97,48832,50560,0.9764121331538832,-0.3719832168937881,0.0018320084,0.047285557,0.041608334,0.0038452148
solar,54,44992,46720,0.9764081790502191,0.1123634904426774,0.15148449,1.382597,0.08589482,1.1452177
solar,45,46784,49664,0.9764071325252875,0.1495707803062595,0.10781765,0.35458422,0.31649685,0.14590502
solar,114,46144,49600,0.9763886840804532,0.2204893547129953,0.050022364,0.27915502,0.00076174736,0.32993913
solar,106,47360,50816,0.9763840590151962,0.2694499273045912,0.10111809,0.13743734,0.1463685,0.09218693
solar,124,45056,50816,0.9763611288219366,0.244112391150896,0.023059845,0.122493744,0.16250753,0.063073635
solar,100,46016,51776,0.9763502928667952,0.0253015031723676,0.4778061,0.009589195,0.39614916,0.07206774
solar,87,45056,50816,0.976342090773832,0.2915541342131434,0.011210442,0.39668798,0.36471224,0.020765305
solar,81,45056,51968,0.9763393574544216,0.2528906649442443,0.015229225,0.50392485,0.4112668,0.07742882
solar,90,44864,51776,0.976310537809779,0.0368401236175865,0.92592764,0.24280405,0.44764853,0.23547506
solar,126,48256,48832,0.976305873888197,-0.0871673951927662,0.20917821,0.43296957,0.10904288,0.11474848
solar,43,45056,51968,0.976290959966854,0.2668269757563601,0.05762434,0.18881416,0.22026014,0.08907032
solar,113,46208,49664,0.9762780226190202,0.2667346248623523,0.018804073,0.13004112,0.1852665,0.0364213
solar,129,42240,46848,0.9762709674202312,0.0027045925236061,0.04317093,0.18295527,0.16723013,0.058896065
solar,71,50240,51392,0.9762487479511012,0.2952638724275584,0.38497543,0.038329124,0.7751336,0.35182905
solar,55,43520,48128,0.9762362862756722,0.1351260863724042,0.1904254,0.08042383,0.4460678,0.33606625
solar,73,42112,47296,0.9762208402992184,-0.0016639830392089,0.65707564,0.16488862,0.8688624,0.046898127
solar,34,47680,49984,0.9761851909945762,0.2136546991373766,0.17801142,0.07165766,0.17323685,0.07643223
solar,2,46208,51968,0.9761816191864956,0.2970840815206824,0.027091026,0.106490135,0.16550732,0.08610821
solar,106,42112,42560,0.976181171100184,0.0982416638879197,0.40800667,0.049179077,0.6339083,0.17672253
solar,126,45376,46528,0.9761680136223384,0.0404066460036954,0.1503582,0.02021885,0.0166049,0.15397215
solar,57,47104,48256,0.9761619841890544,0.2818320936476026,0.73212814,0.2591653,0.52911615,0.46217728
solar,19,44480,45632,0.9761571183362946,0.2205613194715279,0.1045742,0.043352127,0.056478024,0.09144831
solar,122,43328,45632,0.976154608549558,0.2900360112825049,0.25582695,0.15630293,0.34869528,0.0634346
solar,95,43968,45824,0.976140735284069,-0.5380627626238238,0.33724928,0.5643873,0.11201763,0.11512041
solar,58,44992,45568,0.9761401510087192,0.0712433368459821,0.088733196,0.5269215,0.31834888,0.11983943
solar,134,44544,45120,0.9761235287682388,0.2940667901133821,0.24069977,0.081578255,0.0102036,0.14891791
solar,3,47232,52416,0.9761137299571654,0.0815085037283091,0.04526949,0.30543947,0.1798358,0.08033419
solar,51,47552,52160,0.9761080571802904,0.2620299883220675,0.07128215,0.11085558,0.16711783,0.015019894
solar,0,47104,49408,0.9761054995455888,0.26151417049005,0.17223239,0.19934249,0.19855165,0.17144156
solar,77,48512,50816,0.9760938719360917,0.2745969676085171,0.037516117,0.36251163,0.23016834,0.16985941
solar,1,42048,43776,0.9760908468541352,0.2991962224398358,0.002553463,0.058647156,0.039384842,0.021815777
solar,105,42240,43392,0.9760827456062822,0.220852935339844,0.09124184,0.05822158,0.097750664,0.05171275
solar,0,48512,50816,0.9760639226964474,0.2018385633898216,0.01965332,0.23400354,0.18404436,0.030305862
solar,110,48256,51136,0.9760560275832696,-0.0540743572903955,0.24816108,0.38951802,0.052741766,0.69042087
solar,100,42752,46784,0.9760546577338196,0.2623074627331609,0.16973114,0.012154102,0.10026455,0.08162069
solar,10,43072,50560,0.976042258592872,-0.1180231931560069,0.30571795,0.030247211,0.16698933,0.10848141
solar,93,43648,47104,0.9760141469677798,0.2863868044232504,0.15270281,0.04134226,0.028182507,0.08317804
solar,2,48320,51776,0.9760026029514088,0.0267999586801448,0.011098385,1.7435942,0.17205906,1.9045548
solar,108,46400,48128,0.9759905215086938,0.2689942549348735,0.1345315,0.36115408,0.31490016,0.81058574
solar,17,43328,46784,0.9759780782074208,0.2999422938881194,0.12822723,0.10099745,0.006441593,0.03367138
solar,59,46528,48256,0.975973900368763,-0.1451975604222157,0.50064516,0.22608137,0.5243628,0.20236373
solar,103,46592,50624,0.9759653526057231,0.298796723021025,1.531337,0.10773325,1.4551797,0.18389058
solar,20,45632,50816,0.9759551893857106,0.2995031473170232,0.035182953,0.06668997,0.0967741,0.0050988197
solar,114,45056,47936,0.975953153475287,0.2532834419976841,0.032686234,0.12072992,0.13006973,0.023346424
solar,26,44480,49088,0.9759317871494392,0.2904784376313504,0.15142155,0.016201496,0.006910801,0.14213085
solar,31,45440,50048,0.9759301428572492,0.0064048690678707,0.18910599,0.63175464,0.33261418,0.48824644
solar,29,45504,52416,0.9758762763330632,0.011843710046532,0.13978052,0.72331214,0.3569057,0.50618696
solar,16,45632,50816,0.9758424913975496,0.2961170589683706,0.1160512,0.10811758,0.17544413,0.04872465
solar,62,45440,47744,0.9758333946528096,0.2086200117938297,0.24873781,0.78214073,0.13843298,0.89244556
solar,56,44224,49408,0.9758294075953216,0.2480548154812441,0.053953886,0.46259928,0.21841788,0.29813528
solar,88,49536,50688,0.9758019909760414,0.1232492214795394,0.39713478,0.3519497,0.7183919,0.030692577
solar,26,44544,45120,0.9757921213419666,0.2371492627145789,0.6220112,0.16027951,0.82058,0.03828931
solar,12,43904,50240,0.9757888978178592,0.1446462123884288,0.4000945,0.2589612,0.10184479,0.03928852
solar,39,44352,47808,0.9757850953500076,0.1831522547228222,0.039713383,0.3060398,0.26400518,0.0023212433
solar,93,49280,49856,0.9757617787054164,0.2795271177956133,0.22275925,0.3006208,0.19428086,0.32909918
solar,34,46784,49664,0.9757360903641584,0.2905579497624477,0.008177757,0.13280296,0.14341879,0.018793583
solar,122,45568,51328,0.9757240760684688,0.1198716098386655,0.3230517,0.0766232,0.054506302,0.19192219
solar,57,45696,49728,0.9757236402095794,0.2808667099307058,0.025390148,0.61137915,0.18796301,0.398026
solar,129,45952,50560,0.975713591822811,-0.2974671480740128,0.01815319,0.15604687,0.13602304,0.038177013
solar,99,48320,51200,0.9756985173898456,0.1391908421517408,0.13289356,1.621835,0.396883,1.3578455
solar,93,46016,48320,0.9756521345537842,0.1615726219806531,2.3484423,0.06607056,2.3628948,0.080523014
solar,26,42752,45056,0.9756350371621256,0.2439800385058099,0.0073866844,0.22883987,0.22949028,0.0067362785
solar,64,47552,48128,0.9756176209830852,0.2809853755821116,0.091500044,0.15401483,0.17673373,0.4222486
solar,84,43776,50112,0.9755699438866172,0.2529818974263436,0.45591116,0.2585156,0.4916942,0.22273254
solar,20,44928,50112,0.9755690542755446,0.0316052069967408,0.09230304,0.6293075,0.46329355,0.07371092
solar,110,50176,50752,0.97555069567309,0.2033445110283855,0.45959973,2.1874526,0.59328127,2.321134
solar,95,48256,48832,0.9755445675377624,0.1860030130862141,0.13992476,0.47766018,0.19589543,0.4216895
solar,44,43136,46016,0.9755375820744157,0.2007044824079872,0.13861799,0.059472084,0.20377111,0.005681038
solar,86,43968,46272,0.9755034101107848,0.2814026860983171,0.6073413,0.0035054684,0.6345568,0.03072095
solar,95,43840,44992,0.9754950787113008,0.2828687309824578,0.09503651,0.14119291,0.21352124,0.022708178
solar,61,46208,50816,0.97547943753753,0.2731034394444044,0.053436756,0.06813669,0.057960033,0.063613415
solar,96,44800,50560,0.9754749681753444,0.1035754861196307,0.0339756,0.4722457,0.29309893,0.14517117
solar,85,42816,50304,0.975461454734182,0.2092874366806166,0.2707777,0.05701232,0.262357,0.065433025
solar,125,44928,47808,0.9754568358938664,-0.1047009825468108,0.06377983,0.05167055,0.062680244,0.052770138
solar,124,45632,49664,0.975454456217608,0.2682337508885468,0.036783695,0.012613773,0.047094345,0.07126427
solar,4,44224,48832,0.9754529670929948,-0.0548018251512968,0.25375652,0.72226715,0.426224,0.042286634
solar,38,46592,49472,0.9754514007121112,-0.5010194496564617,0.057539463,0.021512985,0.0020565987,0.08110905
solar,52,45376,49984,0.9754478717755858,0.0673785389182767,0.45872498,0.08349037,0.37005997,0.17215538
solar,109,47872,50752,0.9754268459206216,0.0209402018166419,2.2620401,0.45145822,2.1579921,0.3474102
solar,34,42816,49728,0.975422868151462,-0.1540015774392593,0.024233341,0.21995306,0.16718006,0.07700634
solar,37,44800,45952,0.9754088934800672,0.2164663483963813,0.30121088,0.05622053,0.0017461777,0.35568523
solar,112,44800,48832,0.9754067483208396,0.0318603896090845,0.08646917,0.2330451,0.1744225,0.14509177
solar,128,45632,49664,0.975371434621693,0.2981210632727643,0.06855154,0.13224554,0.18305206,0.017745018
solar,36,46528,48832,0.9753687490447818,-0.0252722359767085,0.052466154,0.06720328,0.05503249,0.064636946
solar,69,49152,49728,0.975366396389519,-0.0172059936937538,0.010856867,0.04506898,0.053057194,0.0028686523
solar,39,46016,47168,0.9753611237321336,-0.0490191741404272,2.3746433,0.21220207,2.2209163,0.058475018
solar,127,42432,49920,0.9753604099561828,0.1623689254019452,0.27079105,0.15483046,0.08804512,0.3375764
solar,83,42560,51776,0.9753406501906068,0.0259189313958102,0.31713915,3.1660714,0.16957998,3.0185122
solar,124,43584,51200,0.9753230751788274,0.2825585002889435,0.5284705,0.41767645,0.10125017,0.009543896
solar,60,43968,50880,0.9753214916620264,0.1523662400454058,0.15614843,0.25690365,0.050860167,0.36219192
solar,129,45376,49984,0.9752976607631224,0.1694181990635421,0.04295063,0.05802846,0.14774275,0.04676366
solar,19,45056,50240,0.975260885640569,0.2819520707823948,0.04793501,0.34093094,0.36278915,0.069793224
solar,95,46208,51968,0.9752507888257996,0.2590168985720284,0.019343376,0.26129007,0.21296597,0.028980732
solar,135,44800,50560,0.975246390311,0.0705145078614515,0.022970915,0.29218102,0.09820032,0.21695161
solar,31,46784,50816,0.9752402193883968,0.2621185955227996,0.050995827,0.0233922,0.06614971,0.008238316
solar,116,46208,51392,0.9752285998961356,0.2948214343550199,0.01463604,0.14347935,0.056919575,0.21503496
solar,31,47360,47936,0.975219334573737,0.1988902771171549,0.0045542717,0.023382664,0.002090931,0.016737461
solar,62,48832,49984,0.9751359502673878,-0.0958511966787711,0.071326256,0.25294447,0.121558666,0.060059547
solar,60,45440,52352,0.9751315232788066,0.134807264946941,0.044288635,2.1071749,0.04613638,2.1090226
solar,11,46080,51264,0.97509556662564,0.084469771672873,0.17908716,0.33082008,0.28292942,0.1311965
solar,111,47360,51392,0.9750939624594916,0.2565158324823666,0.09175825,0.016644001,0.37080336,0.2624011
solar,52,51840,52416,0.9750786243488744,0.2141438230072181,0.28565478,1.1421268,0.24177146,1.1860101
solar,25,46144,49600,0.9750710694500908,0.2464640746058393,0.17661047,0.6173365,0.09322357,0.7007234
solar,114,46208,51968,0.9750700757677486,0.2906310357245085,0.0021572113,0.11154032,0.047860146,0.06583738
solar,49,43328,50816,0.9750688645708644,0.1585243546204476,0.07973814,0.09180832,0.07614946,0.095396996
solar,55,49728,50176,0.9750649588136552,0.0959306322897176,0.08888197,0.4892211,0.015111208,0.5932143
solar,127,50176,51904,0.9750619692605798,0.2524470011998359,0.9254823,0.18714881,0.7473259,0.3653052
solar,64,43072,46528,0.9750607300502284,0.1641132912849775,0.7061901,0.12362337,0.49592686,0.08663988
solar,29,46848,50304,0.9750586664088938,0.220161643846195,0.06388569,0.08274722,0.008165598,0.15479851
solar,8,42176,45056,0.975046674275089,0.0333215786419455,0.16644192,0.08149958,0.1486249,0.0993166
solar,121,44864,47744,0.9750415860765074,-0.0739895974181044,0.040630817,0.4471979,0.45875072,0.94657946
solar,29,47552,52160,0.9750190709028717,0.2426943168226734,0.010520458,0.05978465,0.15705371,0.0867486
solar,128,45056,51392,0.9750159995808156,0.2653970944487961,0.086918354,0.5208254,0.019206047,0.41470098
solar,92,46720,48448,0.9750112720087476,0.238289383151469,0.04984069,0.20104837,0.15968633,0.091202736
solar,97,44096,48128,0.9749836197757306,0.1449312461435173,0.17100978,0.5757797,0.15699458,0.90378404
solar,71,48576,49728,0.974974562474521,-0.1275425208475935,0.057137012,0.14938736,0.14004469,0.047794342
solar,87,45632,47936,0.9749652811484936,0.2748640306675778,0.08506298,0.11480856,0.13562775,0.10588217
solar,1,49088,51392,0.9749362895005358,0.2603858453646311,0.49443102,0.014863968,0.6698222,0.16052723
solar,8,45632,49664,0.974917609326847,0.249202111217416,0.0404253,0.012674332,0.015407085,0.0123438835
solar,25,43904,51392,0.9749041885932344,0.2606196368484053,0.03877783,0.2781334,0.2610402,0.05587101
solar,83,47936,50816,0.9748750758554104,0.2869160244356906,0.4161682,0.990386,0.1124115,0.6866293
solar,99,45632,51968,0.9748579888054156,0.290636935441714,0.23707342,0.20065784,0.43461275,0.39819717
solar,69,42176,46208,0.9748554946270508,0.2967600463808561,0.02229309,0.02461338,0.035510063,0.033189774
solar,52,45696,47872,0.9748298807953498,0.1562099584277607,0.05209136,1.1666644,0.08588457,1.0286884
solar,18,47936,49088,0.9748201571601808,0.2411902600459287,0.08562374,0.1478343,0.27735758,0.043899536
solar,24,46016,51200,0.9748063834320164,0.0779200073643958,0.15758896,0.0304389,0.122163296,0.31019115
solar,88,43904,49664,0.9747793382158302,0.2745349670268635,0.2294259,0.122267246,0.28668833,0.065004826
solar,51,44288,47744,0.9747662452377902,-0.0380641106222026,0.19719028,1.5872345,0.28967667,1.4947481
solar,8,46208,50816,0.9747626839604356,0.229361644594046,0.01920414,0.45011234,0.39778996,0.033118248
solar,19,46784,47936,0.9747153232285136,0.2920282399869421,0.15541792,0.10080242,0.05886507,0.19735527
solar,92,42752,46784,0.9746908474953552,0.2445466548260526,0.01876688,0.076918125,0.06968117,0.0115299225
solar,5,47360,50816,0.9746772126670746,0.2638743105646448,0.04975891,0.0017552376,0.026072979,0.07758713
solar,83,45632,51392,0.9746454822990768,0.2821225786577946,0.003636837,0.26726103,0.005897522,0.2767954
solar,78,45376,49984,0.974640260729438,0.1919850838958334,0.5025151,0.15423512,0.26480174,0.39194846
solar,115,50432,52160,0.9746256226436268,0.2303850856353501,0.074064255,0.175215,0.21943235,0.029846907
solar,19,43904,49664,0.974618099117286,0.2994437366905693,0.0045986176,0.046073437,0.08502197,0.043547153
solar,89,45056,46208,0.974617888185458,0.1824360772499935,0.0033841133,0.49083328,0.45477724,0.03267193
solar,122,47744,50624,0.9746038321783256,0.1308376054944282,1.6477466,0.15692663,1.7006633,0.10400987
solar,46,47360,50816,0.974577389405292,0.273710777436688,0.068950176,0.15572739,0.16405773,0.06061983
solar,18,47360,50816,0.9745639910412328,0.2564830962041207,0.099693775,0.24636412,0.24951982,0.09653807
solar,123,42176,45056,0.9745615636107088,0.2646413777850145,0.17423391,0.12174368,0.14266443,0.15331316
solar,3,43904,51968,0.974548355398493,0.2753563435267187,0.11725521,0.24771929,0.20741129,0.15756321
solar,33,42048,47808,0.9745452947045452,0.1425703965618332,0.12595749,0.47006226,0.12459993,0.4714198
solar,55,43136,47744,0.9745073141006018,0.0557139698236924,0.22922087,0.6717553,0.13520002,1.0361762
solar,2,45632,49088,0.9744963115200158,0.2725909333367211,0.027805805,0.21065855,0.18257666,0.00027608871
solar,48,45632,51392,0.9744853928107396,0.2959134376730858,0.2630434,0.12232876,0.39262247,0.25190783
solar,50,48512,50816,0.9744738201834174,0.2793781899442168,0.036685467,0.01785326,0.023441792,0.031096935
solar,65,47360,50816,0.9744735832049892,0.2644187470917672,0.08662796,0.17578554,0.18804455,0.07436895
solar,6,46080,48960,0.9744480833405478,0.0411411852886034,0.25772858,0.5452318,0.1385665,0.6643939
solar,135,43520,46400,0.9744463756155504,0.1058593577966826,0.05496168,0.068421364,0.13674688,0.1232872
solar,10,43904,51968,0.9744434655592712,0.2908394055550391,0.027404785,0.66130257,0.30497837,0.3289194
solar,25,45632,51968,0.9744400361004548,0.2650167852955802,0.17646265,0.40651894,0.27265453,0.5027108
solar,85,43136,44864,0.9744230957949264,0.1302536977226887,0.9680257,0.2666483,0.54493713,0.15644026
solar,19,43520,47552,0.97441984263035,0.1368678291255891,0.044576168,0.43701863,0.18943095,0.29216385
solar,15,43904,44480,0.9744131831935244,0.0482519788559362,0.09390974,0.21408367,0.43640137,0.31622744
solar,79,49408,51712,0.9743988900494872,-0.3860433452786059,0.29670644,0.15689254,0.5566714,0.103072405
solar,52,46208,51968,0.9743868647016256,0.2933711396117573,0.03815031,0.17114401,0.1644249,0.044869423
solar,18,42816,45696,0.9743736481369848,0.2255597932953668,0.34281778,0.086957455,0.3145485,0.058688164
solar,101,49088,50816,0.9743606276030726,0.2931649495197736,0.03541088,0.15520668,0.14152145,0.049096107
solar,45,42112,50752,0.9743554207112404,0.2301895739475201,0.09830713,0.018408298,0.11123991,0.22795534
solar,103,44480,48512,0.9743451697834432,0.2727794233846797,0.06934881,0.04974842,0.085656166,0.033441067
solar,101,43968,46272,0.9743410973815734,0.2105985661167911,0.12280893,0.75510263,0.15280533,0.72510624
solar,113,43968,45120,0.9743294067348832,0.2761622414802681,0.11340213,0.14393067,0.064594746,0.19273806
solar,104,45952,51136,0.9743151642395796,0.2961079038118836,0.003839016,0.09896898,0.13683915,0.23196912
solar,56,42560,47744,0.9742937956584128,0.0127973503466645,0.059518576,2.063785,0.06119466,1.9430718
solar,44,44096,49280,0.9742683282810586,0.2130095235155425,0.32821774,0.04471898,0.11896038,0.25397635
solar,10,45376,49984,0.9742674100107136,-0.0224752578727981,0.032795906,0.18137693,0.11809635,0.09607649
solar,113,47104,49984,0.9742552958641169,0.1099212949712032,0.07700348,0.047293425,0.12639332,0.15610337
solar,89,42752,50240,0.9742454605582476,0.2793317473708849,0.035143375,0.037217617,0.06600952,0.006351471
solar,4,48960,51840,0.974219620720308,0.0482172483715446,0.23793459,0.112093925,0.026427746,0.09941292
solar,125,46208,50816,0.9742141830982146,0.2173199110232535,0.09455824,0.2195611,0.26885796,0.1438551
solar,53,47104,48832,0.9742012031913208,0.1761735621641582,0.03359604,0.02355814,0.008712769,0.04844141
solar,134,47360,47936,0.9741990037270428,0.2876764510181327,0.06442976,0.15830803,0.39047718,0.2965989
solar,60,44096,48128,0.9741952105485666,-0.0169173152755633,0.20462608,0.22268462,0.38368297,0.4017415
solar,67,45248,45824,0.9741820853052936,-0.1078704346165953,0.15120912,0.37853646,0.26319623,0.26654935
solar,3,45056,51392,0.9741752702147388,0.2837592578254233,0.018872261,0.26049852,0.111392975,0.16797781
solar,60,43136,50624,0.9741706998675166,-0.0133018755030959,2.1248045,0.05943966,2.0360062,0.029358625
solar,17,47936,48512,0.9741654718939228,0.2832260687016789,0.18029308,0.40056515,0.19190025,0.02837181
solar,8,42752,46784,0.9741431242983148,0.2081522150331207,0.012281895,0.028903484,0.052253723,0.035632133
solar,86,43712,45440,0.9741259081273056,0.0936069552495003,2.3722355,0.16211796,2.222335,0.012217522
solar,103,44416,50176,0.9741165158865036,0.2337400043679748,0.08915281,0.47209263,0.23201704,0.3292284
solar,105,46720,51328,0.9741043712703704,0.1585400188006628,1.2069879,0.14409947,1.0559201,0.00696826
solar,35,43328,47936,0.9740996797590754,0.2483924266925168,0.33056355,0.05479479,0.31406927,0.038300514
solar,63,46016,50624,0.9740895150287782,0.1629472302605733,2.417316,0.13360739,2.398797,0.11508846
solar,127,49472,50048,0.9740831725441144,0.2951252267054591,0.048552036,0.031565666,0.03233576,0.04932213
solar,6,49088,51392,0.9740696795210968,0.242681019904846,0.061148167,0.015817165,0.16779375,0.12246275
solar,96,45568,46144,0.9740674325558042,-0.1096522514853925,0.03911662,0.22224283,0.2567594,0.073633194
solar,37,49472,52352,0.9740626819788788,0.0933789087507533,0.027941704,0.054424286,0.05245447,0.13482046
solar,56,45632,51392,0.9740547639079477,0.2604888038660335,0.024085999,0.41746712,0.21889925,0.66045237
solar,60,42048,47808,0.97404341547741,0.2282453323906281,0.18718863,0.39402723,0.7035475,0.12233162
solar,85,47936,50816,0.974039210501614,0.2798280887991316,0.10831547,0.4287243,0.19340467,0.12700415
solar,2,43328,50240,0.9740285781164744,0.2988559263957031,0.092559814,0.5767102,0.59415674,0.0751133
solar,81,43968,44544,0.9740261845479736,0.172516367870853,0.19881773,0.48255563,0.16666055,0.5147128
solar,120,47360,50816,0.9740256178199904,0.2587504864082793,0.0982008,0.18360853,0.20498085,0.07682848
solar,26,43904,51392,0.9740237407542872,0.2982720177901226,0.06391239,0.35401058,0.22434759,0.0657506
solar,113,46784,50816,0.974016721481854,0.2747612764527745,0.07117796,0.2965374,0.2614627,0.10625267
solar,105,49152,50880,0.9740156996026708,0.2837836729875975,0.024497747,0.78657866,0.137923,0.6731534
solar,37,44416,52480,0.9739990095502444,-0.105507247632579,0.17300129,0.86645174,0.07708883,0.9623642
solar,84,46144,47296,0.9739939061416336,0.2818609093759279,0.12581491,0.6755786,0.15209293,0.7018566
solar,2,45056,51392,0.9739756479927032,0.2853503251654555,0.18931198,0.286036,0.5273142,0.6240382
solar,6,42496,47680,0.9739625616606166,0.2249983824449514,0.20575595,0.37361693,0.2518506,0.32752228
solar,62,42176,46784,0.9739563542005568,0.2990935197831368,0.23780632,0.38856363,0.5064931,0.11987686
solar,128,47104,49408,0.9739291401649198,0.1230202878986995,0.04088211,0.08900142,0.053994417,0.07588911
solar,72,50240,50816,0.9739239731433568,0.2378078717649633,0.035736084,0.05906582,0.2128191,0.18948936
solar,118,46208,47936,0.973923854229338,0.28277087368622,0.047074318,0.22239542,0.23453331,0.059212208
solar,27,45632,51968,0.9739219780449356,0.2692680582734388,0.053884506,0.0930562,0.061467648,0.08547306
solar,69,46464,49920,0.9739154373615896,0.1325239676366576,0.1263361,0.06662369,0.052069664,0.24502945
solar,76,45376,48832,0.9738962159758576,0.0677319380887333,0.44440126,0.07786465,0.16956568,0.19697094
solar,83,43136,50048,0.9738822099449927,0.1253472149132539,2.9714413,0.21982169,2.861545,0.10992551
solar,14,46784,50816,0.9738487864071348,0.2948916195020049,0.02823782,0.21846294,0.20661736,0.016392231
solar,84,48448,49600,0.9738476814353908,0.2776774693689402,0.5005591,0.03798604,0.29052615,0.24801898
solar,9,47360,50816,0.9738367128068952,0.2471866380474864,0.10597324,0.25008535,0.28016376,0.07589483
solar,14,50624,52352,0.9738012060499796,0.0593945735128594,0.025496483,2.1705704,0.02600813,2.1700587
solar,47,47104,49408,0.973784631739791,0.2303647075842827,0.017831802,0.0011835098,0.010413647,0.0086016655
solar,130,42432,49920,0.9737781093595148,0.0696037558336571,0.31832027,0.7147913,0.3181305,0.7149811
solar,88,43648,50560,0.9737712130611246,-0.421670609043551,0.23696756,0.13111782,0.07181454,0.17766428
solar,106,43840,44992,0.9737613510913016,-0.1459135956390585,1.5378237,0.027888775,1.5849028,0.07496786
solar,120,42112,50176,0.9737596104021522,0.181304246169091,1.2455165,0.11381197,1.3698516,0.23814702
solar,29,43712,44864,0.9736993514996528,-0.045899943498265,0.32491922,0.9705758,0.070432186,1.2250628
solar,91,42240,49728,0.9736941362626156,0.1899984200183509,0.009860277,0.14043856,0.07372856,0.07657027
solar,17,47104,49408,0.9736881339111204,0.2194357529661297,0.1548872,0.12216282,0.069830894,0.20721912
solar,43,43776,50688,0.973685695924262,0.1561940018966063,0.14632559,0.32673502,0.15023518,0.32282543
solar,67,43136,46016,0.973676404606322,0.2136839075030829,2.1285696,0.42393517,1.738944,0.034309626
solar,75,42752,47360,0.9736522401349196,0.2333696829370626,0.041801453,0.14419556,0.16832733,0.06593323
solar,87,42176,51392,0.9736483265222248,0.2594527767544087,0.1384182,0.122642994,0.011555672,0.027330875
solar,3,51136,51264,0.973636905685656,0.2062380413925516,0.0151124,0.3808303,0.12366104,0.48937893
solar,26,42560,49024,0.9736344197541242,0.2835867528215332,0.54470706,0.65527844,0.47575855,0.58632994
solar,113,45056,51392,0.9736175810762444,0.2722665593724853,0.058601856,0.3293953,0.05613327,0.3269267
solar,135,43136,51776,0.9736043647314708,-0.125944850881903,0.11687994,0.13706493,0.090305805,0.07012081
solar,47,44288,47744,0.973596922300458,0.2755786813430474,0.23727131,1.0662413,0.2935419,1.0099707
solar,51,42752,45056,0.973589087938846,0.2706576177954132,0.05237627,0.11072016,0.078407764,0.020063877
solar,48,44480,47936,0.9735872633089282,0.2778730177136497,0.064297676,0.120594025,0.122754574,0.062137127
solar,119,45440,47744,0.973574250014561,0.2518575454245076,0.13690615,0.74387217,0.3619151,0.5188632
solar,89,49408,49984,0.9735716065637006,0.2830058185316458,0.33607483,0.29549837,0.032043934,0.66361713
solar,13,48704,52160,0.9735594540688242,0.1313051453537551,0.03822303,0.052139282,0.04398799,0.030071735
solar,21,43200,45504,0.973553702911426,0.2931817808346655,0.060165882,0.070067406,0.317662,0.18742871
solar,51,45120,47424,0.9735514740644196,0.0503586104834412,0.00035262108,0.82140756,0.19977641,0.62198377
solar,13,43904,51968,0.97354396654503,0.2946184883104603,0.21551561,0.5047388,0.34478235,0.05555916
solar,114,43200,43776,0.97352776298231,0.1043691361660468,0.20498776,0.44939137,0.094329834,0.5600493
solar,88,42624,45376,0.9735111775346582,0.2110012857567418,0.4865551,0.17274618,0.3827567,0.06894779
solar,14,43904,45632,0.9735016617840332,0.2658491399580663,0.046285152,0.23805666,0.19918966,0.0074181557
solar,132,45632,46784,0.9734989792772224,0.2557288590548724,0.09480381,0.20436907,0.19283581,0.10633707
solar,18,50176,50752,0.973495056671974,0.159037241744427,0.06852102,0.45162392,0.23047972,0.28966522
solar,105,44224,49984,0.9734928692610534,-0.1223454322271051,0.09335017,0.79969287,0.10190296,0.7911401
solar,98,46784,50816,0.973483096063414,0.2666418403526583,0.055638313,0.49045086,0.20013952,0.34594965
solar,2,43904,50816,0.9734830089475448,0.288996135935109,0.29210567,0.9163203,0.0016188622,0.6225958
solar,81,45120,47424,0.9734734054564308,0.1934395033659042,0.1073854,0.7176523,0.11349678,0.71154094
solar,98,47680,49984,0.9734510659904112,-0.0613675330197166,0.26305246,0.14834833,0.15914536,0.25225544
solar,83,46208,50240,0.973448845463788,0.2644970252635556,0.12932062,0.67430735,0.3372221,0.20776463
solar,64,42240,49152,0.9733919529343724,0.270032869796253,0.04666543,0.095026255,0.07243824,0.120799065
solar,83,49472,50624,0.9733751369099763,0.1542591374134987,0.99642754,0.1295209,0.9503689,0.17557955
solar,126,46592,47872,0.9733707850763312,0.0798647860964867,0.62617946,0.5654924,0.2216978,0.16101074
solar,13,45056,47936,0.9733528252357622,0.2589498454325332,0.041469574,0.026810646,0.0044612885,0.019120216
solar,62,47360,50816,0.9733388048199868,0.2629878269206127,0.11783981,0.25000954,0.26189804,0.10595131
solar,41,45056,51968,0.973335393366516,0.2991267551440342,0.053572655,0.13537169,0.3360157,0.41781473
solar,55,47360,51392,0.9733309584073584,0.2527089070470796,0.08300781,0.5159664,0.048274517,0.48123312
solar,31,43328,51392,0.9733080644718068,-0.1076093406528967,0.51099586,0.37814474,0.78494406,0.10419655
solar,117,43712,49472,0.973298806576946,0.2581045837585269,0.055226803,0.30120516,0.28854275,0.06788921
solar,68,42752,51392,0.9732819337934524,0.207794992462756,0.075431824,0.2776599,0.38031435,0.027222633
solar,103,47360,50816,0.9732695618355748,0.2282174906072909,0.10062456,0.22357512,0.2311287,0.093070984
solar,123,47104,49408,0.9732610767682648,0.1563335853726426,0.15093684,0.08207226,0.048850775,0.18415833
solar,98,43904,51968,0.9732487485578148,0.2995988430554101,0.10462141,0.5409851,0.34440327,0.30120325
solar,110,42496,43648,0.9732258495143762,-0.0541691946258876,0.073657036,0.31043243,0.10621214,0.27787733
solar,83,43520,46400,0.9732180644613614,0.2552311432326829,0.15698624,0.20382357,0.1452601,0.098422766
solar,16,46784,51392,0.973185474615554,0.2877768344802308,0.07463884,0.016149044,0.1642127,0.105722904
solar,119,46528,47104,0.973178754414284,0.239458781446723,0.14054012,0.07856679,0.030840635,0.09281397
solar,23,46400,47552,0.9731763655065588,0.2433143333348087,0.041531324,0.12478566,0.07089019,0.0954268
solar,51,44480,51968,0.973174375207948,0.2624947414619614,0.046582222,0.42846918,0.023343086,0.35854387
solar,100,45056,50816,0.9731642771422035,0.2525240804817086,0.021852016,0.24029112,0.2787037,0.016560555
solar,27,42688,44544,0.973150075530927,0.1610546516484169,0.37223768,0.023010015,0.35471392,0.00548625
solar,90,48960,51840,0.97313925221178,0.2773690635233141,0.18566799,0.25601482,0.01611662,0.054230213
solar,14,49856,52160,0.9731182435717828,0.0972932403494575,0.32862115,0.36665654,0.714447,0.01916933
solar,117,49856,51584,0.9731173063083908,0.2951904828128172,0.2430582,0.6899333,0.26165986,0.18521523
solar,10,45120,51456,0.9731037343353028,0.141135075008163,0.039094448,0.067317486,0.11551213,0.009100199
solar,80,47360,47936,0.9730973160048108,0.2365920320281334,0.0322361,0.10474253,0.03610611,0.03640032
solar,108,43520,48704,0.973094000326708,0.2292544975587231,0.026651144,0.036121607,0.08019018,0.01741743
solar,84,46784,50816,0.9730905156215488,0.251709432493184,0.07089758,0.25101805,0.23198223,0.089933395
solar,135,45056,51968,0.9730768506383304,0.1649165535637702,0.113497734,0.4671378,0.4508524,0.12978315
solar,32,47936,48512,0.9730748899582764,0.2794301551553689,0.06397581,0.0967145,0.13863516,0.02205515
solar,113,45632,47936,0.9730660883660026,0.2672471626675277,0.1797142,0.20707035,0.39348555,0.4208417
solar,35,44864,51776,0.973065881715858,0.2967393364740228,0.34575033,1.1372943,0.070952415,1.4120922
solar,32,45440,51200,0.9730541314658206,0.0135081322423947,0.20663452,2.6831238,0.26023746,2.7367268
solar,75,45056,51392,0.9730252521033292,0.250003354657711,0.09641218,0.47947025,0.37076712,0.20511532
solar,93,44544,46272,0.9730154703537868,0.298080545529441,1.8347032,0.03724861,1.8731859,0.0012340546
solar,66,43648,49984,0.9729940157992693,-0.11746156894902,0.23134947,0.049696445,0.030681133,0.25036478
solar,5,46016,46592,0.9729936564479352,0.0122255358371718,1.2098112,0.07739687,1.2916489,0.0044407845
solar,42,45056,50816,0.972980292349138,0.2284551421770937,0.00032377243,0.041142464,0.057059288,0.015593052
solar,27,46208,50816,0.972969889796834,0.2863503241100449,0.0012955666,0.1464796,0.1744628,0.029278755
solar,8,47936,49088,0.9729612641858952,0.256643270690902,0.16283607,0.05641985,0.123521805,0.09573412
solar,27,43136,46592,0.9729526275795224,0.250083149297047,1.8751454,0.0005059242,1.888485,0.013845444
solar,29,47360,47936,0.9729407958215924,0.2366674839720126,0.117486,0.053157806,0.14271832,0.31336212
solar,43,44224,48832,0.9729391176662344,0.0896130692834554,0.09802437,0.4456377,0.13300085,0.21461248
solar,1,46976,49280,0.972934237884716,0.2739398608784906,0.3456924,0.14324975,0.295655,0.19328713
solar,87,46528,49408,0.9729312990032204,0.0368792270188015,0.12289095,0.03272724,0.008268356,0.098432064
solar,38,45696,51456,0.9728968471780012,0.1868342435119782,0.28955626,0.07195711,0.18430233,0.17721105
solar,81,42752,47360,0.9728875246328824,0.1761909914618358,0.052220345,0.055771828,0.0255723,0.08241987
solar,32,47104,49408,0.9728856826557368,-0.0138284002406297,0.008043289,0.059573174,0.01884365,0.032686234
solar,39,47360,47936,0.9728701901856815,0.2327152806232092,0.0119018555,0.10079098,0.24709558,0.3359847
solar,57,42624,43200,0.9728378618972572,0.2290456887775779,0.004824877,0.3626926,0.14768553,0.21018219
solar,93,44096,52160,0.9728175970438556,0.0480119692497656,0.45149422,0.08082461,0.1006124,0.2700572
solar,8,43392,44544,0.9727934922312748,0.266456214690788,0.053349257,0.97799397,0.09560084,0.9357424
solar,41,47872,51904,0.9727794586733904,0.2074265544199332,2.2879393,0.566854,2.0371401,0.31605482
solar,62,42752,46208,0.9727638080264078,0.2737261067918768,0.104824066,0.03546095,0.26298904,0.19362593
solar,40,48256,49408,0.9727279651641512,-0.3127627136509716,0.14681697,0.4212942,0.33200955,0.23610163
solar,132,42560,43136,0.9726899362306928,0.1839336254115821,0.06152582,1.5705619,0.04030323,1.5917845
solar,39,45632,50816,0.972684357487946,0.2587886698301824,0.059189796,0.13247013,0.1889844,0.0026755333
solar,5,44544,52032,0.972669057294516,0.2138175055710061,1.3009453,0.059564114,1.3853981,0.024888754
solar,50,43968,48000,0.9726143462652342,0.0953798032216178,0.35525417,0.04641819,0.38610172,0.07726574
solar,43,46208,50816,0.9726137599786308,0.2208205780569075,0.008133411,0.3151884,0.24588919,0.06116581
solar,95,46784,50816,0.9726121040409316,0.231521373809593,0.082407,0.16216803,0.1862793,0.058295727
solar,128,47936,50240,0.9725963170725253,0.2549818229532026,0.29782724,0.6536274,0.011567593,0.36736774
solar,16,47936,50240,0.972584674212872,0.2545553369537902,0.122431755,0.46118975,0.2798214,0.058936596
solar,5,43712,44864,0.9725564581043036,-0.005493330771383,0.19111681,0.59123707,0.08933115,0.871685
solar,26,47360,49664,0.9725245073207452,0.2538547766823147,0.100168705,0.025130272,0.3192563,0.19395733
solar,108,43904,46208,0.9725007900560586,0.2287125436509967,0.07383156,0.11053085,0.13320065,0.051161766
solar,36,46784,50816,0.9724582374055962,0.2770723048294146,0.06712055,0.15397406,0.17480469,0.04628992
solar,102,46784,47936,0.9724282601454802,0.264217556710778,0.060566425,0.03456831,0.104176044,0.19931078
solar,22,42048,47808,0.9724028999635648,0.0482317556059726,0.24968052,0.04375744,0.014028072,0.21995115
solar,8,47360,51392,0.9724012668225356,0.2736078131671542,0.13244867,0.31375933,0.23763609,0.20857191
solar,114,48512,50816,0.9723945173257628,0.2496102494516082,0.07522583,0.13730335,0.14796543,0.06456375
solar,39,43520,47552,0.9723940483549116,0.2862282617261421,0.009939671,0.045632124,0.063741684,0.008169889
solar,101,47936,51392,0.972347240865664,0.2361855666827237,0.28102255,0.05957508,0.26552916,0.075068474
solar,65,50880,51456,0.972329139681144,-0.0428431424612614,0.8659065,0.09334898,0.86819196,0.0910635
solar,127,47360,50816,0.9722701722536692,0.2110481236330479,0.08238077,0.15799904,0.15106249,0.08931732
solar,115,43840,45568,0.9722636807267392,0.2294661527043965,0.37376308,0.2971468,0.6380036,0.032906294
solar,114,45632,49664,0.9722598378943152,0.2526556515421687,0.0576396,0.12989092,0.14151716,0.046013355
solar,32,43392,48000,0.9722560233221796,0.1279993024220799,0.21140766,0.10173321,0.23583674,0.12616229
solar,99,43072,47104,0.97224736847312,0.2628958504095631,0.47764206,0.0239923,0.2343359,0.26729846
solar,70,43904,45632,0.972215868571495,0.2369456287510357,0.009534836,0.20476484,0.18053818,0.0337615
solar,126,47936,51392,0.9722097088641604,0.1788837785752948,0.2840438,0.03379345,0.001830101,0.31966734
solar,81,46784,50816,0.9721780807598672,0.2665343505013358,0.017792225,0.25340748,0.16543531,0.10576439
solar,43,46144,47872,0.972177770459647,0.1742260720719247,0.15151954,0.8244858,0.13078499,0.80375123
solar,57,48704,49856,0.9721175929506594,0.2970620318275926,0.28779793,0.41212344,0.13759112,0.56233025
solar,78,46528,49408,0.9721101817289164,-0.0512757575674051,0.022166967,0.06827974,0.050173044,0.040273666
solar,122,43648,50560,0.9720909786403718,0.0546622679855258,0.15108347,0.1421895,0.04187107,0.050765038
solar,119,47936,51968,0.9720907990452756,0.2428983505188972,0.0035414696,0.0031075478,0.025031567,0.031680584
solar,78,48512,51392,0.9720486138251672,0.2362053779531685,0.24457312,0.42711496,0.017629623,0.20017147
solar,32,45056,50816,0.9720431524710708,0.1923932594015228,0.0221529,0.32225037,0.3191781,0.025225163
solar,120,42752,44480,0.9720299489741088,0.2485738811766075,0.096922874,0.02243805,0.024115562,0.14347649
solar,54,43072,47104,0.9720170840249768,-0.0385295065307379,0.079945564,0.031123638,0.036405087,0.01241684
solar,84,44480,49664,0.9720078295883724,0.213990644399284,0.07657051,0.054065228,0.167974,0.037338257
solar,123,43392,45120,0.9720001044063612,0.239065581498329,0.039431572,0.46147728,0.2595148,0.24139404
solar,16,42176,45056,0.9719751323832184,0.2258772571093698,0.19786024,0.24393606,0.28398848,0.15780783
solar,112,43712,52352,0.9719590060094512,0.2939450920619214,0.6564269,0.27805996,0.41902065,0.040653706
solar,113,43264,48448,0.9719478473035876,0.1531457266398689,0.023714542,1.9402137,0.006937027,1.9569912
solar,55,43328,49088,0.9719446150736972,0.2900030743457655,0.2472601,0.20905209,0.02067709,0.058885098
solar,76,42560,43136,0.9719310907687494,-0.172335616856906,0.12704706,2.7773325,0.053934097,2.5963514
solar,56,47360,47936,0.971919594960382,0.2298421392505803,0.06534767,0.14330626,0.19791222,0.2758708
solar,62,47936,49664,0.9719094615414302,0.2283768983299248,0.027263641,0.005797863,0.034495354,0.013029575
solar,10,44224,48832,0.9719058730611038,0.1329028645431121,0.09313917,0.2903304,9.250641e-05,0.19709873
solar,119,44224,52288,0.9718885980814748,0.0975511633718624,0.12653494,0.79436374,0.00374794,0.9246466
solar,60,46528,50560,0.9718817954061884,0.0553848935792601,0.07837343,0.09281397,0.06811428,0.10307312
solar,97,45632,50816,0.9718609279007374,0.2011893223930992,0.086723804,0.27768898,0.3238454,0.040567398
solar,46,42176,45632,0.971847334308958,0.2753238526075777,0.34338236,0.09498119,0.068825245,0.17957592
solar,15,44864,48896,0.9718385057335563,0.2688246136525591,0.21769595,0.8252723,0.18557286,0.8573954
solar,95,45632,47936,0.9718211005870196,0.2276277416933194,0.002348423,0.16091108,0.17048597,0.011923313
solar,71,45120,45696,0.9718202852188926,0.0625411502770569,0.003647089,0.42759824,0.5936153,0.16236997
solar,115,43072,49984,0.9717955137552388,-0.1721690531335042,0.037458897,0.06831932,0.074819565,0.04395914
solar,44,45696,49728,0.9717872330830029,0.2997126807910225,0.039052248,0.2952118,0.14698243,0.18728161
solar,132,49408,49984,0.971784552583336,0.123605851642363,0.10408306,0.044200897,0.058769703,0.11865187
solar,84,48384,48960,0.9717816270534576,-0.017073362416774,0.056764603,0.45273638,0.33367538,0.06229639
solar,60,50176,51328,0.9717563173541236,0.1318769106573231,0.881551,0.29332733,1.0276158,0.14726257
solar,21,48896,51200,0.9717367692235092,-0.120825497957,0.08324957,1.0242815,0.027493,1.1350241
solar,62,48960,50688,0.9717306484063511,0.1495173653778956,0.3556533,0.29413176,0.615201,0.034584045
solar,28,46528,49984,0.9717165920844856,0.1039893671787553,0.016545057,0.03148389,0.2767098,0.22868085
solar,79,42752,45056,0.9717019357073162,0.2333799855791918,0.06717348,0.08979988,0.06648636,0.090487
solar,12,43840,51328,0.9716934729272017,0.1527599822992728,1.1552064,0.04471898,0.81901836,0.2914691
solar,131,46784,50240,0.97168498232989,0.2241468578846008,0.030261517,0.36212206,0.26396608,0.06789446
solar,130,43648,47104,0.9716710295975372,-0.1046859807859801,0.04960084,0.0947597,0.033876896,0.011281967
solar,20,46784,51392,0.9716328386675178,0.2073623308514427,0.4783516,0.6556754,0.43437958,0.6117034
solar,133,46208,47936,0.9716146526987478,0.2306639745668986,0.04349184,0.33237314,0.336874,0.047992706
solar,20,42496,50560,0.9715884926338918,0.0587740585014293,0.17504215,0.30968356,0.3058784,0.17884731
solar,12,47104,50560,0.971580777168834,0.1649043199682719,0.22122097,0.011352539,0.07428312,0.15829039
solar,88,44864,49728,0.971577053739038,-0.0637794339931688,0.51847506,0.35941172,0.45047903,0.2914157
solar,135,46144,52480,0.9715687097337298,-0.0434003531875463,0.46506667,1.743998,0.5658603,1.8447917
solar,13,46784,50816,0.9715426457931022,0.1861748580148116,0.089820385,0.26744413,0.14215803,0.21510649
solar,56,44800,48256,0.9715092822204958,0.1773260371204751,0.34955215,0.16718602,0.20751858,0.3092196
solar,81,48704,49856,0.971500152332077,0.1627869453069409,0.31878972,0.62222457,0.22067237,0.7203419
solar,17,45632,50816,0.971488901212888,0.2341538235451414,0.048461914,0.20999432,0.23504543,0.023410797
solar,43,50176,51904,0.9714874771868393,0.2834750462120758,0.7001531,0.11602497,0.7763696,0.03980851
solar,7,42112,46144,0.9714835230311062,0.0709994182724988,1.0497806,0.11769366,1.2374537,0.30536675
solar,115,46400,49856,0.9714834078786758,0.145948636826729,0.15197086,0.46565723,0.21043229,0.4071958
solar,92,43136,50048,0.9714700011974934,0.1668300758729308,2.9961138,0.19900084,2.917842,0.12072897
solar,37,44544,47424,0.9714600234090156,0.0181542534177862,0.052444935,0.11035156,0.11900401,0.061097383
solar,1,51904,52480,0.971454387028972,0.029283883285943,0.048952103,1.9612467,0.25328946,2.165584
solar,76,49728,50880,0.971447533782562,0.2073501687803436,0.019297361,0.09014845,0.12172365,0.050872564
solar,122,42176,51712,0.971407660514676,0.2590533871560008,1.1645255,0.015959263,0.55773115,0.6227536
solar,111,43392,49728,0.9713782808314904,0.2834122678580061,0.110016584,0.43592668,0.09656119,0.2293489
solar,74,44416,44992,0.971344673699332,0.1377765604705843,0.161829,0.0067710876,0.08173323,0.07332468
solar,53,42560,43840,0.9713395511104056,0.1305732089399624,0.2007637,0.3424015,0.020626545,0.12101126
solar,29,45952,49984,0.9713289250055186,-0.1808750369007748,0.37565184,0.5603032,0.06722283,0.8687322
solar,133,49024,50176,0.9713235941746884,0.1972974178055096,2.202545,0.3797984,2.20726,0.38451338
solar,117,46784,51968,0.97131766802064,0.2456233620297752,0.057976723,0.4427185,0.22408628,0.27660894
solar,76,44800,46528,0.9712884174062356,-0.1087370870130803,0.1510315,0.25108814,0.17553067,0.22658896
solar,133,49984,50560,0.9712465048129126,0.1207666669634898,0.046530247,0.13849592,0.13582826,0.049197912
solar,24,47808,49536,0.9712399735301706,0.2495847087922881,0.06454706,0.06752586,0.06155014,0.070522785
solar,63,43136,47872,0.971231184430298,0.1835713524936804,1.3181529,0.33843136,0.88879967,0.09092188
solar,7,43328,43904,0.9712309018031818,0.2759411640664732,0.14969683,0.12734652,0.23603582,0.04100752
solar,27,45696,50176,0.9712203528005938,0.0515293335004576,0.059303522,0.9178984,0.040614128,0.9365878
solar,98,45504,47232,0.9712159027619592,0.2278835874635522,0.39992428,0.26926994,0.4312048,0.23798943
solar,101,42240,46848,0.9712008230483216,0.1750120236561986,0.16227603,0.13253498,0.07674575,0.0470047
solar,36,44288,52352,0.971197755768654,0.1103674048473251,0.118119955,2.0221953,0.15303779,1.9872775
solar,117,51904,52480,0.9711903035644168,0.0449095523845145,0.07162738,1.8286998,0.011262178,1.7683346
solar,105,45696,47424,0.9711867970851356,0.2984339903158873,0.03380537,0.12793231,0.10420132,0.010074377
solar,43,44288,51776,0.9711813445967952,0.0939138835484608,0.063016415,2.4736567,0.12900305,2.5396433
solar,31,46656,50112,0.9711781647231656,-0.0087080895669054,0.36400247,0.1059742,0.33421445,0.13576221
solar,47,50432,52160,0.9711556534544884,0.1346025074889353,0.2716477,0.0309484,0.17888594,0.123710155
solar,114,45696,49024,0.9711421916934504,0.296566243337441,0.23013163,2.0541298,0.04953575,1.873534
solar,41,45440,46016,0.97109313321266,0.1979525378683865,0.05980897,2.6921792,0.14201164,2.7743819
solar,75,46784,47936,0.9710900390216926,0.2301923409112826,0.0926857,0.058742046,0.058656693,0.09277105
solar,117,45056,50816,0.9710871064287668,0.278770252032879,0.024662971,0.07797861,0.093398094,0.009243488
solar,67,46784,51392,0.971051854525904,0.2549133746150915,0.050130367,0.13964462,0.09089422,0.09888077
solar,62,49024,52480,0.9710478928357223,0.0185526291971014,0.17331171,1.4465389,0.52573013,1.7989573
solar,92,42240,47424,0.9710019250086536,0.2981754602763036,0.008463621,0.90769315,0.41665626,0.48257327
solar,53,47936,50240,0.9709774585257336,0.2008874037093714,0.14169073,0.09341478,0.15788841,0.0772171
solar,68,43136,43712,0.9709749188409418,-0.1371250299277514,1.245523,0.20639849,0.9773207,0.061803818
solar,41,44928,47680,0.9709637007464162,-0.1492742346328033,0.22079515,0.68121624,0.3568349,0.1035862
solar,97,42176,48512,0.9709557878624872,0.2727752855564709,0.13350725,0.035204887,0.05757141,0.11114073
solar,59,42688,49024,0.9709467023707408,0.0989675737234467,0.07178593,0.3753307,0.30115104,0.0023937225
solar,131,45632,47936,0.9709229262578762,0.2415748878290068,0.02281475,0.10901594,0.58483934,0.45300865
solar,64,44480,50240,0.970913419936702,0.2432366810446,0.12567425,0.44181967,0.2830825,0.033062935
solar,53,46144,51904,0.9708757762779406,0.1373551156846712,0.37837362,0.12573266,0.07886171,0.33150268
solar,79,48512,51392,0.9708509193616006,0.2453893731378637,0.105563164,0.23660612,0.23950768,0.10266161
solar,42,44544,49728,0.9708485569443408,-0.0415003264830672,0.22706532,0.25775242,0.11261821,0.37219954
solar,61,45440,46016,0.9708400685142252,0.0403591231843689,0.05114436,2.4413218,0.21121097,2.6013885
solar,118,47360,51392,0.9708397625891442,0.1794506600962531,0.02913189,0.20847178,0.11867237,0.11893129
solar,84,43904,51392,0.9708182399221796,0.1511143753009718,0.059235096,0.19907808,0.18760633,0.047763348
solar,108,45696,46848,0.9708046165328176,0.2908623899380394,0.101370335,0.22277617,0.18951201,0.068106174
solar,109,45120,48576,0.9707542151663824,0.2413811703230766,0.03360486,0.12696671,0.060990334,0.09958124
solar,28,43840,47872,0.9707301133764364,0.2218051695649205,0.14652276,0.11795831,0.013682365,0.014882088
solar,68,47168,51776,0.9706778488345388,-0.0608291767313039,0.081623554,2.3012202,0.10765743,2.1119392
solar,71,49088,50816,0.9706772669473728,0.2035759662519078,0.004181385,0.13005161,0.12348461,0.0023856163
solar,30,44096,46400,0.9706746660850784,0.1695395222643101,0.41682148,0.100435734,0.08298254,0.3993683
solar,100,43136,50624,0.9706369160048948,0.1910516084780075,1.7203848,0.0834434,1.6237411,0.18008709
solar,28,50816,51968,0.9706323042261435,0.1589643983326078,0.07441616,0.23449612,0.4785099,0.16959763
solar,52,44224,47680,0.970607764480485,0.2561021057480356,0.13813329,0.38511539,0.13618064,0.38706803
solar,131,46592,50048,0.9706069739080868,0.1461109881133796,1.6988637,0.32180357,1.5824778,0.20541763
solar,78,46784,50816,0.970595544582898,0.2463631904605041,0.08457756,0.12195969,0.13991976,0.06661749
solar,0,46400,50432,0.97057205508124,0.2964890875215074,0.059692144,0.033873796,0.06325364,0.08907199
solar,17,42048,42624,0.9705620597440732,0.1453325535040713,0.27503395,0.36948156,0.6473141,0.0027985573
solar,24,43840,46144,0.9705467019605116,-0.0306354011919149,1.1987412,0.26281476,1.1174293,0.18150282
solar,108,44864,46592,0.9705201414143968,0.0250839370281979,0.07095051,0.011836529,0.19379568,0.27658272
solar,116,42112,50176,0.9705160611505388,0.2895362790248429,0.1346116,0.013112068,0.05450964,0.17600918
solar,119,49984,50560,0.970512517474924,0.0554999688141817,0.2893648,0.012138367,0.103291035,0.19821215
solar,5,49856,52160,0.970510676497194,-0.0014664727331185,0.0785265,0.093605995,0.13452554,0.037606955
solar,88,45632,50816,0.970480347694946,0.2037816166590492,0.044871807,0.09258318,0.08515358,0.052301407
solar,44,47808,50688,0.9704568028548844,0.156884475850938,0.17361069,0.2207284,0.21640968,0.1779294
solar,108,44480,49664,0.9704534444987738,0.2765126872603218,0.03895855,0.11169338,0.07464647,0.07600546
solar,116,43328,47936,0.9704393723705704,0.2327297858529149,0.14898157,0.01592207,0.119894505,0.045009136
solar,16,46528,49408,0.9704330141138132,0.0688790733412306,0.38276887,0.018458366,0.21917868,0.18204856
solar,118,44544,47424,0.9704185844164214,0.2140858560811026,0.3743558,0.14884734,0.33465004,0.1885531
solar,88,48320,50048,0.970395215694604,0.14837024054194,1.6553423,0.14842844,1.4481838,0.058730125
solar,120,43712,45440,0.9703903899893862,-0.0056820818961488,1.9579585,0.012452364,2.0383508,0.092844725
solar,6,46720,47872,0.970312504974029,0.2372197798519174,0.021512032,1.0964558,0.117242336,1.1921861
solar,129,48128,52160,0.970246497391286,0.1376855312894294,0.070595264,0.121391535,0.034312963,0.15767384
solar,133,42176,45632,0.9702242099609676,0.2802431807991522,0.06345129,0.017102718,0.02529192,0.05526209
solar,93,44224,46528,0.9702002117172168,0.0401436698426176,0.19160914,0.14931679,0.0020065308,0.044298887
solar,62,44096,49856,0.9701949200962412,0.248202001233447,0.23538804,0.5544772,0.0120482445,0.777817
solar,38,45056,50816,0.9701932758648188,0.2245417449509095,0.035711765,0.13574219,0.18098211,0.00952816
solar,77,46208,49664,0.9701878468051008,0.1339711654874859,0.035668373,0.31224632,0.35605383,0.07947588
solar,54,51584,52160,0.9701815876691336,-0.0425718982408258,0.17538762,0.04502535,0.23196507,0.10160279
solar,63,45120,45696,0.9701680757720376,0.2870741120254548,0.06797624,0.32604218,0.11203408,0.28198433
solar,45,43520,46976,0.9701616349095182,0.1470527798810118,0.033935547,0.4709661,0.39645648,0.10844517
solar,57,46208,50816,0.9701610184217264,0.1523544017938127,0.050097942,0.21877241,0.115205765,0.053468704
solar,24,43648,50560,0.9701591814723663,0.0510477369319738,0.09167957,0.12297678,0.10769224,0.076395035
solar,79,44544,45696,0.9701491823831327,0.2155427494225862,0.05066204,0.12239909,0.11129713,0.061764
solar,78,44800,51712,0.9701333247972972,0.1587722427358461,0.17428708,0.20063305,0.13047957,0.24444056
solar,134,46144,49600,0.9701321725761513,0.1252219542791564,0.1565969,0.54409575,0.11869621,0.26880264
solar,21,44224,46528,0.9701236129397148,0.0413128315186279,0.032771587,0.36808825,0.16521311,0.23564672
solar,103,45056,47936,0.9701184798697476,0.2202565724069685,0.1171813,0.15482712,0.19179535,0.08021307
solar,112,42048,43200,0.9701181031290244,0.2804992010329633,0.121469975,0.328732,0.1493535,0.057908535
solar,88,46208,50240,0.9701079758248244,0.1360360274008057,0.24356127,0.5963688,0.13291836,0.21988916
solar,112,48384,52416,0.9700933679870928,0.0049665160453114,0.0066776276,0.37427473,0.32293892,0.05801344
solar,76,44096,48128,0.970083452435827,0.1454179209260549,0.071529865,0.22804022,0.010910511,0.14559984
solar,128,46400,49280,0.9700220374454336,0.2513610096896514,0.166399,0.14612079,0.08117509,0.2313447
solar,5,42112,51904,0.9700040941361512,0.2053170515801382,1.2680838,0.039913177,1.4144258,0.10642886
solar,121,48256,49408,0.9699905722376084,0.2552248484648048,0.13449025,0.24896073,0.19146276,0.19198823
solar,10,49152,50880,0.9699813070701512,0.1979294141234711,0.25197768,0.022573948,0.06204939,0.29145312
solar,58,43136,47168,0.969967949354121,0.1613603110612302,2.0194201,0.0018076897,1.974834,0.04639387
solar,119,42048,51840,0.9699584158800612,0.2136265236024555,0.09466314,0.29729843,0.10476971,0.09786558
solar,94,46400,48128,0.969955667057386,0.0195356549734571,0.02014041,0.12264562,0.3785684,0.48107362
solar,41,43904,49664,0.969954006721808,0.2219088872110595,0.31505775,0.99707747,0.008996487,0.6730232
solar,100,44416,45568,0.9699253979474762,0.1352942087573623,0.14322853,0.028152466,0.11560941,0.00053334236
solar,128,43840,52480,0.9699154263238128,0.0848373648846443,0.0013620853,0.7022965,0.13367534,0.56998324
solar,72,43200,52416,0.9699127663451932,0.1371739899927751,0.13892102,0.04467678,0.116505384,0.06709242
solar,73,46016,46592,0.9699058202609844,0.1274559282939899,1.8455315,0.14035654,1.9387743,0.047113657
solar,57,50432,52160,0.96989808123703,0.0991495874396447,0.15626907,0.25051475,0.3569789,0.049804926
solar,4,42048,50112,0.96988211953933,-0.1416718689801639,0.19668412,0.16856742,0.17715049,0.18810105
solar,122,43136,44864,0.9698774909046736,0.0065056211564697,1.1629796,0.010987997,1.0966115,0.0773561
solar,102,47360,50816,0.9698755803725592,0.2088349497977921,0.08195162,0.23655272,0.16274166,0.31734276
solar,77,42624,51264,0.9698449137553196,0.1621923380818364,0.12950921,0.73918056,0.19199014,0.41768122
solar,74,44800,47104,0.9698110852480996,0.1445345628609172,0.1253221,0.11472249,0.14940333,0.09064126
solar,24,48256,48832,0.96976441492811,0.1591823325868925,0.09665918,0.23727512,0.26007414,0.07386017
solar,77,42560,50624,0.9697631439295396,0.2050265208018674,0.108166456,0.229285,0.11781001,0.21964145
solar,63,42816,46848,0.9697509093155772,0.0164918667418774,0.3261881,0.21333218,0.41974878,0.11977148
solar,100,46976,52160,0.9697380970558098,0.2024158181265326,0.12915325,0.2622757,0.063646555,0.3277824
solar,127,49088,51968,0.9697329659557712,0.2138838203862349,0.5090399,0.0128240585,0.660398,0.16418219
solar,4,44096,49280,0.9697059593190998,0.1675650454362586,0.28944063,0.043165922,0.040013075,0.29259348
solar,114,43072,45504,0.969686395193002,0.277461542901831,0.04311514,0.04987812,0.50040007,0.4074068
solar,74,42752,45056,0.969677034749417,0.2393545962490079,0.0551672,0.11824322,0.13232088,0.041089535
solar,117,43904,49664,0.9696594112247302,0.2013634665062755,0.039890766,0.025547504,0.05090189,0.014536381
solar,92,42112,43840,0.9696465581955658,0.1820664624745655,0.8365319,0.016391039,0.903522,0.0505991
solar,13,44352,50688,0.9696356608014098,0.228285332772283,0.032505035,0.272007,0.2229209,0.016581059
solar,118,42112,43264,0.9696340965328112,-0.045106852462463,2.4637418,0.035331488,2.602733,0.1743226
solar,108,46528,52288,0.969595903842862,-0.3108975190330871,0.0059108734,0.068143845,0.034265995,0.027966976
solar,132,46592,52352,0.9695606062097109,0.272634592127803,0.16412878,0.6577792,0.5606718,1.0543222
solar,104,44864,50624,0.9694855913289696,0.1535056214089642,2.0551581,0.035862207,2.0204349,0.0011389256
solar,21,46400,48128,0.9694682400049172,0.1330016199147968,0.13304448,0.287354,0.07348704,0.49388552
solar,101,46144,49024,0.9694617910960284,0.2489767423386638,0.21373773,0.39911723,0.06077051,0.12460899
solar,23,47872,50176,0.9694506355225112,0.1174920893284965,1.3016257,0.20064688,1.3318849,0.23090601
solar,29,44544,52032,0.9694475234465928,0.2052912777421408,0.63904524,0.18286681,0.8572786,0.035366535
solar,87,46016,48320,0.9694341603952448,0.0874076571666834,2.5592444,0.13712502,2.5817854,0.15966606
solar,134,42112,51904,0.9694176812174012,0.2253362510704665,1.6142576,0.20050883,1.5602918,0.14654303
solar,87,50880,51456,0.9694082965115708,0.1808202546463439,0.31749487,0.074281216,0.2827649,0.10901117
solar,7,44224,49408,0.9694024563758288,-0.2444373813680315,0.10351992,0.14199638,0.037539005,0.2079773
solar,18,50112,51840,0.969374845164482,0.1100189822117087,0.1201849,0.2360816,0.20264816,0.15361834
solar,55,43072,44352,0.9693710783085048,0.1210576795527009,0.18132257,0.16891623,0.7453468,0.39510798
solar,124,43200,43904,0.9693350358793924,0.2299328885999116,0.17583418,1.3192897,0.20049429,1.3439498
solar,45,45120,50304,0.9693344023643282,0.1386339053309612,0.4986949,0.252954,0.826313,0.074664116
solar,16,43520,47552,0.9693211021144024,0.0822290224232403,0.017992496,0.13123941,0.116286516,0.032945395
solar,58,44480,49664,0.969320629890404,0.2801040437123718,0.17179346,0.24015045,0.27626562,0.13567829
solar,109,42368,47552,0.9693155786816108,0.286921068730561,0.21215749,0.15044379,0.27104235,0.09155893
solar,15,47744,50624,0.9693142193410608,0.2057668075086484,2.3254125,0.17969322,2.38202,0.12308574
solar,83,44544,49152,0.9692917406764404,0.1868600847979183,0.10005522,0.07811928,0.038231373,0.060167313
solar,110,43328,51968,0.969271289829886,0.2127063236984621,0.19065428,0.13857555,0.49572134,0.44364262
solar,101,48320,51776,0.969259468338592,0.1643586985500153,0.10469246,2.6643543,0.11620951,2.6758714
solar,92,47104,48832,0.969256627223266,0.0944587385334219,0.1449194,0.048694134,0.12688065,0.06673288
solar,122,43200,50688,0.9692429680276936,0.1377172530611307,0.03845215,0.25968313,0.008784771,0.21244621
solar,43,48448,50752,0.9692165966572228,0.0668663347471299,0.359164,1.6652577,0.64591885,1.9520125
solar,70,44800,50560,0.9692150253318796,0.001400314399448,0.18917513,0.28541803,0.20815444,0.26643872
solar,0,44544,45120,0.9692061296650818,-0.1338892912995443,0.20509052,0.13932943,0.13877201,0.20564795
solar,121,43328,51392,0.9691954736815264,0.2509037553769636,0.071008205,0.29656076,0.36474085,0.0028281212
solar,29,48960,50688,0.9691946361254444,0.264394260232587,0.004348278,0.07542944,0.0828681,0.0030903816
solar,41,43136,50048,0.9691942935000684,0.1547261099522653,1.6659305,0.16907907,1.8188076,0.016201973
solar,66,42432,43712,0.9691738984641002,0.2697569691438315,1.2886796,0.5013428,0.89723396,0.10989714
solar,135,42624,45504,0.9691530469524864,-0.1237583907130959,0.021460056,0.17644644,0.1504736,0.004512787
solar,37,44928,47808,0.969129307640692,0.1986912131997179,0.122636795,0.21798277,0.31340218,0.027217388
solar,19,42176,47360,0.9691249949056198,0.0334415929122224,0.39302588,0.4145441,0.55536795,0.25220203
solar,106,42048,44352,0.9690928217351438,0.0611970685082334,0.29040575,0.11524296,0.66921043,0.26356173
solar,23,51392,51968,0.9690854760359756,0.1893087883582423,0.059337616,0.030349731,0.08030367,0.10929155
solar,64,44544,52480,0.9690673328178544,-0.3187420234376459,0.24131942,2.2649462,0.07685375,2.1004806
solar,96,43712,46592,0.9690553974432642,0.0417650360659213,0.3046944,0.1368444,0.2380619,0.2034769
solar,85,42752,43904,0.9690257275763676,0.2834884874581742,0.11524868,0.09871006,0.27909422,0.06513548
solar,72,44224,47680,0.9689542009586012,0.2997091258394131,0.18826294,0.44939804,0.17160225,0.46605873
solar,90,48384,52416,0.968924001242878,0.1987499097367034,0.20251799,0.61682415,0.3683529,0.045953274
solar,28,43200,47808,0.968912978873501,0.2010763832792251,0.06353426,0.0676136,0.08941412,0.04173374
solar,34,43072,48256,0.9688999434324324,0.1364273184341921,0.82308984,0.13851666,0.70739937,0.25420713
solar,104,50880,51456,0.9688618969562032,0.1462391604754121,0.9154997,0.059350252,0.76691985,0.20793009
solar,27,45952,48832,0.9688219862441528,-0.0853323857528691,0.035043955,0.30490327,0.2118423,0.058017015
solar,77,48896,50048,0.9688035609345248,0.1232253991403928,1.6813545,0.09316969,1.4889984,0.09918642
solar,120,43840,47296,0.9687856991457364,0.063194886518125,0.06095147,0.08330846,0.16598463,0.0217247
solar,104,50048,51776,0.9687488379057148,0.2049184014991772,0.2364397,0.6512475,0.4141512,0.473536
solar,51,47168,48896,0.968733226432719,0.2142072643155714,0.18620396,0.41314793,0.19466972,0.40468216
solar,52,43328,48512,0.9687258568721796,0.2929038857951199,0.3500085,0.0338192,0.2760496,0.10777807
solar,68,46528,48832,0.9687118224975408,0.1873680586074364,0.4408965,0.06990528,0.33618212,0.17461967
solar,129,42048,46656,0.9687094063280736,0.0612956660473044,0.018680573,0.21924114,0.14497805,0.055582523
solar,103,43648,48256,0.9686993559361148,0.2646110095812576,1.1960473,0.092675686,0.61104393,0.67767906
solar,54,44480,47360,0.9686794299681692,0.2736430240896453,0.059854984,0.1458497,0.13329172,0.07241297
solar,116,47168,52352,0.9686743314416176,0.2373046314056418,0.2270453,0.8633623,0.18869185,0.90171576
solar,16,44800,47680,0.968651495340374,0.0361844027679051,0.26007366,0.11803341,0.09897137,0.24101162
solar,4,44544,45568,0.9686429820187192,0.2262863392726313,0.16950893,0.24990988,0.05801177,0.47743058
solar,49,45120,45696,0.9686124267237542,-0.0826368228590242,0.0959537,0.20540524,0.12948275,0.17187619
solar,1,47360,51968,0.9685939496617636,0.0477008429553047,0.09651041,0.36421824,0.17692614,0.44463396
solar,50,45376,46528,0.9685888673687256,0.210273240959512,0.19061637,0.021615982,0.00034809113,0.16934848
solar,80,43200,46784,0.9685826979166956,0.2001568061829964,0.0279181,1.1087155,0.23001122,1.3666449
solar,56,45376,48832,0.9685773364491436,0.2949696258544815,0.51110744,0.030315876,0.19227314,0.34915018
solar,61,51392,51968,0.9685734648744424,0.183807383746601,0.18386078,0.3580451,0.06764221,0.24182653
solar,131,42560,48320,0.9685697503685636,0.0204544818806204,0.079143286,1.2928252,0.0553205,1.316648
solar,41,48256,52160,0.9685507549000736,0.0344677491046666,0.14180756,0.05334401,0.60694766,0.6954112
solar,14,46400,48128,0.968526210633357,0.0206975414895538,0.14131951,0.18147802,0.33026814,0.6530657
solar,69,44096,47552,0.9685153777459616,0.1574129541591957,0.05979371,0.29829168,0.20251608,0.15556931
solar,30,43520,47552,0.968501857122164,0.0357833138963724,0.16182137,0.3627212,0.40770435,0.20680451
solar,112,45696,52032,0.9685004803348464,0.2672122815251529,0.68284535,0.0034153461,0.43939543,0.24003458
solar,115,43328,47360,0.968481029290841,0.2654025475951898,0.12848282,0.14490175,0.25641966,0.016964912
solar,82,45888,51072,0.9684583242321466,0.1365626020484766,0.08789539,0.13037825,0.056714058,0.014231205
solar,100,43776,47232,0.9684397001596992,0.2219153226386407,0.27209997,0.10988808,0.091768265,0.07044363
solar,71,44864,49472,0.9684298994763344,-0.1103743267206909,0.13744354,1.2931576,0.3387518,1.4944658
solar,71,45824,51584,0.9684297062384398,0.2261295798011519,0.044043064,0.14665174,0.04879713,0.15140581
solar,48,46784,50816,0.9684226249396984,0.2048969912916654,0.07713318,0.13814831,0.1487484,0.06653309
solar,73,47744,49472,0.9684093526713864,0.0259257122066664,0.016355515,0.2018795,0.10092831,0.2864523
solar,11,45120,49152,0.9684053176883978,0.2556176950968754,0.16373706,0.16927838,0.21999788,0.11301756
solar,38,49408,50560,0.9683771083455298,0.1612749527981997,0.11639786,0.01862669,0.016039371,0.15106392
solar,15,47552,52160,0.9683478249260874,0.153309575066754,0.019118786,0.28047037,0.2434578,0.017893791
solar,48,43648,44800,0.9683413894839726,0.1340363188445789,0.1376791,0.11551309,0.1376524,0.11553979
solar,23,42048,49536,0.9683316059435452,0.1101433575748199,0.034952164,0.104418516,0.04625225,0.18562293
solar,32,49984,51136,0.968302653933692,-0.1804151007655494,0.08704567,0.18648863,0.3593669,0.25992393
solar,94,47424,50880,0.9682614562605164,0.1647732384130515,0.015807867,0.80714893,0.2549324,0.5680244
solar,60,44544,48576,0.968258496796721,0.1796860521557648,0.27683902,0.114976406,0.19435716,0.032494545
solar,116,43904,45632,0.9682569124897478,0.2355092257136292,0.023557186,0.10344267,0.07855511,0.048444748
solar,7,43520,50432,0.9682246079501826,0.291045745177574,0.099393845,0.2671249,0.2732587,0.09326005
solar,103,43776,51840,0.968220752546592,0.2377780294102926,0.08838892,0.39545107,0.011422634,0.29563951
solar,49,42752,51392,0.9682033312042008,0.2664707039995686,0.06449509,0.37132978,0.11027002,0.19656467
solar,75,48000,48576,0.9681919791248632,0.2658412110917169,0.635468,0.06635761,0.54324126,0.025869131
solar,35,49856,50432,0.9681752285432218,0.1722024386723001,0.27702093,0.17223167,0.26800513,0.18124747
solar,113,46272,49728,0.9681625815585028,0.1657540134252953,0.22042418,0.6188865,0.093005896,0.74630475
solar,84,42176,45056,0.968152917829977,0.1393669005167514,0.22875977,0.5685916,0.71482944,0.082521915
solar,65,47680,48256,0.9681505861902991,0.0731377334014576,0.1129446,0.24506068,0.30864,0.049365282
solar,133,43648,46528,0.9681503768300942,0.2972970477066116,0.080463886,0.042576313,0.08191824,0.11980581
solar,70,43520,49856,0.968134858601841,0.2552605178214321,0.11983681,0.2558527,0.18896341,0.1867261
solar,114,50240,51392,0.9681260200024736,0.1618606868730603,0.015451908,0.18235683,0.33559895,0.16869402
solar,86,45696,49728,0.9681192010906516,0.2396893945343776,0.047845602,0.37822485,0.28050518,0.049874067
solar,39,43392,50880,0.9680851849617578,0.2468465355221651,0.056057215,1.1496425,0.22282791,0.87075734
solar,13,42752,44480,0.968067033899174,0.2048236757259902,0.070879936,0.12754822,0.07599878,0.12242937
solar,11,46592,47744,0.9680658888696438,0.2868488433438443,0.23254251,0.6793108,0.21133661,0.7005167
solar,OT,42112,49600,0.968050050687726,0.0447665928431672,1.287735,0.19208717,1.2895138,0.19386601
solar,23,46272,52032,0.9679986502162824,0.1908199521244321,0.118127346,0.109668255,0.05758214,0.06604123
solar,13,44416,46144,0.9679818364448388,0.2713834570144537,0.52617025,0.2846582,0.31410193,0.072589874
solar,40,45440,52352,0.9679631878852158,0.0872993991323837,0.0997107,2.034,0.17408633,1.7602029
solar,57,44800,45376,0.9679604319909204,0.0881892790861533,0.1397996,0.06793356,0.009305477,0.08117151
solar,115,42752,45632,0.9679560590072228,0.1797183089446357,0.12801504,0.21420527,0.24945307,0.09276724
solar,89,44480,46784,0.9679472504429903,0.1758785378438947,0.018300533,0.113238335,0.101933,0.006995201
solar,94,46976,49856,0.9679415721322971,0.2600913082600635,0.047739983,0.022653103,0.095466614,0.070379734
solar,73,43008,52224,0.9679223209683846,0.1488588078199843,0.71991825,0.5192919,0.9883652,0.25084496
solar,64,43328,47936,0.9678755811441772,0.2937433769306403,0.07636976,0.042867184,0.06432867,0.09783125
solar,83,42048,44928,0.9677836264154442,0.2048119095396288,0.06732464,0.112550735,0.0775547,0.032328606
solar,130,51712,52288,0.9677795614097172,0.283838082002136,0.26580906,0.84206223,0.13080072,0.44545245
solar,13,43392,44544,0.967748820206328,0.1839726415274063,0.054774046,0.7553005,0.31085777,0.4992168
solar,57,45056,49664,0.9677471755526424,0.2296517944671967,0.06771946,0.16294241,0.16179752,0.06657457
solar,4,45120,46848,0.9677422340564996,0.1316873747927534,0.3418498,0.0760448,0.2243123,0.1935823
solar,28,50304,52032,0.9677025581029446,0.074305847420978,0.17194796,0.2484777,0.18534207,0.10881233
solar,24,46528,49408,0.9677025465515856,0.039476834088687,0.017040253,0.1573143,0.085015774,0.055258274
solar,12,45376,48832,0.967698031487947,0.1887555170398393,0.39894438,0.018264294,0.18544292,0.19523716
solar,54,47872,51456,0.967686761580224,-0.1199469289338542,1.0472393,0.12386179,0.7495918,0.17378569
solar,68,50240,50816,0.9676719477371384,0.0274903312156794,0.008182526,0.16902828,0.14230776,0.03490305
solar,54,45248,48704,0.9676350123797578,0.2174759064530242,0.12304354,0.17633724,0.21469736,0.08468342
solar,43,43904,47936,0.9676266478654988,0.1990946158124143,0.32205248,0.06837034,0.08052921,0.17315292
solar,85,44544,48000,0.9675786536585692,0.2850197675480294,0.19125533,0.8223114,0.23277378,0.86382985
solar,86,46528,49856,0.9675714046062224,0.0247860801223854,0.23574686,0.64008284,0.4849012,0.88923717
solar,55,43392,45696,0.9675648037440964,0.1436508209015725,0.12989688,0.1733439,0.10938954,0.19385123
solar,133,42752,50240,0.9675461091327552,0.2434194831710027,0.15639496,0.16633606,0.0643363,0.0543952
solar,72,43520,47552,0.9675404069273876,0.2454861782654368,0.020915031,0.11808896,0.11518431,0.023819685
solar,8,43520,50432,0.9675324204073708,0.2418048523013613,0.10658741,0.2109313,0.14382696,0.17369175
solar,39,42816,52032,0.9674892241602132,0.1551575657134161,0.9768717,0.02434206,1.051085,0.049871206
solar,56,45696,49728,0.967455262364807,0.104769121668405,0.11899662,0.386693,0.21251082,0.055185556
solar,24,42176,47360,0.9674480871506914,0.2803261415444039,0.26673937,0.12327814,0.2415266,0.1484909
solar,67,42624,45504,0.9674325749007864,0.2823741023509232,0.11300278,0.02243042,0.0040385723,0.13947177
solar,74,42112,52480,0.9674124875074044,0.1198526678874439,0.06299591,1.0464816,0.19331264,0.9161649
solar,50,49472,50048,0.967410815332858,0.0048135494111957,2.0086632,0.015959978,2.0253139,0.0006906986
solar,117,47104,49984,0.9673888096144936,0.054873995019776,0.62928486,0.20024872,0.59315085,0.23638272
solar,127,45696,51456,0.9673649539675024,0.165277579220037,0.018535376,0.67628884,0.16864848,0.52617574
solar,65,42752,45632,0.9673556681690804,0.2797711552024409,0.051858425,0.0029125214,0.005458832,0.06022978
solar,10,46144,47296,0.9673387310974214,0.1167228253308136,0.23094177,0.21297526,0.1851337,0.62905073
solar,72,42816,46272,0.967338683521411,0.1821116946519244,0.28739834,0.18618536,0.45041394,0.023169756
solar,8,43776,50688,0.9673291302035004,0.067526029374827,0.2741332,0.24008703,0.35805988,0.15616035
solar,28,45696,50176,0.9673258549878918,0.0562303841047643,0.030672073,0.886559,0.07568717,0.78019977
solar,97,51136,51712,0.9673249425161694,0.1393343415103692,0.054789066,0.016699791,0.021182537,0.092671394
solar,34,43520,46976,0.9672977886346906,0.2533245910383884,0.029576302,0.3454337,0.22447395,0.15053606
solar,24,42112,42688,0.9672890848305008,0.0115623538793179,1.3951981,0.005657673,1.5826828,0.18182707
solar,116,42560,48896,0.967268700992389,0.2335350366383274,0.10515714,1.2483256,0.22255254,1.1309302
solar,99,42752,50816,0.9672560669672507,0.1158220028663686,0.001136303,0.075696945,0.11203766,0.03520441
solar,75,46400,47552,0.967235572608594,0.2115030400292586,0.060863733,0.11512923,0.03345847,0.1425345
solar,79,45120,50304,0.967217966869392,0.2013038683279439,0.15972877,0.32693744,0.13018608,0.03702259
solar,66,46080,47808,0.9672142610508768,0.2422992981525565,0.04298973,0.107583046,0.16719437,0.10260105
solar,80,47744,51776,0.96719975649131,0.2000764176226874,0.16706228,0.21327734,0.059373856,0.32096577
solar,15,42560,46592,0.9671953448141438,0.1362045417850107,0.24146652,0.4298861,0.28376412,0.3875885
solar,125,49088,51392,0.9671538306518273,0.1879461723698929,0.025861263,0.026305199,0.029238224,0.022928238
solar,22,43520,46976,0.967137244657843,0.0965645798467676,0.22961974,0.29990292,0.34904075,0.27875757
solar,92,45632,47936,0.967091126508836,0.1606032334786649,0.12116051,0.25052786,0.6375804,0.26589203
solar,31,51200,51648,0.9670775777820358,0.1782025419851502,0.110639095,0.5666981,0.56417847,1.2415156
solar,9,45824,46400,0.9670528960149056,0.2076068262815279,0.36830735,0.120410204,0.3508253,0.13789225
solar,126,48000,49728,0.9669648180526093,0.2959829358131461,0.20057774,0.39357066,0.1828723,0.37586522
solar,70,43200,48832,0.9669640393861366,0.2028471427823407,0.31707358,0.34153223,0.28186512,0.30632377
solar,66,43520,50432,0.9669630849741718,0.2475785038849222,0.06291962,0.083705425,0.0966773,0.04994774
solar,32,47808,52416,0.9669587724406508,0.2883457401554176,0.32380342,0.07001734,0.04181385,0.29559994
solar,109,44288,47744,0.9669357451826688,0.1363428157564948,0.2254808,1.1295757,0.22530961,1.1297469
solar,53,43520,48128,0.9669132414471696,0.022620367530288,0.02544856,0.5399096,0.041054726,0.55551577
solar,65,45504,47808,0.9669100310912664,0.0283008740154107,0.09099007,0.08310509,0.0018854141,0.005999565
solar,130,46976,47552,0.966909720589573,0.2398547053785349,0.049224377,0.039904833,0.012507439,0.07662177
solar,25,47296,50752,0.9669028349497109,-0.0455866373700647,0.13144207,1.6794682,0.176862,1.7248881
solar,118,45120,46848,0.9668822388313166,0.1778759181156075,0.062288284,0.21134162,0.18787766,0.03882432
solar,42,43648,47104,0.9668692740717914,0.0281192433633526,0.033943176,0.20931578,0.2068963,0.036362648
solar,107,46656,52416,0.9668599804161244,0.0563239808521095,0.023011684,0.5033736,0.4818797,0.0015177727
solar,105,50432,52160,0.966856975953866,0.0888457299496908,0.1577537,0.14260077,0.05327487,0.24707961
solar,75,44480,50816,0.9668367213335312,0.1989493333337408,0.06675482,0.06441116,0.13461828,0.003452301
solar,95,49664,50240,0.9668302697009564,0.1455794224614259,0.013173103,0.3125882,0.10767031,0.21809101
solar,70,47168,51776,0.9668184390290414,0.2483462507489058,0.079606056,2.0196273,0.17092776,1.9283056
solar,111,42752,49664,0.9667750900254866,0.2883419362525354,0.065608025,0.09177303,0.1282463,0.1020813
solar,90,42112,49600,0.9667639898084024,0.242770344592842,0.18501759,0.10511398,0.20800972,0.4981413
solar,72,46464,51200,0.9667289312751336,0.1717607371757709,1.6320653,0.71251726,1.2265639,0.3070159
solar,17,46400,46976,0.966717851897936,0.2568202637038814,0.23604822,0.06696248,0.18202686,0.12098384
solar,93,43200,51264,0.9667058550226124,0.2468213967431398,0.11400485,0.39790106,0.3453524,0.061456203
solar,122,44224,49984,0.9666581844083224,-0.0937706736203323,0.25516486,0.38688183,0.002409935,0.12930703
solar,7,48704,49856,0.966651198708442,0.2707350504933961,0.21729279,0.25008082,0.07248616,0.39488745
solar,75,43968,44544,0.9666406157284712,-0.0412494606722529,0.074898005,0.33602142,0.49734974,0.08643031
solar,51,43648,48256,0.966637256561428,-0.0527258175309456,0.9208517,0.16935134,0.607584,0.48261905
solar,22,43648,44800,0.9666291289290856,0.0035126117575409,0.16196775,0.53800654,0.2195499,0.1564889
solar,22,45120,48576,0.966619814872154,0.1691312440983941,0.05523348,0.059681892,0.0147407055,0.01918912
solar,82,51200,52352,0.9666145238223532,0.2316531535788543,0.1264453,0.036461353,0.15294266,0.009963989
solar,119,43904,48512,0.9665805986328472,0.1845950457758488,0.06339407,0.1288886,0.12420511,0.068077564
solar,25,42816,45696,0.9665716329992056,-0.1637630827808566,0.08578324,1.2048624,0.2028284,0.9162507
solar,102,44288,49024,0.9665687261797886,0.0018988898237398,0.42951536,0.3526969,0.2690742,0.19225574
solar,77,46272,51456,0.966564480297378,0.2020414096893482,0.08063507,0.06836963,0.0319736,0.044239044
solar,47,43904,45632,0.9665322326793508,0.299168013385867,0.06873846,0.06406498,0.10359907,0.029204369
solar,46,50496,51200,0.9665216261985144,0.2882634501981816,0.22991705,0.35015154,0.05833292,0.06190157
solar,84,42816,48576,0.9665172156987838,0.2073568604291258,0.13353395,0.272156,0.044175863,0.09444618
solar,72,42176,42752,0.966512978451643,0.2648217608184704,0.005051136,0.037463665,0.055031776,0.012516975
solar,110,43904,51392,0.9664648807656137,0.187462521400463,0.12130213,0.48938656,0.08133268,0.28675175
solar,9,45056,49664,0.96645805760981,0.1682329043032461,0.048393726,0.06488943,0.037707806,0.15099096
solar,106,43648,44800,0.9664546315318788,0.2815025121368867,0.26850462,0.2412281,0.17113543,0.3385973
solar,110,42368,46400,0.9664299932118708,0.1230702951600006,0.35173225,0.006558895,0.03652358,0.32176757
solar,33,42752,45632,0.9663998650587672,-0.1710682343807552,0.09017801,0.11294937,0.08197212,0.12115526
solar,121,47104,48832,0.9663586012089862,0.088549418151664,0.023847103,0.36133218,0.12309337,0.21439171
solar,13,49472,50624,0.9663035009829228,0.224939871990175,0.8984418,0.21641421,0.966918,0.14793801
solar,98,46144,47872,0.9662943044485038,0.1084888506151839,0.030787945,0.47708225,0.06812143,0.57599163
solar,0,43136,52224,0.9662705865030656,0.0339626202389459,0.7362356,0.60651875,0.83065367,0.5121007
solar,19,43648,48128,0.9662663142177418,0.0058711825317611,0.66506195,0.30366087,0.62059665,0.25919557
solar,124,46272,49728,0.9662616154739828,0.2156272892376938,0.0056569576,1.4138772,0.12465167,1.2835686
solar,79,43200,51264,0.9662611858797662,0.2098985844807406,0.82134485,0.09591675,0.5804615,0.3368001
solar,44,49472,50048,0.9662582595792072,-0.2929297482781415,0.20480919,0.27799463,0.20901537,0.27378845
solar,46,44800,46528,0.9662512491737764,0.1720699432712442,0.37089443,0.43088293,0.2616408,0.5401366
solar,35,42048,46656,0.9662499491043388,0.0903730984350899,0.18658733,0.14825153,0.13262224,0.20221663
solar,49,45632,47936,0.9662408620725677,0.1862437811722241,0.08351421,0.004720688,0.044332027,0.0344615
solar,113,44544,49152,0.966231928141273,0.1929515284176693,0.26762867,0.08355141,0.21213603,0.13904405
solar,18,45248,51008,0.9662240402881778,0.146251642795984,0.24658203,0.28830576,0.49260664,0.04228115
solar,112,45120,48000,0.9662090006019408,0.1356974409691762,0.2002585,0.20101666,0.27836847,0.122906685
solar,78,43136,51776,0.9661645537862158,0.1391086961080905,0.36844206,0.013557434,0.4000826,0.018083096
solar,3,43968,45120,0.9661371416675956,0.2901739891733437,0.049687624,0.012642384,0.019290209,0.0430398
solar,22,43200,48960,0.9661307784132276,0.2551077576169845,0.10289574,0.044519424,0.05416107,0.112537384
solar,84,47360,47936,0.966124836733956,0.1532546957908635,0.10226107,0.092977524,0.101641655,0.093596935
solar,38,47168,51200,0.966124030574831,0.1331977312774386,0.15596914,1.6100383,0.14032364,1.6256838
solar,115,49472,50624,0.966100911863618,0.2325501196901993,0.6610844,0.15985703,0.6760249,0.14491653
solar,79,47104,48832,0.966069622066254,0.2834231966037656,0.10286665,0.020120382,0.05147004,0.07151699
solar,10,43136,47872,0.9660647863676664,-0.0652042081058682,1.9652038,0.49324226,1.5823064,0.11034489
solar,131,42752,47360,0.9660486639125324,0.1821306431459131,0.039947987,0.035517693,0.0076065063,0.083072186
solar,88,42048,43072,0.9660244701483868,0.0932149770410296,0.030474901,0.6880803,0.102694035,0.6158612
solar,51,47936,49088,0.9660178698915152,0.1267905360736146,0.054279804,0.1104393,0.051540375,0.0046191216
solar,1,44800,49984,0.9660011693428782,-0.0507527744035641,0.04867673,0.022742271,0.10785675,0.17927575
solar,63,45376,49408,0.9659980052433726,0.193855621820874,0.056790352,0.19509745,0.17401648,0.03570938
solar,98,50880,52032,0.9659888603225006,-0.1372052320359612,0.72976875,0.2196405,0.97808886,0.02867961
solar,75,43712,52352,0.9659879422934452,-0.2292295380407286,0.12923765,0.41620922,0.107031345,0.43841553
solar,58,42048,47232,0.9659710201152468,0.2113943302046926,0.0799489,0.064024925,0.04734516,0.096628666
solar,99,42176,43904,0.9659625746199576,0.2743274887656814,0.083692074,0.12641811,0.19093895,0.019171238
solar,73,43776,47808,0.9659536310492092,-0.1654547026364825,0.039675474,0.42085075,0.40905237,0.051473856
solar,73,46720,49024,0.9659464727945994,0.0346497237796253,0.03382826,0.29959416,0.19561648,0.13780594
solar,72,48000,52032,0.9659262198606086,0.2570518490880318,0.641129,0.07497454,0.7850175,0.06891394
solar,113,45696,50880,0.9659249433383452,0.0619673972755358,0.05624485,0.6365781,0.24405742,0.33627582
solar,106,49856,50432,0.9659189682652838,0.2929777053827153,0.32169175,0.12237954,0.041989326,0.24130154
solar,106,46848,50880,0.9659140137258772,0.2901065652498218,0.13462687,0.4703684,0.09395552,0.51103973
solar,2,42112,49024,0.9659119819432777,0.230832770847736,1.1851101,0.13427687,0.9967952,0.054038048
solar,124,51392,51968,0.9659017061886638,0.1703988221286842,0.29231882,0.27974033,0.045951843,0.033373356
solar,119,45120,46272,0.9658977313363266,0.1739632364013212,0.16745639,0.20972991,0.34422088,0.03296542
solar,60,43840,50752,0.9658920185926662,0.2524228599528044,0.071866274,0.12202358,0.21096754,0.16081023
solar,39,44800,48832,0.9658813066538344,0.044704247872754,0.012904167,0.07883167,0.08730841,0.021380901
solar,4,45632,51968,0.965871764027347,0.2577315060797093,0.10006285,0.015172482,0.08822489,0.02701044
solar,68,50112,51264,0.9658623769772012,-0.0346377686895813,0.4120717,0.14617705,0.33742666,0.07153201
solar,102,46144,47872,0.9658504855594766,-0.0238307835835858,0.57358956,2.5547535,0.888464,2.869628
solar,96,49472,52352,0.9658462574411004,0.1272449035488359,0.20365286,1.9209359,0.100767374,1.8180504
solar,93,43904,47360,0.9658420848180131,0.2855253409592037,0.0460248,0.14826107,0.12261391,0.07167196
solar,54,43776,50688,0.9658351034464328,0.2493420148739326,0.030650139,0.2688203,0.21087456,0.02729559
solar,18,51264,51712,0.9658233690372052,-0.036933434647069,0.335454,0.87397623,0.28929853,0.9201317
solar,104,42048,43648,0.9658197825604854,-0.057474087749921,0.22949076,0.3151784,0.08152819,0.16721582
solar,19,47424,50880,0.9657904620348756,0.0592817740765072,0.028651,0.22275329,0.14967036,0.044431925
solar,98,47936,49664,0.9657785988797096,-0.0705552216165595,0.12835932,0.030908108,0.0359931,0.06145811
solar,13,44224,52288,0.9657763805996628,0.0001044520511692,0.078639984,0.5195856,0.03059578,0.5676298
solar,6,44800,47104,0.9657264602661696,-0.0209973842090191,0.25650644,0.31386423,0.14096975,0.42940092
solar,55,45120,50304,0.9657212025670792,0.1778210999330861,0.14109492,0.10216093,0.21439314,0.028862715
solar,113,49280,52160,0.9657130714731272,0.2719886199074429,0.07249498,0.05019355,0.030795336,0.091893196
solar,45,42176,45632,0.9657088041555726,0.0351824796351788,0.09754133,0.46379662,0.40414572,0.037890434
solar,86,43328,50240,0.9656545052987928,0.2945445202420751,0.010986805,0.09044075,0.09482002,0.0066075325
solar,78,42432,51200,0.9655997243042858,-0.0228047804567299,0.37368584,0.4712143,0.39528847,0.44961166
solar,42,44800,50560,0.9655863836440272,0.1661941356124393,0.27033973,0.40221667,0.24193287,0.11005592
solar,17,46592,49472,0.9655578705061229,0.0311526893746155,0.10659027,0.11402941,0.42121172,0.20059204
solar,94,43200,50688,0.9655532905827764,0.0542423052689347,0.08979082,0.5029888,0.24185419,0.35092545
solar,62,45376,47232,0.9655488543080664,0.2705148224414055,0.19796562,0.18252325,0.44915438,0.068665504
solar,24,45696,49728,0.96553962681184,-0.3089298272194646,0.09349394,0.0987432,0.052088737,0.046839476
solar,46,43328,48512,0.96553122960118,0.2635583846676856,0.21584511,0.3051386,0.3979907,0.12299299
solar,26,42816,51456,0.9655141905371666,0.1155927243140983,0.83840847,0.093690634,0.70879936,0.035918474
solar,86,42176,45056,0.9654848602332132,0.1777798140782825,0.16927528,0.05187893,0.019420147,0.09797621
solar,26,44288,51776,0.9654456691324426,0.1443815242269808,0.08291173,2.4514863,0.07147336,2.440048
solar,128,42752,50816,0.965438477782436,0.1160295044903284,0.028018951,0.121034145,0.14754868,0.0015044212
solar,117,47680,48832,0.9654319198279484,0.2747216447911016,0.2236824,0.02436924,0.12223959,0.12581205
solar,41,43328,51392,0.965430393950198,0.2083751067689235,0.06224966,0.49346685,0.22161818,0.33409834
solar,123,44544,46848,0.9653944895497047,0.1877744326425363,0.9719708,0.0010659695,0.84006786,0.1329689
solar,107,48896,51200,0.9653672458893636,0.1356541257617329,0.13180065,1.747551,0.16204262,2.0413942
solar,53,49856,52160,0.9653518476845102,0.2644060607540054,0.31587863,0.20910263,0.45078278,0.074198484
solar,38,45376,47680,0.9653039096197046,-0.2032330327237689,0.05937338,0.21969748,0.09222937,0.18684149
solar,74,50176,50752,0.9652954442332342,0.2004913216505434,0.31538463,0.233773,0.45476794,0.09438968
solar,91,43648,46528,0.9652504931697492,0.0924400647448365,0.07654953,0.06588793,0.009799004,0.020460606
solar,109,43904,49664,0.965243130750566,0.1621069880214501,0.026820183,0.018754005,0.025609016,0.033675194
solar,111,43200,44352,0.9652282379687068,-0.0068769928884018,0.08451605,0.19649267,0.006567478,0.105409145
solar,27,42176,46784,0.9651994572871654,0.2450321830350749,0.13712215,0.0723176,0.062137127,0.14730263
solar,76,43200,44352,0.9651833354240305,-0.0320865387566276,0.24561453,0.045455456,0.28364515,0.0074248314
solar,114,43520,49280,0.9651371160001848,0.2543601967682066,0.053239822,0.016838789,0.039119482,0.075520515
solar,98,43520,47552,0.965136403798821,0.2622316338802251,0.2891407,0.24059844,0.10215616,0.15069842
solar,OT,49728,51328,0.9651358418211324,0.0962775039378339,0.012508154,0.05144167,0.28566146,0.22171164
solar,18,45056,50240,0.9651029141401593,0.2823045137585076,0.2588396,0.11529064,0.098854065,0.24240303
solar,32,44096,46400,0.9650978395616978,-0.0454586674636865,0.014545679,0.28509164,0.17204762,0.098498344
solar,17,45696,49728,0.9650952165559712,0.1148073918487988,0.18113446,0.3559904,0.2391901,0.064334154
solar,57,44416,49024,0.9650674222868428,0.2081973920629721,0.23878932,0.10204649,0.04151106,0.17825389
solar,35,43200,44352,0.9650391714426024,-0.0638112122093139,0.0574708,0.014246941,0.34194875,0.270231
solar,41,47360,50816,0.96500988350177,0.1954767633903709,0.066494465,0.54050875,0.07797098,0.55198526
solar,14,43136,44864,0.9649835546236598,0.1364192956807427,0.5400772,0.4102521,0.17906332,0.049238205
solar,125,51200,51776,0.964936984432482,0.2741318236565196,0.12495613,0.25370264,0.35690737,0.48565388
solar,75,50176,51456,0.9649303838311786,0.224664040653265,1.5968099,0.05863762,1.8568153,0.20136786
solar,16,43392,44544,0.9648880461817492,0.2260698662807748,0.06320143,0.6390581,0.17050219,0.53175735
solar,90,43392,45120,0.9648876945929789,0.1389210773226782,0.07662177,0.46771693,0.2947197,0.096375465
solar,8,46016,50624,0.9648405595143912,0.083516562383144,2.3973093,0.0006210804,2.2858946,0.11203575
solar,91,48320,51200,0.9648221643918604,0.197006535567486,0.24559045,2.1386995,0.023863554,1.9169726
solar,40,42048,51840,0.9648045410933384,0.2646842217407995,0.22137618,0.45978975,0.56932783,0.1118381
solar,96,47744,51776,0.964801051027193,0.1575175999926933,0.1381898,0.55841064,0.11216307,0.8087635
solar,108,45504,51136,0.9647805971133748,-0.3757208625324416,0.40372276,0.66413116,0.22903633,0.48944473
solar,41,45376,49408,0.9647393313661584,-0.0398705500168722,0.032738686,0.04725361,0.0051908493,0.08518314
solar,16,43968,45696,0.9647355252954254,0.2354164437057002,0.15892196,0.14345765,0.2329781,0.0694015
solar,125,44096,50432,0.9647157108700988,0.2599855371903044,0.25646925,0.018133402,0.08672905,0.1878736
solar,28,47744,48896,0.9646997072376896,-0.0229885873022403,0.23704243,0.24423647,0.054184914,0.42709398
solar,29,48512,50816,0.9646691586177172,0.1286392322090264,0.012336731,0.3646288,0.0716548,0.30531073
solar,70,46528,52288,0.9646676639518376,0.1569754691291632,0.23758936,0.063150644,0.01732874,0.19176745
solar,120,42368,48704,0.964658454435484,0.1149565214547608,0.17622375,0.00232625,0.009544373,0.16435313
solar,123,43904,49664,0.9646085445158428,0.2961110454637555,0.23627996,0.016760826,0.12991905,0.12312174
solar,85,46592,47872,0.9645781622870488,-0.0286039949742609,0.109694004,0.4469304,0.102436066,0.23480034
solar,81,42816,49152,0.9645741033092506,0.0691178909340613,0.110373974,0.21478772,0.0131464,0.09126735
solar,125,42240,52032,0.9645302481059947,0.0266479468353166,0.3396957,1.0298188,0.11097574,0.8010988
solar,15,43008,46016,0.9645056186817456,0.2127868411111585,2.0639694,0.54023385,1.9132397,0.3895042
solar,42,44288,47744,0.9644885720880028,0.2873639602076636,0.04097414,2.1411183,0.0005848408,2.1826773
solar,121,44096,48128,0.964481951640674,0.0754077497449351,0.34122062,0.1370039,0.059140205,0.4190843
solar,64,48000,49728,0.9644659843199168,-0.0722692802801609,0.09968495,0.1264708,0.28718948,0.061033726
solar,30,49856,50432,0.9644415536443682,0.2456686357448702,0.016891718,0.07976842,0.0016288757,0.061247826
solar,69,46592,49472,0.9644258114638564,-0.1232422192112766,0.03945756,1.8593581,0.12508655,1.944987
solar,58,43904,47360,0.9644231228421042,0.2064692315523411,0.027834892,0.11462784,0.047111034,0.03968191
solar,69,48128,52160,0.9644003723079492,0.0617707179866877,0.0022888184,0.1396184,0.025788546,0.16769576
solar,110,47680,49984,0.9643165925972824,-0.071673535777312,0.08700466,0.15424442,0.14584494,0.09540415
solar,3,47680,50560,0.9642830221595924,-0.2570543143031928,0.049328327,0.132195,0.08448076,0.09704256
solar,23,49856,52160,0.9642671597622394,0.1476474348233323,0.0357368,0.13667107,0.03202319,0.068911076
solar,9,43392,50880,0.964265840104354,0.1523387930434583,0.16161346,1.1884573,0.099882364,0.9269614
solar,40,44992,45568,0.9642579671216976,0.1560246707729974,0.24012971,0.35637164,0.14486861,0.02862668
solar,85,49728,50880,0.9642223267666614,-0.2507893244292215,0.071582556,0.0654161,0.043272734,0.09372592
solar,135,43328,47808,0.9642180372000908,0.0856725293055469,1.420392,0.43536687,1.7960103,0.05974865
solar,113,48256,48832,0.964176455673299,0.1691557537537631,0.30832624,0.18695259,0.21228266,0.28299618
solar,102,48384,49536,0.9641684370011112,0.16993037988968,0.13483238,0.27367783,0.23415613,0.09531069
solar,64,42816,46848,0.9641366233872692,-0.0850206729023948,0.016016245,0.17843914,0.19415593,0.00029945374
solar,89,45440,46592,0.9641237996206092,0.21961381102947,0.05396247,2.30382,0.22185826,2.4717157
solar,101,45056,51968,0.9641236658560696,0.2786911709194041,0.14235592,0.22433805,0.33846378,0.02823019
solar,53,43584,44160,0.9640999498292272,0.1237307465537586,0.16023445,0.08918905,0.09470272,0.15472078
solar,109,44224,48256,0.9640933373140672,0.2919142300192711,0.70318174,0.055845022,0.2807281,0.47829866
solar,18,42048,45376,0.9640248746838624,0.1091786741791389,0.5827422,0.20207596,0.46793652,0.08727026
solar,47,49152,50880,0.963969584139249,0.178252974214109,0.092282295,0.40891695,0.047358513,0.45384073
solar,62,45120,51456,0.9639180634919828,0.265312338391971,0.06252885,0.25611305,0.27301025,0.07942605
solar,5,43072,46528,0.9638947625043148,0.04557433459685,0.13468361,0.06399298,0.18077016,0.017906427
solar,91,43904,46784,0.9638830349881048,0.2979970086705128,0.066324234,0.034707546,0.041026592,0.060005188
solar,25,48896,51200,0.9638774802445372,0.1115587312312662,0.11601925,0.79960537,0.12168026,0.56190586
solar,44,43648,49408,0.9638727774082404,0.0569812287002727,0.15527177,0.24147797,0.17317271,0.086966515
solar,116,48000,52032,0.9638676495936066,0.0466908161912163,0.40463638,0.18250132,0.6420162,0.054878473
solar,120,45376,50560,0.9638612776279094,0.2591374801319974,0.44171906,0.09316683,0.067023754,0.28152847
solar,58,44160,51200,0.9638416064809489,0.0656305783103442,0.35480547,0.65356064,0.13052034,0.16823483
solar,66,43392,45696,0.9638415382497908,0.2696339536983141,0.056596994,0.21126795,0.14053059,0.12733436
solar,59,42112,44992,0.9638387018386798,0.1500754893411295,2.0648375,0.23731542,2.17631,0.34878802
solar,125,49984,52288,0.9638133457235591,-0.2623560252720711,0.6416609,0.06305361,0.22698164,0.35162568
solar,70,45120,48576,0.9638048641142498,0.1928529819143679,0.14775658,0.19345689,0.6829808,0.3417673
solar,64,47680,48256,0.9637981303761206,-0.0765903570383559,0.35304952,0.20813632,0.4707935,0.09039235
solar,113,42752,48512,0.9637932728780356,0.0285356724735245,0.058107853,0.1542449,0.1551199,0.057232857
solar,16,43776,51264,0.9637577410506885,0.1563679844425308,1.7673509,0.07395506,1.581594,0.25971198
solar,123,43136,47744,0.963733961827227,-0.2300196803619018,0.16132545,0.05097723,0.19453716,0.017765522
solar,105,44544,46272,0.9636872220254712,0.1758951037942421,0.49203157,0.25917125,0.7984345,0.047231674
solar,32,43648,51712,0.9636583022620429,0.1102985856464611,0.23482895,0.34198093,0.2096262,0.10247421
solar,13,43328,48512,0.9636553209082728,0.2968988931824771,0.002313137,0.22637367,0.24421835,0.020157814
solar,53,45120,46848,0.96365392383782,0.2852220971899594,0.0046367645,0.2018485,0.15754604,0.0396657
solar,9,47104,49408,0.9635828456480594,-0.0636328114145189,0.23215294,0.20958138,0.043129444,0.39860487
solar,53,43328,48512,0.9635815732452996,0.2823029447831299,0.07819986,0.08281803,0.0753665,0.07074833
solar,51,44096,49856,0.9635790338480944,0.2597716115219217,0.113363266,0.20720053,0.0064737797,0.32703757
solar,95,44480,51392,0.963578105438316,0.0851610224898884,0.060412407,0.18907404,0.17293978,0.07654667
solar,102,45696,51456,0.963574219262207,0.1948565506309094,0.5044861,0.1642716,0.67810225,0.009344578
solar,117,43136,50624,0.9635429981503292,-0.2094252294732269,1.563921,0.21809983,1.4788437,0.30317712
solar,25,49984,51136,0.963533074438272,0.1386875919280654,0.0005874634,0.19625545,0.25184917,0.055006266
solar,59,47168,48896,0.9635147245080352,0.0631540155705053,0.13045883,0.29811144,0.18168831,0.24688196
solar,37,47680,49408,0.9634687242067548,-0.11907035834668,0.01936245,0.045986652,0.05182743,0.013521671
solar,30,46592,49472,0.9634652162261274,-0.3614358390029469,0.2809677,0.3271346,0.6122532,0.0041508675
solar,121,43264,43840,0.9634621038689548,-0.0331786654657837,0.08511186,1.006768,0.0391407,0.88251543
solar,87,44864,47168,0.9634550156019808,0.2620917594360855,0.022325516,0.045450687,0.19110036,0.123324156
solar,119,42752,49664,0.9634346022697502,0.2573485522087255,0.06267929,0.0038700104,0.027519226,0.08632851
solar,87,44224,48832,0.9634137676347692,0.1390375223624375,0.07437301,0.43946934,0.20817542,0.30566692
solar,17,43968,51456,0.9634035970788932,0.2691588262959696,0.41566777,0.18930507,0.809474,0.20450115
solar,132,46080,52416,0.9634010754185228,0.1628775669142266,0.21873212,0.9447775,0.37774825,0.78576136
solar,20,43520,50432,0.9633795952139238,0.268617041205548,0.23880243,0.3981185,0.32888412,0.16956806
solar,27,44800,49984,0.9633714033077636,0.1173688973101216,0.25583482,0.08979368,0.19719744,0.54282594
solar,83,49280,52160,0.9633692240404056,0.0790684634362828,0.041124582,0.118573904,0.2109065,0.05120802
solar,112,50432,52160,0.96333824569927,0.0789307411566903,0.03664255,0.13601351,0.15175724,0.052386284
solar,88,48256,49408,0.9633311044239568,-0.3457909281222071,0.1688962,0.12593746,0.18218088,0.11265278
solar,35,44224,48832,0.9632924709432108,-0.1222434447609437,0.20423365,0.6721544,0.27415824,0.60222983
solar,87,42752,46784,0.963292316167366,0.1374757197443765,0.18090105,0.17972231,0.41376734,0.053143978
solar,37,49728,51456,0.963233774954208,-0.1973688808699088,0.4370582,0.22273397,0.7057996,0.046007395
solar,124,44352,47808,0.9632303717281308,-0.3996372788451673,0.21189356,0.434021,0.30853033,0.33738422
solar,118,42048,44352,0.9632300236583724,0.2427895996274863,0.07209635,0.032226562,0.10797691,0.1478467
solar,50,46400,49280,0.9632132687314714,0.2446466839896,0.19847345,0.001024723,0.037973404,0.15947533
solar,105,43776,46080,0.963206594662808,0.1482308569936912,0.2523899,0.169729,0.09025025,0.00758934
solar,134,46976,52160,0.963201281261684,0.2683953184672329,0.11036849,0.09989929,0.016463995,0.19380379
solar,4,48128,52160,0.9632007744340372,0.1132380739590614,0.09965086,0.113298416,0.2967329,0.28308535
solar,135,42176,44480,0.9631973639884538,0.1148911101399742,0.020690441,0.04469061,0.044064045,0.020063877
solar,20,44544,46848,0.963167044550815,0.2156979863679431,0.7586825,0.1315918,0.7317705,0.15850377
solar,135,49536,52288,0.9631621460371652,-0.191052307753897,0.22692895,0.8958404,0.21116495,0.4577465
solar,45,43712,50048,0.9631396069518934,0.2777694234840812,0.08495045,0.40983605,0.28281093,0.21197557
solar,53,45952,46528,0.963065607050497,0.2060322995284421,0.22255778,0.26761532,0.027235031,0.46293807
solar,95,48448,49024,0.963060560202128,0.1671241520007556,0.29679155,2.0149193,0.15763974,1.8757675
solar,132,46720,47872,0.9630573062530036,-0.1322321035274289,0.07086611,0.7751305,0.05332637,0.65093803
solar,78,43328,49664,0.9630549181679914,0.291411178131829,0.16392612,0.17895174,0.077911854,0.06288624
solar,8,45248,45824,0.9630052674203412,0.0996682199197836,0.18897104,0.34867787,0.58436275,0.04671383
solar,115,46592,48768,0.9630031111595276,0.2970801118281295,0.01364851,1.63307,0.33114314,1.9505646
solar,93,47872,52352,0.9629694394125352,0.0904110102966933,0.01866293,1.0226893,0.34533405,1.3866863
solar,16,48128,50432,0.9629633208122024,0.259999875069932,0.49598098,0.31572556,0.26024985,0.07999444
solar,4,44672,48256,0.9629539876017356,0.1624669408161515,1.1136291,0.2631569,0.4590087,0.39146352
solar,72,44352,50688,0.9629397526293242,0.213343073354661,0.0060505867,0.35971403,0.326262,0.027401447
solar,112,42752,48512,0.9629349723004048,0.1847602062637079,0.0032896996,0.024263859,0.066103935,0.045129776
solar,10,49856,50432,0.9629147975445096,0.0386628413472795,0.08370042,0.12594151,0.05325222,0.011011124
solar,34,42112,50176,0.962914086514424,0.1301474818117007,0.55935764,0.13322878,0.47051,0.04438114
solar,117,44224,49408,0.9629119208430544,-0.0529848113488337,0.14750648,0.15033531,0.05314374,0.24469805
solar,25,50432,52160,0.9628640291874332,0.2156611215492527,0.1128459,0.25137568,0.3466649,0.017556667
solar,49,48448,51904,0.9628625015976042,0.2139817856433646,0.29847026,0.16424966,0.5400343,0.07731438
solar,6,46400,50432,0.9628548550516448,0.2469561368403844,0.070492506,0.15015149,0.11380601,0.10683799
solar,2,42752,46784,0.9628113507246904,0.1063096744887349,0.008051395,0.10762024,0.08785725,0.027814388
solar,114,42176,49088,0.96280951959469,0.2805502507200499,0.055351257,0.029699326,0.04858923,0.07424116
solar,103,50752,51904,0.9627967512858394,0.1824165477541762,2.2582445,0.6152649,2.010314,0.36733437
solar,98,50688,51840,0.9627795762491342,0.0056452981570556,0.30949736,0.12776017,0.15308237,0.28417516
solar,77,48448,50176,0.962769458087304,0.2864338795547017,1.7522998,0.2293067,1.6042342,0.08124113
solar,35,42944,44096,0.9627557059463862,0.0680032861526268,0.7165327,0.44698858,1.172709,0.009187698
solar,2,43520,46976,0.9627409228681484,0.277246336315963,0.1147089,0.2133596,0.14828467,0.17978382
solar,101,43648,49408,0.9627403713868404,0.2420603447924706,0.44068766,0.07733488,0.06147003,0.30188274
solar,79,43072,49984,0.9626640558077604,-0.350815652744813,0.7665205,0.042451143,0.5923705,0.21660113
solar,0,42240,47424,0.9626594396344218,-0.0529573108264466,0.16214824,0.22693396,0.28091812,0.10816407
solar,132,45952,50560,0.9626428802504348,0.1982552424900805,0.11618328,0.09876633,0.09721899,0.114635944
solar,22,49472,50624,0.9626228448485082,0.1577399480414152,1.6051493,0.18839765,1.7292099,0.064337015
solar,64,45632,51968,0.96262026243633,0.1173134985344097,0.017104626,0.16621304,0.042380333,0.10672808
solar,54,46016,46592,0.9626172097941876,0.2542206612150945,0.9081559,0.27263832,0.64786863,0.012351036
solar,128,46592,50048,0.9625920953140468,0.2653680892160964,1.5418034,0.0614295,1.5265932,0.07663965
solar,130,43392,48000,0.962588496624245,0.100864439467797,0.06804013,1.1466126,0.16775227,0.91082025
solar,79,42816,46848,0.9625458207590312,0.0871362488379977,0.046462297,0.27986717,0.084044695,0.24228477
solar,82,43008,47040,0.9625414698387256,0.29752668375432,1.0380626,0.37799644,1.1038303,0.31222868
solar,57,44928,47808,0.9625382973301084,0.0522301374064117,0.04566002,0.04147625,0.008174896,0.003991127
solar,129,47872,51328,0.9625315468816082,0.2470761806813853,0.73423696,0.42351246,0.9861357,0.1716137
solar,26,47232,50688,0.9625006537593068,-0.0110174717311564,0.14093018,0.16386414,0.109713554,0.19508076
solar,99,49024,51904,0.9624986295004124,0.04833850704906,1.2767518,0.180897,1.1046059,0.35304284
solar,66,42816,52032,0.9624985958773584,-0.1282647370838073,0.49783206,0.07545018,0.4874041,0.085878134
solar,67,46720,47872,0.962445810340591,-0.1571279195365788,0.097923994,0.50494885,0.24033403,0.16669083
solar,116,45696,49728,0.962416093959134,-0.1982963470754467,0.023737669,0.20604944,0.109899044,0.07241273
solar,123,43648,48832,0.9624135891118224,-0.0471974618932296,0.13206196,0.0601964,0.013082981,0.08494854
solar,37,47168,51776,0.9623875647704124,0.2679329249001522,0.024888515,2.0961328,0.13604784,2.207292
solar,127,46784,51392,0.9623697146564136,0.1208714641699014,0.15654373,0.3942895,0.2770195,0.51476526
solar,49,44288,46592,0.96234867341401,0.1706894771539801,0.08483672,1.4570131,0.0795517,1.4622982
solar,40,43328,48512,0.9623278283287652,0.2433361753619028,0.13964939,0.07379484,0.17538929,0.038054943
solar,61,48256,52288,0.9622939666118896,0.2698308205339115,0.1460774,0.28831148,0.21600437,0.2183845
solar,48,42048,43776,0.9622841229872784,0.2590687190911152,0.16366768,0.2225647,0.28128195,0.10495043
solar,77,45376,49984,0.9622632850312072,-0.0784092860391677,0.05461645,0.31702662,0.2557807,0.11586237
solar,17,43712,44288,0.962234199230245,0.1662284814375647,0.95161057,0.046099424,0.9164505,0.08125949
solar,113,43520,46400,0.9622221156286316,0.2405930786550028,0.113455296,0.006646633,0.03267026,0.0741384
solar,32,46016,48896,0.9622170523588592,0.1312490493661483,1.4412365,0.021041393,1.2461839,0.17401123
solar,89,48128,48704,0.9622064870461609,0.2858517852664507,1.24172,0.23315477,0.73614264,0.27242255
solar,101,42176,46784,0.962168228953683,0.2617431662343458,0.3073783,0.041178226,0.28251266,0.066043854
solar,34,48128,52160,0.962140349237454,0.1914085246982301,0.48167658,0.08020091,0.41360402,0.012128353
solar,0,42816,45696,0.9621321948817084,-0.1189334728496012,0.2732637,0.24812436,0.36201882,0.15936923
solar,34,42688,49024,0.9621218357924992,0.1065233889485614,0.007622719,0.47390318,0.19133496,0.29019094
solar,25,45440,49024,0.9620780023370528,0.1852243467791888,0.104216576,0.5787928,0.20882082,0.68339705
solar,37,46720,47872,0.9620738665762488,0.2046629975843544,0.3763063,2.3185873,0.42677832,2.3690593
solar,36,43392,45120,0.9620484598742008,0.0543212352095357,0.10622454,0.12406945,0.06607962,0.16421437
solar,91,46016,51776,0.9620442384555424,-0.3526269310878198,0.5953975,0.1125021,0.4175291,0.29037046
solar,61,42112,45120,0.9619853195835874,0.0035439724659736,0.90127444,0.022860527,0.88992023,0.011506319
solar,60,42240,50304,0.9619073395628052,0.2180004996946355,0.0026862621,0.7626066,0.4057014,0.35959148
solar,14,43520,47552,0.9619005408576172,0.2435751994102664,0.008090019,0.27066445,0.010030031,0.26872444
solar,11,49088,51392,0.9618386084074526,0.0769926759961964,0.025167942,0.23111773,0.055069923,0.15087986
solar,56,43712,44288,0.9618345623426224,0.018859566847407,1.8084588,0.02943492,1.7366977,0.042326212
solar,73,47872,52480,0.9618210503910009,0.0792092277439108,1.1331501,0.11749315,0.92575455,0.0899024
solar,83,43840,47296,0.9618142702349818,0.139976615595173,0.13232279,0.0039670467,0.12054825,0.007807493
solar,86,43840,49600,0.9617348494916332,0.2361982615906975,0.114923954,0.028774738,0.010285616,0.13341308
solar,135,47744,49472,0.9617321334724188,0.2573567119466427,0.22205162,1.2192221,0.0014939308,1.4427676
solar,107,46784,47936,0.9617302402729307,0.099281861529814,0.10072327,0.092051506,0.0720849,0.12068987
solar,82,42752,45504,0.9616964000801956,0.210239234562518,1.3995047,0.14250565,1.8356445,0.29363418
solar,95,49280,52160,0.9616879675331108,0.2597603207737535,0.14949012,0.44427752,0.28597736,0.30779028
solar,39,42368,44096,0.9616787688407836,0.1030650991778488,0.14782453,0.1200552,0.15891719,0.4267969
solar,9,47296,50752,0.961672962662946,0.2257297468581299,0.0032494068,1.0883365,0.08028865,1.1653757
solar,110,42560,48896,0.9616571925924116,0.0294544214701529,0.1553359,2.4037838,0.103466034,2.351914
solar,28,51776,52352,0.9616535033477271,0.2780560197173364,0.1196928,0.13723183,0.16543627,0.18297529
solar,75,42176,50240,0.9616247920972228,0.2243311308513051,0.079835415,0.13155842,0.049786568,0.0019364357
solar,45,43648,44800,0.9615524770528884,-0.1675568703198564,0.5660665,0.19727683,0.07829881,0.29049087
solar,87,45440,52480,0.961500883038264,-0.0319569815182808,0.024727583,1.0659189,0.042886257,0.9983051
solar,26,45696,49728,0.9614904209135208,0.1925750274900942,0.008345842,0.43462086,0.0060031414,0.44896984
solar,95,44224,47680,0.9614602225826946,0.159692829233474,0.09838605,0.33025575,0.123258114,0.30538368
solar,5,43904,48512,0.9614577563670248,0.2781332699017552,0.058872223,0.06956291,0.00048065186,0.011171341
solar,70,46976,52160,0.9614526798259536,0.1107677141154714,0.17766118,0.03970194,0.06094885,0.19890809
solar,64,49408,51712,0.96139662402762,0.1753425577054739,0.3443799,0.42835426,0.86134434,0.08861017
solar,84,46080,52416,0.961363403531562,0.2084750219063665,0.6632438,0.9948158,0.27477908,1.3832805
solar,11,44800,48832,0.961334379037442,0.1759871211805885,0.014067411,0.2896979,0.27449656,0.029268742
solar,36,44096,48128,0.9613230982554708,0.1518303030823068,0.11505842,0.3230114,0.060036898,0.49810672
solar,106,42944,46976,0.9613064937096862,0.0619136786472426,0.14221191,0.037582874,0.036334038,0.14346075
solar,22,43328,50816,0.961297056201536,-0.0469996913393473,0.19913101,0.31826115,0.59589195,0.078499794
solar,102,48832,49408,0.9612961056831996,0.2736551971751145,0.03939724,0.023180008,0.0076551437,0.054922104
solar,71,43904,46784,0.9612925895205268,0.0894190772939885,0.010985851,0.03874874,0.040528297,0.06829119
solar,58,48576,51456,0.961272766092888,0.2213272600227799,0.037070513,0.45591164,0.19899344,0.21984768
solar,132,43712,44288,0.961256442979435,-0.1388531669935956,1.1031113,0.28652978,1.1539903,0.23565078
solar,83,43392,50880,0.9612241384468344,0.1396622030974224,0.10909462,1.3605025,0.2710755,0.9803324
solar,43,43072,52288,0.9612239090692482,-0.1521641278502262,0.026953697,0.10288763,0.041472435,0.08836889
solar,122,43520,49856,0.96119138275861,0.084778244290124,0.06403756,0.4739194,0.19570875,0.3422482
solar,26,44864,46592,0.961157108391968,0.1983331618123826,0.11904669,0.38497972,0.028360844,0.47566557
solar,113,45440,52352,0.9611363473394056,0.0648640909544573,0.11087632,2.3327315,0.27130365,2.4931588
solar,10,48128,52160,0.9611323420470748,0.0390995946159604,0.29075027,0.48598218,0.2096591,0.404891
solar,44,47232,48960,0.9611123009384428,0.2532201819795605,0.19984841,0.27790642,0.2133317,0.26442313
solar,38,42112,47296,0.9610975993936968,0.0572634242700645,1.214709,0.11439681,1.270848,0.05825782
solar,13,42048,48384,0.9610655981744378,0.0352295715670177,0.076860905,0.15583467,0.18593359,0.04676199
solar,97,46656,49536,0.9610625030807172,0.1511019705551018,0.028378963,0.04592371,0.049521446,0.024781227
solar,59,43968,45120,0.9610465221242276,0.1758812061997912,0.19363093,0.045969486,0.21211433,0.027486086
solar,33,47872,50752,0.9609807130861784,0.0005330797831814,2.090521,0.3672986,2.0644333,0.34121084
solar,36,50048,52480,0.9609330411947088,0.0817246778594096,0.09466648,1.3637314,0.22247672,1.2359211
solar,48,47872,50176,0.9609237945897235,0.2970123731361106,0.81888866,0.17289257,0.7120619,0.06606579
solar,62,48384,51264,0.9608955762966748,0.2731516637916374,0.97667813,0.26922727,0.8126459,0.4332595
solar,4,46528,49408,0.9608370200114084,0.0734238016097547,0.06128049,0.13335037,0.06910515,0.002964735
solar,112,46208,51392,0.9608356171439282,0.1365939440781561,1.0350146,0.33909607,1.0633855,0.36746693
solar,37,42816,46848,0.960831351244262,0.0933508584401972,0.02016902,0.16050076,0.18101883,0.040687084
solar,115,51456,51904,0.9608233099176512,-0.0407563734817192,1.4384072,0.027007341,1.5264263,0.115026474
solar,113,47808,52416,0.9607903375421804,-0.4829388890763741,0.029815674,0.4713993,0.33929253,0.16192245
solar,56,44352,51136,0.9607550125707248,0.1871095162415802,0.9105005,0.16930413,0.8489635,0.23084116
solar,126,50496,51200,0.9607483995694543,0.1591582630236445,0.2399826,0.5010681,0.042303085,0.21878242
solar,112,47168,51200,0.9607359532302796,0.2567600793111206,0.10967827,1.6824813,0.18215942,1.6100001
solar,64,46208,51392,0.9607249629966844,0.1543305093502083,0.11690855,0.14747429,0.15445709,0.18502283
solar,98,45376,49408,0.9606898648806024,-0.0762460256596617,0.21617746,0.024435043,0.12246275,0.31420517
solar,135,45248,51008,0.9606796964352566,0.1478730036038526,0.30734468,0.4739542,0.2784562,0.50284266
solar,11,43392,45696,0.960634488193956,0.2773257638229176,0.17164397,0.17947459,0.075258255,0.2758603
solar,100,42112,44992,0.960610501377276,0.1841143182188528,1.2633774,0.15692544,1.4851232,0.06482029
solar,3,43648,48256,0.9606073324767344,-0.0919582241783503,0.3949871,0.15331817,0.31678915,0.23151612
solar,59,43776,51840,0.9605443687270346,-0.0044030044389873,1.1786602,0.2297914,1.0758147,0.33263683
solar,64,43520,45248,0.9604637959125686,0.0004548978290667,0.1657176,0.54222655,0.18774605,0.5201981
solar,110,43712,47168,0.96044299773803,0.0512051404976199,1.0981617,0.12958431,0.9662385,0.2615075
solar,79,48960,52416,0.96044292333169,0.0462238671826174,0.012971878,0.18168259,0.14797735,0.046677113
solar,36,43328,51392,0.9604346975880224,0.1480855676050511,0.011993408,0.36896086,0.18464994,0.19630432
solar,126,43392,44544,0.9603964398983768,0.0882538021559427,0.02128458,0.57011867,0.29340887,0.29799438
solar,OT,49856,50432,0.9603349106383716,0.2384944470865725,0.09660816,0.023079395,0.03786373,0.081823826
solar,36,46016,46592,0.960333833883756,0.2333159801303162,1.2817965,0.29667187,0.8791709,0.10595369
solar,96,42752,45056,0.9603265584632332,-0.008433199793059,0.07341671,0.009549618,0.090206146,0.026339054
solar,98,46272,51456,0.9603180629781444,0.2028207516006656,0.036078453,0.10553908,0.12694454,0.05748391
solar,7,43840,50176,0.9603044556659484,0.1815731206901905,1.0926483,0.27584267,0.8758931,0.059087515
solar,15,43712,49472,0.9602982809087596,0.1810461772986699,0.1702652,0.6993718,0.20406389,0.6655731
solar,39,44544,48576,0.9602699505094906,0.2412308846159279,0.81120443,0.22326064,0.8154707,0.21899438
solar,135,44416,47872,0.9602582726866342,0.1018718633621633,0.118174076,0.6809025,0.32335806,0.4757185
solar,133,49088,51392,0.9602481912872988,0.1073367190284919,1.5601788,0.16842651,1.6326039,0.09600139
solar,83,46528,48256,0.960227163323779,-0.0713359821168429,0.30701685,0.2499218,0.43164372,0.12529492
solar,2,44480,49664,0.960220509878666,0.1225361302766834,0.12327099,0.1457138,0.16348791,0.10549688
solar,15,43520,46976,0.9601892419027094,0.1398319441156428,0.22115874,0.26310158,0.34179282,0.29985
solar,46,44288,47872,0.96018272879531,-0.0553244916997662,0.0569129,1.1597505,0.33306885,0.8835945
solar,23,47616,48768,0.960180826263212,0.2671107566510013,0.15018225,0.07008982,0.056533813,0.16373825
solar,22,48320,48896,0.9601771434838166,0.26973170709016,0.18361712,0.63214827,0.2600019,0.5557635
solar,72,49024,49472,0.960159792415454,0.092501461932077,0.16077518,0.84055614,0.3640437,1.0438247
solar,92,43392,51456,0.9601432766031824,0.2356399363056375,0.006189823,0.35691357,0.21889448,0.13182926
solar,17,42368,50432,0.9601135826435492,-0.0432416715105026,0.05944872,0.07804179,0.06198001,0.0755105
solar,73,44992,51456,0.9601055727409754,0.0939817616277372,0.5031791,1.0170054,0.2381072,0.7519336
solar,83,42368,46976,0.96007911797191,0.096159590057913,0.08513117,0.06094885,0.05679798,0.03261566
solar,46,42752,44480,0.9600650908341885,0.1441160532781542,0.024748325,0.28759336,0.26882267,0.04351902
solar,78,45696,47424,0.9600474962377138,0.2426204297325252,0.032175064,0.13747549,0.11861992,0.013319492
solar,88,43200,52416,0.9600373582938952,0.1405959018822795,0.053625107,0.6855488,0.33088827,0.40828562
solar,50,48896,51776,0.9600366773683718,0.1115790811045629,0.093214035,1.3981695,0.028400421,1.4629831
solar,21,42368,49280,0.96002905817392,0.2196712079350462,0.027493,0.3092506,0.068081856,0.21367574
solar,24,43392,50304,0.9600183850077576,0.2791385608754526,0.8417983,0.0013263226,1.03247,0.18934536
solar,67,42240,43392,0.959981874066174,0.2578311565974058,0.91372705,0.0088784695,1.3336232,0.4287746
solar,53,43648,50560,0.959944335205484,0.0052930434068335,0.86560154,0.106070995,0.38370895,0.3758216
solar,17,43520,48128,0.9599343086283548,0.2748304113367753,0.104848385,0.32458568,0.28427625,0.50401354
solar,109,43840,50048,0.9599126312947164,-0.0166598859512565,0.071885586,0.1458137,0.07326889,0.14719701
solar,89,45632,47936,0.959902793592824,0.1122634762770271,0.12974119,0.18761253,0.18168068,0.13567305
solar,85,46528,49408,0.959892111871893,0.1723326485355781,0.14020777,0.09694123,0.0064058304,0.049672365
solar,33,49600,52480,0.9598122348534828,0.0957057739349616,0.49244,2.4091718,0.70492935,2.6216612
solar,86,48128,52160,0.9598057557850184,0.1265218804439758,0.38297415,0.12676406,0.398453,0.11128521
solar,67,46656,48960,0.9597549865635324,-0.0878239126199851,0.082844734,0.16811895,0.10884094,0.14212275
solar,71,43648,46528,0.95975181394588,-0.2285242241889505,0.1279192,0.054525852,0.07263279,0.10981226
solar,121,45696,51456,0.9597384149569832,-0.0346939013138787,0.14723563,0.028167725,0.19241357,0.017010212
solar,71,44672,52160,0.9597365074475986,0.1217467088093698,0.40604663,0.068403244,0.29165912,0.18279076
solar,11,44544,48576,0.9597291949578224,0.1732909882076302,0.023137808,0.0155899525,0.025867224,0.03341508
solar,96,48256,49984,0.9597170153459058,0.192995632806099,0.02157259,0.09347081,0.06692338,0.04812002
solar,38,43648,46528,0.9597113378987912,0.1665752483817504,0.114816666,0.027422905,0.021364212,0.06602955
solar,14,43840,44416,0.9596984095731678,0.2762083953760831,0.004545927,0.09252548,0.04119253,0.055878878
solar,3,43840,46720,0.9596925668479854,-0.0386592320682731,0.073619604,0.19825172,0.30358887,0.03171754
solar,127,48960,51136,0.9596731956563652,0.1120814699406645,0.7096398,0.5386956,0.2501974,0.0792532
solar,1,47424,50880,0.9596729677279534,0.0073892367592217,0.08040738,0.11921096,0.06847286,0.029669285
solar,101,43712,44288,0.9596381669337688,0.2922111240113874,1.5332232,0.107825756,1.5165277,0.124521255
solar,12,42560,47744,0.9595612198828964,0.2906937448683234,0.02178049,1.7821963,0.20268393,1.6012928
solar,35,49728,52032,0.9595383114991194,0.00278948753815,0.72963595,0.007365942,0.52714443,0.19512558
solar,66,42368,44096,0.9595329992878204,0.2167632164562577,0.23112321,0.333066,0.606683,0.04249382
solar,26,46720,47872,0.9595013434569644,0.2529363457715537,0.18055177,1.98508,0.052158594,1.8566868
solar,132,42176,42752,0.959497494575662,0.2971505405543383,0.20787239,0.1422553,0.33795643,0.012171268
solar,34,49280,49856,0.9594723485673924,0.2150033579875463,0.21144891,0.1698699,0.049529552,0.33178926
solar,3,46528,49984,0.9594306677265004,0.0472572366195394,0.032984257,0.1330266,0.15829039,0.0077204704
solar,65,49408,49984,0.9594086583575672,0.1991094449638437,0.35456586,0.086818695,0.16850758,0.27287698
solar,9,42240,44544,0.9594073375285682,0.213606235763678,0.11210585,0.36361885,0.02594471,0.5016694
solar,79,43328,49088,0.9593654995873272,0.2358828786305186,0.15897083,0.30007887,0.2528305,0.11172247
solar,6,48320,51200,0.9593626286150456,0.0909636552794155,0.14802241,1.3511832,0.1802454,1.0229154
solar,102,42816,50304,0.9593195113715276,0.1298746490490187,0.16507196,0.04932666,0.12675548,0.01101017
solar,8,45440,52352,0.959263422589898,-0.0628755699749387,0.13881111,2.4668329,0.09988761,2.4279094
solar,89,44672,48256,0.959254017875023,0.2597609563591654,0.87276125,0.37551904,0.2966063,0.20063591
solar,109,44096,48128,0.959219720077568,0.1499380971293999,0.20653105,0.41473246,0.111690044,0.31989145
solar,103,44544,46848,0.9591933027045518,0.2733334848601787,1.1104853,0.05866146,1.2503762,0.08122945
solar,44,43328,46208,0.9591313424360508,-0.0674099762975978,0.1516571,0.0272398,0.055758,0.068659306
solar,86,47168,48896,0.9590938641887536,0.1952849580451409,0.051573038,0.06809139,0.042250633,0.0774138
solar,95,45696,50176,0.9590883619773364,0.1056613578370729,0.025024176,1.1647909,0.0011048317,1.1386619
solar,24,42368,46976,0.9590873802458436,0.1739122277791732,0.025213003,0.30176687,0.091085196,0.18546867
solar,16,43648,45376,0.959081427917296,0.2575314205921635,0.29150915,0.009195328,0.021603584,0.32230806
solar,106,48704,52160,0.9590479478227324,0.0817742777858518,0.25121522,0.17822576,0.07792163,0.35151935
solar,51,48320,49024,0.9590451116332313,0.0446349650116459,0.49187183,0.50212,0.31620884,0.32645702
solar,63,49728,50880,0.9589595795820248,-0.5590512096561706,0.08984327,0.118079185,0.16132116,0.13308525
solar,54,45440,51200,0.9589569407564597,0.2135648926216475,0.22899961,1.6329556,0.06783819,1.3361177
solar,100,47104,49408,0.9589332782027022,0.2910808820817298,0.095112324,0.07059574,0.053839207,0.11186886
solar,112,48576,49728,0.9589261955332145,0.0790478030019984,0.010631561,0.08187914,0.035856724,0.056653976
solar,51,42176,47360,0.9588980172273344,0.2831341559828619,0.14234734,0.09346771,0.097195625,0.13861942
solar,114,46976,52160,0.9588465488329712,0.2631265592603981,0.20984459,0.017322302,0.11443019,0.0780921
solar,69,43648,45376,0.9588124784606964,0.2802831443217901,0.017123222,0.1723063,0.02218771,0.17737079
solar,37,43840,44864,0.9588124753791362,0.0455198588436462,0.42354298,2.9432487,0.4021988,2.9219046
solar,126,45632,51968,0.9587991664597828,0.2225989428042033,0.39592218,0.0982523,0.5866399,0.0924654
solar,12,46528,48256,0.9587977590040084,0.2196038207445441,0.5071962,0.15879536,0.381608,0.28438354
solar,96,43392,44544,0.9587962753050864,0.2203736388791052,0.19959283,1.0166826,0.015014172,0.8020756
solar,116,46272,50304,0.9587582004791324,0.19086805710821,0.07688928,0.54982877,0.27482843,0.3518896
solar,54,47296,52480,0.9587382611262184,-0.1647730087687157,0.009569168,1.5085874,0.06718898,1.5662072
solar,13,42816,45696,0.95873238507096,0.2179041796475997,0.29626513,0.49673176,0.123245,0.6697519
solar,78,43008,49472,0.9587312502034144,0.2551879383588174,2.289142,0.5801542,1.8003869,0.09139919
solar,40,44544,48576,0.958692604297487,0.155729443777293,0.40698028,0.096297026,0.33757162,0.16570568
solar,123,47552,49280,0.9586738688576368,0.231182476307503,0.058719397,0.11055899,0.08851719,0.0366776
solar,14,45440,46592,0.9586260614496972,-0.1630695508526479,0.057565928,0.090342045,0.0031752586,0.15108323
solar,9,42176,49088,0.9585650497439844,0.2835174318157522,0.25957966,0.06208086,0.26870966,0.05295086
solar,119,46592,51776,0.9585475957437052,0.1362794939921495,0.10364437,0.17327833,0.030733109,0.2461896
solar,20,45376,51712,0.9585416603246912,0.0247185318311925,0.3507805,0.07422447,0.102330685,0.17422533
solar,38,43200,44352,0.958523188380252,0.0285620083547895,0.13618731,0.07578206,0.032731056,0.027674198
solar,73,50176,51904,0.958521795329658,0.1872852444268281,0.42757082,0.110535145,0.17755055,0.13948512
solar,67,42752,51968,0.9585115035979118,0.2275789608486803,0.09339476,0.1108551,0.12311125,0.1405716
solar,70,47680,48256,0.9584733046314754,0.130599219413603,0.2654996,0.1969254,0.27745152,0.18497348
solar,6,47808,51840,0.9583986343231702,0.0971578870460811,0.48536658,0.146945,0.36404014,0.26827145
solar,123,44480,51968,0.9583571696382154,0.2894922399095299,0.1515851,0.31139135,0.29892588,0.16405058
solar,90,46528,49984,0.958349621091522,0.2724521795184145,0.31733584,0.05911374,0.17597294,0.082249165
solar,78,44224,50560,0.9583279173401188,0.1474201884755755,0.1456852,0.66057754,0.32357478,0.19131756
solar,35,47808,52416,0.958247797315891,0.2179757424553852,0.16134071,0.28198338,0.39406824,0.049255848
solar,103,43392,50304,0.9582296132494046,0.2874352229626881,0.26631737,0.113865614,0.43408203,0.28163028
solar,60,48000,52032,0.9582124097636217,0.0983777669087845,0.5310333,0.103776455,0.736773,0.10196328
solar,66,43328,51392,0.9581569351305383,0.2885703406263468,0.049900055,0.5727043,0.5027647,0.11983967
solar,91,45440,52480,0.9581504430235293,0.1404862090541109,0.08974981,1.937994,0.09556556,1.7526786
solar,28,46592,49472,0.958149162386108,0.2382389171092462,0.21764803,0.18040133,0.09722376,0.3008256
solar,107,47808,51712,0.9581456752224756,-0.1296179445770179,0.22049999,0.5938902,0.22132826,0.15206194
solar,43,45696,52032,0.9581296365498816,0.0198462881352173,0.5120182,0.12877989,0.49166322,0.14913487
solar,75,45952,49408,0.9580906065397494,0.1028132987624208,0.5745001,0.0023002625,0.21872854,0.3580718
solar,126,45696,48576,0.9580251289485302,0.2953238574056539,0.20915079,0.20319128,0.43517566,0.022833586
solar,107,43328,50816,0.9579902621529436,0.2960142204134616,0.075494766,0.07031393,0.090349674,0.09553051
solar,88,51136,52288,0.9579825141257996,0.2417992785799569,0.29877687,0.5175507,0.4361272,0.3802004
solar,78,49152,49728,0.9579786371362816,0.0866420131556541,0.0008819103,0.1356988,0.05262041,0.083960295
solar,32,42752,46784,0.95797481069538,0.1440888296359453,0.009531975,0.098585606,0.09688902,0.011228561
solar,30,45120,45696,0.9579738685245478,0.0110305045700994,0.23330379,0.26490736,0.14416027,0.35405087
solar,47,42048,51264,0.9579640832860444,0.0909892241038842,0.72647285,0.10628915,0.56452966,0.26823235
solar,127,44224,51712,0.9579396096580456,0.0507017639415048,0.07749033,0.42621708,0.097412586,0.60112
solar,128,43648,50560,0.9579214298421032,0.0570733477119276,0.016293526,0.08261347,0.057495117,0.041411877
solar,79,49152,52032,0.9579208827650004,0.184012952314626,0.1034286,0.12632418,0.27789497,0.048142195
solar,104,42368,49856,0.9579093636671222,0.025780153926077,0.28730345,0.14513326,0.086565256,0.22873545
solar,105,45120,48000,0.9579078807461662,0.0278885291731153,0.442204,0.14818859,0.406471,0.18392158
solar,63,42240,50304,0.9578868936412868,0.2112812134369468,0.12254405,1.0700674,0.45947003,0.7331414
solar,12,43392,50880,0.9578862490869536,0.025276118775686,0.041894436,1.1792603,0.005272627,1.1320932
solar,35,48256,49984,0.9578206959902632,0.2704654459160857,0.13930392,0.37127185,0.08776379,0.42281199
solar,29,42112,49600,0.9578096650528332,0.1277194935236566,2.8397727,0.63093996,2.6435082,0.43467546
solar,51,50048,52480,0.9577902217323586,0.1209492443934526,0.10064864,1.4670649,0.20466042,1.5710766
solar,65,43328,48512,0.9577900951775776,0.2821580715064594,0.12601137,0.008387566,0.012619495,0.12177944
solar,130,43008,51200,0.9577724694114782,0.1796201352880532,0.9282484,0.39762163,0.54676914,0.016142368
solar,44,46592,48768,0.957760925033866,0.2883202389036639,0.13224673,1.3228722,0.30814552,1.498771
solar,60,44224,49984,0.9577596227828588,0.0345594915126326,0.14747286,0.51732826,0.31101942,0.3537817
solar,97,48896,50624,0.9577069901343882,0.2123961198826442,0.14924741,0.0964787,0.1549797,0.0907464
solar,39,45120,45696,0.957688588966472,-0.2972227918723251,0.017336607,0.4511261,0.25168133,0.21678138
solar,95,47872,51456,0.9576789996448152,-0.0623252560654295,1.4512641,0.09539199,1.3917282,0.03585601
solar,32,43968,46272,0.9576590158134852,0.1850895911072376,1.2390912,0.07212758,1.4438155,0.2768519
solar,134,43840,44288,0.9576533249805138,0.1971340129676437,0.3123219,0.0036466122,0.51877975,0.20281124
solar,28,45376,45952,0.957652992055518,0.0148543547646081,0.055758,0.0285635,0.3172784,0.23295689
solar,132,45120,45696,0.9576287716895836,0.0929619622646597,0.12581658,1.6262097,0.04959035,1.5499835
solar,7,43200,51840,0.9576205454039078,0.2545328122574818,0.15472412,0.06663227,0.035487175,0.123579025
solar,76,43904,45632,0.9576145430463164,0.1784445317688154,0.036451817,0.31636667,0.3428111,0.010007381
solar,34,45440,52352,0.9575977341798048,0.1265576568549806,0.060049295,2.6930425,0.36576152,2.9987547
solar,68,43200,44352,0.9575918669784071,-0.2380595596820679,0.18536139,0.10820055,0.037425995,0.25613594
solar,59,46976,48128,0.9575867274480624,0.2450623075062085,0.35204554,0.023346901,0.5636468,0.23494816
solar,6,42560,52352,0.9575818673335228,0.2621738864273389,0.22133231,2.769145,0.1798873,2.7277
solar,114,42112,51456,0.95752498809643,-0.0026467784612218,0.691628,0.17625165,0.6577382,0.14236188
solar,106,45952,51712,0.9575243721478802,-0.226683274238417,0.3614745,0.0048980713,0.23423958,0.122336864
solar,61,43200,51712,0.9575020196681566,0.2071167589779334,0.79529333,0.045215845,0.673764,0.076313496
solar,72,50432,52160,0.9574880473127714,0.178831079691009,0.12573743,0.013221741,0.025964022,0.13847971
solar,92,44224,44800,0.9574634405877592,0.2842349811184638,0.05619645,0.13584995,0.2336855,0.04163909
solar,31,43136,47744,0.9574557090106774,0.067512586870622,1.8112576,0.10290313,1.7322912,0.1818695
solar,63,42752,43328,0.9574492024240512,0.1185560848517538,0.2214961,0.23124981,0.09448862,0.3582573
solar,67,45376,52288,0.9574289636489466,0.0246906252980962,0.29922414,0.031286478,0.097473145,0.23303747
solar,91,44544,46272,0.9574110561280949,0.1631475656189845,1.759861,0.06787348,1.8904629,0.19847536
solar,131,46528,48256,0.9574085347527136,-0.1098609944380241,0.4612267,0.23989129,0.5217335,0.17938447
solar,22,47424,49728,0.9574017647567092,0.156764848386651,0.15418816,0.4672563,0.23449159,0.078576565
solar,30,44352,46656,0.9573767253347208,0.0435186327234271,0.40348244,0.19058466,0.20400071,0.3900664
solar,123,42944,43520,0.9573750840175516,0.1558498343157957,0.6371784,0.31452227,0.85479975,0.09690094
solar,88,43136,46592,0.957370305012897,0.2795069656381022,0.12968397,0.028680325,0.047274113,0.11109018
solar,10,42944,43520,0.9572635358132804,0.091600523967217,1.1622317,0.27333903,1.1569757,0.27859497
solar,132,42624,45376,0.9572234424723228,0.1725258774430577,0.119455814,1.2412937,0.13694978,0.9848881
solar,15,47424,49728,0.9572217935395408,0.2457071050889615,0.0040483475,0.26725984,0.32872963,0.057421446
solar,59,42048,42624,0.9571909988450942,0.1244682350734391,0.12574244,0.12263155,0.32579374,0.07741976
solar,19,44992,47872,0.9571642100157348,0.1090324089162595,0.020271778,1.0830426,0.03399968,1.0967705
solar,61,48000,52032,0.9571639823136392,0.2329174226632157,0.7771282,0.006555319,0.7110722,0.059500694
solar,64,46720,49024,0.9571284322598266,0.1338823521998521,0.20949912,1.7200525,0.10342193,1.6139753
solar,70,46400,48704,0.957113920059422,0.2822656659059124,0.14060855,0.049099445,0.029296875,0.16041112
solar,115,45120,50304,0.9570999097340286,0.1362629397123455,0.21119523,0.27033663,0.7728903,0.29135847
solar,69,51136,52288,0.9570724458151972,-0.0420962114483327,0.025838852,0.24921274,0.043435097,0.266809
solar,68,44992,49728,0.9570591105450396,0.1768330885303103,0.4635682,0.6820288,0.06107855,0.2795391
solar,108,42368,52160,0.9570376681222964,0.1534134303554008,0.01940775,0.043205023,0.0116734505,0.035470724
solar,22,44736,46016,0.9570309391987266,-0.0527726812847465,1.3474679,0.8250065,0.8550105,0.3325491
solar,122,43392,44544,0.9570269989280688,0.275027840744515,0.2629044,1.256304,0.15711164,0.836288
solar,75,43840,49600,0.9570241803585134,-0.0586827818663866,0.54574776,0.026276588,0.52149487,0.002023697
solar,12,42816,49152,0.9569753861327752,0.0996180223957335,0.015672207,0.1535623,0.078532696,0.059357405
solar,129,47104,47680,0.9569607313324175,0.0132003014339534,0.23456645,0.10992861,0.07525611,0.41975117
solar,91,47808,52416,0.9569592497754102,-0.0339499063523946,0.09019327,0.009837627,0.021458626,0.07857227
solar,42,43904,49088,0.9569544233539228,0.2457933195233607,0.0626955,0.06252432,0.06622934,0.06640053
solar,131,47296,49024,0.9569426613597846,0.1959619768847946,0.073800325,0.22652793,0.07077432,0.22955394
solar,31,42240,46848,0.956934100212687,0.0737836350591877,0.098291874,0.12563276,0.14663482,0.11929393
solar,8,47104,50560,0.9569326825293466,0.121463010863952,0.16828871,0.06693792,0.029783249,0.20544338
solar,14,46848,51456,0.9569113766060536,0.2537401499488182,0.36823916,0.06655407,0.3897903,0.045002937
solar,75,43392,45120,0.9568401613297942,0.2471970059529613,0.06179905,0.03351569,0.019108534,0.07620621
solar,33,46400,50432,0.956839252253783,0.2582686407766592,0.08227992,0.21277976,0.14946222,0.14559746
solar,51,47872,51904,0.9568218944147228,0.1945039251091921,1.6766202,0.3996837,1.6485138,0.37157726
solar,96,43328,46208,0.9568180040667928,0.0050266721873574,0.17109537,0.30693865,0.5426974,0.06466341
solar,43,49024,50048,0.9568034757917492,0.2301759030118133,0.39970684,0.3436985,0.18903422,0.13302588
solar,14,44224,48256,0.9567806707403472,0.2590826773419721,0.3673911,0.1623683,0.25495362,0.27480578
solar,41,42816,49152,0.9567386736224036,0.1077331662689043,0.27844906,0.037953854,0.11472845,0.20167446
solar,52,47552,50432,0.9567355224447844,0.25513223947883,0.047703505,0.02432704,0.017915726,0.05411482
solar,100,42176,43904,0.956704877250202,-0.0893297324817697,0.5289917,0.0584383,0.7326894,0.14525938
solar,13,45440,51776,0.9566953668959004,0.0689118018207186,0.06213951,2.7293553,0.2742014,2.9414172
solar,78,43200,48384,0.956670440367422,0.1832638901109413,0.17830706,0.4051075,0.05776024,0.1690402
solar,10,49024,50048,0.9565842439332474,0.2939251475256378,0.0535357,0.22482467,0.18112421,0.35241318
solar,60,42112,42688,0.9565763668403392,0.191886110584992,1.4991229,0.018241405,1.6619074,0.14454317
solar,5,44800,46080,0.9565666283505624,0.0923693862487374,0.21909809,0.07613444,0.077340126,0.22030377
solar,84,50752,51328,0.9565437498742976,0.1628680400253169,2.9742758,0.4216361,2.722504,0.16986418
solar,117,43520,50432,0.9565357499509164,0.283158647313887,0.06971073,0.27094316,0.13113022,0.20952368
solar,2,48256,49856,0.956482137494822,0.2436744113211798,0.24863315,0.10788274,0.69273996,0.55198956
solar,86,44672,48256,0.9564501586360448,0.1831903625412858,1.2965207,0.4068601,0.44390202,0.44575858
solar,84,47680,48832,0.9564431023356648,0.1021686523387196,0.25156164,0.046296597,0.14936495,0.14849329
solar,116,42752,46784,0.9564388180331213,0.1752647431273142,0.05164528,0.04509306,0.0693655,0.07591772
solar,92,46400,48128,0.956413077706788,0.0120682453473962,0.102743864,0.5694907,0.11837363,0.79060817
solar,71,42176,47360,0.9563461316150323,0.2742203876349633,0.23810053,0.36673832,0.44970417,0.15513468
solar,17,47168,52352,0.9563297331518116,0.2677666643004393,0.04395199,2.0292602,0.21099806,2.1963062
solar,56,48000,52032,0.9563235349286604,0.1878830489986887,0.078994036,0.0806334,0.26022387,0.10059643
solar,73,43072,47680,0.9563121663996674,0.269498396451145,0.32635117,0.0117816925,0.048922062,0.2656474
solar,71,42240,44544,0.9563060603057966,0.2698362811016754,0.17477131,0.72304845,0.035366297,0.58364344
solar,13,45120,47424,0.9562746947498532,0.2544106564731583,0.0054893494,0.99875474,0.19711924,0.80712485
solar,69,50880,52032,0.9562545719597572,-0.0801641161281728,0.36679006,0.07192135,0.29846787,0.14024353
solar,40,47808,51264,0.956238952367914,0.091753790042718,0.19101572,0.19278717,0.056075573,0.054304123
solar,10,42816,45696,0.9562259806635706,-0.0065210424041731,0.32657814,0.53306866,0.19924593,0.66040087
solar,36,42176,50240,0.9562160751843264,0.2720179533321814,0.24099684,0.23765755,0.055662632,0.059001923
solar,42,42048,44224,0.9561819220745448,-0.1738067386185169,0.3559785,0.53121567,0.15965152,0.3348887
solar,50,43712,44864,0.956099149028978,0.1990659630312062,1.8899436,0.42595673,1.5439348,0.07994795
solar,94,42944,49280,0.9560976368962394,0.2561405604572114,0.58344555,0.25230646,0.6059053,0.22984672
solar,83,48896,51200,0.9560948494092276,-0.1916782579623586,0.17026615,1.2781706,0.02931881,1.4191179
solar,50,45440,51200,0.9560360882117004,0.0767426055699345,0.16752148,2.7995813,0.2698567,2.9019165
solar,OT,42432,44160,0.9560284126900104,-0.0638101300017448,0.17543173,0.033332348,0.055874348,0.08622503
solar,56,47872,50624,0.9560221257291096,0.2978082500556651,0.977154,0.0995841,1.071053,0.005685091
solar,43,42816,46272,0.9560021934699008,-0.0074417863108816,0.43935847,0.15378451,0.31497192,0.029397964
solar,33,44224,46528,0.9559725089649918,0.138587162084901,0.0007851124,0.22330475,0.078715086,0.14537477
solar,124,49472,50624,0.9559207944070716,-0.2347520336447149,1.428571,0.30050683,1.5043287,0.22474909
solar,61,43264,49024,0.9558717433359104,0.1711805751131775,0.12052941,1.6304348,0.16451621,1.586448
solar,64,45696,50176,0.9558632830320452,0.0923191136525531,0.088543415,1.0687723,0.048151493,0.9320774
solar,62,42112,46720,0.9558593975140474,-0.1977632051774451,2.4848151,0.20198536,2.4948435,0.21201372
solar,35,43392,45696,0.9558502648763127,0.2611978643676138,0.07414675,0.45326805,0.1593697,0.3680451
solar,56,42176,49088,0.9558393705278054,0.2982845425951417,0.2732911,0.16613388,0.27105427,0.16837072
solar,91,42752,46208,0.9558225403821128,-0.096204108433302,0.031986713,0.2804451,0.283679,0.035220623
solar,77,45440,47872,0.955796007647594,0.0015156054176927,0.31790686,0.59954596,0.0048048496,0.27683425
solar,2,45952,51712,0.9557772063427664,0.2280034738368379,0.266639,0.45022678,0.19610238,0.5207634
solar,126,43328,50240,0.955728402519356,0.2875172538376494,0.13118505,0.14694309,0.067680836,0.0519228
solar,95,45248,47552,0.9556968105439988,0.2645770012539151,0.047023296,0.0993042,0.08864546,0.057682037
solar,5,43136,48320,0.955651747752056,0.2094039863738918,2.111962,0.07447457,2.1144562,0.07198048
solar,20,42752,44480,0.9556475451741344,-0.0420379139143245,0.022647858,0.055766106,0.023042679,0.055371284
solar,71,42048,50112,0.9555999226919072,0.2635418591059271,0.13294077,0.34363985,0.13000894,0.34657168
solar,42,48960,51712,0.955582573206138,0.0444680961123217,0.3340547,0.094343424,0.093328,0.33303928
solar,62,43136,46592,0.9555515752402326,0.176479686591144,0.447083,0.05413294,0.11019707,0.282753
solar,125,47168,48896,0.9555470764785048,0.1876010281349934,0.089665174,1.1334839,0.05854535,1.1646037
solar,15,49984,50560,0.9554664069963026,0.184817915009643,0.40620017,0.22758198,0.11134076,0.5224414
solar,57,42368,43520,0.955461119681,-0.0915210235182723,0.12797737,0.16517973,0.21081996,0.1736176
solar,7,43136,45440,0.9554599163222368,0.1732902028924012,2.608608,0.13137412,2.494081,0.016847134
solar,34,42560,44864,0.9554531513872294,0.2758797133999113,0.12712264,0.8742862,0.47218966,0.52921915
solar,76,46592,47168,0.955427713715404,-0.1319274383952585,0.7210989,0.22301555,0.8170757,0.12703872
solar,50,42432,46016,0.9553763959849896,-0.1163136345714117,0.23243189,0.532629,0.14057064,0.15962648
solar,37,42176,49664,0.9553305426864016,0.2890436165701706,0.3381853,0.025727749,0.15810251,0.20581055
solar,52,43840,49024,0.9553148744156078,0.1669256759781373,0.218745,1.1072619,0.056531668,0.83198524
solar,16,46080,52416,0.955311743583475,-0.1642364609120031,0.030821323,0.32191753,0.36684322,0.014104366
solar,2,47424,51456,0.9552704846672888,0.2986568535938484,0.4280076,0.09259701,0.4508891,0.0697155
solar,34,48448,50752,0.9552611028829482,0.097028368118329,0.08327246,0.061010838,0.044638634,0.06690025
solar,44,48832,51840,0.9552088418790192,-0.0269468664034095,0.37320185,0.33987713,0.50768137,0.47435665
solar,4,51200,51648,0.9551954911612014,0.1093029970138153,0.27951002,0.042837143,0.49488544,0.17253828
solar,109,43712,46592,0.9551531205998002,0.079484054608752,0.79705095,0.067738056,0.60070276,0.26408625
solar,63,46400,48128,0.955046525558673,0.2185136342745371,0.28911567,0.20750904,0.30712962,0.225523
solar,37,43328,48512,0.9550395723937408,0.2367831535156683,0.06121683,0.18304682,0.17865133,0.056821346
solar,127,43072,47104,0.9550319666289928,0.1541214657935884,0.9915328,0.15344119,0.566391,0.27170062
solar,80,48000,49728,0.9549562817146496,-0.1280834162014002,1.2526159,0.07883787,1.4722393,0.2984612
solar,76,42368,49856,0.954941373798282,0.1486128206337899,0.10443783,1.5660818,0.010436296,1.6600833
solar,3,49472,50048,0.9549119696728954,0.0888012875992182,1.2962139,0.2170403,1.0963554,0.017181873
solar,64,47360,50816,0.9549001940700506,0.0828213563351207,0.10110998,0.20309496,0.21392393,0.09028101
solar,117,44416,47872,0.9548824891242732,0.2386741057244966,0.19839144,1.1454268,0.18035436,0.76668096
solar,0,42752,46208,0.9548694547979636,-0.3964172628872155,0.11306286,0.056387424,0.052356243,0.11709404
solar,30,42112,48448,0.9548579099719589,0.2467178620097483,0.46078968,0.27444124,0.67278075,0.06245017
solar,96,47808,50688,0.9548482181511432,0.1899274056214623,0.3556218,0.2271018,0.33967638,0.24304724
solar,131,46400,51008,0.95481779075969,0.0897814627340512,0.15159559,0.7244282,0.35021257,0.5258112
solar,65,42176,49664,0.9547750320037096,0.2853437162330575,0.44108725,0.008551598,0.38040686,0.05212879
solar,121,44736,50496,0.954749887144608,0.0032256637494594,0.33207512,0.24897528,0.35796356,0.22308683
solar,124,43072,45952,0.954738122972278,-0.1972730689796075,0.40877628,0.011855125,0.46124268,0.06432152
solar,64,47168,52352,0.9547311722073812,0.2028685476796542,0.035993576,1.9562707,0.0071430206,1.9851213
solar,114,44800,48832,0.954722532787999,0.2353917661129531,0.020871878,0.0822382,0.0801847,0.018818378
solar,101,42368,46400,0.9547182567229966,-0.0395687302214434,0.12655115,0.047450542,0.047641277,0.12636042
solar,59,43648,45952,0.9546864468339836,0.0410737023868689,0.016963005,0.03856182,0.18696642,0.1314416
solar,10,43776,51840,0.9546513257183784,-0.0488439379823508,0.96377516,0.21730399,0.8776853,0.30339384
solar,134,46656,51264,0.9546294077059804,0.1939925660120777,0.9833429,0.07029462,0.81712246,0.23651505
solar,31,47168,52352,0.9546104448744992,0.0861305276803584,0.10215902,1.3000937,0.32831907,1.0739336
solar,81,46720,50752,0.9546062010816544,0.1743262181600822,0.2892878,1.2052171,0.30127478,1.2172041
solar,12,42368,50432,0.9545862349428008,-0.0242512333749532,0.31367946,0.08293271,0.16584778,0.06489897
solar,105,44288,47744,0.9545771941097384,0.2826210901945497,0.010773897,1.8181629,0.15846229,1.6489267
solar,113,42112,43840,0.954566031087764,0.1882655229819726,0.074095726,0.30493116,0.13631535,0.09452009
solar,93,48576,51456,0.9544793533903024,0.2454041963676693,0.08750367,0.21700335,0.1336441,0.00414443
solar,83,44096,48704,0.9544401958077724,0.2170761738955515,0.07398391,0.0790925,0.11679959,0.111691
solar,24,49856,52160,0.9544209013591864,0.0462489568535568,0.54165626,0.26417255,0.6344528,0.17137599
solar,134,50048,52352,0.9543765810748512,0.0941474223461438,0.11312008,2.6459231,0.22715354,2.7599566
solar,52,45248,46976,0.954365845142218,0.0818629377808358,0.19456816,0.26303267,0.37879086,0.07880998
solar,80,42048,51712,0.9543444925521778,-0.1792469679988643,0.48119092,0.5672958,0.12419891,0.038094044
solar,28,44480,45632,0.954339025053882,0.2793726096221552,0.016525269,0.052227974,0.059978962,0.024276257
solar,34,43968,44544,0.9543359586254114,0.157525867976583,0.08625126,0.9640579,0.17609406,0.8742151
solar,70,42048,47232,0.9543286586627358,-0.0782556250700433,0.0008149147,0.5450685,0.23457217,0.30968142
solar,114,42816,46848,0.9543264466782188,0.0180917384924677,0.034925938,0.25921655,0.15185285,0.14228964
solar,84,46272,51456,0.954270353367628,0.2665492244382416,0.04928708,0.28709054,0.1253953,0.21098232
solar,91,45696,51456,0.9542216207361656,0.0767614305346169,0.19216633,1.02124,0.22651005,0.6025636
solar,123,42048,46656,0.9541743106401106,0.1970877475335103,0.045309067,0.38033056,0.101130486,0.23389101
solar,78,42752,45632,0.9541473837033668,-0.1550089781892815,0.02945757,0.014163494,0.012980938,0.056602
solar,122,42368,52160,0.9541269009932082,-0.1458725330481026,0.05219221,0.16373396,0.14129686,0.07462931
solar,18,47168,47872,0.9540831139894204,0.2709649101063587,0.1229229,0.74876356,0.06111288,0.5647278
solar,118,43776,51840,0.9540792156774875,0.0718594022497904,0.98615,0.17419696,0.8987441,0.26160288
solar,66,44544,49728,0.9540617563282908,0.0307987148329373,0.16091657,0.04918313,0.06497669,0.17671013
solar,25,44288,47872,0.9540262419410868,0.1637318841113265,0.25366592,0.3491063,0.059248924,0.036191463
solar,51,44928,52416,0.9540134351992734,0.1446135287971689,0.074998856,0.34555817,0.19450474,0.22605228
solar,39,48128,52288,0.9540105296242094,0.2224528195459584,0.45334148,1.1548259,0.081003904,0.78248835
solar,90,46592,48320,0.9539779647957434,-0.0044441252658536,1.0720615,0.22676921,1.133497,0.16533375
solar,97,49472,51200,0.9539669637431588,0.2773688873356599,0.29146624,0.37202024,0.20310688,0.4603796
solar,32,42176,49088,0.9539255834113396,0.2522746941450553,0.3442912,0.0795784,0.408525,0.01534462
solar,11,42816,46848,0.9539248006409876,0.1923044331662101,1.2542744,0.11160803,1.3640215,0.001860857
solar,82,43520,52160,0.953891771107318,0.2256714763221124,0.13438487,0.2513919,0.09500718,0.29076958
solar,74,42368,43520,0.9538897222395945,0.113254239880096,0.039423466,0.4261315,0.51434493,0.048789978
solar,44,45120,49152,0.9538897160689526,0.0479773631106645,0.31972218,0.45020247,0.8681352,0.09821057
solar,112,44160,46592,0.9538276859437932,0.2150606143932193,1.6656823,0.28801966,1.3799963,0.002333641
solar,115,42560,44864,0.9538246012195324,0.1353393792453615,0.018267632,1.8537033,0.18744755,1.6479881
solar,79,44672,47680,0.9538151219918088,-0.1658604430260712,0.8801689,0.5479603,0.38720655,0.05499792
solar,66,46016,46592,0.9537922647082396,-0.065371349023911,2.2582636,0.10765028,2.1929169,0.042303562
solar,97,42816,52032,0.95376063840612,0.2833005214867211,1.5283718,0.0044834614,1.6395855,0.115697145
solar,55,44224,49408,0.9537493166005904,0.0140224733257798,0.11361599,0.13099933,0.09879255,0.14582276
solar,50,47552,48128,0.9537241645231672,0.194721808893468,0.03988242,0.32904053,0.28411722,0.5732753
solar,36,42624,44800,0.9537072352045548,0.1650938003255762,0.38015985,0.38547182,0.15465117,0.15996313
solar,91,46656,51712,0.9535569424785516,0.2187950354206602,0.6032119,0.38303566,0.06874752,0.1514287
solar,30,49408,49984,0.953516191379734,0.196962050496014,0.008160114,0.010363579,0.029623508,0.0481472
solar,110,45696,50880,0.9534998431288352,0.1866703171286456,0.5797632,0.24785209,0.5084703,0.31914496
solar,28,42048,51840,0.9534794242574572,-0.0792696340392347,0.29575324,0.022696495,0.046168566,0.22688818
solar,9,42496,52288,0.9534712079203512,0.1698974921166431,0.20142078,0.31941938,0.14616776,0.3746724
solar,74,47808,52416,0.9534709469532696,0.1324126191976904,0.5681548,0.16431665,0.07073164,0.33310652
solar,24,44096,48128,0.9534574960961754,0.2918755133138908,0.24753618,0.075074196,0.35872555,0.18626356
solar,27,42624,49408,0.9534571734355104,-0.0038534177983632,0.67135453,0.40983248,0.21075845,0.050763607
solar,109,42816,46848,0.9534079824039522,0.1430947357851834,0.37376404,0.109102726,0.29083586,0.1920309
solar,12,43520,46400,0.9533827162824062,0.2062500067661221,0.055076838,0.03686309,0.04753375,0.044406176
solar,105,46592,51200,0.9533783865329524,0.0140635808571332,0.10842323,0.3757329,0.062351704,0.20495796
solar,98,43776,44928,0.953362908982762,-0.0060303336163089,0.38959122,0.23016787,0.5600877,0.059671402
solar,97,44288,46016,0.9533542448509408,0.0919709349883982,0.03456068,2.179499,0.012969494,2.1319687
solar,73,45248,51584,0.9533428495369892,-0.2279999276554029,0.058755398,0.27851892,0.21462083,0.122653484
solar,25,48320,50048,0.9533320371257272,-0.0503104288376026,1.601022,0.0063786507,1.3119519,0.28269148
solar,14,49408,51712,0.9533025206273632,-0.0219804435339852,0.26100826,0.0867033,0.19822311,0.37252808
solar,89,42816,50304,0.953211685902757,0.1247752180950289,0.23553848,0.017768145,0.081119776,0.17218685
solar,49,44352,50688,0.9532053332068892,0.1368681085689697,0.1366024,0.12258577,0.090569496,0.16861868
solar,88,49152,50880,0.95317574849472,0.0803898105151704,0.1938169,0.0923655,0.09043002,0.19188142
solar,57,48576,50880,0.9531261268149732,0.1356809119530099,0.15890169,0.7432914,0.16340375,0.7387893
solar,63,42176,51968,0.9531036923203964,0.2946042528756823,0.113553524,0.16437912,0.4331503,0.15521765
solar,133,42816,43392,0.9531005659141624,0.1273637399588816,0.26631284,0.10188627,0.3854978,0.017298698
solar,106,43200,50688,0.9530754626578576,0.1035156947682766,0.04702425,0.02140665,0.015944958,0.009672642
solar,46,43200,48384,0.9530750129524144,0.276076057628962,0.19602537,0.37030554,0.10342026,0.07085991
solar,112,44544,46848,0.9530659260168663,0.203487262117168,0.2842121,0.20534563,0.4380412,0.051516533
solar,52,48704,52160,0.9529845731655322,0.2638079064388587,0.0924983,0.5580182,0.3019712,0.3485453
solar,57,50176,51456,0.9528869945077776,0.1412235526377946,2.2051177,0.08053613,2.4352798,0.31069827
solar,33,43968,47424,0.9527879866141288,0.2714035408076864,0.85723066,0.07140303,1.1481638,0.36233616
solar,123,47424,51456,0.9527541815926004,-0.0304602181426763,0.41087842,0.1206193,0.49096394,0.04053378
solar,13,45568,50752,0.9527286348400796,0.0680067153996773,0.48935127,1.850894,0.43964648,1.8011892
solar,20,50176,52480,0.9526545533652592,0.2538342277294447,0.18748093,1.1024394,0.40544415,1.3204026
solar,21,45952,47104,0.9526331611084312,0.1143017978189258,0.008938551,0.23757744,0.21332812,0.015310764
solar,129,43136,52352,0.9526300077630772,0.2969913853019422,0.073471546,0.22328663,0.035982132,0.3327403
solar,44,44544,48000,0.9525910755695768,0.2422169402938537,0.1905222,0.18711185,0.41240716,0.03477311
solar,64,47872,51456,0.9525453221970416,-0.0510757780970938,1.4627922,0.06975794,1.5534904,0.16045618
solar,73,49408,51712,0.952536995153394,0.2588680024994758,0.12413573,0.3296349,0.54977393,0.096003294
solar,98,48128,52160,0.9525167776075326,0.1593291004583753,0.25006723,0.28116965,0.1530776,0.18418002
solar,84,44160,46016,0.9524996274207708,0.2765694534366193,0.17332411,0.0870347,0.022652626,0.23770618
solar,34,43648,48832,0.9524877755437016,-0.1134052340646288,0.25214434,0.042642593,0.07444382,0.13505793
solar,76,45440,51776,0.952432096850049,0.288230608546052,0.11763048,2.5331647,0.19609642,2.6116307
solar,124,48128,52160,0.9523350967170688,-0.1874566659145796,0.4915862,0.24747705,0.17848516,0.065624
solar,99,45248,47552,0.9523232819351496,0.1518067836884375,0.4569192,0.23817182,0.48925543,0.20583558
solar,83,44288,52352,0.9523218583312568,-0.1316059940348935,0.046328306,2.1707692,0.091264725,2.1258328
solar,25,42688,49728,0.9523214850345284,0.1849605379922796,0.3762324,0.30217934,0.18777919,0.11372614
solar,97,45696,49728,0.9522576040234436,-0.108356020297716,0.05239749,0.24394894,0.20255876,0.011007309
solar,131,50880,52032,0.952241349144029,0.2389337618771477,1.6338434,0.076770306,1.9925978,0.2819841
solar,1,42176,42752,0.952181105640346,-0.1041310900908157,0.016353607,0.013504505,0.014998436,0.017847538
solar,91,45120,50880,0.9521169023846608,0.2080475505144066,0.17407227,0.20105886,0.48074818,0.5077348
solar,30,43072,52288,0.95207522560983,-0.099291340995854,0.34336138,0.113928795,0.0141329765,0.2152996
solar,130,48704,52160,0.9520149419126908,0.1853329519826421,0.1436038,0.22032237,0.111432076,0.2524941
solar,25,42176,48512,0.9520129781841736,0.2936951686011462,0.07404995,0.0601573,0.072648525,0.058755875
solar,47,43392,51456,0.9520004874274668,0.1382522642706017,0.15634942,1.2193792,0.13324118,0.9297886
solar,88,45696,50304,0.951998551355859,0.0468855962143307,0.22077322,0.094620466,0.26464534,0.05074835
solar,120,46144,46720,0.9519843334014176,0.1036596060077362,0.14300728,0.08890104,0.032994032,0.021112204
solar,69,44864,51776,0.9519733815515874,0.2844471938731629,0.05123043,2.314795,0.07784963,2.185715
solar,132,49024,50048,0.9519502917037528,0.2710075461111856,0.15676355,0.082944155,0.25533152,0.18151212
solar,39,43072,47680,0.9519293385085684,-0.1720883913617732,0.7464175,0.11444759,0.40365505,0.22831488
solar,35,48448,49024,0.9519290712186218,-0.0524312258325129,0.004945755,0.42322683,0.100245,0.31803608
solar,26,45376,48256,0.9519111893337736,0.1125646111443535,0.5000465,0.009608507,0.15175962,0.35789537
solar,132,46528,51712,0.9518829509054644,0.0025888524707953,0.15699005,0.037772655,0.09706354,0.097699165
solar,13,43200,50112,0.9518537832598676,0.1697730592979939,0.32916188,0.0087041855,0.16133237,0.1765337
solar,77,43904,47936,0.9518036670975878,0.071930756588081,0.029299736,0.042531967,0.0051517487,0.07698345
solar,103,42112,42688,0.951781041538093,0.2071994674346574,1.1024392,0.13649559,1.4013262,0.16239142
solar,29,42624,51264,0.9517433481622912,0.1949136048067707,0.4355514,0.318187,0.009328365,0.10803604
solar,2,45440,48896,0.951706924525064,0.1184196726486354,0.061024427,1.283678,0.10160422,1.3242579
solar,92,44928,52416,0.9516754408473498,-0.0094019107748439,0.12137079,0.20319891,0.13061857,0.048790455
solar,128,42048,52416,0.9516753928572932,-0.6172258639627176,0.17365837,0.97067213,0.45245028,0.34456348
solar,6,49024,52480,0.9516494534982768,0.0881298694870535,0.08306742,1.3122911,0.10654163,1.3357654
solar,0,47744,48320,0.9516157115997188,0.2335644549275275,2.2123687,0.04235959,2.2051606,0.0495677
solar,108,43712,50048,0.9516039302310934,0.2242580908662872,1.7541413,0.123196125,1.6023216,0.028623581
solar,48,51776,52352,0.9515996239096952,-0.0332282868037369,0.037091732,1.1664958,0.6566644,1.7860684
solar,36,46848,51456,0.9515884336762136,0.1307703580424494,0.10496163,1.5386982,0.056450367,1.4901869
solar,37,43200,44352,0.9515860456428272,0.1309293177705581,0.18226242,0.050427914,0.12857533,0.10411501
solar,126,46400,49856,0.9515625264032892,0.0278866684845397,0.050418377,0.5688813,0.19702482,0.32143807
solar,49,44800,52288,0.9515598382697568,-0.2628751570020726,0.7449846,0.15612173,0.19328213,0.39558077
solar,21,43968,48576,0.9515199097163868,0.2372953356814421,0.6147411,0.22449613,0.74251103,0.35226607
solar,124,42048,44224,0.9515187864715656,-0.1231920411325396,0.70631933,0.28364754,0.3845992,0.038072586
solar,70,47296,51456,0.9515138938849038,0.0070981613733826,0.5842626,0.19761372,0.46490407,0.07825518
solar,34,44288,48320,0.9515133005611852,0.2568976746668351,0.23915792,0.5816312,0.35411572,0.46667337
solar,54,44224,47680,0.9514578528479768,0.0522931314946906,0.12196112,0.4161749,0.117771626,0.42036438
solar,132,46272,51456,0.9514075531236332,0.1901099948903058,0.046004772,0.019034863,0.017028093,0.009941816
solar,59,46400,48704,0.9513985997935,0.1997141059874154,0.012095928,0.123872995,0.12037206,0.015596867
solar,67,51904,52480,0.9513760919626252,0.2108478941274159,0.0946753,2.1304054,0.13080406,2.1665342
solar,81,46016,46592,0.9513632946631948,-0.0849665093305608,2.2589765,0.5620775,1.8925776,0.19567871
solar,48,42240,48576,0.9513015016334444,0.1976082928856435,0.2565112,0.0791111,0.70748854,0.5300884
solar,59,50880,52032,0.9512619703277398,0.2402706565733673,0.93347216,0.048928022,1.1189399,0.1365397
solar,125,47232,50112,0.9512449820893736,0.2279472382688975,0.2731974,0.07931495,0.29619646,0.0563159
solar,37,48832,51136,0.9512292323221312,0.2956355145056573,0.10318422,0.070856094,0.1343522,0.03968811
solar,27,43968,50880,0.9512244078919224,0.2282043245113626,0.3324499,0.12925649,0.38701415,0.07469225
solar,7,46400,47552,0.9511839887031605,0.1813292695852164,0.016275883,0.023571014,0.0625124,0.0226655
solar,108,46080,47808,0.9511634474414216,0.2441568362262618,0.037813663,0.082549095,0.14840889,0.028046131
solar,118,45696,51456,0.9511580349513752,0.2955599908750182,0.11588073,0.1062932,0.33069754,0.10852361
solar,21,46592,49472,0.9511513909192152,0.0091468115228883,0.08944178,0.20172215,0.16193056,0.45309448
solar,93,47232,47808,0.9511435247169356,0.2539372551500495,0.015341282,0.033611774,0.028002739,0.020950317
solar,16,45120,50880,0.9511283038115736,0.0424530021215069,0.022569895,0.6885009,0.26920557,0.39672542
solar,20,43968,45120,0.9510827868569456,0.2728590119310285,0.123928785,0.08536482,0.056483984,0.15280962
solar,65,46976,48128,0.951059805668954,0.2690221637632223,0.095556736,0.24542141,0.39769554,0.5475602
solar,130,45376,47680,0.9510105614403366,-0.1132633235686556,0.3626461,0.29489994,0.19203472,0.46551132
solar,135,45568,49024,0.9509759871449328,-0.0260441994553913,0.004302025,0.6318598,0.11286163,0.5146961
solar,123,46400,46976,0.950968897546962,0.2933098897239207,0.15719676,0.044755697,0.059649467,0.14230299
solar,132,50880,52032,0.9509647170533267,0.0551451571964316,0.87590885,0.022414207,0.73656654,0.1169281
solar,1,45696,49024,0.9509595603255104,-0.0756040364717614,0.14372706,1.3079555,0.07860494,1.0856235
solar,0,48128,52160,0.9509455053625628,0.1945260292991132,0.2809775,0.29391527,0.38247824,0.19241452
solar,36,43648,48256,0.9509216951004748,0.0320033172038711,0.34839177,0.1999731,0.28894114,0.25942373
solar,68,44416,48448,0.9508595562467526,0.1829596327956885,0.14559984,0.75105333,0.34883308,0.2566204
solar,108,42048,43776,0.9508497601086346,0.0509828289853781,0.05919075,0.22316408,0.052004337,0.21597767
solar,100,46400,49856,0.950818070194054,0.1719379756196778,0.25442076,0.5305166,0.23892355,0.54601383
solar,54,47552,49856,0.950816594235102,0.0661967208550642,0.064534664,0.06420517,0.031124592,0.09761524
solar,51,42816,52032,0.9507937295738216,0.0950783123712256,0.54471684,0.28745484,0.8491764,0.017004728
solar,130,43072,48960,0.9507825680246166,0.1682787205216293,0.05039692,0.097468376,0.41836357,0.56622887
solar,25,48128,49280,0.950770122831402,0.10632786921134,0.41773844,0.10985279,0.16235328,0.14553237
solar,81,42624,50112,0.9507685817615732,0.2117449451471015,0.028657436,0.02007389,0.048392296,0.05697584
solar,68,45120,52032,0.9507676036931768,0.1457943032872875,0.43263412,0.24115229,0.6471782,0.026608229
solar,40,46528,52288,0.9507485801988932,0.0306672086199634,0.15860963,0.17844152,0.027357817,0.36440897
solar,105,43200,46656,0.9507456314080625,0.1694194955075183,0.08011627,0.054674625,0.02406311,0.15885401
solar,30,48832,51136,0.9507426728635956,0.1756875682197143,0.3980708,0.050223112,0.5401993,0.091905355
solar,54,42176,49088,0.9507122969250864,0.2919205557919371,0.030242443,0.11318493,0.06391907,0.019023418
solar,92,49600,50176,0.9506772341319772,0.1328659990259652,0.117940664,0.017376423,0.039381266,0.09593582
solar,8,43136,43712,0.9506762055345606,-0.6142558063715156,0.47612286,0.008890152,0.47765017,0.0073628426
solar,98,50112,51712,0.9506533522659032,0.2535703940972964,1.1155069,0.0029757023,0.81786585,0.29466534
solar,116,50880,51456,0.9506254086425806,0.1082420610969237,0.16883159,0.6157563,0.09511566,0.35180902
solar,135,45696,49728,0.9506244283002644,-0.2353168955895888,0.036369562,0.15313578,0.16455293,0.024952412
solar,90,42176,48512,0.9505903189066028,0.2688375744279622,0.04553795,0.24005222,0.2996645,0.014074326
solar,98,50048,51200,0.9505351313098096,-0.2104900796010753,0.012347221,2.8598142,0.21975112,3.067218
solar,19,45376,49984,0.9505250950852234,-0.0450941318814705,0.22672653,0.14012957,0.029543877,0.11614084
solar,89,46016,47872,0.9504329802361382,-0.3882227077354732,1.0627875,0.26475954,0.77342415,0.024603844
solar,103,43840,44864,0.9503713250075324,0.1716599042901974,0.36984634,0.0014257431,0.3998084,0.031387806
solar,90,44672,47552,0.9503363482175032,0.1637243835945441,0.4061575,0.08090949,0.20940638,0.2776606
solar,64,44096,49280,0.9503188667257276,0.2917793169382407,0.7379403,0.20520782,0.74424434,0.1989038
solar,32,50624,52352,0.9503107200180504,0.2604484577318729,0.13789701,1.5251985,0.17311263,1.4899828
solar,50,44416,50176,0.9502654726937454,0.1944915398666723,0.013661146,0.25890255,0.11809373,0.12714767
solar,4,44288,49472,0.9502290641546244,0.1242047570958754,0.046159744,1.6460629,0.013578653,1.6134818
solar,113,50176,51456,0.9502244610163664,0.0255576846227409,1.9166336,0.10965395,2.250134,0.44315434
solar,77,50880,52032,0.9502023825726584,0.1575156055531875,0.9016478,0.21072245,1.1079342,0.004436016
solar,125,47680,52160,0.9501765511531424,0.1633659789230171,1.072037,0.12557101,1.4477847,0.25017667
solar,30,48128,52160,0.9501702735506122,-0.1123498072987006,0.029716253,0.3603077,0.12566471,0.45625615
solar,14,46016,50048,0.9501621726084064,0.2962678598034402,2.2531066,0.1355381,2.1622486,0.04468012
solar,102,46656,47808,0.9501612689204364,0.1752749599242325,0.012600422,0.10716915,0.10262203,0.008053303
solar,52,43136,52352,0.9501476028615152,-0.4345740329240005,0.015570641,0.826931,0.10931921,0.92067957
solar,88,48000,52032,0.9501472407497948,-0.0120941067226498,1.4056506,0.024511576,1.7627134,0.33255124
solar,99,51456,52480,0.9500785781505218,0.0951192774473893,0.5208664,0.23667526,0.65261054,0.3684194
solar,12,44224,49408,0.9500771259248968,0.1717811679223213,0.018499136,0.30398417,0.0736351,0.2488482
solar,6,50304,50880,0.9500665947291954,0.066097034136013,0.12397146,0.2452395,0.105501175,0.26370978
solar,58,45248,51008,0.9500483055977398,0.0460661828309495,0.08527279,0.094080925,0.066078186,0.05727005
solar,58,42176,50816,0.9500345607502478,0.2727259547952747,0.18423843,0.2972288,0.19721174,0.08422136
solar,38,49728,50880,0.9499993460295112,0.2910416759565103,0.1312561,0.06548762,0.07510042,0.1408689
solar,13,44800,47680,0.9499584867288512,-0.1089236866747024,0.27551818,0.13939548,0.13429022,0.27041292
solar,102,46016,51200,0.9499461770599202,-0.3251916042490941,0.25911236,0.05739355,0.19067478,0.12583113
solar,120,47744,52480,0.9499335559652508,0.217632022619799,1.5797248,0.44416094,1.2861085,0.15054464
solar,89,42048,48384,0.9499179313044184,0.2245885649194401,0.027917385,0.05283308,0.08935928,0.06444359
solar,97,42560,46592,0.9498842133675964,0.2692778203430295,0.18906522,0.9255507,0.30382156,0.81079435
solar,68,43520,47552,0.949880454619832,0.1553129124470059,0.500263,0.3097942,0.3156371,0.5061059
solar,26,46656,52416,0.94984467952405,-0.0316682155079976,0.04251957,0.7517886,0.44568825,0.2635808
solar,6,45248,48704,0.9498298969293528,0.1969306549248158,0.3265121,0.31138396,0.56457186,0.0733242
solar,8,47744,51200,0.9498109971623928,-0.1392068549355762,0.24243975,0.34110928,0.27821827,0.8617673
solar,18,46528,52288,0.9497459007259352,0.2172266612801752,0.2306459,0.19287395,0.08427024,0.3392496
solar,2,44800,44928,0.9497259622031938,-0.1442679442500075,0.059876442,0.33423233,0.1675241,0.5616329
solar,130,49024,51328,0.949711971229364,-0.0570478664987624,2.408927,0.1400981,2.5644648,0.29563594
solar,49,43648,46528,0.9496549969963338,0.044532125828511,0.02863884,0.3109913,0.17045021,0.16917992
solar,0,44480,51264,0.9496524558913608,-0.0051026461865183,0.75363827,0.41629887,0.25725174,0.08008766
solar,105,50048,50624,0.9495968602697704,-0.0368106970790571,0.34690714,0.355891,0.6084671,0.094331026
solar,120,45696,50304,0.9495777262580078,0.253287692974401,0.032096386,0.25080228,0.16134167,0.057364225
solar,122,48256,51136,0.9495755697194256,0.2653166477377087,0.40735245,0.26397228,0.031436205,0.6398885
solar,23,47232,50560,0.9495613856799178,-0.0633461590380282,0.64081144,0.35307693,0.07116556,0.21656895
solar,127,43264,47872,0.9495589605128706,-0.0704934153799792,0.1400702,1.4031396,0.19688988,1.0661795
solar,84,43520,44096,0.9495577314288158,0.299662541752518,0.42202687,0.07164669,0.093892574,0.2564876
solar,98,43648,48256,0.9494872360741958,0.0583341952520217,1.0628588,0.1450727,0.8774524,0.33047915
solar,113,51136,52288,0.9494707198778004,0.2434355030821831,0.54797626,0.42914534,0.33017325,0.64694834
solar,45,42560,47744,0.9494683981262784,0.0627451560157799,0.019250631,2.2781668,0.19165564,2.1057618
solar,19,43776,49536,0.9493993971083456,0.1160684318394764,0.45178366,0.36241865,0.6507826,0.16341972
solar,101,44096,48704,0.9493937548778744,0.2735441782931786,0.2035172,0.3158245,0.1380527,0.025745392
solar,128,42176,51968,0.9493787227839632,0.2200801951609956,0.30519104,0.23632526,0.09632015,0.027454376
solar,43,44352,45376,0.9493613670120182,0.1513009900983605,0.32382655,0.68772435,0.16013956,0.20375824
solar,38,44928,52416,0.9493395114120632,0.0830389143333469,0.08693695,0.19746494,0.23900318,0.045398712
solar,47,49280,49856,0.9492775622831484,0.250162467820308,0.004271984,0.14623713,0.14468336,0.0027182102
solar,128,47680,49984,0.94920350421289,0.1693519793204932,0.0037426949,0.0757761,0.1289525,0.056919098
solar,100,42624,51264,0.9491639488816638,0.1202688386282391,0.50539565,0.000695467,0.13553476,0.36916542
solar,12,45440,46016,0.94913531012494,-0.1497990175438535,0.21700859,2.966508,0.30678892,3.0562882
solar,102,43712,49472,0.949088016150874,0.1496333580345009,0.033755302,0.012889862,0.20562315,0.22648859
solar,94,42112,49024,0.9490825960199925,-0.196144591856691,0.75565434,0.053681374,0.7833054,0.026030302
solar,83,48832,49408,0.9490592446799156,0.0685811909378973,0.18732405,0.13363647,0.052845,0.26811552
solar,108,43328,51968,0.949035923452206,0.2960364576168827,0.33914757,0.06398678,0.74702406,0.3438897
solar,71,49408,51712,0.9490330554952056,0.0273054728050323,0.05196953,0.17429686,0.27498007,0.15265274
solar,45,42048,42624,0.9490297610502136,0.0325455834552001,0.10894084,0.037120104,0.036239862,0.1823008
solar,110,44224,48832,0.949016686773519,-0.0613746649061769,0.07052851,0.23326778,0.05790615,0.104833126
solar,84,43072,46528,0.9490079747451302,-0.3335656308160121,0.58390236,0.04748392,0.40383768,0.13258076
solar,108,42240,45120,0.9490023307136216,0.1369139229390009,0.18393397,0.12694359,0.06284881,0.24802876
solar,9,44096,49856,0.948938757186752,0.2479167557658098,0.2426157,0.28308296,0.09765124,0.6233499
solar,73,43648,44224,0.9489136738473382,0.0870795236053913,0.3162737,0.22065282,0.4778478,0.059078693
solar,11,46400,47552,0.9489119132216068,0.0971702413660978,0.1822412,0.1934104,0.089951515,0.28570008
solar,131,44672,45248,0.9489118020065268,0.2968557210819464,0.19820976,0.12121105,0.0030374527,0.32245827
solar,21,49856,52160,0.9488691909381464,-0.2141516202893132,0.5920675,0.24013782,0.6436665,0.18853879
solar,OT,49408,50560,0.9488349107929156,0.1531353831535138,0.14224672,0.0355134,0.01756525,0.16019487
solar,39,42112,46720,0.9487676500751028,0.1319827065552416,0.6855087,0.23622012,0.86882424,0.052904606
solar,124,43712,51776,0.9487667914321,0.1915067722347288,0.057221413,0.54638195,0.090109825,0.3990507
solar,45,43328,47360,0.948757180816433,-0.010020793764368,0.16179419,0.10988855,0.03622055,0.08812618
solar,11,43136,51200,0.9487095679355366,0.1913821696577363,0.30910826,0.15100479,0.1160388,0.042064667
solar,108,49408,49856,0.9486930033194731,0.1927217449205696,0.19811392,0.6263623,0.5656481,0.9938965
solar,96,42368,52160,0.94867059263224,0.2308797089061932,0.24829721,0.10091305,0.15760207,0.30498624
solar,118,43712,47168,0.9485810004214784,0.1851594827481276,0.7863312,0.12673569,0.73977613,0.17329073
solar,8,48384,51712,0.9485493645415136,-0.1351596251258193,0.66562295,0.10339308,0.2782488,0.28398108
solar,8,44224,49408,0.948502135677285,0.1627758427297073,0.10684919,0.24846411,0.03614378,0.105471134
solar,84,48128,52160,0.9484850474366422,0.2307032048716516,0.4488666,0.037435055,0.20967007,0.20176148
solar,48,46720,49024,0.948475603337846,0.1230954883509503,0.16274214,1.224258,0.020858765,1.0823746
solar,73,47168,51776,0.9484648776980787,-0.0664583351380206,0.0674746,2.678418,0.0014226437,2.6095207
solar,57,42112,42560,0.9484176705720004,0.0274714201610588,1.1410217,0.2817936,1.3748572,0.047958136
solar,30,44544,46272,0.948411797509582,0.1993306187844167,0.101002455,0.24448442,0.54945016,0.20396328
solar,77,45696,48576,0.9483927725016454,0.248984913046326,0.5258136,0.07635021,0.43028283,0.17188096
solar,134,43328,49664,0.948357127650168,0.2989940033039235,0.03947544,0.089087486,0.102446556,0.026116371
solar,117,45696,51328,0.9483153467455442,0.274364786776567,0.2065804,0.27702403,0.12355137,0.193995
solar,45,49728,50880,0.9482609062596038,-0.0280808754407304,0.11717129,0.96051526,0.042576075,0.88592005
solar,99,45568,47872,0.9481895902320214,0.1831877768891777,0.25077295,1.5140007,0.06785512,1.3310828
solar,98,43840,46720,0.9481780176464252,0.0089294271504733,2.4740677,0.44631815,2.514702,0.48695254
solar,133,43136,52352,0.9481779801110602,-0.0865731160775645,0.5114355,1.5141482,0.7244091,1.7271218
solar,100,43200,50112,0.9481529316028636,0.2534662109981147,0.15474081,1.0204844,0.42428637,0.44145727
solar,67,44928,48832,0.9481409072055248,0.0530494697903129,0.30691886,0.7141309,0.1776967,0.22951531
solar,57,43136,46592,0.9481327354540804,0.0905428454547746,0.546824,0.06263399,0.2122941,0.2718959
solar,61,42176,45056,0.9480766339031336,0.0515121107985279,0.0672307,0.24749422,0.30100822,0.013716698
solar,95,50112,52416,0.9480434982798328,0.0294432863795774,0.046666145,0.5690551,0.2971077,0.22528124
solar,83,42176,46784,0.9480110478144158,0.0518220542116757,0.54355526,0.32093143,0.7017007,0.162786
solar,103,46656,52416,0.9478727610743232,0.2315486139220011,0.06474304,0.70227766,0.3605857,0.406435
solar,4,43904,51392,0.9478627406248272,0.2373060156297351,0.14436722,0.028670788,0.44850588,0.33280945
solar,11,44096,52160,0.947859184146964,0.0856873136886874,0.07075548,0.18162322,0.13197327,0.120405436
solar,96,51712,52288,0.947826723986768,0.1241609413038071,0.16209412,0.0130393505,0.047852278,0.12728119
solar,60,47552,52160,0.9476924677722433,0.0654875541308817,0.100087404,0.024873972,0.07824659,0.046714783
solar,22,43136,52480,0.9476453911893448,-0.0337752583434253,1.6707149,0.18852901,1.5385065,0.056320667
solar,109,44672,51584,0.947559597069028,0.2490860451303554,0.08290005,0.01632595,0.17007303,0.070847034
solar,83,43328,44480,0.9475351239567984,0.2530574854043118,0.049481392,0.02805233,0.03297615,0.054405212
solar,51,43328,50240,0.9475068334660324,0.2879422740625106,0.087156296,0.41176033,0.4000435,0.09887314
solar,23,43520,48128,0.9475022305924826,0.2463883895796558,0.16011167,0.19607401,0.012583256,0.0485456
solar,25,43264,52480,0.9474763288803774,0.1110765645728375,0.05809951,1.8395276,0.11914849,1.9005766
solar,85,46976,49856,0.9473567663856552,0.2571730741669543,0.103651285,0.12093449,0.061835527,0.16275024
solar,9,43328,50240,0.9473241795312805,0.2612140866255157,0.07704115,0.48451185,0.5105252,0.051027775
solar,45,45440,49472,0.9473141048135972,0.0780930113980138,0.044333458,2.4295473,0.036753178,2.510634
solar,134,50176,51456,0.9472755895409752,0.08404476472244,1.7743456,0.0938046,2.2145016,0.3463514
solar,106,44224,51136,0.9472140327618432,0.0609878461177349,0.17475724,0.009264946,0.22154975,0.03752756
solar,106,42176,49088,0.9470749116441745,0.2540730816590263,0.277102,0.58426285,1.0545306,0.19316578
solar,68,43072,45376,0.9470738192434668,0.1518740797691726,0.4179492,0.15408659,0.21777534,0.046087265
solar,OT,50880,51456,0.9469660661239988,0.1252351746628303,1.1123681,0.09499979,1.2849185,0.07755065
solar,31,45696,50176,0.9469469239217756,0.014122616479729,0.12189603,1.2536705,0.067224026,1.0645504
solar,81,42496,43648,0.9469283618638594,0.1517377229617645,0.0031309128,0.03257656,0.020256996,0.05596447
solar,18,43904,51392,0.9468892568978734,0.2879236606336243,0.024410248,0.6918969,0.5340996,0.18220758
solar,111,47872,51904,0.946857513718406,-0.0828371838147864,1.9092836,0.26256514,1.7956746,0.14895606
solar,107,42368,44096,0.9468537112463632,0.0810981123285283,0.13997555,0.062603,0.09189081,0.11068773
solar,96,45120,47424,0.9468252620897089,0.2241099528515585,0.015857458,0.3849213,0.26656485,0.13421392
solar,53,44352,52416,0.9467998868487404,-0.0983854917564168,0.0794456,0.62732196,0.44961786,0.098258495
solar,7,48256,51712,0.9467906811752352,-0.3903394036030448,0.25658464,0.114221096,0.07159066,0.29921508
solar,111,45696,47424,0.9467746546683192,0.2417983925634872,0.039105892,0.047314405,0.0037794113,0.08264089
solar,18,43264,43840,0.9466689870110044,0.0841866495161602,0.16656542,2.849983,0.12756014,2.8109777
solar,33,44672,52160,0.946668782276136,-0.097669912746151,0.51739883,0.15645385,0.52493525,0.14891744
solar,58,46144,51904,0.9466472588128252,0.2757303175122352,0.6314044,0.10614395,0.2524755,0.48507285
solar,131,47552,52160,0.9466451971165816,0.0640483557378407,0.05752325,0.0011942387,0.062206507,0.11853552
solar,112,45248,46400,0.9466422517205316,-0.0786336149328366,1.215517,0.13191581,1.0447009,0.302732
solar,89,43712,44288,0.946641802407184,0.1066254713314015,2.4506576,0.08982086,2.3746274,0.013790607
solar,OT,42176,42752,0.9465647979587054,0.0609476829544553,0.17003918,0.038583755,0.027103424,0.18151951
solar,11,46720,51456,0.9465596201439668,0.1407559387280806,1.4378309,0.030032158,1.2527266,0.21513653
solar,47,46848,49728,0.9464265030069228,0.1961487673786543,0.06326771,0.25480604,0.13176942,0.18630433
solar,29,46592,47744,0.9464251408552388,0.0684528017293397,0.033523083,0.060500145,0.20701933,0.18004227
solar,2,42496,47680,0.94632160802357,0.0750932098824257,0.84582615,0.194808,0.3685093,0.28250885
solar,62,50880,52032,0.9462966564222954,0.1711137752836563,1.4601462,0.06591368,1.628953,0.102893114
solar,73,42176,45056,0.9462676331291128,0.0217607420871457,0.28586292,0.041702747,0.03435898,0.2098012
solar,107,43392,45120,0.9462635324096096,0.2993822940286708,0.028889894,0.29916406,0.23631,0.033964157
solar,132,45568,50752,0.9462301099725596,0.1608801168474722,0.4001398,1.9620287,0.26982403,1.831713
solar,93,45120,47424,0.9462257331957244,0.2849711144533871,0.07509875,0.57624173,0.17627335,0.47506714
solar,39,48448,51904,0.946223402626221,0.292268203609861,1.8926606,0.33317876,1.7319734,0.17249155
solar,51,48576,51456,0.9462106908262112,0.2108015878870695,0.52837706,0.24666095,0.8557105,0.0806725
solar,106,42816,51008,0.9461790291667656,0.0506168880126033,0.4107337,1.1717339,0.4530368,1.214037
solar,61,47680,48832,0.9461778698573418,0.135176057853624,0.03146267,0.018398762,0.011097908,0.024161816
solar,38,48000,49152,0.9461414154544122,0.1138647795853894,1.002887,0.0040450096,1.032531,0.025599003
solar,99,44224,45952,0.9461171623794488,0.0449122999656535,0.060164213,0.05471587,0.30816245,0.42304254
solar,81,45824,48000,0.9459806706719744,0.0822945284348763,0.16947603,0.24009466,0.18655443,0.25717306
solar,69,44544,45696,0.945979129631079,-0.1591468951264809,0.07473707,0.06885314,0.13778114,0.0058090687
solar,89,48000,52032,0.945955779735482,-0.0346108547504666,1.1926038,0.221704,1.5400822,0.12577438
solar,22,42240,49152,0.9459542141305276,0.2794884388244392,0.1788745,0.058408976,0.02733612,0.0931294
solar,73,44544,45696,0.945946254490592,0.0808759271072678,0.04611945,0.40616727,0.5252981,0.0730114
solar,36,45696,49728,0.9459453326857876,0.0603013837398106,0.364913,1.9872284,0.030808687,1.6531241
solar,36,46400,47552,0.9459002703522696,0.264569084056741,0.100955725,0.07552624,0.054754734,0.12172723
solar,52,44544,50752,0.9458381490760984,0.1179315574856427,0.1132009,0.3878975,0.04231882,0.3170154
solar,135,49408,51136,0.9458267553343532,0.0478856902788387,0.09160423,0.02142477,0.055197477,0.16822648
solar,94,43840,47296,0.9457919849604498,0.0279251959463687,0.18997622,0.2498405,0.4105754,0.029241323
solar,98,42368,51008,0.9457841578527438,0.2461817559632129,0.09458709,0.011152983,0.11727643,0.2230165
solar,117,42816,43392,0.9457534550689632,0.1281572718238053,0.7352338,0.15129304,0.924304,0.037777185
solar,113,42560,49024,0.9456917068667536,-0.2490202746560193,0.436527,0.7424669,0.21572804,0.52166796
solar,109,47424,51456,0.9456817812424688,0.2754308525150244,0.17286777,0.0608263,0.06638074,0.045660734
solar,75,45696,49728,0.9456740049806872,0.0612054112233229,0.085659266,0.45215917,0.31987095,0.046628952
solar,100,44800,48128,0.9456527409152996,0.257089735276603,0.9567816,0.5831237,1.1677675,0.7941096
solar,38,46400,49280,0.9456264018976568,0.2584529810545396,0.16065669,0.084623575,0.020278454,0.22500181
solar,70,47872,49024,0.9456134270031972,-0.0760432438850752,0.09704971,0.18250895,0.13140392,0.14815474
solar,34,45696,48576,0.9455894382291388,0.2334999383692937,0.1739049,0.041800737,0.0677526,0.14795303
solar,31,46528,48832,0.9455779735334974,0.1654863033310311,0.038650036,0.022319555,0.048748255,0.012221336
solar,46,44352,50688,0.9455624864747872,0.1804459967587495,0.023343086,0.1622839,0.109630585,0.0759964
solar,116,42432,46592,0.945556130528518,0.2052227952353572,1.3719091,0.41820621,1.0667658,0.11306286
solar,120,42496,43072,0.9455366650085728,-0.0570720399911484,0.15777016,0.7112093,0.021193981,0.89017344
solar,104,43904,47360,0.9454706323701928,0.0942004569613819,0.056515217,0.13298798,0.040369034,0.14913416
solar,110,50048,51200,0.9454533096587028,0.1218676369706211,0.042557,2.4504313,0.32324958,2.731124
solar,97,48000,50304,0.9454428494473796,0.1184135746876263,1.0711803,0.06578112,1.1832209,0.17782164
solar,83,42752,47360,0.9454109871816586,0.2466892159103,0.116744995,0.12844706,0.09720421,0.14798784
solar,46,48000,48576,0.9453884549857688,0.1585047657228779,0.05215311,0.11165571,0.033443213,0.19725204
solar,131,42112,44992,0.9453858996280216,0.0352149712209003,1.8108914,0.20129752,1.7859743,0.1763804
solar,61,48320,51200,0.945357383775416,0.1779035617429351,0.11907458,1.4505398,0.30996323,1.2596512
solar,7,49280,52160,0.9453232279706434,0.2254701112669024,0.12466788,0.13721752,0.066755295,0.19513011
solar,15,46144,51456,0.945271332631742,-0.115258945024704,1.0811262,1.6668801,1.0393813,1.6251352
solar,33,45440,52352,0.9452427154003384,0.1030619384165916,0.010486603,2.1124206,0.054372787,2.1563067
solar,61,46656,52416,0.9452080608338536,0.1880913579070438,0.055800915,0.39889765,0.41170835,0.06861162
solar,80,43072,48832,0.9452067978811056,0.2049901859588741,0.21662474,0.081813335,0.2159586,0.08247948
solar,4,50304,52032,0.9451972104564064,-0.1945090910686892,0.0643816,0.12247443,0.060822725,0.0027298927
solar,21,42112,51328,0.9451782697744018,0.2604550034058225,2.6146572,0.47660446,2.436124,0.29807138
solar,33,44800,51264,0.9451613306193096,0.0882912902541011,0.7810836,0.07754135,0.69310904,0.010433197
solar,80,43904,48512,0.9451318082565092,0.1071109510114725,0.07077074,0.02913475,0.15304613,0.05314064
solar,14,44096,48704,0.945129756150058,0.2006831806940981,0.1795659,0.042539597,0.074528694,0.062497616
solar,75,51136,52416,0.9451182055480378,-0.1108041261448745,0.29333973,0.36912155,0.11965513,0.54280615
solar,72,43136,44864,0.9451141160982977,-0.039961473876149,2.8365018,0.111861706,2.9099214,0.18528128
solar,19,42816,52032,0.9450461051778,0.2506155762959823,1.0131562,0.15852237,1.2238214,0.05214286
solar,42,45440,49472,0.94503700481283,0.1274883993287054,0.29685926,0.4023075,0.19995213,0.49921465
solar,42,42112,45120,0.9450226867335284,0.2204220024639887,2.2861414,0.11748505,2.4624164,0.29376006
solar,0,48832,50560,0.9449909175990348,0.0576627872162966,0.08459687,0.049451828,0.12451315,0.009535551
solar,69,45632,51392,0.9449593043333956,0.1662423305229492,0.003712654,0.17340851,0.14626884,0.030852318
solar,105,42560,49024,0.9448207951024457,-0.0266647813586349,0.0059468746,1.3700106,0.21146727,1.1525965
solar,41,47232,52416,0.9448052489204338,-0.0802803050974804,0.119485855,1.0918922,0.59574413,0.37666225
solar,101,43072,43776,0.944765298472032,0.050374219457653,0.1656971,0.013306141,0.33751822,0.48990917
solar,39,43328,51968,0.9447561015620234,0.297484735006781,0.0803051,0.5350151,0.5317364,0.08358383
solar,53,50624,51776,0.9447143419664026,0.0388336483579525,0.010499001,2.0965838,0.049651623,2.1567345
solar,45,44224,48832,0.94471102865124,0.0751212997568893,0.35614133,0.30848336,0.11329889,0.16095686
solar,91,43968,48000,0.9446808236465372,0.1634691350765628,0.17434001,0.2181642,0.3270476,0.37087178
solar,82,44544,47424,0.9446451330408624,0.1990569008794116,0.17490101,0.61265874,0.26491094,0.1728468
solar,99,44544,51776,0.9446200707817806,0.1339976502168606,0.22261763,2.245872,0.13262749,2.155882
solar,121,43648,49856,0.9446181358587048,0.0786814203740173,0.28804255,0.17649221,0.4999323,0.03539753
solar,58,46656,47808,0.944545969938216,0.1059513513918316,0.05066967,0.13582516,0.14333916,0.05818367
solar,63,45440,51776,0.9445404994971986,-0.0983848828156362,0.25550556,2.758423,0.10754466,2.6104622
solar,96,43648,49408,0.944532693705691,-0.1412637740855496,0.19129562,0.31679893,0.26122546,0.13572216
solar,134,43968,50304,0.9445257361601064,0.2799623314217225,1.1354167,0.16588998,1.3183982,0.34887147
solar,88,46528,51712,0.944498516405866,0.2682398534578144,0.46674395,0.01011467,0.43874788,0.038110733
solar,81,43136,50048,0.9444676151525772,0.2976102952171215,2.9473643,0.31068826,2.759975,0.12329888
solar,72,43584,52352,0.9444606392494692,0.1235160677897241,0.053988457,0.27469397,0.055042267,0.27574778
solar,94,43520,50432,0.9444420069149648,0.2418286737929249,0.024411917,0.2921338,0.21607351,0.10047221
solar,30,48576,50880,0.944387433504306,0.0104910154153976,0.10890627,1.2743287,0.19886184,0.9665606
solar,33,46848,49728,0.94431892283437,0.1891073336697039,0.11769199,0.29531813,0.1688788,0.24413133
solar,63,42560,48896,0.9442924189778636,0.174709157157005,0.09400034,0.77077174,0.15922046,0.7055516
solar,62,43520,46976,0.9442442695703668,0.2784272250273969,0.37963057,0.07002449,0.11884284,0.19076324
solar,61,44544,48576,0.9442359461340324,0.2725954832493922,0.18487573,0.0931108,0.66247916,0.57071424
solar,25,44544,51904,0.9442287738123768,0.244919586678772,0.4514258,0.1581006,0.41065454,0.11732936
solar,132,48000,49152,0.9442169256543048,0.1739779192519094,0.84666777,0.03091073,0.76221514,0.0535419
solar,56,47424,51456,0.9441996883081945,0.1544694750039738,0.41402888,0.116153,0.56936336,0.03918147
solar,117,48960,51264,0.9441801165651744,0.1179281624034695,1.0575385,0.20429611,1.0253637,0.23647094
solar,112,42240,49152,0.9441619913015232,0.2241302807368617,0.14520645,0.084270716,0.12534928,0.104127884
solar,120,43776,51264,0.9441100059410504,0.1884596292348278,0.39193296,0.14126873,0.25816298,0.007498741
solar,64,50880,52032,0.9440536212801872,0.1812067482296545,0.70689774,0.07575393,0.69200253,0.09064913
solar,47,44544,47424,0.9440497195783946,0.275485356551545,0.97038126,0.096942425,1.3620422,0.48860335
solar,43,42240,51456,0.9440272025886056,0.2446475842013356,0.061873674,0.056087732,0.02513194,0.14309335
solar,77,46016,52224,0.943973751288836,0.2599120492572778,0.25522852,0.5104213,0.44933748,0.70453024
solar,16,46400,46976,0.943953039940144,0.1639453177200019,0.040961742,0.063155174,0.04006362,0.0640533
solar,51,44864,52352,0.9439405430998186,0.1084549311034751,0.19955969,0.02092123,0.19865179,0.4191327
solar,83,46272,47424,0.943821068378134,0.2596274932389359,0.03510952,0.13915205,0.13321185,0.23725438
solar,20,43136,50048,0.943776653457048,0.2007925415398052,1.0994883,0.13734436,0.9529128,0.2839198
solar,118,46528,47104,0.9437638276911586,0.1193319981260071,0.16287565,0.086336136,0.010214329,0.06632519
solar,46,43712,48320,0.9436969016499668,0.1403080410368045,0.641567,0.26805615,0.6661153,0.24350786
solar,55,43968,44544,0.9436670667826678,0.1253027255219535,0.044157982,0.6242628,0.08054018,0.5878806
solar,11,47808,50688,0.9435583722782606,0.0291836389379773,0.024102211,0.18298578,0.13388777,0.073200226
solar,58,43392,49728,0.9435538574878704,0.0504727615924749,0.070641756,0.789531,0.3435936,0.37529564
solar,115,44096,49280,0.9433994585889116,0.2759347254902964,0.16606832,0.43969083,0.044739008,0.2288835
solar,71,42112,51456,0.9433916344346454,0.2843248861290756,0.63779354,0.37500834,0.25732803,0.005457163
solar,20,43840,47872,0.943380197360536,-0.1873645250323492,0.061379194,0.77325606,0.0108652115,0.84550047
solar,95,43136,48320,0.943347564700364,0.0285276955454092,2.2962515,0.004642725,2.327272,0.035663128
solar,119,42816,51456,0.9433430568415202,0.1346162840523377,0.112308264,0.07126737,0.15725517,0.116214275
solar,120,43968,51456,0.9432338958485968,0.0727077889472883,0.1556673,0.14514041,0.27778554,0.023022175
solar,16,42432,51776,0.9431138769029306,-0.2629843043867992,0.08194065,0.35850954,0.28577852,0.009209633
solar,121,42688,49728,0.9430672831976072,0.0989258475735367,0.31594586,0.3456552,0.021748066,0.007961273
solar,103,42496,46528,0.943023063143756,0.0613296918405183,0.20452857,0.052702904,0.13454843,0.3917799
solar,OT,48000,48576,0.9429674145212344,0.1296491477400828,0.07084203,0.6151109,0.171494,0.5144589
solar,84,42752,49088,0.9429556753634084,0.2846072321321898,0.008599281,0.21147966,0.27940893,0.059329987
solar,133,44224,48832,0.9429365929303322,0.010788397999147,0.12270403,0.113281965,0.10931897,0.12666702
solar,49,42944,44096,0.9429164609926654,0.2920685632022554,0.48589563,0.24041271,0.5421243,0.18418407
solar,131,43584,46016,0.942909120780493,0.2938462944683694,0.51575327,0.7210665,0.18807983,0.39339304
solar,62,47104,49408,0.9428984210500896,0.0803161555225164,0.0372262,0.083491325,0.039064407,0.08165312
solar,21,46080,47680,0.942861567791546,0.273166726223858,0.3200357,0.12787771,0.012808323,0.17934966
solar,74,42624,51712,0.9428444109497596,0.2410290464171837,0.22731066,0.7325599,0.095859766,0.4093895
solar,9,48448,51456,0.9428278179254856,0.1791154394789626,0.89606667,0.07451606,1.0503764,0.07979369
solar,38,48704,49856,0.9428199133802844,0.2531187199529883,0.12333298,0.33983755,0.19631338,0.26685715
solar,80,46528,51584,0.9428192997340404,0.0452368031159825,0.09286094,0.67992425,0.31167054,0.89873385
solar,69,49408,50560,0.9428177398320896,0.2850826657112669,0.19682908,0.117512226,0.06420541,0.2501359
solar,29,47168,49472,0.9427682263740657,0.278839665054427,0.1616137,0.52158976,0.073655844,0.6095476
solar,46,42944,48704,0.9427423143872786,0.2779002413154124,0.05354452,0.24351382,0.2535045,0.04355383
solar,3,42560,51200,0.9426186991013348,0.0408395003111871,0.04731059,2.3651361,0.011814594,2.3296402
solar,66,43840,47296,0.9425876152201113,-0.0552387456417571,0.008279562,0.12245631,0.1586039,0.044427156
solar,10,43648,48256,0.942567649748234,0.2756057528066673,0.7940352,0.075668335,0.43820286,0.43150067
solar,73,43136,44864,0.9425542838819336,0.253787860713854,1.8972695,0.14056993,1.8254766,0.21236277
solar,16,42048,44352,0.9425157901432712,0.1396228303635465,0.05792141,0.0677557,0.24349332,0.2533276
solar,130,43264,44544,0.9423479559079784,-0.0215340767382464,0.008034229,0.6057458,0.11590791,0.48180366
solar,100,43648,50560,0.9423265562361636,-0.0124289276792649,0.12607145,0.05046463,0.03235197,0.10795879
solar,25,43520,44672,0.9423149246881752,0.0558770914845701,0.1891725,0.5606816,0.24713993,0.50271416
solar,13,42624,48960,0.9422750862933342,0.2296696681551159,0.053640842,0.20435977,0.22965646,0.07893753
solar,112,46976,49856,0.9422085166519668,0.1331515066838902,0.3129313,0.33874464,0.16948628,0.48218966
solar,103,45376,50560,0.9422009052752508,0.0042243484414848,0.07854271,0.08425045,0.14750051,0.0152926445
solar,110,45120,51456,0.9421816381002872,0.0101428095198025,0.073727846,0.17210197,0.16256213,0.064188
solar,90,43200,45632,0.9421786102668952,0.1679539098871497,0.075905085,1.2154298,0.0029568672,1.1365678
solar,50,49600,52480,0.942166749168202,0.1882527069574261,0.4305985,2.0967839,0.6322384,2.2984238
solar,94,43328,47936,0.9421653620627244,0.2830969820553654,0.14451647,0.1388483,0.5833392,0.29997444
solar,92,45440,51200,0.9421517635092592,0.1183551247369155,0.228472,2.903478,0.2597499,2.9347558
solar,124,42112,45696,0.942146370146279,0.1618112579397781,1.631196,0.05205393,1.9761527,0.2929027
solar,134,51008,51584,0.9421125837593444,-0.2209107538527321,0.29147148,0.09014559,0.19755077,0.1840663
solar,29,43072,47680,0.9420893752622876,-0.0650707751775605,0.4783764,0.1586957,0.17677593,0.14290476
solar,6,51584,52288,0.9420838339115656,-0.0441012520365485,0.6887052,0.72343373,0.26792336,0.30265188
solar,65,45440,46016,0.9420819706665032,0.2559619634188713,0.14522672,2.7081394,0.31565428,2.878567
solar,75,46592,51776,0.942025192839408,0.0312947772732173,0.3127818,0.8697367,0.08392525,1.2664437
solar,135,43072,51264,0.9419826879462876,0.2151636848308342,0.36658144,0.14863062,0.14894629,0.069004536
solar,135,43392,52032,0.9419701233286134,0.0471011797937456,0.1079123,0.14487648,0.07131481,0.034350634
solar,78,46848,50880,0.9419436880486468,0.0438568833009173,0.043056488,0.4788363,0.18531013,0.33658266
solar,12,49856,52160,0.9418833670706868,-0.2065726052729316,0.06247449,0.19199634,0.27547383,0.021003008
solar,121,45440,46592,0.941859307347302,0.1450096007524517,0.20051646,2.0918312,0.053884268,2.2384634
solar,48,42816,50304,0.9418172572604644,0.1089230474486354,0.6637144,0.11809564,0.95528865,0.40966988
solar,57,42752,45632,0.941815456968799,-0.0421924012586854,0.016376972,0.053967953,0.030361652,0.007229328
solar,76,42112,43712,0.9418047875847054,-0.1276432591845563,0.032258987,0.13738298,0.44342995,0.54855394
solar,53,50880,51456,0.941795710437394,-0.0199578243661541,0.37370944,0.20112753,0.6523752,0.07753825
solar,117,47424,52032,0.9417726107128211,0.2388325540774193,0.56577516,0.14461279,0.65830684,0.052081108
solar,34,46016,50048,0.9417698885918708,-0.1269944275748085,3.028702,0.45677352,2.8002224,0.2282939
solar,17,43776,47232,0.9417450984164586,0.1103237974146601,0.26092243,0.30018997,0.062641144,0.023373604
solar,23,49408,52288,0.9417121337740424,-0.2275492194108496,0.2990241,0.001814127,0.07860613,0.2222321
solar,37,44096,48704,0.9416613522689622,0.265306058944523,0.090227604,0.20284414,0.095159054,0.1979127
solar,25,43136,43840,0.9416589920768348,0.0507441838518538,1.6731505,0.21116161,1.6065645,0.1445756
solar,51,50304,50880,0.941638031508364,0.2105540788151267,0.07312465,1.2372429,0.06035447,1.2500131
solar,90,50560,52288,0.9415426805839476,0.2810795030704753,0.14901733,0.04236889,0.02640009,0.080248356
solar,1,45952,48256,0.9415333422549688,0.0752837963812317,0.59166455,0.10312486,0.45322657,0.24156284
solar,104,43136,47168,0.9415176853644116,0.0747572897933077,2.3613036,0.030922651,2.249749,0.08063197
solar,87,42368,47552,0.9414926575561998,0.1908947654939218,0.07031131,0.3022828,0.0129354,0.35965872
solar,20,49024,49728,0.9414358246628288,0.2901922532833992,0.10428214,0.27981663,0.17281413,0.34834862
solar,34,44224,49408,0.9414177266077572,-0.0746573994792179,0.093976974,0.36903286,0.074334145,0.3886757
solar,97,44800,47680,0.9413796436247008,0.1153381925050655,0.09048176,0.20139122,0.16830778,0.1235652
solar,53,42816,48576,0.9413719718024932,0.261933307725637,0.7790127,0.10085845,0.73851895,0.14135218
solar,117,47552,52160,0.9412772245404474,0.1209165025950995,0.2112093,0.0021390915,0.17050505,0.04284334
solar,113,46528,49408,0.9412662374191954,0.15389748380384,0.02986002,0.20243931,0.10988617,0.06269312
solar,121,47680,50560,0.9412576759957844,0.027645913238978,0.0637207,0.06936884,0.056729317,0.076360226
solar,51,42112,48000,0.9412299284803208,0.0535165515496937,1.5204043,0.3572502,1.3790176,0.21586347
solar,70,46016,48320,0.9411959765707492,0.042613238811498,2.1982388,0.15290499,2.451592,0.10044813
solar,18,42176,44480,0.941187566716672,-0.0762424290278932,0.43462324,0.24437189,0.47314978,0.20584536
solar,43,47552,49856,0.9411766889478456,0.2778955036150511,0.008766174,0.24020505,0.024966717,0.2240045
solar,80,49856,50432,0.9411717510879132,0.0783957055276947,0.34594965,0.2815969,0.4466939,0.18085265
solar,50,45120,45696,0.9411129711751668,-0.1501000596829104,0.09682155,0.02224183,0.019489527,0.1385529
solar,123,42368,44096,0.9410986855694656,0.2037287439216632,0.16773272,0.052414417,0.13753963,0.08260751
solar,5,45696,51456,0.9410891436310032,0.0678063167814805,0.31423473,0.010941505,0.2151804,0.08811283
solar,14,47424,49728,0.941086286523139,0.01398281585618,0.10272145,0.03292322,0.017615318,0.118029356
solar,134,44864,47168,0.9409763148968808,0.2524981888650693,1.3752646,0.16051483,1.363792,0.17198753
solar,113,43776,44352,0.940946670126881,0.1775836261713243,0.087664604,0.0028429031,0.18038273,0.08987522
solar,110,46656,47808,0.9409347633555242,0.2504077781365681,0.114896536,0.6519773,0.4058981,0.36097574
solar,127,44864,51776,0.9409234200885758,0.0059206809182162,0.120131254,2.771646,0.0838325,2.7353473
solar,122,42112,45696,0.9408917780659144,0.1624733469067244,0.85816574,0.28674722,1.2320817,0.08716869
solar,68,45952,47104,0.9408730313090724,-0.0372358801946344,0.1644659,0.1590972,0.05782938,0.05246067
solar,18,43328,51968,0.9408543161028649,0.2868737203010016,0.09665489,0.65595007,0.5595498,0.19305515
solar,93,42048,44928,0.9407231064909732,-0.0090181254345095,0.52145743,0.5011358,0.85946155,0.16313171
solar,101,51136,51712,0.9407089937593957,0.1633646124464384,0.19264889,0.012154102,0.15522194,0.025272846
solar,61,44416,47872,0.9407020821637978,0.1185949605830532,0.020396471,1.2275958,0.030385733,1.2375851
solar,105,42944,45248,0.9406982748566008,0.2227881010090706,0.28398848,0.0006699562,0.21021175,0.073106766
solar,133,47040,51200,0.9406425141479158,0.2570555416301204,1.3762317,0.65770626,0.92382145,0.20529604
solar,2,47232,50688,0.940629127043525,-0.0222366818260236,0.0693984,0.32469654,0.2553525,0.13874245
solar,118,45440,51200,0.9406148584660216,0.2373176481419799,0.20416641,2.681185,0.18094587,2.6579645
solar,81,44416,50176,0.9405876297563264,0.2218006094887566,0.19624853,1.5261877,0.02742052,1.3573596
solar,73,49920,51200,0.9405744819071586,0.2609887874618905,0.04516983,0.38085842,0.3823943,0.046705723
solar,97,47744,52480,0.9405340545815278,0.292688756845468,0.35889292,0.027228355,0.02020979,0.36591148
solar,81,47232,52416,0.9405143890881564,0.1116453379611231,0.015720367,0.5205326,0.4057312,0.09908104
solar,55,42240,47424,0.9405108047535208,0.2129970623725121,0.0017263889,0.038822412,0.23893332,0.19838452
solar,114,50304,50880,0.94050281215744,0.2470136368912729,0.06855893,0.8060725,0.08030295,0.79432845
solar,8,47872,52480,0.940494298707616,-0.4220703552173029,0.15603924,0.36599636,0.09290981,0.6149454
solar,52,46592,51200,0.9404879308039076,-0.0634088617313455,0.015594482,2.066453,7.390976e-05,2.0821214
solar,88,49024,50624,0.940401736453112,-0.002009734261452,0.2265284,0.38564515,0.35808134,0.5171981
solar,44,50496,51200,0.9403667263310044,0.1576245274391597,0.93838763,0.7147281,0.3187914,0.095131874
solar,91,48704,49856,0.9403579110528066,0.1889232326516995,0.07309508,0.3258388,0.24907398,0.1498599
solar,47,45120,52032,0.9403327386890344,0.2180343473643179,0.32393909,0.075220585,0.6810272,0.43230867
solar,67,45696,50752,0.940281026581268,0.1806278834386226,0.029107332,0.6969931,0.024032593,0.6919184
solar,105,42816,46848,0.9402599616653312,0.1647166027637606,0.30070996,0.039923906,0.20801377,0.1326201
solar,42,46848,50880,0.9401373531145704,-0.0123450346932398,0.062137842,0.30979156,0.14751244,0.22441697
solar,98,49600,50752,0.940110351339585,0.1272549086259513,0.52907395,2.2388651,0.766871,2.4766622
solar,114,43584,51200,0.9401076447809512,0.0889519011519923,0.08078575,0.333467,0.1246295,0.28962326
solar,95,49920,51776,0.9400797734892176,0.2843050585339756,0.8600941,0.67523146,0.3805585,0.19569588
solar,34,42624,43776,0.9400769272102344,0.1234279169273073,0.084533215,0.24077272,0.15246391,0.0037755966
solar,125,43072,45376,0.9400335805475446,0.1199468165689471,0.0056796074,0.014683247,0.016118526,0.0071148872
solar,39,49024,50048,0.9400181572100136,0.1170418161883458,0.37137985,0.23289824,0.24387789,0.10539627
solar,121,50432,52160,0.9399784623564036,0.1631115760877573,0.12517476,0.19537282,0.22088146,0.09966612
solar,134,46016,47872,0.9399608216290748,0.0821001522390958,2.4447684,0.6756773,2.0703936,0.30130243
solar,42,43136,51200,0.9399034711419694,0.0403179983472859,0.3963976,0.13451385,0.2154212,0.046462536
solar,36,47808,51136,0.9398602210746636,0.2773827549689955,0.7125883,0.05183029,0.49349022,0.1672678
solar,48,45696,51328,0.939846170118544,0.2736609756816913,0.2594328,0.23618889,0.12872005,0.10547614
solar,31,42496,42624,0.9398375701128332,0.2525359648609598,0.20134735,0.06494641,0.55928063,0.29298687
solar,27,43520,49856,0.9397601769678892,0.1578566803473332,0.23616743,0.4540646,0.08128142,0.6089506
solar,23,42432,52352,0.9397105120604266,0.054445246273389,0.21595716,0.25080538,0.07292366,0.39383888
solar,68,45440,46592,0.9396554283214864,0.1983794518193507,0.23148227,0.8255322,0.1616664,0.8953481
solar,1,43072,49408,0.9396525076388876,-0.0396905588559371,0.42727828,0.11580038,0.15988684,0.15159106
solar,73,42048,48384,0.939592513061865,-0.1582829266465558,0.30454564,0.44472003,0.5288639,0.22040176
solar,82,43072,52288,0.9395580679161069,-0.0056747117888318,0.28632236,0.22897005,0.0022044182,0.5174968
solar,113,46720,47872,0.9395323938550506,-0.0651519305423205,0.14543891,1.7220695,0.19604659,1.7726772
solar,109,44544,49152,0.9395184841040772,0.1257520109568818,0.13793612,0.025462866,0.011647701,0.10082555
solar,86,43072,48960,0.9394928594047738,0.1905958740197804,0.13668156,0.22958183,0.39354086,0.30064058
solar,19,44352,48384,0.939463440090854,0.1969001476762633,0.29432726,0.1489687,0.27317905,0.1701169
solar,16,49280,52160,0.9394583247214248,0.1924409985817055,0.120556355,0.044696093,0.037356853,0.2026093
solar,94,42176,42752,0.939437973227157,0.258219573200213,0.4842,0.08747864,0.38503027,0.011691093
solar,18,42432,52480,0.9394235925751068,0.2795739745423508,2.3031113,0.9067056,1.7973394,0.40093374
solar,41,46848,50880,0.9393846633146824,0.2744230059712538,0.08351946,1.0974097,0.029384136,1.0432744
solar,123,45696,49152,0.9393749975485842,0.2358408493579528,0.056250572,0.4277501,0.17213392,0.19936562
solar,4,43072,49984,0.9393603139852986,0.1539754942235416,0.23514366,0.08877134,0.056277275,0.2026496
solar,88,43520,50432,0.9393345866919098,0.2761313035203218,0.063263655,0.15707612,0.09917474,0.0053622723
solar,35,48128,51584,0.9393234478000448,0.1339099844470437,0.11926341,0.19273806,0.07130575,0.24069571
solar,49,45952,51136,0.9393111914823769,0.2418137285642849,0.030983925,0.15492392,0.014246941,0.10969305
solar,79,45248,47552,0.939299815808424,0.1903464202322138,0.39056063,0.06470442,0.1908803,0.26438475
solar,50,42112,51328,0.9392507320438952,0.2301202709442996,2.2119877,0.24538827,1.9761126,0.00951314
solar,51,43264,50752,0.93923810878314,0.2915456976315114,0.15774822,2.3502667,0.2625811,2.4550996
solar,109,42048,52416,0.9391270762616876,-0.0145233895386121,0.036561966,0.570467,0.44675016,0.087154865
solar,27,44224,50560,0.939122638670878,0.0789316620237327,0.015207052,0.24451709,0.20114517,0.058578968
solar,59,45696,51456,0.9391217391217296,0.0188465045414883,0.2785809,0.15376759,0.41265368,0.019694805
solar,61,43712,47744,0.9390809303825082,0.1769896932441719,0.13755178,1.7633777,0.08848691,1.9894164
solar,134,42944,44096,0.9390091471264808,0.1327649631328316,0.62155604,0.2158804,0.6793506,0.15808582
solar,133,42368,51712,0.9389200836574892,0.0169792648239237,0.88234425,0.44480395,0.40161085,0.03592944
solar,90,43648,44800,0.9388191120680622,-0.171535470705502,0.21306467,0.4461465,0.22859716,0.430614
solar,131,42368,43520,0.93876092229606,0.136484680752619,0.27367473,0.16933393,0.17063951,0.2749803
solar,115,49728,50880,0.938737237931268,0.0513063082163524,0.06467247,0.030734777,0.009766102,0.02417159
solar,57,42688,48448,0.9386980785357536,0.1408320466255417,0.02053833,0.7745786,0.31058645,0.4434538
solar,113,43712,51776,0.9386819107520544,0.0424951936347698,0.58626175,0.1061759,0.32052183,0.15956402
solar,62,43648,44800,0.9386553458113436,0.2070004657808453,0.03023529,0.112493515,0.14557791,0.06331968
solar,29,48832,52288,0.9386474040449148,0.0443754284457872,0.13457489,0.18514252,0.1625104,0.11194277
solar,133,50304,50880,0.9386311474115688,0.2347191716415669,0.045352697,0.680547,0.1397469,0.4954474
solar,24,44224,44800,0.9386113326616298,0.1223315134474875,0.09569931,0.28615952,0.13708234,0.51894116
solar,132,44480,50112,0.9385182657431228,0.0555349021078669,0.37575054,0.109992504,0.2779703,0.012212276
solar,76,42944,47552,0.9385042908866998,0.150609590580939,0.73560476,0.22489882,0.7062721,0.25423145
solar,19,44544,46272,0.938454876426378,0.0509280938714052,0.47851658,0.019546509,0.47159767,0.026465416
solar,56,42624,48960,0.9383581819206668,0.2654530632679514,0.057487488,0.90468216,0.51833534,0.32885933
solar,0,47872,48448,0.9383548118277936,0.0856419348987959,0.7089665,0.056443214,0.92196965,0.15655994
solar,13,44928,49984,0.9383077835569252,0.0447935639710365,0.31061387,0.54906344,0.18231916,0.05613041
solar,70,48128,51008,0.9383067628174536,0.1905447163179726,0.17178369,0.28888345,0.04977894,0.5104461
solar,58,43776,51264,0.9382627542391158,0.1311186211359411,0.8741746,0.14574075,0.657464,0.36245131
solar,45,46592,47168,0.9382208716824778,-0.0091856267433282,0.35166097,0.33948708,0.45674753,0.23440051
solar,9,45440,49024,0.93819689282512,0.1152456414793146,0.10756683,0.24546957,0.021896362,0.33114004
solar,17,43840,47296,0.9381832239306116,0.2559807713224262,0.17145681,0.084506035,0.36434555,0.1083827
solar,57,42432,49472,0.9381602587726618,-0.1177035482484169,0.7386875,0.42915154,0.5134702,0.2039342
solar,53,42048,47808,0.9381089406560724,0.1686136580099939,0.2533207,0.39632988,0.13504219,0.5146084
solar,0,44288,51456,0.9381014152742284,0.1626655353053813,0.1873188,0.4410336,0.3186803,0.5723951
solar,46,43072,49856,0.9380840860933854,-0.0801781766197824,0.68806887,0.4243636,0.7404518,0.47674656
solar,103,43520,52160,0.9380659425404034,0.2216000493484078,0.3160751,0.18798852,0.11652565,0.24461222
solar,6,45504,48384,0.9379755363365438,0.0626585454397204,0.077322245,0.4452548,0.29039526,0.23218179
solar,3,44544,46272,0.937975023151128,0.0546625366071221,1.1123025,0.05339241,1.2636502,0.09795523
solar,56,42048,52416,0.937970819461714,0.215899639233744,0.04983282,0.23371744,0.2340231,0.050138474
solar,74,44224,48832,0.937931869776828,0.2714519523801549,0.04476762,0.10709286,0.033023357,0.11883712
solar,101,50176,52480,0.93788429268226,0.0859557448516441,0.438344,1.9400978,0.5711937,2.0729475
solar,95,43072,52288,0.9378550638823376,-0.1978498143575429,0.5930567,0.001033783,0.23213387,0.3619566
solar,74,43072,45952,0.9378487864008932,0.2306494998932288,0.74014044,0.176157,0.6787987,0.23749876
solar,39,43968,50304,0.937829899299492,0.2555577742192859,0.5164807,0.031808138,0.48828864,0.0036160946
solar,54,48128,51008,0.9377756412704924,0.0681067189052698,0.02125001,0.5555966,0.173424,0.36092257
solar,29,43520,46400,0.9377135293407378,0.0330340271125771,0.039001703,0.085923195,0.06350136,0.06142354
solar,40,47424,49728,0.9377015369214065,-0.0405887811796317,0.10916829,0.24558258,0.27167916,0.13526487
solar,126,48128,52288,0.9376942266421656,0.2662729965229876,0.21109629,0.68435645,0.3934369,0.8666971
solar,77,43520,44096,0.9376411385058594,0.0373091345912955,0.615232,0.0040106773,0.46036434,0.15085697
solar,100,47168,52352,0.9375792077138276,0.0610842148679508,0.05058217,2.2259529,0.2414751,2.4168458
solar,126,49408,49984,0.937463913120655,-0.0733300044761358,0.13349319,0.15872884,0.1350174,0.10978174
solar,7,44800,45952,0.9374261940003232,0.1047615679946364,0.0058898926,0.14555645,0.1760459,0.31571245
solar,132,42112,50176,0.9374175262963076,0.2363173381542692,0.9934764,0.21991539,0.7060933,0.06746769
solar,84,43136,44288,0.937382037342413,0.1074481769227248,2.566028,0.0017192364,2.5969796,0.029232264
solar,102,43328,51392,0.9373679486650368,0.2750492805724154,0.009577274,0.38211107,0.032080173,0.35960817
solar,67,42816,48000,0.9373123103576474,-0.0649659273116539,0.08319235,0.24466681,0.11515522,0.046319246
solar,81,44928,47808,0.937308466097968,0.2279873059523126,0.08102536,0.16886282,0.031224966,0.28111315
solar,30,43200,44800,0.9372934013171528,0.1751819410737987,0.21889877,0.70092106,0.36549973,0.847522
solar,37,42368,52160,0.9372398528850656,-0.0941215806511509,0.06918526,0.04292512,0.037960768,0.064220905
solar,14,44800,47680,0.9372260561956016,0.2632985417203881,0.18949413,0.1469183,0.014503002,0.05707884
solar,130,44800,49984,0.9372194172870316,-0.2663583547123022,0.22730541,0.451756,0.12689471,0.5521667
solar,11,46016,47168,0.937190467599924,0.0039327789415377,2.0577815,0.074846745,2.139532,0.006903887
solar,68,44096,46400,0.9371858370814626,0.2474286295675149,0.0066711903,0.19829082,0.22736216,0.02240014
solar,68,42048,49536,0.9370970013232136,0.2197264893061815,0.24084568,0.024074078,0.2655797,0.0006599426
solar,115,44224,44800,0.937047417953632,0.1226178125581372,0.008967876,0.8722758,0.3021989,0.5790448
solar,21,51136,52288,0.9370155642345376,0.1294318327378854,0.47492456,0.016301632,0.007822514,0.45080042
solar,17,49856,52160,0.9369729082886408,0.172153441623621,0.5233412,0.41039443,0.81469584,0.119039774
solar,28,42240,46848,0.9369591797756592,0.2779199411947346,0.094577074,0.24866891,0.23945236,0.08536053
solar,96,50240,51392,0.9369085689943036,-0.134190980189061,0.04437685,0.2941823,0.08188343,0.25667572
solar,86,46016,50624,0.9368938620825884,0.2134481955461918,2.4411402,0.08647299,2.4290032,0.07433605
solar,55,43648,45376,0.9368503575281084,0.2694841888003548,0.18551826,0.13437414,0.113409996,0.20648241
solar,57,45440,46016,0.9368459764278944,0.1233855319252409,0.027502298,2.3191273,0.056396246,2.4030259
solar,15,46528,51712,0.9368337100666644,0.1165338006672263,0.1514206,0.27591515,0.040580273,0.08391428
solar,118,42944,44096,0.9368206045082283,0.0118726950826382,1.202615,0.23847985,1.1765778,0.26451707
solar,111,50304,50880,0.9367963280839484,0.272854240168396,0.07922697,1.1339736,0.0045681,1.0593147
solar,124,43136,44864,0.9367711829980476,0.1470262236925209,2.4863946,0.301368,2.3111393,0.1261127
solar,65,43136,47168,0.9367064103110398,0.2293106906725398,2.1245065,0.027615786,2.0800676,0.016823053
solar,134,49472,51776,0.9366738366409052,-0.4158839900766271,0.5086293,0.4275365,0.013078213,0.09417105
solar,24,47872,50048,0.9366339861945708,0.1018602821306534,0.4745803,0.1708436,0.61967397,0.025749922
solar,129,44096,44672,0.9366227600857387,0.1449134430012786,0.076550245,0.88295984,0.19800186,0.7615082
solar,78,45120,51456,0.9365608940419194,0.1318896977364184,0.021369696,0.9704125,0.26307225,0.68597054
solar,17,48000,52032,0.936536242225754,0.2230102726995221,0.78137565,0.026751995,0.8387537,0.030626059
solar,47,43136,47168,0.9365355138605754,0.0632561099863384,2.5911698,0.22459173,2.409321,0.042742968
solar,63,42368,47552,0.9365033170327322,0.2050349608164943,0.0310843,0.23280382,0.027947903,0.17377162
solar,118,43840,49600,0.9364440677266724,0.1441505000195528,0.1556325,0.0033590794,0.10806036,0.044213057
solar,15,42112,44544,0.936441027979272,-0.1793351988648369,0.3418932,0.09634638,0.17559552,0.069951296
solar,57,46400,47552,0.936438955726625,0.0429153769312357,0.30830026,0.32470512,0.12609315,0.50691223
solar,16,43072,47104,0.936431555138956,-0.1771333817478379,0.28671694,0.031163216,0.25016737,0.0053863525
solar,21,50048,51776,0.9364292301501476,0.016371026910502,0.14690161,2.8852735,0.18250084,2.9208727
solar,104,43968,49152,0.9364219715311334,0.1870900599834381,0.21684718,0.0014727116,0.13944626,0.07592821
solar,35,46528,52288,0.936383294788278,0.2048179367142076,0.12820077,0.3508253,0.13540077,0.3436253
solar,114,48320,51776,0.9363479623929828,0.1885147232705866,0.08903265,1.6732335,0.25155258,1.5107136
solar,64,44672,52160,0.9363397630664552,0.1565161978555686,0.60251546,0.29909945,0.8212888,0.08032608
solar,35,44800,51136,0.9363278048919575,-0.3774124080399287,0.1625619,0.16327477,0.36181712,0.035980463
solar,46,50112,52416,0.9363271664998593,-0.0122165425747324,0.4301777,0.22244692,0.51108027,0.14154434
solar,129,43072,44800,0.936198634613056,-0.098831540106216,0.8790245,0.14157343,0.632524,0.38807392
solar,8,50880,51456,0.9361571238633388,0.1586009458375812,0.8695836,0.022377253,0.86225057,0.029710293
solar,37,50560,52288,0.9361488598419604,0.0118447649776266,0.4511249,0.012449503,0.16776371,0.2958107
solar,96,43200,46784,0.9361349241775768,0.0555022958014155,0.03431797,0.034513474,0.22637987,0.22657537
solar,34,46656,52416,0.936038383742452,0.1055743985858223,0.3910761,0.105490685,0.1257453,0.1598401
solar,42,46272,48000,0.935982461284412,-0.0038566381447067,0.18011689,0.5880966,0.31294632,0.09503341
solar,128,42112,51904,0.9359420088667132,0.0610751169535991,1.5099592,0.12911916,1.621067,0.24022698
solar,77,44864,51776,0.9358623741561553,-0.1893931244525492,0.057383537,0.2328062,0.10183668,0.39202642
solar,63,44096,48704,0.9357933389428524,0.1092437708412829,0.090908766,0.05247712,0.0022084713,0.040640116
solar,54,49472,50624,0.9357567499851848,0.2509208784607848,0.34099245,0.1834395,0.33623695,0.18819499
solar,18,49024,50048,0.9357298744244006,0.1837611769797743,0.37535548,0.1579876,0.48656988,0.269202
solar,15,45120,46272,0.9356890949139292,0.1726970744329073,0.85000587,0.28405023,1.1158218,0.018234253
solar,129,48320,51200,0.9356848856556844,-0.0335174182647697,0.25887036,2.9760058,0.082074404,2.7992098
solar,9,48128,52160,0.9356065913867184,0.2509028857756329,0.35188246,0.48965406,0.086400986,0.05137062
solar,48,42688,49728,0.9355779746256662,-0.0047503569052742,0.39124036,0.22825885,0.22754431,0.0645628
solar,50,42048,49088,0.935571960283188,0.235165300802466,0.1101203,1.3342488,0.08700347,1.137125
solar,118,49408,49856,0.9353760882792672,0.2083914388823739,0.09480858,0.2907858,0.58563614,0.78161335
solar,121,43968,48000,0.935356808230868,0.1165382288531933,0.6560929,0.42394185,0.7160852,0.48393416
solar,12,45120,49728,0.935307250965736,-0.0943159042335994,0.06801796,0.9960544,0.19884276,0.7291937
solar,107,43136,47168,0.9352015064667736,0.2380489132618297,2.2024312,0.030940533,2.1592984,0.012192249
solar,94,51136,52288,0.9351924299322844,-0.0302347285976108,0.25697994,0.306808,0.15370655,0.4100814
solar,15,45440,51776,0.935185080729718,0.027453380501351,0.09713817,2.2798002,0.078716755,2.2613788
solar,48,51136,52288,0.9351553643723968,0.2173863462906081,0.505471,0.17182279,0.22028637,0.113361835
solar,55,42048,48832,0.9350931382621076,0.1508690146757425,0.58169556,0.23077297,0.16744328,0.18347931
solar,2,43264,50752,0.935058759684692,0.2308004263926136,0.47169685,3.3492837,0.31838703,3.1959739
solar,129,46720,49024,0.9350056380189627,0.0520700696711272,0.1966002,0.6244111,0.18424606,0.24356484
solar,125,44544,45568,0.9349421755440608,0.1201635380526617,0.1440959,0.04839754,0.265692,0.16999364
solar,97,46400,52160,0.9349302314485072,0.2582471594737807,0.046776295,0.050344706,0.07708931,0.02003169
solar,91,42816,43392,0.934894772873504,0.1098356851560639,0.6533885,0.12909508,0.872071,0.08958745
solar,122,49408,52288,0.9348642129200934,0.0815537396757219,0.051339626,0.21816778,0.13907146,0.13043594
solar,95,42816,50752,0.9348619572531338,0.0890493378806902,0.10994911,0.18093991,0.21159339,0.2825842
solar,7,50112,52416,0.934808030472326,0.1454943091977351,0.18120956,0.33951902,0.26283216,0.25789642
solar,116,43712,51200,0.9347377054342934,0.0977718326075485,0.19837904,1.5614834,0.088291645,1.8481541
solar,43,44864,46592,0.9347316433648504,0.02125000536134,0.021876335,0.1442275,0.3563881,0.19028425
solar,9,42112,50176,0.9347065673557964,0.079981082595754,1.1729145,0.009272099,1.0848961,0.07874632
solar,45,48704,52160,0.9346863907408172,0.0406556724109631,0.2947042,0.08056283,0.1360774,0.23918962
solar,37,43648,46080,0.9346643277199445,0.1449732875539006,0.61576486,0.22008777,0.66584873,0.17000389
solar,12,47232,52416,0.9346087916563096,0.0792256650466989,0.06929731,0.04154539,0.10259342,0.0748415
solar,96,46272,49728,0.934606523146527,0.1721289380395696,0.18611264,0.368299,0.3084185,0.12623215
solar,88,47872,49600,0.9345271815059816,-0.1155736224657161,0.015480518,0.0019278526,0.076084614,0.093492985
solar,134,46848,50880,0.934524369944557,0.1284431186756018,0.14298868,0.74230313,0.19800735,0.68728447
solar,112,44416,47872,0.9345130463566615,0.0787203827700431,0.27200508,0.56830144,0.01544857,0.2808478
solar,129,45632,51392,0.934466526588606,0.2032124967113248,0.25860167,0.34759045,0.5546441,0.051548004
solar,26,43520,50432,0.9344628212440064,0.2938653863193021,0.33088422,0.43305802,0.18703794,0.08486414
solar,88,44928,49984,0.9343961930061462,0.1774291015427823,0.35891247,0.5107322,0.05062723,0.20244694
solar,78,47552,52160,0.9343866840631396,0.1199466402490755,0.026411057,0.030320883,0.03388095,0.09061289
solar,50,42560,46592,0.9343601841060316,0.2426076681298238,0.094748974,0.7189803,0.26826143,0.54546785
solar,55,42368,47552,0.9343519697988696,0.2082147014111487,0.22431183,0.1519494,0.21672106,0.15954018
solar,65,43520,46400,0.9343452940797784,0.1550240611288481,0.31787658,0.06813288,0.01253891,0.23720479
solar,76,43648,44224,0.9343282054131988,-0.1580344362454632,0.30881953,0.17442632,0.4121089,0.07113695
solar,37,43712,44160,0.9343174014103088,0.2892882108363948,0.16197109,1.2148409,0.48351288,1.5363827
solar,135,43200,46784,0.9343065471100606,0.2508293868314411,0.20136642,0.025105476,0.44445753,0.21798563
solar,58,46016,50624,0.934233039792812,0.2380628104974053,2.3467114,0.31063557,2.098009,0.06193328
solar,46,42368,46976,0.9342291433277092,0.1613113631896706,0.035753727,0.34524703,0.12588477,0.255116
solar,78,44096,48704,0.9341141467077052,0.2595204043726536,0.009147167,0.10661864,0.04440236,0.053069115
solar,20,49856,52160,0.9340904121119646,0.2181103187665309,0.25198603,0.10749936,0.27584958,0.08363581
solar,42,43200,44352,0.93405896617453,-0.3158484235559528,0.025818348,0.5226643,0.08524108,0.41160488
solar,10,43328,49664,0.934043787449898,0.253816030586762,0.05553484,0.04892254,0.07653618,0.08314848
solar,29,42752,43328,0.934012311079718,0.2655970503565691,0.09554672,0.016856194,0.038950443,0.07345247
solar,97,45376,46528,0.9340065455512438,0.2734299853360291,0.0056402683,0.05734682,0.09598422,0.03299713
solar,101,49728,51456,0.9339891872690704,0.0607558294351667,0.38880348,0.15515494,0.47951722,0.064441204
solar,31,45632,48960,0.9339592681830372,0.1378755697870957,0.5443201,0.19709492,0.8616686,0.12025356
solar,68,45696,51456,0.93390587629988,-0.2372708520305119,0.13671708,0.10753131,0.28892827,0.04467988
solar,112,45376,47680,0.9338297084763996,-0.0503221822141841,0.4468193,0.12845993,0.38003445,0.19524479
solar,10,47424,48000,0.9338181184945424,0.2086392078562882,0.29563403,0.004446745,0.24115777,0.058923006
solar,133,50176,51328,0.9338001569317668,0.2267295694976344,0.6345942,0.16844416,0.59186554,0.21117282
solar,22,47872,51904,0.933795173497934,-0.025968522608846,1.420995,0.40420032,1.2795131,0.26271844
solar,60,42368,49856,0.9337730311150322,0.2794498118026963,0.09115052,0.48214793,0.20649862,0.36679983
solar,5,43968,48000,0.9337675913469478,0.1784352339345533,0.107456446,0.22354937,0.079355,0.19544792
solar,44,49600,51456,0.9336348209958604,0.1464017363700968,0.6862979,0.396883,0.5136187,0.22420382
solar,65,45696,49728,0.9335385377644576,0.0534319919019345,0.027991056,0.43678522,0.22071362,0.18808055
solar,46,49728,50880,0.9334862361142278,0.1799093733932515,0.0719161,0.052853823,0.007887125,0.1168828
solar,31,49024,52032,0.9334450623985489,-0.1582977501016483,1.2462091,0.035164595,1.1286066,0.08243799
solar,129,43520,46976,0.9334082101701844,0.0720507919318645,0.04892683,0.17885542,0.13640094,0.09138131
solar,11,44928,48960,0.9333871573877508,0.0353386703740513,0.09047079,0.80937696,0.43206573,0.46778202
solar,117,42624,50560,0.933382684267268,0.0950059186117756,0.39620662,0.6946204,0.14511728,0.15329647
solar,107,46400,48128,0.933344602396744,0.1761073127009916,0.074786186,0.16346383,0.21416163,0.30283928
solar,0,45056,46784,0.9333398245823508,-0.2195823901745593,0.079054356,0.12151861,0.15335512,0.110890865
solar,108,48000,51456,0.9331474387000076,0.1102532160616713,1.2207139,0.047777414,1.5087466,0.33581018
solar,70,42752,46208,0.9331345110724476,-0.283827381049629,0.034660816,0.049282074,0.03917885,0.02455759
solar,88,42944,51008,0.9331240051943764,-0.0100770022377834,0.3993888,0.29222536,0.7999768,0.108362675
solar,73,43200,46784,0.933112694975565,0.2770291238149209,0.24546337,0.17577696,0.31869078,0.24900436
solar,4,46272,49728,0.933082374668864,0.0733884901592668,0.005047083,0.29563332,0.11219311,0.17839313
solar,120,47680,49408,0.9330755370186872,0.2275034596332499,0.15561199,0.09453249,0.058427334,0.19171715
solar,20,45696,51456,0.933038544262044,0.2155382486182795,0.16243505,0.19586825,0.13006067,0.096627474
solar,96,45696,50880,0.9330270364942992,-0.2617471536717519,0.21604276,0.28834128,0.33241796,0.17196608
solar,29,48000,48448,0.9330251250835744,-0.0966406751752876,0.16294861,2.0917234,0.31342936,2.2422042
solar,114,44544,52032,0.9329755428223132,-0.0658085255256242,0.2328968,0.03661084,0.26909733,0.00041031837
solar,104,46656,47680,0.9329548503518434,0.2107825487667486,0.58189416,0.34425664,0.06357908,0.17405844
solar,29,47424,50880,0.932943222821166,0.1414392297596468,0.020907164,0.25538063,0.22260118,0.011872292
solar,120,44928,47808,0.9329162659597724,0.1313781835935481,0.089267254,0.63517,0.28274155,0.4416957
solar,86,44992,47872,0.9329117241478344,0.1082764242113712,0.27128887,1.7588139,0.16731977,1.6548448
solar,79,44288,51776,0.9328863327918756,0.0508651177150736,0.007705927,2.1094558,0.05998826,2.0571735
solar,85,43072,44800,0.932884755937716,-0.0607423064748221,0.16394663,0.0878973,0.06719732,0.1846466
solar,64,43136,44864,0.9328326840168428,0.2934133466448568,3.1798122,0.21346855,3.2286015,0.2622578
solar,24,44352,52416,0.9328086480991192,0.1702705236554367,0.033969402,0.3815341,0.2934332,0.054131508
solar,3,44992,47872,0.9328041487256182,0.1956502626142496,0.07103443,1.333415,0.004971504,1.2673521
solar,63,43648,51712,0.9328003985030804,-0.207948425363349,0.020415306,0.15261602,0.07720184,0.09582949
solar,125,45952,47104,0.9327630132591832,-0.1190641545739676,0.7006154,0.1263752,0.2233839,0.3508563
solar,106,46400,49280,0.932752493711147,0.1386241380576297,0.04558921,0.17899561,0.062796354,0.07061005
solar,117,43264,50176,0.9327504416273013,0.1950856498846003,0.12268829,1.2560763,0.2608881,1.1178765
solar,59,50624,52352,0.9327021222052906,-0.0867428496552977,0.12182951,2.1591086,0.03420949,2.2467287
solar,58,46400,52160,0.93266328168648,0.2561668875223856,0.06138134,0.18735456,0.16579342,0.082942486
solar,46,42112,44992,0.9326507175001776,0.1326385603491224,0.9373102,0.1590612,1.2766943,0.18032289
solar,122,48128,51584,0.9326172228711392,0.0339319391308041,0.064897776,0.36405063,0.04114151,0.4700899
solar,127,50624,52352,0.9326154262176068,-0.0325920779429101,0.21064591,1.0309129,0.2224021,1.0191567
solar,19,48256,49408,0.9325527414873936,-0.3015407933466483,0.32881737,0.11323786,0.20411658,0.23793864
solar,45,46016,52352,0.9324985418623633,-0.3647599726450955,0.26570988,0.16498423,0.031731606,0.068994045
solar,13,48128,49280,0.9324809172266872,0.1360405423477345,0.6819868,0.31295085,0.4336698,0.06463385
solar,100,51008,51584,0.9324641411979502,0.0710812264642025,0.23252296,0.9071946,0.28716755,0.85255
solar,128,42816,50304,0.9323877790230756,0.2425125268016906,0.1586914,0.1042366,0.2834556,0.020527601
solar,22,43072,47232,0.9323721414816184,0.0147276205409762,0.37927938,0.028395891,0.6556957,0.24802041
solar,103,42816,52032,0.9323139675101652,0.1248666916033394,1.0471716,0.17469501,1.2819636,0.06009698
solar,111,44096,49856,0.9322927546159496,0.096298602712795,0.13042188,0.8299773,0.106092215,0.5934632
solar,85,42368,50432,0.932281458270406,0.2940410197379351,0.07808018,0.35031557,0.15682983,0.2715659
solar,132,48256,52288,0.9322749751220668,0.2265671329916966,0.024194002,0.54543257,0.2683146,0.30131197
solar,78,42368,47680,0.9321707333575004,0.1057451493430716,0.22441268,0.81878495,0.004001379,0.59837365
solar,67,45056,52416,0.9320980844991767,0.1170012593367472,0.61155415,0.5252714,0.53788424,0.4516015
solar,93,44352,50688,0.9320555580259564,0.1540860838468628,0.021832466,0.16653013,0.18668318,0.0016794205
solar,58,43648,47680,0.9319588604278768,-0.2124701811373069,0.019135475,0.12746954,0.122859955,0.02374506
solar,69,42368,44672,0.9317165227475424,0.2032997665861146,0.30228376,0.76259065,0.39308786,0.67178655
solar,6,43264,45120,0.9317094743544044,0.0769972699350052,0.91411066,0.1719389,1.1546886,0.06863904
solar,50,42816,50304,0.9317027639198754,0.2914371541330925,0.67767644,0.04595256,0.56457233,0.06715155
solar,126,46080,47680,0.9314689006092918,0.1213619336786392,0.07575321,0.4547422,0.3244431,0.2060523
solar,50,42176,51968,0.9314360287445388,0.2962098542036528,0.20398188,0.27318144,0.68175745,0.20459414
solar,58,42368,49856,0.9314241928497714,0.0220032963567262,0.17833638,0.1769185,0.10364008,0.105057955
solar,64,48384,52288,0.9314019969900164,-0.2070729344286176,0.2390821,0.71997833,0.4119885,0.06890774
solar,18,44800,48256,0.9313478084726524,-0.0179492176507717,1.4943931,0.15470052,1.1143079,0.53478575
solar,101,50688,52416,0.9313327319923712,0.1019538952641549,0.06265926,0.41337538,0.33236885,0.018347263
solar,7,42432,51200,0.9313154000375444,0.0015766991563357,0.19618607,0.41790724,0.3252573,0.288836
solar,10,46656,52416,0.9312264867604276,0.1639540249751276,0.03689909,0.44282293,0.3643961,0.11532593
solar,73,51840,52416,0.9311679081722116,0.0570742676329747,0.20434475,0.005282402,0.17109966,0.3807268
solar,135,44224,52160,0.93113754409943,0.195289585888971,0.4203434,0.26721787,0.084946394,0.06817913
solar,81,45440,51200,0.931130888166578,0.0599361733044989,0.008920431,2.4892218,0.33601236,2.8163137
solar,50,47424,51456,0.9311023442915584,0.1477883769209325,0.43221927,0.1192646,0.5759747,0.024490833
solar,20,47168,51200,0.9310843931284258,0.1436714128817804,0.06258321,2.3113563,0.27203512,2.5208082
solar,135,43648,44672,0.93108180431826,0.2006162061116063,0.5185275,0.6736908,0.20156169,0.35672498
solar,49,42048,47232,0.9310675118873586,0.1280820238274568,0.16100693,0.3935852,0.67145824,0.11686611
solar,OT,43712,46016,0.9310517709548756,-0.0523001502274066,0.08865738,0.6934519,0.0961771,0.87828636
solar,48,47744,51200,0.931044688434678,0.0943783821816068,0.06321144,2.3152483,0.26583576,2.5178726
solar,55,49856,50432,0.9310434710998048,-0.0870815203236973,0.19957495,0.0639081,0.016217709,0.15188456
solar,18,48128,51584,0.931009383919646,0.0578744199777461,0.32436395,0.5463178,0.2751851,0.49713898
solar,73,42816,49152,0.9309687423867832,-0.1061972886402447,0.84520197,0.12596369,0.7548976,0.035659313
solar,93,43264,48448,0.9309665551223448,0.1887404023332818,0.17590332,0.014027357,0.40828085,0.24640489
solar,35,43136,48320,0.930933569763654,0.2202017566891383,2.5259929,0.094489574,2.675806,0.0553236
solar,2,44864,45568,0.9309116629525244,-0.0680582767641614,0.34048867,0.007797718,0.32996035,0.002730608
solar,44,43072,49984,0.9307930231313264,-0.3484316658632339,0.11874676,0.011305809,0.0047831535,0.102657795
solar,128,44864,47744,0.9307587872384558,0.1348215838611685,0.04738617,1.4437494,0.29912853,1.6954918
solar,44,44800,47680,0.930758535653293,0.0634863546389258,0.05521202,0.1907177,0.27723932,0.031309605
solar,131,43392,45696,0.930708945952984,0.1869518904636215,0.628531,0.031670332,0.85948396,0.19928265
solar,39,45824,51008,0.9306806691653812,0.1421855091915388,0.14846659,0.07357645,0.15053654,0.0715065
solar,63,44288,51200,0.9306501474688068,0.2933209217648408,0.110458374,2.5858908,0.07435846,2.5497909
solar,121,46016,50624,0.9305792901237264,-0.251227490089041,2.4107742,0.050784588,2.4945056,0.134516
solar,25,42624,50112,0.9305000238651142,0.1546318466932374,0.010465622,0.39327908,0.22471857,0.17902613
solar,92,44544,49152,0.9304946560104164,0.1725967396792462,0.28043604,0.015166998,0.062336445,0.23326659
solar,95,44864,52352,0.930454624274527,0.0886720061114427,0.11943221,2.2750099,0.16643095,2.3220086
solar,108,44096,46976,0.9303532388915524,0.2954337526996548,0.06531882,0.21700454,0.13098216,0.1513412
solar,32,44672,52160,0.9303304424717478,0.1731220662867339,0.66825557,0.3232348,0.8531275,0.13836288
solar,23,45440,51200,0.9303071378982104,0.0792390746409796,0.025594234,1.4653091,0.15607691,1.3348265
solar,117,44544,51776,0.930269534520798,0.0333225131292745,0.11667061,1.9188085,0.020061493,1.8221993
solar,118,45248,48704,0.9302597088542468,-0.0523533070706877,0.22248077,0.21184587,0.3051107,0.12921596
solar,84,45120,45696,0.9302393978936286,0.1168114353394132,0.010476351,1.3780382,0.16051388,1.2070479
solar,93,42496,52288,0.9302345751842626,-0.0818812963510289,0.29967403,0.3115492,0.023561954,0.58766127
solar,31,51712,52288,0.9302125227985508,0.194838879672612,0.11596012,0.29088068,0.22785282,0.17898798
solar,7,42816,49152,0.9301544896653282,0.1920870181144149,0.05272937,0.225528,0.0060486794,0.16674995
solar,25,45952,48832,0.9300995284239282,-0.1311934089260351,0.060526133,0.2686162,0.29346633,0.08537626
solar,2,44544,47872,0.9300855405869024,0.2310419187479446,0.05978465,1.5631187,0.10659647,1.3967376
solar,105,42176,44928,0.9300446786715708,0.0608711283766993,0.68276453,0.25817704,0.86234117,0.07860041
solar,48,44224,46528,0.9300307517398068,0.2378297273385108,0.03497839,0.12001562,0.09960532,0.01456809
solar,124,46848,50880,0.9299559367989958,0.0931788133509796,0.0016801357,0.10006952,0.0032076836,0.0951817
solar,51,42048,51712,0.9299201503319594,0.1241085391319506,0.3443997,0.52149034,0.12025118,0.29734182
solar,79,45440,51200,0.929865699454014,-0.0847923012468591,0.15427947,2.6876116,0.17124248,2.7045746
solar,78,43648,52288,0.9298606751637783,0.2075528857573349,0.106301785,0.30489922,0.04795599,0.15064144
solar,11,42944,51584,0.9298502807474668,0.0337733213259307,0.296988,0.20611286,0.48489642,0.01820445
solar,124,45120,51904,0.9297657301225278,0.244691782802283,0.21326256,0.5719602,0.048807144,0.4075048
solar,94,49472,50048,0.9297618808437116,0.2999840668962272,0.46450663,0.10428333,0.17222261,0.18800068
solar,96,45440,51200,0.9297230724548154,-0.2239404678035313,0.254292,2.7869368,0.36386943,2.8965142
solar,3,45952,52288,0.9297117898818456,0.2603309054554324,0.11643839,0.20391273,0.17650509,0.08903074
solar,48,43136,49344,0.9296857396329528,0.2814651710945057,0.11588001,1.1326313,0.36321306,1.3799644
solar,20,42816,49152,0.9296366606820178,0.0471247030996864,0.41625023,0.086452484,0.313843,0.1888597
solar,119,42368,44672,0.929618330413949,-0.0717119543677722,0.1764741,0.5410898,0.22242522,0.49513865
solar,113,44864,47168,0.929583002861714,0.2864102976418007,0.26307726,0.19183826,0.38979244,0.06512308
solar,84,49856,50432,0.9295681632290104,0.2915819473057574,0.17737007,0.26268816,0.079470634,0.005847454
solar,82,48576,49728,0.9294375002062744,0.2390241034310437,0.15601492,0.07417345,0.20238733,0.027801037
solar,103,47872,52480,0.929433370306304,-0.5960643392607499,0.08934975,0.053086758,0.26351023,0.22724724
solar,54,45504,51840,0.929392964340576,0.1528744312888799,0.18923235,0.3256836,0.1652317,0.02878046
solar,41,50752,51456,0.92936551356259,0.23035898735454,1.7658892,0.059553623,1.9375627,0.23122716
solar,36,44352,52416,0.9293143500505152,0.0900845738827339,0.08533049,0.3265915,0.22718048,0.014080524
solar,40,50112,51712,0.9292447373988738,-0.0625927389239314,0.5768347,0.03140378,0.24434423,0.30108666
solar,94,47168,52352,0.9292384280013508,-0.0126446782386001,0.04614687,1.7727046,0.05459833,1.8734498
solar,91,44928,50688,0.9291837940438096,0.2420050334285151,0.1413176,0.48997307,0.3513925,0.27989817
solar,10,45952,49408,0.9291551566827556,-0.333877075737058,0.23574305,0.2723813,0.29821873,0.20990562
solar,13,46272,51456,0.9290991102745596,0.2999650669541795,0.7633939,0.118876934,1.0358222,0.3913052
solar,11,45248,51008,0.9290602379745874,0.0125738477793323,0.125566,0.23589611,0.108674526,0.2527876
solar,133,48000,48576,0.929015596051045,-0.0821821587529237,0.22071338,0.20804572,0.47700596,0.04824686
solar,6,47232,52416,0.9289912638925344,0.1495324711014102,0.10312939,0.05647278,0.06839609,0.091206074
solar,71,42368,46400,0.9289625767356784,0.2677654335117013,0.35365963,0.13547564,0.20164227,0.287493
solar,99,42432,52352,0.928930731593508,0.0853374050907684,0.9049306,0.45547342,0.7343936,0.28493643
solar,105,48704,51584,0.9289136998056364,0.1256907929825855,0.0418036,0.19103503,0.043848038,0.105383396
solar,23,49728,51904,0.9288939814424608,-0.0045565594450889,2.5528986,0.5848954,2.4233072,0.4553039
solar,118,42560,51776,0.9288837363014796,0.021332906407257,0.004306555,2.3762968,0.14512014,2.22687
solar,41,43392,44544,0.928859328617536,0.1931546635155102,0.123413324,1.2861674,0.11928129,1.0434728
solar,119,43648,44800,0.9288579463173824,0.1837988158697426,0.025672674,0.22272897,0.021269083,0.26967072
solar,11,42432,49472,0.9288524309739628,-0.1058022967331557,1.3450346,0.19833803,1.0910354,0.0556612
solar,38,47744,48896,0.9288349486759868,0.2116972662930284,1.1211638,0.12082815,1.0413742,0.20061779
solar,18,45952,47232,0.9288341046418208,0.1305417295161835,0.036932945,0.0538826,0.45189738,0.43494773
solar,100,44864,50048,0.9288335749713748,0.2001293234264348,2.4017088,0.07748318,2.4271824,0.10295677
solar,29,42944,51008,0.9288076920480338,0.0311040911249469,0.22221947,0.18737078,0.31676054,0.35160923
solar,3,46400,50432,0.9288055356424044,0.1755975613438383,0.009753227,0.12720919,0.09840393,0.019052029
solar,63,44672,44800,0.928802788062956,0.1186755952790323,0.74786305,0.8069174,0.16491604,0.22397041
solar,110,44672,49280,0.9287005226063556,0.2933785572471719,0.6542437,0.15583801,0.551692,0.2583897
solar,106,44160,52480,0.9286015396971766,0.2907917200538887,1.4221115,0.73921585,1.0681977,0.38530207
solar,19,42112,42688,0.9285374546884614,0.1532599490358444,1.2831955,0.11258674,1.5485301,0.15274787
solar,33,44864,47744,0.9285305578876052,0.2444792691822411,0.2124281,2.4307127,0.43455744,2.652842
solar,61,45824,51008,0.9284987355420622,-0.3341827266929913,0.12618208,0.108932495,0.10891676,0.12616634
solar,16,42368,44096,0.928470749346194,0.1695785123942901,0.059147835,0.12794328,0.15865374,0.028437376
solar,135,46528,48832,0.9284342641171116,-0.2745886035854686,0.006002426,0.4059062,0.26861453,0.1432941
solar,133,52032,52480,0.9283934003561164,0.2571865235745369,0.197541,0.9731293,0.0058362484,1.1765065
solar,48,43072,45952,0.928340699161232,0.0276523639889209,0.21708441,0.03203869,0.043981075,0.29310417
solar,41,46528,51712,0.9283011927977146,0.090999733520969,0.16986799,0.20545673,0.03475809,0.34056664
solar,66,45952,51136,0.9282899355415234,-0.120383386527249,0.27031136,0.35692692,0.06410599,0.5631323
solar,34,42944,48704,0.928263957190075,0.1839360618223494,0.8450928,0.34790897,0.97694325,0.2160585
solar,121,44800,45952,0.9282205863078308,0.0472856354544351,0.2650919,0.2693014,0.15129757,0.14708805
solar,34,48000,50880,0.928210548178652,-0.0408319768958213,0.25517654,0.44955778,0.12260914,0.31699038
solar,86,49472,50048,0.928206191743913,-0.0959749083169433,1.8999088,0.07129717,1.8618703,0.033258677
solar,105,44096,46400,0.9281243018393222,0.0496097543120035,0.5205307,0.094940186,0.116458416,0.3091321
solar,60,45696,51456,0.9280117255293976,0.2072570750886519,0.16460776,0.37386703,0.19009852,0.019160748
solar,40,44800,45952,0.928007817690202,0.2144312193716425,0.21796274,0.08193636,0.04656887,0.25333023
solar,125,51456,52480,0.9279079070037952,-0.0457133389430895,0.2574103,1.4525142,0.038980484,1.2340844
solar,13,46208,49088,0.9278773448676444,0.0418099577510872,0.56024647,0.1158309,1.0319452,0.35586786
solar,28,43520,44096,0.9278157439975598,0.143052523629788,0.22392726,0.487139,0.095892906,0.61517334
solar,12,43136,44288,0.9277464431898628,0.2902067428380716,1.2282329,0.15530038,1.2936869,0.08984637
solar,3,42048,48960,0.927687963460694,0.0784565640434141,0.08388424,0.10896587,0.16875935,0.024090767
solar,41,44288,48896,0.9276869231241274,0.0311716426109397,0.19206882,2.4669244,0.22374654,2.4986022
solar,111,49408,52160,0.9276185092619922,0.2030235890612234,0.77129817,0.06256223,0.94947314,0.2407372
solar,93,50624,51776,0.9275345467654964,0.1015862370599999,0.009806156,2.095643,0.15602446,2.2418613
solar,71,43072,52288,0.9275163613769932,0.1753749307597352,0.18118477,0.068778515,0.06305504,0.17546129
solar,107,45952,47680,0.9274513751045944,-0.1066598761835873,0.21669078,0.22587085,0.14087725,0.13169718
solar,69,45824,51712,0.9273599962507064,0.2455448316376003,0.54486036,0.6138072,0.044858456,0.024088383
solar,63,48000,52032,0.927290013105505,0.1050631901019999,0.19771671,0.026203632,0.10118222,0.07033086
solar,38,43072,51136,0.927247509069392,0.2770917743421295,0.8347986,0.030915022,0.66043043,0.20528316
solar,22,49984,51712,0.927182873588985,0.1648106987912993,0.16267824,0.0069913864,0.038465023,0.19415188
solar,122,48896,51776,0.9271499390116568,0.2674473952326224,0.00137043,0.28448367,0.07392287,0.20919037
solar,70,49472,50624,0.9271460406042658,0.1170368096007515,0.51801205,0.25416803,0.54516745,0.22701263
solar,28,49024,51328,0.9271063498275204,0.0839641645308826,2.2981558,0.10466051,2.210199,0.016703844
solar,10,43840,44288,0.927104864201633,0.1294781002255448,1.8691394,0.07502961,1.9618177,0.017648697
solar,17,45440,51776,0.9270898408484276,0.0823124449254669,0.13836956,2.6339,0.10971975,2.6052501
solar,123,47808,52416,0.927023618254628,0.2785958898401681,0.009716034,0.05000019,0.10018444,0.059900284
solar,95,42368,44672,0.9270033710366944,0.2190970620991497,0.030164242,0.21388054,0.1315403,0.11250448
solar,115,43200,44928,0.9270013365578424,0.162702546358675,0.12219095,0.076616764,0.2685914,0.06978369
solar,49,42112,42560,0.9269246274277056,0.2201674686953587,0.19728088,0.055111885,0.5622847,0.30989194
solar,30,43584,51200,0.9269213602191514,0.2445547766013798,1.1572154,0.4656527,0.77077913,0.07921648
solar,21,43328,47936,0.9268565584382812,-0.1594881977881452,0.112760544,0.42937136,0.6956072,0.15347528
solar,8,42112,44416,0.926848933542671,-0.1514720643048992,0.9583521,0.032848835,0.94210625,0.049094677
solar,102,48000,52032,0.9268283222963688,0.1952859052060201,0.8354633,0.01849389,0.8960867,0.0791173
solar,56,42240,45120,0.9268240148519076,0.1996697979547143,0.013691187,0.1311531,0.09178376,0.025678158
solar,75,43776,49536,0.926779104143568,0.1062406024885319,0.056593895,0.47839642,0.24140835,0.18039417
solar,7,46976,48128,0.926763454210335,0.2525127681855794,0.27697158,0.26798248,0.35459256,0.34560347
solar,74,46016,52352,0.9267224387039684,0.0964689837049404,0.46325254,0.054624557,0.24792671,0.16070127
solar,32,42368,46976,0.9266807475502228,0.2376717176239089,0.05435753,0.36276507,0.04218769,0.3749349
solar,112,48960,51840,0.9266618812964962,-0.0238854750294413,0.1724801,0.30682898,0.120372295,0.013976574
solar,25,42112,50880,0.9266509516085768,-0.1406355102788592,1.6336708,0.07012653,1.776947,0.07314968
solar,51,51136,52288,0.9266464001004144,-0.6888091571179839,0.5379269,0.52509165,0.35882807,0.7041905
solar,OT,42560,46592,0.9265238171720692,0.0747673232362423,0.11027837,1.1206048,0.2185831,1.0123
solar,21,49408,49984,0.9264719671419256,0.1116323456634535,0.09514427,0.052643776,0.03994751,0.10784054
solar,4,51712,52288,0.9264586258493784,0.1349081265659985,0.12240243,0.32890177,0.31956315,0.13174105
solar,111,44800,52288,0.9264527401045128,-0.2256808262930659,0.24844408,0.20673752,0.1602726,0.20197916
solar,103,48128,49280,0.9263343534965324,0.1257180490074623,0.9680562,0.31326032,0.43261933,0.22217655
solar,43,43264,49728,0.9263100627027596,0.1731948291946511,0.055241346,0.99171305,0.16116786,0.88578653
solar,9,45696,46848,0.9261087618310744,0.0432117914465466,0.36650944,0.20180345,0.5400758,0.028237104
solar,104,43072,50560,0.9260751391998944,-0.0402401172143777,0.25034332,0.024321556,0.009486198,0.23550797
solar,127,42112,48000,0.9260360869753916,0.1760348726406054,0.5247338,0.5145087,0.3129053,0.30268025
solar,97,42112,51904,0.9257757699484253,0.063967509672487,1.146194,0.2788961,0.79315615,0.07414174
solar,77,44544,47424,0.9257556582719088,0.2330370561218146,0.014105797,0.07547283,0.090633154,0.0010545254
solar,117,48576,50880,0.9256459743368424,0.069398865863759,0.23018122,0.1080699,0.25178552,0.0864656
solar,22,42112,49600,0.9256273675528288,0.0150043237843585,0.45016766,0.7567339,0.12874794,0.43531418
solar,59,46656,52416,0.925599028747596,0.2538924611610643,0.060242176,0.64430475,0.5587158,0.14583111
solar,81,42944,46976,0.9255871841452048,-0.0277208242614319,0.22526741,0.23035455,0.37047887,0.08514309
solar,128,42368,44096,0.9255236283535336,0.1373391485481424,0.21990323,0.14082503,0.2936659,0.06706238
solar,128,44672,52160,0.9255221913068014,-0.1405231538962389,0.7818079,0.29145145,0.9335909,0.13966846
solar,106,47872,49728,0.9254935896635348,0.1853153091042919,1.0130725,0.041254282,0.9557693,0.09855747
solar,105,48576,49728,0.9254100411185934,0.1178552044296567,0.0016348362,0.3395269,0.19856858,0.13932347
solar,116,42368,52160,0.925288223764844,-0.0926361444474983,0.10855651,0.1747005,0.110111475,0.17314553
solar,111,48576,51456,0.9251811804461052,0.0674094118707733,0.08808923,0.5908809,0.1496818,0.35310984
solar,44,42048,46656,0.9251672347124804,0.2383832831141136,0.4414034,0.25195932,0.04274535,0.65061736
solar,116,50624,51776,0.925144721440372,0.1240341667840626,0.05014372,0.41651106,0.13195944,0.33469534
solar,78,43520,49856,0.9251319799039228,0.2269959434278654,0.008928537,0.16175127,0.09803486,0.07264495
solar,100,45952,51712,0.9251133792967984,0.2724162456393089,0.08871937,0.17840338,0.34501457,0.07789183
solar,44,48576,50880,0.9250458295831926,0.0067749979527719,0.17331624,0.9304342,0.06380701,0.693311
solar,36,44672,45952,0.9250278764328552,0.0749088913857581,0.4915986,0.85074425,0.26731992,0.62646556
solar,81,45952,48128,0.9249991997476844,-0.1459051109791059,0.40818095,0.1612103,0.56202364,0.315053
solar,120,44096,46400,0.924954577586686,0.1817428880863408,0.27490234,0.18541145,0.065402746,0.15489364
solar,77,42432,52352,0.9248738574250832,-0.204497881675681,0.024499893,0.20850468,0.26203728,0.029032707
solar,23,43392,50880,0.9248375635380772,-0.076331077548487,0.05290413,0.0014667511,0.3477049,0.293334
solar,76,45248,45824,0.9247479730759626,0.0284415126951933,0.11374855,0.15126419,0.20721054,0.0578022
solar,86,45952,52288,0.9247228842264724,0.1731883232974984,0.04379368,0.27071095,0.19280243,0.034114838
solar,81,45696,48448,0.9247131046710296,0.1341759545056221,0.471025,3.0473428,0.38832045,2.9646382
solar,60,43072,43648,0.9246927402489564,-0.1802033905257682,0.28244352,0.06526375,0.27748346,0.07022381
solar,128,46848,50880,0.9246675982753704,0.1557453800240486,0.09505963,0.33362198,0.1590209,0.2696607
solar,85,45504,47808,0.9246635959908798,0.1484407543192248,0.0064668655,0.3226595,0.15851212,0.15768051
solar,98,47168,49728,0.9246283941335822,-0.1041342778601196,0.25764227,0.9721184,0.09210539,0.8065815
solar,119,42112,51904,0.9246272273006771,0.2573381438764898,1.8576691,0.0012626648,1.8795173,0.020585537
solar,116,44544,48576,0.9245922857879956,0.2563187367312436,0.4123044,0.008514881,0.750931,0.33011174
solar,77,43776,45632,0.924560323681173,-0.0992326300970932,0.1678598,1.4567354,0.13256502,1.4214406
solar,72,47872,51328,0.9245456281482936,0.1959550145723335,1.9213934,0.35439682,1.6430688,0.076072216
solar,67,48576,52032,0.9245225589940432,0.0354124881873514,0.36072445,0.07840562,0.21738672,0.06493211
solar,47,44992,47872,0.9244889040168696,0.0946286734321677,0.18931365,2.203679,0.13236737,2.1467328
solar,63,47808,52416,0.9244504640304316,0.1544808356186457,0.031325817,0.36778402,0.32232857,0.014129639
solar,71,43200,51840,0.9244504243139186,0.0547954237206871,0.19161081,0.66843486,0.23450208,0.24232197
solar,123,45440,46592,0.9244399658208424,0.1898608186265265,0.18285012,0.5446298,0.19330645,0.5341735
solar,20,44224,48832,0.9244303826610568,0.0133020186162428,0.114873886,0.14378119,0.053287506,0.20536757
solar,107,43072,49856,0.9242407196634168,0.2273583489969136,0.59405756,0.0353899,1.0009642,0.3715167
solar,17,42112,50176,0.9242370108151388,-0.3031410272911735,0.113778114,0.6463723,0.13646126,0.6236892
solar,38,42560,51776,0.9242034777428244,0.0707150160571756,0.20597601,3.0175211,0.12588882,2.937434
solar,134,44992,52480,0.924142017600558,0.2077954086127856,0.5060382,3.0563755,0.42143035,2.9717677
solar,23,44544,45696,0.9240170043021,0.1562493621931093,0.0662446,0.028245687,0.09015179,0.004338503
solar,17,46272,50304,0.923994448793108,0.0132267821788269,0.11546636,1.0463872,0.24656653,0.6843543
solar,88,42176,51392,0.9239907310820944,0.25456231403053,0.17124271,0.10615301,0.20163631,0.26672602
solar,41,44224,48832,0.9239766957980468,0.2393681552392319,0.055272818,0.52567434,0.014746904,0.59569407
solar,2,42816,43968,0.923949864959868,0.2298004653026303,0.6402242,0.21118999,0.62702703,0.22438717
solar,73,49728,52032,0.9239293167262868,0.0861073168498752,0.032360315,0.11941433,0.30547452,0.15369987
solar,94,43072,48832,0.9239192008815492,0.2344655523604485,0.54277325,0.07046366,0.42623138,0.18700552
solar,40,47680,49984,0.9238736188311744,-0.1711421956287632,0.56199026,0.2369442,0.28813744,0.510797
solar,11,47872,48000,0.9238364242073718,0.2753686450816557,1.6006081,0.18564463,1.4907284,0.29552436
solar,15,48576,52032,0.9237388337792888,0.0154442942653836,0.10489249,0.30895805,0.6022179,0.18836737
solar,34,44992,52480,0.923722555600802,0.0193630590063103,0.4976809,3.0937364,0.45050693,3.0465624
solar,2,45376,48832,0.9236302979077766,0.241045870779394,0.009759903,0.082267284,0.10056257,0.028055191
solar,75,49472,50048,0.9235964185890568,0.0431238012091996,2.248532,0.19251323,2.1546583,0.09863949
solar,74,44544,49152,0.923508932107542,0.2138780098931995,0.2118926,0.20036626,0.18451619,0.19604254
solar,18,43520,49280,0.9234149148448288,0.2624553054228326,0.20416164,0.01898861,0.0031154156,0.18828845
solar,27,46528,52288,0.9233533624596456,0.2755074642679943,0.14169526,0.102953196,0.021004438,0.22364402
solar,33,42368,49856,0.923308720797609,0.0380047089545671,0.12471056,0.5424838,0.08072066,0.5864737
solar,119,46016,47168,0.9232857556631016,0.0366957730682904,2.4329245,0.18024373,2.3523586,0.0996778
solar,131,45376,49984,0.9232761654099546,0.1172269398155947,0.4271629,0.12754107,0.036221743,0.5184822
solar,20,47424,50880,0.923170776579889,0.1839304196487171,0.015419483,0.32970262,0.25194526,0.062337875
solar,49,46848,50880,0.9231049925406632,0.2871821526239497,0.2156198,2.3518069,0.16387033,2.3000574
solar,107,42112,51904,0.9230973440036924,0.1790051061432417,2.2403622,0.33363342,2.304388,0.3976593
solar,2,43648,47104,0.9230581781485596,0.0619647023336678,0.17121315,0.012169838,0.0358963,0.12314701
solar,28,47232,48960,0.922972964960952,0.0529506489396951,0.045526028,0.15467739,0.10219097,0.09801245
solar,15,42368,46400,0.9229556339903672,0.0944272339487006,0.28437877,0.103630066,0.11797619,0.27003264
solar,69,47680,48832,0.922941641897677,0.1119306714604885,0.5091162,0.010915756,0.27745008,0.24258184
solar,99,43648,45376,0.9228020586199086,0.0710033879424529,0.13492727,0.34763193,0.030121326,0.51268053
solar,103,48896,49024,0.9227959430152622,0.0386842032047115,1.2686381,0.7009349,1.0890336,0.52133036
solar,114,52224,52352,0.9226548388150094,0.1074663205982863,0.7577753,0.1809802,0.64940166,0.07260656
solar,115,42944,43968,0.9226145904903096,-0.0606759045070727,0.37328267,0.2023089,0.5502138,0.37924004
solar,4,48512,50816,0.9225960108113536,-0.1402937283261053,0.00048208237,0.082219124,0.07047272,0.011264324
solar,61,42496,45952,0.922528571470324,-0.3411723142699235,0.0037691593,0.07829213,0.0044379234,0.078960896
solar,101,42048,47808,0.9225277803006016,-0.0570659641439987,0.20847845,0.052737713,0.21691942,0.061178684
solar,1,42368,52160,0.9224927680015604,0.0502030711441412,0.11952329,0.010426283,0.15534186,0.025392294
solar,68,48576,50304,0.9224782505081262,0.1950614827474719,0.067327976,0.4109354,0.34190416,0.0017032623
solar,0,46016,51776,0.9223233987344698,0.0302338577811801,0.34889126,0.5637698,0.02876091,0.24363947
solar,78,45248,45824,0.9223080499081504,0.2497169222900764,0.039242744,0.024294853,0.011004448,0.05253315
solar,0,47680,48256,0.9222731745776158,-0.0332860383196126,0.44539332,0.049240112,0.22610354,0.2685299
solar,25,44992,48000,0.9222629171250214,-0.0412992119133876,0.34428883,0.46532464,0.08884692,0.20988274
solar,118,43392,50880,0.922247580776962,0.0482638583562315,0.07950473,1.3643601,0.19824028,1.0866151
solar,110,43008,52352,0.921871971612834,0.1527201495353657,0.58870506,0.28811693,0.25070572,0.049882412
solar,87,48000,50304,0.9218022245485374,0.0764798830614003,0.83085704,0.43345118,0.7765026,0.37909675
solar,75,42944,44096,0.9217903669132912,0.1464354039573578,1.6152849,0.11186266,1.5795746,0.147573
solar,109,45440,51776,0.9217792237043664,-0.0147028755627713,0.21063066,2.5631247,0.22577548,2.5782695
solar,37,49856,50432,0.9217786058618624,0.0124515797484171,0.5541105,0.0057649612,0.4275198,0.13235569
solar,72,45952,49408,0.92168961910892,-0.3277541128667381,0.2149477,0.34029055,0.04583454,0.079508305
solar,23,47680,51136,0.9216771794979666,-0.0570410027322226,0.5780511,0.0049734116,0.43236256,0.15066195
solar,45,43200,43904,0.9216402977500224,0.1904951952212533,0.31148434,0.009715557,0.40347672,0.08227682
solar,131,51136,52288,0.9216342658750928,-0.0654960717064694,0.45178056,0.38062382,0.37574363,0.45666075
solar,29,43264,49024,0.921629470430434,-0.0737188398300329,0.13762712,0.5773959,0.22751999,0.48750305
solar,100,50176,52480,0.921627220653394,0.1622583146099602,0.34838033,2.3789234,0.41817904,2.4487221
solar,94,43648,46528,0.9215752325724614,-0.1072153003894667,0.017037868,0.12167072,0.1255064,0.020873547
solar,28,43136,45440,0.9215676119020292,0.0664526642118775,1.467715,0.120185375,1.4775887,0.11031175
solar,106,44288,46016,0.9215286111755582,0.1155840740106115,0.1066277,2.3268964,0.10275173,2.3230205
solar,62,45568,50752,0.921497306409942,0.2160064458743495,0.33768296,1.6137924,0.31497622,1.5910857
solar,36,43968,50880,0.9214792707812628,-0.0261543649699984,0.13367033,0.11457372,0.064516544,0.3127606
solar,54,42048,48384,0.921453561020762,0.1680954905641398,0.017633915,0.17783546,0.1500957,0.010105848
solar,64,42368,44224,0.9213406129770187,0.1045203387541749,0.6296749,0.24409032,0.26728845,0.11829615
solar,121,42752,43200,0.9213058904173478,-0.0917093543705136,0.4508996,0.29866838,0.2133007,0.06106949
solar,86,42816,52032,0.9212403975428244,0.1265049560579403,1.3093133,0.03331566,1.5109506,0.16832161
solar,42,51584,52160,0.9212107556364918,0.0258682882882593,0.59308314,0.2954893,0.60063887,0.2879336
solar,52,47424,52032,0.921176683463767,0.1051100227247531,0.6381166,0.10774851,0.72337246,0.022492647
solar,79,44224,45952,0.9211067075560064,-0.114761095010349,0.3804109,0.30855703,0.027478456,0.6614895
solar,65,47744,52352,0.9209748789955724,0.2127857270401637,0.009871483,0.6248994,0.12776041,0.7625313
solar,68,46272,50880,0.920854458807828,0.0981353121999902,0.17864966,0.9145653,0.17274976,0.5631659
solar,14,48000,48576,0.9208004775465568,0.2071269798177214,0.29335237,0.15613174,0.38146377,0.24424314
solar,84,49408,49984,0.9207655520614204,-0.1258761244589242,0.69377995,0.24556613,0.6065736,0.3327725
solar,41,45248,51008,0.9207195190051544,0.1150739467037782,0.12577105,0.17575884,0.14799619,0.44952607
solar,6,46848,52032,0.9207090273137996,0.1636755564738383,0.15833092,0.038813353,0.0006198883,0.11889768
solar,111,48384,51712,0.9206523444573692,0.1073604493291401,0.3208034,0.8500426,0.29287553,0.23636365
solar,84,43392,44544,0.9206149207607808,0.0010012522338798,0.1479361,0.5054841,0.29202032,0.3613999
solar,31,45824,49856,0.9205954647231196,-0.0139091687140553,0.22619247,0.014284611,0.1787045,0.061772585
solar,93,42560,43136,0.92058702107723,-0.0625870367133178,0.18918991,2.51363,0.06421828,2.3886583
solar,135,43968,51712,0.9205495853353046,0.1042370630834602,1.1167893,0.3319993,0.6041789,0.18061113
solar,105,45824,51008,0.9204370019100327,0.2082323799605958,0.43272924,0.21483612,0.3239088,0.32365656
solar,57,43776,51264,0.9203461819170358,0.0670183804680505,0.4374566,0.04775524,0.21741533,0.17228603
solar,98,44544,50176,0.9201932282450778,0.1275060930842526,0.017954588,0.73150945,0.09433079,0.65513325
solar,123,49728,50176,0.9200019023747192,-0.0142973245523607,0.15586662,0.5199559,0.053420782,0.6224017
solar,37,43968,46272,0.9199889510738534,0.1385352931166638,0.7218015,0.07103491,0.78395987,0.008876562
solar,127,44160,51200,0.9199498603634289,-0.4876635313073003,0.13535023,0.43034697,0.16816044,0.39753675
solar,133,42624,48960,0.9198984351365131,-0.0572303643995164,0.09668565,0.14645433,0.2075355,0.035604477
solar,61,43328,47936,0.9196820363286732,0.2580917146746249,0.098561764,0.0191679,0.072668076,0.04506159
solar,116,43200,51840,0.9196816484260196,0.2436062336369401,0.27827334,0.23517537,0.2777233,0.2357254
solar,47,43200,46784,0.919640863255498,0.2853181148479646,0.25446415,1.1596766,0.23891902,1.1441314
solar,0,45632,47808,0.9195722033453584,0.273853253594032,0.5980942,0.11711836,0.6924541,0.022758484
solar,16,46848,51456,0.9195642465976304,0.1325534037099488,0.07224202,0.8462479,0.058936357,0.83294225
solar,85,42944,43520,0.9195612192981404,-0.0151224718540651,0.54222226,0.2816012,0.9274695,0.10364604
solar,109,45248,50432,0.9195495933472444,0.0696166477627691,0.11697912,0.14901161,0.20338345,0.06260729
solar,50,44352,47808,0.9195420412449296,0.1883490650921988,0.009675503,0.3687544,0.24744558,0.1116333
solar,40,42368,49856,0.9194063936851304,0.185372672626004,0.07182312,0.5876088,0.27176738,0.38766456
solar,106,46656,52416,0.9193711107115902,0.1153941547096002,0.06690502,1.0145671,0.46163487,0.6198373
solar,24,46848,50880,0.919339309587557,0.0949187087441809,0.10121441,0.33119416,0.056848764,0.3755598
solar,82,46848,50304,0.9193096215262188,0.2294616639249617,0.28445315,0.84305024,0.10283303,0.6614301
solar,65,42048,42624,0.9193004414338714,0.2068280750591505,0.13977814,0.06285572,0.120529175,0.32316303
solar,81,43328,43776,0.9193003636561716,0.0429636422504259,1.2852154,0.043046474,1.5113378,0.26916885
solar,48,43392,52032,0.9191999018450489,0.2327326317402002,0.04202938,0.2157433,0.2140193,0.043753386
solar,93,50304,50880,0.9191264658342758,0.115285675016575,0.047485113,0.8457639,0.007951975,0.88529706
solar,89,50880,51456,0.9191246695380888,0.2022528888459187,0.53661823,0.42640638,1.0448864,0.081861734
solar,35,45120,48576,0.9190847709583682,0.2894178956661575,0.16553283,0.13270259,0.7335007,0.4352653
solar,111,42816,48000,0.9190483770993744,0.1081995948360704,0.19413114,0.82778406,0.2798748,0.35377812
solar,70,42816,50752,0.9189153528140296,0.0016123922517865,0.056296587,0.24618173,0.18609858,0.37598372
solar,25,43648,44800,0.9189143099240688,0.0663915628988919,0.39848995,0.29217362,0.46759558,0.223068
solar,7,47424,48000,0.9188853748775576,0.189650633988018,0.24386096,1.040698,0.07703185,0.71980524
solar,119,43200,51264,0.918879883492726,0.0483107903632676,0.16290903,0.016483307,0.06751442,0.11187792
solar,18,43392,50304,0.9188167179462974,0.2344245016506347,0.12047386,1.0784574,0.2841363,0.6738472
solar,17,44800,51712,0.9187953594625176,0.07035577723477,0.33755112,0.19778204,0.44271374,0.09261942
solar,57,48128,49280,0.9187305694238864,0.240978046457756,0.58710456,0.42908835,0.06834984,0.08966637
solar,80,42112,50880,0.9187304629416516,0.0681822383604245,0.49330235,0.17646074,0.38032818,0.063486576
solar,20,42240,43392,0.91871031722343,0.0019735262625172,0.15190315,1.0031579,0.10197854,0.95323324
solar,16,44288,47872,0.9186944546235554,0.0501482160702738,0.21845293,0.7238524,0.05841708,0.56381655
solar,120,47872,51776,0.9186488545725624,-0.0373292372348873,0.06468344,0.5631108,0.24412727,0.74255466
solar,76,44864,47872,0.9185772635245384,-0.0509292048093225,1.37817,0.27420568,0.9935436,0.110420704
solar,62,48128,48704,0.9185610143201396,0.2764254654354822,0.578094,0.33862972,0.06432319,0.1751411
solar,33,42816,50304,0.9184394888701836,0.2447037185695973,0.031252384,0.085422516,0.08071685,0.13488698
solar,50,45824,51008,0.918406033710083,0.1622795800253113,0.114543915,0.13131905,0.08829212,0.15757084
solar,121,46400,47552,0.91838664905413,0.1542952520426713,0.025676489,0.10392165,0.06731129,0.062286854
solar,15,42048,50688,0.9183549074418004,-0.1380271999092181,0.05138731,0.0663147,0.012499332,0.02742672
solar,13,43264,49024,0.918353334710064,0.1797106188123763,0.0875504,0.78444815,0.21633267,0.6556659
solar,131,42944,50432,0.9182179759339268,-0.0575230552461565,0.26019144,0.058495045,0.39286375,0.074177265
solar,28,48704,52160,0.9182041463130994,0.2024373412226088,0.028103352,0.07734656,0.04527712,0.003966093
solar,34,44672,45952,0.918176901417136,-0.2364866803346272,0.6467304,0.4928236,0.023596764,0.13031006
solar,48,51904,52480,0.9181484245560868,-0.0897628099616605,0.25455046,2.575847,0.5769372,2.8982337
solar,133,50112,52416,0.9181027009302498,0.1305326486077738,0.2500751,0.11760545,0.044918776,0.32276177
solar,86,42112,47296,0.9180515548146858,0.0817611002018311,0.93706346,0.015292168,1.1227047,0.17034912
solar,34,47168,49472,0.9180026961561448,0.1513049422618139,0.051476,1.3056641,0.12493229,1.3791203
solar,9,48960,50112,0.9179035989045652,0.1871547083885494,0.3332343,0.2854178,0.49066067,0.12799144
solar,132,43072,46656,0.9178506532174516,0.2086771162259684,0.6385336,0.28952932,0.95725584,0.029192924
solar,28,42816,48576,0.9178405031245432,0.0540237264704739,0.04598975,0.727725,0.33295274,0.34878254
solar,114,49856,51584,0.9178281510433158,-0.1344793976725729,0.02519703,0.03032136,0.05543518,0.05031085
solar,129,49920,51072,0.9178041904565994,-0.1842001591651595,0.05970764,0.7011275,0.010368824,0.6517887
solar,22,47552,52160,0.9177847183693564,-0.1058113067831528,0.059598923,0.13944435,0.16107607,0.037967205
solar,26,45952,51584,0.9176699191017564,0.253965430369017,0.15081882,0.010710716,0.7235861,0.56205654
solar,95,46272,49728,0.917648664309344,0.0343348072506871,0.04438162,1.235245,0.21290159,0.9779618
solar,99,47424,52032,0.9176321522791387,0.2671033871344839,0.28600097,0.042078972,0.058630705,0.18529129
solar,14,45376,45952,0.9176142042283362,-0.0087763078677469,0.03704214,0.032134056,0.020756245,0.048419952
solar,91,42944,49280,0.917566792482174,0.0705499927483928,1.0109489,0.33449292,1.1380858,0.20735598
solar,133,46848,50880,0.9175236528848248,0.2700317990056897,0.032976866,0.19878817,0.08695388,0.07885742
solar,50,44800,45952,0.9175210187271804,-0.1658599002170159,0.030557632,0.01414299,0.07893467,0.06252003
solar,79,50880,51584,0.9175099610975762,-0.1085497617219183,0.6578958,0.25492787,0.36301088,0.039957047
solar,48,42368,50432,0.917382368434036,0.1766100540680429,0.4354236,0.1578927,0.25396132,0.339355
solar,47,43968,45248,0.9172791839636472,-0.0389011633735285,0.7068658,0.5886636,0.764884,0.6466818
solar,69,42624,43072,0.9172063753183012,-0.222274165274188,0.16958356,1.0604343,0.1914761,0.6993747
solar,63,49280,52160,0.9171901215395032,0.2979592109167315,0.054876804,0.02534771,0.058662415,0.0215621
solar,134,45696,49728,0.9171030204624953,0.0580882449208257,0.09427023,0.4428873,0.21138215,0.13723493
solar,40,43904,51392,0.9170691105774706,0.0372710644138753,0.036738396,0.057564735,0.14521646,0.050913334
solar,59,42816,46272,0.9170310844115396,0.2119188911390837,1.4076881,0.20292616,1.5298817,0.080732584
solar,75,45440,46016,0.9170199083098898,0.1182761077182009,0.16270685,2.7244182,0.13754344,2.6992548
solar,132,48128,49280,0.917007277660588,0.1881653749482324,0.61549044,0.37970543,0.24728918,0.011504173
solar,121,43136,52480,0.916925336341279,0.1484933508449917,0.91107273,0.26599312,0.51029634,0.13478327
solar,129,42112,49728,0.916914941873478,-0.1270974888379673,0.30338335,0.15949988,0.33388686,0.1900034
solar,79,44864,52352,0.9168711657993992,0.1203950873627275,0.20779324,2.710149,0.20670843,2.7090642
solar,110,44544,49024,0.9168265155267318,0.1766912159156449,0.096560955,0.602597,0.040255547,0.4657805
solar,132,43264,43840,0.9168240476409988,-0.004994319740224,0.4348092,3.1331775,0.32619357,3.024562
solar,82,50624,52480,0.9167505912662872,0.2204842169503737,0.053379774,1.0864515,0.23297644,0.90685487
solar,58,45440,51776,0.916652123639835,0.2134498412949095,0.1721518,2.3570247,0.09394431,2.0909286
solar,127,43136,48896,0.916623704092524,0.1681868060564957,1.2475352,0.041788578,1.1295791,0.15974474
solar,33,45952,51584,0.9166047997034078,0.2296093114104234,0.21511865,0.90642166,0.5836382,1.2749412
solar,26,42944,52160,0.916538375485761,-0.0972351986248719,0.15349865,0.14365697,0.3054421,0.008286476
solar,36,43520,45248,0.9165192071790872,-0.0894052988661825,0.27074552,0.59921885,0.15741038,0.712554
solar,109,46656,47808,0.9164730013375106,0.2026130484593452,0.1067462,0.6093979,0.42236757,0.2937765
solar,82,48128,51584,0.9163952491144942,0.025815825061055,0.28747177,0.2950771,0.17073369,0.41181517
solar,124,47680,52288,0.9162617954051382,-0.1546651943220796,0.041769028,0.03479576,0.021914005,0.098478794
solar,66,42048,46656,0.9161858078596866,0.2532651605849176,0.31631422,0.26777315,0.45089006,0.13319731
solar,12,45248,51584,0.9161804873472166,0.1204125431123871,0.28177452,0.05774784,0.017532825,0.3570552
solar,126,43072,44800,0.916064364448956,-0.0934146748492939,1.1199069,0.12583733,0.9062998,0.3394444
solar,86,44288,51776,0.915913520283056,-0.0631705717894829,0.013334513,1.2908044,0.20881677,1.0686531
solar,130,45952,51840,0.9159129625663072,0.2114853530482725,0.72795296,0.14859271,0.35871315,0.2206471
solar,111,42944,48128,0.9158766849204812,0.1574653021960655,1.0263133,0.16909194,1.0421054,0.18488407
solar,132,43392,44544,0.91582355764455,0.0502897708567034,0.07730913,0.69103765,0.2896526,0.32407594
solar,127,46528,52288,0.9156858212391178,0.252260046572232,0.29213905,0.41188574,0.05299735,0.75702214
solar,91,46592,47872,0.915580216229519,-0.2354641506726612,0.748014,0.3045535,0.37736988,0.066090584
solar,61,48128,51584,0.9155619063878448,0.0080249193959076,0.13975859,0.9105513,0.09714484,0.95316505
solar,63,42112,43264,0.9155387512642168,0.1579275281941782,1.8340473,0.1419015,1.9022968,0.07365203
solar,9,43072,48256,0.9154847783219552,0.0581941413386015,0.6516795,0.062627316,0.17889738,0.41015482
solar,45,48320,51200,0.9154020736686028,-0.0752894366334478,0.086034775,2.5503852,0.13699079,2.4994292
solar,44,47872,51328,0.9153496512881942,0.1846176013438827,2.5930188,0.6539023,2.2984066,0.35929012
solar,3,42112,42816,0.9153416353777633,0.1120611216109983,1.7714229,0.00467062,1.8910303,0.11493683
solar,32,47872,49600,0.9152614440364352,-0.0335413381405818,0.63230276,0.08510828,0.46843338,0.0787611
solar,0,49728,50304,0.9152543961205264,0.2040664495820539,0.74365973,0.06626892,0.75933695,0.081946135
solar,88,47232,50112,0.9152537128708051,0.2781739393767391,0.24000311,0.23629332,0.47180414,0.004492283
solar,13,42112,49728,0.9151946767900276,0.0135465647357051,1.3349042,0.17068863,1.402134,0.10345888
solar,63,43072,51136,0.9150647058341336,0.2467572010612952,0.13332415,0.00088739395,0.008212566,0.1424241
solar,135,47040,47616,0.9150546935537978,0.2803108048225613,0.038424015,0.18414211,0.14181948,0.08074665
solar,125,42944,45248,0.9147955285232244,-0.0818401414072707,0.15122747,0.08532548,0.011292934,0.07719493
solar,111,48320,51776,0.9147701060757912,0.0432188330088055,0.05879712,1.3547306,0.38262677,1.030901
solar,21,46272,49728,0.9147336995615684,0.1918168220644348,0.013501167,0.611058,0.24292421,0.38163495
solar,55,50560,50688,0.9146224383491506,0.1472064647839041,0.24792957,0.187572,0.36068702,0.4210446
solar,52,45056,48960,0.9146157712673664,0.2416709846787569,0.5881238,0.0067391396,0.79012394,0.20873928
solar,86,48000,49152,0.9145885058868484,0.2604593182230221,0.11411524,0.20679617,0.07887912,0.24203229
solar,76,46720,52480,0.9145687498401244,0.0198387645286004,0.4323275,2.2946377,0.50751734,2.3698275
solar,121,46080,47808,0.914471951327914,0.1905026142707772,0.1538434,0.21657181,0.051308632,0.31910658
solar,61,42816,51456,0.9144595649412036,0.004019414002746,0.26277542,0.48805094,0.34806776,0.5733433
solar,63,42944,46976,0.9143779179372016,0.2040766490197062,0.5055556,0.27008653,0.6199343,0.15570784
solar,133,51200,52352,0.914369985005138,-0.3569413383559748,0.15034723,1.0636859,0.56685257,1.4801912
solar,76,51456,51904,0.9142963436980566,0.1081827961762333,0.41470933,0.46682954,0.3657291,0.4178493
solar,110,45376,49408,0.9142895422678284,-0.0902660768458381,0.24204278,0.3453598,0.1551106,0.43229198
solar,46,42048,51264,0.914287757696964,-0.1281264944141233,0.08392048,0.3251853,0.31029463,0.09881115
solar,14,44288,47744,0.9141637351081596,-0.1078107867344991,0.08845711,1.8847246,0.08906698,1.7072005
solar,130,49472,50624,0.9140996901406312,0.2285373300446898,1.9725499,0.2593472,2.1276052,0.104291916
solar,10,44544,46848,0.9139831754499264,0.1513353884858777,0.73639464,0.11422253,0.7789259,0.071691275
solar,122,44352,47232,0.9139700570992292,0.1687552667809994,0.052299023,0.38634348,0.29273224,0.14591026
solar,83,48128,49856,0.913963407923084,0.2238917442230807,0.08524251,0.67899346,0.034500837,0.5592501
solar,9,44864,49728,0.9139397143952854,0.1496686260290044,2.2203155,0.0027315617,2.253879,0.030832052
solar,82,50880,52032,0.9139058095676053,0.0972032721053661,0.28637505,0.14575624,0.38816643,0.043964863
solar,65,42816,48000,0.9137737387966558,0.0876380063148348,0.11533356,0.5065379,0.11644745,0.5076518
solar,7,51136,52288,0.9137145915307492,0.0207394283911812,0.20763159,0.48633146,0.28992796,0.4040351
solar,83,47680,51136,0.9136601478682176,-0.1497091989002373,0.1704197,0.17891836,0.2703793,0.07895875
solar,48,49152,50880,0.9136464270355352,0.1752929334792007,0.042354107,0.41287827,0.035532475,0.4196999
solar,24,46400,47552,0.9136273766559266,-0.1485764068672598,0.05107951,0.052524567,0.078186035,0.025418043
solar,121,47040,51200,0.9136260598862516,-0.4945570810432347,0.09117508,0.6946826,0.47469378,0.3111639
solar,36,47168,51776,0.9134434322443068,-0.1733970984500006,0.030972958,2.0107126,0.15589428,2.1975799
solar,98,44288,51776,0.913402720029566,-0.2485283296828021,0.0829401,2.4333673,0.12909365,2.4795208
solar,82,43264,51456,0.9133601972399288,0.2982869608967762,1.0307944,1.0007231,0.78522205,0.7551508
solar,96,45824,51008,0.9133550884201368,0.1526211833720423,0.29600525,0.045565605,0.014055967,0.3275149
solar,28,47680,51712,0.9132901823474056,-0.0642417758650212,0.14340734,0.16489458,0.1729064,0.15141916
solar,41,50688,51840,0.9132689071245068,0.0949792083737301,0.39408445,0.014334202,0.0947237,0.28502655
solar,35,42368,43072,0.9132433190146776,-0.2323623532581178,0.39368248,0.76524615,0.05880952,0.31275415
solar,51,43392,44544,0.9131842976928788,0.1413480306353426,0.024365664,0.7130227,0.2639618,0.47342658
solar,47,43072,44800,0.9131787397183352,0.03599383582156,0.5755551,0.018126726,0.43964744,0.117780924
solar,59,49728,51904,0.9130806738201288,0.0898928677150511,0.6763873,0.10627723,0.8095758,0.23946571
solar,7,46016,48320,0.91307587935527,0.2830332660513122,1.8366504,0.080533504,1.665864,0.2513199
solar,110,45952,47104,0.9130643530419964,0.0714980140370305,0.04962635,0.38701057,0.3488946,0.08774233
solar,66,44672,47552,0.9130284497965364,0.1535850287407306,0.3335886,0.21843195,0.34219575,0.2098248
solar,120,42816,52032,0.9129954128829116,-0.0358743494845444,0.77024674,0.22956324,0.9924929,0.007317066
solar,108,42816,49152,0.9129811886313832,0.2050400140025434,0.6139858,0.01886034,0.6853924,0.09026694
solar,125,43968,50880,0.9129651994222224,-0.1599045707043664,0.97383,0.08765793,1.3477223,0.28623438
solar,52,46528,52288,0.9129523621673457,0.193052650657601,0.18363571,0.23967409,0.038621426,0.38468838
solar,44,42688,49024,0.9128860291253384,0.1903489639160733,0.1323545,1.3827052,0.12444997,1.1259007
solar,14,43200,49088,0.9128636411570228,0.2672781264382248,0.4062004,0.95961046,0.40225363,0.9556637
solar,64,42944,50432,0.9128622906489656,0.2101185034271473,0.6718662,0.18736005,0.57441306,0.28481317
solar,60,43584,47872,0.9127965778006364,-0.042927661226821,1.8346262,0.77813387,1.554553,0.4980607
solar,41,43520,48704,0.9127160406097458,0.0923037747232509,0.08355045,0.173419,0.17065239,0.08631706
solar,129,48384,49408,0.9126872397322092,0.0515952039820881,0.4800992,0.38551998,0.109485626,0.20406485
solar,128,42432,46016,0.912679560745229,0.0011694530114025,0.11267233,0.26236057,0.13394737,0.24108553
solar,63,47296,52480,0.9126360509102946,0.206558595371129,0.27947044,2.4883802,0.38089347,2.5898032
solar,71,46016,50624,0.9125983452435114,0.1547639230410672,2.3837004,0.20927739,2.2393558,0.06493282
solar,OT,47168,51200,0.9124100045662642,0.0922166871812857,0.022465706,2.3064208,0.07821798,2.4071045
solar,95,51008,51584,0.9123928937956114,-0.0447226027196624,0.0861845,0.20340204,0.061075687,0.056141853
solar,6,48128,51008,0.9122556656299374,0.0395005828342748,0.073215485,0.617013,0.1041944,0.58603406
solar,131,49728,51456,0.9122212745893794,0.0650500803046133,1.0345049,0.19489264,1.4685609,0.2391634
solar,18,43968,50880,0.912196202850755,0.0399958859502318,0.0982182,0.6099534,0.19953084,0.50864077
solar,50,48256,49856,0.9121952251067712,0.2023650009587602,0.33349514,0.0302248,0.37890506,0.6821754
solar,127,43392,50880,0.9121485102012004,0.0526567116848475,0.23237371,0.20527434,0.4199481,0.39284873
solar,118,43072,45376,0.91213674746412,-0.0454123803328958,0.06917095,0.12418413,0.20058107,0.0072259903
solar,37,42944,46976,0.9120959532657452,0.1947308887892976,0.5584445,0.26535797,0.75120926,0.07259321
solar,86,47424,51456,0.9120918543566064,0.2239109652796397,0.53368926,0.28913522,0.8432102,0.020385742
solar,89,46400,52160,0.9120603134293588,0.1186746894903339,0.0019340515,0.17175484,0.21241736,0.038728476
solar,16,42112,42560,0.9119467842803688,0.2141578491150257,0.6684451,0.3292563,1.1064007,0.10869932
solar,54,49152,50880,0.911841072011772,0.204193598382588,0.15445518,0.017657995,0.035380602,0.20749378
solar,7,44864,50048,0.9118136070242496,0.2041014735583857,2.4324324,0.106764555,2.298498,0.027169943
solar,52,42944,51584,0.9117681544185944,0.239770746958463,0.44381618,0.5868201,0.25887108,0.11586714
solar,12,50048,51776,0.9117431413123296,0.0469021377736837,0.054310083,2.2621489,0.026300907,2.2341397
solar,134,44672,50432,0.9117173421175264,0.1371965362642599,0.33239985,0.2985785,0.45376992,0.17720842
solar,11,49728,52032,0.9116085391879364,0.0473726165117401,1.4162025,0.08459401,1.4943421,0.006454468
solar,124,48000,48576,0.911562099284354,0.1638188923854399,0.3446753,0.2760377,0.77188516,0.15117216
solar,120,49728,51904,0.9115588854296416,0.1416072612898847,1.1042411,0.12715578,1.1089892,0.13190389
solar,74,45248,49408,0.911523649103974,0.2480598137986345,0.681659,0.66345906,0.2980032,0.27980328
solar,45,45696,51328,0.9114973079679624,0.0132269927553328,0.13095927,0.32407665,0.22362375,0.23141217
solar,32,42560,51776,0.911447111003102,0.17675479014417,0.2118094,2.7920983,0.10291886,2.6832078
solar,27,47168,51200,0.9113890088686298,-0.0225267792776539,0.08384633,1.7110894,0.12627268,1.668663
solar,28,43072,50688,0.9113711469779144,-0.0407732311714585,0.05896187,0.27248144,0.4501269,0.23660731
solar,123,50432,52160,0.9112386475452215,0.2723934709682694,0.028292656,0.23735428,0.3647306,0.09908366
solar,26,43648,52288,0.9112035847634886,0.1013399471568458,0.24820423,0.19655085,0.14605904,0.19771242
solar,28,43968,51008,0.9111196627954612,0.1741304162159908,0.54951143,0.38061285,0.575701,0.40680242
solar,103,47104,52288,0.9111058715881528,-0.050200719880609,0.13081884,0.06642151,0.013914585,0.18332577
solar,125,45696,48000,0.911097839532416,-0.2102392936700012,0.18985295,0.3111949,0.09446478,0.026877165
solar,107,43840,49600,0.910964644699717,0.2113437040154558,0.0962491,0.008953571,0.13049817,0.04320264
solar,105,47552,49856,0.9109337035884804,0.269424207131416,0.058820248,0.09988284,0.049435854,0.109267235
solar,85,47744,52480,0.9109050074778278,-0.4420392296145492,0.5217519,0.12584496,0.34932566,0.04658127
solar,0,46592,49472,0.9108166419896532,0.2716103086052218,0.27516222,1.007745,0.2310965,1.0518107
solar,73,47104,52160,0.9107283878857296,0.0199566519590698,0.55186296,0.14744473,0.5364568,0.1320386
solar,129,50304,50880,0.9106580481124548,0.1748003724706784,0.08027911,0.62255716,0.13347483,0.40880322
solar,69,43200,49536,0.910614389594372,0.0555446591968598,0.08842087,0.3658843,0.42185068,0.03245449
solar,46,49024,52480,0.9105983205743472,0.05065844765241,0.09033847,1.642705,0.24892521,1.8012917
solar,122,45440,49472,0.9105755924142168,0.1825816279746556,0.04166007,0.12012768,0.00063848495,0.16114926
solar,11,42752,44480,0.9105686486792725,-0.0523410682531482,0.016917229,0.08261967,0.0806756,0.018861294
solar,88,48128,48704,0.9104549072289474,0.246948152261444,0.53701043,0.43104792,0.17411447,0.06815195
solar,80,42944,45824,0.910396727891942,0.00979934607375,0.2660389,0.0030446053,0.14214087,0.120853424
solar,67,42368,48704,0.9103412501815455,0.1083524633590432,0.41152048,0.34613633,0.5874746,0.17018223
solar,56,42112,47296,0.9103088223523624,0.1264889229808633,0.9932618,0.039039135,1.0459225,0.013621569
solar,47,48832,51136,0.9103087798629016,-0.0461530499047922,0.15581751,0.13403916,0.3877213,0.09786463
solar,81,42688,43840,0.9101563789559124,-0.0689479272246319,0.38830924,1.4260964,0.093571186,1.1313584
solar,39,43584,49472,0.9100606992066278,0.2200417082088939,1.7628562,0.51715875,1.417584,0.17188644
solar,89,44224,44800,0.910025782239995,0.188153661341605,0.1899333,0.8518591,0.14062357,0.9011688
solar,16,49728,51904,0.9100176138100716,0.2658189971151567,1.0974808,0.20122886,1.0289307,0.13267875
solar,40,46592,48320,0.909935745561134,0.1684792836110166,0.79026365,0.22468853,0.93623924,0.07871294
solar,72,46848,49728,0.9099235668730544,-0.0207914435413588,0.057843924,0.07195401,0.096478224,0.082368135
solar,56,42368,44096,0.9099038040399424,0.0974788911070064,0.14328098,0.20649862,0.2207396,0.15752196
solar,53,45696,49728,0.9098752758794572,-0.0941071431225247,0.13731122,0.22800207,0.17568564,0.08499479
solar,57,43392,44544,0.9098562662749028,0.2968298739179761,0.08839369,1.2895148,0.3198421,0.881279
solar,99,46272,48000,0.9098370370547963,0.033824189658018,0.06522703,1.1207647,0.037980318,1.093518
solar,75,49152,50880,0.9098032828052872,0.2887525631704173,0.025664806,0.082680464,0.109484434,0.001139164
solar,92,42368,44096,0.9097683573102996,0.0929495810151869,0.011642456,0.061080933,0.04708767,0.11981106
solar,127,42816,51328,0.9097225565698276,0.1863979621907463,0.17875433,0.3489735,0.15683031,0.3270495
solar,8,44672,52160,0.9095762812582344,0.2650633908981421,0.10924077,0.17490911,0.25112247,0.03302741
solar,70,42432,46592,0.9095529673049486,0.0425213218033393,0.032577515,0.16185045,0.11647987,0.012793064
solar,15,50432,51584,0.909477706131506,0.257176299579972,0.17364621,0.3103423,0.10801339,0.37597513
solar,76,51712,52416,0.909387780898676,-0.1088733083697315,0.19020653,0.035810947,0.3140421,0.46843767
solar,38,42688,52480,0.9092985748598598,0.2959835405232257,0.15470433,1.560786,0.14135742,1.2647243
solar,27,42432,52352,0.9092776791761944,0.0029598798292169,0.79008675,0.42365837,0.4083476,0.04191923
solar,78,44544,46272,0.9092496891503024,0.223176068276639,0.7652383,0.15774536,1.1524825,0.22949886
solar,37,49152,50880,0.909187767489878,0.2556434894818146,0.0077471733,0.497303,0.038511515,0.5435617
solar,54,45120,48000,0.9090917413183036,-0.0488782702513245,0.011780977,0.6048863,0.15301299,0.46365428
solar,5,49984,51136,0.9090906641411428,-0.105215301587855,0.57210755,0.4257455,0.03212905,0.965724
solar,4,46080,47808,0.909087925710856,0.0981591050329333,0.07212877,0.00660038,0.11605263,0.19478178
solar,43,48128,52160,0.9089949227088162,0.0852417294134323,0.55095935,0.3536241,0.19267869,0.0046565533
solar,88,43776,46080,0.9089864008493086,0.2923098131588333,0.47907782,0.42087317,0.62597895,0.27397203
solar,95,49408,51712,0.9089664821698314,0.0949282950669558,0.43149614,0.14490938,0.56290865,0.013496876
solar,130,42944,48128,0.9089244135861309,-0.0522901538095095,0.85336256,0.010063171,0.6989906,0.1443088
solar,74,48896,51776,0.9088899960410236,0.1147423097322588,0.06280422,0.5408144,0.26137066,0.73938084
solar,87,43712,44288,0.9087984800292834,0.1028942786525299,0.9938369,0.15390825,0.9455848,0.20216036
solar,90,42048,42624,0.9087288680145644,0.1016028234552102,0.0521214,0.010532856,0.0787859,0.14144015
solar,124,44800,51136,0.9087069186401204,0.1218188921861682,0.05815196,0.0047192574,0.07023883,0.12367153
solar,84,51136,51712,0.908702559952397,0.1206976178252535,0.18125367,0.20721483,0.061124086,0.32734442
solar,129,42368,51712,0.9086675053450992,-0.1217857304464007,0.49064302,0.69153976,0.08296323,0.11793351
solar,120,50048,52352,0.9085590778601328,0.0455126686984987,0.119594574,2.4534683,0.17301846,2.5068922
solar,118,42368,52160,0.9085477132952776,0.0703499735963913,0.17492747,0.0114507675,0.034377098,0.22075534
solar,4,42368,50560,0.9085306846705524,-0.0336818433873342,0.009939671,0.78830814,0.20383,0.5944178
solar,7,42560,51776,0.9084821784776236,0.2482241119425681,0.19219899,2.7801802,0.14575386,2.733735
solar,122,48000,50304,0.9084652776369172,0.2068545831923375,0.12985945,0.026258945,0.031460524,0.12465787
solar,57,43072,50560,0.9084586909241872,-0.0431104691117754,0.014133453,0.11948109,0.118238926,0.012891293
solar,26,42112,51904,0.9083566918363086,0.1597713176632598,2.3973198,0.31166768,2.4077716,0.32211947
solar,50,44096,52160,0.9083287922665204,0.2695029655625512,0.23982906,0.071733,0.14346862,0.16809344
solar,77,49728,50752,0.908316184944287,0.2700260170951244,0.14895391,1.3597469,0.030299425,1.5390003
solar,87,43072,49856,0.9082325596378288,-0.2211288978517153,0.30618477,0.47907305,0.9379778,0.15271997
solar,113,49856,50432,0.9082098191321104,0.0903369919688079,0.19116688,0.34196186,0.23823309,0.08743811
solar,5,42816,50752,0.9081526030970908,-0.0409801350302053,0.105828285,0.4076755,0.22307658,0.5249238
solar,51,46528,48128,0.9081446440730394,0.2296919179869626,1.0011837,0.25442052,1.1342382,0.387475
solar,19,42048,46080,0.9081245783157956,-0.0222222803554847,0.32861423,0.1292224,0.34912062,0.10871601
solar,70,51584,51712,0.9080879145125152,0.021949891453974,0.6247268,0.61222553,0.06427002,0.05176878
solar,119,45504,51136,0.9080586065693336,0.2338596363250562,0.484473,0.017421484,0.27708864,0.18996286
solar,107,48448,52480,0.9080283925632132,0.1719820066096213,0.00541687,1.5348334,0.22770786,1.7679582
solar,17,44672,52288,0.9079466244079056,-0.1271073168527632,0.5447562,0.83329415,0.13042688,0.41896486
solar,133,44800,52288,0.9079380863734028,0.1867738507035382,0.42719197,0.19992542,0.06097269,0.5661447
solar,28,46272,48000,0.9079329982281572,-0.1151570072024727,0.10409045,0.68835425,0.19542718,0.38883662
solar,121,42240,46848,0.9079230445624316,0.2854816786730715,0.21706963,0.03532362,0.2841239,0.03173065
solar,72,43648,52288,0.9079080648430092,0.1296431600122445,0.0019626617,0.1499939,0.12565851,0.026298046
solar,97,42944,46976,0.9077957349154748,-0.1310049901818661,0.5259323,0.2939024,0.64062095,0.17921376
solar,109,42944,51008,0.9077940310529554,-0.0997681208154303,0.251894,0.012959957,0.32896328,0.064109325
solar,98,44672,45824,0.907607508776289,-0.147219162791179,0.023226261,0.038484097,0.004709244,0.010548592
solar,132,43520,46976,0.9074844275929818,0.2924258341055711,0.05690527,0.19007945,0.13650203,0.11048269
solar,80,50624,51200,0.9073132116735346,0.0275866512122826,0.039628744,2.6036215,0.22964454,2.7936373
solar,75,49856,52160,0.9072336043928108,-0.080229658273728,0.6577773,0.15135908,0.6479244,0.16121197
solar,121,45376,46528,0.9071472302055048,0.2652421731799337,0.019278526,0.04600382,0.009325504,0.036050797
solar,43,44800,45952,0.9071158297087328,0.2906884460534071,0.22382116,0.13768387,0.21204662,0.14945841
solar,16,45248,45824,0.90710870935902,0.0913617829307043,0.10838318,0.18952417,0.23733282,0.06057453
solar,87,45952,51136,0.9070685181889704,0.0662675428954812,0.008567333,0.12055731,0.08223724,0.21136189
solar,56,42816,43968,0.907051878525391,0.2678118082981472,0.2677641,0.34893465,0.017771244,0.063399315
solar,90,43712,52352,0.9068441644964093,0.0074373242841136,0.115684986,1.3911066,0.23773193,1.7445235
solar,37,44288,46016,0.9067558203789232,-0.2706203064761045,0.073415995,2.3565784,0.13181996,2.4149823
solar,78,42624,51136,0.9067373035903712,0.1880946253574909,0.48230028,0.3703184,0.53307056,0.4210887
solar,99,49408,51136,0.9067336109140842,-0.1336286649302279,0.12007904,0.11382508,0.017292023,0.25119615
solar,35,50624,52480,0.9067097657636636,-0.1819417693403527,0.04377508,2.081412,0.0264678,2.0111692
solar,47,48000,50304,0.9065924129015116,0.18987763996085,0.28588367,0.043510914,0.29065108,0.038743496
solar,81,50880,52032,0.9065550964903868,0.0662776719297637,0.6039226,0.20767164,0.7917135,0.019880772
solar,0,43072,51712,0.9065238219998456,0.1412712461711911,0.3141396,0.16678691,0.21064186,0.063289165
solar,7,47680,50560,0.9063421751940116,-0.0594353030184087,0.1294589,0.056046963,0.04536724,0.14013863
solar,119,49280,49856,0.9062908419823114,0.1701116503783812,0.12820864,0.06665778,0.027312517,0.1675539
solar,18,42368,45824,0.9062373565980156,0.062579071225393,0.13233972,1.1679473,0.19274473,1.1075423
solar,67,43968,50880,0.9061110428883784,-0.0988990845435139,0.001303196,0.17446828,0.047539473,0.12562561
solar,87,42816,52032,0.9060557410565347,0.183806456443011,1.0019245,0.093090534,1.1953602,0.100345135
solar,74,46272,50880,0.9060254640190896,0.2306297834447396,0.0284729,0.54339767,0.13762593,0.43424463
solar,23,48000,50304,0.9060134163170556,0.2003203250701378,0.8932922,0.1759963,1.0775797,0.0082912445
solar,45,46080,47808,0.906002255713856,0.0820757166713337,0.2442131,0.10953975,0.49469805,0.1409452
solar,27,42816,43392,0.905927897252746,0.2607739129736858,0.3922236,0.20169735,0.62284756,0.028926611
solar,89,42368,49856,0.90578525244687,0.1456201977546099,0.064385414,0.73598266,0.09108186,0.7092862
solar,105,42112,51456,0.9057592205374688,0.0964297624365175,0.8757622,0.19111562,0.69751,0.012863398
solar,29,42368,46976,0.9057410609611514,0.0724910034993714,0.22429943,0.058526993,0.15221572,0.1306107
solar,42,44992,47872,0.9057130809876586,0.257938778525722,0.006840229,0.64468694,0.29683137,0.3546958
solar,135,44544,44864,0.90568102880927,0.2856569127306279,0.16871381,0.37889004,0.067085266,0.2772615
solar,120,46656,52416,0.9056494628520916,0.2504986399132908,0.29870224,0.0853343,0.049477577,0.26284552
solar,2,45696,49152,0.9056331990724734,0.0499833794150737,1.4411843,0.0071332455,1.5215056,0.07318807
solar,120,43648,44224,0.9055415087733958,0.2093579804199127,0.49376965,0.018456697,0.46401167,0.048214674
solar,81,43520,44672,0.905535119598981,-0.0954540722389555,0.14774823,0.50129724,0.17565584,0.47338963
solar,122,42944,47552,0.9055294726858448,0.1098620095308332,0.30919623,0.24934101,0.4134295,0.14510775
solar,41,42944,48128,0.9055152634086224,0.0830720312546325,1.2384028,0.0830493,1.0064151,0.14893842
solar,50,43648,47104,0.9054962578146218,0.0607404349073511,0.18039632,0.019025564,0.080384016,0.11903787
solar,84,42944,47552,0.9053846780507726,0.244601609614261,0.58633804,0.28278923,0.6387429,0.23038435
solar,37,42112,51328,0.9050177918301426,0.2434918876767135,1.3808055,0.051398993,1.2417607,0.08764577
solar,37,46528,47104,0.9049633948878978,0.2377092046357034,0.059329033,0.022236347,0.026188374,0.055377007
solar,25,49856,52288,0.9046984551762152,-0.1249018323147354,0.34396553,1.1940055,0.08458614,0.7654538
solar,42,45696,50304,0.904688115420021,0.2660358334892075,0.03647518,0.35249567,0.25269222,0.063328266
solar,122,43968,45248,0.9046767087158536,0.0605329336896111,0.3875568,1.2548215,0.3353622,1.202627
solar,73,47552,49280,0.9046445985131174,0.2746632744857819,0.08471537,0.10307932,0.120610476,0.10224652
solar,32,49728,50176,0.9045797566192952,0.0495269331051828,0.085276365,0.28698397,0.23136497,0.43307257
solar,19,46528,51712,0.9045008459179422,-0.1248418974839976,0.01881504,0.11068535,0.029779434,0.062090874
solar,21,43648,44800,0.9044748430621126,0.1697856539507873,0.29589128,0.2665105,0.06953716,0.4928646
solar,49,45248,45824,0.9043884943743444,0.1609196664333142,0.059812546,0.07714939,0.08302498,0.05393696
solar,88,44160,52352,0.9043820276024288,0.2650707265674293,0.59001493,0.37696695,0.30538273,0.09233475
solar,90,50624,51200,0.9043744122816124,-0.0429519238838548,0.053807497,2.1588576,0.22374177,2.3287919
solar,125,45440,52352,0.9043415011974396,0.028567156146776,0.104785204,2.6380088,0.046981335,2.580205
solar,132,42048,43200,0.9042140245245028,0.1141641569043655,0.0022468567,0.099407196,0.23649788,0.13484383
solar,53,44736,51200,0.9041871348004936,0.1304937014835771,0.6679559,0.44621563,0.25286388,0.031123638
solar,127,43968,51584,0.904046439765804,0.1319084060838853,0.52849245,0.47975826,0.20579147,0.15705729
solar,91,51136,51584,0.9039669565001454,-0.1136351312076957,0.3933816,0.09747434,0.9640343,0.66812706
solar,22,46272,50880,0.903821586265821,0.176607270927577,0.34167743,1.7940865,0.060766935,1.513176
solar,31,48576,50880,0.90378040667244,-0.0038353804257428,0.046326637,0.1868043,0.12980723,0.0106704235
solar,80,43968,51008,0.90377401262858,-0.4801522752860996,0.41667295,1.0060604,0.5505302,1.1399176
solar,84,44864,49728,0.9037578486922226,0.2331685290860348,1.9924111,0.06071806,2.0453668,0.11367369
solar,135,47552,49280,0.9036705807951833,0.1717210501053742,0.08748722,0.1385727,0.15711236,0.06894755
solar,125,46528,51712,0.9036609362390942,0.1607878602109284,0.21338773,0.17480254,0.5291176,0.14092731
solar,113,42816,52032,0.903558066532064,0.0434185520628285,0.46068978,0.3152871,0.86608267,0.09010577
solar,120,44800,51712,0.9035231968659088,-0.1309209884269067,0.040335655,0.09248257,0.07503128,0.12717819
solar,128,47808,51712,0.9035204518227552,0.0872531459211007,0.75052285,0.15616441,0.28947353,0.3048849
solar,4,47296,49024,0.9034214219685772,-0.05751362699077,0.1383698,1.5276875,0.06094265,1.3283751
solar,73,44672,48256,0.9034046785491248,0.1397015991001213,0.58271503,0.24655128,0.2831514,0.05301237
solar,118,43968,49728,0.9033533645042772,-0.1204449888980579,0.16853881,0.005055189,0.22555232,0.0620687
solar,100,49728,51456,0.9030616318722527,0.2574014629059499,0.8211608,0.25790453,1.1361127,0.057047367
solar,84,47168,49024,0.9030594753385908,0.148544278623304,0.78593874,0.26478434,0.5586171,0.03746271
solar,90,43136,49472,0.9029986078698512,0.2669050558366323,0.16843653,0.051506042,0.10439205,0.012538433
solar,93,44800,47680,0.9029694744192988,-0.2118336894553959,0.1761682,0.1890881,0.110752106,0.0978322
solar,111,43072,45952,0.9029650034984922,-0.3989086550335085,0.078938484,0.07946682,0.020658016,0.13774729
solar,113,42944,48128,0.9029622161511576,-0.1966380414567022,1.3920643,0.48589897,0.9904432,0.08427787
solar,119,47424,50880,0.9028406787399108,0.1071070814331928,0.06396103,0.15455675,0.058793068,0.15972471
solar,67,49408,51136,0.90281809597595,0.1296917777872877,0.114338875,0.0044255257,0.11341572,0.22332907
solar,109,43520,46400,0.902795636920758,0.2635419757704363,0.40311456,0.108658314,0.08092642,0.37538266
solar,44,46528,51008,0.9027242913636834,-0.0046296086670146,0.40904212,0.97096276,0.040576935,0.6024976
solar,65,47872,51328,0.9026927163976988,-0.0048976712308874,2.5730026,0.34623933,2.3602817,0.13351846
solar,OT,42368,43072,0.9023853722508244,0.2281145187830293,0.004065752,1.1288016,0.124755144,1.0081122
solar,134,42048,44352,0.9021777514131996,0.2762740283113876,0.29831648,0.26784563,0.5771308,0.010968685
solar,22,50560,52288,0.9021444437933044,0.0589831676303738,0.022072315,0.044660807,0.050864697,0.015868425
solar,89,47104,47680,0.9021259007825012,-0.0429742326411583,0.09289765,0.01313591,0.011205912,0.06855583
solar,72,46144,52480,0.9020796587189722,0.0722362392681476,0.48343444,0.6822798,0.16415763,0.36300302
solar,24,43904,51712,0.9020327933710596,0.1022304237402224,1.3582833,0.26624274,1.145926,0.05388546
solar,82,51136,51712,0.9019303150523256,0.0659314068549846,0.08054972,0.12493801,0.35529613,0.31090784
solar,13,42368,45824,0.9018772235315812,0.125306161145287,0.1414764,0.27331877,0.10151148,0.31328368
solar,118,43648,44800,0.9018325499587072,-0.0941615570824953,0.22505474,0.2106018,0.23010826,0.20554829
solar,106,48000,52032,0.9017581202430912,0.0788625757812007,0.95941234,0.22145009,1.2974336,0.11657119
solar,108,42176,42752,0.901703777967104,-0.2791305749400133,0.18721247,0.037558556,0.06915665,0.080497265
solar,55,43712,45440,0.9014633584604388,0.2196418772931362,0.8737507,0.11873937,0.7812264,0.21126366
solar,71,42560,51200,0.9013623134913172,-0.0018710392056443,0.1432879,2.8582127,0.11534548,2.8302703
solar,88,42816,46848,0.901336078552468,0.0911833120749601,0.055999756,0.022597075,0.0034155846,0.075181246
solar,131,48128,48704,0.9013308538417352,0.118186176385206,0.68295383,0.60932684,0.31479478,0.24116778
solar,90,44544,50880,0.9012970253698356,-0.0184774782712258,0.22367954,0.13367915,0.47438216,0.38438177
solar,134,45376,47680,0.901278292630868,-0.0431602078203104,0.2216816,0.012633562,0.078783035,0.130265
solar,98,48832,52288,0.9012733063618636,0.1876067669380629,0.16001415,0.1118474,0.033740997,0.23812056
solar,110,48128,52160,0.9012638770827458,0.2873349979425517,0.23682499,0.05010128,0.27224088,0.08551717
solar,62,43776,51840,0.901228364988512,0.1100998138147487,0.6733351,0.20527339,0.53186417,0.3467443
solar,107,43648,52160,0.9012065537750444,0.0054468378346946,0.755898,0.031256914,1.0532024,0.26604748
solar,132,43776,48960,0.9011550461863128,0.1562438483158719,0.04878664,0.31133318,0.11900139,0.24111843
solar,33,48256,51712,0.9011463873920332,0.0665572671307708,0.34338474,0.68568015,0.22888756,0.80017734
solar,23,42944,43968,0.9011042453248216,0.0057985621689633,1.2844553,0.29260302,1.4713881,0.47953582
solar,79,49728,52480,0.9009736196511952,0.2324994421339078,0.055808544,1.617248,0.22480583,1.4482508
solar,57,47680,49984,0.9009209667231636,0.0235544177717576,0.366302,0.3780427,0.044718742,0.69962597
solar,128,43072,49856,0.9009145953017982,-0.1951892375849468,0.80340695,0.111922264,1.1617644,0.4702797
solar,87,47232,47808,0.9007040239254755,0.1042752072141646,0.06438255,0.037158012,0.031654358,0.06988621
solar,99,42368,51712,0.9006183021629169,0.0422358921824975,0.38250542,0.8285701,0.096396446,0.34966826
solar,129,42816,46272,0.9005000145951237,-0.1010889824103255,0.05194521,0.11627436,0.21543932,0.047219753
solar,84,50880,52032,0.9004109596850014,0.1889894086941276,0.5056436,0.2424128,0.73478365,0.013272762
solar,17,42816,43392,0.9003489400746433,0.1553161077637846,1.0824718,0.03166032,1.1919434,0.07781124
solar,44,42432,52480,0.9003384848770877,0.2476517764845746,0.068430424,1.0723076,0.48640966,0.65432835
solar,14,45504,47808,0.9002827263942652,0.244339669269355,0.2943778,0.20494843,0.026750565,0.062678814
solar,81,46528,51136,0.900278569489716,0.250820596861101,0.35118914,0.19941616,0.19591141,0.3546939
solar,29,42816,48576,0.9002476820078987,0.2438985116751331,0.2216928,0.05662203,0.29130673,0.012991905
solar,97,43072,44672,0.9002321420061481,-0.0801429125240456,0.39395285,0.35596657,0.7567582,0.71877193
solar,0,50880,52032,0.900214405111181,-0.0044584790210843,0.75698566,0.13605118,1.1198759,0.22683907
solar,21,43072,47232,0.900207613231472,-0.0936778343474645,0.3096242,0.29378152,0.7535243,0.15011859
solar,43,42112,42688,0.9001381365465692,0.1270688260950774,1.1331072,0.07511091,1.4192846,0.21106648
solar,6,44288,51776,0.9000711484904245,0.1261941037226296,0.18241978,2.23132,0.20492387,2.253824
solar,131,47808,49536,0.9000394157126947,0.2136963406542744,0.046625137,0.098300934,0.12586308,0.019062996
solar,51,43776,51264,0.8999740213592475,-0.0112374740155371,0.438668,0.11446071,0.19655895,0.12764835
solar,26,45248,51008,0.8999696449054936,-0.179185379454706,0.10131836,0.06609249,0.20940495,0.24463081
solar,57,42816,49152,0.8999628131234226,0.1219141823155141,0.7081566,0.035571337,0.6463456,0.09738231
solar,26,42048,51712,0.8999058768461317,0.214986344870163,0.3220389,0.6752145,0.035725117,0.31745052
solar,105,43136,43712,0.8998635316141326,0.0661493964208187,1.1006465,0.20410013,1.2258539,0.07889271
solar,108,47424,50880,0.8998625012998953,0.0955467930100113,0.024567604,0.17399263,0.1312344,0.06732583
solar,109,43648,49984,0.8998386828561076,-0.4316354318183317,0.026854038,0.09688139,0.12684727,0.0031118393
solar,40,46016,51200,0.8998384486544071,0.0162141820623028,1.0961571,0.11668968,0.61956215,0.35990524
solar,114,42368,50432,0.8996826057904942,-0.0109535497306388,0.11829305,0.061353207,0.020504713,0.15914154
solar,122,48576,50880,0.8996729022782041,0.0876035663676043,0.005138874,0.4823544,0.12530422,0.3519113
solar,84,44672,48704,0.8996047171218752,0.1159460032609559,0.24220419,0.49499178,0.60752225,0.12967372
solar,110,43520,44096,0.8995444893407648,0.159103405977999,0.25030422,0.035490274,0.102969885,0.11184406
solar,94,44096,52160,0.8993773577332449,0.1227339676511784,0.12432027,0.43901038,0.29407787,0.26925278
solar,21,42048,47808,0.8993556104522907,0.1683309278846814,0.14432144,0.36869717,0.039488316,0.4735303
solar,15,48000,49152,0.8993032017246497,-0.0352371359467548,1.112637,0.0048861504,1.2399001,0.12237692
solar,133,44672,46976,0.8992662085801439,-0.0283478590453979,0.64630985,0.3046403,0.7490804,0.20186973
solar,10,42688,49728,0.8991892143638724,0.134746114404218,0.3448658,0.7046499,0.018619537,0.3411646
solar,49,43392,49728,0.8991848152586935,0.1962688015833779,0.05210185,0.94596624,0.24508715,0.75298095
solar,50,48576,50880,0.899160250183804,0.0149302671282132,0.01766324,0.1384077,0.10298157,0.0177629
solar,104,42944,44096,0.8991507777188135,0.2870107334993163,0.9392812,0.27754664,1.1195133,0.097314596
solar,59,44800,45504,0.899014098335542,0.1300346225987684,0.40190697,0.14842749,0.73425436,0.1839199
solar,70,50688,52416,0.89885097137454,-0.0581707083008784,0.05546379,0.30562973,0.2472105,0.11388302
solar,135,45376,47680,0.8987792413846231,0.2709746952809688,0.1006732,0.67506933,0.38797808,0.38776445
solar,62,44672,46400,0.8987645074197099,-0.1531847513048782,0.8125844,0.30216742,0.869977,0.24477482
solar,100,44672,52288,0.898666797840945,-0.2087568710703647,0.8602443,0.5524626,0.45997572,0.15219402
solar,2,49728,50176,0.8986566323005956,-0.1168232253131561,0.8361106,0.31880307,0.77693987,0.25963235
solar,OT,49472,51776,0.8986192262193882,0.1967162245886368,0.21199894,0.38392544,0.39859962,0.19732475
solar,97,49152,51456,0.8985469196622686,0.2973127317029046,0.38912392,0.12277198,0.5050266,0.006869316
solar,31,44416,49728,0.8985083710611343,0.0934165513542773,0.3806839,0.19173622,0.16465783,0.024289846
solar,55,42816,49152,0.8984997441559599,0.1835723707694372,0.25583482,0.090446234,0.030503511,0.13488507
solar,7,42944,44096,0.8983488142163494,0.2181276264697651,0.5639496,0.23543501,0.6264665,0.17291808
solar,47,42944,51008,0.8983486818977315,-0.3545444759763115,0.1353054,0.07076836,0.05801487,0.14805889
solar,122,42048,48832,0.8982708774681064,0.2368168748529172,0.4509244,0.44724226,0.23255539,0.22887325
solar,77,42048,44800,0.8982376375024089,0.1386518536632332,0.21939707,0.61136913,0.20477557,0.59674764
solar,42,43072,45952,0.898091883184221,0.0248914930887818,0.34741974,0.27002,0.005358696,0.62279844
solar,134,42368,49280,0.8980137103192908,0.0086789101861816,0.15712452,0.21684098,0.025188208,0.034528255
solar,18,43776,44352,0.8979276176216763,0.1097234704982056,0.10890484,0.041925907,0.116116524,0.034714222
solar,105,42368,47680,0.8978001242725493,0.0884600323562458,0.25980902,0.80644274,0.014778376,0.5614121
solar,116,43648,52288,0.8976066802445858,-0.2142090746447429,0.18216133,0.10877657,0.028636456,0.044748306
solar,10,45248,48704,0.8975578586029092,6.328580548564682e-05,0.46297288,0.26432753,0.52735066,0.19994974
solar,128,45440,51200,0.8975564058217119,0.0547174914431403,0.1448121,2.754262,0.20513248,2.8145823
solar,8,42816,47424,0.8974920075289282,0.2541303638266055,0.0668025,0.22832441,0.27838993,0.016736984
solar,99,42112,49728,0.8974772635297383,0.1312750996565807,0.25800395,0.33741307,0.2034111,0.28282022
solar,62,42816,48000,0.8974506809314359,-0.0059828781133729,0.09247565,0.39384818,0.24690223,0.54827476
solar,118,51328,52480,0.8974282651583907,0.258008162823021,0.10608649,2.4465702,0.556092,2.8965757
solar,47,46528,51584,0.8973094975822878,0.0672033625094328,0.033998728,0.47398114,0.4004078,0.8403902
solar,10,44672,49280,0.8972195046295627,0.0927996417995495,1.0846143,0.44320607,1.3002315,0.22758889
solar,21,43136,44288,0.8970417575961641,0.084328452294792,1.6181746,0.2457118,1.6737113,0.19017506
solar,41,42176,45632,0.896985017787632,0.0731003966955504,0.22852087,0.100610256,0.24791384,0.08121729
solar,111,44736,46592,0.8968953674593444,0.2547011326674464,1.9047799,0.35069466,1.452467,0.10161829
solar,OT,42944,44096,0.8967844786012045,0.135468075175595,0.59699535,0.18160748,0.77120376,0.007399082
solar,92,49408,49856,0.8967737447631611,0.1699487163532442,0.071413994,0.5988178,0.6161077,1.1435115
solar,89,49024,52480,0.8967501878537419,-0.0254207928555439,0.111341715,0.85152316,0.09385419,1.0567191
solar,90,43968,45824,0.8966322228025831,0.2166020110586015,0.3424244,1.0491478,0.19149208,0.89821553
solar,69,42816,48576,0.896620151385282,0.2983052374791035,0.7996819,0.17584085,1.0929067,0.11738396
solar,21,42816,50304,0.8965783197874846,0.2321480038972496,0.7650199,0.052445173,0.7370317,0.08043337
solar,125,48960,52416,0.8964929668578496,0.1276080500158622,0.7806709,0.0687809,0.5637679,0.28568387
solar,71,50048,51776,0.8964425357614749,-0.2655111626016292,0.07728696,2.642537,0.071493626,2.6367438
solar,35,42816,48000,0.8964175553776708,0.1477165674081081,0.012704372,0.4506092,0.36936522,0.093948364
solar,77,42944,48704,0.8963182553247742,0.2186567496414447,0.2121973,0.24826455,0.4662137,0.005751848
solar,27,42368,44672,0.8962388029297883,0.1270743794163199,0.010180473,0.16092062,0.08670282,0.08439827
solar,39,46976,52160,0.8962082746031657,0.2338902443586541,0.049814463,0.019118309,0.027447462,0.04148531
solar,24,47424,51456,0.8961489820164205,0.226448643489209,0.34342456,0.11463523,0.45966697,0.0016071796
solar,58,44672,52288,0.8960966999031564,0.0544527403893495,0.8103101,0.9506123,0.29847145,0.43877363
solar,55,46848,51456,0.8960831754565299,-0.0149882619766783,0.06426883,0.19387817,0.14079833,0.011188984
solar,68,48128,49280,0.8960789163186275,0.2646351684129376,0.380687,0.29601932,0.3078153,0.22314763
solar,56,49280,52160,0.8960740248487442,0.2047466818172945,0.12570548,0.071341515,0.016946077,0.18010092
solar,45,42752,51712,0.895866076242566,-0.0703306980186096,0.35903168,0.33341932,0.014386654,0.03999901
solar,70,44992,52480,0.8957713714419621,-0.1164593225053634,0.46636105,2.0949612,0.30132413,1.9299242
solar,58,47424,50880,0.8957486153092948,-0.0125269439903408,0.060028553,0.13550115,0.06606197,0.12946773
solar,132,45440,51200,0.895737817779994,0.0659690287413483,0.07250571,1.8987241,0.3252051,2.2964349
solar,90,43072,49408,0.8956710406755836,0.0534088648815613,0.15825939,0.03261757,0.106096745,0.019545078
solar,113,44416,52480,0.8956273517066875,0.253639439061687,0.34281778,2.0117276,0.37275863,2.0416684
solar,44,45952,52288,0.8955706975058234,0.0883332282638599,0.027586937,0.080964565,0.05678463,0.11016226
solar,36,42560,47744,0.8955700815308902,0.0482152509556999,0.027842283,1.8860128,0.127002,1.7311685
solar,134,43072,46528,0.8955506094390892,0.1904739080333574,0.58568287,0.17324328,0.52332354,0.23560262
solar,129,52032,52480,0.8953316685752437,-0.0646040118719326,0.10926938,1.077199,0.12593794,1.0938675
solar,76,48000,50304,0.8952092069852446,0.0657259502266262,0.27671146,0.10152578,0.17932272,0.004137039
solar,82,48000,49152,0.895201200733319,0.2769867719663209,0.054031372,0.24647856,0.18834782,0.004099369
solar,40,45120,49152,0.8951699316685428,-0.0359489797036435,0.07665658,0.36952782,0.17349839,0.272686
solar,62,42944,51008,0.8950475446136148,0.238012209836985,0.08577728,0.09731102,0.05154419,0.23463249
solar,75,45248,45824,0.8949975891510736,0.2920829322743536,0.10468149,0.14427376,0.34315825,0.094202995
solar,20,47744,50624,0.8949106839375397,0.2713469611258233,1.2393413,0.1289382,1.1869645,0.18131495
solar,45,47872,49024,0.8948399802510789,0.1091296903094414,0.027685404,0.07027316,0.04887438,0.049084187
solar,75,44672,48128,0.8948042102532,0.0222283204395529,0.8155577,0.14560223,0.84564996,0.17569447
solar,126,50176,51456,0.8946192753895422,0.2674603467985927,1.0440936,0.0568223,1.2567117,0.2694404
solar,66,47232,47680,0.8945624889054199,0.0591545286636014,0.33606076,0.35967946,0.16269445,0.13907576
solar,80,48576,51456,0.8945610335997776,0.1152121549044914,0.65855145,0.2084868,0.8266561,0.040382147
solar,22,51136,52416,0.8945585593623828,0.2685008311194295,0.14690828,0.34700394,0.041633606,0.5355458
solar,119,49408,52160,0.8945045277356737,0.0765984887791802,0.83904195,0.08969736,1.0916684,0.16292906
solar,109,50176,51328,0.894380272831612,0.2511219849895058,1.4889061,0.21717381,1.4364738,0.2696061
solar,21,46848,48000,0.8942170903124568,0.2312367536528446,0.19010448,1.3341479,0.11282444,1.2568679
solar,13,50880,52032,0.8941811743200196,0.0753855411585995,1.2565672,0.09245086,1.399766,0.05074787
solar,30,42048,46080,0.8941449706522421,0.0657110657100375,0.059776545,0.47211266,0.2685902,0.263299
solar,101,48000,52032,0.8941206334962994,0.2208722694526318,0.83577085,0.006319523,0.8699386,0.04048729
solar,22,50048,51456,0.8941142726657094,-0.4674650659693717,0.33044624,0.7723255,0.25426888,0.69614816
solar,123,45952,48128,0.8939437420237836,0.0443806392146544,0.6500242,0.38830376,0.92494655,0.6632261
solar,26,49600,52480,0.893677910452059,-0.0450448072665187,0.122059345,0.8488946,0.29702592,1.0238612
solar,77,45952,49536,0.8936505616859717,0.1143740392072931,0.40928316,0.4802661,0.17385578,0.7156935
solar,110,49856,52288,0.8936429267541411,0.0381840093511704,0.3072033,0.9421673,0.030704975,0.604259
solar,92,43968,49728,0.893580547043474,-0.0505050613978067,0.23205805,0.5133991,0.14842772,0.59702945
solar,109,43392,45824,0.8935311741469598,-0.0666246710023866,0.21079683,0.6914575,0.10143781,0.37922287
solar,23,43072,44224,0.8935310297249873,0.1775870066897921,0.5761256,0.024096489,0.5782809,0.021941185
solar,79,43136,49472,0.8933149481851389,0.1782719037685385,0.48630524,0.09233141,0.3739257,0.020048141
solar,95,46400,49856,0.8929898005521565,0.2501260655324452,0.12752247,0.36254,0.13658571,0.35347676
solar,15,44672,46656,0.8929887823672271,0.2351954790356263,0.8144493,0.37217236,0.9977305,0.55545354
solar,77,43840,49600,0.8927912868383586,0.0206432138564974,2.3814218,0.6341064,2.2137702,0.46645474
solar,39,43136,43840,0.8927796310397079,-0.1726944151635808,1.0430856,0.42857122,0.30750704,0.3070073
solar,110,44416,49728,0.892748593518539,0.004907824014156,0.42101908,0.44517422,0.28651214,0.31066728
solar,0,46272,48000,0.8927026946238574,0.1900075533928944,0.0972054,0.0752871,0.03818178,0.13431072
solar,92,42816,52032,0.892656735056781,0.1933935312729031,0.8432362,0.12500572,0.9099481,0.05829382
solar,52,48000,49728,0.8926212577345928,0.0697037966211667,0.121459484,0.06593299,0.07443762,0.12996411
solar,10,46400,51008,0.8925239503360289,0.2137265924122717,0.25576878,0.42442203,0.25346637,0.42672443
solar,13,48256,51136,0.8924602174816996,-0.0004307097020815,0.10203266,0.09869671,0.1289978,0.07173157
solar,68,46080,52416,0.8924317696823969,0.1351162026181117,0.06452942,0.04162836,0.025993347,0.048894405
solar,35,42560,51200,0.8924265197108406,0.280764323406561,0.13927817,2.418924,0.08406687,2.195579
solar,38,42816,46272,0.8923453576692808,-0.195525271832376,0.32879448,0.3930738,0.67549634,0.046371937
solar,27,45120,52032,0.8923353367439731,-0.1231431356903761,0.61887693,0.10530257,0.63013935,0.094040155
solar,36,47104,47680,0.8922568808488243,0.0030062441139467,0.07968497,0.119012356,0.07418609,0.12451124
solar,69,44416,52480,0.8920557052579392,0.1896162914480749,0.1422925,1.7335882,0.09962535,1.6909211
solar,14,49472,52480,0.892021540892746,0.1960687368701568,0.28817272,0.3304801,0.016656399,0.058963776
solar,14,42368,44672,0.8920206161758949,0.0261950750530148,0.13405943,0.115679026,0.07716632,0.32690477
solar,121,44672,48384,0.8919588881173587,0.2107898585658442,0.22232509,0.45238042,0.32168698,0.5517423
solar,4,49856,50432,0.8918661621006997,0.1028109151254217,0.009436846,0.03839302,0.036956787,0.008000612
solar,57,43264,52480,0.8918251554665033,0.1257382958520193,0.33681393,3.3973207,0.2805369,3.3410437
solar,133,46656,52416,0.8917117037621253,0.0712145674544961,0.3395877,0.20169616,0.16652632,0.028634787
solar,22,45952,49408,0.8915224218014718,-0.1232674958407851,0.11614275,0.083842754,0.046863556,0.07916355
solar,74,46400,47552,0.8915186789137929,0.1519468217839931,0.18241787,0.04898429,1.5497208e-05,0.23141766
solar,16,49856,51136,0.8914877035285459,-0.0089284590506541,0.60911226,0.42353058,0.04359007,0.14199162
solar,120,44672,48128,0.8913930411640881,-0.0785159424915464,0.5514369,0.22784138,0.49972534,0.17612982
solar,3,47744,52352,0.8913825018110173,-0.2717242797731967,0.07335329,0.60499763,0.17348576,0.3581586
solar,103,45952,51136,0.8912783352503859,0.1066162751513214,0.1662898,0.15679169,0.037751198,0.028253078
solar,111,42560,43136,0.891249654679183,0.1028141314621933,0.0074687004,2.0570657,0.18375301,1.865844
solar,91,43072,49408,0.891234809022856,-0.1420722304232555,0.09928894,0.012189388,0.065627575,0.021471977
solar,130,46848,49728,0.8912162147561342,0.0380889957409932,0.06830716,0.18956971,0.20302272,0.08176017
solar,1,49152,49728,0.8910977571014361,-0.0282265396366388,0.0381608,0.03742695,0.14004135,0.1407752
solar,119,45824,47552,0.8910331656026812,-0.1051040539283299,0.029821873,0.11767292,0.12316394,0.024330854
solar,36,43136,44864,0.8909746612568803,0.0513224072206801,0.98377514,0.15842342,0.8880458,0.06269407
solar,106,49472,50048,0.8908367200193315,0.2830858532759619,0.18911004,0.057540894,0.16152263,0.08512831
solar,112,48128,51584,0.8906043000469561,0.1605139995796245,0.15166974,0.30903316,0.25763464,0.20306826
solar,57,43840,51328,0.8906003982350754,0.2459827170740923,3.6737738,0.58841753,3.470547,0.38519073
solar,6,46976,52160,0.8905924295050239,0.1284575907144678,0.13059306,0.29430532,0.36077404,0.064124346
solar,123,44800,46528,0.8904544808642285,-0.0094252637386445,0.026965141,0.38940382,0.26806736,0.1483016
solar,109,42240,50304,0.8903671557930583,0.2617397899664236,0.3770988,0.101094246,0.45070553,0.027487516
solar,76,46400,52160,0.8903661688716044,-0.0651875082595033,0.16133666,0.05603242,0.08429718,0.18960142
solar,117,42368,52288,0.8903376206146353,-0.0852191286349111,0.8167634,0.52710295,0.2780409,0.011619568
solar,125,42368,49280,0.8902320995890379,-0.0132399112951437,0.7798345,0.0557549,0.5441973,0.2913921
solar,56,45440,46592,0.8902294339784449,0.097370844400603,0.09816575,1.5805593,0.013059378,1.4693341
solar,104,49280,51584,0.8901392693290441,0.1264018497941731,0.1733079,0.66393113,0.34479833,0.4924407
solar,4,43200,46656,0.8900801604827714,-0.0519035002894851,0.29897213,0.4544475,0.61583734,0.1375823
solar,111,47552,51008,0.8900713135659886,0.070225683795831,0.13486123,0.34132576,0.1669538,0.3092332
solar,60,51136,52288,0.8900164381389036,-0.0419616643899497,0.12911725,0.4738586,0.2917719,0.052969456
solar,44,45248,51584,0.889997443678164,-0.0410811992744532,0.15814543,0.4408207,0.17997551,0.10269976
solar,103,45696,46272,0.8899859642263759,0.1163612772954852,0.7682173,0.2944486,0.9152942,0.14737177
solar,78,42112,52480,0.8898828357214289,0.0373459934499148,0.09117317,0.11011267,0.16330242,0.037983418
solar,28,42944,51584,0.8896350728263167,0.2364322128598956,0.22087646,0.14061618,0.019039154,0.09929943
solar,49,46016,47168,0.8895150956064011,0.1256154715124025,1.1757808,0.16039109,1.1330328,0.20313907
solar,106,48448,51904,0.8893887155842467,0.0767643526985798,1.0005312,0.14475965,1.0891485,0.23337698
solar,61,44672,49280,0.8893840059969588,0.0335704372367049,0.24610543,0.07120013,0.17926216,0.1380434
solar,15,42816,43392,0.8893220658949227,0.0107979043217313,0.4258845,0.22442913,0.7174022,0.067088604
solar,49,47808,49408,0.8892877015860713,-0.0219803949882654,0.6946335,0.08730364,0.21900368,0.38832617
solar,23,45568,51456,0.8892833718539401,-0.0125018462780996,0.6140454,0.38994575,0.3216884,0.09758878
solar,115,42048,47232,0.8892762353789418,0.1318806664493143,0.016896725,0.13742542,0.11613321,0.004395485
solar,37,45248,45824,0.8892669732454703,0.200405856354196,0.098507404,0.19200659,0.13218403,0.15832996
solar,112,48320,49024,0.8892050790955219,0.2211843601923277,0.04690957,0.93798566,0.26828742,0.62278867
solar,92,48704,52160,0.8891546832001056,0.267532746164893,0.15124702,0.20230389,0.3811674,0.0276165
solar,86,45248,51584,0.8891461583357992,-0.0288859355536691,0.12291765,0.18000889,0.23754692,0.06537962
solar,63,44928,47680,0.8890690766903635,0.269639652444641,0.36227798,0.45579624,0.046786785,0.14030504
solar,92,46848,50880,0.8890108668707146,0.2427781538891795,0.012457371,0.8885658,0.20952201,0.6665864
solar,36,49664,51968,0.8889203191323006,-0.1628036329022492,0.051909447,0.35789156,0.32074833,0.08905268
solar,102,42944,48704,0.8888075392677841,0.1920676818571425,0.82579255,0.4187441,1.0141189,0.23041773
solar,39,47424,49728,0.8887785943913867,-0.013475107523916,0.1011796,0.17618561,0.1811924,0.10618639
solar,99,42624,52416,0.8887283770182246,0.0306504972660705,0.13900352,0.55515385,0.34753585,0.3466215
solar,103,42368,46400,0.8884129788311431,-0.1017650422508037,0.028281689,0.14840508,0.04638529,0.0737381
solar,130,42688,42816,0.8884124832168637,0.1106376190456749,0.19789886,0.232234,0.059535503,0.09387064
solar,106,48128,52288,0.8883903687591101,0.018169028161907,0.5052705,1.4256761,0.28345203,1.2038577
solar,67,43712,51776,0.8883695132564843,0.196730233256263,0.08775425,2.1779327,0.14074707,2.406434
solar,86,43648,44800,0.8883574444158384,-0.5022202261898017,0.02440691,0.16236496,0.005990982,0.18078089
solar,69,42112,51456,0.8882396474265002,0.1773072537304126,0.66060495,0.4181397,0.31145358,0.06898832
solar,69,44928,47808,0.8882273475538613,0.2650829684686874,0.13426352,0.0824554,0.031987906,0.083796024
solar,86,43136,46592,0.8882049824829016,0.0356129938758834,0.05655384,0.41663456,0.26185036,0.09823036
solar,23,44864,51776,0.8881395750279757,0.2112555010212564,0.012570858,2.0302474,0.10493612,1.9378822
solar,107,45440,51776,0.8881204877292765,0.2660748880203635,0.16002297,2.5860403,0.25021267,2.67623
solar,62,46528,52288,0.8880953988676984,-0.1473393747407153,0.29526472,0.24382162,0.29058838,0.34203148
solar,59,44672,49280,0.8880461249409735,0.1367325860866664,0.4072802,0.22195792,0.42854667,0.20069146
solar,2,43840,47168,0.8876959228442921,0.0340246970153058,1.9497423,0.12161231,1.80197,0.026160002
solar,50,47872,51904,0.8875700655757834,-0.1223815089750174,2.548949,0.20531225,2.5894952,0.24585843
solar,7,43392,49728,0.887527937461349,0.2488438727049264,0.17321634,1.3342662,0.23468709,0.92636275
solar,51,44672,50432,0.887503264396189,0.0205079323451763,0.42364788,0.20057869,0.39329195,0.23093462
solar,121,44224,52288,0.8874186187574923,0.0955055697946086,0.41350937,0.04303217,0.3957882,0.060753345
solar,50,43328,47936,0.8874004502125633,-0.0204682994243537,0.13531065,0.091058254,0.41915798,0.19278908
solar,10,42368,45824,0.8873371911427856,0.2822617661322921,0.0059859753,0.45031977,0.030870914,0.41346288
solar,60,46016,51776,0.8872429428957763,-0.5656748861053961,0.52953625,0.31683445,0.083807945,0.12889385
solar,90,42368,52160,0.8872149907758468,0.1016157518803266,0.19209027,0.16935635,0.16459107,0.187325
solar,62,45696,47424,0.8872139963012725,0.2539448095015477,0.07308793,0.35463524,0.11941171,0.30831146
solar,97,50752,50880,0.8870579391585273,-0.1064582768252496,0.2864356,0.3592744,0.13975763,0.21259642
solar,127,44672,48832,0.886996269787489,-0.0834362570146179,0.7879944,0.6800084,0.3698678,0.26188183
solar,74,43648,49856,0.8869889933712183,-0.2199444573634512,0.19008398,0.06726503,0.7113521,0.58853316
solar,19,48000,50304,0.8869869068391955,0.1955541886083091,0.4637797,0.07264805,0.37437963,0.016752005
solar,83,42944,45248,0.8867350481574611,0.2361846062746605,0.5775585,0.09092975,0.47205782,0.19643044
solar,71,46848,50880,0.8867269719324687,0.107077343271883,0.1824379,0.49133253,0.07048106,0.60328937
solar,31,43520,45248,0.8866817186350819,0.0230385666568098,0.24372435,0.25992227,0.12577009,0.37787652
solar,109,45504,50112,0.8866360820438951,0.2194759251168338,0.119751215,0.085564375,0.006631851,0.04081869
solar,134,44800,45952,0.8865985451112539,0.2724980462808016,0.23809671,0.011130333,0.102769375,0.35199642
solar,42,44672,52288,0.886533210251073,0.2086003301179256,0.9037838,0.8654995,0.4864154,0.44813108
solar,26,47680,49984,0.8863457643179175,0.11019162060787,0.17669964,0.35431814,0.08293247,0.4480853
solar,69,42752,46784,0.886322699405192,-0.2459228521110577,0.019521713,0.028369427,0.07418966,0.08303738
solar,29,43840,47296,0.8860714320950177,0.0865017326958577,2.5389316,0.49436736,2.4034646,0.3589003
solar,6,42112,51456,0.8860492677377778,0.1265611232238519,0.7818575,0.2444725,0.48679328,0.050591707
solar,40,42560,43136,0.8860044333044822,-0.0571082328235042,0.39566565,1.0019238,0.15834808,0.44791007
solar,102,46848,50880,0.8858777228190948,0.0059481866828187,0.055422068,0.8413744,0.078463316,0.9752598
solar,41,45696,46272,0.8858774474688998,0.1583680810668486,2.0734699,0.077898026,2.2254894,0.22991753
solar,3,45824,51008,0.8855377053697437,-0.0419043612253996,0.16799212,0.017600536,0.034371376,0.1160202
solar,77,46528,51712,0.8855372528427536,0.0090821246613191,0.07564688,0.13313341,0.1054492,0.10333109
solar,43,43520,45248,0.885454700848439,0.1049217907215783,0.09284139,0.43666315,0.29619002,0.23331451
solar,20,44096,46400,0.8853621489807926,0.0544543396857595,0.078893185,0.06194973,0.039443254,0.05638671
solar,82,51328,51776,0.8852965363673351,-0.0766423387581717,0.1166811,1.6789982,0.019983053,1.5823002
solar,71,47552,51008,0.8852861995607004,-0.0653369488478344,0.19523025,0.27780008,0.11941719,0.35361314
solar,14,42816,50304,0.8851844796061021,0.1044858221842952,0.7483125,0.0061659813,0.9476857,0.20553923
solar,9,44800,46528,0.8851541336397456,-0.1504574984232211,0.04057932,0.008173466,0.09554386,0.14429665
solar,119,43328,51712,0.8851517338300678,0.1424026351607573,1.7875881,0.29377532,1.4393139,0.64204955
solar,36,42816,50304,0.8851154875796458,-0.1852200785985937,0.560828,0.21757221,0.7112293,0.06717086
solar,130,48576,52032,0.885115399890542,0.1352570379178577,0.22106576,0.52736115,0.17667222,0.12962317
solar,96,48128,49856,0.8849768197956458,0.1899132152933016,0.30256987,0.43820286,0.13088894,0.87166166
solar,47,44672,51712,0.8849712519932037,-0.0741050342333153,0.8089409,0.6742387,0.17588091,0.041178703
solar,135,45440,46016,0.8849451829806859,-0.0502200433883471,0.17727828,2.2094119,0.112261534,2.2744286
solar,86,44928,48832,0.8848770189701027,-0.0190668489618569,0.06663442,0.32772565,0.11441946,0.14667177
solar,130,51008,51584,0.8848688238623651,-0.0319778370489361,0.88161945,0.25468564,0.4828794,0.14405441
solar,61,45696,50880,0.8847722496955199,0.0405017224746217,0.012722969,0.7136004,0.21111846,0.5152049
solar,121,42560,51776,0.884621532720227,-0.1653557081044813,0.14358568,3.3046985,0.062153816,3.2232666
solar,15,45632,52416,0.8845597105095103,0.1770780335151017,0.48890972,0.32056475,0.6478667,0.16160774
solar,53,42112,50752,0.8845535826912209,0.2540371701992234,1.6040311,0.34917998,1.5959363,0.3410852
solar,39,44864,52480,0.884430536852783,-0.1220308493709445,0.7175927,0.2242341,0.25013876,0.24321985
solar,89,45504,47808,0.8842345136480932,0.260246661482903,0.04785347,0.26818657,0.1618433,0.0584898
solar,27,49024,51904,0.8842176755702618,0.1553267672666208,2.2786295,0.37992263,2.0989585,0.20025158
solar,75,42816,46272,0.8840728265099101,0.0741754123060383,0.8135767,0.25961494,1.0977128,0.024521112
solar,2,42944,48704,0.8840709555186427,-0.0413433921129173,0.8115859,0.4402194,1.0146322,0.23717308
solar,61,46400,52160,0.8840345192909606,0.1184078192707645,0.25424194,0.082791805,0.03230095,0.3047328
solar,83,44352,47808,0.8839615385608808,-0.0128160960430633,0.05198574,0.24946785,0.0869956,0.11048651
solar,93,42240,42816,0.8839327488936907,-0.1108806796419309,0.08143735,0.19798613,0.033358335,0.3127818
solar,27,45376,47680,0.8839040780237821,0.0410013647294463,0.027904034,0.12099171,0.14289093,0.0060048103
solar,131,44800,48832,0.8838707899224094,0.2784071929592107,0.63421535,0.045279503,0.22272825,0.3662076
solar,30,47680,48256,0.883710492306361,0.0981443592074637,0.1300602,0.2175622,0.026854038,0.32076836
solar,53,49408,51136,0.8837071513825167,0.2369770574035296,0.100678444,0.060054302,0.10772228,0.14834642
solar,83,45952,49664,0.8836426644509776,0.0788113362305803,0.09112167,1.5557301,0.24747467,1.7120831
solar,3,49728,50176,0.8834581717195972,0.0235965740550415,0.09046507,0.0648222,0.47816467,0.4525218
solar,24,42816,43968,0.8834337055517577,0.2369617765361543,0.74278617,0.15277505,0.5637653,0.026245832
solar,92,44992,52480,0.8832070126229836,0.1729821129577235,0.533725,2.8610935,0.4564345,2.783803
solar,36,42112,43264,0.8831976934082659,0.1439166555373075,2.9204443,0.1938479,2.989424,0.26282763
solar,23,44672,50432,0.8831736581092401,-0.0300047211260824,0.63020706,0.27385497,0.6629219,0.24114013
solar,87,46272,49728,0.8829936358489744,0.0774360154863946,0.039251804,0.84463453,0.35430002,0.4510827
solar,19,49024,49472,0.8829240851329734,-0.4102972923593852,0.09930229,0.72876525,0.18406272,0.8135257
solar,130,49152,50880,0.8828076835133348,0.1484676116477022,0.11677694,0.32428002,0.05214572,0.38891125
solar,44,42816,43392,0.8826009301612956,0.1742773486029327,0.040520906,0.15381503,0.34261346,0.22931933
solar,31,42368,44672,0.8825410038937624,0.1979643628178848,0.04536128,0.5518122,0.296952,0.30022144
solar,0,45248,49856,0.8824907322612243,0.1087328289167728,0.10985112,0.25307322,0.2848029,0.14158082
solar,68,42112,51200,0.8823530472003349,0.0950008459943059,0.37736416,1.817522,0.58538055,2.0255384
solar,54,44864,49024,0.8823299961651092,-0.1593047303962844,0.13191247,1.3355601,0.05205345,1.519526
solar,35,42240,50880,0.8823184350181852,0.2713333888702119,0.012164593,0.515084,0.118994474,0.40825415
solar,62,43968,44544,0.8823156435195324,0.2686076293201872,0.28443742,0.4064901,0.26290202,0.42802548
solar,91,44800,47680,0.8822749232665038,0.0885973271602325,0.11332464,0.10246086,0.11338854,0.12425232
solar,14,42048,46080,0.8822276249929462,0.0828374247856991,0.088893175,0.20770574,0.24128246,0.1224699
solar,108,47680,51712,0.8822093015818473,0.0387096880244924,0.14073896,0.11949682,0.036509514,0.2967453
solar,125,42816,43392,0.882184518878408,-0.1074662994190189,0.47434664,0.2902217,0.8532455,0.08867717
solar,52,42368,48128,0.8820340484011492,-0.0185020085760454,0.22641182,0.09708595,0.25031686,0.073180914
solar,71,45952,48256,0.8820169276998218,0.1680450459773165,0.6713686,0.24070072,0.56225324,0.34981608
solar,10,43200,44800,0.8819615885339531,0.1267357241860576,0.18708181,0.35445452,0.14600945,0.31338215
solar,79,42944,45824,0.8818928683632088,-0.0248151463527078,0.07689142,0.34778357,0.13964605,0.28502893
solar,18,48448,51904,0.881875420400154,0.1883158985392129,2.5631673,0.545804,2.4858365,0.4684732
solar,65,42944,51584,0.8817145101380445,0.1582301151395115,0.5427418,0.21760893,0.5222058,0.23814487
solar,42,49152,51456,0.8817040852285745,0.1568422418705669,0.010642052,1.2132969,0.13334799,1.3572869
solar,25,44416,50176,0.8816522265528032,0.1065332883868124,0.052750826,1.2494507,0.1253283,1.1768732
solar,27,49152,51456,0.8815609247952892,0.1708664482096377,0.23734903,0.9580202,0.19011307,0.91078424
solar,94,43136,45440,0.881403564810165,0.1314313101265301,2.2290506,0.057109356,2.2060564,0.034115076
solar,65,49280,52160,0.8813028230866482,-0.0070600865682974,0.007079363,0.0586524,0.13426352,0.08269048
solar,126,42560,46016,0.8811319451981191,-0.0384938020548651,0.11407876,2.698094,0.083265066,2.50075
solar,4,45312,51776,0.8810898961489304,0.2681042897514538,1.7440977,0.6260686,1.466013,0.34798384
solar,124,44096,51584,0.880948675082378,-0.0631023178634246,0.08596277,0.49389338,0.3311932,0.24866295
solar,30,49728,50176,0.8809401191866537,0.0773391845099391,0.17668557,0.6314006,0.28733873,0.5207474
solar,56,50048,51200,0.8809347993239911,-0.222336441635266,0.013823032,1.9914665,0.014425039,1.9632185
solar,97,43648,49856,0.8809135651699652,0.2512532001121041,0.6460459,0.27012682,0.72689986,0.35098076
solar,6,46528,51712,0.8808735323127421,-0.0779601558254737,0.1305275,0.010646105,0.052546263,0.08862734
solar,12,47424,51456,0.8808083794063956,0.2305362789973803,0.014077425,0.37206936,0.12313199,0.23485994
solar,84,44800,45952,0.8807488191372415,0.1476261599121848,0.0412035,0.21897125,0.3042209,0.12645316
solar,122,46848,51456,0.8807027956058622,0.1837904253507192,0.35208488,1.9332533,0.14334655,1.724515
solar,46,44096,51584,0.8802896075985213,0.0715676951002551,0.0600605,0.7122793,0.32010174,0.45223808
solar,33,43648,52288,0.880255875334438,-0.0416895764151643,0.05535078,0.3047104,0.12371731,0.1256423
solar,1,51328,51456,0.8802107676280388,0.0101030391412225,0.5588889,0.33322144,0.48478794,0.25912046
solar,4,42816,49152,0.880199679057686,0.0190123540537079,0.5697837,0.33400488,0.86568,0.038108587
solar,59,42560,51200,0.8801607819802247,-0.0305465311657704,0.1417408,2.9697654,0.12536812,2.9533927
solar,106,43136,45440,0.8801228061097214,0.2544029415083514,2.1016772,0.05115676,2.096346,0.04582548
solar,57,51136,51712,0.8799414166609356,0.0704913556227249,0.54113674,0.46885824,0.25913978,0.7508552
solar,10,47680,51136,0.8799153661790459,0.2657637880895372,0.5288105,0.24576306,0.3068576,0.46771598
solar,15,43136,44288,0.8799019373265526,0.1363647037407373,2.7174814,0.058748484,2.850224,0.07399416
solar,27,49728,51776,0.879872469161953,-0.1245893726451505,0.13757205,2.1243079,0.25734043,2.2440763
solar,101,42112,44416,0.8797321236087524,0.2181555471588736,0.53351164,0.14968967,0.81714773,0.13394642
solar,133,49472,49728,0.8797075586092076,0.2874477378364943,0.9403889,0.089277506,0.80376697,0.047344446
solar,7,44416,52480,0.8796703356894925,0.1878403944276943,0.06620908,1.2431419,0.119467735,1.0574651
solar,28,45824,46400,0.8795862331294535,0.0097144566911651,0.7177286,0.35054946,0.9036212,0.16465688
solar,40,50880,51456,0.8795861526287553,0.0618025971095236,0.23937392,0.55269456,0.27185822,0.04146242
solar,59,42368,52160,0.8794527729962565,0.2406853633896621,0.0025057793,0.051947832,0.079056025,0.029613972
solar,95,45120,50880,0.8792865540739995,0.2728799039063522,0.025502205,0.78655505,0.23151493,0.5805423
solar,76,46976,51584,0.8792435708497196,0.0518600302190941,0.016046047,0.3353324,0.24527574,0.07401061
solar,112,45824,51008,0.8792410980591974,0.1671879642283332,0.065303326,0.00583601,0.008607864,0.05085945
solar,99,42816,43968,0.8791894605515218,0.177677735620659,0.051509857,0.16186857,0.13442063,0.078957796
solar,39,45952,51136,0.8791168553186657,-0.0024123937224869,0.44907928,0.060909033,0.11174822,0.27642202
solar,39,44672,45248,0.8790260429143038,-0.1216443834069298,0.20649719,0.022768974,0.11386871,0.069859505
solar,29,42688,52480,0.8789864930073742,0.2624546212917931,0.027044535,1.4432311,0.13161635,1.3386593
solar,92,46656,47808,0.87879455410943,0.2674138962939333,0.03867817,0.03123951,0.04627371,0.053712368
solar,72,45824,51584,0.8787549541120556,0.2839226702382011,0.5235944,0.09810519,0.7284107,0.10671115
solar,130,44160,52352,0.8786929076139788,-0.1850068774923894,0.25542927,0.3244834,0.048431396,0.11748552
solar,51,49152,49728,0.8785791404326047,0.1643981452871171,0.23577714,0.05564046,0.06556249,0.24569917
solar,33,42432,46592,0.878534987690154,0.112183511629561,0.28111792,0.21799374,0.045319557,0.017804623
solar,45,45952,47680,0.8784400741524112,0.206932137702601,0.1446209,0.56024027,0.23406792,0.18155146
solar,19,45248,51584,0.8783929981007971,0.0214613098243839,0.38952303,0.2171588,0.3943143,0.21236753
solar,60,42944,45824,0.8782921683235521,-0.1360883042592543,0.5095434,0.32389736,0.66298246,0.17045832
solar,23,47808,50112,0.8781797319707662,0.0099670282135375,0.21055317,0.13002205,0.33090472,0.009670496
solar,22,45248,51008,0.8779444220157355,0.162375267573378,0.0085709095,0.5366411,0.5098269,0.03538513
solar,63,45248,51584,0.87792490446501,0.1303565803873537,0.029527187,0.101584435,0.053525448,0.0185318
solar,4,45952,47680,0.8778070495395845,-0.0640332538339512,0.24363565,0.08604431,0.15533018,0.0022611618
solar,50,43072,50560,0.8776676144081085,-0.1684034012871391,0.7509608,0.036295414,0.4131775,0.30148792
solar,41,43840,46720,0.8775770444342244,0.1078902654158602,1.797003,0.22272587,1.8938937,0.31961656
solar,15,43968,49408,0.8775462855470073,0.0076441676851308,1.1476629,0.7236283,0.78142405,0.35738945
solar,11,43072,52288,0.8774934516570265,0.1705557767930849,0.31619883,0.0065779686,0.16549921,0.15727758
solar,30,44160,45312,0.8774480886871018,0.1143759570235286,0.43677282,0.8887377,0.46899414,0.85651636
solar,2,42048,52416,0.8774373540563171,0.09975293314528,0.21157503,0.19591284,0.20731401,0.22297621
solar,102,49152,49728,0.8774371571722986,0.152546648790264,0.09448004,0.54632926,0.04414606,0.68495536
solar,85,45696,51456,0.8774157368019692,0.1131276288041887,0.32225347,0.086133,0.30031943,0.108067036
solar,88,44800,47680,0.8773161369815096,0.1133940427470501,0.20395923,0.007396221,0.047320366,0.14924264
solar,96,42816,52032,0.8772250273053463,0.0921812909929718,0.74190044,0.3372717,1.2123268,0.13315463
solar,19,42432,52352,0.8771450100181657,0.024947395287145,0.021158695,0.31095695,0.23435736,0.055440903
solar,110,43136,45440,0.877125372086186,0.0357907445390311,3.1439877,0.35272288,2.9455953,0.15433049
solar,18,43648,49984,0.877105839801819,-0.0975428677841968,0.27675772,0.005935669,0.06869936,0.21399403
solar,49,49600,52480,0.8770921998886423,0.1394922536605548,0.22375822,1.6531138,0.4033022,1.8326578
solar,67,48320,52352,0.8769259833108654,-0.181013372052582,0.047153473,2.1073592,0.053332806,2.006873
solar,26,43392,48000,0.8769198811746246,0.1874303679578705,0.5581348,0.08961272,0.5117068,0.043184757
solar,113,42368,45248,0.8769014059581889,0.2323282480250471,0.030275345,0.63460875,0.004930973,0.5994024
solar,4,44992,52480,0.87685109501736,0.0568482396754505,0.23372316,1.5491245,0.007562399,1.3078389
solar,43,49152,50880,0.8766494783028301,0.0142189905249027,0.24144864,0.15549469,0.17119384,0.56813717
solar,6,48000,49152,0.8764726296595409,0.2461047548775769,0.93849134,0.08907628,0.91875076,0.10881686
solar,45,51136,52288,0.8763980877560386,-0.1474433451425399,0.45524454,0.03783655,0.08136511,0.33604288
solar,52,51904,52480,0.876379560591643,0.1963149826613896,0.090301275,1.2222173,0.25283527,1.5653539
solar,11,49600,52480,0.8763353968798153,0.0780425408126792,0.26172948,0.58824086,0.5184922,0.8450036
solar,15,43584,51648,0.8762509971264756,0.1246153035304254,0.35029888,0.11330938,0.21751976,0.2460885
solar,46,48832,52288,0.8762177008060004,0.1088420896410628,0.2893119,0.3063326,0.09229612,0.50334835
solar,88,42112,50176,0.8761307735473504,0.2069626522043273,0.20140791,0.088544846,0.43575764,0.14580488
solar,95,47424,52032,0.8761012576776,0.1228738323501699,0.2053945,0.13326287,0.051033735,0.12316537
solar,OT,43904,50688,0.8759747197434351,0.0491605471725231,0.8495517,0.41590118,1.1899405,0.07551241
solar,100,46656,47680,0.8759609876743022,0.2258149111796035,0.6473241,0.10647774,0.33216476,0.20868158
solar,122,44288,46016,0.8759436713886569,0.0123553133373518,0.13643813,2.2882912,0.2295525,2.3814056
solar,65,45824,47552,0.8759127521436834,-0.0676750612164513,0.86776495,0.32915688,0.9437125,0.25320935
solar,40,49280,52160,0.8758176623066614,0.0715982940175564,0.09590936,0.034960747,0.05999255,0.07087755
solar,134,48000,52032,0.8756307352870516,0.135384235849098,1.0806952,0.1778965,1.4294026,0.17081094
solar,24,45248,50432,0.8755683937098924,0.2718849697440919,0.20797253,0.24093413,0.3526466,0.09626007
solar,86,42368,44096,0.8753999431599894,0.256667145395163,0.22265506,0.060798645,0.19379354,0.35564995
solar,12,43648,44800,0.8751615676338905,-0.0939539024091884,0.24833822,0.06602526,0.044880867,0.35924435
solar,33,49152,50880,0.8750903586669869,0.2849170916166477,0.10674143,0.02742529,0.09559536,0.01627922
solar,126,47168,52480,0.8750666829465565,0.0071243708648496,0.009819508,1.7193904,0.0140452385,1.7151647
solar,22,48000,50304,0.8749099912933179,0.2281794222213228,0.8095312,0.12122965,1.0934112,0.16265035
solar,59,49856,52288,0.8748555666810158,-0.0433321056990374,0.2663772,0.9799149,0.16348553,0.55005217
solar,102,50752,51904,0.8748402500241483,0.1758775815354181,2.7835977,0.63910604,2.7341635,0.58967185
solar,77,46400,51008,0.8746892056307202,-0.4083838959037193,0.036608934,0.13736558,0.045363188,0.14611983
solar,67,46144,49728,0.8745955208693341,0.0347763252560475,0.34163618,0.93776155,0.1647439,0.76086926
solar,91,51008,52288,0.8745317571096994,-0.1444519928330253,0.6937754,0.8982079,0.1644659,0.3688984
solar,101,42816,48576,0.8744184742808669,0.0777259936426377,0.3020637,0.30908084,0.6041522,0.00699234
solar,94,42816,43968,0.8744101264673765,0.1799369334664093,0.6022036,0.03350258,0.44243813,0.19326806
solar,50,47680,52416,0.874014228095239,0.2160648881914152,0.28098798,0.5270052,0.07409835,0.8820915
solar,90,44928,47808,0.8738711709125795,0.257712744003896,0.18465805,0.24620771,0.16148424,0.26938152
solar,32,45248,51584,0.8738654606264268,0.0071109963851135,0.16823149,0.3165207,0.4590733,0.025678873
solar,34,44800,51712,0.8738439616803992,-0.1926826353958591,0.24915361,0.032595634,0.027424812,0.18913317
solar,46,45952,52160,0.8738069188813749,0.2730865959033255,0.5490618,0.3063085,0.85470724,0.611954
solar,104,44800,46528,0.8737386634022151,0.1476287022826072,0.18046975,0.33534598,0.19004488,0.32577085
solar,61,42752,51840,0.873717909794915,0.0820221899511399,1.413367,0.19494438,0.99888706,0.21953559
solar,105,47872,48448,0.8737044614854387,-0.058379319148482,1.5810096,0.20151424,1.5980518,0.2185564
solar,127,43840,44544,0.8736446300733869,-0.1803185127152698,0.47920775,0.04621291,0.36468554,0.06830931
solar,63,45952,52288,0.8736069945027791,0.1324875471287929,0.55900574,0.064003944,0.03354168,0.5285435
solar,33,47552,51008,0.8735898095409873,-0.0599792139283218,0.15148902,0.5475173,0.23660827,0.46239805
solar,118,46592,50048,0.8734827304774051,0.021850334889975,1.6294258,0.018601656,1.6062896,0.041737795
solar,120,47104,51136,0.8733514649913378,-0.0971244345618522,0.064249516,0.10856438,0.06572485,0.23853874
solar,100,43264,47872,0.8733435350567914,-0.1253489177585624,0.019640446,1.6289458,0.06280589,1.5857804
solar,58,45824,51712,0.8732905234963143,0.2806064539618862,0.77742386,0.82636976,0.35076904,0.39971495
solar,125,49728,50304,0.8732664124058542,0.1041629268530073,0.22778487,0.08557963,0.39361477,0.08025026
solar,21,48960,52416,0.8731328217286688,0.2890564725191541,0.11634779,0.44567442,0.35951042,0.030183792
solar,74,43264,49728,0.8731318217993571,0.1310554495914838,0.16157436,1.3667908,0.023240805,1.2284572
solar,121,43520,48704,0.8729105657212469,-0.0989312439797945,0.06275892,0.22245884,0.15147567,0.1337421
solar,124,44288,46016,0.8729069535179403,0.049235936999158,0.1299839,2.6558418,0.15360284,2.6794608
solar,2,52160,52288,0.872900001702082,0.169967691337898,0.5514145,1.180239,0.033388853,0.5954356
solar,24,44672,49280,0.8728910967169452,0.1643084741645834,0.5772095,0.31309986,0.7169399,0.17336941
solar,55,47232,47680,0.8728796881051947,0.189585973000443,0.32839227,0.3600495,0.23577595,0.20411873
solar,2,44672,46400,0.8727972350685969,-0.3151094073761954,1.2736168,0.23069334,1.2431118,0.26119828
solar,79,48000,51904,0.8727931243678329,0.2183065199705674,0.75931907,0.124827385,0.80828595,0.17379427
solar,101,45248,51584,0.8727466090711903,0.058070974352341,0.090934515,0.15479183,0.12274623,0.12298012
solar,82,42368,46400,0.8726495360394324,-0.1400889095278271,0.18765354,0.37074804,0.3528707,0.1697762
solar,46,49600,51456,0.872645936658382,0.0151271802717108,1.3465688,0.067523,1.7045157,0.29042387
solar,54,46144,51776,0.8724728992789278,0.1288466191152995,0.17252517,2.6683416,0.1737237,2.6695402
solar,62,45952,47680,0.8724201053340745,0.1799995373321005,0.242661,0.41924572,0.24602461,0.4158821
solar,85,47680,52416,0.872289866215277,-0.5030594149927514,0.18131304,0.15345001,0.14986253,0.48462558
solar,78,48128,51584,0.8722081622889323,0.0893520902686974,0.16985297,0.08692074,0.14871979,0.065787554
solar,70,44096,45248,0.8720750034596259,-0.0622844315586083,0.086806774,0.6822896,0.2753842,0.4937122
solar,81,47168,52480,0.8720502126447444,-0.05856595561164,0.14255571,0.6595473,0.2526827,0.54942036
solar,27,42112,52480,0.872041996384789,0.1444362870436694,0.10785246,1.9993062,0.24097633,2.13243
solar,12,50752,52480,0.872006495415338,0.2258150539133547,0.3656478,1.9022822,0.4175241,1.9541585
solar,93,42432,44736,0.8719196602224626,0.1709561755154612,0.17270231,0.31220913,0.25151873,0.23339272
solar,60,51008,51584,0.8718514547287661,-0.0013737569581292,0.27858138,0.1191504,0.3441348,0.053596973
solar,125,48128,51584,0.871808671791912,-0.124521759873591,0.12575245,0.76477695,0.26642323,0.37260127
solar,106,43072,46528,0.871788034812446,0.1036344636940417,0.5075345,0.1074543,0.35466528,0.26032352
solar,55,45248,48704,0.87167577336202,0.1705306276291814,0.40542197,0.13639617,0.4689529,0.07286525
solar,81,42176,51712,0.8716625470260044,0.2767573615848314,1.4210534,0.0925169,1.225049,0.10348749
solar,102,44800,52288,0.871619762668807,-0.0080484873922333,0.1468234,0.032162666,0.0737052,0.18836594
solar,89,51712,52288,0.8715189099837602,0.2517297696508268,0.250525,0.15145016,0.09416199,0.19323683
solar,20,45952,49408,0.8715183182445166,-0.1242831057119167,0.15198421,0.096754074,0.056487083,0.111717224
solar,110,43776,51712,0.8714911178498879,0.1512624995549862,0.44973183,0.6033273,0.0004272461,0.1531682
solar,96,48832,51584,0.8714620284683162,0.1738856676550311,0.16671753,0.69066143,0.22433925,0.74828315
solar,66,50176,51456,0.8713569098649354,-0.1549638393338205,0.7682831,0.4922583,0.40750027,0.13147545
solar,73,43520,50432,0.8707265502723441,0.1988188027209898,0.21594429,0.3719356,0.23245025,0.07645893
solar,100,45824,47552,0.8706900196049892,0.2052496470427083,0.023371696,0.1655376,0.11736703,0.07154226
solar,0,42048,46656,0.8704764966466328,-0.3629929983328621,0.23484874,0.23904347,0.1228745,0.11867976
solar,OT,46080,52416,0.8702930014152302,0.2207952795729493,0.26002932,0.24941063,0.18006611,0.32937384
solar,71,48000,52032,0.8700289556734196,0.0750006089188983,1.0743923,0.08142543,1.1133459,0.12037897
solar,113,45824,48000,0.8699884328084498,-0.0474713869973721,1.1992946,0.29936433,1.3666837,0.46675348
solar,75,43072,44800,0.8699805674442429,0.2782791068383747,0.43434906,0.17236805,0.4073329,0.19938421
solar,56,47680,52288,0.8699597970792855,0.2114717253288115,0.1829071,0.12658978,0.053762913,0.25573397
solar,32,44224,45952,0.86947771972782,0.0800340430267777,0.052443027,0.13065338,0.086564064,0.16477442
solar,21,49152,51456,0.8692371970968514,0.241231220154431,0.24352622,0.16954327,0.44158792,0.028518438
solar,133,43712,51776,0.8691536580068311,0.0456582340977419,0.14892387,1.3999543,0.119877815,1.668756
solar,47,45952,52288,0.8690665094127061,0.1430342765633112,0.11344147,0.27670956,0.25954437,0.09627628
solar,49,49280,52160,0.868832527510004,0.1858099309786342,0.19624782,0.5902333,0.22414708,0.56233406
solar,9,48000,49152,0.8688006777727708,0.2606839672621107,0.68997216,0.24334478,0.6361048,0.18947744
solar,119,43072,47680,0.8687656864184952,0.039759729265461,0.29551363,0.070137024,0.097117424,0.12825918
solar,45,43392,44544,0.8686772673701064,0.2850058374417457,0.5420222,1.3618038,0.25909185,1.0788734
solar,47,46016,50624,0.8685334937108832,0.1390680424478971,2.0082388,0.038143158,2.002626,0.04375601
solar,19,46848,49728,0.8684081313591465,-0.0822756419473887,0.056548357,0.67411065,0.09340477,0.5241575
solar,13,43136,47296,0.868343450287405,0.1856440447602687,2.8446681,0.5519657,2.7184489,0.42574644
solar,20,42112,44992,0.86821451900628,-0.0730758107543201,1.7018716,0.26501298,1.8184519,0.38159323
solar,66,49408,51712,0.8680910382686186,-0.2927783650020481,0.43756795,0.31168962,0.5192044,0.23005319
solar,45,45888,50496,0.8680308953387447,0.2432300966744113,0.5962734,0.49923134,0.75592375,0.339581
solar,127,47424,49728,0.868003616450942,0.093453582923031,0.0019116402,0.47314262,0.19970417,0.2753501
solar,13,43520,46400,0.8680033325637985,-0.0150350765689634,0.0036511421,0.09104204,0.12823296,0.033539772
solar,118,42816,50304,0.8679098681753905,0.2991414665870915,0.8571904,0.06794119,0.8845,0.040631533
solar,18,44992,48000,0.8678861158668971,0.2213295600361756,0.20423532,1.6663728,0.05570984,1.5178473
solar,26,50880,52032,0.8677933570421298,-0.0616760203017588,0.8891177,0.019310474,0.81526184,0.054545403
solar,126,42944,45248,0.8676441155231822,-0.0447763429929113,0.023197174,0.058117867,0.08229828,0.0009832382
solar,117,45824,48128,0.8673564085894913,0.1370509437389381,0.16329956,0.16590214,0.24148226,0.24408484
solar,56,43648,48384,0.8673193247774438,0.0819756638392077,0.29089546,0.38674402,0.023475647,0.70111513
solar,110,45248,45824,0.8671846264677812,0.2695153200361663,0.057571888,0.2699113,0.050064564,0.16227484
solar,41,43072,45952,0.8671730546591188,0.1729451665743066,0.6022792,0.5570297,0.9431298,0.21617913
solar,30,46528,51584,0.8671205964522504,-0.0088550766234905,0.25511622,0.66138816,0.13925362,0.54552555
solar,109,45952,52160,0.8670325719795806,0.2941848686124426,0.272758,0.083408356,0.76508975,0.4089234
solar,59,48000,50304,0.8669997358658011,0.0236876023725239,0.8192172,0.17090154,0.5783706,0.0699451
solar,4,48704,51584,0.8665320318264009,0.084802069632912,0.21723819,0.20427561,0.114168406,0.3073454
solar,65,44992,52480,0.8665046144776952,0.1049374951543773,0.38688302,2.8412027,0.3997512,2.854071
solar,32,49472,50048,0.8662451804115623,0.2668811183252484,2.395835,0.11993599,2.3553224,0.07942343
solar,5,47296,47872,0.8662298628204854,0.2617350430925213,0.103969574,1.8906872,0.14116716,1.9278848
solar,133,43072,49408,0.8661111653180051,-0.0988815950990767,0.33404016,0.19160128,0.0699811,0.21241999
solar,31,51328,52480,0.8660627161261291,0.2855003293070117,0.2984004,1.2315471,0.3734727,1.3066194
solar,23,51008,51584,0.8658491161782679,0.0419518989985562,0.105712414,0.26271152,0.23300457,0.07600546
solar,122,46784,51392,0.8657359104287151,0.1649451059160006,0.20949507,0.291162,0.35944176,0.4411087
solar,42,42944,50432,0.8657331928498795,0.2662982469918161,0.34731865,0.2808833,0.4315827,0.19661927
solar,74,42240,43392,0.865612809241284,0.0644806081404749,0.22954726,0.58597875,0.13175988,0.2246716
solar,75,42112,51904,0.8655789625316197,-0.0620675791631151,1.6017153,0.097887516,1.5481384,0.15146446
solar,94,46016,50624,0.8654671809938467,0.2527909811632123,2.560296,0.06841302,2.5055099,0.013626814
solar,9,43712,51776,0.8654265122189277,0.1910884131404354,0.057476044,0.26387072,0.026441097,0.34778786
solar,93,45824,46400,0.8654242013537664,0.1036824642102234,0.42195535,0.1636486,0.42642832,0.15917563
solar,103,47296,48448,0.8652758351837117,0.2835113958161812,0.07876229,0.8366611,0.08241129,0.8330121
solar,20,42944,51584,0.8651924263159706,0.119755142242961,0.48798037,0.2399931,0.6757021,0.052271366
solar,113,42432,46016,0.8651812012416927,-0.4242696847696943,0.7342181,0.59286785,0.3582759,0.21692562
solar,108,43648,44224,0.8651344152923925,0.0174103586583037,0.40947676,0.10945797,0.45989847,0.059036255
solar,21,51008,51584,0.8650916440642675,0.2378068532652298,0.06986475,0.13655853,0.10882759,0.042133808
solar,111,42368,46976,0.8650783017397827,-0.0539531888686167,0.105294704,0.23463964,0.18262959,0.053284645
solar,9,43840,49600,0.8650617605711327,0.0251010146051566,2.2765,0.21391654,2.1028385,0.04025507
solar,123,48000,50880,0.8648853006219009,-0.0513120462956654,0.9146576,0.33705688,0.78687334,0.20927262
solar,129,42944,46400,0.8647459875733002,-0.0549942441008016,1.0668898,0.34405446,1.1951265,0.21581769
solar,35,43520,45248,0.8646395113870615,0.1504310882368427,0.18673444,1.3130286,0.18286085,1.3169022
solar,41,48000,49728,0.8644889409273109,-0.1954636659655493,0.17016006,0.041970015,0.06588626,0.1940763
solar,104,47232,47808,0.8644568702407627,0.0192564075425059,0.14187431,0.23664284,0.18261242,0.19590473
solar,6,45440,46592,0.8641899031689525,0.2401647561263488,0.23334813,0.59447527,0.17411971,0.6537037
solar,119,43520,51584,0.8641845808446108,0.241855019263254,0.1274271,0.39762735,0.08491683,0.44013762
solar,102,43776,49984,0.8641781325237999,0.270597948892544,0.48393488,0.5889797,0.15744615,0.262491
solar,14,42112,51904,0.8641682355351681,0.2661859625688135,2.2336676,0.21153426,2.2419498,0.21981645
solar,26,50176,50752,0.8640535961906864,0.2858657801666683,0.3892622,2.1602168,0.43483853,2.2057931
solar,16,42816,52032,0.8640494901065235,0.0809531587958292,1.237272,0.048604727,1.3436577,0.05778098
solar,116,42176,51712,0.8639949124099476,0.116951212911233,1.796629,0.020250559,1.67712,0.09925842
solar,69,45248,51008,0.8637935713313791,0.2593670232964572,0.10046649,0.19762969,0.1999352,0.09816098
solar,78,42048,44928,0.8636749896456696,-0.0408707646287396,0.0021691322,0.28651977,0.29565048,0.006961584
solar,123,43072,49856,0.8636671764819269,0.2973933516431605,0.7180114,0.24524522,1.0363553,0.07309866
solar,67,46528,51712,0.8636504204199661,-0.0780827949816455,0.24856329,0.59852505,0.081730366,0.9288187
solar,1,46848,52032,0.8636078585047883,0.1530908699054388,0.22283268,0.03200984,0.120191574,0.070631266
solar,80,51136,52416,0.8633207801692078,0.1040898746352732,0.15804195,0.011518002,0.64859796,0.502074
solar,28,48128,49856,0.8632494591173239,-0.0937579514586096,0.003469944,0.073522806,0.060638666,0.13069153
solar,83,43648,51712,0.8631977110221802,0.2672163597715419,0.050261974,0.07259989,0.22026277,0.0974009
solar,91,45248,45824,0.8631345833186004,0.0024740722365106,0.10071516,0.3312583,0.10686588,0.32510757
solar,88,45248,46976,0.8631286085115195,0.1524642050686589,0.17138886,0.18813443,0.23795152,0.12157178
solar,24,43072,45952,0.8631129305921212,-0.1040881898623288,0.71242094,0.10819006,0.6130161,0.20759487
solar,124,42816,51456,0.8630893055444926,0.2746223118045713,0.080919504,0.484802,0.21891236,0.34680915
solar,132,45248,51136,0.8630181393536066,-0.1319127567335791,0.70642114,0.33698273,0.073129654,0.29630876
solar,16,46272,48000,0.8628680705474328,0.1146255164221142,0.08546257,0.07822728,0.2173636,0.22459888
solar,16,44864,46592,0.8627107435202583,0.2881037736606293,0.04014778,1.1210608,0.609298,1.690211
solar,0,43712,51200,0.8625711131177897,0.2042678924571657,0.06532335,0.22357607,0.17995358,0.02170086
solar,111,42112,51328,0.8625657956421364,0.2683517941051283,1.2149751,0.0876739,1.2046413,0.077340126
solar,56,45824,47552,0.8625451131638201,0.1811664918132347,0.11212206,0.13300681,0.1455903,0.099538565
solar,28,46144,52480,0.8623291541282511,-0.0321813680005156,0.6444967,3.0861022,0.51318574,2.9547913
solar,54,45952,52288,0.8621358144141068,0.289332937089396,0.1570952,0.37744546,0.25963354,0.2749071
solar,55,44672,45952,0.8620555821176386,0.2478820151091828,0.61463237,0.69420314,0.09856415,0.17813492
solar,118,48960,52416,0.8619734502148609,0.2482796176474378,0.05586672,0.62376165,0.48205662,0.08583832
solar,27,45824,49280,0.8617991905863717,-0.2296140468544294,0.38548732,0.21124673,0.5668206,0.029913425
solar,113,44800,51712,0.8615877071399077,0.1727548459444493,0.06158924,0.04808998,0.071982384,0.058483124
solar,76,49472,52224,0.8614979472609501,-0.5042943484956157,0.11394024,0.6666708,0.23283768,1.0134487
solar,113,43072,43648,0.861489964340823,0.2136844572689616,0.27241468,0.18572712,0.22997713,0.22816467
solar,29,45248,48704,0.86141448222479,0.1044552624561822,0.5289569,0.33015847,0.7823553,0.07676005
solar,54,42368,50432,0.8614083954071092,0.1021738240479638,0.11348128,0.18540359,0.319484,0.2475617
solar,71,44096,49856,0.8613801660695455,0.1052128363739061,0.13859558,0.7022021,0.27689552,0.56390214
solar,7,45824,51008,0.8613656067577045,0.0571011891857811,0.14730597,0.18016672,0.09558058,0.23189211
solar,2,44224,51136,0.8611564070337616,-0.0613179966186315,0.09147191,0.020370007,0.5199261,0.40808415
solar,90,46848,48000,0.8609565707355544,0.073451662319372,0.098686695,0.14251328,0.112077,0.06825042
solar,72,50304,50880,0.8609443164809625,-0.0339102885314454,0.04581213,0.64180946,0.056209564,0.631412
solar,33,43712,47296,0.8607640529942994,-0.1099727910511768,1.9162238,0.22488141,1.8116009,0.12025857
solar,131,44288,52480,0.8607306590279447,0.1261039040665478,0.009466648,2.1655028,0.068784475,2.0872517
solar,121,42112,46144,0.8606088759212758,0.1754043866053704,0.7112262,0.1483059,0.9306781,0.3677578
solar,115,42240,42816,0.8605531158151639,0.0981584657345749,0.0168612,0.37255788,0.12542224,0.23027444
solar,OT,44800,51712,0.8603890082440228,0.0474935374521685,0.059746742,0.034418583,0.08886814,0.06353998
solar,55,51136,52160,0.8603836236792555,0.091166001541329,0.36568213,0.02503705,0.8343499,0.4436307
solar,48,44672,49280,0.8601312812136281,-0.0509023308467048,0.3531773,0.34860277,0.5874994,0.1142807
solar,84,42112,47424,0.8599575193845914,-0.0386920544277519,1.9714706,0.12571526,2.062654,0.21689868
solar,66,42112,45824,0.8599298237558533,-0.148453239598474,1.3057687,0.3091991,1.1106958,0.114126205
solar,36,49280,52160,0.8598529512363963,0.2425024748620552,0.023771763,0.059473276,0.12404442,0.088342905
solar,114,47424,48000,0.8595567894489952,0.1372528259166454,0.019101143,0.20920968,0.13909459,0.08921623
solar,52,50304,50880,0.8594917423388706,0.2254694642527245,0.0837872,0.25114608,0.089165926,0.07819295
solar,27,51136,51712,0.8594109180388371,0.2558097467874222,0.13145852,0.11939669,0.015867472,0.26672268
solar,0,49280,51584,0.8594075426553893,0.014031136746917,0.030271769,0.5044863,0.16563511,0.30857944
solar,129,52288,52416,0.8593996080574835,0.2520538617525081,0.27000713,0.13036299,0.11829758,0.5186677
solar,112,51456,51776,0.8592870623163494,0.2738387462777528,0.123348236,2.494193,0.32038927,2.691234
solar,127,49024,49600,0.8590879055912083,0.0926158877522922,2.1853595,0.42855787,2.1720335,0.41523194
solar,71,50176,52480,0.8590791840067158,-0.0284949714654626,0.36172915,1.6152592,0.33307266,1.5866027
solar,11,42368,47680,0.8589950797586998,0.2472487407843749,0.28487086,1.0544517,0.20943046,0.9790113
solar,101,44800,46528,0.8589849282572658,0.1140787767411995,0.23779893,0.16962218,0.043099403,0.11127615
solar,30,43136,44864,0.8589459450805542,-0.1746509275311063,2.11213,0.36705184,1.6813827,0.06369543
solar,115,48000,48576,0.8589353389781844,0.1180352379151261,0.24182129,0.16297221,0.12756872,0.27722478
solar,84,46848,48000,0.8587869311276706,0.2516049997673503,0.039062977,0.7278352,0.11816621,0.64873195
solar,68,47808,48384,0.858704941843048,0.2060689827225054,0.1892972,0.13494825,0.15257168,0.17167377
solar,44,46400,52160,0.8586657181664029,0.1990481088171473,0.021391153,0.2130127,0.19733596,0.0057144165
solar,64,45824,46976,0.8585979891145288,0.1866935366267523,0.75975204,0.3400941,0.94867706,0.15116906
solar,101,43136,50624,0.8585799734937436,0.2498911077951089,1.8491292,0.07986164,1.7673364,0.0019311905
solar,98,42048,49536,0.8584673907854509,-0.1412107930743122,0.14140224,0.10960436,0.25053358,0.5015402
solar,112,43008,52224,0.858222335390361,0.0242382905892533,0.34959888,0.124053,0.23425055,0.23940134
solar,55,43584,44160,0.8581538333007666,-0.0420711534131419,0.0829978,0.24082565,0.31359434,0.010229111
solar,122,43072,47680,0.8581504097146055,0.0729021423604121,0.10293579,0.16356373,0.2413783,0.025121212
solar,55,47872,50624,0.8580408853359062,0.0793404352250302,0.76824903,0.22156787,0.8169093,0.17290759
solar,58,48000,50304,0.8579877390725964,0.1149913712530225,0.5083833,0.06239724,0.40970755,0.16107297
solar,9,51328,52480,0.8574608468704382,0.2185074489475246,0.30274916,3.1368587,0.44143295,3.2755425
solar,17,46016,50624,0.8574595136618592,-0.031390513624173,2.265843,0.1661942,2.1563566,0.05670786
solar,3,42944,47552,0.8574553324170558,0.2764550151675973,0.608881,0.40603828,0.89495516,0.11996412
solar,34,42368,50432,0.8572423925079624,-0.0023845570449566,0.016326666,0.39692593,0.16464329,0.21595597
solar,78,43072,45952,0.857222014420412,-0.1990354360298877,0.16232347,0.07844043,0.18149829,0.059265614
solar,60,42816,46272,0.8572006100476187,0.1705017986635659,1.5206969,0.06759691,1.702533,0.114239216
solar,8,49728,50176,0.857107475048235,-0.0084873011498568,0.08343792,0.18687963,0.32995844,0.43340015
solar,50,44288,52352,0.857075508905191,0.2042678142915618,0.0682044,1.9359593,0.07327962,1.9308841
solar,40,43520,45248,0.8568687014243267,-0.0402666227566004,0.008390665,0.27065563,0.15909934,0.10316563
solar,130,44672,49408,0.8568346393623906,-0.368556798686341,1.3209755,0.6287825,0.7882557,0.09606266
solar,79,42368,48704,0.856773415326774,0.2718744931460276,0.37642717,0.01040411,0.032087803,0.33393526
solar,102,43520,46400,0.8567381858115585,0.1320444233077122,0.1587441,0.09140611,0.07267976,0.17747045
solar,48,46848,51456,0.8567185806891943,-0.0710282348008188,0.23015714,0.075454,0.11845446,0.036248684
solar,94,43264,49728,0.856639707091931,0.1994049544617943,0.116197586,1.237483,0.17911744,1.3004029
solar,22,44224,44928,0.8565984121599995,-0.2578768098926385,0.50686383,1.0136352,0.13439631,0.64116764
solar,62,45248,50432,0.8565482138503102,0.1686529972933217,0.04581833,0.0802958,0.109182835,0.016931295
solar,52,43968,45824,0.8564422308892453,0.0399683063288914,0.6806905,0.897722,0.37671733,0.5937488
solar,78,44288,47744,0.8563671104598648,0.0740389382181653,0.06601739,2.1001325,0.09846115,1.9356539
solar,58,42816,46848,0.8563080907454463,0.0977629867422542,0.33377814,0.08433771,0.2810285,0.13708735
solar,OT,44672,52160,0.8560460418539407,0.0243196352706316,0.5332358,0.18208814,0.56392527,0.15139866
solar,133,50752,51776,0.8557574988328194,0.1350202068988475,0.43640113,2.7739115,0.519814,2.8573244
solar,128,51008,51584,0.855743320687767,0.2759285040533223,0.06415367,0.2578535,0.21853828,0.024838448
solar,19,45952,51136,0.8556626941891796,-0.2395716055440443,0.6917653,0.07991934,0.18565583,0.5860288
solar,8,50048,51776,0.8556318269965775,0.1305900136205227,0.063364506,1.6322675,0.11501169,1.5806203
solar,121,47424,50880,0.8555063551157519,-0.0090503738378341,0.12661386,0.77336,0.05618167,0.5905645
solar,117,51136,51712,0.8554965865258857,-0.3524636184365726,0.53216124,0.15636086,0.33488655,0.35363555
solar,31,42816,43392,0.8554681659129801,-0.1470883241980129,0.18272328,0.19522858,0.4863553,0.108403444
solar,30,48000,50304,0.8554072411706525,0.183237437158414,0.0962019,0.14765859,0.19933462,0.04452586
solar,95,48000,50304,0.8553343051873948,0.1863424725177294,0.39692736,0.16848731,0.72138786,0.1559732
solar,93,42944,43968,0.8552957083918756,0.1867618048005114,1.1828027,0.646121,1.2052941,0.6686125
solar,8,43072,45952,0.8552380527068983,0.2505433820698257,0.39272928,0.16861892,0.60963035,0.048282146
solar,45,44416,52480,0.8551914721721166,0.0813229168923385,0.37440085,1.869236,0.3750546,1.8698897
solar,52,44672,44800,0.8551465679827958,0.2797903356036018,1.5054471,0.5236156,0.883708,0.09812355
solar,131,47680,51264,0.8550543726337492,0.1485509530812698,0.341897,0.21751976,0.517812,0.041604757
solar,74,47424,51456,0.8550158456135859,0.1525601672609715,0.5681722,0.024600983,0.5579586,0.034814596
solar,9,42816,52032,0.8548990278921472,-0.0037224516538958,1.0171382,0.15981317,1.3236771,0.14672565
solar,48,45376,51712,0.8548112541178357,0.1684952069096041,0.0018591881,0.14177322,0.08339167,0.05652237
solar,62,50048,51776,0.8546974013289038,0.2609880537892287,0.09816313,2.0748596,0.09078431,2.263807
solar,80,45952,48384,0.8541833156264449,-0.0462548877851178,0.04135251,0.1263454,0.28654814,0.37154102
solar,101,45952,48128,0.8541785420377858,0.06486179209987,0.45542765,0.21744919,0.28601742,0.04803896
solar,117,42112,51456,0.853988145352142,0.2038156711661996,0.56616926,0.4975617,0.38495612,0.31634855
solar,110,42112,49152,0.8538993071841899,0.2364574946939069,2.7371948,0.29685426,2.5789247,0.13858414
solar,41,45824,46400,0.8538772004202192,-0.0474669666749674,0.64320326,0.22518635,0.71094346,0.15744615
solar,5,49728,50176,0.853815698955401,-0.1718138204250588,0.3733387,0.131886,0.43747544,0.19602275
solar,40,44672,51136,0.8538037267862202,0.1916022565657915,0.3183794,1.1349368,0.16588974,0.65066767
solar,65,44800,45952,0.8537512530865274,-0.0915627568603051,0.6366167,0.010937691,0.5727825,0.07477188
solar,121,51264,51712,0.8535740466734849,0.003050446935775,0.018291235,0.0636704,0.23434925,0.2797284
solar,69,46976,51584,0.8535330515109754,0.2642554369281474,0.08331728,0.3911786,0.11049223,0.36400366
solar,9,42048,43776,0.8533484237702554,-0.0091748541217787,0.13207531,0.28944874,0.0153923035,0.14198112
solar,12,43968,48000,0.8528509682987567,0.2454562807884235,0.43087292,1.0357177,0.39259815,0.99744296
solar,31,42432,51072,0.8526897409447867,-0.0933951070274115,0.1907978,0.59096146,0.3169241,0.46483517
solar,120,45952,52288,0.8524987764861972,-0.0074952213950713,0.17719412,0.18819284,0.1713376,0.16033888
solar,24,48000,52032,0.8524047026389883,0.1994890147194551,1.0914736,0.020532131,1.3706145,0.29967308
solar,114,44096,45248,0.8522454600648787,0.1622629481323484,0.13033772,0.5211992,0.0869267,0.3039348
solar,86,42752,50688,0.8520694975154482,-0.2398907019304177,0.31662273,0.092745304,0.4165902,0.0072221756
solar,18,43136,44416,0.8520334531320494,0.1521011314035703,2.1797674,0.38856578,2.0906034,0.29940176
solar,3,42368,43520,0.8520161092318469,0.1759291816616165,0.15964651,0.35287333,0.4178517,0.22462487
solar,115,49536,52416,0.8519602384526322,-0.1592732309910383,0.078587055,0.043422222,0.08713579,0.034873486
solar,65,42368,52288,0.851831498537995,-0.2255210286074767,0.053924084,0.86047745,0.0509274,0.85748076
solar,15,43840,52480,0.851771773962597,0.1747990510928376,0.45827317,1.8765018,0.2266326,1.191596
solar,45,44096,51584,0.8515689286140843,0.1699680633051652,0.10056782,1.4424493,0.50582623,1.0371909
solar,29,45440,48320,0.8514829972434577,0.0532429313482606,0.271636,0.57128143,0.10315156,0.946069
solar,89,42560,47744,0.8514689768121823,0.2566648235201355,0.009464979,2.0011196,0.21614861,1.794436
solar,123,51136,52288,0.8514258675051216,0.1659765530889163,0.053122997,0.19492817,0.19038248,0.057668686
solar,48,45248,49856,0.8513474249641,-0.3623804546305881,0.28864622,0.11069894,0.3473699,0.05197525
solar,126,42368,43648,0.8510462763777125,0.0187512634668229,0.023161888,0.8090713,0.06096053,0.84686995
solar,5,47744,51200,0.8509567224526752,-0.577252306880383,0.17445946,0.25483847,0.07107401,0.009305
solar,51,42368,46400,0.8509519813760211,-0.0300800453035328,0.09159112,0.00868082,0.062039852,0.16231179
solar,62,51136,51584,0.8508075446345761,0.0794876921102198,0.34313917,0.48800445,0.27758503,1.1087286
solar,2,43712,50048,0.8508006404174323,0.2792677716796451,2.8148208,0.26310682,2.7560394,0.20432544
solar,116,42816,49024,0.8506334710400493,-0.0153568469687864,0.024547815,1.0527494,0.026418924,1.0017827
solar,105,48832,51136,0.8505187542577087,0.0009832545734749,0.0047409534,0.19781065,0.08618045,0.28873205
solar,127,42368,45824,0.8503822688562528,-0.2225817906831347,0.13378811,1.0054233,0.25095558,0.88825583
solar,101,42944,43520,0.8502667620796512,0.2305335043763447,0.78094816,0.2251172,0.9033809,0.1026845
solar,78,46016,48896,0.8502453449561561,-0.3399008640229528,0.42746162,0.15700817,0.4844966,0.0999732
solar,122,42816,48448,0.8501976202194035,0.0009475960888142,0.28761554,0.3371799,0.318496,0.36806035
solar,120,49152,50880,0.8500717431931099,0.1671787668862761,0.14524078,0.37311745,0.09615731,0.42220092
solar,11,49024,51328,0.8499281195489805,0.0547022433544728,1.8883538,0.15018678,1.631763,0.106404066
solar,135,43008,49920,0.8496694577249837,-0.1902727350778816,0.6646662,0.1250825,0.53793764,0.25181103
solar,58,43072,50112,0.8496534637809997,0.068766460608683,0.060322285,0.10248041,0.48610735,0.32330465
solar,28,44544,46720,0.8495647608604292,0.042384494162575,0.575366,0.023881912,0.8693552,0.3178711
solar,4,45824,50880,0.8495476046182339,-0.3285254010239948,0.22876668,0.06762195,0.49537945,0.19899082
solar,57,46656,52416,0.8495216960810492,0.2106553820796643,0.076645374,0.35762262,0.3359723,0.05499506
solar,125,48384,51136,0.8493991946536393,0.0916197737632707,0.27705932,0.787621,0.08009219,0.4304695
solar,3,43264,51456,0.8493620105206295,0.2201327910435145,0.40286756,0.4571216,0.1587851,0.21303916
solar,9,44672,45952,0.8493129901494051,-0.1799161335693838,1.3628745,0.37843966,0.7770581,0.20737672
solar,76,43072,52288,0.8492192079687965,-0.2654129487684908,0.22531843,0.09776044,0.0048947334,0.12266326
solar,42,44928,52416,0.849180871116078,0.1227098530543179,0.0212605,0.4486556,0.34207702,0.12783909
solar,83,48576,49728,0.8490388887786489,0.0170448885119464,0.08057594,0.09043455,0.03390169,0.024043083
solar,131,46272,48000,0.8489816985802091,0.082774178793078,0.080833435,0.32473588,0.031976223,0.3735931
solar,7,45248,51584,0.8487807796970597,0.1180661607898389,0.4185202,0.118302345,0.29184198,0.24498057
solar,116,42944,44096,0.848606037564231,0.2848665307634795,0.5665643,0.18644547,0.8411033,0.08809352
solar,14,43648,52288,0.8485223961411777,-0.2046129423003068,0.13395691,0.16406679,0.14758396,0.11747408
solar,55,44096,46400,0.848452655281308,0.0394741746922341,0.124797106,0.21291971,0.11157441,0.2261424
solar,111,43968,45248,0.8484272283440699,0.1561565746789037,0.24675727,0.3232062,0.045722008,0.03072691
solar,100,42944,49280,0.8484248824068492,0.2401613857804623,0.8141086,0.2884829,0.86798096,0.23461056
solar,133,42112,52032,0.8484063000863601,0.2392145916696905,0.49812603,0.46817923,0.33370852,0.30376172
solar,59,46720,52480,0.8481803467764464,-0.1794619739025811,0.42016554,2.5828915,0.4051652,2.5678911
solar,43,44416,48000,0.8481363090784184,0.1974197412972022,0.39113665,0.84766626,0.08760476,0.5441344
solar,73,48832,50688,0.8479877779772259,0.1688982954067225,0.40199614,0.17983389,0.65989137,0.43772912
solar,109,48704,49856,0.8477980397870026,0.2950264413592951,0.086752415,0.13016081,0.44649363,0.48990202
solar,5,48576,50880,0.8476602042120203,0.1257736561126354,0.07064152,0.3011794,0.20243025,0.028107643
solar,115,51712,51840,0.8476411817706784,0.1399979511473184,0.08894634,0.504853,0.13297081,0.72677016
solar,108,44800,47104,0.8475362569103722,-0.0220379320549805,0.15944624,0.08373976,0.013626099,0.08933258
solar,14,42752,50688,0.8474825842561798,-0.1961615849135177,0.7670679,0.1787076,0.9864359,0.04066038
solar,92,44672,50432,0.8473724262849415,0.1801391879629865,0.54283714,0.25983882,0.5239177,0.2787583
solar,5,44992,52480,0.8473599580657263,-0.2522071520636928,0.51243234,3.1832016,0.2671423,2.9379115
solar,107,42816,52032,0.8471595356098532,0.086242145904919,1.00457,0.097295046,1.0750754,0.026789665
solar,80,42176,46080,0.846958782401811,0.1094059866636676,1.3320434,0.07253647,1.2739186,0.13066125
solar,4,48000,51904,0.8469025391689986,0.0040503276402429,0.14608169,0.4920869,0.014157534,0.6523261
solar,112,49984,51136,0.8468947492180906,-0.4913984921978992,0.10265064,0.13751078,0.068246365,0.30840778
solar,35,47872,51456,0.8468541676220964,0.1110954083274403,2.9225452,0.08889389,3.158633,0.3249817
solar,68,44800,49856,0.8467525214537819,-0.0317132446722733,0.123729706,0.37423706,0.92246413,0.42449737
solar,104,47296,52480,0.8467173413714061,-0.0462929619943107,0.05490637,0.8510442,0.07079959,0.97675014
solar,85,46016,50624,0.8466494842827393,0.1004443634878454,1.0200448,0.29753804,1.1229277,0.19465518
solar,38,42368,52288,0.8466025303640959,0.0975627318502857,0.21241331,0.9701009,0.062055588,0.81974316
solar,123,45248,51584,0.8465739222626909,-0.0977115177976089,0.13032293,0.16153574,0.23303366,0.20182085
solar,52,45952,48384,0.8465543944206971,-0.0010110205464494,0.13465834,0.059144974,0.6461873,0.452384
solar,73,44288,52352,0.8464665144746669,0.0005209714159127,0.17515087,2.0679865,0.32336068,1.9197767
solar,79,44800,52288,0.8464140296534279,0.054991113870237,0.68690896,0.3658867,0.18206978,0.87072587
solar,114,46272,49728,0.8461640784536163,-0.0454833641112712,0.13716269,1.375742,0.077531576,1.1610477
solar,OT,45824,51584,0.8457665636572613,0.1780365995836622,0.42500448,0.061331272,0.08223057,0.28144264
solar,111,44416,52480,0.8454745554911485,0.1389192283440616,0.06145668,1.9068513,0.058226824,1.9036214
solar,26,43136,44992,0.8454134198867118,0.1781285262651848,3.8117692,0.62656975,3.7115188,0.52631927
solar,4,45248,47872,0.8453805993990869,0.0455255688304944,0.3477857,0.9177499,0.07088733,1.3364229
solar,128,49152,49728,0.8450827185028971,0.1991293377907274,0.10635352,0.062132597,0.06870365,0.112924576
solar,35,45440,46016,0.8446970038032322,0.0621231602406091,0.1644063,2.4371102,0.008578062,2.2641258
solar,124,42368,44672,0.8446225789159744,0.0490020698124601,0.1796534,0.3000369,0.21042061,0.2692697
solar,30,45952,47232,0.844527142786365,0.2817398403105294,0.6880088,0.18261814,0.57748604,0.072095394
solar,61,42432,51776,0.844523110384023,-0.047459259497815,1.7808397,0.99600387,1.1560388,0.37120295
solar,56,45952,49984,0.8443904580836994,0.2860107960123642,0.29922438,0.01053524,0.078977585,0.20971155
solar,OT,50176,52480,0.8439578757509137,-0.0267379561811622,0.06268573,1.2944946,0.053529263,1.4107096
solar,34,51008,51136,0.8437077913672307,0.0932738741271798,0.19939327,0.8049791,0.2935183,0.3120675
solar,116,48128,51584,0.8436538764358253,0.116534955495012,0.00060772896,0.6197586,0.06791353,0.68827987
solar,3,49856,51712,0.8436080248075968,-0.0830476048197448,0.44490218,1.0113571,0.2224536,0.3440013
solar,19,42368,45824,0.8434575732292914,0.1146261821796341,0.080834866,1.3043907,0.024992704,1.3602328
solar,104,42816,49728,0.8433219503516204,-0.0961287778266168,0.0150642395,0.07691431,0.006776333,0.08520222
solar,60,44864,46720,0.8432486635929709,0.1225268757718501,3.0577686,0.49651957,2.9674978,0.4062488
solar,123,47680,51712,0.8432404473177576,0.1058664555646505,0.08489132,0.07692289,0.14949465,0.15746307
solar,40,43072,51008,0.8429324589591931,0.1806621715823995,0.658679,0.014088631,0.84153414,0.1687665
solar,65,43072,51712,0.8429003029805807,0.2387440343676275,0.1186285,0.092867374,0.026259422,0.05202055
solar,49,45440,49472,0.8428406644790483,0.1474199500908846,0.119199514,0.3229065,0.085253954,0.35685205
solar,53,42368,44096,0.8424745921991115,0.0278444295682467,0.013576031,0.012625217,0.028113842,0.0019125938
solar,49,42816,52032,0.8423766804907135,-0.1039353723797748,0.9627447,0.106527805,1.0989118,0.029639244
solar,23,42368,48704,0.8422281974585644,0.1667281819021049,0.066124916,0.027865648,0.025221586,0.063480854
solar,OT,42048,47808,0.8421827137968046,0.1211791954853023,0.2177844,0.20390081,0.33577323,0.08591199
solar,17,44352,52416,0.842134364645081,-0.0432849830103745,0.09787989,0.23554754,0.28372097,0.14605331
solar,134,42176,43200,0.842022353511472,0.2005567022088102,0.46237946,0.22725105,0.87329483,0.18366432
solar,54,43136,47168,0.8420124392180682,0.1903013369735983,1.6238501,0.09352255,1.6205328,0.096839905
solar,49,44672,47552,0.8419929370781876,0.1706816547220744,0.2603197,0.14636564,0.2088337,0.19785166
solar,87,43520,44672,0.8418976894344122,-0.0858370616994469,0.12972283,0.5818846,0.24267173,0.46893573
solar,15,51072,52224,0.8418785244911703,-0.1422471912180029,0.4884529,0.16364765,0.46461153,0.18748903
solar,30,43904,46208,0.8418446747159203,0.1375882006732776,0.23424816,0.30990028,0.27980566,0.26434278
solar,116,42048,44672,0.8418207883800478,-0.050724910105314,1.0452783,0.34704947,1.2457426,0.5475137
solar,66,46848,50880,0.8416282708762052,0.2547809619204857,0.008280039,0.21316576,0.089155674,0.11573005
solar,39,44992,47872,0.8416200320216393,0.0378811846247155,0.29990816,2.2588663,0.26507902,2.2240372
solar,2,46848,50880,0.8415651323767024,0.0569066336157303,0.08114219,0.53757405,0.20990944,0.24652243
solar,109,49728,51904,0.8415224638684579,0.0757045108508272,0.5665424,0.070821285,0.60081506,0.105093956
solar,72,43072,47808,0.8413348844774577,-0.3851939692871872,0.11404991,0.20786619,0.44307613,0.34925985
solar,45,42368,46656,0.841248779142978,0.1949928094544027,0.1797669,0.7439599,0.0807786,1.0045054
solar,29,44352,45376,0.8412331570873518,0.0788218400270282,0.2113781,0.8441334,0.25090933,0.38184595
solar,108,50176,52480,0.8410665439118048,0.0584831198968317,0.51811886,2.6227508,0.55323243,2.6578643
solar,120,49280,52160,0.8409599449230615,0.2936902479705879,0.13136315,0.1897757,0.3221979,0.0010590553
solar,10,51584,52288,0.8407490781008449,0.2423258988311642,0.5582738,1.0323906,0.08814001,0.5622568
solar,96,42048,49536,0.8405601656374091,0.2454860992178213,0.20539522,0.33132267,0.014061451,0.55077934
solar,67,51008,51584,0.8405575272604531,-0.1649044518790778,0.6080363,0.16087699,0.29200554,0.15515375
solar,72,48896,51776,0.840553920920015,0.0510792998290384,0.30642033,0.30884695,0.07832003,0.08074665
solar,50,49152,49728,0.8405052905364083,0.0066205867939441,0.06503439,0.0886364,0.07845926,0.054857254
solar,124,47296,47872,0.8404392993954057,0.1169494482014344,0.1116066,0.41757894,0.25726795,0.27191758
solar,53,45824,51008,0.8403791691255134,0.0682016664048211,0.019789696,0.22400975,0.085921526,0.11829853
solar,58,51136,51584,0.8403684630899355,-0.2058632149646052,0.1594963,0.36878347,0.7135627,0.9228499
solar,78,49280,51008,0.8402818775941896,0.0143923559808249,0.19393921,0.6999111,0.19745159,0.69639874
solar,122,50176,52480,0.8401174719300978,0.2421758459944666,0.51314473,1.976943,0.65410924,2.1179075
solar,27,45440,47872,0.8398318400653195,-0.1023295202694348,0.14999604,0.48570633,0.109586954,0.5261154
solar,119,49024,52480,0.8398278122985797,0.1701593904548716,0.17045498,1.1108148,0.31765532,1.2580152
solar,55,48576,50880,0.8398210892366269,0.1000403028556637,0.123449564,0.16089225,0.27353692,0.010804892
solar,31,48256,49408,0.8397899443852668,0.0112281210073456,0.21938491,0.3092332,0.26208377,0.26653433
solar,48,46656,52416,0.8397700462872106,0.0983084269206873,0.07635045,0.6139505,0.4727788,0.06482124
solar,127,48704,51008,0.8396950241580338,0.0937132198460286,0.102791786,0.62903285,0.2746992,0.45712543
solar,52,49408,51712,0.8394867571111978,0.023461141023399,0.051211834,0.030814648,0.26544547,0.28584266
solar,79,42688,51456,0.8394301853244095,0.1493904956126371,0.48519397,0.7660818,0.18776369,0.46865153
solar,80,43136,45440,0.8393326291172626,0.0757982828533352,2.1770005,0.005336046,2.206066,0.034401417
solar,28,51264,52288,0.8392058455482777,-0.011523298797264,0.22385263,0.3844533,0.017932892,0.17853355
solar,20,42368,45248,0.8392055112400234,-0.1107022944528319,0.027509212,0.38393855,0.1445725,0.21185684
solar,79,44096,49856,0.8391019704487865,0.2461815408884165,0.23266888,0.15779781,0.0702939,0.14516497
solar,2,42368,45248,0.839051834636036,-0.0854380737199053,0.13586283,0.3805666,0.18734503,0.05735874
solar,48,43968,51584,0.8390398412009864,0.283306717268292,0.94301295,0.8275604,0.71681356,0.60136104
solar,84,42688,46592,0.8388093235267569,0.0196879574639691,0.5091908,2.5566635,0.40735054,2.4548233
solar,43,42560,44992,0.8387456564160285,0.2691530284566161,1.8302863,0.39635396,1.7952247,0.36129236
solar,14,50880,52032,0.8387145072509657,0.2282126733570225,0.5332546,0.18333721,0.7142105,0.0023813248
solar,3,42240,43392,0.8386810165643861,0.2528004191284882,0.012855291,1.0483527,0.11064339,0.92485404
solar,130,51136,52416,0.8386215417374533,0.0178433428094785,0.02359891,0.5100527,0.21760082,0.7512524
solar,93,47168,51200,0.8385584635773571,0.1775851573999138,0.202003,0.744823,0.35167503,0.59515095
solar,132,42816,46400,0.8385005703869771,-0.2108655937286282,0.91877913,0.15887022,0.8687537,0.10884476
solar,58,42688,44864,0.8384058040566073,-0.1413594218476166,0.20495343,1.9040737,0.030097008,1.7292173
solar,119,48000,49152,0.8382041329116031,0.1976799074742127,0.8855903,0.43113375,0.89993596,0.4454794
solar,17,45248,47552,0.8380983049656472,-0.0291766571233959,0.15108538,0.299361,0.4144423,0.036004066
solar,114,42944,48128,0.8379533040624865,-0.008423917608241,0.57596207,0.26111245,0.68746257,0.14961195
solar,107,42944,48704,0.8378601222845378,0.2192108786179027,0.45121193,0.18474841,0.49824715,0.1377132
solar,44,44928,45632,0.8376310857769701,-0.3168228334788499,0.20904136,0.53708935,0.056891203,0.8030219
solar,110,42688,52480,0.8374353828092564,0.1642296931882209,0.1608038,1.3037624,0.2454319,0.89752674
solar,105,42048,47808,0.8369340556721935,0.1334747628109731,0.016353369,0.11787534,0.01564145,0.11716342
solar,57,47424,48000,0.8368704750916238,0.0476399551024846,0.5796156,1.2943017,0.4422307,1.1569169
solar,56,43392,50880,0.8367200428751508,0.2365054436820371,0.00693202,0.9090934,0.23088312,0.6851423
solar,17,48576,50880,0.836683938463028,0.1527955232906125,0.016888857,0.037120342,0.045470953,0.09948015
solar,84,43264,50176,0.8366532142937734,0.1791564119005896,0.15163016,2.224288,0.19294047,2.2655983
solar,50,42368,51712,0.8364204218791924,0.0511847969397205,0.3917663,0.73650765,0.07305026,0.27169108
solar,93,42112,52480,0.8362260883597041,0.1151814187996686,0.6432009,2.3636043,0.7786865,2.49909
solar,56,44864,49600,0.8361846711041973,-0.01055262582586,1.3318245,0.43936634,1.1494169,0.25695872
solar,69,42048,44224,0.8360965005547719,0.000811006902392,0.94147086,0.2715578,0.6439619,0.025951147
solar,96,43136,44864,0.8358530940510962,-0.2656479988617993,0.3199234,0.105472565,0.23238182,0.017930984
solar,67,50624,51200,0.8357996096112095,-0.0059564811293357,0.114424706,2.3295162,0.0573771,2.3865638
solar,41,49856,52288,0.8357337744823338,-0.2327594830430242,0.4450152,0.98536944,0.020420551,0.5199337
solar,18,42112,42688,0.8357198211437411,0.0499624838032537,1.0543482,0.11831069,1.4085653,0.23590636
solar,125,42560,47744,0.8356533875519374,0.1520693231651154,0.062689304,1.7835469,0.03260994,1.8788462
solar,70,42944,43968,0.8354425133311321,-0.0149970882579943,1.1374164,0.64747334,1.0735049,0.5835619
solar,66,46400,48128,0.8353519421248697,0.1813265619198189,0.02325654,0.103694916,0.25016117,0.33059955
solar,92,46272,48000,0.8348788587900661,-0.007652309313476,0.2521701,0.028553963,0.13793516,0.14278889
solar,85,44672,51136,0.8347226742107732,0.2320755221331973,0.506722,0.57948875,0.07960081,0.15236759
solar,23,42560,49472,0.8345496274475785,0.0577447678552483,0.12500024,2.596859,0.07465911,2.5465178
solar,68,44672,45248,0.8345253959386282,-0.1192317731941843,0.28388977,0.22406888,0.22255468,0.28540397
solar,111,44864,46016,0.8344886346720527,0.0359693292162711,0.27401876,1.4844413,0.60633564,1.8167582
solar,13,43968,48000,0.8344171104183554,0.1024274935572259,0.102588415,1.2011278,0.0976336,1.0009058
solar,16,42944,51008,0.8341659561024354,-0.2950954913086148,0.101112366,0.30539083,0.3722396,0.03426361
solar,36,48000,48576,0.8340957478817556,0.2740088568448002,0.7569139,0.53976893,0.88757944,0.6704345
solar,133,49856,51584,0.8340260752309718,-0.0693227197756035,0.4714725,0.32440257,0.20726871,0.060198784
solar,52,44096,49856,0.8337607647475829,0.1035055953383187,0.05124855,0.6772759,0.28904343,0.33698392
solar,68,46656,51136,0.8336565597267133,-0.2002406307166009,0.6559918,0.09859228,0.61780787,0.13677621
solar,103,49152,50880,0.8336400530609398,0.0770016460089127,0.14195013,0.3585179,0.06335378,0.5638218
solar,83,43968,48000,0.8333606964197081,0.1187713521925155,0.28765845,0.48107314,0.5242417,0.7176564
solar,115,42432,46016,0.8333130608685717,-0.4566237738786096,0.05707836,0.5045161,0.31545067,0.24614382
solar,32,42816,48576,0.8332177025297768,0.2907894581300282,0.24748898,0.27248192,0.37770247,0.14226842
solar,86,43520,45824,0.8330942130073339,0.1508016524818811,0.13303852,0.8529713,0.1866107,0.79939914
solar,19,43136,44416,0.8329321058908333,0.0400656381202915,2.9210563,0.58243775,2.8454819,0.50686336
solar,108,42944,51584,0.8328199143163282,-0.1617102508685728,0.48918962,0.1701746,0.46141958,0.19794464
solar,89,43072,51136,0.8326055215462395,0.0502611860637325,0.18275547,0.007250309,0.1517291,0.023776054
solar,94,44992,52480,0.8325297710953127,0.1245224169679557,0.14642954,1.4982886,0.07162523,1.2802339
solar,15,43072,52288,0.8325204075675778,-0.0649503665785089,0.42910957,0.010511398,0.17884731,0.26077366
solar,36,48704,51584,0.8324747999404338,0.0892584216346814,0.15695667,0.3817463,0.08768916,0.4510138
solar,81,42112,43392,0.8324590821384149,0.0564031330872544,1.7349038,0.056507587,1.8776436,0.19924736
solar,21,50880,52032,0.8323543000415766,0.0944158442825964,0.7020509,0.32442498,1.0558352,0.02935934
solar,61,51904,52480,0.8320006914061707,-0.0152230544358521,0.12598777,2.1970687,0.11795592,2.4410124
solar,66,48384,52416,0.8318879165616785,-0.0048696586015633,0.058224678,0.37923145,0.3233118,0.0023050308
solar,20,44672,48128,0.8318477994250599,0.195938068066238,1.0802636,0.044716597,1.0442314,0.008684397
solar,30,47872,51904,0.8317983808106901,-0.0101906609815083,1.178108,0.20243001,0.9282539,0.047424078
solar,31,43072,44224,0.8316802941054204,-0.0079203690614654,0.5518191,0.062086105,0.47475553,0.014977455
solar,85,43776,51712,0.8316644479217918,0.1259522520469133,0.62359,0.69138527,0.0741663,0.14196157
solar,66,42240,45248,0.8316404295314896,-0.1820450787230161,0.283149,1.1481047,0.20550036,1.070456
solar,46,47680,47808,0.830928944988478,0.1144343381554603,0.04779482,0.11337757,0.46584177,0.30466938
solar,52,42688,51456,0.8307911142156277,0.1046388540856613,0.59601045,0.87652326,0.18196535,0.46247816
solar,109,49408,51136,0.8307081906221015,-0.1237391696923267,0.12581587,0.043908596,0.16836548,0.25027275
solar,104,51200,52352,0.8305702975205119,-0.2377228186145432,0.31564856,0.12532854,0.18520069,0.0051193237
solar,118,50688,51712,0.8304348345903896,-0.2375370681260571,0.44620514,0.38448,0.028272629,0.03345251
solar,50,44672,46976,0.8303815777328422,0.0918237036279613,0.65198445,0.18844819,0.59546447,0.24496818
solar,111,49280,51584,0.8302433558394574,0.2685155153215917,0.19934511,0.25740504,0.022614002,0.08067393
solar,43,43840,47296,0.8302152363891058,-0.0020785435163408,1.596298,0.06994009,1.6419265,0.11556864
solar,130,45248,45824,0.8300575394090814,0.1357604864370069,0.0514915,0.579406,0.42376566,0.104148865
solar,8,43648,51136,0.8299236416455984,0.1013171830186244,0.22734404,0.19167233,0.13973951,0.27927685
solar,117,46592,52352,0.8298913519720083,0.1340888340360055,0.065564156,1.8207688,0.15120363,1.7351294
solar,67,43072,44800,0.8298595281290863,0.2694091697861867,0.77811027,0.080443144,0.44697523,0.41157818
solar,74,42944,45824,0.8298179356449915,-0.2231626283856541,0.15899467,0.16882229,0.34637213,0.018555164
solar,22,44160,46592,0.8297641061110044,0.259058142179388,0.97422194,0.22702003,0.8378241,0.09062219
solar,60,47424,49728,0.8294695595429133,0.2157199592972954,0.015831709,0.2919011,0.24718475,0.060548067
solar,16,44672,48704,0.829367118317793,0.1762744537093386,0.8343048,0.30753994,0.9372263,0.20461845
solar,85,42560,51200,0.8292875220867995,0.1706015488377805,0.13696647,2.4607384,0.16139507,2.485167
solar,13,44864,44992,0.8290632160298667,-0.0568489335389877,3.322807,0.4052856,3.2744904,0.35696888
solar,127,50304,52032,0.82901117089143,0.1874259574197267,0.026936531,0.23885918,0.091531515,0.12039113
solar,33,44096,45248,0.82876215085117,0.1148184293708221,0.07867384,0.8118174,0.29743648,0.5930548
solar,85,43648,45952,0.8287095121105177,-0.1181670463568856,0.2565198,0.021084785,0.031067848,0.26650286
solar,58,42112,52480,0.8286337826665127,-0.0947009427755747,0.22945309,1.0470686,0.026468515,0.791147
solar,4,44352,49536,0.8285349021001478,-0.0458629830277,0.29457593,0.030506134,0.032371044,0.23169875
solar,47,45504,52416,0.8284659386993932,-0.0032347329866135,0.029498577,0.48815012,0.3640256,0.09462595
solar,103,42944,44672,0.8282231542831763,0.2294310562863817,0.09285259,0.061609745,0.1250143,0.029448032
solar,115,42368,45952,0.8281578939688753,0.100638267463859,0.07422447,0.76144147,0.5555155,0.13170147
solar,40,43968,52032,0.827970344648163,0.0522413457623347,1.109766,0.116262436,1.2596312,0.033602715
solar,102,44672,46976,0.8277352329523213,0.0755554205488381,0.9221628,0.28997898,0.9422984,0.26984334
solar,41,42688,49024,0.8276289944359607,-0.0441142548074935,0.033540487,0.4417088,0.092312336,0.31585598
solar,66,49856,52160,0.8275965928852663,0.1234511856810149,0.12649679,0.10009265,0.15925145,0.06733799
solar,43,43136,46720,0.8274451551277564,0.0425093933747552,3.5844214,0.56332445,3.573468,0.552371
solar,115,51136,51584,0.8272212367200938,-0.0613670420821115,0.023283958,0.71371794,0.25040603,0.9874079
solar,18,42944,46400,0.8272124260616077,-0.1316406082355881,1.5265887,0.25083303,1.6676252,0.109796524
solar,92,46016,47168,0.8271626115549374,0.1536012165243264,1.8725309,0.04548359,1.8259583,0.092056274
solar,134,42816,46272,0.8271619655711354,0.1833673688383558,1.3271062,0.06434965,1.5067682,0.11531234
solar,72,42368,44672,0.8271545498972296,0.0115543994587677,0.03924036,0.0069298744,0.041733265,0.009422779
solar,133,51136,51712,0.8270678892622976,0.2614054984029331,0.40769863,0.28762603,0.62160134,0.073723316
solar,107,47296,47872,0.826927051955431,0.2061587629805024,0.11630607,1.2713172,0.040860653,1.1958718
solar,77,43392,48000,0.8267419792234233,0.2437757220864857,0.11431742,0.78234506,0.124050856,0.5439768
solar,55,42944,46976,0.8266513927137582,0.1615330115395156,0.43554354,0.36348057,0.7165489,0.082475185
solar,70,43392,50880,0.8266494778332247,0.2613084496204246,0.15353656,0.9610524,0.22503328,0.5824826
solar,43,51136,51712,0.8265547192703746,0.2865479734704128,0.17990255,0.6231649,0.28133488,0.52173257
solar,72,42560,49600,0.8263091507346475,-0.161991591038852,0.25125337,0.17754602,0.4806912,0.40698385
solar,26,42176,51840,0.8262260835923555,0.2257228533569486,1.6005814,0.097459555,1.6440191,0.054021835
solar,13,43648,51712,0.8261692085353057,0.0896429157225395,0.2621212,0.20114088,0.11656952,0.5798316
solar,130,44096,49856,0.8261604842230161,0.032548886191719,0.16979432,0.23904538,0.19942713,0.13017607
solar,33,45504,52416,0.82612893030219,0.0639584617254926,0.11804056,0.6502528,0.46036005,0.07185221
solar,36,47872,50752,0.8260759653087486,0.1450398475734975,2.0305953,0.43953657,1.8770714,0.28601265
solar,115,45248,48704,0.8258576508792553,-0.0331016000997439,0.4218638,0.14745522,0.40601993,0.16329908
solar,5,47232,52416,0.8257539442063315,0.131535754209554,0.03970194,0.27303505,0.2410183,0.0076851845
solar,19,48448,51904,0.8257026529887583,0.196914645962488,2.1515062,0.55984163,2.0077124,0.4160478
solar,61,42368,46976,0.8256677775287092,0.0995744565955297,0.0026347637,0.23091269,0.22718883,0.0010890961
solar,90,47168,47872,0.825478846997952,-0.0155734584247618,0.069805145,1.1626494,0.16609406,1.0663605
solar,66,47424,52480,0.825448967111235,0.2324496548006932,0.31363273,2.7879498,0.28623986,2.760557
solar,132,49728,51328,0.8253966661327252,-0.0346831311803176,0.88114405,0.07294893,0.89918065,0.09098554
solar,62,42560,44992,0.8251126795996433,-0.0374024651692883,1.2144301,0.22390366,1.2125952,0.22206879
solar,89,42112,46848,0.8250075669416478,-0.0509371814474378,2.3418283,0.13552761,2.450818,0.24451733
solar,67,44224,44672,0.8248404250014252,0.0040464614875132,0.045038223,0.26778507,0.63118434,0.8539312
solar,75,46976,51008,0.8247748644819011,-0.0672172829046145,0.33859444,0.67950726,0.17859674,0.83950496
solar,102,43072,47680,0.8247201169655053,0.1504464902236311,0.33459187,0.061762333,0.20744038,0.18891382
solar,30,42368,48384,0.8246208916667879,-0.0481959537738919,0.15478659,0.23290944,0.32619,0.713886
solar,90,42944,45248,0.824617295551694,-0.1029616568053976,0.36833382,0.05611348,0.105266094,0.3191812
solar,128,45952,52288,0.8240854984586242,0.2520704266362876,0.124361515,0.12395859,0.15879583,0.15919876
solar,107,42560,46720,0.8240553528917085,0.0884466003422774,0.37259126,0.25423002,0.48727942,0.36891818
solar,66,47744,49024,0.8239621436053882,0.0146267609677388,1.5452199,0.19799566,1.4600661,0.112841845
solar,92,43072,49280,0.8238521475952514,0.2374506114962829,0.86964655,0.028118849,1.079226,0.23769832
solar,12,45824,46976,0.8237412807927005,0.039144990800358,0.21651268,0.14979267,0.2618134,0.10449195
solar,55,42112,46272,0.82356525199825,0.07478961677164,2.1835544,0.04771328,2.42136,0.28551888
solar,116,51328,52480,0.8233682493754408,0.1340261102752642,0.4154322,2.3237057,0.5923722,2.5006456
solar,53,44672,52288,0.8231436878935735,0.0554537946964382,0.8764026,0.70966077,0.519217,0.35247517
solar,86,49984,50112,0.8228928855837572,0.1587398039287464,0.44389248,0.09063816,0.18010783,0.53336215
solar,22,42816,44288,0.8227680704068446,-0.0579909831710264,0.68950105,0.059629917,0.8253412,0.07621026
solar,52,44288,45568,0.8225970171941019,0.0748799684833781,0.33179402,0.3973863,0.31227183,0.37786412
solar,133,49152,52480,0.8225267776910946,0.1216771236384499,0.12529802,1.1898768,0.19460869,1.1205661
solar,18,48576,49728,0.8223750361544416,0.201729880211518,0.04351878,0.8784416,0.18626666,0.7356937
solar,123,49024,52480,0.8223190082122934,0.0166217082239657,0.041036606,1.7967238,0.16469431,1.9203815
solar,107,44288,46016,0.822276973055685,0.1670812941050244,0.10344839,2.125858,0.24781442,1.981492
solar,25,43072,48704,0.8222567457306016,0.0195580574559825,0.7838392,0.12820244,0.97328925,0.31765246
solar,76,44672,49280,0.8221249411786126,-0.0220009112272369,0.6202574,0.20745778,0.6427593,0.18495584
solar,45,48000,49152,0.8220306852770353,0.0191160250878342,0.32907796,0.23310447,0.6213908,0.059208393
solar,70,42688,52352,0.8220161981116946,0.076730841942131,0.6305764,3.2588625,0.398134,3.02642
solar,21,43520,45248,0.8219208133460953,0.1090355417147723,0.012684584,0.5198488,0.18302011,0.3495133
solar,26,46528,48128,0.8218076467709786,0.2167637631657883,0.31834245,0.22708488,0.693403,0.60214543
solar,59,45248,51584,0.8216871726897946,0.2388635865942799,0.21839714,0.27628613,0.50198174,0.0072984695
solar,13,51904,52480,0.8213209764925443,0.1018719171877187,0.15597248,1.860672,0.46120954,2.165909
solar,107,44800,44928,0.8212498290234611,-0.0051894106220771,0.029932737,0.15762186,0.3132298,0.5007844
solar,87,45248,51008,0.8211335122600024,0.1884692092225988,0.20326567,0.034850597,0.11080265,0.12731361
solar,37,43136,49600,0.8211236210799053,0.0919870433154246,2.3532312,0.5141609,2.2093449,0.37027454
solar,20,42560,47296,0.8210951445507575,0.0045402968181124,0.010332823,0.5358188,0.0043649673,0.5417867
solar,12,42944,51008,0.8209200573561996,0.1164876722532016,0.13276005,0.2788229,0.31525564,0.16919279
solar,43,46016,50624,0.8207863879961812,-0.0765688168359487,1.4820089,0.21647406,1.5756924,0.122790575
solar,72,42944,46976,0.8206758987973624,0.2779902983683223,0.63703585,0.22518802,0.66257477,0.1996491
solar,79,43968,51008,0.8205247793658657,0.1360084525961593,0.18743324,0.5929675,0.0869441,0.49247837
solar,75,49984,51712,0.8204187805477847,0.0443894048766199,0.19166946,0.15127516,0.08707476,0.43001938
solar,102,47552,51008,0.8204111411685777,0.1894919181394451,0.015546322,0.033932447,0.2960415,0.24656272
solar,27,42560,46144,0.8202278578630318,-0.0297279385687892,0.5665796,0.2668755,0.76736,0.4676559
solar,25,50624,52352,0.820070611683772,0.1591985856999523,0.08426666,2.0342908,0.0158391,2.1343966
solar,95,42560,46720,0.820009036843649,0.0054901268081982,0.09108901,0.24815917,0.33000422,0.48707438
solar,31,44544,48000,0.819677754916912,0.0618400080812989,0.17398,0.0131213665,0.006046772,0.15481186
solar,101,50304,50880,0.8195648800045447,-0.3469540705458664,0.113049746,0.13257504,0.19429159,0.21381688
solar,106,43520,44672,0.8192971008769258,-0.2276082781402295,0.18122268,0.67807794,0.14220572,0.35464954
solar,74,44672,51584,0.8191980066980316,-0.0119992277700203,0.027390003,0.25454187,0.1569686,0.07018328
solar,67,48448,49472,0.8191319724114599,-0.0116985641353115,0.41348886,1.9014187,0.33785725,1.8257871
solar,112,42944,51712,0.8191172209620945,0.1370963999835881,0.7734833,0.50027204,0.083091974,0.19011927
solar,100,46848,48000,0.8189480901194384,0.150531393619544,0.10669923,0.9303324,0.051057816,0.874691
solar,49,45504,50560,0.8188734557682669,-0.0038429090403933,0.29775763,0.56396437,0.11075163,0.15545511
solar,11,50560,51136,0.8188643313342192,0.1789954134345534,0.28560305,0.21669817,0.182199,0.113294125
solar,87,47296,47744,0.8184962034281618,-0.0188599332143169,0.5344,2.7348495,0.79204965,2.992499
solar,29,48128,51136,0.8184920309310032,0.1397614586636513,0.78005743,0.11107397,0.42163515,0.24734831
solar,34,43136,49600,0.8184502412883506,-0.1274107276515438,2.590864,0.8654015,2.3503904,0.624928
solar,39,43776,51712,0.8181884840321572,0.1581123548063701,0.4224143,0.4914956,0.089334965,0.15841627
solar,27,45248,48128,0.8179147408977623,0.1718598669683801,0.14858055,0.05723858,0.26997495,0.17863297
solar,11,43520,45824,0.8175345070545614,0.2576726617469669,0.19550371,1.0572903,0.3017807,0.9510133
solar,117,45952,48384,0.8173484691400277,0.2250076222282702,0.008815289,0.016064167,0.46109724,0.43621778
solar,98,44800,45952,0.8172516968276919,0.2066324349740826,0.29675484,0.20111203,0.014849901,0.48301697
solar,60,45248,46400,0.8168482133793683,0.1755959626193955,0.25351524,0.13363385,0.19843102,0.18871808
solar,133,45824,50432,0.8168442608310702,0.201023793546155,0.6635151,0.33100653,0.8477104,0.14681125
solar,25,42368,51584,0.8167863919998458,0.1723463745755583,0.09548688,0.36056566,0.16506791,0.29098463
solar,101,44672,47552,0.8167445654540387,0.2308399102313187,0.21820855,0.088688135,0.13489795,0.17199874
solar,63,48576,51456,0.8167183724863677,0.1024235402066334,0.56153536,0.09915686,0.56304455,0.09764767
solar,55,51904,52480,0.8167012377280303,0.037861817841786,0.0025446415,2.6485636,0.1771276,2.8231466
solar,1,51136,51712,0.8164470494111576,-0.173410317263873,0.10105133,0.19223642,0.2561884,0.03709936
solar,9,43520,45248,0.8163752162758467,-0.2007810957039604,0.1111474,0.43547082,0.22197461,0.3246436
solar,60,42176,51840,0.8159588900527665,0.1833936486725998,1.9532735,0.0787375,1.9651692,0.090633154
solar,132,42688,52480,0.8157314062750564,0.0131913376084533,0.21747255,1.4769373,0.06991267,1.3293774
solar,115,48128,51008,0.8156715475872491,-0.2604034206416059,0.042445898,0.93260527,0.1407044,0.8343468
solar,120,48000,48576,0.8153702729953926,0.1929604216137724,1.2969067,0.21247959,1.5095313,0.42510414
solar,77,44288,46720,0.815202358151894,0.0016883688661329,0.7193613,0.33599257,0.7370732,0.35370445
solar,87,43840,47872,0.8151049373046109,0.2565388398933647,0.08787155,1.3315759,0.056986332,1.3006907
solar,3,43072,49536,0.8149672047025268,-0.1538185149708162,0.3297305,0.2451396,0.7667279,0.19185781
solar,62,43840,47296,0.8149325433428407,0.0819751844379973,2.4970078,0.45142722,2.3742256,0.328645
solar,1,42112,42560,0.8148741893630991,-0.0644560843661364,0.32011867,0.5974996,0.27671766,0.5540986
solar,130,42560,46144,0.8146917295422921,0.0151104433048344,0.67592764,0.35815763,0.76302314,0.44525313
solar,84,44416,52480,0.8146262276354012,-0.2116326369405966,0.018829107,1.3382156,0.098180056,1.4175665
solar,57,44096,51008,0.8145944639517972,0.0085115005959709,0.20599246,1.02847,0.18880105,1.0456614
solar,68,50752,52480,0.8145632487480626,-0.0722964369940739,0.2202909,1.5478504,0.2718835,1.599443
solar,68,45824,52288,0.814476459822951,0.2128169999667128,0.96386385,0.1840291,0.56801987,0.21181488
solar,71,43136,47296,0.8144068980077647,-0.1457477644192015,1.7696843,0.14277458,1.7057524,0.07884264
solar,38,46976,51584,0.8140555637432303,0.0809294392053469,0.17550635,0.3146417,0.14740348,0.3427446
solar,128,43968,48000,0.8140461470201571,0.1146705433907743,0.12490845,0.12788725,0.07384968,0.17894602
solar,72,46656,51136,0.8139884772939034,-0.2114971836649397,0.30303383,0.83099866,0.22324634,0.3047185
solar,133,45248,46400,0.8138815007646194,0.2448513890089673,0.24408293,0.19684625,0.27870703,0.16222215
solar,120,42944,43520,0.8137737217488096,0.1679721839111771,0.3490739,0.28830338,0.6080878,0.029289484
solar,56,46656,47808,0.8136708398401323,0.0545005651338526,0.025988102,0.31445694,0.23280382,0.10764122
solar,102,45824,48576,0.8136492023718565,0.1801265722372316,1.5104086,0.43111753,1.3957474,0.31645632
solar,94,45952,51712,0.813597048934341,0.0066107721413096,0.33055472,0.29326153,0.109749794,0.51406646
solar,112,42560,50752,0.813573242702217,-0.0766986210228625,0.09882641,0.30064392,0.19352412,0.39534163
solar,42,42368,46400,0.8134826468573445,0.0983847154338304,0.35834408,0.007680416,0.06301999,0.28764367
solar,9,43136,44416,0.8134749751882072,0.0837962338345382,2.5707185,0.42576933,2.4186707,0.27372146
solar,119,43136,50752,0.8133855246522701,-0.1013904425016898,1.8816776,0.3196733,1.6972067,0.13520241
solar,97,43520,51584,0.8131983302131599,0.0860797354574041,0.017939568,0.50270987,0.18081546,0.30395484
solar,99,43712,47296,0.8131541626433848,0.0621849531926137,0.83261776,0.22165537,0.91238856,0.30142617
solar,38,46016,50624,0.8130284455525321,0.245064811699066,2.3817625,0.19065642,2.2476432,0.05653715
solar,114,45568,50624,0.8128778301782955,0.0874375755647756,0.32218862,0.5065098,0.24266577,0.42698693
solar,23,42816,46848,0.8128713487919308,-0.0904392349356259,1.4746895,0.12187576,1.709183,0.35636926
solar,85,45248,49280,0.8125391211942703,0.1556390747212078,0.038924456,0.061187983,0.045057297,0.02279377
solar,37,42048,48256,0.8123624093897794,-0.1232381707186147,0.7200198,0.14567947,0.5439122,0.030428171
solar,61,42944,49856,0.812292547888724,0.0581054628406176,0.14325953,0.06400514,0.03966117,0.1676035
solar,81,42048,48384,0.8122794567458662,0.046937941731682,0.0892005,0.32681847,0.007525921,0.40849304
solar,104,48000,52032,0.8120343548633856,-0.0479695208262857,1.326303,0.079901695,1.4306226,0.18422127
solar,50,42944,43520,0.8120224236986299,0.2351028082754751,0.534405,0.22184515,0.6143122,0.14193797
solar,97,42688,47872,0.8119746765606222,-0.05512401247179,0.15937662,1.0857587,0.27177072,0.65461135
solar,69,43136,45568,0.8118263335956908,0.1372205885043493,2.513314,0.42655134,2.5735734,0.48681068
solar,127,42624,48256,0.8111688181376818,-0.018982940956761,0.7886205,0.075114965,0.6457579,0.06774759
solar,59,47680,51712,0.8111614680428454,0.0371649003055508,0.18612432,0.030108929,0.022266388,0.23849964
solar,62,42624,51712,0.8110139933068179,0.0505212240162777,0.26113534,0.66228795,0.0018224716,0.39933014
solar,72,46592,46720,0.8109206635793738,-0.1531943764093223,0.6799643,0.25022078,0.6686306,0.23888707
solar,1,42944,49856,0.8107874958983432,0.1415964908248283,0.72952366,0.22433758,0.8169923,0.13686895
solar,119,44992,47872,0.810737836314359,-0.0122300503595509,0.3582418,2.3777804,0.12985301,2.1493917
solar,95,49152,52480,0.8107197247302544,0.0975925817597038,0.053945065,1.8095093,0.015332699,1.7402315
solar,134,43648,44928,0.810485294484584,-0.1468600741539079,0.270957,0.22073555,0.5111847,0.01949215
solar,74,49536,51136,0.8104039453493469,0.0906457860458344,0.454288,0.6121321,0.011023521,0.14682055
solar,25,44096,51008,0.8103013090689626,0.1670683579425276,0.15855384,0.74560523,0.039762497,0.8643966
solar,119,45632,48960,0.8099278228666146,0.2578939641574941,0.7493396,0.185678,1.0356522,0.100634575
solar,133,51456,51904,0.8097984870259826,0.1384996889232057,1.4920702,0.2810545,1.4801042,0.2690885
solar,34,44416,47872,0.8097308128738767,0.0037705297192726,0.24928093,1.7400327,0.06204343,1.5527952
solar,27,44928,52416,0.8096953231172108,-0.0632276347720323,0.16990852,0.18503523,0.027136803,0.042263508
solar,36,42368,46976,0.8096256977437389,-0.0686593245257008,0.21278667,0.029920578,0.1407311,0.101976156
solar,22,42368,46400,0.8093911117672771,-0.284772828204452,0.60519767,0.13224912,0.079246044,0.5521946
solar,24,45568,50176,0.8093346533341153,0.2381924513167944,0.09135175,0.25411987,0.11041999,0.23505163
solar,30,46976,51008,0.8092779624634678,0.1614344893167618,0.093915224,0.7049725,0.39782715,0.40106058
solar,35,47232,47680,0.8092200084453401,0.054184827407512,0.5917945,0.36526823,0.20229864,0.02422762
solar,6,43648,51136,0.8091809047882381,0.1607349056413034,0.018895626,0.503335,0.075498104,0.44673252
solar,55,48960,52416,0.8091214363731377,0.1879642694362188,0.15598726,0.38975906,0.31800604,0.08423424
solar,135,45824,50880,0.8091205137006378,0.0414430403113099,0.12248421,0.35025597,0.63104415,0.15830398
solar,60,44800,50432,0.8091157918105902,-0.0364305726522164,0.303267,0.09353304,0.5842769,0.37454295
solar,127,42560,48448,0.8090842601468832,-0.0320248481920878,0.20634556,0.31021237,0.30447793,0.40834475
solar,46,46720,50048,0.8090677143563757,-0.0333831422863507,0.13798833,1.086169,0.18969297,1.1378736
solar,80,42816,52032,0.8090303404399948,-0.0546213974360562,0.27650595,0.027078629,0.20307398,0.1005106
solar,97,45952,52288,0.8089696085750793,0.2002692301788954,0.42060614,0.13902187,0.080631256,0.36221552
solar,93,44672,48128,0.8088255423246765,0.1124961004392599,0.5557537,0.2417624,0.46480632,0.15081501
solar,66,42944,51008,0.8088120863017652,0.1235314656846994,0.14550209,0.018132687,0.1695795,0.33321428
solar,17,42944,51008,0.808738885032941,-0.115192371113644,0.18447256,0.15141916,0.118236065,0.15128946
solar,39,42944,48704,0.8087279396807401,0.1815465192611512,0.9601822,0.41565514,1.0360954,0.33974195
solar,45,50176,51456,0.8086436858222783,-0.1595998874440223,0.94376826,2.0561192,0.7713549,1.8837059
solar,71,44800,51136,0.8085708295313996,0.2966537114166489,0.12651348,0.0016770363,0.12700272,0.0021662712
solar,128,42560,44992,0.8084362727730092,0.0042489544057603,0.76927876,0.14931774,0.8889866,0.26902556
solar,32,43136,44864,0.8084279871029615,0.0262264798967691,2.8509276,0.67789483,2.5626743,0.38964152
solar,121,47296,47872,0.8082305477670855,0.0511187911354271,0.14944124,1.3746922,0.13231611,1.3575671
solar,26,46400,47552,0.8082255562965225,0.2868054495927261,0.0569036,0.22424269,0.12556839,0.1555779
solar,12,43712,46720,0.8081472170241162,-0.1172517116972037,2.7669978,0.46580362,2.6497116,0.34851742
solar,106,42368,44096,0.8081413441460186,0.2251491563447093,0.19300771,0.020463705,0.112262964,0.06028104
solar,114,44672,48704,0.8077475424308117,0.2205943254609219,0.5770955,0.28697777,0.67068005,0.19339323
solar,124,42944,49856,0.8076791796199998,0.2983575287152201,0.7471521,0.11446977,0.61977816,0.2418437
solar,62,48576,50176,0.8075608871019905,0.1900877332796049,0.035699606,1.3354435,0.13934326,1.5104864
solar,50,43136,46720,0.807531579038792,-0.0795389572757686,3.155749,0.6925838,2.9572034,0.4940381
solar,120,47552,51008,0.8074794969812044,0.1550198704419993,0.14272475,0.005331993,0.124657154,0.2620499
solar,43,42176,51264,0.8066675793303255,0.1923537995611335,1.5101812,0.1036427,1.0435681,0.57025576
solar,32,51904,52480,0.8065677073131091,0.116330230176661,0.51764035,3.15619,0.75660133,3.395151
solar,59,47872,50752,0.8064541903451595,0.1353676303317776,0.8299489,0.108270645,1.019155,0.08093548
solar,88,51904,52480,0.8064489726529961,0.0957052626905361,0.03015709,1.2479887,0.1741755,1.3920071
solar,79,47168,47296,0.8063401575760584,0.0800282912527742,1.1711183,0.36243224,1.1093991,0.30071306
solar,78,43712,46720,0.8060968980570618,-0.0187449685740727,0.7133138,0.34677076,0.6535156,0.28697252
solar,108,42560,47296,0.8059950642890956,-0.0363966593759578,0.05426669,0.40435076,0.0056443214,0.3557284
solar,0,43520,47552,0.8057896353476747,0.0202069086646052,0.08381176,0.42393875,0.3931167,0.05298972
solar,97,43136,44416,0.8055293007806477,0.2339111427127731,2.3471162,0.2790165,2.200664,0.1325643
solar,123,45568,50624,0.8053390292179554,-0.015284934625402,0.3264284,0.8141856,0.198354,0.6861112
solar,23,42496,45952,0.8052334189286529,-0.0758841690563214,0.33156896,0.009467125,0.08504987,0.42608595
solar,98,42944,45248,0.8046105871589981,-0.2837420115935534,0.44067717,0.12127876,0.47859764,0.08335829
solar,75,43136,46720,0.8045786616171425,0.1383341944556431,2.37889,0.26680827,2.306401,0.19431925
solar,33,46272,51456,0.8044764880369322,0.0055142577120985,0.22356987,0.10735464,0.033596277,0.1498115
solar,72,44096,49856,0.8043764309761297,0.2874080573451021,0.12878442,0.06771684,0.0368886,0.09795618
solar,6,44864,44992,0.8043308036722961,-0.0963044157126699,0.6533549,0.1201756,0.7940438,0.2608645
solar,42,45824,46976,0.8043193517230428,0.2181775390258607,0.16135383,0.11826229,0.16224432,0.1173718
solar,66,48000,49152,0.8043167658662476,0.0365737625283106,0.008052349,0.12031484,0.265826,0.1374588
solar,126,43776,48512,0.8041909292581793,0.2919136855908432,0.25169277,0.77104187,0.31918383,0.8385329
solar,117,44288,46720,0.8040913546673837,-0.0367768089402407,0.17670417,0.27359128,0.260535,0.3574221
solar,125,44288,46144,0.8040280563819674,-0.083465212843346,0.74594736,0.13784051,0.83796716,0.2298603
solar,117,42944,46976,0.8039721643975206,0.1625781618610248,0.6946745,0.32155657,0.8880842,0.12814689
solar,36,42048,44928,0.8036073486229429,0.1334808426691348,0.38194084,0.4015484,0.75500584,0.02848339
solar,38,50432,52160,0.8035518872740807,0.0490290797392002,0.1166327,0.05710721,0.12655616,0.047183752
solar,4,44416,51456,0.8033429460039204,0.1344439582197125,0.949337,0.022069454,1.0085189,0.08125138
solar,46,44672,49280,0.8033298469204678,0.00124100652077,0.54587317,0.22890663,0.54065776,0.23412204
solar,67,46976,49856,0.8032910156917409,0.2347036825541954,0.0896852,0.566216,0.2161243,0.4397769
solar,58,43328,51840,0.803102545524863,0.1034225454312844,1.5231924,0.10082102,1.667316,0.043302536
solar,33,49408,51136,0.8030407921367367,0.068396889534143,0.16491222,0.23053503,0.2794733,0.11597395
solar,9,47680,49536,0.8029764776940325,0.046470536496182,0.4400072,0.09425402,0.058244705,0.59250593
solar,64,43968,51008,0.8027524827080988,-0.2298337836428982,0.33644724,0.0888896,0.24572134,0.0018362999
solar,99,46976,49856,0.8025761075795849,0.0506689877331546,0.12679076,0.48985243,0.0860157,0.5306275
solar,109,44992,50880,0.802544885621199,-0.0005169007577802,0.38449287,1.5041285,0.25122356,1.3708591
solar,42,43520,51008,0.8025306909606729,0.0249615189329497,0.027556181,0.6646414,0.25203824,0.44015932
solar,14,45824,51584,0.8024736694513931,-0.125858090154108,0.50029325,0.07402444,0.3517499,0.2225678
solar,99,42560,46720,0.8023847798026587,-0.0904360960993048,0.2066276,0.2783091,0.40263438,0.47431588
solar,51,43136,47296,0.8022899314770787,0.0195568605419425,2.2479281,0.3311262,2.1298008,0.21299887
solar,51,45248,45824,0.8022384438443536,-0.2124843657016119,0.14990282,0.07306671,0.12494087,0.09802866
solar,98,42432,49024,0.8021554222647013,-0.3853809690343443,2.8871677,0.82231903,2.4705276,0.405679
solar,116,44288,44992,0.8019134552486262,-0.1724235645678626,0.6684079,0.24347734,0.8083668,0.3834362
solar,101,43264,44864,0.801891497356759,-0.0095962864216245,0.25155592,2.833884,0.16229796,2.744626
solar,7,44352,48832,0.801657649410032,-0.2839347395603017,0.2805643,0.5993943,0.2769246,0.041905403
solar,112,43072,52288,0.8016400658644771,0.2256806236807655,0.24061537,0.118844986,0.030245304,0.15201569
solar,42,44864,47296,0.8015629057887558,0.1387956365239018,0.39557052,0.13735986,0.3200357,0.061825037
solar,92,45248,45824,0.8013885649273322,0.2137273589093025,0.30245543,0.2164123,0.39093685,0.12793088
solar,52,42816,43264,0.801321591957879,0.0520703975552883,0.42080784,0.17258358,0.7441404,0.15074897
solar,31,43264,44288,0.8013062544449189,0.0923595495857546,0.34278822,0.7686167,0.277328,0.7031565
solar,83,46720,47872,0.8012885143247704,0.0534506133764875,0.08866763,1.4562187,0.15565729,1.5232084
solar,94,42368,48704,0.8006554700284608,0.0043682675010194,0.09570336,0.02194047,0.13974833,0.022104502
solar,101,44992,49472,0.8005622695250568,-0.1615658733283084,0.48033595,2.9336417,0.51716757,2.9704733
solar,14,42560,47296,0.8003680970429758,-0.2304553114139602,0.10786486,0.47190118,0.021552801,0.34248352
solar,129,48000,48576,0.8003086321527217,0.0201976297407311,0.5331192,0.2736237,0.84550786,0.038764954
solar,105,43072,45952,0.8001981981092013,-0.1692405484209699,0.15587807,0.18776798,0.08993149,0.058041573
solar,102,43264,47168,0.8000840116601775,0.0964063043290722,0.17782283,1.1073668,0.26195812,1.1915021
