dataset,channel,start_i,start_j,trend_corr,residual_corr,d_A,d_B,d_ctrl_A,d_ctrl_B
traffic,184,14676,15636,0.9898279735865702,0.2672260859982149,0.034386873,0.41591763,0.3218825,0.059648275
traffic,842,14292,15636,0.9895226746459266,0.276955677177435,0.03745222,0.041419744,0.006593704,0.07227826
traffic,524,14228,16724,0.9889976693321328,0.1499348475945832,0.41845703,0.91141915,1.0798049,0.2500713
traffic,280,14676,15636,0.9887605219509398,0.2701891379885531,0.077167034,0.39757752,0.31652975,0.0038807392
traffic,107,14100,15444,0.9882868884972108,0.2879844859871916,0.002042532,0.012373209,0.028759003,0.014343262
traffic,593,14164,15508,0.9877047784981976,0.2709257827304954,0.08889985,0.0048446655,0.021323442,0.06273174
traffic,535,14036,15764,0.9873742632962996,0.2536396120544841,0.1614027,0.001267314,0.0034401417,0.16611016
traffic,101,14676,15636,0.9865853300382617,0.1732946632072339,0.02203083,0.33633566,0.28508806,0.029216766
traffic,62,14484,15828,0.9864198624388884,0.2765356202833676,0.04050088,0.05507517,0.12727523,0.03169918
traffic,708,14484,15828,0.9859956645761578,0.2845084172331571,0.07964826,0.11455965,0.051574945,0.14263296
traffic,836,14804,16148,0.9856879145372044,0.0298014775244322,0.097967625,0.16418695,0.17482162,0.087332964
traffic,619,14164,15508,0.9855310404891964,-0.0040701079176424,0.047222137,0.113869905,0.06865144,0.092440605
traffic,167,14804,16148,0.9854166531943892,0.2409934884477868,0.05441928,0.14003158,0.12901759,0.065433264
traffic,756,14228,14612,0.9852955626018716,0.2826541629556884,0.08901739,0.09389222,0.12571979,0.057189822
traffic,112,14100,15444,0.9848594631985408,0.2061981606557212,0.14370298,0.11175609,0.006441593,0.24901748
traffic,748,14612,16724,0.9840223527398818,0.2812616930185663,0.39593625,0.30404353,0.3288877,0.37109208
traffic,788,14676,16980,0.983292511888811,0.2702201826782063,0.076554775,0.3344984,0.18788242,0.07006121
traffic,124,14484,15828,0.9830711815468116,0.2064082626902987,0.018753767,0.0014247894,0.047106743,0.06443572
traffic,738,14676,16980,0.9826932220915195,0.2596915105756853,0.43872976,0.12747312,0.33285356,0.021596909
traffic,256,16148,17300,0.9823641915600824,0.0671866132765973,0.08354211,0.06490731,0.1962893,0.04783988
traffic,203,14676,15828,0.9822661765888514,0.1188226357758956,0.3483038,0.7599802,0.375381,0.036295414
traffic,296,14420,16724,0.982081220977042,0.2505080604013391,0.17904258,0.14911985,0.1799972,0.14816523
traffic,564,14484,15828,0.9813992367953072,0.2617982211576485,0.1134491,0.13842702,0.16868567,0.08319044
traffic,547,14164,16852,0.9810842732559092,0.2782944961169741,0.02395773,0.34508657,0.08782101,0.2812233
traffic,161,14164,15508,0.9809829731943404,-0.1145315478377364,0.17927551,0.26058674,0.19705224,0.24281001
traffic,788,14036,14612,0.9808440379529044,0.2798780472322308,0.20104623,0.32797575,0.3847897,0.14423227
traffic,452,14420,16724,0.9804951705213512,0.2602779549131335,0.22251248,0.19720888,0.23532128,0.18440008
traffic,37,15828,16980,0.9802102230055862,0.2026855426858653,0.04693222,0.37862086,0.056584835,0.36896825
traffic,508,14484,15828,0.9799399485489032,0.2301385777521998,0.28856874,0.37327313,0.25755572,0.40428615
traffic,633,14484,15828,0.9796407581515886,0.2017197155197481,0.006230831,0.07961273,0.0242877,0.0490942
traffic,636,14100,16212,0.9795009838688644,0.2946693156936205,0.1330831,0.04756403,0.08011317,0.16563225
traffic,215,14100,15252,0.9793826908315764,-0.0629725434870688,0.072018385,0.18486857,0.060930014,0.19595695
traffic,277,14164,16852,0.9792308480276752,0.2919468565110603,0.061111927,0.4868536,0.36253262,0.06320906
traffic,679,16148,17300,0.9790678862250068,0.0295604084294774,0.063252926,0.070082426,0.19631934,0.06298399
traffic,179,16276,17044,0.9789981376279238,0.217459189048334,0.20438313,0.20320988,0.23988366,0.16770935
traffic,244,14676,17172,0.9788204716563164,0.2307728685474714,0.77906036,0.0030765533,0.14446831,0.6376686
traffic,278,14484,17172,0.9787789888560228,-0.0392136503964632,0.032767057,0.016102552,0.12348318,0.17235279
traffic,607,14100,16404,0.978308804139745,0.274762386181103,0.5491612,0.20295739,0.2031982,0.5489204
traffic,601,14484,15828,0.978006861394528,0.2031372776485974,0.17066026,0.34016132,0.325279,0.18554258
traffic,860,14804,16148,0.9780023927535524,0.2737152904422826,0.12979531,0.21032643,0.16729236,0.17282939
traffic,716,14676,16788,0.977993115692696,0.2381069986046588,0.048453093,0.18716335,0.07013035,0.06857991
traffic,756,14804,16148,0.9779681622209716,0.2045887614090027,0.19663906,0.24922085,0.13030148,0.31555843
traffic,132,14484,16980,0.9779486200451374,0.2054111950840931,0.04230857,0.1810875,0.026412725,0.19698334
traffic,258,14932,17428,0.9778659229587296,0.1691365532359658,0.14878368,0.13223934,0.01849413,0.2625289
traffic,735,14676,16980,0.9776803718625644,0.1827096946253664,0.17649913,0.3283291,0.07828188,0.07354808
traffic,388,14484,17172,0.9775714336716153,0.252082550682929,0.17563319,0.13706255,0.0033538342,0.041924477
traffic,778,14484,16980,0.9775444431403624,0.2712938516177978,0.27029252,0.43523765,0.3442948,0.36123538
traffic,678,14100,16404,0.9775079879984384,0.1914561522659587,0.44290268,0.3352754,0.5930196,0.18515849
traffic,530,15892,17044,0.977259567416987,0.2632899177253436,0.47774363,0.4732406,0.5601871,0.39079714
traffic,159,14292,14676,0.9772534637350684,0.2437056618503599,0.23989129,0.83453465,0.89850616,0.17591977
traffic,587,16148,17300,0.9772340014867013,0.1205345762627256,0.019908428,0.18599677,0.2645328,0.058627605
traffic,730,14228,16724,0.9770348939664628,0.2241250858491195,0.24932814,0.62753236,0.4082737,0.4685868
traffic,709,15956,16148,0.9769691260787882,0.0722644970412188,0.51663697,0.75911176,0.60111105,0.6746377
traffic,530,15124,17428,0.9768338356424068,0.2520968033786342,0.3388319,0.0743742,0.46335173,0.19889402
traffic,836,14932,15892,0.9767898825514226,0.2475570861803919,0.33651996,0.3424723,0.3049338,0.37405849
traffic,748,14548,14740,0.976755718623386,-0.21732384086556,0.05322838,0.044190407,0.086195946,0.011222839
traffic,764,14676,16596,0.9767292365632928,0.2642973772550796,0.19088578,0.4133296,0.30830097,0.2959144
traffic,575,16660,17236,0.9765241449757788,0.2636443598927835,0.5090444,0.6706748,0.7643397,0.41537952
traffic,740,14100,15060,0.9763929577023972,0.226561503215401,0.04431355,0.040551424,0.14318192,0.058316946
traffic,494,14164,16852,0.9762666563483948,0.1729598157631492,0.0020964146,0.41623807,0.13381362,0.28452086
traffic,747,14868,15444,0.9761856534378368,0.2434809169171083,0.49552822,0.56718564,0.66575694,0.39695692
traffic,530,15060,15636,0.9761719197163704,0.179433835268088,0.11742854,0.020385265,0.118941784,0.018872023
traffic,8,15060,16788,0.9759690665207168,0.175012579761023,0.2910546,0.28399217,0.3316474,0.24339938
traffic,247,15828,16980,0.9758272279772984,0.0991797053533334,0.039312363,0.21795106,0.037098408,0.2157371
traffic,77,14484,17172,0.975712940810289,0.0528882867945198,0.095709085,0.039257288,0.06488681,0.19985318
traffic,530,15252,16020,0.9754389799347932,0.1706453505291211,0.42815137,0.834828,0.72232115,0.54065824
traffic,304,14228,15380,0.9753135158991943,-0.0147453110903778,0.32536876,0.31874025,0.33133972,0.3127693
traffic,51,16724,17108,0.9751693715976028,0.2524000919468722,0.07616687,0.15648341,0.17111468,0.061535597
traffic,735,14100,15060,0.974809520228559,0.2252760452894124,0.018811107,0.06609166,0.025917888,0.11082065
traffic,456,15508,16852,0.9747127891607004,0.1331485488320324,0.017851591,0.077376366,0.13307953,0.1926043
traffic,769,14804,17300,0.9746299405472344,0.1342057131679142,0.23920155,0.5489991,0.3933277,0.3948729
traffic,678,15764,16724,0.9743099400230638,0.2043687617227606,0.009190917,0.09413934,0.3200326,0.21670234
traffic,572,14612,14804,0.974055631082598,0.284211416360993,0.3737446,0.344069,0.37571633,0.34209728
traffic,15,14292,16788,0.974028621061858,0.1963594714470967,0.2339561,0.20781422,0.44312668,0.4169848
traffic,207,14228,16724,0.9738602866193964,-0.0405522791434576,0.008794308,0.07384586,0.0473423,0.112393856
traffic,59,14804,16148,0.9738527139240428,0.296412435565307,0.06138444,0.0068273544,0.012488127,0.055723667
traffic,173,14996,15188,0.9738406576559756,0.2510967247081793,0.058098078,0.056227922,0.013702631,0.12802863
traffic,431,14100,16404,0.9737981942974396,-0.0056410058459006,0.08082461,0.11080217,0.23881924,0.2687968
traffic,612,14676,15828,0.9737093371814168,0.1968558086814638,0.8849311,1.1847911,0.8030379,1.2666843
traffic,239,14292,14676,0.973645740859448,0.1086342384562513,0.14344108,0.79995537,0.96609247,0.022696018
traffic,730,14868,16788,0.9736012392336496,0.2481688731012883,0.40525293,0.637527,0.50682116,0.53595877
traffic,13,15380,15572,0.9733199258124144,0.2290040185417538,0.06593871,0.0064331293,0.09744835,0.025076509
traffic,301,14676,15636,0.9733104538970888,0.2678092605432201,0.018947601,0.9557252,0.8023102,0.17236257
traffic,515,14932,17428,0.9732883330765248,0.287726602070209,0.12315285,0.014458656,0.027071357,0.16468287
traffic,685,14612,16148,0.973144468960686,0.2081851475525129,0.37623298,0.40892243,0.34582102,0.4393344
traffic,162,14932,17428,0.9731390066787045,0.2666588940469056,0.34982097,0.11866689,0.30992436,0.07877028
traffic,232,16660,17236,0.9730490385251742,0.2066508952435886,0.53478503,1.1387224,1.1858896,0.48761785
traffic,539,14292,15828,0.9729473273699007,0.2225381707497767,0.305511,0.95863605,0.8681619,0.39598513
traffic,65,15380,16724,0.9728863319220226,0.2725506608441687,0.03664255,0.17431974,0.021022081,0.15869927
traffic,681,15316,16468,0.972798478757359,0.2774789209868914,0.35980487,0.48530102,0.4211638,0.4239421
traffic,626,14228,15764,0.972769039554528,0.2501297108253985,0.21039331,0.31852436,0.3298453,0.19907236
traffic,126,16660,17236,0.9726777804283226,0.2523980458874296,0.4615271,0.70511055,0.6863351,0.48030257
traffic,208,14996,16340,0.9726059099931542,0.1582137888750196,0.01627016,0.083878756,0.04622078,0.113829374
traffic,415,14676,15636,0.9724343408329048,0.2699876296128071,0.20226002,0.58892965,0.6159109,0.17527878
traffic,379,14292,16596,0.9722795906088836,0.1638154807594541,0.24052477,0.42543828,0.37967515,0.56458867
traffic,214,14420,15572,0.9722765460223564,0.2605097047329421,0.08681774,0.005682707,0.027308702,0.065191746
traffic,356,14484,16980,0.9721923897807032,0.2317981398148541,0.23607731,0.29195166,0.45653677,0.071492195
traffic,799,14484,15636,0.9721505179685064,0.2500374791578981,0.14245462,0.39111972,0.32469702,0.20887733
traffic,708,14676,16404,0.9721180460515148,0.2688885715153541,0.15212774,0.3326888,0.24603271,0.23878384
traffic,836,14868,15444,0.9720686669561226,0.0413158444844211,0.4886725,0.7053412,0.6601801,0.5338336
traffic,317,14548,14932,0.9720160661917612,0.2211242258163767,0.16142154,0.21999669,0.23022652,0.15119171
traffic,189,15508,16852,0.9720073947271732,0.2405625635269356,0.077919245,0.15775776,0.008472681,0.24414968
traffic,682,15316,16468,0.9719470278165904,0.2491766528931543,0.37717462,0.4889344,0.43725753,0.4288515
traffic,407,15124,17428,0.9717714036640522,0.2946726061182019,0.4143479,0.2846377,0.26457977,0.13486958
traffic,407,14676,15828,0.9717047178297368,0.2547747767061742,0.5048442,0.447834,0.049614668,0.10662484
traffic,530,15828,17172,0.9716782781433656,0.2455993342896784,0.050483227,0.28948522,0.14554477,0.09345722
traffic,460,14484,17172,0.971528100800289,0.2970383302100096,0.36454844,0.34673715,0.4347558,0.2765298
traffic,151,15252,16404,0.9713850222492192,0.1302633483529894,0.0055931807,0.04716921,0.07046008,0.12322247
traffic,747,14228,16916,0.971361067916183,0.2353082994657601,0.044598103,0.09288669,0.19511318,0.24340177
traffic,55,15124,16468,0.9711616895527518,0.2528361440761538,0.07864928,0.23964787,0.08637047,0.23192668
traffic,716,14356,16084,0.9711269982502756,0.2393245974296927,0.02189374,0.1151911,0.0565691,0.14986646
traffic,2,15444,16788,0.9710768269459112,0.2798149688183447,0.15178883,0.10823822,0.08861148,0.045060873
traffic,368,16788,17364,0.9710332807859752,0.2044926651920739,0.24256778,0.4809785,0.51269937,0.2108469
traffic,462,15444,16404,0.9710295982302038,0.2991065753484987,0.40966952,0.10669315,0.3696643,0.14669836
traffic,578,14484,15636,0.9709377332834918,0.2861660816652534,0.0062212944,0.6027911,0.512136,0.084433794
traffic,173,16276,16660,0.9708881511158256,0.2783942733525445,0.351372,0.35761094,0.41720223,0.2917807
traffic,320,14612,14804,0.9708579382541936,0.228781596246108,0.18960786,0.15046883,0.16745889,0.1726178
traffic,338,14996,16340,0.9706185676958348,0.2874393131432107,0.16110158,0.10479975,0.1411171,0.12478423
traffic,406,14420,16916,0.9705572933722316,0.1741772954419762,0.00074255466,0.08275676,0.046034575,0.12953389
traffic,671,14100,14676,0.9705208304093846,0.1903944583939444,0.30875206,0.7137327,0.6780715,0.34441328
traffic,472,14676,15636,0.9704263037401936,0.2970416177484664,0.18536091,0.24655771,0.15153909,0.28037953
traffic,79,14484,16596,0.9703842197750344,0.2835150083535414,0.10714698,0.1350298,0.16501069,0.1928935
traffic,388,14932,17428,0.9703590886496024,0.155878555597207,0.029972553,0.09823716,0.042424202,0.17063391
traffic,159,14164,16852,0.9702942156671251,0.17386375661216,0.09553504,0.32540607,0.1879642,0.041906834
traffic,669,14676,16788,0.97017687475905,0.1362338507079858,0.015170097,0.33613443,0.06794596,0.25301838
traffic,266,15828,16980,0.9701700350860888,0.171961503579871,0.24162388,0.053995848,0.18318152,0.0044465065
traffic,125,14484,15828,0.970169197800316,0.1033801766641149,0.07061219,0.084133625,0.09967399,0.05507183
traffic,462,14228,16724,0.9701229169146852,0.1972135820874484,0.15451825,0.34516895,0.061682105,0.2523328
traffic,256,14676,15060,0.9701118896033754,0.2398483505234171,0.4447136,0.6117437,0.6950319,0.3614254
traffic,254,14356,17044,0.9700665492554684,0.1771142691369591,0.10453868,0.4318874,0.18645644,0.14089227
traffic,530,14804,16532,0.9700543787387056,0.1795736351362079,0.2807746,0.3006506,0.49710917,0.084316015
traffic,259,14164,16852,0.9700400455291128,0.2080970610526496,0.124427795,0.5886457,0.060874224,0.40334368
traffic,319,16148,17300,0.9699978676787662,0.2615442079708087,0.5883045,0.7106812,0.7081001,0.59088564
traffic,730,14100,16404,0.9699851309107304,0.2598633077622025,0.13130546,0.2081418,0.17676663,0.16268063
traffic,313,15828,16980,0.9699069467518,-0.1532173485965237,0.42540383,0.52536404,0.42970443,0.52106345
traffic,789,15956,16916,0.969887495827489,0.2519896879295518,0.354856,0.19807267,0.26112604,0.1043427
traffic,793,15508,16852,0.9698254093416462,0.2992987185145589,0.02055931,0.1751504,0.09094024,0.06365085
traffic,530,14484,16404,0.9697646158240664,0.1241649272345045,0.0053653717,0.10735893,0.0704205,0.18314481
traffic,789,14484,15828,0.9697620402385446,0.2922130646552369,0.21209598,0.12055874,0.09603596,0.23661876
traffic,839,15572,16916,0.9697614286455908,0.298997055528154,0.23031926,0.37709737,0.30590034,0.3015163
traffic,492,14676,17172,0.9697172647757712,0.2215489577398052,0.34056783,0.04197097,0.14476514,0.23777366
traffic,125,14100,16404,0.9696601455122094,0.2227524989076438,0.08132279,0.07547617,0.024118066,0.18091702
traffic,460,14356,17044,0.9696129103161706,0.2603928295247431,0.05757165,0.1960237,0.0034205914,0.13503146
traffic,799,14676,16980,0.9694859351877024,0.1562761885866506,0.04462862,0.279603,0.19762158,0.12661004
traffic,629,14100,16788,0.9694200606699034,0.1197958216708805,0.33855534,0.23215818,0.2586429,0.3120706
traffic,510,16468,16852,0.9693977747678428,0.2253929689246032,0.31903446,0.43382978,0.4216925,0.33117175
traffic,224,15252,15636,0.9692946037993144,0.1795553711781785,0.13954377,0.14732027,0.025254488,0.01747799
traffic,290,14228,16724,0.9692086152977922,0.2906417002591677,0.38602126,0.09397316,0.4018973,0.078097105
traffic,713,16148,17300,0.9691526264801206,0.2700605416391038,0.19246364,0.2849784,0.18541837,0.29202366
traffic,65,14484,15636,0.9691286597215274,0.2811656725678954,0.18434787,0.25930214,0.21040201,0.233248
traffic,569,14676,17364,0.9691215892163284,0.2379307942888198,0.059433937,0.26222992,0.24331427,0.44611025
traffic,524,14036,16916,0.969078132490894,0.2858430571243006,0.8289423,1.0572755,1.4083877,0.47783017
traffic,554,15700,17044,0.9690730860706706,0.2783128639620466,0.3095057,0.34800076,0.17150664,0.2100017
traffic,789,14036,16724,0.9689719295190864,0.292288188536396,0.4330027,0.29418135,0.47445297,0.25273108
traffic,359,14100,15828,0.9688647765244132,0.2529069606233204,0.870306,0.8359711,0.5500541,1.156223
traffic,110,14484,16980,0.968769508680028,0.1512034594932544,0.15897727,0.39481258,0.15157247,0.4022174
traffic,745,14804,16916,0.9686707429605949,0.2962010741317333,1.1674993,1.1244488,1.710204,0.5817441
traffic,679,14164,14932,0.9686439153910708,0.2781331083996385,0.17190433,0.3928697,0.28575993,0.2790141
traffic,87,14548,14932,0.9686053584558336,0.1229435897261653,0.08174348,0.1278255,0.15629101,0.05327797
traffic,385,14676,17172,0.9685749216838349,0.1886892038912606,0.61228585,0.056114435,0.2618978,0.2942736
traffic,49,14292,16980,0.968550159637954,0.2673383534144186,0.25193906,0.023161888,0.19978642,0.028990746
traffic,604,14100,16404,0.968545394903757,0.2435523895580539,0.07167637,0.024462938,0.13441896,0.08720553
traffic,28,14676,15828,0.9685438122662846,0.288394140448416,0.28297687,0.0073418617,0.17072678,0.10490823
traffic,530,15956,16916,0.968534899693372,0.2675520260566674,0.24202514,0.015907764,0.3516028,0.09366989
traffic,744,15444,16404,0.9685170759798376,0.2245442627739803,0.1385777,0.17899919,0.25477505,0.06280184
traffic,537,15444,16404,0.9684809594860908,0.280501731759057,0.21914685,0.055845737,0.096313834,0.17867875
traffic,49,14676,16404,0.96843004887634,0.2967743556129045,0.16294384,0.39280987,0.34631205,0.20944166
traffic,554,14164,16852,0.968426593894162,0.1049099729458504,0.089200735,0.2889831,0.0706408,0.27042317
traffic,604,14484,15828,0.9683949311167503,0.1048945656375141,0.13462925,0.122877836,0.12879848,0.1287086
traffic,860,14996,16340,0.96825952778844,0.259169470845378,0.23006082,0.19981909,0.18964052,0.24023938
traffic,791,14804,17300,0.9682476721062582,0.1886802540871461,0.26336598,0.63440394,0.4525392,0.44523072
traffic,60,14420,15764,0.9682045828547412,0.2861465320668332,0.0056017637,0.14982212,0.11278796,0.042635918
traffic,539,14484,16596,0.9681476502556652,0.0730073709249211,1.3299941,0.93971974,0.88098264,1.3887312
traffic,744,14100,15060,0.9681132479397474,0.2821643954895476,0.0007674694,0.11622143,0.028254747,0.08873415
traffic,203,14804,17300,0.968085208694612,0.264228507072467,0.19865584,0.52507985,0.34768343,0.37605226
traffic,313,14420,15764,0.9680244036676832,0.2705900950883735,0.040313244,0.19632435,0.16598463,0.07065296
traffic,476,15828,16980,0.9679915275845484,0.0958961764028078,0.07564068,0.5592847,0.09601617,0.5389092
traffic,468,14676,15636,0.9678763382972392,0.0794051621361754,0.0054278374,1.1852173,0.9402541,0.23953533
traffic,789,14868,15444,0.9678330246939394,0.2945257585119535,0.48354197,1.2553089,1.2845078,0.45434308
traffic,713,15444,16404,0.967832382449576,0.263264476140392,0.0026626587,0.23973179,0.09290242,0.14949203
traffic,397,15572,17108,0.9678007885167136,0.1904192380950851,0.35323203,0.34147906,0.09841192,0.086658955
traffic,259,15956,16916,0.9677949235639762,0.2740753979943852,0.13064456,0.7225969,0.086194634,0.5057577
traffic,358,15828,17172,0.9677266620413348,0.2967956028336022,0.22552705,0.098249435,0.11391592,0.20986056
traffic,742,15124,16276,0.9676984585231336,0.2936416984978393,0.3408327,0.62950134,0.5771589,0.39317513
traffic,699,16020,17364,0.9676224053746236,0.1292850938509222,0.10461426,0.011557102,0.10208154,0.014089823
traffic,530,14932,16276,0.9676203222177168,0.1486296819531663,0.026909828,0.18638968,0.20866728,0.0046322346
traffic,103,15252,16404,0.9676095374932216,0.2784507875764289,0.027408361,0.07791865,0.08660579,0.13711607
traffic,530,16980,17364,0.9675911767813083,0.1109785657818782,0.1551373,0.24393177,0.38606095,0.013008118
traffic,657,15572,16916,0.967586163848468,0.2341235536259052,0.22900379,0.1022501,0.30310082,0.17634714
traffic,698,14292,15636,0.9675855181355868,0.0896070911189316,0.1873169,0.1600554,0.16067886,0.18669343
traffic,465,14164,16852,0.96754540222904,0.1037334084926105,0.101579666,0.5055361,0.11046028,0.29349613
traffic,816,15380,16724,0.9674974472689584,0.2735453335231927,0.23081541,0.070442796,0.17140508,0.011032462
traffic,317,14036,16916,0.9672858288791648,0.2774311868143798,0.3782742,0.09701395,0.30303955,0.021779299
traffic,716,14292,15252,0.9671887677943786,0.2452358014199857,0.0978291,0.1438396,0.02285862,0.023151875
traffic,50,14292,15636,0.9671605779969422,0.2891273557303086,0.13977408,0.12369418,0.10234213,0.16112614
traffic,676,14036,15764,0.9671399822572082,0.2472352733322041,0.020177364,0.092505455,0.091264725,0.021418095
traffic,256,14164,14932,0.967052948174175,0.2558303649261437,0.1548543,0.37354338,0.22984743,0.29855025
traffic,22,14100,14676,0.9670446551871812,0.2676394289164813,0.32389092,0.9609177,0.8617172,0.4230914
traffic,804,14804,16148,0.9669790192364476,0.291431297930284,0.18814492,0.05734396,0.17091227,0.07457662
traffic,678,14484,16980,0.9669146635529404,0.0468548720560443,0.053294897,0.4236331,0.09470272,0.27563548
traffic,421,14804,16148,0.9668983137950444,0.2695452372797283,0.16890168,0.11028767,0.15270305,0.1264863
traffic,453,16724,17108,0.9668481873441968,0.2506405455015259,0.14872503,0.25373852,0.27250922,0.12995434
traffic,23,15444,16788,0.9668285408019832,0.2985562693671696,0.17377734,0.012886286,0.12799644,0.03289461
traffic,679,15444,15828,0.9667533930094452,0.2136801546064224,0.37137747,0.37834048,0.4332273,0.31649065
traffic,860,15188,16532,0.9667428373429904,0.2812924140142483,0.15917945,0.1307962,0.05428505,0.2356906
traffic,275,14676,15828,0.9666627293236612,0.2680168419899753,0.5607977,0.8736782,0.72128844,0.71318746
traffic,325,16660,16852,0.9666109282338068,0.2627443640379148,0.17934346,0.53650784,0.55098724,0.16486406
traffic,235,14804,17300,0.9665879783686556,0.2957182643313301,0.65103793,0.4986105,0.57939315,0.5702553
traffic,790,15828,16596,0.9665777914330458,0.2981951767624786,0.12033939,0.14119673,0.015760899,0.036618233
traffic,65,14676,15444,0.9665256576941332,0.2802690141779001,0.3948853,0.7333828,0.76716304,0.36110508
traffic,254,14676,15444,0.9664984574176084,0.2496462438925929,0.5069976,0.691849,0.59030604,0.60854053
traffic,83,15444,16404,0.9664769019023668,0.2221471035189513,0.16369677,0.020712852,0.13295412,0.051455498
traffic,719,14676,16788,0.9664555655821676,0.2492673804935658,0.026774406,0.10790682,0.031615734,0.16629696
traffic,716,16660,17236,0.966454349953838,0.1006228839940502,0.12956023,0.16518402,0.1483624,0.18398619
traffic,32,14676,15636,0.9662823100191276,0.2481311858850525,0.25412488,1.0462837,0.9678327,0.33257592
traffic,841,14676,16788,0.9662552689612444,0.2398390737511593,0.010898113,0.09656882,0.044900894,0.15236783
traffic,395,14164,16852,0.9662177442532626,0.248484010344214,0.048665285,0.48413372,0.33721256,0.09825587
traffic,453,16148,17300,0.9662001565333788,0.1599848029887676,0.024054766,0.10992551,0.2407248,0.10674453
traffic,820,15636,16788,0.9661737030277364,0.0892325831566628,0.14114094,0.18077886,0.03702402,0.35894382
traffic,312,14484,14676,0.9660265846829384,0.24880244848847,0.28304863,0.26430392,0.31171513,0.23563743
traffic,803,14804,16148,0.9659325295387606,0.2245553835746434,0.03852415,0.031999588,0.02741146,0.043112278
traffic,626,14100,16788,0.9659235146672556,-0.065604343723586,0.069280386,0.1504829,0.013363361,0.09456587
traffic,715,14804,15956,0.9659207382934046,0.2867119837080411,0.19948936,0.249259,0.20335412,0.24539423
traffic,145,14100,15444,0.965899906550598,0.2811152511130049,0.49989957,0.77647376,0.715058,0.5613153
traffic,126,14100,14676,0.9658878981949413,0.242445671556064,0.21509719,0.93962157,0.9922029,0.16251588
traffic,167,15444,16404,0.9658530850723164,0.2827465782406254,0.14027774,0.030327082,0.14047003,0.030519366
traffic,848,15124,16468,0.965752673230836,0.1565438213950293,0.4031806,0.5944474,0.6457546,0.3518734
traffic,136,14100,16212,0.9657034279098066,0.2975833434148194,0.06483388,0.14884162,0.26264262,0.048967123
traffic,508,15956,16916,0.965620372759941,0.1728571523021827,0.46952176,0.031641483,0.40760994,0.030270338
traffic,159,15956,17300,0.9655273769542868,0.260634930733589,0.22517371,0.17228961,0.24742818,0.15003514
traffic,258,14292,16596,0.9655092325630356,0.2888504778489956,0.029151917,0.02366519,0.19119263,0.24400973
traffic,470,15636,17172,0.9654548212861848,0.134409534193321,0.6420778,1.7669266,1.1374698,1.2715347
traffic,428,14036,16916,0.9654402286195948,0.1670387700986266,0.08061564,0.30721092,0.07872856,0.46655512
traffic,44,14676,16404,0.9654077649995002,0.2673580873639065,0.35714054,0.40850592,0.45206094,0.31358552
traffic,824,14868,16212,0.9653936336574268,0.2657641886543292,0.10135198,0.11518204,0.115968704,0.100565314
traffic,165,14740,14932,0.965388816075588,0.1004115941162408,0.15821469,0.42477834,0.48986936,0.093123674
traffic,319,14100,14676,0.9653637438539984,0.2244504319344813,0.45866513,1.2274883,1.0957878,0.59036565
traffic,443,14292,16980,0.965333453982444,0.1372272436095914,0.1516552,0.23449063,0.083039045,0.16587448
traffic,708,14292,16980,0.9653249426779316,0.21878359093744,0.2342503,0.010634661,0.19328833,0.03032732
traffic,724,16788,17364,0.9652941120471606,0.2713091168559999,0.055722475,0.16854024,0.2207737,0.0034890175
traffic,792,14356,17044,0.965291650818298,0.2517881263624714,0.08641076,0.13917673,0.025036097,0.027729869
traffic,696,15764,16724,0.9652257330946196,0.2541839835973963,0.46432662,0.76699376,0.62118626,0.6101341
traffic,490,14164,16852,0.9651864482278364,0.2760844961154881,0.11830282,0.2835803,0.17984343,0.2220397
traffic,161,14548,16084,0.9651788668456076,0.2939090946788468,0.053821564,0.12539566,0.10406816,0.07514906
traffic,759,15444,16212,0.9651746978412126,0.1832097570594407,0.05599475,0.14574265,0.14119077,0.05144286
traffic,327,15764,16916,0.9651594554594228,0.2429302231930838,0.070055485,0.026890755,0.039684057,0.0034806728
traffic,854,14676,17172,0.9650484386781396,0.0479806093893667,0.6108222,0.73222566,0.6376693,0.70537853
traffic,517,14036,15380,0.965011885500086,0.1518871917992717,0.17019427,0.34176552,0.26720536,0.24475443
traffic,517,14100,16788,0.9649961520373886,0.2557407260778624,0.27563453,0.28693867,0.089696646,0.47287655
traffic,837,15508,16852,0.9648897047581858,0.0185791972134266,0.2966659,0.30360508,0.03065157,0.023712397
traffic,383,14292,14676,0.9648527511174132,0.2888915951938285,0.3423735,0.6774044,1.0841976,0.06441975
traffic,208,14420,16724,0.96481545505994,0.1938994704439687,0.0787189,0.3354118,0.14297056,0.39966345
traffic,789,15188,16532,0.9647969601700392,0.1876833993338322,0.07067704,0.10015607,0.019456625,0.04893565
traffic,524,14484,15060,0.9647654119718756,0.268953431935455,0.40125418,0.5068178,0.40942574,0.49864626
traffic,759,16404,16788,0.9647531345294992,0.2966854326655497,0.02598834,0.03909254,0.02661419,0.038466692
traffic,317,14292,15636,0.9647174976447972,0.1140604196809461,0.082639456,0.007524729,0.06443381,0.010680914
traffic,102,14676,15636,0.9647158694086234,0.2410101499765573,0.01534009,0.4310038,0.33502626,0.111317635
traffic,586,14164,16852,0.9646834453741984,0.1125625860430559,0.44477487,0.20619941,0.4106214,0.24035287
traffic,554,15572,16724,0.9646633062761234,0.294519916650966,0.5447258,0.38159287,0.7805846,0.14573407
traffic,790,14676,15252,0.964643591806586,0.1121499132352275,0.22107744,0.29295802,0.34188318,0.17215228
traffic,88,14356,15700,0.9645753235647686,0.2316674760605911,0.07680941,0.092204094,0.06926465,0.09974885
traffic,417,14484,16596,0.9645500855007616,0.2564017329543608,0.2677114,0.23313928,0.11633539,0.3845153
traffic,51,16148,17300,0.9645424274079764,-0.0431927627624862,0.013061762,0.07022238,0.18742871,0.1302681
traffic,281,14100,16404,0.9645283879543692,0.2805242321135617,0.046314478,0.1649065,0.08658552,0.12463546
traffic,50,16596,16980,0.9644969825442256,0.2252546555348433,0.059987783,0.24518847,0.19816852,0.012967825
traffic,770,14804,17300,0.9644632130485176,0.1713027551890682,0.26499343,0.67426205,0.51497173,0.42428374
traffic,815,14100,16788,0.9644610189492372,0.2378301448441689,0.043301582,0.07859969,0.22341776,0.25871587
traffic,51,15828,16788,0.96443749117948,0.2889486332287783,0.06694794,0.0024642944,0.12693644,0.057524204
traffic,110,14996,16340,0.9644357922560038,0.1883533410113659,0.021736145,0.12057352,0.20541358,0.063103914
traffic,41,15508,16852,0.964389800562716,0.1977423411417695,0.12687206,0.1703794,0.07890582,0.035398483
traffic,168,14868,15444,0.964343966481456,0.2649205860774269,0.5252042,0.46437573,0.5419862,0.4475937
traffic,129,14612,17300,0.9643216787539228,0.125475935984796,0.14086676,0.09241986,0.1812582,0.052028418
traffic,58,15508,16852,0.9643205122543584,0.0868358474492307,0.060189724,0.28464603,0.19348216,0.1513536
traffic,489,14164,16852,0.9643011693443326,0.1560382439255835,0.039399862,0.39948225,0.10649681,0.3323853
traffic,476,14292,16404,0.9642979465561524,0.2383260486853652,0.41148067,0.50927234,0.039206743,0.95995975
traffic,848,15252,16020,0.964157119385804,0.1785843390775347,0.39568186,1.2123961,0.98524237,0.62283564
traffic,704,14292,15636,0.9641409627062794,-0.0419538655333188,0.15508497,0.18340802,0.13771045,0.20078254
traffic,325,14228,16916,0.9639982715436236,0.0634313242032557,0.1868223,0.29188418,0.076729536,0.18179142
traffic,16,17172,17364,0.9639669470056108,0.2037674101955617,0.4564464,0.11732817,0.035633802,0.5381408
traffic,359,14484,15636,0.9639618846756716,0.1197694515202413,0.7025316,0.48136687,0.50910807,0.6747904
traffic,525,15508,16852,0.9638676654786068,0.2041046142614298,0.04475832,0.21790767,0.14867926,0.02447009
traffic,628,15764,16916,0.9638388990739558,0.1745115931036339,0.106529474,0.122762084,0.23070312,0.0014115572
traffic,145,14164,16852,0.9638387260800584,0.2814234952962157,0.05329919,0.3565209,0.13947392,0.16374779
traffic,438,14420,16916,0.9637923876157516,0.1816799275892587,0.01910448,0.017208219,0.18584275,0.18773901
traffic,358,14868,16788,0.9636895680975563,0.0527379823906379,0.15768814,0.20595205,0.097732544,0.26590765
traffic,775,14036,15572,0.9636823843547796,0.2595204146948724,0.07699561,0.14365935,0.12200284,0.098652124
traffic,535,14676,15636,0.963654086073253,0.1712709271912462,0.3245871,1.110765,0.99816394,0.43718815
traffic,575,14676,16980,0.963637363520177,0.2742846573451614,0.042838573,0.44263887,0.2751875,0.12461281
traffic,235,14868,15060,0.9636288193137094,0.1752391689968857,0.37905478,0.44312024,0.551661,0.270514
traffic,14,16660,17236,0.9636096132903992,0.2176697513627177,0.7306621,0.7286452,0.87858367,0.58072364
traffic,440,16660,17236,0.9635992657951576,0.2973247712010414,0.30148697,0.6357806,0.49381828,0.44344926
traffic,37,14868,16212,0.9635758963948486,0.273335325457847,0.10134339,0.04475403,0.106090784,0.040006638
traffic,334,14100,16788,0.9635160857964464,0.1935488011058717,0.01960218,0.19031644,0.10105002,0.27176428
traffic,34,14676,15252,0.9634558581164352,0.242560491409634,0.7177813,0.7565011,0.9612696,0.51301277
traffic,142,14292,14676,0.9634382457729376,-0.1772874674427299,0.23892093,0.43086457,0.5197222,0.15006328
traffic,748,14420,16916,0.9634208454472236,0.2860319941066783,0.13157535,0.4018066,0.15281534,0.3805666
traffic,423,15508,16852,0.9633117819696566,0.0874835273280139,0.10275316,0.32235765,0.14567423,0.07393026
traffic,284,15316,17428,0.9632780581447176,0.0467405703279823,0.69853854,0.97705615,1.1792645,0.49633014
traffic,839,14420,15380,0.96321409518522,0.2405228845696719,0.011455059,0.023084402,0.0352664,0.06980586
traffic,260,14676,16980,0.9632110801689322,0.2961542144632614,0.07976222,0.7060745,0.31035733,0.31595492
traffic,79,15828,16980,0.9631820076676902,0.1800775035627609,0.06666398,0.21204185,0.051130533,0.09424734
traffic,269,15828,17172,0.96315144994474,0.1212386128493867,0.35789347,0.154037,0.12601376,0.07784271
traffic,247,16660,17236,0.9631474672718928,0.149525861057353,0.59607816,0.92922485,0.96562266,0.55968034
traffic,224,14612,15764,0.962994968795126,0.2128832701843794,0.09628713,0.45500386,0.55129194,9.536743e-07
traffic,457,16660,17236,0.9629852236673924,0.1636160151151739,0.43145204,0.6005653,0.50773025,0.5242871
traffic,796,14548,14932,0.962904526908129,0.2151096620937393,0.003484726,0.31143808,0.211236,0.10368681
traffic,65,14932,17428,0.9629016586448904,-0.0260871302589933,0.44202256,0.19763541,0.36832404,0.12393689
traffic,154,16660,17236,0.9628974575018722,0.2150128869417097,1.4323447,1.5697973,2.4160185,0.58612347
traffic,239,15572,16916,0.9628608536438332,0.2774943741153876,0.06862128,0.3998294,0.05260837,0.27859974
traffic,781,14356,17044,0.9628370689429884,0.2922757793617921,0.10240078,0.24382997,0.12253308,0.22369766
traffic,453,14676,16788,0.962817101113296,0.2719091247871304,0.037723303,0.36827612,0.16263986,0.16791296
traffic,720,15764,17108,0.962752665338832,0.2856416294850909,0.072910786,0.0025908947,0.25049734,0.17499566
traffic,6,15508,16852,0.9627190923438088,0.233961560441382,0.085971594,0.26696873,0.07690406,0.104093075
traffic,575,14292,15636,0.9627087796617452,0.2673918922219656,0.044929743,0.12347889,0.11939645,0.049012184
traffic,678,14356,17044,0.9626700253198012,-0.0965059940023244,0.03335595,0.44548583,0.025078058,0.43720794
traffic,120,14868,16212,0.9626455039425932,0.2907142296621375,0.016589403,0.026413202,0.015709639,0.0058858395
traffic,450,14676,16404,0.9626199195007362,0.2997862786304864,0.20633554,0.36135507,0.33659625,0.23109436
traffic,341,14292,17172,0.962578343066628,0.2972692661414549,0.36801565,0.7292962,0.4596125,0.63769937
traffic,748,16404,16788,0.962576145567298,0.2508997055291289,0.14722133,0.18152714,0.20385194,0.12489653
traffic,614,14292,14484,0.9624782536016074,0.2678496964872836,0.037088633,0.3598976,0.39929295,0.0023066998
traffic,121,14164,16852,0.9624506246777926,0.2222812486619442,0.21024084,0.60991454,0.3453207,0.47483468
traffic,813,14420,15764,0.9623638290704678,0.1297347134907326,0.06054783,0.11263609,0.11941075,0.053773165
traffic,87,15252,16788,0.9623502099905716,0.2060538990824924,0.3033545,0.06271744,0.19165611,0.04898095
traffic,369,15636,16980,0.9623239949585112,0.2161020552414091,0.2178843,0.050138235,0.1553843,0.012361765
traffic,313,15444,16404,0.9622362986475558,0.1476824064652305,0.06858361,0.05787623,0.007933021,0.13439286
traffic,8,14932,17236,0.9621069889523096,0.2434424495498755,0.04875052,0.5017097,0.39659274,0.056366444
traffic,504,15764,17108,0.9619052533961356,0.2702957434421035,0.15154481,0.020690084,0.21603286,0.04379797
traffic,730,15124,15892,0.9618181187781216,0.2604466986172057,0.1671207,0.04265499,0.1364274,0.073348284
traffic,306,14164,16852,0.9618022968540214,0.2965059563987,0.022806883,0.33965468,0.2619145,0.100547075
traffic,301,14292,15828,0.9617767589845015,0.2940069868457166,0.28230667,0.36936116,0.34105468,0.31061316
traffic,469,14100,16788,0.9617511020965508,0.15559269221486,0.073735714,0.16146564,0.009977818,0.22522354
traffic,199,14484,16788,0.961741954853078,0.2767888318554691,0.3815844,0.29216623,0.20423627,0.46951437
traffic,161,14676,16980,0.9617390521859832,-0.0101384985833883,0.40314317,0.71301484,0.03886938,0.2710023
traffic,100,15508,16852,0.9616858901489456,0.0598584579478492,0.26473927,0.05833769,0.059095383,0.1473062
traffic,81,14676,15636,0.9616614128155484,0.0870756784372177,0.17825603,1.4005322,1.2708745,0.30791378
traffic,295,14420,14612,0.9616576307522988,0.2241242795717509,0.35487604,0.20491147,0.2325716,0.3272159
traffic,427,14164,16852,0.9615614341890208,0.212435254153366,0.091465,0.20967269,0.09298873,0.025218964
traffic,640,14676,15828,0.9615157550596356,0.2639662227031105,0.5287776,0.01823616,0.23616934,0.2743721
traffic,495,16468,16660,0.9614756252532066,0.201257153881496,0.35060024,0.5486491,0.53725123,0.36199808
traffic,173,14612,16532,0.961460994276348,0.2420468376330052,0.27399254,0.16675329,0.24385166,0.19689417
traffic,741,14164,14932,0.9614520018752892,0.2796740260665433,0.000569582,0.18660235,0.1307435,0.056428432
traffic,713,15764,17108,0.9614161896821072,0.2673421304001262,0.12115812,0.17877841,0.054950237,0.112570524
traffic,386,14100,16404,0.9614067022911326,0.2614190840078679,0.09317875,0.045968294,0.05971098,0.0125005245
traffic,662,14676,16788,0.961361749181628,0.1341119565405433,0.111083746,0.49704146,0.16449809,0.44362712
traffic,618,14484,17172,0.9612926948659108,0.130877590906712,0.3237543,0.022685051,0.2676642,0.07877517
traffic,589,15508,16852,0.9612895025682512,0.1639462667003784,0.10484815,0.37710142,0.18320203,0.29874754
traffic,385,14100,16788,0.961237303623282,0.2771335291792864,0.3140602,0.06537032,0.24527335,0.13415718
traffic,37,14100,16404,0.9611932564445173,0.2112876328787666,0.13230085,0.16454935,0.42402864,0.12717843
traffic,790,14740,15508,0.9611754733152004,0.2167871858825782,0.12161827,0.033161163,0.070510626,0.017946482
traffic,376,14804,17300,0.9611700823819798,0.1180797565316583,0.23632288,0.2915814,0.15791655,0.36998773
traffic,624,14676,15828,0.961157973687104,0.2224342696329835,0.5698917,0.7473657,0.67203116,0.64522624
traffic,333,14676,15636,0.9611522486203204,0.1570267107848102,0.178509,0.7389796,0.7181089,0.19937968
traffic,396,14292,16788,0.9610979982044274,0.2513617307273741,0.15922809,0.5521219,0.22186351,0.48948646
traffic,571,14420,14804,0.960997254025998,0.2522361938321756,0.34283614,0.39427376,0.39666915,0.34044075
traffic,202,14036,16724,0.9609955075501462,0.2738364711145279,0.3265884,0.074016094,0.3160162,0.0634439
traffic,681,14676,16980,0.9609232696240136,0.1895614234597298,0.12798929,0.4310639,0.085288525,0.21778607
traffic,753,14484,16980,0.9608544055496646,0.2135516074127978,0.0872035,0.20584369,0.0117173195,0.1303575
traffic,807,14292,16788,0.9608142219441186,-0.0216124701902911,0.26268578,0.02562356,0.51288795,0.22457862
traffic,235,15828,17172,0.960772324123203,0.2201817550017518,0.4086995,0.09651446,0.21301126,0.2922027
traffic,421,15444,15828,0.9607428720769252,0.1230728149353184,0.65153027,0.8739543,0.6372876,0.88819695
traffic,534,14228,16724,0.9607285072960372,0.225830703856633,0.007040441,0.14540994,0.23361701,0.3719865
traffic,110,14100,16404,0.9606981206555424,0.1884119909506026,0.100413084,0.05965185,0.17611337,0.2168746
traffic,309,14676,15636,0.960678283736584,0.2705714322696603,0.07337451,0.49829102,0.3982799,0.0266366
traffic,552,14164,16852,0.9606537373869104,0.2812210952217823,0.118216276,0.2673998,0.15049481,0.0013113022
traffic,476,14420,15572,0.9606390428126178,0.2950937088783785,0.04574895,0.08039427,0.05575204,0.09039736
traffic,682,14100,15252,0.9605559155427648,0.2989636427853518,0.045987844,0.053118587,0.012162209,0.01929295
traffic,820,14100,16212,0.9605491456829116,0.2816486181942675,0.0039954185,0.017289877,0.08033562,0.093630075
traffic,421,14932,17428,0.9605087389036076,0.0905901166142068,0.35464358,0.34066367,0.45175552,0.24355173
traffic,665,15636,16980,0.9604938986756724,0.1939268173064188,0.34811604,0.01511395,0.4025849,0.06958282
traffic,405,15956,16724,0.9604399808686392,0.2081586692834103,0.12491512,0.15188801,0.27519917,0.24822628
traffic,135,16660,17236,0.9604168694927536,0.2037782732075305,0.7039213,0.710508,0.8661547,0.54827464
traffic,839,15060,15636,0.9604147987741808,0.1225999779605632,0.30672836,0.109360695,0.18608558,0.23000348
traffic,459,14036,16532,0.9604147834474828,0.2871758470520028,0.64385664,0.7008004,0.69612515,0.6485319
traffic,824,14036,16724,0.960403448729925,0.156518893414991,0.048884034,0.1574105,0.22408557,0.33261204
traffic,602,14484,15444,0.9603914447052454,0.22347374274353,0.77978504,0.4534186,0.5638435,0.66936016
traffic,693,14164,15892,0.9603279551931824,0.2671967747720922,0.83289766,0.56957126,0.96492743,0.43754148
traffic,295,14036,17300,0.9601913577658322,0.1724296770616715,0.38349342,0.5154309,0.6597738,0.23915052
traffic,717,14676,17172,0.9601627878256253,0.2203863187931146,0.5425968,0.10675669,0.32760072,0.3217528
traffic,699,14612,15572,0.9601327569401298,0.2696205508729573,0.030307055,0.15633726,0.051798105,0.0742321
traffic,87,14036,15572,0.9600663117778896,0.281375198634603,0.21289921,0.24473953,0.21444368,0.24319506
traffic,7,14100,14676,0.960064951555804,0.175924238250402,0.4773792,1.3108175,1.1882299,0.59996676
traffic,247,14228,16724,0.9600646449091672,0.2887664430848372,0.122299194,0.11480999,0.23806596,0.47517514
traffic,435,14100,16788,0.960055285245117,0.0339484129023349,0.24229026,0.3749615,0.1513977,0.28406894
traffic,239,14484,16980,0.960030773257483,0.1569720459123476,0.08874869,0.34611106,0.06833887,0.5031986
traffic,231,15764,16724,0.9600113918936948,0.2324364522981952,0.16265285,0.35678852,0.58778596,0.06834459
traffic,304,14484,17172,0.959958583839578,0.1600983803350825,0.16315031,0.07079506,0.35728765,0.2649324
traffic,748,14484,16596,0.9599482031105876,-0.0579350334880842,0.16496086,0.3512013,0.0019915104,0.18823195
traffic,673,14612,16916,0.9599123102006858,0.2957378841856998,0.047863603,0.122018576,0.0905329,0.16468787
traffic,789,14420,14612,0.9598627415191622,-0.0756739385939987,0.2510786,0.067843676,0.16354585,0.15537643
traffic,27,16788,16980,0.9598193920976102,0.2977981271001167,0.057576895,0.08002949,0.06045556,0.038002968
traffic,179,15892,17428,0.9598058169717636,0.2649645910515179,0.1308353,0.056336403,0.29027247,0.10310078
traffic,238,14292,14676,0.9598019987368068,0.0300460861728648,0.37077582,0.421767,0.61267364,0.17986917
traffic,462,14420,16916,0.9597914512304984,0.2784758660264247,0.025134087,0.6715074,0.20527703,0.4410963
traffic,628,14164,16852,0.9597787273701472,0.28613721592533,0.050988674,0.29592967,0.15866828,0.08627272
traffic,675,14676,16788,0.9597512550090552,0.276287847062002,0.32120132,0.5770439,0.70588446,0.19236076
traffic,293,14676,17172,0.9597403911115506,0.2110953905023482,0.3561728,0.011214256,0.2811079,0.086279154
traffic,644,15508,16852,0.9596584069203548,0.2842878092915767,0.041213036,0.25241852,0.08777237,0.12343311
traffic,789,16212,16788,0.9596522325565382,0.2102092875880697,0.05156684,0.6473961,0.39363742,0.3053255
traffic,796,15636,15828,0.959652089598868,0.1022057410947615,0.21157026,0.10470772,0.20995116,0.10632682
traffic,208,14676,17172,0.9595972488003116,0.2560262876399675,0.42241478,0.36393452,0.21468353,0.15620327
traffic,508,14420,14612,0.9595887164140224,-0.0672107553111224,0.28875208,0.1343,0.06917322,0.08527887
traffic,818,14676,15636,0.95955391823828,0.2976424157420444,0.34821677,0.4727261,0.049358845,0.07515049
traffic,860,15636,16212,0.9595321735166296,0.2302510926947304,0.39552212,0.2332089,0.19048524,0.43824577
traffic,358,14164,15892,0.9595292951981016,0.2498379565646786,0.017702103,0.5023308,0.2610631,0.22356558
traffic,127,15508,16852,0.9595127373039508,0.2410259229548994,0.0247221,0.12737775,0.0090556145,0.16115546
traffic,711,16660,17236,0.9594606035583896,0.1793691974222959,0.6683364,0.7071779,0.79079366,0.5847206
traffic,317,15252,16788,0.959278441238322,0.2481790032672802,0.17442298,0.05628991,0.21092868,0.09279561
traffic,421,14484,15636,0.9592703519196322,-0.3428692143854719,0.36902595,0.4784789,0.3217237,0.52578115
traffic,530,16468,16660,0.9592444538199644,0.2641137894717104,0.028856277,0.0072107315,0.08942175,0.0677762
traffic,250,14164,16852,0.9592440795293758,0.1811451266416169,0.09623146,0.22053838,0.11520243,0.00910449
traffic,491,15828,16788,0.9592271399814808,0.297682267308539,0.37937188,0.39567196,0.15527797,0.6197659
traffic,735,14996,15764,0.9592169775775004,0.2311121135555966,0.3540411,0.5735831,0.5629084,0.3647158
traffic,101,16404,17364,0.9592050390284196,0.2342430483730499,0.15680718,0.27136183,0.3340664,0.09410262
traffic,593,14292,16980,0.9591974812536266,0.1230629596549579,0.06930375,0.21107054,0.058339357,0.33871365
traffic,491,14868,16212,0.95919410622252,0.177955869255084,0.070272446,0.019743204,0.034802914,0.055212736
traffic,274,15508,16852,0.9591640048341424,0.2504160754267892,0.11189985,0.16640997,0.10086179,0.04635167
traffic,491,14292,14676,0.9591562288063588,0.2792942532732906,0.10444474,0.4096086,0.517678,0.0036246777
traffic,485,15764,16724,0.9591054212307148,0.2981754982678696,0.37349153,0.19321084,0.23781717,0.057536483
traffic,679,14676,15252,0.959058495890374,0.2806411745273823,0.586045,0.7110251,0.8377702,0.45929992
traffic,638,14036,15764,0.959047924018245,0.221262021847846,0.08058357,0.021034956,0.038704395,0.09825301
traffic,687,16148,17300,0.9590375155825172,0.1977812798211719,0.35244727,0.630744,0.54289746,0.4402938
traffic,615,14676,15252,0.959028631091916,0.2372675151246807,0.7552042,0.7694249,1.0175117,0.5071174
traffic,688,14292,16596,0.9590203897323212,0.0995394350069672,0.069811344,0.5209508,0.18640041,0.77716255
traffic,37,15124,16276,0.9590027430847986,0.0926565144532538,0.13681567,0.32945395,0.23388839,0.23238122
traffic,426,15444,16404,0.9589915850853412,0.148904755979387,0.21580744,0.13137555,0.30929995,0.037883043
traffic,159,15124,16468,0.9589741618029762,0.2835498279136828,0.07970023,0.047946453,0.13391995,0.0062732697
traffic,637,14996,16340,0.958956489594598,0.122035762996217,0.0056996346,0.23774815,0.23347616,0.009971619
traffic,614,15828,17172,0.9589547237265132,0.15387687114751,0.23989654,0.14811945,0.276644,0.111371994
traffic,2,15124,16468,0.9589504088851772,0.2008826758945904,0.110925436,0.28691554,0.18448639,0.21335459
traffic,424,14036,16724,0.9589348968565116,0.167621207938877,0.31820303,0.019746065,0.113318145,0.18513882
traffic,362,16276,16660,0.9589246229154476,0.2792472073491636,0.6096419,1.4504384,1.131206,0.92887425
traffic,485,14292,14676,0.9589174105294092,0.2575560244906562,0.4464525,0.9959791,1.1627821,0.2796495
traffic,839,14676,16212,0.9588998904965172,0.2069746409506862,0.026447296,0.2011714,0.10007954,0.074644566
traffic,65,14420,16532,0.9588904714098678,0.2912098728913634,0.38833618,0.21697974,0.49870396,0.10661197
traffic,14,15636,16980,0.9588353830717926,0.2229864036629982,0.029955983,0.03886032,0.043226838,0.11204314
traffic,460,15828,16596,0.9587141582659158,0.1332563763259118,0.9518819,0.64322877,0.70709014,0.8880205
traffic,735,16660,17428,0.958713501995824,0.2586357501673432,0.37061143,0.7244767,0.7145684,0.38051975
traffic,459,14612,14804,0.9587082246041124,0.240856555817157,0.28362095,0.31581664,0.30382264,0.29561496
traffic,312,15956,16724,0.9586304799574036,0.192199305561813,0.15276289,0.2787212,0.00025248528,0.4317366
traffic,530,15444,16212,0.958600432660801,0.2848725200359503,0.2930088,0.50108194,0.4792049,0.31488585
traffic,175,14100,16404,0.9585992999588852,0.1618730829123709,0.14591312,0.34483337,0.16631985,0.32442665
traffic,572,16660,17428,0.9585962974587224,0.1741950223277586,0.7900846,0.96018565,1.2528512,0.497419
traffic,257,14228,16916,0.958578281828652,0.2532966727806432,0.06706917,0.6055055,0.25089824,0.42167646
traffic,196,14804,16148,0.9585014205984717,0.2430541398311956,0.049823284,0.050158262,0.15605664,0.056075096
traffic,380,14356,17044,0.9584960389315332,0.1240877131618212,0.040382147,0.1107049,0.057762384,0.12808514
traffic,138,15828,17172,0.9584728325509404,0.2566849657933889,0.17000818,0.052805662,0.23382783,0.011013985
traffic,162,14164,16852,0.9584508078288771,0.2588046304389019,0.032399416,0.3823967,0.08785057,0.2621467
traffic,471,14612,16916,0.9584444220200722,0.2919354874744519,0.3694862,0.54030514,0.36475194,0.5450394
traffic,327,15252,15444,0.9583768945888866,0.2783689745500873,0.07073784,0.12863183,0.12224603,0.07712364
traffic,444,14932,16660,0.9583674166819026,0.2183665515364473,0.74680614,1.5669773,1.1850557,1.1287277
traffic,88,14996,16340,0.9583492454564468,0.1193620291065375,0.0049927235,0.010818005,0.08628464,0.102095366
traffic,457,16404,16980,0.9583446602028798,0.2766866247916965,0.20887184,0.02147746,0.07007408,0.16027522
traffic,516,14100,16788,0.9582837652744772,0.1717327077308296,0.13445473,0.086250305,0.16310835,0.11490393
traffic,762,14484,15636,0.9582602479947916,0.1850443874958721,0.16347098,0.26775765,0.11903453,0.014747858
traffic,289,16596,16980,0.9582499871167516,0.2861286426557371,0.14561737,0.028922558,0.004879236,0.121574044
traffic,561,14804,17300,0.9582006127192108,-0.0085661006732796,9.6321106e-05,0.29506838,0.03537345,0.25979125
traffic,833,14484,16980,0.95818560187003,0.2365678405507055,0.031514406,0.16866994,0.2079184,0.07076287
traffic,548,14676,16212,0.9581306244317918,0.2554726846387293,0.039460182,0.1636262,0.032487154,0.09167886
traffic,561,14164,16852,0.9581091799595468,0.1662492310035063,0.074841976,0.21958303,0.04518628,0.09955478
traffic,351,16660,17236,0.9580407059079704,0.2073477371682675,1.3388982,1.5321558,2.297202,0.57385194
traffic,101,14228,14804,0.9579903059205858,0.2790089276173522,0.03946948,0.10726714,0.00767684,0.06012082
traffic,161,14036,15572,0.9579242804913374,0.277616460269056,0.13461137,0.260386,0.2628982,0.13209915
traffic,473,15764,16916,0.9579208048040868,0.1958457589180117,0.0149850845,0.032713532,0.10112071,0.11884916
traffic,538,14484,16980,0.9578098802785,0.1154979099077633,0.06070423,0.33534384,0.18343115,0.21261692
traffic,257,14100,16404,0.9578072637805553,0.2435665462747264,0.08107519,0.22800386,0.0935781,0.40265715
traffic,199,14164,16852,0.9577866538714608,0.2744309185832793,0.06022978,0.13152981,0.041172743,0.15058684
traffic,603,14676,16788,0.9577808614232056,0.296304687454769,0.07032704,0.70358324,0.6138959,0.16001439
traffic,382,14292,14484,0.9577275106030864,0.2811230641243841,0.17066574,0.48831034,0.4825039,0.17647219
traffic,18,16916,17300,0.9577128710636982,-0.0481627393762892,0.29409862,0.29693294,0.2902441,0.30078745
traffic,329,16148,16724,0.9577053831550406,0.2155304108863345,0.4401338,0.38495648,0.30270338,0.5223869
traffic,88,14292,16980,0.9576555041714376,0.2332433142629521,0.38310122,0.024208546,0.4598775,0.10098481
traffic,569,14484,17172,0.9576407206580104,0.2707984075827665,0.6535368,0.011921167,0.58543754,0.08002043
traffic,831,14740,16084,0.9576388355743768,0.1787095228807546,0.02225566,0.09627938,0.10027051,0.018264532
traffic,8,15124,16468,0.9575934714984686,0.1156530547587721,0.2710204,0.18513465,0.4313686,0.024786472
traffic,716,16020,17364,0.9575782489252996,0.0912142551355303,0.11439276,0.015726805,0.09196234,0.038157225
traffic,122,14676,15828,0.9575460788463748,0.1359303268062285,0.35573196,0.5882344,0.27210164,0.03959918
traffic,276,14484,17172,0.9574794746899076,0.2018225182940676,0.32652116,0.15917635,0.018654585,0.14869022
traffic,808,15508,16852,0.9573930904724168,0.1734139545191754,0.067150354,0.35830402,0.14498043,0.28047395
traffic,732,15508,16852,0.957332494643796,0.2482721569029325,0.10472822,0.38095903,0.11892748,0.36675978
traffic,206,15252,16212,0.957220001644054,0.2814298338737626,0.2503028,0.19948435,0.34829664,0.1014905
traffic,724,16276,17428,0.9572161645694852,0.239986157142162,0.00683856,0.046088696,0.008053064,0.031197071
traffic,790,15060,15636,0.9572077383781072,0.2302081498451549,0.044488907,0.14377236,0.22215629,0.12287283
traffic,803,14292,16596,0.9571390694069408,0.0462681479923428,0.23154259,0.5073718,0.082983255,0.8218976
traffic,342,14164,16852,0.9571368433883998,0.2115107448369162,0.09978247,0.24569726,0.022914886,0.12299991
traffic,676,14868,15444,0.9571331076051652,0.2765351773066951,0.17726898,0.31303716,0.38202763,0.10827851
traffic,462,14164,16852,0.9571303481787826,0.2964694443237332,0.003623724,0.5413518,0.22541904,0.31955647
traffic,206,14932,16852,0.9571162484889,0.1080889552218275,0.4591279,0.09417057,0.3846004,0.16869807
traffic,174,16660,17428,0.9571129633578512,0.2836047076539701,0.83552873,0.74375373,0.9241004,0.65518206
traffic,219,14676,17172,0.9571031398902398,0.1293191893839458,0.55237174,0.09946966,0.26086235,0.19203973
traffic,73,14292,17172,0.957002024870956,0.2626852955307213,0.74540186,1.6600058,1.1370237,1.268384
traffic,193,14036,16340,0.9569985255098592,0.291992378736974,0.14270043,0.010183811,0.20988107,0.077364445
traffic,495,14676,16980,0.9569846918496068,0.1680559185621422,0.11814642,0.38886094,0.09808612,0.1726284
traffic,521,14676,16212,0.9569730673579796,0.2233877472797151,0.23300171,0.487787,0.35052872,0.37026
traffic,508,14228,16724,0.95688297701278,0.2109820542207732,0.69151616,0.6071379,0.66271687,0.6359372
traffic,60,14292,16596,0.9568712928624414,0.2487065719330909,0.12806368,0.1080606,0.05455327,0.29067755
traffic,599,15828,17172,0.956819048255352,0.1584962862735855,0.3139255,0.4817314,0.45925975,0.33639717
traffic,673,14164,16852,0.9568127718347966,0.2742494127389279,0.14336634,0.047647715,0.010857582,0.08486104
traffic,159,14100,15060,0.9568034643570296,0.1607295299644507,0.106719494,0.0890882,0.10529709,0.12292838
traffic,524,15956,16340,0.9567999958118856,0.2032664614915847,0.13811493,0.52665544,0.3978827,0.009342194
traffic,403,14036,16724,0.9567981719796252,0.0250398618584244,0.3096583,0.045321643,0.15425009,0.20072985
traffic,347,17108,17300,0.9567857038948095,0.2462939604557168,0.1097461,0.15351284,0.17630148,0.086957455
traffic,56,15508,16852,0.9567827379594632,0.2486274143517924,0.21657252,0.7149801,0.49969292,0.0012853146
traffic,194,14676,15828,0.9567702381875692,0.1959572250367506,8.273125e-05,0.83952856,0.710521,0.12909031
traffic,257,14036,16724,0.956769189839681,0.1818036969874823,0.15557402,0.24506336,0.08046287,0.16995221
traffic,793,15764,16724,0.9567225378677546,0.2548237276482411,0.33577406,0.23983026,0.50994885,0.06565547
traffic,860,15316,16468,0.9567183454395836,0.2387311749292236,0.23508453,0.62707543,0.52256584,0.33959413
traffic,740,14996,15764,0.9566774793360108,0.2593116492201695,0.32334328,0.597692,0.51143193,0.40960336
traffic,690,14228,15764,0.9566765091284394,-0.0928493128570765,0.064049244,0.019556046,0.020916939,0.06541014
traffic,860,14292,16980,0.9566686113778988,0.282910626321566,0.049626112,0.05534053,0.11407256,0.2190392
traffic,244,15252,15828,0.9566578584715424,0.2334862277889754,0.6909058,0.8838053,0.74005723,0.83465385
traffic,637,14164,16660,0.9566528524652635,0.0449970549614,0.6832013,0.3574741,0.64916635,0.39150906
traffic,381,14164,16852,0.9566209373524516,0.1817293910460304,0.10858297,0.2300551,0.084585905,0.036886215
traffic,465,15956,16916,0.9566148771826352,0.2917920619422923,0.11439633,0.5626621,0.01376617,0.43449962
traffic,441,16020,17364,0.9566127793844756,0.2080570545236198,0.10871744,0.005611658,0.058063745,0.056265354
traffic,429,14164,16852,0.9565912594031634,0.1813450603651692,0.09611702,0.28179193,0.12393212,0.061742783
traffic,384,15508,16852,0.9565631472790096,0.0463129484953068,0.011339664,0.47969937,0.2780261,0.21301293
traffic,60,15828,16980,0.956546044612751,-0.2629498547672101,0.39739037,0.5401287,0.40620208,0.531317
traffic,48,14036,16916,0.9565143168460964,0.0498395784777445,0.0706377,0.29408836,0.2334534,0.45690405
traffic,629,14740,14932,0.9564990365789444,0.2200088653348056,0.21026313,0.36671245,0.39579678,0.18117881
traffic,407,14164,16660,0.9564713570324852,0.1374856071286665,0.573946,0.600847,0.5838742,0.5909188
traffic,669,14484,16980,0.956435423425454,0.1893768643791429,0.07977486,0.17016268,0.0042202473,0.086167574
traffic,224,15892,17428,0.9563974185213118,0.2096365178180003,0.04385352,0.041258574,0.17036581,0.17296076
traffic,532,15060,15444,0.9563694491371172,0.0921509998971219,0.04352379,0.1936965,0.14867425,0.08854604
traffic,740,14676,15444,0.956364257669484,0.2797381748557568,0.04674983,0.37043214,0.29725552,0.026426792
traffic,594,15508,16852,0.9563239250395066,0.2999653377132291,0.033748627,0.3412516,0.13731623,0.23768401
traffic,578,14036,16724,0.956305462432862,0.2391088258320276,0.1706245,0.77403736,0.2636249,0.33978796
traffic,339,14100,14676,0.9562674395506904,0.282868991419793,0.45278788,1.2935619,1.1099782,0.6363716
traffic,503,16020,16212,0.956258174949244,0.2629370289427273,0.088529825,0.33448172,0.19277978,0.05317211
traffic,287,14484,16980,0.956244408373386,0.0984015891982404,0.14147353,0.3846109,0.027829885,0.27096725
traffic,43,14484,17364,0.956240924526648,0.2419901571889703,0.4902022,0.63476443,1.0988872,0.026079416
traffic,121,14484,16980,0.9562010097033046,0.2645692029624125,0.21558428,0.6072309,0.2566626,0.5661526
traffic,194,16660,17428,0.9561930390354568,0.2565997035824917,1.1361263,1.1279521,1.6356916,0.62838674
traffic,485,15444,15828,0.9561929885219544,0.2862186703260445,0.6801219,1.1938808,0.8910507,0.982952
traffic,788,14932,15508,0.9561858199257056,0.2950359434798244,0.013188601,0.17675996,0.24733353,0.08376217
traffic,65,16084,16276,0.9561427471107012,0.1707768781577976,0.14976263,0.040275216,0.008545995,0.10094142
traffic,213,14100,16212,0.9560930809136364,0.2041263147673187,0.32067204,0.48324,0.5057819,0.29813015
traffic,65,14548,17044,0.9560719397234054,0.0127828997983781,0.3531419,0.050991416,0.31537962,0.013229132
traffic,76,15508,16852,0.9560381634331552,0.1894879007803506,0.03560114,0.25782633,0.19451714,0.09891033
traffic,1,14420,16916,0.9559657444193922,0.2159479064199144,0.40261304,0.46121144,0.3587625,0.505062
traffic,753,14676,15636,0.9559525337528232,0.2888127265554166,0.08192825,0.25463748,0.14294434,0.02976489
traffic,340,14676,15636,0.9559162644269246,0.1788715925146894,0.015365839,0.57880247,0.4453981,0.14877021
traffic,407,15188,16532,0.955910142978823,0.2647728295012795,0.083227634,0.58467793,0.16783667,0.33361363
traffic,291,14676,15444,0.955889494127643,0.2491240916301934,0.81419015,0.866539,1.127973,0.5527562
traffic,97,15956,17300,0.9558890905924168,0.2598631236103598,0.2489928,0.19308972,0.057510257,0.0016071796
traffic,312,16148,17300,0.9558664952138186,0.2567473251446496,0.0053048134,0.093609095,0.21094179,0.11202788
traffic,599,14740,14932,0.9558660347597884,-0.0204211039795576,0.18162799,0.10168004,0.10397625,0.17933178
traffic,594,14164,16660,0.9558609829619192,-0.0317486597256392,0.6311178,0.17428541,0.53445244,0.2709508
traffic,449,14356,17044,0.9558357181343882,-0.1554523307034357,0.36127377,0.38996553,0.3450992,0.4061401
traffic,345,14292,15828,0.9558319168608388,0.132263811401595,0.77065694,0.70373607,0.70682514,0.7675679
traffic,79,14292,16788,0.95580356094677,0.2858934231453309,0.07251787,0.10614848,0.19666862,0.23029923
traffic,110,14356,17044,0.955731425835427,-0.1852536666142043,0.05260539,0.40642285,0.22053385,0.2384944
traffic,134,14036,17108,0.9557142454212812,0.2156863887762349,0.3178978,0.5393157,0.03224373,0.82496977
traffic,79,14228,16724,0.9556872166871714,0.2466912837909321,0.101569176,0.12294197,0.1212337,0.34574485
traffic,87,14292,15636,0.9556474480135558,0.131935442940624,0.1031158,0.092974424,0.15723872,0.0388515
traffic,116,14036,16724,0.9556408082032524,0.2510053395892225,0.38908887,0.04626286,0.19031131,0.1525147
traffic,53,14740,15700,0.9556098572202104,0.0042173888834517,0.3403561,0.27009892,0.28956175,0.3208933
traffic,554,15188,16532,0.9556076444116992,0.1781009788576237,0.32948017,0.09238219,0.12932372,0.10777426
traffic,531,14292,16788,0.9556060852357258,0.170833260088581,0.12647223,0.38170528,0.108956575,0.39922094
traffic,72,14612,16532,0.955561265119961,0.2626254380218374,0.2659738,0.361403,0.3843739,0.24300289
traffic,108,15828,16980,0.9555397292067912,-0.1064538488119814,0.038290262,0.5166848,0.23170638,0.24668813
traffic,167,15828,17172,0.9555113146425822,0.2640887150040012,0.38948667,0.36478543,0.42124784,0.33302426
traffic,154,14100,14676,0.955486283212164,0.195471795469141,0.6357062,1.0065684,0.86439204,0.7778826
traffic,440,14676,15444,0.955485610607189,0.2395100136934054,0.27692294,0.5304011,0.5950527,0.21227133
traffic,567,14676,17172,0.9554512812899816,0.2692575622580456,0.8239441,0.01798749,0.36387324,0.47805834
traffic,502,14676,16980,0.9554512147718875,0.2373388502474754,0.39199734,0.67478275,0.648,0.4187801
traffic,203,14420,16916,0.9554256327526556,0.2786332898720539,0.11457777,0.41404074,0.01503396,0.31449693
traffic,530,14996,15188,0.9554094856637828,0.2938798385496078,0.034583807,0.011520863,0.06689978,0.043836832
traffic,83,16660,17428,0.9553383356002462,0.1192662829616176,0.34968734,0.61414015,0.44965577,0.5141717
traffic,772,14804,16916,0.9553244269476998,0.2443786334982039,0.74674106,0.91611075,0.92865777,0.73419404
traffic,338,14100,16212,0.955306906880576,-0.0759525168854559,0.21455872,0.16822374,0.24734116,0.1354413
traffic,487,16404,16980,0.9552708665436768,0.2847984988961435,0.34596825,0.1340437,0.18895674,0.2910552
traffic,440,15636,16212,0.9552443102914564,0.2851283796520189,0.069241524,0.029777527,0.04456234,0.14358139
traffic,513,14100,14676,0.9552399268421792,0.1447212180509592,0.6504916,1.4196298,1.0855592,0.98456216
traffic,816,15124,17428,0.9552179647358668,0.2830300698637188,0.09359443,0.2104981,0.028881192,0.27521133
traffic,323,15764,16916,0.9551961729355356,0.2694818255708798,0.12815571,0.27256107,0.13066995,0.27004683
traffic,836,14740,15508,0.955188451933226,0.282241980023273,0.46505904,0.35742378,0.38077998,0.44170284
traffic,666,14292,14676,0.9551088674528168,0.2450123866679557,0.26684594,0.54542303,0.82420945,0.011940479
traffic,226,14100,16788,0.9551055324355258,0.0174993293620056,0.63983655,0.37863874,0.67359877,0.34487653
traffic,738,14100,16788,0.9550854759267936,0.1448204420340433,0.08084571,0.11188042,0.26207256,0.29310727
traffic,120,15956,17108,0.9549662668526872,0.2127147118859405,0.044917703,0.53414,0.24102533,0.24819696
traffic,247,14100,14292,0.9548667452440806,0.0883762392854449,0.16421652,0.067845106,0.12500024,0.107061386
traffic,55,14100,16788,0.9548362785626676,0.2038984981890947,0.02120471,0.15667808,0.07631111,0.21178448
traffic,681,14100,16212,0.9548031965698812,0.2285137895101864,0.06533754,0.08215582,0.16591907,0.018425703
traffic,65,14100,16980,0.9547987761034756,0.1451501606480122,0.2615465,0.030406237,0.15851915,0.07262111
traffic,173,16404,17364,0.9547923676844652,0.2599329843894057,0.14522219,0.46719623,0.49870753,0.11371088
traffic,235,15764,16724,0.9547690428023552,0.2971209110479682,0.1647973,0.0922029,0.34472513,0.27213073
traffic,380,15252,16788,0.9547646758754053,0.2543145239177097,0.23421872,0.24196053,0.49636924,0.02019
traffic,788,17108,17300,0.9547537757114708,0.2556939060623839,0.021101713,0.020412922,0.03953767,0.04022646
traffic,58,15764,16724,0.9546804694616432,0.2895835882987598,0.4002428,0.2344104,0.46314132,0.17151189
traffic,450,14164,14740,0.9546619890919794,0.204646599862776,0.091070175,0.51691914,0.40319967,0.20478964
traffic,73,14100,14676,0.9545879725117512,0.1613322318538761,0.67657864,1.034193,0.84547627,0.8652954
traffic,493,14228,16916,0.9545726138313736,0.2144946602160734,0.12733567,0.2732135,0.068107486,0.21398532
traffic,440,16788,17364,0.9545146414718264,0.2095550137327606,0.084815025,0.29998255,0.34350157,0.041296005
traffic,699,16660,17236,0.9545084699319588,0.2893812387112391,0.65513325,0.70610785,0.7534442,0.6077969
traffic,605,14228,16724,0.9544937282580876,0.2348924509947458,0.10382199,0.1995101,0.24310052,0.060231566
traffic,787,14676,17172,0.9544637843847452,0.0262202281340054,0.38049126,0.22581577,0.1768887,0.02221322
traffic,372,14484,17172,0.9544591598077108,0.2820434184804006,0.36616063,0.40684724,0.54724693,0.22576094
traffic,648,14676,15828,0.9544265414519236,0.2255270517493123,0.03505802,0.34903717,0.23555589,0.07842326
traffic,310,14612,17108,0.9543958367733572,0.2820804280838724,0.20365608,0.052325845,0.35918856,0.103206635
traffic,483,15124,16660,0.9543551506166252,0.2986835651300127,0.73399115,0.95666766,0.70738554,0.98327327
traffic,167,14420,14612,0.9543271642786104,0.0884190131907992,0.088144064,0.0010659695,0.07468128,0.012396812
traffic,200,14100,14676,0.9543218030615012,0.2175904735173937,0.4558084,1.2834995,1.0780866,0.66122127
traffic,355,14100,16212,0.954316640122906,0.2133595379335754,0.26092136,0.19855094,0.25354326,0.20592904
traffic,532,14100,16788,0.9542551044355004,0.1232648722124055,0.016847372,0.2648945,0.07918668,0.20255518
traffic,312,16660,17236,0.954234502554836,0.034063051318816,1.0799859,0.93095326,1.2172416,0.7936975
traffic,534,14036,16916,0.954202150627484,0.1021964602610924,0.16784519,0.23063374,0.32248527,0.3852738
traffic,717,17236,17428,0.9541843484549208,0.2452833502812173,0.7239074,0.93129873,0.64907986,1.0061263
traffic,59,14164,15892,0.954164339705206,0.2696257511913468,0.105204105,0.52827907,0.3717606,0.26172256
traffic,839,14228,14804,0.9539901020170436,0.0705152857205072,0.19867754,0.38727283,0.4090681,0.17688227
traffic,30,16660,17236,0.9539182425159972,0.2788135812031669,1.0833395,1.2271672,1.7870393,0.5234674
traffic,318,14676,17172,0.9539080958868752,0.1324890325355747,0.77701235,0.01565981,0.39912748,0.36222506
traffic,620,14676,16980,0.9537988588516652,0.0925900580556738,0.80487347,0.002135992,0.4737115,0.33329797
traffic,579,16212,16788,0.953776884155343,0.2869360910889473,0.13498521,0.09449148,0.25439143,0.2138977
traffic,530,15316,17236,0.9537656812259434,0.1856489615997267,0.046047926,0.3868599,0.107637405,0.23317456
traffic,400,14100,16404,0.95373682693153,0.2801804320170434,0.402035,0.8535013,0.8306773,0.42485905
traffic,208,15124,16276,0.9536227403942468,0.1575895827860339,0.33951378,0.43285012,0.38179493,0.39056897
traffic,242,14676,15828,0.9536006922464692,0.2282823880001798,0.2782948,0.18923068,0.08156562,0.17062974
traffic,15,14484,16980,0.953575655671326,0.1540182503710233,0.2316451,0.06956744,0.35770726,0.1956296
traffic,407,14932,16276,0.9534920729806052,0.2714516858320412,0.42401958,0.36002946,0.3740648,0.40998423
traffic,83,15700,17044,0.9534808643631788,0.2491529282503342,0.15617561,0.0811038,0.09846306,0.023391247
traffic,312,15444,16404,0.9534357771412788,0.1771686341254242,0.00954175,0.056703687,0.11143696,0.045191526
traffic,142,16788,16980,0.9534289125113417,0.2830140713768888,0.03065443,0.01154995,0.026113033,0.0070085526
traffic,524,14292,14868,0.953422485162521,0.2956547365872097,0.07200527,0.18625736,0.18842363,0.07417154
traffic,100,14100,17172,0.9533463191028996,0.0703829243616064,0.7819251,0.9578161,0.6696011,1.0701401
traffic,759,15188,16532,0.953337942854083,0.2219033376997858,0.15882349,0.05572915,0.03359604,0.0694983
traffic,202,14228,16916,0.953313766496346,0.152145101467573,0.1784035,0.24229419,0.14126074,0.20515144
traffic,266,15252,16212,0.9533054271798128,0.2614879098590091,0.07834351,0.16547573,0.28201365,0.038194418
traffic,789,15252,16404,0.9532844196853876,0.2810778482901695,0.30880713,0.106622934,0.32446194,0.09096813
traffic,370,14292,16404,0.9532734163555664,0.0545776595955929,0.1790688,0.24770582,0.14844942,0.2783252
traffic,120,14484,16980,0.9532548770889194,0.2211699738010916,0.037184,0.6577637,0.06896973,0.625978
traffic,429,14804,17300,0.953217505400678,0.0146892092370587,0.08228254,0.41270316,0.1409204,0.3540653
traffic,90,14484,16596,0.953210073212496,0.250282070361443,0.5868015,0.4006555,0.26193762,0.7255194
traffic,100,14420,14804,0.9531528677760692,0.2926741246678462,0.3148985,0.4377215,0.42364097,0.32897902
traffic,197,15252,16788,0.9531510042105809,0.2876007381054675,0.21524262,0.19273782,0.33406782,0.07391262
traffic,759,14228,16916,0.9531399596376188,0.2519407332392164,0.12342858,0.036101937,0.101029396,0.01370275
traffic,465,14100,14676,0.9531169192269764,0.278024472235529,0.43906093,0.9435848,0.9436673,0.43897843
traffic,788,16404,17364,0.9530827466440216,0.2301536895121349,0.13192844,0.09526467,0.26430345,0.03711033
traffic,286,14868,16212,0.9530777906959386,0.2471524672015772,0.011963844,0.041290045,0.009864807,0.043389082
traffic,465,14228,16724,0.9530655678620344,0.2569589567939071,0.35558343,0.3536358,0.1794995,0.17755187
traffic,432,14100,14676,0.9530391661591237,-0.1179012392497731,0.4535585,1.1874188,1.0539815,0.5869957
traffic,708,16084,17428,0.9528743014648784,0.1886790813740062,0.04668629,0.3544315,0.14484727,0.16289794
traffic,283,14292,14484,0.95287187856071,0.2666218796620462,0.2651074,0.6970904,0.6435394,0.31865835
traffic,233,15572,16724,0.9528152407222044,0.2086619953291583,0.2660637,0.11747551,0.21812248,0.0695343
traffic,619,15060,16404,0.9527991086145938,0.1039436215003541,0.18689096,0.11816704,0.21936941,0.08568859
traffic,170,14292,15636,0.9527950783871852,0.2483049443349821,0.028218746,0.11194706,0.084107876,0.05605793
traffic,32,14484,17364,0.9527391433539828,-0.0661710936259531,0.18055248,0.4176128,0.6263037,0.0281384
traffic,346,14164,16852,0.9527055551878084,0.2862145643838315,0.083779335,0.20560217,0.017748833,0.104074
traffic,586,15828,16980,0.9527020208132616,0.261737384707315,0.1845715,0.47865224,0.1753819,0.48784184
traffic,776,14676,15252,0.9526982117026338,0.0207133631302473,0.1979382,0.64580095,0.65477514,0.18896401
traffic,298,15956,16340,0.9526825921786264,0.2950246139125564,0.1693244,0.14061546,0.06737208,0.03866315
traffic,113,15124,16468,0.9526723527970904,0.2852198902218958,0.2019794,0.35758066,0.28176355,0.2777965
traffic,555,14484,15828,0.9526611800493004,0.2579929869559915,0.08653402,0.13996172,0.043385983,0.010041714
traffic,664,15636,16980,0.9526390856382052,0.262764727816858,0.2452519,0.03979802,0.273571,0.06811714
traffic,56,14676,16084,0.952536816356825,-0.0627193227980673,0.72508264,1.3249604,1.2690151,0.7810279
traffic,775,14292,16980,0.9525256579837448,0.2680170291935274,0.25504136,0.39285398,0.4168954,0.554708
traffic,415,14164,14932,0.9524949019943874,0.2867589239544731,0.10687995,0.55715024,0.36115026,0.30287993
traffic,261,14484,16980,0.9524839186582796,0.256572919513413,0.12697577,0.26521802,0.06144142,0.19968367
traffic,207,15060,17364,0.9523825229209858,0.2990834960494506,0.47030735,0.7375355,0.6831908,0.524652
traffic,569,14036,16148,0.9523645752057266,0.2947455529116603,0.44816732,1.0076368,0.7042444,0.75155973
traffic,73,15316,16660,0.9523556349325027,0.0893047291761013,0.103055954,0.19553971,0.1641159,0.25659966
traffic,533,15700,17428,0.952292341309006,0.0256064946598896,0.2471062,0.7563164,0.67692995,0.32649267
traffic,256,14484,16980,0.9522739645853529,0.1793376487084673,0.040808678,0.21216846,0.00931859,0.16204119
traffic,497,14484,14676,0.9521724936999868,0.0469762987059916,0.084282875,0.5496936,0.7087302,0.24331951
traffic,288,15572,17108,0.952150428023609,0.2897301120371768,0.5174029,0.25081325,0.2544198,0.012169838
traffic,478,14292,16788,0.9521016250787228,0.1740642530529426,0.20748663,0.32959366,0.16171145,0.37536883
traffic,435,14676,17172,0.9520957900512188,0.1722511888920214,1.1979518,0.09302926,0.48675895,0.8042221
traffic,285,14100,14292,0.9520612788444618,-0.1008430074197102,0.18401194,0.14967227,0.16873074,0.16495347
traffic,124,14292,16404,0.9520493591234594,0.247624329733198,0.36579883,0.3298478,0.045268297,0.65037835
traffic,549,14100,14676,0.952042677302976,0.1754719775237216,0.6391939,1.65031,1.1535834,1.1359205
traffic,198,16148,17300,0.9519895939805963,0.2833863032959862,0.20105767,0.18549752,0.3106122,0.07594299
traffic,106,14868,15060,0.9519454243161976,0.2741852696981908,0.073847294,0.3285153,0.26996994,0.13239264
traffic,414,15828,16404,0.9519345855844568,0.1039517902967365,0.25649667,0.3418795,0.28873277,0.3096434
traffic,604,14804,17300,0.951919282854668,0.2721156704569095,0.0983119,0.2566471,0.34418416,0.010774851
traffic,231,14292,16596,0.951909475718204,0.1796494624731177,0.414495,0.3367343,0.07889438,0.6723349
traffic,761,14228,16916,0.9518800787782276,0.1979904334316668,0.2270447,0.4900411,0.0043630004,0.2673594
traffic,334,15124,16468,0.9518634676896678,0.2283404893114183,0.08519435,0.17674077,0.036115646,0.22581947
traffic,520,15124,16468,0.9518579141550368,0.2873933770147434,0.34053087,0.29004073,0.19465303,0.43591857
traffic,470,15508,16852,0.951841603994927,-0.2137278834864943,0.48843312,0.33128524,0.37977958,0.43993878
traffic,621,16148,17300,0.951813856048596,0.2466968035017932,0.93797517,0.7357297,0.9065213,0.76718354
traffic,665,14676,15828,0.9518070536550134,0.1714836550763251,0.47330642,0.13416743,0.26887822,0.07026076
traffic,253,15444,16212,0.9517991475406038,0.2814842285248758,0.38234633,0.08347154,0.2070573,0.25876057
traffic,79,16468,17428,0.9517577151826312,0.2854577915776801,0.16708219,0.07174444,0.027581811,0.06775594
traffic,97,14164,16852,0.9516955108089368,0.138922474149041,0.15051389,0.6399355,0.582489,0.20796037
traffic,750,14484,16980,0.9516933773330356,0.1704862419133184,0.21297598,0.04685974,0.11609697,0.050019264
traffic,788,14356,17236,0.9516760683155938,0.1373293791309841,0.118046045,0.4728154,0.24696612,0.34389532
traffic,365,14676,15060,0.9516711137190712,0.1555750535307854,0.546756,0.78791964,0.9026445,0.43203115
traffic,340,14292,15828,0.9516566121838678,0.2747501365625479,0.2385329,0.27396417,0.29842174,0.21407533
traffic,385,14292,16404,0.9516099161573804,0.0983589409429949,0.097230196,0.08992767,0.15731478,0.34447265
traffic,81,14164,15508,0.9515842871576078,0.0984223612452088,0.110333204,0.1289866,0.08218789,0.15713191
traffic,817,14484,16980,0.951582029699946,0.1076129932741699,0.24576831,0.38463783,0.02131772,0.6090884
traffic,780,15764,16916,0.9515334524888388,0.2529289533220537,0.057958245,0.07642996,0.17273402,0.19120574
traffic,534,15508,16852,0.9515207238002292,0.1992359418024906,0.12453103,0.15430784,0.0679481,0.21089077
traffic,493,14100,16404,0.9514689739790256,0.1872840594937561,0.19639826,0.26578593,0.28320372,0.3525914
traffic,716,16340,16724,0.9514583849543518,0.283736557489407,0.029524326,0.024828672,0.021220207,0.025915861
traffic,358,14996,15764,0.9514547705037094,0.2004525362094872,0.123300076,0.3337195,0.2584591,0.19856048
traffic,747,16468,17428,0.951365882883793,0.1072268463504173,0.35295057,0.5432172,0.48583174,0.41033602
traffic,158,14484,16596,0.9513595541931852,0.2347339073327864,1.4301114,0.87809694,1.1291881,1.1790203
traffic,716,16916,17300,0.9513368645171004,0.2920269515448065,0.13122272,0.17178679,0.1986978,0.104311705
traffic,351,15508,16852,0.951324716432452,0.2324161500452075,0.22923636,0.35335374,0.21377802,0.089660645
traffic,164,14228,16916,0.9513198454972032,0.0675808102877089,0.017308593,0.8480851,0.25504506,0.61034864
traffic,517,14292,14484,0.9512780990504408,0.19083479433832,0.009921074,0.14350152,0.107728004,0.025852442
traffic,334,15380,16724,0.9512678250935996,0.2605157664162131,0.05830884,0.28574538,0.020180225,0.323874
traffic,256,14356,17044,0.9512514444267044,0.2670084797785673,0.08411813,0.23832417,0.05278325,0.10142279
traffic,325,16084,17428,0.9511556928901926,0.2365488814365779,0.143291,0.15562248,0.061077118,0.0734086
traffic,434,14292,16788,0.9511239262355228,0.15546206706562,0.230201,0.27292776,0.092436075,0.4106927
traffic,348,14100,14676,0.9511049280643872,0.1646819492643003,0.54045534,0.68772364,0.64104176,0.5871372
traffic,511,15316,17428,0.9511029753689568,0.2763168902547172,0.34328008,0.66075504,0.5193503,0.48468482
traffic,177,14164,16852,0.9510299591368252,0.1631164251825017,0.24614096,0.16034293,0.20428228,0.11848426
traffic,172,14676,15636,0.9509917736114089,0.067477681028091,0.5922127,1.2888697,1.3675398,0.51354265
traffic,92,14996,17108,0.9509409525398624,0.2908753805451986,0.2671429,0.29130244,0.27594256,0.28250277
traffic,421,14612,17300,0.9509247854978884,0.2548947470325255,0.20189929,0.08301163,0.15603805,0.12887287
traffic,106,14164,15892,0.9509010551568764,0.2243549013697088,0.002092123,0.39026594,0.183074,0.20509982
traffic,799,16404,17364,0.950899642135542,0.149730379761142,0.1663301,0.32263064,0.30644226,0.18251848
traffic,479,14484,15636,0.9508730339346428,0.1111352210490249,0.24469256,0.50264716,0.49173343,0.2556063
traffic,790,14356,16660,0.9508548922477882,0.1706728087271078,0.4674859,0.4760189,0.67434883,0.26915598
traffic,455,14676,17364,0.950851449278444,0.2199188544514508,0.25004196,0.21057439,0.37558293,0.08503342
traffic,655,14100,16212,0.9508442811404524,0.2904796226368316,0.005681157,0.010383129,0.0678848,0.06318283
traffic,769,15764,16724,0.9508340895948456,-0.0863927971933473,0.060058594,0.14920473,0.10785556,0.31711888
traffic,183,14228,16724,0.950800235631588,0.1896074770352739,0.049240947,0.1122483,0.17776513,0.016275883
traffic,554,15828,16788,0.950787619335262,0.2355633379196594,8.010864e-05,0.3496747,0.016648293,0.3664031
traffic,334,14612,15956,0.950750327328198,0.084105907917921,0.085730314,0.1553613,0.1478436,0.09324801
traffic,374,14036,16340,0.9507134305166218,0.2998475946549171,0.78256273,1.5966129,1.0497878,1.3293879
traffic,238,14228,16724,0.9506947821671868,0.2849792731966436,0.17250991,0.27619565,0.08218682,0.18587255
traffic,750,14100,16788,0.95066623874582,0.2705219701756126,0.34175122,0.070266485,0.30221105,0.030726314
traffic,298,14100,14292,0.9506474928974086,0.2130905800001118,0.032302856,0.066907406,0.020896673,0.07831359
traffic,256,15124,16660,0.950644957355413,0.2544339440491391,0.53224134,0.47307372,0.4867313,0.5185838
traffic,193,16020,17364,0.950600053959108,0.1242325933845941,0.01388669,0.27950096,0.15345311,0.13993454
traffic,789,14356,14932,0.9505970588640412,0.2831454690466589,0.21770644,0.05123973,0.03994608,0.30889225
traffic,748,14996,15956,0.9505952912997626,0.2609434918468311,0.08001399,0.37993956,0.34433532,0.11561823
traffic,685,15060,16404,0.9505633001776562,0.2705697494760096,0.27980304,0.12680483,0.2804848,0.12612307
traffic,59,15956,16916,0.950517882374702,0.2339418589965022,0.2118566,0.15583861,0.062435508,0.3052597
traffic,381,14804,17300,0.950510809297742,-0.0498583878542823,0.060475826,0.3391453,0.015344977,0.2633245
traffic,730,14932,17044,0.950504939349968,0.2697862823897348,0.2896881,0.70763075,0.47183728,0.5254816
traffic,657,15124,16276,0.9504518600829596,0.23816344385855,0.14867449,0.5449326,0.5373783,0.15622878
traffic,263,14868,16212,0.9504092775056556,0.2350148803017153,0.1166203,0.29974103,0.28869116,0.12767017
traffic,600,15700,17236,0.9503840415649348,0.1940248251363272,0.08844328,0.29892826,0.055754185,0.33161736
traffic,442,14484,17172,0.9503360348275648,0.2809892523198592,0.17133474,0.07769823,0.22939157,0.3230281
traffic,804,14484,14676,0.9502615331330077,0.2469128624006062,0.32731533,0.37697482,0.38015556,0.3241346
traffic,519,14228,16724,0.9502546480077522,0.1905851505409927,0.1202538,0.49927306,0.08551836,0.7050452
traffic,464,14868,15444,0.9502373283319536,0.2186199588550903,0.053146243,0.0026857853,0.02968347,0.08014393
traffic,711,15316,15892,0.9502276096655694,0.1591829418969517,0.20667458,0.19223428,0.094117165,0.07967687
traffic,162,14676,15444,0.9501514494959418,0.2752697561282943,1.2667089,0.8510597,1.1493044,0.96846414
traffic,471,15508,16852,0.9501243639737564,0.2618053016372608,0.01705265,0.10760021,0.0021595955,0.12681246
traffic,468,14164,15508,0.9500809507964798,0.0331513451996577,0.028064013,0.09783363,0.0021908283,0.12808847
traffic,465,14484,17172,0.950072367150384,0.1314741781319098,0.3649788,0.33307457,0.49230075,0.20575261
traffic,199,15508,17236,0.9500568562253944,0.2291469133551922,0.68217397,0.7882299,0.84462786,0.625776
traffic,53,14676,17364,0.950035293337858,0.1350245069975327,0.040439606,0.095356226,0.31380177,0.25888515
traffic,767,15060,16788,0.9500351553439552,0.2449585477819376,0.24579835,0.106933355,0.28060293,0.07212877
traffic,704,15188,16532,0.9500310500147994,0.2987977643551664,0.09323287,0.6289277,0.37231135,0.34984922
traffic,475,14228,14420,0.9500040780830732,0.2114171705966933,0.0487442,0.15135312,0.14330316,0.056794167
traffic,257,17172,17364,0.9499957300737564,0.1561852962167755,0.19292521,0.06574297,0.11697078,0.37563896
traffic,734,14676,16980,0.9499953637219688,0.2235706693526445,0.6286688,0.34118557,0.6410253,0.32882905
traffic,696,15316,16660,0.9499783946830616,0.1665730076405988,0.6651068,1.12556,0.61092687,1.17974
traffic,685,16276,17044,0.9499653375690011,0.2498883357583464,0.12775266,0.10717273,0.15225601,0.08266938
traffic,67,14484,15444,0.9499529053721674,0.2582618575833734,1.0724628,0.892033,1.2311113,0.7333845
traffic,607,16596,17172,0.9499387818343126,0.1814606859871368,0.35099483,0.08205056,0.28353667,0.14950871
traffic,172,15060,16212,0.9499009214921356,0.2778520832757964,0.67012465,0.7000642,0.6584487,0.71174014
traffic,185,16596,16980,0.9498971690314636,0.2596721345529356,0.6636456,0.7801821,0.67698777,0.76684
traffic,521,16468,16660,0.9498869018688508,0.2881520402476215,0.3006177,0.40069056,0.44872046,0.2525878
traffic,564,14292,14676,0.9497657115310808,-0.0156160897802407,0.4007368,0.73625016,1.2228265,0.08583951
traffic,685,15124,16660,0.9497102873991748,0.2159736321807804,0.43711114,0.5105474,0.4271152,0.52054334
traffic,14,14484,17172,0.9496999355345151,0.2755790339121395,0.023149729,0.13329911,0.07025933,0.08618951
traffic,648,14612,16532,0.9496867158556732,0.2872023452028022,0.19281578,0.34674406,0.4090345,0.13052535
traffic,609,14100,16404,0.94968200214925,0.2101499317119474,0.15810871,0.29019988,0.04582262,0.40248597
traffic,795,14036,16916,0.9496774500279588,0.1724454977720533,0.086732686,0.14205354,0.48386776,0.5391886
traffic,637,15508,16852,0.9496550987000036,0.207294647689236,0.13870502,0.25086832,0.034519434,0.07764387
traffic,475,14100,16788,0.9496537946908258,-0.1858190850902266,0.11464834,0.006081581,0.20911384,0.100547075
traffic,676,14612,16340,0.9496312313768048,0.06179955305773,0.15942502,0.38820672,0.36175036,0.18588138
traffic,106,15764,16724,0.9495811078793766,0.1269429216869115,0.4241433,0.07229304,0.3513105,0.14512587
traffic,313,14676,15636,0.9495780404992232,0.2927240471732965,0.3389094,0.75744605,0.8550873,0.24126816
traffic,569,15700,17044,0.9495178137755592,0.1650087119518594,0.10925245,0.63561034,0.17422545,0.35213244
traffic,839,14164,16468,0.9494568968810536,0.2754191131602921,0.13253641,0.303483,0.19372249,0.24229693
traffic,788,15700,17044,0.9494550465351644,0.2229837816789133,0.050151348,0.20784068,0.042580843,0.11510849
traffic,678,14996,16340,0.9494293824180576,0.0965739635476138,0.009245396,0.012737036,0.09748173,0.09399009
traffic,682,14676,16980,0.9494216916525228,0.2312602484412676,0.0077016354,0.49421906,0.19671178,0.28980565
traffic,317,14228,15764,0.9494047696195224,0.2559442666793582,0.0047147274,0.109924555,0.064297915,0.040911913
traffic,524,16276,16852,0.9493570458723332,0.1719078963573201,0.03811598,0.1993556,0.33168888,0.0942173
traffic,690,14996,16340,0.9493405364672154,0.2937422920776134,0.14302969,0.0007753372,0.059403658,0.08440137
traffic,826,16468,16852,0.9493153138040844,0.1287973214279756,0.21578836,0.18910551,0.19129801,0.21359587
traffic,726,14100,15636,0.9492839726415154,-0.066405116251989,0.05623865,0.04329157,0.24394083,0.14441061
traffic,825,14484,15252,0.949281623700305,0.1204775907452356,0.076286554,0.109422445,0.22300577,0.25614166
traffic,512,14292,16980,0.9492721965818476,0.2385743363871367,0.37843108,0.4640782,0.30622602,0.53628325
traffic,644,16660,17428,0.9492565404789162,0.2496270216837716,1.3177059,1.3728887,2.13785,0.5527445
traffic,744,14612,15188,0.9492529425586352,0.0886223926585297,0.017380476,0.2710538,0.27805638,0.024383068
traffic,161,15188,16532,0.9492237343135066,0.092950332495706,0.062945366,0.37473464,0.22951603,0.20816398
traffic,750,14036,16724,0.9492142982027928,0.2528449835238263,0.24619293,0.15004766,0.30136228,0.205217
traffic,525,14932,16660,0.9491831595576472,0.2518569085709792,0.8707148,1.7843249,1.1512955,1.5037441
traffic,172,15572,16148,0.949177883854856,0.1719832956805477,0.63997364,0.78768206,0.72977424,0.69788146
traffic,654,15444,16788,0.94912641008528,0.2805788561414802,0.16936874,0.2546066,0.2485348,0.33377266
traffic,742,15316,16468,0.9490800838815644,-0.0068157033680952,0.2435143,0.56510925,0.4273665,0.38125706
traffic,162,16788,16980,0.9490682741856568,0.2555312849342673,0.56140757,0.47260976,0.39874232,0.635275
traffic,554,14676,16980,0.9490448579123612,0.2727068927401013,0.53474593,0.73781395,0.006182909,0.19688511
traffic,273,16660,17428,0.9490166162311796,0.2614598155437573,1.6052068,1.0738698,1.7976519,0.8814248
traffic,83,16084,16276,0.9490127455011784,0.297289908192994,0.04101181,0.0013022423,0.08206725,0.042357683
traffic,290,14484,15636,0.948992503396604,0.1055208291451172,0.4415977,0.7151754,0.8340781,0.32269502
traffic,346,15764,16724,0.948989991927572,0.2749677026257558,0.56152296,0.35577488,0.5353626,0.38193524
traffic,326,14484,14676,0.948986557138288,0.2728696758402891,0.4772308,0.19584537,0.058908224,0.6141679
traffic,120,16660,17236,0.948872725994916,0.2975639028587796,1.031816,1.379532,1.835252,0.57609594
traffic,751,14740,17236,0.948868616704775,0.2031603912529223,0.26537597,0.45824504,0.3296094,0.39401162
traffic,605,14676,16980,0.9488645985648424,0.2219560125332062,0.020023108,0.44777465,0.23591161,0.23188615
traffic,471,15828,16980,0.9488117218246982,0.1998923085187697,0.075304985,0.42487216,0.15464401,0.34553313
traffic,615,14740,16852,0.948792704048917,0.2905665037596138,0.41409576,0.6242521,0.63197124,0.4063766
traffic,734,14292,16788,0.9487798268884964,0.2735326093837056,0.34234905,0.53740895,0.29348898,0.586269
traffic,269,16724,16916,0.948765869185581,-0.056843073349718,0.2072177,0.18625855,0.18128729,0.21218896
traffic,669,14420,17108,0.9487539742654644,0.2283664653081269,0.15634513,0.03413427,0.24466431,0.054184914
traffic,485,14100,16212,0.948726195547736,0.093523482440769,0.33316457,0.6166308,0.66127,0.28852534
traffic,493,15508,16852,0.9487181315902592,0.2787201422441815,0.01629734,0.116816044,0.025851011,0.12636971
traffic,301,14740,16852,0.9487132885214868,0.2300098388515541,0.43662202,0.7543664,0.77920187,0.41178656
traffic,69,15764,16916,0.9487037280934336,0.1279703803897995,0.16193414,0.25606036,0.06660938,0.027516842
traffic,709,15188,16532,0.948695208912244,0.207334009461906,0.007315159,0.49035072,0.239506,0.25815988
traffic,208,15828,16980,0.948687920511404,0.1655325143816898,0.0854218,0.6726663,0.25771093,0.5003772
traffic,602,16532,16724,0.9486753395763508,0.2617562544616738,0.33281922,0.5663477,0.5758221,0.32334483
traffic,848,14740,17428,0.9486203762659232,0.273102972941679,0.07925439,0.28257585,0.07777393,0.12554753
traffic,177,14228,16724,0.948592535777514,-0.1129267896557642,0.22047949,0.8354465,0.17864358,0.4363234
traffic,81,14932,16660,0.9485815463905342,0.2184506538661796,0.92739046,1.6005387,1.1020635,1.4258657
traffic,288,14484,17172,0.9485635909147624,0.085833711158846,0.5330653,0.10522866,0.27538705,0.15244961
traffic,696,14100,16404,0.9485268066130766,0.1235739684917367,0.16910958,0.13281536,0.32433677,0.28804255
traffic,836,15572,17108,0.9485267682787172,0.2536485874055946,0.11394787,0.12963605,0.22448754,0.24017572
traffic,259,15252,16404,0.9485248367342568,0.2788838199933303,0.4055555,0.21226764,0.42303824,0.19478488
traffic,744,14676,15252,0.948468977935226,0.2278763430169333,0.31852293,0.6348692,0.6444318,0.30896032
traffic,447,16660,17428,0.9484496171526986,0.2991962865754952,2.1479676,1.5854037,2.9944003,0.738971
traffic,196,14228,16916,0.9484010127298632,0.113402373962723,0.045681715,0.8577828,0.29652214,0.60694236
traffic,708,14100,16788,0.9483959165541752,0.2997586790690893,0.27681065,0.029154778,0.21217465,0.09379077
traffic,778,14676,16788,0.9483567436083628,0.2393913537531288,0.106120825,0.32727015,0.008520842,0.42487013
traffic,690,14612,17300,0.9483098190636416,-0.1938586838752031,0.17609107,0.18918169,0.30113494,0.06413782
traffic,161,16404,16788,0.9482804582352652,0.2746203135051164,0.4987936,0.6888001,0.6639538,0.5236399
traffic,83,14612,15380,0.9482573643982724,0.2785526208520875,0.12058568,0.09396136,0.009010315,0.20553672
traffic,619,14676,16980,0.948218383265642,-0.0117726521814352,0.43409562,0.8726903,0.46957946,0.8372065
traffic,610,14676,16980,0.9481970184360256,0.087175196825852,0.2265091,0.16953611,0.06746292,0.010489941
traffic,458,16020,17364,0.9481804395200262,0.0967077895309263,0.16577172,0.05568099,0.14792371,0.073529005
traffic,597,14676,16980,0.9481600039488032,0.2680956634714546,0.10584092,0.81243896,0.31218576,0.39441228
traffic,29,14420,16724,0.94815197881244,0.1914368961056311,0.7118846,0.07660186,0.48506975,0.30341673
traffic,165,14100,16788,0.94813369073811,0.0604977038293713,0.018021107,0.037741184,0.06311774,0.08283782
traffic,150,15828,16596,0.9481284697707288,0.1467901657839991,0.4135747,0.43280625,0.19860387,0.6477771
traffic,462,14292,16980,0.9480878331515196,0.2879619243546883,0.47472048,0.047258615,0.35276866,0.0746932
traffic,391,14100,15828,0.9480360725556868,0.057761691830925,0.6935568,1.4199717,0.77613974,1.3373888
traffic,662,14420,17108,0.9480236074111944,0.2705632378516027,0.2988721,0.003392458,0.32575095,0.030271292
traffic,594,14676,15060,0.947988484656396,0.1373641147441914,1.2525537,1.0794455,1.5699385,0.76206064
traffic,27,15828,17172,0.9479702579890422,0.2924784276979872,0.31051445,0.012993097,0.25811172,0.06539583
traffic,266,15316,16468,0.9479636680060828,0.1183607712719385,0.1489439,0.35486817,0.20918405,0.29462802
traffic,573,14612,15956,0.9479574056080212,0.2977591936258669,0.046561718,0.20013475,0.088244796,0.15845168
traffic,753,14804,17108,0.9479396636082452,0.246395280443168,0.36962593,0.56410336,0.32702696,0.6067023
traffic,55,15060,15444,0.9479057807211894,0.1747567344514402,0.041404486,0.03588128,0.06260145,0.0146843195
traffic,23,15124,16468,0.947857814744212,0.1903215287893801,0.12163234,0.17117882,0.115731955,0.1770792
traffic,249,15764,16916,0.94782069288489,0.1461959680285287,0.13207507,0.042411923,0.18854499,0.014057994
traffic,673,14292,16404,0.9478049186373584,0.2792812171712935,0.21256316,0.05300927,0.25624144,0.41579533
traffic,824,14100,16788,0.9477921158218728,0.1192005654198256,0.33218396,0.094365,0.49801195,0.260193
traffic,619,15124,16468,0.9477648985232036,0.0356179202428881,0.4086988,0.07169843,0.26440597,0.072594404
traffic,111,14676,16788,0.9477252227739672,-0.0789385289249363,0.2164433,0.86112,0.5214708,0.5560925
traffic,68,14548,16852,0.9477190666280096,0.2803114408550506,0.13908434,0.20369053,0.259125,0.083649874
traffic,551,14164,16852,0.94771473469268,0.2490032718526993,0.32538962,0.53353214,0.489151,0.36977077
traffic,317,14420,15572,0.9476860889892922,0.2903451087483891,0.053111076,0.0855093,0.118309975,0.020310402
traffic,848,14676,16980,0.947685506784338,0.097050989651205,0.29215503,0.7974334,0.21816778,0.28711057
traffic,707,15828,17172,0.94765454077983,0.2396744633337124,0.30486798,0.5450568,0.695946,0.15397882
traffic,595,15828,17172,0.9476073524706472,0.1229551745055358,0.39164114,0.08175659,0.13603544,0.1738491
traffic,508,16084,17044,0.947540609565604,0.2036347005413651,0.7539809,0.23164392,0.63056016,0.35506463
traffic,303,14804,17300,0.947532511791195,0.2560564167863164,0.2742722,0.32725728,0.22018027,0.3813492
traffic,172,14932,16852,0.947506674331922,0.0898575590350378,0.7822044,0.8448589,0.85406375,0.7729995
traffic,298,14228,16916,0.9475009232959049,0.2367707006634598,0.16569114,0.47412682,0.4841957,0.15562224
traffic,723,16788,17364,0.947471823701292,0.2282342893443421,0.02562356,0.29315686,0.3533678,0.034587383
traffic,351,14100,14676,0.94745178044754,0.1166868174011432,0.48119736,0.7487612,0.8316977,0.39826083
traffic,38,14100,16212,0.9474363166428288,0.2379386656535157,0.03308463,0.06700039,0.09446192,0.005623102
traffic,651,15764,16916,0.9474274633472992,0.2658157084182595,0.40261707,0.48068672,0.025691807,0.05237785
traffic,1,15060,16212,0.9474147101504524,0.2423480512489943,0.26276934,0.19105387,0.21678841,0.2370348
traffic,852,14612,16532,0.9474032346161084,0.2799978119968399,0.059629202,0.10956335,0.14967036,0.09973621
traffic,374,14100,14676,0.9474020953770576,0.2320904186493647,0.31435382,1.2181995,1.0907537,0.44179964
traffic,730,14676,16980,0.9473730602269884,0.2610288943016213,0.26042533,0.5522132,0.40312696,0.40951157
traffic,593,14676,16788,0.947333431643767,0.163131049445787,0.39116645,0.4538902,0.2475388,0.59751785
traffic,48,14164,16852,0.947304483027632,0.2537923952138097,0.015142679,0.25229335,0.06407499,0.30122566
traffic,397,14612,17300,0.9472415956726554,0.0825005761920952,0.5066674,0.08538997,0.35403955,0.067237854
traffic,232,14612,17300,0.9471919734088312,0.2558863788858916,0.42988133,0.07219195,0.35516548,0.1469078
traffic,216,14100,16788,0.9471910905400842,0.2659031640407887,0.23319459,0.12277818,0.5206206,0.41020417
traffic,207,14612,15188,0.9471813390919016,0.0304238543447322,0.23468328,0.5404408,0.52606964,0.24905443
traffic,247,14164,15508,0.9471804883460994,0.1009728792594503,0.07533622,0.17666364,0.06912398,0.18287587
traffic,629,14420,17108,0.9471450178709868,0.096460235137195,0.13362134,0.1081208,0.17220831,0.069533825
traffic,738,15828,16596,0.9471293247779128,0.1587222907135788,0.67584014,0.78055453,0.8226359,0.6337588
traffic,848,15060,16212,0.9471221822305091,0.032160435043899,0.21916938,0.42255437,0.45499218,0.18673158
traffic,15,15828,16596,0.9471208348013762,0.2089671859891898,0.42711043,0.40845728,0.027053356,0.80851436
traffic,375,15508,16852,0.9471055420418686,0.1855489851912546,0.032433987,0.37436438,0.16658854,0.17534184
traffic,162,14484,15636,0.9470448264929406,0.0780013415582934,0.8885162,0.6336645,0.8074372,0.7147435
traffic,571,15892,17236,0.9470360044569348,0.0956976128196364,0.094525814,0.3241067,0.16713333,0.062447548
traffic,824,15700,17044,0.9470200416870744,0.2486344157023421,0.0005016327,0.40987265,0.12662745,0.28274357
traffic,530,14612,15764,0.946986832824518,0.2433803108323048,0.09190154,0.09256768,0.09703374,0.087435484
traffic,710,14100,16788,0.9469771488917644,0.178310508621002,0.3360145,0.12925744,0.3231368,0.14213514
traffic,693,14228,15956,0.9469663226868834,0.0215394790181666,0.035553932,0.04330039,0.05918765,0.019666672
traffic,120,14036,16916,0.9469584304950618,0.2147680417789313,0.14245772,0.36784196,0.09365344,0.31903768
traffic,451,15252,16404,0.9469577856570022,0.2901676494192678,0.09880495,0.03816235,0.11693549,0.02003181
traffic,246,14932,17428,0.9469448543169484,0.2253007905835708,0.74253047,0.9735732,0.9911859,0.72491777
traffic,786,14804,16916,0.946935341961767,0.1665350801579207,0.7951708,0.9371982,0.99486685,0.73750216
traffic,753,14036,16724,0.946914740630462,0.2765972443868166,0.21756268,0.20756137,0.23614085,0.22613955
traffic,852,16404,16596,0.946908549520046,0.2806833889034499,0.31135345,0.23295474,0.24735558,0.2969526
traffic,310,16148,17300,0.9468962899657176,0.1816552413324831,0.62744,0.6254201,0.5907836,0.6620765
traffic,172,16660,17428,0.9468740800608288,0.2412769976769629,1.2356627,1.4259796,2.141563,0.5200794
traffic,412,14484,14676,0.9468433732730632,0.242937649685497,0.6798792,0.7906308,0.83201313,0.6384969
traffic,145,15828,16980,0.9468342432884452,0.1568368639723419,0.64828825,0.72997856,0.7708223,0.6074445
traffic,837,14996,16340,0.9467879191838218,0.2408250346665,0.06411648,0.10507727,0.00082731247,0.0417881
traffic,477,16148,17300,0.9467424010341492,0.233779113077884,0.2856629,0.29662943,0.06826806,0.51402426
traffic,362,14484,17172,0.9466920600701536,0.2667252789163765,0.19455385,0.5581193,0.6398485,0.11282468
traffic,661,14164,16852,0.9466829976991816,0.2923545274601404,0.09975338,0.31581783,0.13623524,0.27933598
traffic,839,14868,15444,0.9466539413613028,0.1525248877936401,0.18591952,0.035367727,0.039664984,0.11088681
traffic,179,14100,16788,0.9466416019479174,0.2809918205995377,0.1594162,0.20890617,0.255764,0.112558365
traffic,129,14100,15444,0.94662553830109,0.2848795891329651,0.0031872988,0.021773934,0.04079771,0.022211075
traffic,79,16660,17236,0.94662451130257,0.1861796993907408,0.49642324,0.74442756,0.6874349,0.5534159
traffic,708,14164,16852,0.946569565624744,0.2845861340799734,0.076037645,0.02718854,0.09781051,0.005415678
traffic,508,16852,17428,0.9465226598997848,0.1258983539072448,0.53097177,0.42375517,0.706156,0.24857092
traffic,65,14164,15892,0.9464892597166216,0.2168850818427171,0.38672757,0.58864594,0.5866947,0.3886788
traffic,780,14292,16404,0.9464421188302844,0.219860416208304,0.39762568,0.29407442,0.18055058,0.5111495
traffic,533,14676,17364,0.9464399753262528,0.2146166039876685,0.08937335,0.08758998,0.18774939,0.18596601
traffic,246,15252,16788,0.9463976280457712,0.2620855830256471,0.7417104,0.35135376,0.5783111,0.18795443
traffic,706,15444,16404,0.9463584779973868,0.0472236206106985,0.08893919,0.1983757,0.09807706,0.18923783
traffic,471,14100,16212,0.946356428540372,0.2660212874025974,0.14825249,0.20230806,0.265046,0.085514545
traffic,136,14356,16276,0.9463491876025828,0.2008483571711829,0.08756304,0.16599393,0.19353151,0.060025454
traffic,619,15700,15892,0.946335641452608,0.2969709334600433,0.3330524,0.3318001,0.3176918,0.3471607
traffic,750,14804,16916,0.9462449361275062,0.2147666139890107,0.4253837,0.67136794,0.40210497,0.69464666
traffic,14,14100,16788,0.9462430283491072,0.2543890353701537,0.04071343,0.0501858,0.0812422,0.17214143
traffic,100,14484,15636,0.9461756509213872,0.1918339418469841,0.5235014,0.74590087,0.7640321,0.50537014
traffic,428,14100,16212,0.9461288220680502,0.0916299277855932,0.1010834,0.42777085,0.27897024,0.047717214
traffic,759,14100,15252,0.9461039688646384,0.2073613803625102,0.03725946,0.05705595,0.032627225,0.061688185
traffic,588,16660,17236,0.9460488924816004,0.211273010780414,0.9238653,1.2928383,1.7528007,0.46390295
traffic,703,15316,16468,0.9460434628749416,0.2983646794977982,0.83114076,1.1580083,1.4080768,0.58107233
traffic,207,14676,15444,0.9459919799909268,0.2177578758266926,0.2823007,0.62068486,0.6329341,0.27005148
traffic,676,14676,15636,0.945981320778142,0.2665041976931089,0.039380074,0.42467546,0.34388638,0.041409016
traffic,614,14740,14932,0.9459800773278896,0.0072962720417424,0.06606579,0.08246803,0.09951615,0.049017668
traffic,351,15252,17364,0.9459776566987168,0.2241231539535368,0.57989025,0.81868315,0.8011017,0.5974717
traffic,444,15508,16852,0.9459769747915148,0.1743372821166809,0.19475389,0.18588686,0.091397285,0.10026431
traffic,824,14676,16980,0.9459504268031528,0.246196816580689,0.0495131,0.66686463,0.28058362,0.43579412
traffic,228,14036,16724,0.9459469313436858,0.2417886301258489,0.052399457,0.33046603,0.17726123,0.10080534
traffic,735,15828,16596,0.9458792398407272,0.1258068308026279,0.21259308,0.40995598,0.284302,0.33824706
traffic,600,15060,16788,0.9458717232767418,0.2637354845663991,0.3699627,0.16069674,0.33796,0.19269943
traffic,457,14996,16340,0.9457838394460336,0.2381866933098936,0.04127264,0.0030972958,0.04139495,0.085764885
traffic,406,16596,16980,0.9457807626653252,0.2269207089810644,0.31234324,0.33718956,0.32594013,0.32359266
traffic,741,14676,15060,0.9457788295588954,0.2745955273882316,0.2558391,0.50260913,0.5068829,0.25156534
traffic,528,15252,16212,0.945718128782927,0.2208296699064323,0.08027589,0.26689506,0.2616495,0.08552146
traffic,839,14484,16404,0.945708144521246,0.2431154049905611,0.134202,0.10516715,0.07513547,0.16423368
traffic,790,16788,17364,0.9456745676625942,0.2196299241167969,0.3112166,0.19056416,0.101549864,0.40023088
traffic,385,14164,16852,0.9456596103039052,0.2739108407633313,0.02470994,0.14896178,0.04937625,0.07487559
traffic,289,15764,17300,0.9456586738366076,0.0710218494708022,0.3587997,0.6549661,0.6324918,0.38127398
traffic,387,14484,17172,0.94560891988747,0.2281678939932395,0.2596619,0.8784797,0.92924285,0.20889878
traffic,327,14484,16980,0.9455765138718808,0.2100043025950554,0.15972137,0.11539745,0.025971651,0.01835227
traffic,126,15956,16340,0.9455457261538566,0.2682081957933294,0.5772991,0.77420187,0.66163754,0.68986344
traffic,55,14356,15508,0.9455269183633682,0.126914515943149,0.01895976,0.03253746,0.029135466,0.015557766
traffic,699,14228,16532,0.9454816061886993,0.2852700921509539,0.23800087,0.2819519,0.4524579,0.06749487
traffic,508,14356,14932,0.9454572849749096,0.28558299816058,0.015157938,0.06421161,0.27055788,0.22150421
traffic,266,15572,16724,0.945451350623052,0.2946441447925321,0.026769996,0.13372481,0.2111417,0.31809652
traffic,739,14100,16788,0.9454475335004474,0.2171900290427028,0.09814167,0.22757602,0.13493443,0.26436877
traffic,465,15252,16404,0.9454053922477365,0.2840530018767564,0.551805,0.4314139,0.5869342,0.3962847
traffic,165,16276,17236,0.9453743399648792,0.2747187186635621,0.4282285,0.2837721,0.3050028,0.4069978
traffic,592,14292,16788,0.9453702030099396,0.2456652920367907,0.15431476,0.2629838,0.017638922,0.43493748
traffic,202,14932,15508,0.9453698638686272,0.2794994466732063,0.44775188,0.69684744,0.715588,0.42901134
traffic,860,15508,17428,0.945369141396037,0.1297779150637163,0.27025843,0.47468853,0.4900639,0.25488305
traffic,149,14676,15828,0.9452932553368956,0.169312570681287,0.18868232,0.75932884,0.5434797,0.027166843
traffic,612,14484,16596,0.9452651754275766,0.1625719050096607,1.7584548,0.94219637,1.5144815,1.1861696
traffic,839,15124,17428,0.945258937332588,0.1571762698819029,0.004252672,0.12318134,0.01700902,0.10191965
traffic,388,14676,16980,0.9452471360367716,0.2613128259593356,0.1252706,0.33246922,0.10713315,0.10006547
traffic,667,14676,15252,0.9452447654474204,0.1864274777360058,0.38367772,0.6248429,0.62345815,0.38506246
traffic,172,15828,16980,0.9452358222531118,0.0783633413800828,0.11460996,0.24125719,0.09788227,0.2245295
traffic,65,15572,16916,0.9452136404431168,0.1145273094063161,0.0056712627,0.12422681,0.09737921,0.21593475
traffic,238,15700,17044,0.9452051783250006,0.2838030853040382,0.17920971,0.52526355,0.27338362,0.43108964
traffic,465,14356,17044,0.9451876175937642,0.1406808646598558,0.06400156,0.62582076,0.14638329,0.54343903
traffic,225,16148,17300,0.9451852921391728,0.2218127079789584,0.27138257,0.09568572,0.28575635,0.08131194
traffic,848,14932,16660,0.9451683424626032,-0.0524348322246427,0.6943611,1.2243245,0.70761406,1.2110715
traffic,685,14100,17364,0.9451632393051212,0.0432579272047524,0.48817205,0.8252399,0.6290004,0.6844115
traffic,202,16660,17428,0.9451552044729806,0.2547102180777291,0.67414737,1.0055077,1.2248083,0.45484674
traffic,135,14676,15828,0.945129718502312,0.1948483213092645,0.04193592,0.35172057,0.32210445,0.07155204
traffic,272,14676,15252,0.9451253186546538,0.2228592903648463,0.47523117,0.6586962,0.79418314,0.3397442
traffic,246,15700,17044,0.9451224137028856,0.2976622677273984,0.14190519,0.90575415,0.338642,0.42520696
traffic,560,14676,17172,0.945085540729476,0.294666173475902,0.7890794,0.35766768,0.5751581,0.571589
traffic,656,14420,15764,0.9450766000153452,0.1746198352884128,0.043301463,0.16278851,0.1649766,0.041113377
traffic,527,14036,16916,0.9449943981100968,0.2887402142903998,0.097488165,0.19590485,0.009000301,0.10741699
traffic,508,15188,16532,0.9449763511383376,0.2724368388045942,0.06658316,0.024537802,0.08483839,0.042793036
traffic,393,14484,17172,0.9449554830054055,0.1986672311403925,0.30628395,0.14001608,0.2676921,0.10142422
traffic,389,14868,16212,0.9449415709216104,0.1991401127791123,0.15488386,0.36318278,0.3246268,0.19343984
traffic,441,14676,15444,0.9449377576778,0.2668874509170314,0.41806173,0.6757268,0.7793815,0.314407
traffic,470,16148,16340,0.944926306627985,0.2195154147021546,0.87483954,1.8827751,0.8391938,1.9184208
traffic,106,14548,16660,0.9449199150242312,0.0541101841815582,0.73999786,0.93771696,0.70769334,0.9700215
traffic,353,15636,15828,0.9449191760958108,0.0613025122656723,0.43045568,0.46682906,0.6472533,0.25003147
traffic,507,14484,16980,0.944882193234914,0.2779286478170436,0.037610054,0.12324357,0.088820696,0.17445421
traffic,135,15636,16980,0.94482521653994,0.2036481161849402,0.02866888,0.029618382,0.10199976,0.043712497
traffic,635,15828,16980,0.9448186461331785,0.0700182426953518,0.27864873,0.25272608,0.13068843,0.40068638
traffic,773,14484,16596,0.944816804686931,0.1400488059931708,2.14155,0.8891804,1.7328038,1.2979267
traffic,776,16020,17364,0.944793683793836,0.0690844201198846,0.023408175,0.09823513,0.062948465,0.05869484
traffic,93,14100,14676,0.9447560837018182,0.1101993348407321,0.7141597,1.4147236,1.1997974,0.92908597
traffic,169,14484,17172,0.9447299858031938,0.2591989812070602,0.23629951,0.022905827,0.23927641,0.019928932
traffic,561,14676,15636,0.9447098174971396,0.0724677205450399,0.32356405,1.1823733,1.2056525,0.30028486
traffic,368,14676,15636,0.9447003495206192,0.2716504051452309,0.11408901,0.5825918,0.700053,0.0033721924
traffic,124,15636,16788,0.9446770681185598,0.2540640655774147,0.19017196,0.22086942,0.02048707,0.3905543
traffic,198,15636,16596,0.9446673292798616,0.2932431562048274,0.0062572956,0.10426378,0.05291605,0.16343713
traffic,106,15572,16340,0.9446499199959922,0.2519455860744565,0.6128576,0.45696402,0.55879855,0.51102304
traffic,446,16468,17428,0.9446475243222994,0.1437956908213531,0.17392302,0.59650564,0.41239142,0.010191202
traffic,491,15956,17300,0.9446474316247356,0.1307178535590243,0.30542827,0.45448804,0.46120644,0.29870987
traffic,34,14740,16852,0.9446298251968702,0.2772764600958916,0.4212531,0.5981009,0.6308781,0.3884759
traffic,14,14292,16404,0.9445851307150196,0.2013323312550974,0.22805369,0.13371372,0.08387935,0.44564676
traffic,435,16148,17300,0.944577529259352,0.2338681915357615,0.10527372,0.21369267,0.029725552,0.07869339
traffic,529,14100,16788,0.9445372493600542,-0.1973408724819551,0.027971268,0.21086168,0.06916165,0.11372876
traffic,169,14292,16980,0.9444883529300236,0.1746673473492059,0.32985568,0.36243606,0.20825577,0.24083614
traffic,272,16020,17364,0.944488050904642,0.2844425818741608,0.06557965,0.02466917,0.021472454,0.019438028
traffic,646,14356,16852,0.9444428088620864,0.2786539582475009,0.20207143,0.019367695,0.113996506,0.10744262
traffic,145,14676,15060,0.9444391399447006,0.0938113000715648,1.00364,0.88422346,1.2226152,0.6652483
traffic,701,14676,15828,0.9444332665448076,-0.0632838879070854,0.27166867,0.6872668,0.0667603,0.48235846
traffic,324,17236,17428,0.9444304661491884,0.2405495934683142,0.287439,0.28890812,0.45015705,0.12619007
traffic,623,14164,16852,0.9444169268391645,0.2756865040140469,0.03448534,0.07653904,0.20434642,0.24640012
traffic,818,15124,16468,0.944370723702331,0.1780521311215371,0.18056679,0.35734332,0.13857806,0.39933205
traffic,313,14612,14804,0.9443564854889656,0.2939848428118374,0.28500247,0.19483566,0.2044158,0.27542233
traffic,121,14100,16404,0.9443492962820884,0.1407838758995279,0.2683437,0.5715358,0.20158005,0.63829947
traffic,741,14548,16276,0.9442886167938688,0.2107882888863996,0.19034672,0.22063291,0.20409429,0.20688534
traffic,337,14676,16788,0.9442678903591188,0.1851511333664693,0.12036729,0.40310287,0.16772342,0.35574675
traffic,185,14100,16788,0.9442545220976446,0.2238443765562042,0.0022702217,0.3468287,0.24599457,0.59055305
traffic,530,14164,14548,0.9442484675289584,0.2131937065442902,0.047710657,0.24907875,0.12630558,0.17048383
traffic,796,14612,16916,0.9442302529993054,0.151837537116585,0.34960198,0.28821158,0.1954813,0.44233227
traffic,575,16788,17364,0.9442076435473136,0.1669442706813285,0.099941015,0.36409283,0.36542296,0.09861088
traffic,664,16468,16660,0.9442038369692062,0.2583149348346274,0.6745775,0.98362494,0.73114514,0.92705727
traffic,OT,14676,15828,0.9442003828228815,0.2036198931770863,0.034930944,0.11990094,0.1544478,0.00038409233
traffic,199,14676,16404,0.9441863680841884,0.1999822675695358,0.28578007,0.3106959,0.12240529,0.47407067
traffic,599,15252,15636,0.9441614014583496,0.2812112969039366,0.06499863,0.28206706,0.22654247,0.120523214
traffic,89,14100,16788,0.9441161494664234,0.2916058274855804,0.047914267,0.11071491,0.21178293,0.27458358
traffic,7,14036,14996,0.9441106662377136,0.2711798785628986,0.7560301,1.0945158,0.83893085,1.011615
traffic,460,16660,17236,0.944091104350502,0.0334968428162925,1.4377441,0.9813796,1.4381986,0.9809252
traffic,579,14548,15124,0.9440616205864782,0.2606441030611867,0.33453822,0.2055881,0.19822335,0.34190297
traffic,772,15316,16468,0.9440494498512844,0.0968673139637452,0.45377493,0.96114874,0.8545537,0.56036997
traffic,761,15508,16852,0.9440470234529444,0.1796791401173881,0.009087324,0.17018604,0.023170948,0.15610242
traffic,551,14484,17172,0.9440030163295584,0.2550035368465456,0.33413672,0.15890098,0.1178565,0.057379246
traffic,601,14100,16788,0.943981824997129,0.2796125757146302,0.22034538,0.037261724,0.28378475,0.10070109
traffic,804,14420,14612,0.9439757179972842,0.2920635851301402,0.023675203,0.08102822,0.016434789,0.04091823
traffic,586,14612,16148,0.9439643702413671,0.244746828693091,0.2480495,0.42990613,0.42956948,0.24838614
traffic,490,14484,14676,0.9439188237448172,0.2697728534476273,0.15546298,0.2902894,0.0428164,0.40293598
traffic,49,14548,17428,0.9439050158506168,0.1991495650632916,0.0678221,0.4132172,0.21140063,0.26963866
traffic,286,14100,15252,0.9438713894130644,0.2660421971910572,0.2012465,0.3355863,0.23057961,0.3062532
traffic,177,14100,16788,0.943827593419868,0.0059805579639772,0.51358485,0.20268965,0.47652578,0.16563058
traffic,860,14100,15444,0.9437765452143816,0.2953924790674073,0.033509493,0.10494852,0.16924524,0.03078723
traffic,786,15764,16724,0.9437412175188652,0.1308362341607138,0.5222565,0.20124924,0.3555708,0.03456354
traffic,479,14740,15508,0.9437375127681122,0.2894276270831021,0.4845686,0.67096686,0.61466765,0.5408678
traffic,8,14676,16980,0.9437341679082062,0.0715594732114696,0.16650987,0.72963977,0.50854707,0.38760257
traffic,729,15508,16852,0.943733255051814,0.2795627442994804,0.01569724,0.081786156,0.024046421,0.042042494
traffic,206,15572,16148,0.9436770085352438,0.2320051170324655,0.5610602,0.60128546,0.63091063,0.531435
traffic,36,14676,16980,0.9436573648965078,0.2762113941773422,0.26000714,0.605212,0.40800905,0.45721006
traffic,87,17172,17364,0.9436487159739062,0.1770731187283629,0.23450828,0.0686903,0.28543425,0.45125222
traffic,810,14228,16916,0.943629700898898,0.2812979689649529,0.04137802,0.50973415,0.13942337,0.4116888
traffic,839,14740,15316,0.9436260621321824,0.0295652957360852,0.054599285,0.019610405,0.10324049,0.0290308
traffic,270,14228,16916,0.9436081635389926,0.105877360138162,0.11421037,0.7522224,0.24152017,0.6249126
traffic,28,14036,17108,0.9436019133493752,0.2495870783902805,0.18901384,0.22494984,0.04043448,0.07637048
traffic,568,14164,16852,0.9435520733985796,0.147322691414006,0.24005556,0.25882363,0.1036365,0.3952427
traffic,444,14100,14676,0.9435497473447302,0.212313025182016,0.6532862,1.2365642,0.96483755,0.9250128
traffic,346,14484,17172,0.9435242932745012,0.2998203014466414,0.17212677,0.01590705,0.1667459,0.021287918
traffic,849,14100,14676,0.9435197872601953,0.1014622130614405,0.825066,1.111075,0.89943206,1.036709
traffic,541,14420,16724,0.94351559874254,0.2858362728775379,0.16036993,0.04658103,0.27390784,0.06695688
traffic,188,14292,16788,0.943504140220002,0.1294489379299946,0.48010015,0.549932,0.1249454,0.90508676
traffic,848,14484,16404,0.9434529320679412,-0.2463859833126314,0.068876505,0.14327955,0.017175913,0.19498014
traffic,270,14292,14484,0.9434303330221904,0.1655213651681689,0.18085384,0.36454272,0.38977957,0.155617
traffic,307,16596,17172,0.9434049136394452,0.2685044136897542,0.28535604,0.101716995,0.06771636,0.2513554
traffic,517,16148,17300,0.9433830967465212,0.2229647073819387,0.06292844,0.01606679,0.085250616,0.16424584
traffic,227,14356,17044,0.9433651265707989,0.2611087781687907,0.27742052,0.015817642,0.22425532,0.06898284
traffic,407,15252,17364,0.943286860859828,0.1856457295827501,1.0622644,1.4724054,1.0348732,1.4997966
traffic,64,16724,17108,0.9432676214041608,0.2568942560655172,0.053218782,0.0576216,0.059261978,0.051578403
traffic,635,15508,16852,0.9432266385250224,0.1742767592037392,0.00041246414,0.2029047,0.1349957,0.06832147
traffic,378,14100,16788,0.9431896855114316,0.2516177730908152,0.30400133,0.1282978,0.5470171,0.37131357
traffic,87,14228,15764,0.9431846820916368,0.1958722271770145,0.025932074,0.013828039,0.059803247,0.020043135
traffic,291,14740,16852,0.9431386240577684,0.0887917346568,0.6090112,1.1228309,0.8120303,0.9198117
traffic,532,15252,16404,0.9430914965023042,0.2382490699521619,0.057453632,0.038087726,0.17896557,0.27450693
traffic,114,14356,17044,0.9430443727206228,0.2807102838319766,0.014274597,0.43672848,0.22645032,0.19600356
traffic,11,14100,16788,0.9430218126473966,0.2553409087224161,0.13906884,0.36313105,0.15056252,0.35163736
traffic,192,15508,16852,0.942979477213603,0.2843492709598668,0.019309282,0.085748196,0.13013601,0.23519349
traffic,358,14676,16404,0.9428952961862224,0.0110326301360882,0.24808836,0.42446947,0.460685,0.21187282
traffic,423,14100,17172,0.9428949237160204,0.1663524751690846,1.1392562,1.7816892,0.85965353,2.0612917
traffic,462,14036,17108,0.9428561415798482,0.1798928579730774,0.07661891,0.75974494,0.21784055,0.46528548
traffic,542,14484,16596,0.9428290967018508,0.1724438469916411,1.1312933,0.7517228,0.7990186,1.0839975
traffic,811,14484,16980,0.9428014054901324,0.1877737238979505,0.071342945,0.27394915,0.1822505,0.16304159
traffic,523,16660,17236,0.9427618807495332,0.2665196206478354,0.9763706,1.070171,1.5029697,0.5435718
traffic,783,14228,16916,0.9427277771901136,0.0752179088871558,0.0032758713,0.4694965,0.11223233,0.57845294
traffic,629,16276,17236,0.9427009422111524,0.2948088051519952,0.20852113,4.4465065e-05,0.041566372,0.25013196
traffic,8,16084,16660,0.9426306766919192,0.2625812924619071,0.8247783,1.3239353,0.8179982,1.3307154
traffic,463,15188,16532,0.942613341160392,0.297025888255883,0.04429412,0.42754292,0.1927185,0.1905303
traffic,553,14484,16596,0.942609430766606,0.1974905984532869,1.4113581,0.8679627,1.1349986,1.1443223
traffic,334,14356,15508,0.942609187874206,0.2010437379013141,0.028668404,0.073730946,0.03110528,0.07129407
traffic,621,14612,17108,0.9426002635450842,0.2215618894246758,0.18417943,0.0017508268,0.29918325,0.113253
traffic,839,14100,15828,0.9425384094503966,0.2499225061986967,0.0827589,0.10945177,0.025829077,0.1663816
traffic,439,15508,16852,0.9425227437063736,0.0844882548528532,0.16608167,0.19401622,0.0021173954,0.3579805
traffic,687,15380,16724,0.9424928574712002,0.2090268497431896,0.14096439,0.3146994,0.031930685,0.20566571
traffic,772,14292,15828,0.942486487703628,0.2287219204934698,0.32792926,0.8499057,0.7897208,0.3881142
traffic,816,15444,15828,0.9424833080931287,0.1931968082593267,0.88064575,0.8231857,0.5585084,1.145323
traffic,256,16788,17364,0.9424826737098054,0.160617483237244,0.24781704,0.5935209,0.56796765,0.27337027
traffic,142,15828,17172,0.942475167661736,0.2099082030966353,0.13531041,0.25715423,0.08133936,0.040504456
traffic,572,16788,17364,0.9424531479826016,0.0583550364434217,0.35322177,0.8262296,0.66873443,0.5107169
traffic,209,14676,17364,0.9424501317401028,-0.0573584712108229,0.14641643,0.007341385,0.086785555,0.052289486
traffic,43,14676,15444,0.9424425093890204,0.0886925994714308,0.569937,1.2958848,1.3384564,0.52736545
traffic,250,15508,16660,0.9423970822964592,0.2807314306507285,0.35593748,0.2536621,0.28050208,0.3290975
traffic,500,15252,15828,0.9423862885670712,0.1334080186084121,0.273216,0.33297396,0.461828,0.14436197
traffic,261,14676,15636,0.9423790101588828,0.2563788608454047,0.2347703,1.203803,1.0833857,0.35518754
traffic,793,15828,16980,0.9423556585590868,-0.0224361935786799,0.25336432,0.31985223,0.123564005,0.44965255
traffic,317,14868,16404,0.9423327632471898,0.2370236520779554,0.12411928,0.14162302,0.057508707,0.075012445
traffic,796,14100,15060,0.9423303116018268,0.1499277863762776,0.10626578,0.39115286,0.35338092,0.14403772
traffic,517,14932,15124,0.942307043714385,0.2422320008818332,0.0278759,0.056272864,0.09945452,0.0153057575
traffic,755,14804,16148,0.9422840135744392,0.2687071768024193,0.0120847225,0.17240644,0.09598827,0.088502884
traffic,385,14356,17044,0.942279412221046,0.2457071343833999,0.022533655,0.357301,0.17923737,0.20059729
traffic,579,15060,16980,0.9422647686680864,0.2050349629566951,0.33493602,0.0982337,0.29082668,0.14234304
traffic,603,16148,16916,0.9422569162556174,0.2524372381588458,0.37023473,0.56037474,0.33956313,0.59104633
traffic,120,14164,16852,0.9422162484746414,0.1700940332760155,0.05787587,0.28936505,0.06463027,0.16685891
traffic,53,14804,17300,0.9422064112981324,0.2626402234633895,0.107521296,0.3115971,0.23614025,0.18297815
traffic,361,14804,17300,0.9421814452908092,0.2865253357645987,0.43586802,0.46794367,0.4091859,0.4946258
traffic,598,14804,17300,0.9421809462693072,0.2716303414777247,0.07366943,0.010036945,0.10972428,0.19343066
traffic,55,17108,17300,0.9421534687610514,-0.1290762381900189,0.48310697,0.6801816,0.69045615,0.47283244
traffic,433,14868,16212,0.942146370770645,0.1426448786197916,0.044524908,0.021079183,0.020304203,0.045299888
traffic,415,16020,17364,0.9421452801664588,0.2795221439327797,0.041770935,0.09063268,0.027161598,0.021700144
traffic,159,14356,14740,0.942140507667376,0.119448258620926,0.37002397,0.5591433,0.6302744,0.29889286
traffic,356,16468,16660,0.9421360802417872,0.0960087548970989,0.03223896,0.31706333,0.2936399,0.055662394
traffic,464,14292,16980,0.942130927495774,0.2737769692712823,0.2537248,0.24105263,0.12682772,0.11415553
traffic,417,14292,14676,0.9420639366595822,0.269754874180957,0.038921833,0.6930914,0.62453246,0.029637098
traffic,374,17108,17300,0.9420258273348164,0.2107382632156236,0.17967963,0.26522565,0.25936425,0.18554103
traffic,359,14676,15444,0.9420068750305208,0.2633123776753182,0.9536177,0.8310269,0.91455495,0.87008965
traffic,312,15252,15636,0.9419665020084864,0.2832992769837425,0.4287566,0.55547357,0.62165904,0.36257112
traffic,257,14292,16788,0.941965017710002,0.2763130807826147,0.12095022,0.30839705,0.11543608,0.54478335
traffic,426,14484,15636,0.941939493423678,0.2790426743336462,0.09155989,0.35755444,0.2870605,0.16205382
traffic,60,15252,16404,0.941935881324412,0.2692975531771512,0.086497545,0.0020122528,0.10319805,0.014688253
traffic,615,14292,15828,0.941918661422902,0.2111500194637043,0.2808206,0.5388751,0.4961989,0.32349682
traffic,824,14804,15956,0.9419061902545848,0.2973127894660341,0.24447775,0.32648778,0.30285764,0.2681079
traffic,789,16020,17364,0.9418741360707512,0.2980095771070308,0.5397599,0.5089309,0.5281346,0.5205562
traffic,803,14228,16724,0.9418233938471272,0.2890869056706848,0.4474324,0.599792,0.09248674,0.24484634
traffic,231,15956,17300,0.9418212316413432,0.2280770966876953,0.010246992,0.01620102,0.16209269,0.15613866
traffic,452,16020,17364,0.9417992464038334,0.2864953433544296,0.24632072,0.15753841,0.21671534,0.1871438
traffic,211,14676,17364,0.9417932250803788,0.0155712766753335,0.20424438,0.0096280575,0.14899063,0.045625687
traffic,112,15828,16980,0.9417931442796108,0.2808801896448557,0.049977303,0.2369852,0.054757357,0.13225055
traffic,99,14228,16916,0.9417800863440514,0.2623676235872964,0.053486347,0.22654605,0.07417548,0.098884225
traffic,679,14292,15636,0.9417767495751728,0.2351429352186657,0.067919016,0.027482033,0.044667244,0.08510423
traffic,87,14868,15060,0.9417678680744852,0.061018928037849,0.03236437,0.13916063,0.15217876,0.019346237
traffic,699,14548,16468,0.9417601252719472,0.1608925996606159,0.017292738,0.014135599,0.1999011,0.23132944
traffic,662,14484,16980,0.9417147571560056,0.1380112887646225,0.007833958,0.30006313,0.022811413,0.26941776
traffic,750,14676,15636,0.9416943858174568,0.1203107658756971,0.065235615,0.25545573,0.13678646,0.053433657
traffic,438,14868,16404,0.94167863762449,0.2990137780086787,0.02978146,0.011409998,0.15457237,0.11338091
traffic,175,15316,16468,0.9416699936319456,0.2730118917966655,0.6811352,0.8050153,0.9273069,0.5588436
traffic,678,15124,16276,0.9416483250949268,0.1204956973132998,0.281847,0.47330034,0.4107468,0.34440053
traffic,523,14292,14676,0.9416164143732446,-0.0592050317431332,0.14822125,0.9749769,1.0623602,0.060837984
traffic,49,15508,16084,0.9416110969432444,0.2420628552493569,0.2639773,0.7179575,0.671057,0.3108778
traffic,489,14100,14676,0.9415533246148554,0.1857489628629041,0.5850181,1.6427203,1.1726375,1.0551009
traffic,756,14676,16020,0.941540359179128,0.2585610086098535,0.12153411,0.35533142,0.28728294,0.18958259
traffic,213,14484,14676,0.941516341385217,0.2452293687595202,0.03816533,0.48348808,0.6905017,0.16884828
traffic,293,15444,16788,0.9414950459773604,0.2412453495958037,0.034585476,0.0458889,0.036605835,0.11708021
traffic,347,14996,15956,0.9414363854807996,0.2874744818811563,0.473027,0.529323,0.5264497,0.4759003
traffic,754,14100,14676,0.9414240245892738,0.0762094131168878,0.6272259,1.288713,1.010793,0.9051459
traffic,93,14228,16340,0.941409876574547,0.1469782733821031,1.1840571,1.3849237,0.95436203,1.6146188
traffic,847,14676,15252,0.9414047640096664,0.0595869585047173,0.7385473,1.0005821,1.250568,0.4885614
traffic,786,15316,16468,0.9414032966868014,0.1262942995215487,0.7188792,0.9622321,0.97980976,0.7013016
traffic,680,14804,16148,0.9413950732932262,0.2822281394121135,0.07572794,0.03491497,0.1202867,0.009643793
traffic,817,15636,15828,0.9413562014474586,0.2223840765282073,0.38247252,0.31235838,0.404351,0.2904799
traffic,215,14740,16660,0.941339510094146,0.2926692631514471,0.45941663,0.3506055,0.54577494,0.26424718
traffic,292,14292,16980,0.9413296971560052,0.1369051281031481,0.20700073,0.067913055,0.37438202,0.09946823
traffic,45,15764,16916,0.9413183014167784,0.032919820891209,0.3030908,0.40361476,0.35964227,0.3470633
traffic,202,14484,14676,0.9412218917252116,0.1367080466711126,0.0856967,0.5179801,0.672107,0.068430185
traffic,167,15252,16212,0.9412208637312656,0.2623028537970904,0.04173374,0.012653947,0.02953279,0.058612585
traffic,785,14676,15828,0.9412123157442464,0.2364304102786342,0.6409981,0.12949991,0.24498153,0.2665167
traffic,615,14164,15892,0.941189952338722,0.2892122803015091,0.42234015,0.7258959,0.6813109,0.46692514
traffic,230,14036,14804,0.9411794570112412,0.2749162921808742,0.09290421,0.096375704,0.15471113,0.034568787
traffic,483,14484,17172,0.9411775023826784,0.230597690844,0.14224935,0.29316545,0.44172263,0.0063078403
traffic,682,14292,16212,0.9411510452925536,0.2874702022941355,0.22214961,0.12829542,0.011305094,0.36175013
traffic,14,14676,15828,0.9411320757518208,0.1520775282251966,0.033734083,0.19347644,0.1204083,0.03933406
traffic,530,17108,17300,0.9411295195142042,0.1853368289913811,0.19874048,0.26860642,0.23731375,0.23003316
traffic,400,14996,16340,0.9411235466522704,-0.1932081094617901,0.028753757,0.055734873,0.16723895,0.08275032
traffic,302,15828,17364,0.9411122520736528,0.2643625882170721,0.09325743,0.28024435,0.31872153,0.054780245
traffic,8,14548,15508,0.9411115585542056,0.2950683332588015,0.42872345,0.7335017,0.5963448,0.5658803
traffic,334,17108,17300,0.9410851822690562,-0.1022698134810921,0.41030347,0.5837507,0.61177814,0.38227606
traffic,716,14804,15572,0.9410750692677412,0.2433622796709737,0.033720136,0.08945978,0.15282536,0.208565
traffic,88,15764,16724,0.9410667554628224,0.2851423338025242,0.052570224,0.020189524,0.19300354,0.26576328
traffic,687,14676,16980,0.941061499684936,0.0139525169883485,0.34381533,0.84024835,0.583807,0.6002567
traffic,459,15508,16852,0.9410580822816113,0.2792351406117432,0.05003047,0.1500988,0.07915974,0.020908594
traffic,803,14676,16980,0.9410421651029636,0.2486284406367681,0.3034134,0.99873114,0.20645332,0.48886442
traffic,532,16468,17428,0.9410171439277218,0.1487808279142037,0.02357459,0.05270922,0.024728656,0.051555157
traffic,160,15508,16852,0.9410143210951832,0.2683265641587961,0.09567332,0.299551,0.0026226044,0.39260173
traffic,578,14164,15508,0.9409998021488202,0.1270690768193138,0.10309839,0.023061514,0.108395815,0.028358936
traffic,235,14292,16788,0.9409899749782064,-0.1025513513317589,0.44696975,0.31288552,0.8383014,0.07844615
traffic,23,14100,16404,0.9409872545310128,0.2934520190310022,0.057828665,0.14141488,0.057914257,0.14150047
traffic,8,14804,16340,0.940985313164842,0.2914531070378285,0.31091332,0.4151795,0.5291493,0.19694352
traffic,111,15636,16596,0.9409538399748268,0.2702348291286246,0.015512228,0.25849104,0.48945832,0.73243713
traffic,475,14036,16724,0.9409311607436032,0.2104860708936929,0.2652986,0.04081416,0.13084054,0.093643904
traffic,106,14100,16404,0.9409310250348568,0.2402851609077151,0.057542562,0.37412333,0.029003382,0.40266252
traffic,317,14996,16724,0.9409305091535876,0.085655211974733,0.14092088,0.18731403,0.10639715,0.43463206
traffic,202,14100,16788,0.9409201000251064,0.2685784735604821,0.45268345,0.26735032,0.38423073,0.33580303
traffic,135,14932,17428,0.94091939079605,0.2156410063174288,0.16311014,0.099081755,0.22237468,0.039817214
traffic,45,14612,15956,0.940864565365928,-0.1007031415688634,0.13436794,0.03747511,0.012427092,0.15941596
traffic,9,14676,16980,0.9408403365257726,0.07503717424891,0.21471882,0.9153731,0.17217827,0.528476
traffic,547,16660,17428,0.9408137782674122,0.2862922164302849,1.9238799,1.6341519,2.9379716,0.62006015
traffic,499,14676,16788,0.9408136322936352,0.2329953244121387,0.12021279,0.34684193,0.10279369,0.36426103
traffic,87,15444,16404,0.940805221505402,0.0966715927783951,0.26454377,0.16085124,0.27333164,0.15206337
traffic,713,15892,17236,0.940779474517458,0.2564537893841364,0.036282063,0.31559014,0.027429342,0.37930155
traffic,182,14100,16788,0.940776521651082,0.266326826576468,0.11680102,0.12785411,0.31029582,0.3213489
traffic,602,15700,17044,0.9407673136086984,0.1626703702902705,0.0064053535,0.49193096,0.13896155,0.35937476
traffic,465,15828,16596,0.9407336832336564,0.2540863191864023,0.49021685,0.5923549,0.1189599,0.96361184
traffic,397,14484,16980,0.9407293808436,0.0238071204079921,0.47950697,0.9910991,0.8679557,0.6026504
traffic,541,14484,16980,0.940716457268708,0.1606566288068799,0.070209265,0.34703064,0.15345168,0.43027306
traffic,591,14036,16724,0.9406885607641864,0.2876022151969448,0.009418726,0.5074067,0.055410624,0.44257736
traffic,41,14100,17364,0.9406838799949572,0.2482103948396806,0.62078846,1.4729141,1.1357265,0.9579761
traffic,23,15508,17236,0.94066549361167,0.2839560463940279,0.013578653,0.46310997,0.1460787,0.33060992
traffic,33,15124,15316,0.9406630674427398,0.0924434797109479,0.098015785,0.40513158,0.4633813,0.039766073
traffic,669,15636,16212,0.9406312362192052,0.2494215381923648,0.10185671,0.26549673,0.121961355,0.24539208
traffic,170,15252,15444,0.9405953745419152,0.2944858298647349,0.015381575,0.11182046,0.08155608,0.014882803
traffic,219,15636,15828,0.9405067555907196,0.2985129357517854,0.4322853,0.57190084,0.46465278,0.5395334
traffic,169,14100,16212,0.9405027652487143,0.239036773954737,0.144768,0.2276963,0.22990215,0.14256215
traffic,594,14228,14996,0.9405016407155672,0.1591948007237144,0.9003515,1.4376879,1.0164006,1.3216388
traffic,581,15316,16468,0.9404861328398004,0.1597641092686379,0.40208697,0.50720584,0.42428923,0.4850036
traffic,465,14292,16980,0.9404674578052824,0.1759983443280351,0.45340574,0.12493372,0.575786,0.002553463
traffic,711,16020,17364,0.940464694274629,0.1895107316525047,0.15733433,0.21152854,0.16351199,0.20535088
traffic,718,14292,16404,0.9404514649596614,0.2733710427233356,0.24366188,0.18577552,0.00066256523,0.42877483
traffic,572,14484,14676,0.9404490452877048,0.1069087507037198,0.2535491,0.27914,0.21657228,0.19098139
traffic,478,14484,16980,0.9404149380247316,0.2341226989981015,0.08817172,0.14160275,0.18655777,0.2399888
traffic,720,15124,16468,0.9404032147528788,0.2992505609940306,0.1987505,0.29614234,0.081315756,0.41357708
traffic,848,15188,16532,0.9403745165750004,0.160298982455851,0.1825347,0.06299114,0.13365245,0.014108896
traffic,696,14036,16340,0.9403538377716592,0.2862083433124595,0.69371367,0.5157919,0.6110418,0.5984638
traffic,295,14484,15828,0.940300331019361,0.200632687666578,0.025758266,0.06884742,0.015666723,0.058755875
traffic,801,16660,17236,0.9402858684546844,0.234475040415581,1.0027311,1.3863829,1.9176126,0.47150147
traffic,748,14356,17236,0.9402789939401304,0.2392077334727522,0.05528474,0.3810935,0.043921947,0.3924563
traffic,818,17172,17364,0.9402669337239026,0.1599352407642903,0.07329917,0.061436653,0.13331866,0.14518118
traffic,753,16148,16916,0.9402589216725584,0.2996248984197482,0.4370948,0.5755993,0.37540936,0.63728476
traffic,779,14484,16980,0.9402486214811826,0.2621733093814575,0.015571833,0.4031353,0.043871403,0.46257854
traffic,240,14676,15828,0.940241551424671,0.1347072503315354,0.16246009,0.6901374,0.43264413,0.09503317
traffic,49,14612,16916,0.9402040778143862,0.284448127775624,0.12394357,0.29568636,0.37880385,0.040826082
traffic,648,16020,17364,0.9401833889140008,-0.0015298852634342,0.10246611,0.25656462,0.17601037,0.18302035
traffic,54,14484,16212,0.9401756760873372,0.0359447301719101,0.10928726,0.20081711,0.4161663,0.106061935
traffic,270,16596,16980,0.9401272909998472,0.114632832268179,0.3817358,0.34636426,0.36189628,0.36620378
traffic,847,15060,17364,0.9401256487733836,0.16161224190876,0.6538595,1.418858,0.9336926,1.139025
traffic,685,14740,17428,0.9401060253478986,0.0847374684532283,0.21791577,0.056063175,0.19460058,0.07937837
traffic,325,15828,17172,0.9401019614591511,-0.0106506818951897,0.07497692,0.21077633,0.3474152,0.06166196
traffic,837,15700,17044,0.940100150466564,0.0962312175209838,0.24645805,0.44857013,0.03902471,0.16308737
traffic,238,15060,16788,0.9400911874790736,0.1898589850647062,0.30324256,0.052473664,0.4004029,0.044686675
traffic,290,16660,17428,0.9400836872388884,0.2152519919801829,0.74128294,1.0449619,1.3370484,0.44919646
traffic,116,15764,16916,0.940055255480382,0.1692786070986359,0.1780349,0.05799544,0.28517568,0.04914534
traffic,553,14228,16916,0.9400296967166136,0.1813917374322137,0.22429514,0.58004165,0.009877741,0.36562425
traffic,431,14036,16724,0.9400077754242396,0.2571996366999308,0.45243657,0.054947853,0.25054896,0.25683546
traffic,214,15252,16212,0.9399967721417138,0.2401441611566507,0.04023671,0.13221312,0.19650841,0.02405858
traffic,488,14868,16788,0.9399601326718706,0.2000878609187597,0.11049414,0.07294977,0.26361442,0.08017051
traffic,333,14164,16660,0.9399144775616434,0.1640015402857569,0.17007565,0.23500443,0.3520372,0.05304289
traffic,161,15124,16468,0.9398774620814726,0.0371505371322576,0.28511667,0.12331319,0.30306792,0.10536194
traffic,131,14612,16148,0.9398446205176884,0.2654258952024234,0.61997914,0.88045025,0.63475037,0.865679
traffic,32,15764,16340,0.9398371843635274,0.2961554654672055,0.84439063,1.1256773,0.8383126,1.1317554
traffic,269,14100,16212,0.9398231977849224,0.2529909986098148,0.32630706,0.4359553,0.47861075,0.2836516
traffic,120,14676,15444,0.9398112374698204,0.1950545031423136,0.6989391,1.002066,1.1843221,0.516683
traffic,167,14484,14676,0.939798108512299,0.232585718850308,0.21620369,0.17638874,0.2923181,0.100274324
traffic,65,15252,17364,0.9397815713100572,0.2248026936560044,0.70325375,0.79230547,0.8577125,0.6378467
traffic,61,14228,16724,0.9397722322485031,0.2164866430291203,0.19755244,0.62502044,0.13902509,0.6835478
traffic,315,14996,16340,0.9397621012357792,0.1166905432309079,0.37959003,0.28074646,0.34297514,0.31736135
traffic,350,14996,15188,0.9397600913794736,0.096493902533384,0.46149635,0.29608226,0.17978787,0.57779074
traffic,699,14740,17428,0.9397117923755672,0.2220041371440018,0.0052683353,0.22942519,0.06335783,0.29805136
traffic,770,15764,16724,0.9396784529488664,0.1362860936699803,0.06948054,0.104670286,0.33770669,0.16355586
traffic,256,14804,17108,0.9396758358344184,0.2539984307372054,0.11065292,0.44782925,0.24853694,0.30994523
traffic,29,15188,16532,0.9396266797299696,-0.0277811117617889,0.1493113,0.32276726,0.06863475,0.104821205
traffic,548,16660,17236,0.939614536160033,0.2481675162309406,0.07073021,0.4009261,0.19716263,0.2744937
traffic,283,14676,16596,0.939614220339032,0.1684537015167641,0.52116585,0.4293995,0.26356626,0.6869991
traffic,100,15252,16404,0.9395964684067548,0.2886168924824647,0.17207015,0.1324426,0.30857837,0.004065633
traffic,693,14292,16596,0.9395883745922669,0.2427843468138841,0.123582006,0.8852335,0.23833871,1.2471542
traffic,848,14164,16084,0.9395634716334056,-0.0758720121012338,0.9034047,0.73769903,1.0445843,0.5965195
traffic,759,16724,17108,0.9395506139583064,0.0938008308399012,0.19222951,0.19679475,0.2189076,0.17011666
traffic,112,14804,16724,0.939544001195085,0.2567508624505588,0.3626411,0.24085975,0.086215734,0.5172851
traffic,101,16468,17044,0.9395384827654756,0.2900364523316192,0.26967478,0.0112633705,0.0567019,0.20170951
traffic,316,16148,17300,0.9395351405149636,0.197101678578568,0.14828801,0.35639215,0.04182172,0.46285844
traffic,732,14484,17172,0.9395263381591368,0.2583357887128669,0.43352747,0.91272163,0.92487454,0.42137456
traffic,172,15764,16916,0.9395051944179112,0.2775788775800761,0.05995524,0.3329103,0.0638535,0.20910156
traffic,320,15828,16980,0.939451107158833,0.2232091716372466,0.19922936,0.013396978,0.20706272,0.41968906
traffic,467,14228,16916,0.9394458618326796,0.2512057947220331,0.07288027,0.14662194,0.22734988,0.30109155
traffic,582,16020,17364,0.9394093697133504,-0.0237943044011715,0.13475037,0.0075764656,0.06958771,0.072739124
traffic,696,14292,14676,0.9393968889663294,0.0468738977928116,0.19565606,0.65424347,0.9581206,0.108221054
traffic,101,14612,16340,0.9393776026913409,0.2724079988529727,0.16120791,0.15093279,0.18408823,0.12805247
traffic,741,16468,17428,0.9393240815431948,0.2610697326965932,0.049052954,0.025810838,0.0017166138,0.02495873
traffic,428,14164,16852,0.9393038372209264,0.2388914390369306,0.023916483,0.29719734,0.0016546249,0.27493548
traffic,491,15764,16724,0.939266359330594,0.1370306708976763,0.19197583,0.17331243,0.33817136,0.027116895
traffic,637,15700,17044,0.9392508324880076,0.2756204108052304,0.06948829,0.5579982,0.20764565,0.28086424
traffic,471,15316,16468,0.939241432181068,0.1464879975057154,0.7073381,0.78710175,0.8876202,0.6068196
traffic,636,15124,16276,0.9392248274176462,0.1010866306164707,0.23077512,0.31763887,0.33214498,0.21626902
traffic,259,14420,16724,0.9392184343902924,0.2880688433164862,0.4664849,0.21221387,0.29905748,0.044786453
traffic,287,14036,16916,0.939195316719057,-0.119772901227567,0.31518734,0.9628192,0.33542192,0.31220996
traffic,89,15828,16980,0.9391296140994664,0.1760011133738281,0.3088951,0.4742937,0.42032003,0.3628688
traffic,848,15508,16852,0.9390550567657484,-0.0007730856321504,0.3240595,0.0020456314,0.21292377,0.10909009
traffic,14,14612,16148,0.9390368371023528,0.2718464364133304,0.12420893,0.0095124245,0.09347057,0.04025078
traffic,37,15572,16724,0.9390197392749008,0.2925865879722458,0.12587714,0.07590234,0.31775856,0.115979075
traffic,338,14036,15572,0.9389972141757392,0.1890505826745095,0.17030227,0.15224874,0.1965872,0.1259638
traffic,239,16276,16660,0.9389431829100416,-0.0809734664870426,0.67005384,1.5029371,1.086373,1.086618
traffic,32,16660,17236,0.9388524553240344,0.2980257414034399,1.0074623,1.3178359,1.7649488,0.56034935
traffic,747,14292,16596,0.9388382546021516,0.2592877843891114,0.4284253,0.73533297,1.0143247,0.14943361
traffic,609,15764,16724,0.9388366556335428,0.2835871851838248,0.07128394,0.10363948,0.33413005,0.15920663
traffic,433,14228,16724,0.9388340723203316,0.2903424094612609,0.7082715,0.6357949,0.13319719,0.060720563
traffic,60,14740,16276,0.9388312449122864,0.2474234006261548,0.095538974,0.018046618,0.009284258,0.0682081
traffic,753,15828,16404,0.9388218780172778,0.1644893701389446,0.18443716,0.32361376,0.020444155,0.5284951
traffic,578,14676,15444,0.9388188244135144,0.2987793421384812,1.4904082,1.2969551,1.9181228,0.8692406
traffic,634,14932,16660,0.9387777780400508,0.2503818210630155,0.74235487,1.1681759,0.81331635,1.0972145
traffic,479,16660,17236,0.9387768887213512,0.2145319737675067,0.59704924,0.9422146,1.1099184,0.4293455
traffic,197,15060,17364,0.9387684613152464,0.2007968207310086,0.42608988,0.8620014,0.6204301,0.6676612
traffic,848,17108,17300,0.938761178901976,0.2206567514999929,0.054265976,0.088416815,0.10286641,0.03981638
traffic,575,14036,14420,0.9387349242446312,0.2790936228198821,0.101127625,0.061736584,0.08091593,0.12030697
traffic,680,14292,14484,0.9387257808378224,0.1179208458191932,0.28937483,0.68201065,0.6313629,0.34002256
traffic,323,15252,16788,0.9387150895402928,0.2137251628398173,0.43062663,0.2338705,0.46065545,0.20384169
traffic,335,14676,16212,0.938686897812609,0.2305486605866144,0.5856364,0.74049425,0.89937043,0.4267602
traffic,525,14100,17364,0.9386246881789168,0.2411776478444359,0.50348914,1.3891097,1.1427631,0.7498357
traffic,441,14164,16660,0.9386242692117754,0.2374461138744665,0.16530943,0.29450512,0.38138628,0.07842827
traffic,796,16148,17300,0.9386073994318048,0.1821893797840822,0.035032272,0.01898098,0.09945488,0.15346813
traffic,635,14484,17172,0.938595827801778,0.2683664035359935,0.15307593,0.07154822,0.17649102,0.048133135
traffic,586,14676,15636,0.9385771045997136,0.1415403261156424,0.13191628,0.866452,0.38875294,0.34578276
traffic,788,14996,16340,0.9385753905320492,0.2812328443371281,0.12552571,0.14894962,0.18173099,0.09274435
traffic,22,14484,17172,0.9385662473961592,0.07058765513795,0.26910496,0.550508,0.6621208,0.15749216
traffic,771,15252,16404,0.9385582258159526,0.1488614601721401,0.56232834,0.41321635,0.49358988,0.4819548
traffic,230,14164,16852,0.9385150518833828,0.2816828519715887,0.08258462,0.104548454,0.04809928,0.070063114
traffic,537,14100,16212,0.9385016670159392,0.2641269492713005,0.54479,0.4097798,0.3782711,0.5762987
traffic,357,14676,16980,0.9384874611733236,0.2853761898507785,0.2718053,0.26730227,0.05132103,0.046818018
traffic,65,14740,16852,0.9384676282764411,0.2564596116094201,0.6846752,0.5665457,0.69848585,0.5527351
traffic,472,16404,17364,0.9384631112095584,0.2708702785895142,0.24153066,0.22902942,0.30728292,0.16327715
traffic,140,16660,17236,0.938417372458095,0.1831954909608832,0.06329751,0.7511084,0.2842095,0.4036014
traffic,317,15700,17044,0.9383596229326556,0.1704460389078482,0.10402155,0.080839634,0.19123697,0.0063757896
traffic,845,14676,17364,0.9383367534600416,0.0585603773243213,0.60949636,0.43438005,0.44787645,0.59599996
traffic,409,14676,15828,0.9383273753221358,0.2379434609324544,0.29879904,0.6175523,0.8483014,0.06804991
traffic,51,16596,17172,0.9383035119993344,0.2087986307606409,0.44649982,0.27340293,0.42521477,0.294688
traffic,535,16084,16660,0.938298808800049,0.1559102684580143,0.93091774,1.6880519,1.1289685,1.4900012
traffic,770,14100,15828,0.9382524201822984,0.1297813315511893,0.5719626,0.65638185,0.5231602,0.7051842
traffic,256,14292,17172,0.938222091175458,0.1173862940421419,0.38663626,0.5717945,0.62228847,0.3361423
traffic,290,14996,15188,0.9382174657108824,0.1469521586753871,0.27052093,0.22378659,0.018929243,0.47537827
traffic,350,14100,17364,0.9381896225137096,-0.1190303507421047,0.7224591,1.6279851,1.1072266,1.2432176
traffic,371,14612,16916,0.938167200214688,0.2819156637969808,0.061597347,0.09286153,0.010125756,0.02113843
traffic,115,14292,16980,0.938078182478966,0.287026763526344,0.22566438,0.267637,0.20982575,0.28347564
traffic,144,15508,16852,0.9380478476818004,0.1191234893784273,0.030490875,0.18352652,0.10335088,0.11066651
traffic,266,16148,17300,0.9380187062607368,0.1230600541117438,0.22576165,0.37123144,0.16670418,0.4302889
traffic,839,16020,17364,0.9379931869921893,-0.0547157916202642,0.18385553,0.26172757,0.37272358,0.072859526
traffic,29,14356,17044,0.9379859021011056,0.1455005796394028,0.064127445,0.7987797,0.29715586,0.43749642
traffic,820,14420,16916,0.9379722582129296,0.2667363882172681,0.014398575,0.17477453,0.08082855,0.27000165
traffic,13,14612,16916,0.9379344702116412,0.2385508169641428,0.04578352,0.42271078,0.09163797,0.2852893
traffic,350,14228,17108,0.9379334084429748,0.2805735501140715,0.3484949,0.13925123,0.22131884,0.012075186
traffic,790,14164,14548,0.9379219704775285,0.2332848802928823,0.20452738,0.36681724,0.07138991,0.090899944
traffic,554,14484,17172,0.9379040795442533,0.1538608511009842,0.48390532,0.060190916,0.33342957,0.21066666
traffic,516,15828,17364,0.9378978734040696,0.1082509374336517,0.18830347,0.28365684,0.009940386,0.4819007
traffic,214,15124,16468,0.9378835579745592,0.2516192203767796,0.12568188,0.0547719,0.06625104,0.0046589375
traffic,640,15252,16788,0.937881900946448,0.2465137244921451,0.32255864,0.19557238,0.4413432,0.07678783
traffic,462,15124,16468,0.9378815117420128,0.291604280660549,0.10896611,0.07974827,0.362391,0.17367661
traffic,2,14100,16404,0.9378666918488188,0.2969414692801042,0.012355566,0.086992025,0.102663994,0.17730045
traffic,2,17108,17300,0.9378297306817248,0.2709288481939042,0.4651246,0.19433331,0.50015044,0.15930748
traffic,16,16148,16916,0.937813779986355,0.1692007238552415,0.4006033,0.3029294,0.19677329,0.5067594
traffic,62,14292,17172,0.9377704848092716,0.2018847808787995,0.5296507,0.5591252,0.48471165,0.6040642
traffic,274,16660,17428,0.9377629887806144,0.2681886496493077,1.2601769,1.4124193,2.1824222,0.49017406
traffic,33,14100,15060,0.9377496086223696,0.2038335298077608,0.011976719,0.14955592,0.10280228,0.058730364
traffic,541,15828,17172,0.9377367568636392,0.290697201384174,0.18801713,0.0840013,0.22077727,0.116761446
traffic,213,14292,17172,0.93770580654223,0.213981669206483,0.54149675,1.098906,1.014221,0.62618184
traffic,87,14996,16724,0.9376941492555748,0.067382852598824,0.11615634,0.15148473,0.16549802,0.4331391
traffic,111,15572,16724,0.9376182523980472,0.2094612297609165,0.14659262,0.43975425,0.10101271,0.39417434
traffic,315,14484,16596,0.9375901488029116,0.0869853871684632,1.2678165,0.8640666,1.1400757,0.99180746
traffic,259,16148,17300,0.9375835592377272,0.2381670391564161,0.010945797,0.63755846,0.22203445,0.4264698
traffic,578,14804,15572,0.9375481188382412,0.2086297234005938,0.9071021,0.6615193,0.78735614,0.78126526
traffic,790,14868,15444,0.9375317011672274,0.271427309046964,0.3469,0.20216274,0.30095983,0.2481029
traffic,246,15124,16468,0.937529132840472,0.2170695536236866,0.24752605,0.43894768,0.2178458,0.40926743
traffic,645,14676,15636,0.9375084500761708,0.2999172116677406,0.07942271,0.7038059,0.4286294,0.19575381
traffic,707,16276,16660,0.9375033318423756,0.2783076880686709,0.6824044,2.2209358,1.39491,1.5084302
traffic,231,15828,16980,0.9374619057008882,-0.0886505161823053,0.548332,0.44507575,0.38490367,0.60850406
traffic,235,14932,15892,0.9374599416892824,0.2912084208057244,0.34076905,0.531862,0.363384,0.50924706
traffic,804,16660,17236,0.9374501330893464,-0.0666543025448769,1.024277,1.0734565,1.3948119,0.7029216
traffic,22,15956,16340,0.9374500264638116,0.2648292556675053,0.6677346,0.68097115,0.6395869,0.70911884
traffic,449,14292,15060,0.937446026941714,0.2526257572854758,0.074682236,0.43878794,0.2536714,0.25979877
traffic,735,16020,17364,0.9374315643721598,0.1752522664636491,0.20985675,0.08586168,0.16856933,0.1271491
traffic,116,14100,16404,0.9374234959080946,0.2574720455781373,0.24966884,0.16690886,0.4697503,0.3869903
traffic,636,16468,16660,0.9374008215126988,0.2238329791288309,0.25482225,0.19983482,0.2294383,0.22521877
traffic,37,14356,17044,0.9373920739791256,0.1882472005333163,0.06987572,0.43819928,0.038644552,0.329679
traffic,97,14292,14676,0.9373486746391864,0.2954870750767395,0.48152745,1.3962986,1.3958031,0.482023
traffic,467,15508,16852,0.9373425780279908,0.2760504500691603,0.09717584,0.07138538,0.16450334,0.33306456
traffic,682,15828,16788,0.9373249634838656,0.2869030078388598,0.48982882,0.3309257,0.17791986,0.64283466
traffic,773,15508,16852,0.9373097949449822,0.0845906860506818,0.070305586,0.012553215,0.15178394,0.09403157
traffic,571,14548,16276,0.9373035452503432,0.2717043393293509,0.21471882,0.2569785,0.1294353,0.08717561
traffic,564,16660,17236,0.93726196905508,0.2316753132333565,1.9553943,1.7103184,3.065732,0.5999807
traffic,289,14676,15828,0.9372583702728352,0.0905862098991251,0.1197114,0.17910838,0.097563505,0.038166523
traffic,762,15444,16404,0.9372397597594546,0.1969014750392974,0.0032868385,0.10021901,0.013923883,0.08958197
traffic,30,14292,15636,0.937235142997751,0.2756363151547515,0.00935626,0.023157597,0.050832152,0.018318295
traffic,48,15124,15316,0.9372343430181354,0.1448322965863901,0.38336182,0.9678893,0.9670689,0.3841822
traffic,85,15252,16788,0.937230050357002,0.1747184679779286,0.2796831,0.13138747,0.43287992,0.02180934
traffic,55,15316,17428,0.9372245016285902,0.1997357062004844,0.2414558,0.40737426,0.25751424,0.39131582
traffic,797,14356,17044,0.9372201686880308,0.2642021768002841,0.049766064,0.61902356,0.14155269,0.4277048
traffic,654,15764,16916,0.9371907331372784,0.231870203180236,0.38144606,0.6248455,0.12403759,0.11936185
traffic,21,14420,16724,0.9371868083462892,0.2997658074919634,0.60719514,0.17527366,0.41926038,0.3632084
traffic,621,15060,15636,0.9371850260051138,0.2464754381474964,0.2670139,0.30434632,0.35481107,0.21654916
traffic,547,14676,15636,0.9371815337194422,0.2249420441857945,0.42367458,1.4271171,1.3464556,0.5043361
traffic,447,14676,17364,0.9371794186286178,0.1938683848752789,0.053979397,0.055708885,0.2525444,0.2542739
traffic,426,15828,17172,0.9371705667803536,0.2055085827309808,0.35996675,0.19584179,0.44830775,0.10750079
traffic,175,14356,17044,0.9371676912798238,0.2416092615058239,0.36331916,0.4592024,0.33348012,0.48904145
traffic,790,14804,15380,0.937166419991888,0.2739787510785134,0.022807598,0.41651893,0.3224895,0.116837025
traffic,836,15764,16916,0.937148230586926,0.1266249101561419,0.3815012,0.048647165,0.34490633,0.012052298
traffic,72,14676,15444,0.9370783707375452,0.2324927460297104,0.3126638,0.6024418,0.60910296,0.30600262
traffic,65,14228,17108,0.937037876734646,0.2385812266640865,0.051924467,0.06698418,0.2576332,0.27269292
traffic,493,15316,16468,0.9370182429420036,-0.0064742090271351,0.654629,0.7905288,0.8914311,0.5537267
traffic,705,15316,16468,0.9370094543521078,0.104124087875666,0.50286317,0.96178865,0.827193,0.6374588
traffic,834,15636,16980,0.9370092344488802,0.2340913654713986,0.0043315887,0.26218796,0.11549497,0.3820145
traffic,478,14676,17364,0.936929195569424,-0.0485173925929376,0.31174088,0.28772426,0.41629052,0.18317461
traffic,710,15316,16468,0.9369203590227554,0.2368352250461931,0.4759612,0.70668435,0.6829004,0.49974513
traffic,659,14420,16724,0.9369188551930684,0.2611558855250261,0.13006592,0.65955615,0.19680882,0.33268142
traffic,493,15828,16980,0.9369148003113916,0.1991730853473585,0.010913372,0.43176007,0.11766696,0.32500648
traffic,688,14228,16916,0.9368907644830446,0.2763930453441117,0.20742679,0.66013956,0.07771671,0.37499607
traffic,679,16404,17364,0.9368904726677006,0.2406786420301626,0.39789724,0.5847516,0.5157194,0.46692944
traffic,716,14484,14868,0.9368207654048232,0.1844438272440584,0.08125019,0.0149075985,0.15611172,0.059953928
traffic,699,14100,14676,0.9368064238543372,0.2181043288197993,0.3199749,0.5029371,0.48944402,0.33346796
traffic,483,14676,17364,0.936788896214141,0.2539360570418322,0.2001288,0.013243675,0.26225114,0.07536602
traffic,202,14996,15380,0.9367886980605372,-0.0242059375685289,0.38436437,0.66717756,0.49305773,0.5584842
traffic,478,15828,17172,0.936785715531161,0.2796620466066575,0.10631561,0.11919737,0.11506486,0.12794662
traffic,607,14484,14676,0.9367508246324598,0.1983481034581069,0.12564611,0.18194318,0.0779748,0.2296145
traffic,135,14292,16404,0.9367297606417742,0.2766184263968722,0.2722484,0.1087476,0.075033784,0.45602977
traffic,388,16660,17236,0.9366673707043058,0.1445204661810597,0.34467292,1.0445766,0.802521,0.5867286
traffic,447,14484,17172,0.936656650482348,0.1426083721577017,0.29795885,0.46313238,0.59172416,0.16936707
traffic,722,14100,15636,0.9366395086512804,-0.1754564706937293,0.41508126,0.3222537,0.38189244,0.35544252
traffic,571,16532,16724,0.9366240764153184,0.1755428139597091,0.08037162,0.20183682,0.14128733,0.14092112
traffic,193,15764,16916,0.9365971328334584,0.271481776519466,0.14570808,0.36659884,0.15927911,0.35302782
traffic,259,14292,14676,0.9365897909997484,0.0815838055552384,0.4409511,0.84997773,1.2061448,0.08478403
traffic,491,14484,15444,0.9365895598485836,0.2653488507907322,0.26522088,0.50804436,0.39388347,0.37938178
traffic,329,14676,16020,0.936582200502919,0.0274112761347356,0.06354904,0.0510633,0.08415985,0.03045249
traffic,581,14164,17428,0.936558421327578,0.290726946607185,0.29788637,0.6546898,0.4766717,0.47590446
traffic,317,14484,15828,0.936516085212618,0.096304963735071,0.0081727505,0.033765554,0.1787641,0.1368258
traffic,587,16596,17172,0.9364445845780496,0.1800244813154703,0.4004531,0.22120309,0.4020295,0.21962667
traffic,100,15892,17044,0.9364384668455936,0.2052315957926296,0.538811,0.47832108,0.7251734,0.2919587
traffic,88,15124,16468,0.936423685457054,0.1517969242799428,0.09331465,0.15986872,0.043084383,0.10963845
traffic,221,14036,16916,0.9364117161005134,0.0532699200173299,0.32849252,0.57882386,0.2757231,0.6315933
traffic,824,15316,16468,0.9364086525962612,0.2239585142191668,0.33339953,0.63037634,0.5262382,0.43753767
traffic,328,14100,14676,0.9364077988941292,0.1072177909200143,0.54665506,1.3929662,1.0974352,0.842186
traffic,238,14484,16596,0.9364000497680256,0.2028742225065052,0.68885064,0.7246959,0.2850194,1.1285272
traffic,108,14228,16724,0.936391609990794,0.2613353262774428,0.32853627,0.11717558,0.36606503,0.15470433
traffic,665,14612,17108,0.9363771951796936,0.2951315008558341,0.3833741,0.43584287,0.07831895,0.13078773
traffic,236,14804,17300,0.9363124674995194,0.196799762213541,0.33588457,0.44583106,0.42945266,0.35226297
traffic,459,15828,16980,0.9363058961002672,0.1993686967890066,0.16835666,0.02379775,0.20747328,0.3996277
traffic,154,15252,17364,0.9363024612148816,0.2281726607945081,0.85980904,1.222249,0.8316884,1.2503697
traffic,259,15828,16596,0.9362469131472372,0.2793633220637627,1.0571978,0.8745346,0.71344185,1.2182906
traffic,432,14996,15764,0.9362097291747904,0.2846595535492962,0.9436598,0.88421834,1.1170402,0.71083796
traffic,309,16404,17364,0.936209116063166,0.1296452496587332,0.29502702,0.13571548,0.2510388,0.17970371
traffic,164,14100,16404,0.9362045654093664,0.1791834024485188,0.083105326,0.31493914,0.23068738,0.4625212
traffic,458,14676,15636,0.9361965073939892,-0.0630913285161188,0.040162325,1.2592914,0.8969407,0.32218838
traffic,383,16020,16788,0.936191840620228,0.2716115718604514,0.68348885,0.44954896,0.3696754,0.7633624
traffic,209,16084,16660,0.9361840626268644,0.278610738502442,0.79704666,1.2737505,0.9399266,1.1308706
traffic,527,14676,15828,0.9361712442712372,0.0678941495217552,0.6453321,0.5058043,0.6528659,0.4982705
traffic,816,16660,16852,0.9361576026768448,0.1006622973358792,0.068879366,0.32964754,0.3437736,0.054753304
traffic,169,14036,16916,0.9361350083228624,0.2837748665564909,0.21342659,0.69494647,0.24941513,0.23210473
traffic,55,15252,16404,0.9361265232186408,0.2971808366722533,0.07497418,0.06751108,0.2391448,0.38163006
traffic,347,14676,15252,0.9361116307103042,0.2956145961160646,0.8989351,0.8573371,1.1907511,0.5655211
traffic,346,16788,17364,0.9360849573897512,0.2344866484798998,0.80574906,1.1416645,0.8044381,1.1429754
traffic,477,15828,16980,0.9360332102666602,-0.1706363144960159,0.31800342,0.49722767,0.1649754,0.6502557
traffic,139,14100,14676,0.9360188746405532,0.2526562935215745,0.47203135,1.3314209,1.0365932,0.76685905
traffic,581,15444,16788,0.9360127551698824,0.2871863397506228,0.27403188,0.0203861,0.35803056,0.06361258
traffic,559,16148,17300,0.935987383987718,0.2407990307354527,0.4691553,0.3889172,0.34934306,0.50872946
traffic,827,14804,15956,0.935984691854868,0.1860244539025907,0.89615965,0.52313805,0.77560973,0.64368796
traffic,788,14100,15636,0.9359817785029744,0.1830861880002463,0.017899513,0.051223755,0.006365061,0.06275821
traffic,106,14932,17044,0.935963913203134,0.2595192724809188,0.24032617,0.12694573,0.19812179,0.084741354
traffic,427,14676,15828,0.9359150443766084,0.1337916425965715,0.06590843,0.2828648,0.19058871,0.026367664
traffic,147,14228,16724,0.9358864609265546,0.1917044374417951,0.32171273,0.7633091,0.29342222,0.79159963
traffic,541,14676,17364,0.9358831519476456,0.2053404225967682,0.43502712,0.417459,0.54287195,0.30961418
traffic,224,16404,17364,0.9358780693200572,0.0696988964432453,0.118899345,0.12607431,0.22604465,0.018929005
traffic,63,14676,16788,0.9358732537747688,0.2704928046327555,0.33194447,0.76488924,0.54539704,0.55143666
traffic,656,14676,16980,0.9358587939019254,0.2838873671599946,0.44818902,0.4205284,0.00075125694,0.026909351
traffic,11,14164,16852,0.9358563834239438,0.0582402327008607,0.23181748,0.4657948,0.32518673,0.37242556
traffic,93,16468,16660,0.935846248167816,0.2588503766949434,0.50688934,1.2890892,1.074508,0.7214706
traffic,533,14036,14996,0.9358279745919362,0.2051640761559257,0.7241857,1.7395134,1.077419,1.3862801
traffic,628,14676,15828,0.9358257620224384,-0.0483030682047957,0.23480678,0.2540741,0.12294769,0.10368037
traffic,427,15636,16980,0.9358201927035452,0.1339127435308919,0.028221607,0.108346224,0.16152465,0.08140004
traffic,825,16788,16980,0.9357822777157816,0.285694990044295,0.05665636,0.110645056,0.2301414,0.2841301
traffic,190,14676,16980,0.9357722827034156,0.2431922738784147,0.1647203,0.44339848,0.14925003,0.12942815
traffic,216,16596,16980,0.9357614633607304,0.2674042775573595,0.6011009,0.75293565,0.61148787,0.7425487
traffic,235,14164,15508,0.935751476539844,0.0124690322385973,0.09241724,0.08692336,0.16318989,0.016150713
traffic,8,14036,16724,0.935748427913752,0.249212756884382,0.18607783,0.055578947,0.26475263,0.13425374
traffic,140,16404,16596,0.9357368153094484,0.0167574030392285,0.16210794,0.018280745,0.01623106,0.16415763
traffic,235,15124,17236,0.935725818588356,0.1082607710495744,0.08680606,0.05535245,0.22604442,0.1945908
traffic,543,14164,16852,0.9356733022743546,0.2489017373444286,0.21376824,0.20533562,0.073370695,0.34573317
traffic,574,14292,16788,0.9356629598139592,0.254206811015547,0.22546649,0.022038221,0.0650692,0.3125739
traffic,769,14676,15636,0.9356617120165474,0.0788763439106182,0.092437506,0.9297502,0.7683122,0.2538755
traffic,533,16660,17236,0.9356023630101188,0.1980779519366322,1.2588785,1.4574621,2.1103144,0.6060263
traffic,806,14676,16788,0.93558161917006,0.1879921976860546,0.3633287,0.41011834,0.2848611,0.48858595
traffic,54,14228,16724,0.9355785049973256,0.252696200442929,0.22059357,0.027081609,0.39070308,0.1430279
traffic,298,14164,15892,0.9355358531846516,0.2754402561592798,0.17992735,0.544724,0.5156567,0.20899463
traffic,457,14676,15636,0.9355164308292196,0.2489273686278927,0.06678939,0.3171065,0.2649455,0.11895037
traffic,381,14100,14676,0.9354897033556572,0.0488891592857218,0.49742126,1.3571532,1.0526674,0.80190706
traffic,141,14676,15828,0.935451459636078,0.2118178666946241,0.07293606,0.49564147,0.6169636,0.048386097
traffic,755,14612,16724,0.935446342725831,0.2713074344533904,0.20276988,0.21710682,0.01546061,0.4353373
traffic,521,15636,15828,0.93538652186292,0.2869793814136192,0.39677966,0.7007241,0.60142696,0.49607682
traffic,413,14484,17172,0.9353715804027556,0.2038180563940438,0.36522102,0.15951252,0.3701625,0.15457106
traffic,505,14676,17172,0.9353671922238564,0.2717288018810882,0.36622572,0.15630603,0.35986638,0.14994669
traffic,581,15060,16212,0.9353474568964044,0.2889360322121622,0.2562945,0.14426243,0.19857514,0.20198178
traffic,15,14676,17364,0.9353380197434136,0.2237062730146521,0.31633544,0.273005,0.5087826,0.08055782
traffic,27,14356,14932,0.9352952605305174,0.262837214691871,0.13443518,0.32848096,0.23427725,0.22863889
traffic,374,15508,16660,0.935292568074213,0.1587397178256508,0.39541078,0.5094867,0.6175642,0.28733325
traffic,517,14420,17108,0.9352878184310396,0.2847097692060977,0.13690257,0.8190323,0.45134234,0.50459254
traffic,541,14292,16788,0.9352623096082892,0.268641880999744,0.10392499,0.3897953,0.2823677,0.776088
traffic,313,14036,14996,0.9352592827575118,0.2451172900384515,0.56067216,0.7092483,0.62513745,0.644783
traffic,390,14036,16724,0.9352541428812152,0.1573935538140055,0.3545124,0.02116096,0.16464895,0.16870248
traffic,813,16660,17236,0.9352511555946672,0.2605113218658225,1.1812079,1.5723076,2.2707815,0.48273396
traffic,120,14804,17300,0.9352423242545936,-0.0551367979752759,0.2179811,0.31069183,0.016420364,0.1091311
traffic,789,16084,16852,0.9352320299979636,0.0153421592125279,0.8068328,0.91056633,0.79219604,0.9252031
traffic,15,15508,16852,0.9352162470696288,-0.0213617424067304,0.1958232,0.13782287,0.2159636,0.15796328
traffic,788,16276,16852,0.9351571344760916,0.2704282500512732,0.009191513,0.108448505,0.24145412,0.123814106
traffic,54,16660,17236,0.9351483421330276,0.0450142826132423,1.435679,1.4557936,2.171646,0.71982634
traffic,733,14676,16788,0.9351406404523974,0.2321539800020235,0.25898147,0.33635366,0.15110493,0.4442302
traffic,746,14868,16212,0.935133923912417,0.2580178849102145,0.07154322,0.18617511,0.034549236,0.22316909
traffic,612,14036,16916,0.935112803305878,0.2918506164420736,0.3810559,0.8362326,0.16812032,0.2870564
traffic,634,14676,15444,0.9351056685153616,0.2737023531353583,0.7020135,1.1050076,1.3795357,0.42748547
traffic,481,15508,16852,0.9350988776802284,0.2174918485573247,0.07111931,0.07712555,0.0831666,0.08917284
traffic,106,15252,16980,0.935094678357693,-0.029424968842128,0.4363588,0.34067678,0.650946,0.12608957
traffic,648,14484,17172,0.9350252583498492,0.284419579085801,0.2589059,0.22845197,0.32868385,0.158674
traffic,185,14164,16852,0.935017895204212,0.0772582346601429,0.22832656,0.51573205,0.25077534,0.49328327
traffic,361,14100,16404,0.9350058335595952,0.1883473790166918,0.050959587,0.35973883,0.045499086,0.36519933
traffic,754,15508,16852,0.9349998683883424,0.1281245969896344,0.30271745,0.24455118,0.13337922,0.19154549
traffic,623,14228,16916,0.9349978727515164,0.190014796152184,0.31824404,0.66609585,0.0072686076,0.3405832
traffic,768,16660,17236,0.9349812943430692,0.2433456389618564,0.98542666,1.3894725,1.944624,0.4302752
traffic,463,14292,15828,0.9349613741665268,0.1703679740646136,0.46510863,0.633759,0.53867733,0.5601903
traffic,388,16404,16596,0.9349519094570586,0.0073775612446156,0.09138632,0.06550598,0.08526921,0.07162309
traffic,106,15956,16916,0.9349503249003356,0.2423188740095,0.447685,0.026411533,0.41112685,0.010146618
traffic,406,14292,16404,0.934943289717421,0.2712837151253828,0.19461477,0.03363204,0.06291127,0.29115808
traffic,787,15508,16852,0.9349387677200556,0.2520898498214953,0.008875847,0.09420705,0.012700319,0.090382576
traffic,750,16148,17108,0.9348981543529822,0.2216544315561474,0.3018788,0.42527997,0.2041899,0.5229689
traffic,8,14484,17364,0.9348711339125666,0.0052895055611293,0.03366494,0.62857914,0.6589906,0.06407642
traffic,820,14676,16980,0.934869564664581,0.0950115915210724,0.1716423,0.39535522,0.008655548,0.21505737
traffic,234,14100,16212,0.9348641698786744,0.2448654934908407,0.23856378,0.106958866,0.24505949,0.10046315
traffic,685,14996,15956,0.9348300822477262,0.1761573822929039,0.76503015,0.7811034,0.99300766,0.55312586
traffic,553,15508,16852,0.9348064456694138,0.0490968480263167,0.029375553,0.13524246,0.0064651966,0.17108321
traffic,528,14164,16852,0.9347502052231932,0.2916329919472915,0.047878742,0.3956859,0.022075891,0.32573128
traffic,782,15060,16788,0.9347458338653636,0.1636561300325967,0.26091528,0.20960009,0.39494407,0.0755713
traffic,325,14996,15572,0.9347319824738896,0.2403422164908652,0.2988279,0.61111856,0.3326218,0.5773246
traffic,535,14484,17364,0.9347285766636996,-0.1756535418815214,0.20298028,0.43220878,0.7979884,0.16279936
traffic,513,14932,16660,0.934658022942329,0.2883109199369656,0.9833454,1.7964044,1.1693035,1.6104462
traffic,561,16660,17428,0.9346565884520552,0.1800274692337072,1.1430869,1.3243904,1.8759867,0.5914907
traffic,216,14036,16724,0.9346415059406156,0.1728962933796116,0.008120894,0.5649482,0.04021597,0.51661134
traffic,246,14292,17172,0.9346223348756436,0.2966012843221468,0.8356179,0.8740065,0.84122145,0.86840296
traffic,596,15636,16020,0.934607452692137,0.2998813111893758,0.035618305,0.43932056,0.51861906,0.04368019
traffic,206,16660,17236,0.9345995999407436,0.2305222062024015,0.9777038,1.3296125,1.776564,0.5307523
traffic,435,14484,15828,0.9345809319383824,0.1047889126005596,0.07674217,0.03970647,0.0050041676,0.04203987
traffic,93,15700,17044,0.934574530783376,0.2578237757079165,0.05135584,0.58303857,0.2451458,0.28653693
traffic,714,14164,16084,0.9345519628912232,0.2754629155169941,0.25359964,0.13010359,0.039122343,0.08437371
traffic,429,14100,14676,0.9345272374261112,0.0437505513086489,0.50431466,1.3326514,1.0496497,0.7873163
traffic,290,14932,15508,0.934518052462466,0.1746560029401287,0.47281468,0.78412414,0.75415576,0.50278306
traffic,815,15828,17172,0.9345165279845268,0.2689143600494147,0.31709456,0.086930275,0.33205438,0.07197046
traffic,184,14100,15444,0.9345018470471204,0.1939349587758132,0.0032224655,6.7949295e-06,0.017528296,0.014299035
traffic,734,14164,16852,0.934493540712834,0.0080421441970903,0.062212706,0.30371284,0.14937234,0.21655321
traffic,79,14100,16212,0.9344899316544072,0.2709978351199248,0.09524274,0.24703419,0.10662079,0.045170665
traffic,72,14804,16724,0.9344444173937692,0.1915606877405151,0.03283453,0.23257399,0.020593405,0.24481511
traffic,544,14932,16660,0.934442498716549,0.0445999022201645,1.0913523,1.9586225,1.0573319,1.9926429
traffic,224,14484,14868,0.9344234979354504,0.2758183369032952,0.3428626,0.24752045,0.011577129,0.08376503
traffic,432,14932,16660,0.9343893806335736,0.1971442706961247,1.0183773,1.0448387,0.96046424,1.1027517
traffic,510,15252,15828,0.9343552127415892,0.1160637637953376,0.30479097,0.38089705,0.32434344,0.36134458
traffic,225,16660,17428,0.9343268718958136,0.2168311943689714,0.7720542,0.858217,0.98760724,0.64266396
traffic,335,16916,17300,0.9343263560888204,0.2823510426390054,0.2826656,0.4430753,0.39138806,0.33435285
traffic,85,14036,16916,0.934298040528704,0.0013525188566379,0.00838089,0.31179273,0.10416806,0.42434168
traffic,329,14420,14996,0.9342640262510028,0.196453740844739,0.40046644,0.6479566,0.71070933,0.33771372
traffic,295,15636,16596,0.9342628402563656,0.2676931542397144,0.032678246,0.17645657,0.5856383,0.37650347
traffic,707,14484,14676,0.9342556594228516,0.2689672058226941,0.036813736,0.6416688,0.8130784,0.13459587
traffic,177,14420,16916,0.9342371661398184,0.2263169150026139,0.17323959,1.1162493,0.65417695,0.63531196
traffic,623,14484,16596,0.9342224378145288,0.1402068818163742,2.12319,0.93560576,1.7559404,1.3028553
traffic,397,15508,16852,0.9341930441633556,-0.2469843221514642,0.07925558,0.4240141,0.23099947,0.2722702
traffic,783,14484,16980,0.9341542352166264,-0.0260424264409623,0.119912386,0.4816029,0.014460564,0.37615108
traffic,481,15252,16404,0.934146550937104,0.2926326160629943,0.002398491,0.108284116,0.055709124,0.16639173
traffic,142,16084,16276,0.934144122446044,0.2655700101304293,0.016027212,0.33575082,0.30375695,0.015966654
traffic,416,16020,17364,0.9340898876626924,0.027855552648984,0.11488509,0.015670776,0.07651973,0.022694588
traffic,407,14548,17044,0.934070047672687,0.1910873387545736,0.5441173,0.110155344,0.6045367,0.049735904
traffic,460,14100,14676,0.9340402378106925,0.1992479268126347,0.32911062,0.40472507,0.49206758,0.24176812
traffic,161,15700,17044,0.934036492513445,-0.0865832282194913,0.3565855,0.21761489,0.09776211,0.041208506
traffic,773,14228,16916,0.9340306216376124,0.2248217063478505,0.7334138,1.1578058,1.1502671,0.74095243
traffic,680,14228,16916,0.9339930929456152,0.1148065629771836,0.061193228,0.8581014,0.30783844,0.6114562
traffic,796,16276,16468,0.9339914216790702,0.2606112130203663,0.08557868,0.07727504,0.20770621,0.21600986
traffic,713,14676,16980,0.933973759426492,0.2361434876119988,0.2520826,0.08327913,0.16374707,0.005056381
traffic,193,14548,16852,0.9339658603511736,0.196924524379933,0.5278325,0.5673237,0.71940255,0.37575364
traffic,334,15060,16404,0.933955206217067,0.1923135236132378,0.037288666,0.018109918,0.24330163,0.26248038
traffic,194,14484,17172,0.9339537393740692,0.2714502452091702,0.15768051,0.07540631,0.03097701,0.26406384
traffic,333,16788,17364,0.9339510284132454,0.2020054242876821,0.54644537,0.6322086,0.6115649,0.5670891
traffic,224,15188,17300,0.9339339506824176,0.255477509305743,0.16797972,0.34395957,0.28015733,0.104177475
traffic,848,15700,17044,0.933890979379824,-0.122794764028609,0.65049744,0.29391813,0.5705273,0.37388825
traffic,797,14228,16724,0.9338885389503992,0.2761481933769459,0.69186574,0.16510355,0.37674803,0.15001416
traffic,224,16084,16276,0.9338787098481636,0.2988872908308354,0.10728598,0.058574915,0.023598194,0.1422627
traffic,75,14484,17172,0.933824480730035,0.2995631415369492,0.24416423,0.12672162,0.14259124,0.02514863
traffic,264,14484,14676,0.9337914325877318,0.2573244791799656,0.017454147,0.3443489,0.15172577,0.5135288
traffic,301,16596,16788,0.9337834920826668,0.2968694542081621,0.16233456,0.12005901,0.13085854,0.15153503
traffic,315,14356,17044,0.9337477581308666,0.234436391283325,0.564543,0.672068,0.5253277,0.7112833
traffic,538,14228,16916,0.9337451510981064,0.2969392898984501,0.015946448,0.27289572,0.24412268,0.5329648
traffic,601,14804,17300,0.9337271413030138,0.2690387211272856,0.017722607,0.039578438,0.1915152,0.21337104
traffic,625,14676,16788,0.9336970028464028,0.2044338419869533,0.3903141,0.55359256,0.5105336,0.4333731
traffic,106,16084,16852,0.9336277999937868,0.2469723834064377,0.45687962,0.18331027,0.39849544,0.24169445
traffic,525,14292,14676,0.9336263736178072,0.2160999528598013,0.18106866,1.0692348,1.2042143,0.046089172
traffic,786,14164,16852,0.9336094320007032,0.2444071192324731,0.026664972,0.33818674,0.10580349,0.25904822
traffic,359,14164,16852,0.9336088507502638,0.2604980096360585,0.054074526,0.5506594,0.24960804,0.24697685
traffic,260,15316,16468,0.9336048720561714,0.2833773930965019,0.3686583,0.49959397,0.40782738,0.4604249
traffic,60,14996,16340,0.9336000007298496,0.2892226763371043,0.20743823,0.1190567,0.11273503,0.2137599
traffic,14,14932,17428,0.9335877807978304,0.1309426676853312,0.1749922,0.21848142,0.33383286,0.059640765
traffic,727,15060,16212,0.9335866221228336,0.2224678945526543,0.2064414,0.02861929,0.2587676,0.023706913
traffic,385,14804,15956,0.9335311747297692,0.2764786591465117,0.1171782,0.3429687,0.24186349,0.21828341
traffic,94,14676,17172,0.9335216292238964,0.2609370214830049,0.93518806,1.2542984,0.87574553,1.313741
traffic,327,16020,16788,0.9335183952933062,0.1259416702436327,0.22755623,0.37657237,0.22589946,0.37822914
traffic,269,14484,16980,0.9335027980399128,0.0369415232355481,0.09285784,0.15906715,0.22161841,0.28782773
traffic,9,16148,17300,0.933476169403882,0.2830056861733846,0.21066904,0.004021883,0.23883486,0.024143934
traffic,448,15124,16468,0.9334671278624248,0.1109059896830144,0.010562539,0.20853102,0.12021065,0.077757835
traffic,69,14484,17364,0.933446202980318,0.2367540243565262,0.67269015,0.33317065,0.723727,0.28213382
traffic,676,16084,16660,0.933443949749098,0.2298088346219955,0.48061895,0.44427443,0.6048143,0.3200791
traffic,87,15700,17044,0.9334156845741052,0.1032036286161247,0.16165876,0.0587368,0.16131353,0.05908203
traffic,86,14676,15828,0.933308771909254,0.1727601993809835,0.2133348,0.73774314,0.50462294,0.019785404
traffic,251,15764,16724,0.9332590833180942,0.2662211717716704,0.019143432,0.12109861,0.22477382,0.36501586
traffic,389,14996,16340,0.9332585186150922,0.1787470167438945,0.11773634,0.0039236546,0.1318388,0.010178804
traffic,173,14676,15252,0.933245078108666,0.1461112303889104,0.23610759,0.43665624,0.4872961,0.18546772
traffic,151,14292,16788,0.9332154535314576,0.2631872312594689,0.14646387,0.42403758,0.3002658,0.27023566
traffic,386,14612,17108,0.9331937877407348,0.2428888083136944,0.2766354,0.30650282,0.18518806,0.39795017
traffic,111,14164,16852,0.9331526893684,0.2811951051640854,0.12499404,0.4996829,0.16240382,0.21228504
traffic,33,14740,16276,0.933136605619802,0.2139374146718448,0.09204149,0.1038785,0.15794802,0.037971973
traffic,473,14100,16788,0.93312770201486,0.2575329057401806,0.068042874,0.0015387535,0.09136438,0.024860263
traffic,514,14036,16724,0.9330959115014456,0.1688342532120958,0.22170883,0.12716436,0.09786004,0.003315568
traffic,504,14676,16980,0.9330697399338812,0.2429712261246788,0.46203578,0.23243761,0.4271723,0.26730108
traffic,141,15444,17364,0.9330614979476528,0.1069980091120369,0.38282406,0.7053062,0.622216,0.46591425
traffic,707,14804,17300,0.9330378582621646,0.1823364056751661,0.09693122,0.53377867,0.21527481,0.22157264
traffic,358,16276,16660,0.9329895762794248,0.0145524506994356,0.14642632,0.106711626,0.20902121,0.044116735
traffic,569,16276,16660,0.9329878554946948,0.2309878990111139,0.70100343,3.0158384,1.4884759,2.228366
traffic,348,14996,15572,0.9329837047560714,0.2975445965994145,0.59128356,0.83855295,0.86014724,0.5696893
traffic,58,14932,15892,0.9329792766852784,0.2740881052571708,0.22432601,0.16029751,0.19010329,0.19452024
traffic,335,16084,17236,0.932948676646044,0.2415428717165286,0.2427783,0.50185597,0.12493622,0.13414145
traffic,407,14100,16980,0.9329240825187624,0.2591632285471184,0.6929101,0.3847723,0.65704167,0.4206407
traffic,797,15188,16532,0.9329237215994198,0.0398216997010717,0.3072641,0.46416593,0.040205717,0.11669612
traffic,44,14484,16020,0.9329207748872356,0.2048283492514066,0.014806986,0.029246092,0.052048683,0.0079956055
traffic,313,16468,17428,0.9329170978283884,0.2151058650313726,0.04028678,0.08052683,0.041018486,0.00077843666
traffic,416,14676,15252,0.932884052159513,-0.0630397639015505,0.6730194,1.142515,1.3380461,0.47748828
traffic,552,17236,17428,0.932874083515487,0.2988597610987977,0.03764379,0.027449012,0.028872252,0.03622055
traffic,758,14676,15636,0.9328637764554316,0.0980011778460457,0.2647848,1.1967685,1.1869526,0.27460074
traffic,450,14996,15956,0.9328408208205962,0.2850116547022241,0.22890854,0.44356322,0.47506917,0.1974026
traffic,409,15444,17364,0.9328231624467952,0.0691659736187972,0.37568557,0.74502754,0.6434032,0.47730994
traffic,168,15060,16212,0.9327964851962876,-0.0499695635329296,0.092218876,0.11108184,0.16296291,0.0403378
traffic,574,15444,16404,0.932786084277532,0.2673741361134786,0.044983625,0.020932555,0.066135645,0.090186715
traffic,768,14612,17300,0.9327765410487624,0.0200380142088604,0.077593446,0.07304239,0.0608871,0.056336045
traffic,240,16276,16660,0.9327764619844824,0.216021553081922,0.58884454,1.7281585,1.348814,0.968189
traffic,824,14484,16596,0.9327639139519264,0.1907922522073994,0.34915066,0.5830729,0.088193655,0.8440299
traffic,328,14740,16660,0.9327563864148324,0.2698731742015468,0.6935413,1.84167,1.1539292,1.3812821
traffic,325,15316,15508,0.9327489583261892,0.2011377892017754,0.19295311,0.22225785,0.058398724,0.35681224
traffic,626,15124,16468,0.9327316868905507,0.1891298896241433,0.13107324,0.22495985,0.1752119,0.18082118
traffic,87,15956,17300,0.9326893615177404,0.0911852911731242,0.08016729,0.11414266,0.28517246,0.09086251
traffic,651,15444,16788,0.9326173876582978,0.25927409420068,0.10776198,0.2667886,0.20662904,0.36565566
traffic,140,16020,17364,0.9326065334438848,0.088412275547643,0.103376865,0.010223389,0.122959614,0.00935936
traffic,555,15572,16916,0.9326026190742972,0.260179595364684,0.03689468,0.4268062,0.1604768,0.3032241
traffic,400,15700,17044,0.9326016272323668,-0.3145116462699236,0.5067129,0.97746277,0.63325906,0.8509166
traffic,278,15252,17364,0.9326007812701876,0.0113216501219917,0.49258995,1.0833358,0.7722677,0.803658
traffic,490,14612,16148,0.9326007245408768,0.1565883797579053,0.36815953,0.25245643,0.2697847,0.35083127
traffic,627,15508,16852,0.9325845645745215,0.2457640385177727,0.2432723,0.3403952,0.2393508,0.34431672
traffic,776,14420,15188,0.9324993233676864,0.2888908899717813,0.27536702,0.5894482,0.5229435,0.34187174
traffic,682,15700,17044,0.9324964741690271,0.2841500240310126,0.022362232,0.34742212,0.17176783,0.15329206
traffic,518,15828,16596,0.9324644182267048,0.2059871828348908,0.26580024,0.38484788,0.0068893433,0.65753746
traffic,460,14420,16724,0.9324411318399356,0.2695553951511652,0.338933,0.030711174,0.28187418,0.026347637
traffic,95,14164,16660,0.9324180421149012,0.222927618382157,0.33836293,0.1578443,0.25323272,0.24297452
traffic,159,15252,16980,0.9323985236696972,0.1681161919693129,0.34952784,0.29889727,0.34060168,0.30782342
traffic,350,14484,15636,0.9323916248734534,0.2968774057386443,0.6453836,0.8217528,1.0849642,0.38217223
traffic,520,14932,16084,0.9323877751875356,0.2911200733412125,0.012893915,0.33361506,0.27616262,0.070346355
traffic,161,15956,16148,0.9323513153600772,0.1689180982023314,0.36107373,0.46702504,0.40264392,0.42545485
traffic,123,15700,17044,0.9323280422907608,0.2431323297264308,0.21460807,0.10159087,0.12667108,0.44287002
traffic,469,14484,15828,0.932324969036116,0.1179306269521813,0.04125142,0.12850142,0.05518031,0.032069683
traffic,738,14164,16852,0.9322585264803231,0.1333602081687502,0.14822578,0.20167828,0.023557663,0.029894829
traffic,738,15316,16468,0.932252466873886,0.2548851905516747,0.56430936,0.7686608,0.7219827,0.6109874
traffic,179,16660,17236,0.9322514279004964,0.2691134044966339,0.0686481,0.5201695,0.3333807,0.2554369
traffic,836,15956,16724,0.932249897655631,-0.0805687220688365,0.20680094,0.32936335,0.05072689,0.1732893
traffic,238,14996,16916,0.9322482920003664,0.268838434279975,1.1043911,1.1350654,1.468546,0.7709105
traffic,58,15828,16980,0.932224058277445,-0.0729268657523297,0.5033498,0.51155126,0.3899411,0.62495995
traffic,224,14676,15060,0.9321740529188528,0.2477089601688447,0.73897266,0.5329354,0.65858173,0.6133263
traffic,234,15636,16596,0.9321699145401942,0.2875085969744637,0.046335936,0.3036027,0.2564497,0.51371646
traffic,23,14420,16916,0.9321553624269632,0.2237534142432532,0.13908136,0.40536427,0.15076375,0.39368188
traffic,491,14420,17108,0.9321097234513842,0.282626679151102,0.20832741,0.20041573,0.050819874,0.04290819
traffic,67,14676,15636,0.932108174403941,0.2935924198413324,0.28287148,1.3601449,1.1222589,0.52075744
traffic,165,14228,14420,0.932104249410822,0.2662972718785658,0.09818208,0.014971852,0.008304238,0.104849696
traffic,741,15572,17300,0.93210232394128,0.2333078186967,0.058166742,0.25340414,0.16682434,0.14474654
traffic,603,14228,14996,0.9320939873906794,0.2116677564959568,0.18603706,0.3319342,0.46121168,0.056759596
traffic,272,14164,16660,0.932078983952571,0.2412749107542157,0.15665102,0.33514166,0.39571214,0.09608054
traffic,179,14676,16404,0.9320785404020138,0.2286581131426581,0.027265549,0.21238828,0.12957478,0.055547953
traffic,258,14356,15124,0.9320736203870408,0.2260093005659095,0.012646675,0.11493158,0.22740316,0.099824905
traffic,626,15508,17236,0.9320718593862152,0.1960364369161742,0.023627996,0.44115186,0.119617224,0.34516263
traffic,393,14996,16340,0.9320636149010566,0.1534416017845449,0.055804014,0.18420577,0.11516571,0.124844074
traffic,306,14100,17364,0.932050312156224,0.2245019085767545,0.67320293,1.8720372,1.2105749,1.3346653
traffic,600,14996,16724,0.932048009052288,0.2981213216820573,0.15370369,0.016582966,0.026612043,0.1968987
traffic,533,15764,16340,0.9320240825621742,0.2263655864317949,1.0434167,1.7068076,1.0409389,1.7092855
traffic,422,14292,16788,0.932015527482985,0.2384765943917774,0.43462682,0.1663394,0.45573664,0.14522958
traffic,637,14676,15060,0.9320017299787008,0.1241974452745115,1.4766754,1.0345325,1.6432217,0.8679862
traffic,747,14484,15828,0.9319963633419815,0.1821449790167491,0.1522162,0.13799167,0.17217183,0.11803603
traffic,685,14676,15636,0.931928433097556,0.175834462966249,0.50403214,1.0292857,1.237172,0.2961458
traffic,374,15252,17364,0.9319147455695704,0.1036946646659375,0.54144084,1.2992787,0.9610728,0.8796468
traffic,639,14676,15636,0.9318811590168182,0.1620142904706459,0.3834126,0.3689885,0.13178086,0.11735678
traffic,839,14932,15700,0.931877463030248,0.1452175823888178,0.1847508,0.3142829,0.3184359,0.18059778
traffic,380,14292,15828,0.9318773675521568,0.2782950206524519,0.3149252,0.6286571,0.65541625,0.28816605
traffic,342,14100,14676,0.9318438993536547,0.1557431787472732,0.56731,1.6357294,1.1636193,1.0394201
traffic,586,14036,16724,0.9318376235139176,0.2743841111332337,0.60750806,0.808506,0.87152755,0.5444865
traffic,437,14228,16724,0.9318287864078468,-0.0677814925070863,0.32842934,0.95398974,0.22017908,0.40538132
traffic,600,14164,16276,0.9318233851664548,0.297739184485838,0.08429408,0.39167905,0.2598009,0.047584057
traffic,456,14100,16788,0.9318156793886776,0.1821395537478436,0.15407753,0.11535239,0.2993052,0.26058006
traffic,508,14996,15380,0.9317987264767624,-0.0950578940381267,0.2934053,0.46939492,0.23299646,0.52980375
traffic,406,14804,17300,0.9317957881411428,0.2638589375827267,0.08733988,0.009842634,0.36080933,0.28331208
traffic,741,14612,17108,0.9317932193515978,0.2763143882399888,0.14029527,0.22361183,0.15218925,0.21171784
traffic,243,15124,15316,0.931761414784577,0.2080468707987128,0.15085387,0.5433667,0.5694709,0.12474966
traffic,295,14100,16212,0.9317473397024572,0.1268190896148133,0.24113965,0.61304426,0.648726,0.20545793
traffic,437,14484,16596,0.931740038495399,-0.1285418629946865,0.7373483,0.8238102,0.7207408,0.84041774
traffic,810,15380,16724,0.931733302429132,-0.0534794935886805,0.18434393,0.38219845,0.0017435551,0.19611096
traffic,600,16468,16660,0.9317174474162347,0.2281309980425132,0.27182984,0.32562304,0.3228836,0.27456927
traffic,564,15700,17044,0.9316780783532644,0.0738089865287323,0.17535734,0.62735426,0.10615587,0.34584105
traffic,468,15252,16788,0.9316585208188494,0.2980611167597974,0.3294865,0.40022838,0.5510011,0.1787138
traffic,101,15892,16660,0.9316512241790283,0.1677735048246619,0.19150496,0.075853825,0.29051638,0.023157597
traffic,635,14996,16340,0.9316317200869336,0.1126638219106088,0.13726783,0.36494017,0.2199049,0.2823031
traffic,481,15636,16788,0.9315943284303662,0.238531198207111,0.28489947,0.54104125,0.33527803,0.4906627
traffic,149,16660,17428,0.9315808062028098,0.2882170627774252,1.2038481,1.2868426,1.9209297,0.56976104
traffic,339,15508,16852,0.9315693412480957,0.2830192378081726,0.19861364,0.17071438,0.059219837,0.0871191
traffic,203,14164,16852,0.931552350680002,0.0486060296194505,0.07513356,0.20009637,0.011250496,0.11371231
traffic,635,14356,17044,0.9315451868646396,0.2180650947464369,0.32294178,0.3945918,0.029590368,0.1012404
traffic,380,14676,15060,0.9315361627743708,0.2618105272888975,0.55851936,1.0854824,1.2625237,0.38147807
traffic,339,15892,16660,0.9315267890640052,0.2492479338174803,0.6534023,1.7506781,1.2148163,1.189264
traffic,850,14740,16084,0.9315090982795348,0.2854519814291671,0.43026793,0.05710268,0.8228352,0.3354646
traffic,121,15828,17172,0.931504981537169,0.1800067436207618,0.018707275,0.34179807,0.2618487,0.061242104
traffic,845,15508,16852,0.9314651245449586,0.1866353798337335,0.15667939,0.2820189,0.14001584,0.26535535
traffic,377,15828,17172,0.9314604486985948,0.26972940715848,0.31519437,0.26999545,0.04573536,0.0005364418
traffic,17,14484,15828,0.9314311370260092,0.2835299344393996,0.4263935,0.4768567,0.39002585,0.51322436
traffic,30,14100,17364,0.9313529470047628,0.2279100965676144,0.5033393,1.6230696,1.186179,0.9402299
traffic,317,14612,17300,0.9313331817966096,0.1145530171151606,0.33998084,0.25582075,0.5157671,0.080034494
traffic,432,15444,16788,0.9313330846652376,0.1509965419902673,0.42608744,0.33908737,0.4861669,0.2790079
traffic,518,16276,16660,0.9313264253240168,0.2838095324272388,0.5788907,1.7758229,1.3372248,1.0174887
traffic,848,14612,16916,0.9313078702645612,0.0522579462557659,0.34178948,0.17652857,0.5762712,0.05795312
traffic,242,14420,14996,0.9312959787821162,0.2336461574134943,0.55072975,0.9548032,0.8590591,0.6464739
traffic,361,14292,16788,0.9312675377113332,0.1679592993371717,0.46533608,0.5313475,0.2805531,0.7161305
traffic,469,15636,16980,0.9312505207561812,0.1709334734640697,0.36892033,0.29776287,0.35088873,0.31579447
traffic,340,14484,15252,0.9312090250167764,0.2971583165753517,0.5306412,0.36122918,0.28047693,0.61139345
traffic,614,14164,16852,0.9311822396303132,0.182895642026266,0.2564354,0.029970169,0.15424609,0.13215947
traffic,594,14036,16340,0.9311778437881316,0.2994689437641041,1.0373626,1.3869421,0.9312086,1.4930961
traffic,254,14164,16852,0.9311727446991848,0.2853360023596345,0.13071561,0.22359109,0.05455208,0.14742756
traffic,196,14292,14484,0.9311666826355957,0.1627160224258589,0.30237603,0.7194948,0.6553962,0.36647463
traffic,437,14420,16916,0.9311603682348272,0.1548027943482985,0.14604056,1.2151297,0.7514199,0.6097504
traffic,546,15572,17108,0.9311586042907914,0.1600920701821896,0.3879913,0.002749443,0.14400756,0.24673319
traffic,388,14356,15124,0.9311192270039887,0.2938412503165779,0.05713153,0.01587224,0.11978078,0.19278455
traffic,358,16020,17364,0.9311053873115211,0.243992757752914,0.10438371,0.06713796,0.10539889,0.06612277
traffic,377,15764,16724,0.9310924692995244,0.2841850630099675,0.09718847,0.09242046,0.16965425,0.17442226
traffic,679,14036,16532,0.9310898531547518,0.2452695116145815,0.24080849,0.005692482,0.2408905,0.005774498
traffic,194,14100,17364,0.9310891296384144,0.0612310878487724,0.67592263,1.1088562,0.7420492,1.0427296
traffic,370,15060,16788,0.9310712049766372,0.1911114806517048,0.46725953,0.31397986,0.45458138,0.326658
traffic,258,14612,15188,0.9310272277045184,0.2971104499301882,0.14738631,0.46870327,0.5290885,0.087001085
traffic,772,14036,16724,0.9310072283848854,0.1905992789698385,0.11308217,0.52283204,0.060700536,0.34904933
traffic,706,16276,17236,0.9309904740365644,0.2466930740705196,0.31871092,0.1260103,0.11528027,0.32944095
traffic,79,14164,14356,0.9309656472259772,0.206678675172951,0.11587,0.045434713,0.016828299,0.087263584
traffic,713,14612,14804,0.9309341011831204,0.2862601080106272,0.19649911,0.03594017,0.06598687,0.09457207
traffic,10,15444,16212,0.9309166526725589,0.212287579396257,0.0934602,0.17368102,0.17457569,0.09256554
traffic,678,14804,17300,0.9309044671126064,0.2533027110221365,0.16761851,0.53539085,0.2617712,0.44123816
traffic,608,14676,15444,0.9309001367038312,0.0852478922267497,1.4860711,1.0982738,1.7203811,0.8639638
traffic,589,14100,16788,0.9308980653422556,0.2836582172425604,0.5142826,0.28846824,0.6548269,0.14792395
traffic,842,16084,16468,0.9308946878496988,0.1864247931507766,0.053435802,0.095896006,0.073997736,0.22332954
traffic,468,16084,16660,0.9308570678467992,0.2035894767221152,0.88066995,1.6714976,1.0585753,1.4935923
traffic,440,14612,16532,0.93085568918353,0.294649610902035,0.1868918,0.09947705,0.23130679,0.055062056
traffic,269,14996,15572,0.9308521399532635,0.1225752171313835,0.9978161,0.88952756,1.1065722,0.7807715
traffic,479,14292,14676,0.9308297699712738,0.0153614174073392,0.15337765,0.94632494,1.13306,0.03335738
traffic,54,14356,17044,0.93079523588607,0.0929974731436331,0.22207189,0.06842232,0.21898246,0.06533289
traffic,687,14484,15828,0.9307568914717304,0.2396983806188776,0.22493792,0.3443935,0.33795762,0.23137379
traffic,741,16212,16596,0.930748194269615,0.1228055875099309,0.19031739,0.17846406,0.2702402,0.09854126
traffic,345,14612,14804,0.930713244262523,0.0128093070919579,0.033560514,0.16749287,0.14559007,0.055463314
traffic,317,15508,16852,0.9306922213397734,0.2953888559667227,0.13354611,0.04038024,0.17741632,0.08425045
traffic,661,14676,16980,0.93068995698599,0.053000331913777,0.19864559,0.91104066,0.33042526,0.3819698
traffic,153,15700,17044,0.9306888222661454,0.1409769821033211,0.46790242,0.7333537,0.45394468,0.7473114
traffic,95,15252,17364,0.930673676845314,0.0623615668043125,0.4995345,1.4924634,1.0660769,0.92592096
traffic,515,14676,16404,0.9306579472371688,0.1765027415073056,0.56467843,0.47309804,0.5268171,0.5109594
traffic,310,15124,16084,0.930657527178126,0.2273301532625763,0.037740827,0.36287653,0.21684349,0.10829222
traffic,37,14676,16788,0.9306488797680836,-0.001395018952862,0.009180546,0.4984944,0.22841358,0.27926135
traffic,514,14164,16852,0.930563463340338,0.1964293011897559,0.101079226,0.2158432,0.05425811,0.26266432
traffic,385,15316,17236,0.9305485900443178,0.1176392781871144,0.294801,0.58854556,0.38738847,0.4959581
traffic,138,16852,17236,0.9305028648722296,0.243014893367944,0.41488028,0.95455444,0.980438,0.38899672
traffic,132,14996,16340,0.9304902767936122,0.2898011195610381,0.047376633,0.10997653,0.1520524,0.0053007603
traffic,53,14228,16916,0.9304564878929124,0.122463243292234,0.42699552,0.19565606,0.29882026,0.0674808
traffic,641,16660,17428,0.9304511964232998,0.1218932502694575,0.4845872,0.6518842,0.84702396,0.28944743
traffic,224,14804,16148,0.9304076750245628,0.0752534842835458,0.042910576,0.361969,0.3759911,0.028888464
traffic,269,14612,14804,0.9304033458851616,0.2720167394284799,0.19838405,0.2689793,0.35965395,0.10770941
traffic,200,15252,17364,0.9303495564858816,0.2189755065601266,0.6824037,1.6601366,1.0301898,1.3123505
traffic,263,15508,16852,0.9303195352212656,0.0766176021939958,0.25199437,0.5944376,0.1115222,0.7349098
traffic,681,15828,16788,0.9302968453939936,0.2671788682673556,0.34781122,0.29196906,0.07811952,0.56166077
traffic,707,15444,17364,0.9302843742871648,0.2201768011521893,0.7345204,1.7816825,1.2158461,1.3003569
traffic,417,14100,17364,0.9302820605675108,0.1688309220143487,0.3264153,0.7457328,0.69465804,0.37749004
traffic,101,14100,15444,0.9302790546311184,0.1790421414721937,0.0071644783,0.020999908,0.0085635185,0.019600868
traffic,346,14932,15892,0.930245716505555,0.2844073104244785,0.06328642,0.036500216,0.07729411,0.022492528
traffic,234,14484,17172,0.930211720663064,0.2503959423025645,0.39660358,0.08820844,0.40370202,0.08111
traffic,532,14228,16724,0.9301475028804004,0.2002986171528781,0.15044737,0.4116099,0.17182255,0.3902347
traffic,757,15316,16468,0.9300850504504148,0.2601244521569205,0.82376707,0.7039678,0.87771726,0.6500176
traffic,2,16276,17428,0.9300822192189192,-0.0197487683247617,0.13461637,0.048653364,0.23019624,0.0469265
traffic,189,14100,16788,0.9300626554756686,0.0724809596423547,0.34676743,0.2002697,0.48214984,0.064887285
traffic,391,14612,16148,0.9300383275811388,0.180756903054011,0.059244633,0.099467754,0.105101585,0.0536108
traffic,554,15252,16212,0.9300175023265772,0.2615315750238146,0.47744405,0.3886292,0.3782345,0.48783875
traffic,11,14676,16980,0.9300043826848272,0.2723417207580216,0.37956595,0.06252742,0.34263968,0.09945369
traffic,463,14164,16660,0.929990749775271,0.2696673840385552,0.48953652,0.47242188,0.6041641,0.35779428
traffic,155,16660,17236,0.9299767472936876,0.0374280095210397,0.03803897,0.62912965,0.25667262,0.33441806
traffic,87,14484,16980,0.929958782025803,0.1200712814131071,0.20158672,0.16743541,0.11455107,0.08039975
traffic,5,14100,14676,0.9299559395468044,0.1376327242635305,0.6860944,1.6217564,1.1992645,1.1085863
traffic,362,14676,15828,0.9299486999888174,0.0220700874224674,0.32152677,0.20498562,0.1986494,0.32786298
traffic,421,16980,17172,0.9299351041128004,0.2395928506728854,0.6471484,0.8193264,0.6522398,0.814235
traffic,285,14676,17172,0.9299264472239938,0.203172311584078,0.30158734,0.089502096,0.23608685,0.1550026
traffic,310,15828,16980,0.9299032854861108,0.2378419529436268,0.40015483,0.0051248074,0.22960138,0.16542864
traffic,518,15124,15316,0.9298907726598956,0.2796085974488921,0.35631108,0.649282,0.5943372,0.41125584
traffic,61,14484,17172,0.9298783019122854,0.2685530136169561,0.5501895,0.24205637,0.43317127,0.3590746
traffic,804,15444,15636,0.9298756420418705,0.0775351429346899,0.33910143,0.24736905,0.37526047,0.21121001
traffic,404,14100,17364,0.929866606062668,0.2554648038829369,0.6499268,1.51334,1.1653851,0.99788165
traffic,428,15252,16404,0.9298547849827766,0.2134387043105662,0.11126709,0.1935606,0.4114864,0.1066587
traffic,340,14612,14996,0.9298460631755928,0.2237802402813342,0.36114335,0.40363145,0.46643472,0.29834008
traffic,748,14292,15444,0.9298439468403772,0.2662479840022568,0.2502551,0.25303864,0.16795945,0.17074299
traffic,444,15252,17364,0.9297864330972712,0.2852697297622097,0.781392,0.83678484,0.71433127,0.90384555
traffic,170,15828,16980,0.9297626592287256,0.1628461356423248,0.084214926,0.315799,0.16367793,0.06790614
traffic,582,15956,16340,0.9297348952509054,0.2593790016747114,0.6621989,1.0865889,0.8066708,0.942117
traffic,364,14292,16788,0.9297046937345428,0.2580708545482619,0.6926565,0.6544986,0.6473751,0.69978
traffic,696,14484,17172,0.929690383971818,0.2624900160339119,0.5698266,0.1998539,0.4402113,0.3294692
traffic,657,14484,17172,0.9296801238371536,0.1560317173786303,0.026934862,0.066221714,0.015734196,0.055021048
traffic,54,14100,14676,0.9296784203966032,0.1952247813905189,0.670714,0.8415736,0.7949438,0.7173438
traffic,407,14420,17108,0.9296502407365844,0.2363813603622498,0.23757613,0.04436469,0.47366714,0.2804557
traffic,717,14228,16916,0.929642386541781,0.1829464919329778,0.25524092,0.7337107,0.17150342,0.30696636
traffic,299,15508,16852,0.9296256415971024,0.2879665962315303,0.038992643,0.16906238,0.11088276,0.09717226
traffic,613,14676,17364,0.9296157468611642,0.2658119291454648,0.09140992,0.17363787,0.079158306,0.18588948
traffic,229,15764,15956,0.929606458910126,0.2149932441119933,0.41162777,0.6353346,0.68370533,0.36325705
traffic,648,14164,14548,0.9295516683803288,0.2995710485176904,0.07300663,0.2986822,0.0617795,0.16389608
traffic,356,14164,16852,0.9295420649471018,0.2138155842778526,0.0045802593,0.10430908,0.039264917,0.060463905
traffic,119,14036,16724,0.9295420259619884,0.0800126509528309,0.2536825,0.27214253,0.06788981,0.086349845
traffic,43,15124,16468,0.9295415765328334,0.2745366447382337,0.33434844,0.0054929256,0.13889194,0.18996358
traffic,222,15508,16852,0.9295225054603596,0.2879679716658423,0.048956394,0.03917098,0.037591934,0.12571931
traffic,215,14164,14548,0.9295114511292096,0.2749401121317525,0.21970654,0.38446712,0.36843824,0.23573542
traffic,521,14612,14996,0.9295094674616708,0.2245720801875065,0.3028443,0.27560043,0.3511896,0.2272551
traffic,301,14996,15956,0.9295072206238718,0.2851218428413792,0.71959686,0.8590276,0.97831154,0.60031295
traffic,178,14100,15252,0.929506450730764,-0.0645011528672911,0.031294465,0.21609926,0.034679174,0.15012562
traffic,551,14228,17108,0.929498300209171,0.250853463009029,0.036928892,0.12404382,0.21496284,0.30207777
traffic,485,14484,16788,0.929477926371573,0.1283846303243104,0.37823343,0.7280406,0.19090724,0.91536677
traffic,167,14292,16788,0.929473710369606,0.2148676247742745,0.008139133,0.25568867,0.055294275,0.3028438
traffic,213,14612,16916,0.9294448378135356,0.2570351494028385,0.15269327,0.40743482,0.06392074,0.19082081
traffic,306,15956,16340,0.9294339347788576,0.265448129788383,0.9559612,1.631623,0.9526477,1.6349366
traffic,787,14292,16404,0.929415394419095,0.2516695901824951,0.24755931,0.56373394,0.3101995,0.50109375
traffic,30,14676,15444,0.9294116263368823,0.2764517032806525,0.5897143,1.0293567,1.2403187,0.37875235
traffic,573,15060,16212,0.9294081875467156,0.0305413395770813,0.024961233,0.22458684,0.23011732,0.019430757
traffic,750,15828,16596,0.9294030617504574,0.2666026059843072,0.03467846,0.18628955,0.12913752,0.2807486
traffic,851,14164,16852,0.9293677134619622,0.2400404334168536,0.15198898,0.0006289482,0.071541786,0.07981825
traffic,538,14100,16788,0.929338176562411,0.2095033994171606,0.058324456,0.1563015,0.18946564,0.28744268
traffic,747,14996,15572,0.9293044957207788,0.2761707546985662,0.23332548,0.3968494,0.25679827,0.3733766
traffic,651,14356,17044,0.9293011943059728,0.1514030524480938,0.21434164,0.5724549,0.14399481,0.64280176
traffic,545,15892,17364,0.9292568108219296,0.0379415118980535,0.27492428,0.729486,1.0717919,0.06738162
traffic,544,15764,15956,0.9292473399048976,0.2668126396422968,0.05542457,0.099770665,0.12021685,0.03497839
traffic,744,14164,17044,0.9292389128537656,0.2905371806564391,0.15172052,0.37398243,0.2392683,0.017006397
traffic,121,15572,16916,0.9292343236925872,0.2658889771386115,0.031438828,0.18267149,0.1303693,0.28160197
traffic,744,15316,16660,0.9291925712406036,0.0933511799719611,0.24495482,0.25059938,0.207237,0.2883172
traffic,626,14036,16724,0.9290817639492626,0.2266531134837053,0.090320826,0.006553173,0.116910696,0.033143044
traffic,810,16660,16852,0.9290687226200202,0.1070745882004055,0.1048038,0.24436331,0.2716992,0.13213968
traffic,417,14164,16660,0.929061870256474,0.0411415439557278,0.22916889,0.3386426,0.4254291,0.14238238
traffic,597,15444,16212,0.9290556793508092,0.1219846128831906,0.4620492,0.4575417,0.4592632,0.46032768
traffic,596,14164,15124,0.9290536528549624,0.2764131493238864,0.115654945,0.24539661,0.11201811,0.24903345
traffic,95,16852,17236,0.9290457033459074,0.275214120550822,0.597497,0.84854853,1.112401,0.3336445
traffic,685,14484,16596,0.9290199321150194,0.2767982886137556,0.27168024,0.17442131,0.038520813,0.48462236
traffic,65,16788,17172,0.9290145043758842,0.2782463602417451,0.4486127,0.43403673,0.40318012,0.4794693
traffic,407,15572,16916,0.9290089630351328,0.2426623509880363,0.14935112,0.55591226,0.10037851,0.60488486
traffic,726,14164,17428,0.9290071867453812,0.2336227495472509,0.080709934,0.23700762,0.05403161,0.2103293
traffic,545,16660,17428,0.9289838439721148,0.237370058271616,0.22595,1.2152313,1.0037491,0.43743217
traffic,696,14164,16852,0.9289694277272044,0.2844568406049697,0.21667218,0.030875444,0.24054146,0.05474472
traffic,324,14228,16724,0.9289144094177676,0.1721161044248091,0.29904318,0.58588684,0.11308026,0.1737634
traffic,789,15700,17044,0.928879285456936,0.2840908905047629,0.07322526,0.41942668,0.047501326,0.2987001
traffic,110,14676,16788,0.9288726012503924,-0.0721633208411324,0.08942938,0.39058042,0.13467169,0.16647935
traffic,23,14676,17172,0.9288090417948524,0.2012729894915009,0.30547738,0.4311509,0.1356759,0.010002375
traffic,210,15764,16916,0.92880379162071,0.2530034046701255,0.05634296,0.08678919,0.35197598,0.20884383
traffic,175,14612,17108,0.928787384950404,0.2377134331764025,0.4880165,0.56739175,0.52836835,0.5270399
traffic,654,14228,16724,0.9287517000139732,0.2839785730437938,0.42305624,0.48776788,0.086539865,0.1512515
traffic,31,14548,17364,0.928709415832322,-0.096440895283921,0.55536973,0.47665787,1.412124,0.38009644
traffic,540,15508,16852,0.9286748641263196,0.2581787994632373,0.1906116,0.00053834915,0.18730879,0.37738204
traffic,325,14100,15636,0.9286277384751356,0.1335577226817371,0.21013498,0.049914956,0.083200336,0.1768496
traffic,464,14484,17172,0.9286124118270508,0.2636562337614506,0.39086127,0.07343531,0.25285506,0.064570904
traffic,47,14100,16788,0.9286112436922358,0.1444851193440356,0.00466156,0.37599993,0.03916216,0.41982365
traffic,688,14612,16724,0.9285699792839084,0.118070730633767,0.08984625,0.8220835,0.2975012,0.434736
traffic,317,17172,17364,0.9284925848598018,0.158525031611136,0.24290776,0.061454535,0.28351927,0.4649725
traffic,97,14612,16340,0.9284895086478492,0.2168616204927733,1.2218007,2.491882,1.0262064,2.6874764
traffic,812,15828,16788,0.9284861046540412,0.148377019615421,0.35132694,0.47107506,0.35587263,0.46652937
traffic,636,14676,16596,0.928403001822706,0.2791991892927501,0.020552635,0.11530995,0.025978804,0.16184139
traffic,696,15956,16916,0.9283710222110934,0.2238986880009283,0.27126193,0.37685323,0.06804848,0.17363977
traffic,270,14100,16404,0.928354199628574,0.0636061270270942,0.006851077,0.3831011,0.18692124,0.5768734
traffic,779,14292,14676,0.9283329179004016,0.1939087460197453,0.23695493,0.28333402,0.57037354,0.05008459
traffic,287,14292,16788,0.9283324554485284,-0.010537775787516,0.1590445,0.4673121,0.30421638,0.612484
traffic,778,14164,16660,0.9283194982191292,-0.0044534002910782,0.21478629,0.11682153,0.2959826,0.03562522
traffic,218,14484,16596,0.9282847253715848,0.1771998551672238,0.10995793,0.31570864,0.109060526,0.5347271
traffic,112,14676,17172,0.9282311135538966,0.2712888976436031,0.54110265,0.20390439,0.077037334,0.26016092
traffic,446,14292,15252,0.9282141523590164,0.1362944429374306,0.1352154,0.3933624,0.5901921,0.061614275
traffic,48,14484,16980,0.9282013755677978,0.2489858196793156,0.17892623,0.14094019,0.2817986,0.038067818
traffic,235,14036,16532,0.9281897023676366,0.1350871562924853,0.4919629,0.54580784,0.7275195,0.31025124
traffic,409,16660,17236,0.9281724473745612,0.2019719773463364,0.80704904,1.0390525,1.3021772,0.54392433
traffic,793,15060,16404,0.9281724298572048,0.2508620187116818,0.37344855,0.32141662,0.40501708,0.2898481
traffic,747,15252,15636,0.9281718705749924,0.2392093629413057,0.15862036,0.05315733,0.034231186,0.07123184
traffic,328,16788,17364,0.9281477239771662,0.0959357500973309,0.5888357,0.77443504,0.7453606,0.61791015
traffic,600,16084,17428,0.9281452460323654,0.2633084012696416,0.16115165,0.018859625,0.23361874,0.053607464
traffic,247,14420,16916,0.9281237531500088,0.2924620169272083,0.13966918,0.14828444,0.21916938,0.507123
traffic,334,15252,15444,0.9280996677001794,-0.0617623832856194,0.042755365,0.0015383959,0.013469696,0.030824065
traffic,771,14292,14484,0.9280520461883284,0.131614250637377,0.15235615,0.18591952,0.24697495,0.091300726
traffic,18,14740,15508,0.9280373263730778,0.1434463856435252,0.40032315,0.47114134,0.38710523,0.48435926
traffic,327,16468,17236,0.9280197365125754,0.0734274188446303,0.51229596,0.3558998,0.29198098,0.5762148
traffic,93,15828,16596,0.9280157406848784,0.1563023551278641,0.45489573,0.54136884,0.053692818,0.94257176
traffic,232,14292,14676,0.927949774806354,0.1517736492757042,0.4053297,0.27733636,0.89850354,0.21583748
traffic,672,14036,16724,0.9278968510341832,0.2723069532317059,0.5313349,0.03610325,0.40271783,0.1647203
traffic,119,14484,14676,0.927894672171836,0.2902519079660685,0.25762796,0.37452173,0.04229021,0.6744399
traffic,82,14100,16788,0.9278715995215698,0.2864586566456275,0.3015113,0.016403437,0.3442632,0.026348472
traffic,121,14292,16788,0.9278477275102672,0.1696830621770969,0.5457909,0.56243324,0.27596235,0.8322618
traffic,355,14740,16084,0.9278369403638488,0.2133791903848066,0.037256718,0.098861694,0.071474314,0.009869337
traffic,792,15252,16788,0.9278253360883336,0.2877316430610345,0.15434062,0.036165595,0.17524242,0.015263796
traffic,135,15508,16852,0.9277651240681134,0.2385030878651498,0.04343605,0.19452524,0.121623516,0.029465675
traffic,249,15444,16788,0.9277505228211672,0.2162920456388031,0.1398418,0.1251545,0.1913811,0.07361519
traffic,600,16212,17364,0.9277451494853703,0.0737561542916628,0.38929224,0.47233343,0.5683398,0.29328585
traffic,354,14484,15828,0.927735743942424,0.2015674343576607,0.6189263,0.43251753,0.4585898,0.592854
traffic,326,15636,15828,0.9277234516434164,0.1984319521722751,0.39642525,0.27724576,0.33059478,0.34307623
traffic,44,15636,17172,0.9277096806355082,0.28619102902827,0.22970915,0.24523473,0.32171535,0.15322852
traffic,448,16660,17236,0.9276848724319676,0.2303656792770182,0.97957885,1.204953,1.6426313,0.54190046
traffic,706,14612,17108,0.9276328367099388,0.2167851438455763,0.30656433,0.33091974,0.19944108,0.438043
traffic,30,14740,16852,0.9276295337525888,0.1149090062540126,0.5938436,0.7261082,0.57744,0.74251175
traffic,404,16660,17236,0.9276145413025456,0.2818288985277725,1.0566337,1.3579004,1.8829212,0.5316129
traffic,176,15828,17364,0.9276140983166556,0.2605181044192386,0.080022335,0.2218287,0.31867576,0.016824722
traffic,101,14484,15252,0.9276137545267782,0.2068099685976771,0.13685608,0.44169962,0.3406849,0.23787081
traffic,587,14676,16212,0.927609730284422,0.2710372702513549,0.32268167,0.54679894,0.56638336,0.30309725
traffic,107,16276,17428,0.9276003378714128,0.2742715191939137,0.05483687,0.045263886,0.40009058,0.29998982
traffic,196,14100,16404,0.9275977425485618,0.1955855665895478,0.07823467,0.1928587,0.28742242,0.40204644
traffic,643,14292,16980,0.9275926688727014,0.2260582608382159,0.0102033615,0.16481423,0.17454052,0.00047707558
traffic,356,14676,16788,0.92755888967276,0.0581838149430547,0.078282595,0.31581473,0.1798315,0.057700634
traffic,141,14164,14548,0.927551600425126,0.2104164537150296,0.31862092,0.6809119,0.60370135,0.39583147
traffic,17,15636,16980,0.9275496311620568,0.2608357038583441,0.4270358,0.057845116,0.30382514,0.06536555
traffic,705,15124,16276,0.927518470361138,0.2375609342321627,0.08990502,0.6062355,0.32619965,0.36994088
traffic,619,14932,17236,0.927506720547086,0.0579442860805091,0.28037047,0.5175098,0.24604356,0.008904219
traffic,321,15252,16404,0.9275045255907192,0.2014536595918354,0.26688087,0.1285696,0.17367196,0.22177851
traffic,621,15124,16084,0.9275030516680128,0.1831367295850484,0.09457207,0.27010632,0.13007951,0.04545474
traffic,852,14676,15636,0.927487253037143,0.1858544468762801,0.27535868,0.51271343,0.55640364,0.23166847
traffic,602,16788,17364,0.927481255384272,0.2421823662757971,0.87359226,1.2240524,0.7675189,1.3301258
traffic,8,14164,14740,0.9274753740231306,0.0637598798506257,0.49331498,0.49771166,0.57464314,0.4163835
traffic,687,14164,16852,0.9274497648210748,0.1704305372464114,0.21871066,0.22542548,0.06928301,0.06256819
traffic,397,14548,17236,0.9274382306511084,0.2894736263583494,0.30182862,0.7329446,0.031130075,0.3999859
traffic,15,14932,15316,0.9274214298467292,0.2770244293646402,0.59131193,0.9920745,1.0911288,0.4922576
traffic,783,14164,16852,0.927402260667391,0.1867516608374577,0.031050682,0.38177276,0.07980156,0.33302188
traffic,504,15828,16596,0.9273373385879202,0.2980303041646808,0.068917274,0.2551937,0.058545828,0.12773061
traffic,108,14292,15444,0.9273361305631632,0.1542555815142541,0.025814533,0.20447612,0.011650801,0.19031239
traffic,845,15444,16212,0.9272886455353418,0.1600852328358527,0.16426373,0.16910625,0.18040645,0.15296352
traffic,76,16660,17428,0.9272796250468144,0.2694798476910219,1.2529228,1.332653,2.0547187,0.5308571
traffic,523,16340,17108,0.9272593803396126,-0.0857743864616704,1.1850493,0.8607383,1.2638254,0.78196216
traffic,781,15060,16788,0.9272448520570608,0.1046721767793955,0.29261792,0.26390517,0.48366284,0.07286024
traffic,420,14548,16660,0.9271966691715066,0.1994274907695673,0.8063091,1.1629117,0.9827901,0.98643064
traffic,171,15636,15828,0.927196424322048,0.2985077217627484,0.5050237,0.26560187,0.48885632,0.28176928
traffic,667,14100,17364,0.9271930547756168,0.2821756681805988,0.5056472,0.9872043,1.0191338,0.4737177
traffic,397,14228,14420,0.9271814578572224,0.2948115051433591,0.06648946,0.11175978,0.070124626,0.108124614
traffic,339,15444,17364,0.9271464206896716,0.2739321790608351,0.48666787,1.2440354,0.9524051,0.77829814
traffic,817,15572,16724,0.9271151143707744,0.1981035544652278,0.26321352,0.218359,0.0968343,0.05197978
traffic,370,14548,15124,0.9270930961553212,0.2253592494432137,0.04138732,0.12773633,0.14563322,0.023490429
traffic,758,16724,17300,0.9270753270610796,0.2612798876626732,0.07737088,0.09342432,0.1076628,0.09160936
traffic,465,14036,16340,0.9270697609032056,0.2722028633657663,0.68063664,1.1565039,1.0350249,0.8021157
traffic,477,14292,15444,0.9270428263268634,0.1154731403476138,0.05722952,0.2698002,0.051826,0.2752037
traffic,818,16148,17300,0.927021102039875,0.2460786370104527,0.04578805,0.13613701,0.2879393,0.10601425
traffic,0,14164,16852,0.9269985459924802,0.1260875426560472,0.7681129,0.8593168,0.7939007,0.833529
traffic,797,16340,17300,0.9269934871231346,0.2256228461622965,1.7848077,1.2911438,2.2634423,0.8125092
traffic,588,15956,17300,0.926982494881664,0.2155219767960671,0.012724638,0.28166974,0.04322827,0.22571683
traffic,521,16340,17300,0.9269717226140304,0.2503297201717675,0.07382655,0.22291327,0.15251088,0.14422894
traffic,557,15828,17172,0.9269672571700802,0.1482831745545668,0.40881538,0.2279234,0.39400172,0.24273705
traffic,619,14228,16724,0.9269590505131096,0.2809242654182524,0.26813507,0.06236124,0.2956648,0.08989096
traffic,619,17044,17428,0.9269583057464512,0.2454178391732084,0.49285817,0.6454208,0.79909563,0.33918333
traffic,545,15380,17236,0.92695209447385,0.1531974984840244,0.9820318,0.40213263,0.72752845,0.14762926
traffic,284,14292,16788,0.9269432659534556,0.2996255020029167,0.3187847,0.423782,0.24635458,0.49621212
traffic,114,14676,15828,0.9269377253068768,0.2501957536772736,0.56390977,0.34495878,0.047395945,0.26634693
traffic,675,15060,17364,0.9269272795436172,0.2925826624875133,0.3367573,0.5277748,0.5331434,0.3313887
traffic,587,15636,16788,0.9269264248976148,0.2526466081780539,0.2901628,0.30129647,0.40406632,0.18739295
traffic,151,15956,16724,0.9268592174273272,0.1836168481291263,0.25568652,0.19929004,0.001242876,0.45373368
traffic,701,14036,16340,0.92684492358617,0.0556676813056681,1.1000471,2.4730706,1.008317,2.5648007
traffic,628,15444,16788,0.926831352087993,0.1320754337328643,0.17590225,0.13284409,0.17397678,0.13476956
traffic,0,15444,15636,0.9268214807839036,0.0315309259151249,0.6565523,1.4227111,1.0104017,1.0688617
traffic,823,14676,16788,0.9268004772028156,0.2732899156667767,0.1702373,0.3098371,0.22574186,0.25433254
traffic,835,14484,17172,0.9267710586060568,0.2828661415454487,0.118670225,0.026164055,0.11808705,0.025580883
traffic,421,14548,15700,0.9267629202534806,0.1716000291375496,0.07222819,0.024914503,0.06362724,0.016313553
traffic,404,15764,16340,0.9267605389086596,0.2809227330111177,0.9464941,1.9783752,1.1036482,1.8212211
traffic,688,14868,16212,0.9267426568320108,0.2416904049480935,0.22730279,0.19106579,0.19319081,0.22517776
traffic,763,15316,16468,0.9267134352488944,0.2612299911954138,0.335284,0.7072252,0.6038616,0.43864763
traffic,525,14996,15956,0.9267129835632212,0.2792445784201817,1.3179238,0.9245268,1.4027777,0.8396729
traffic,10,14228,17108,0.9267072176588704,0.186240205545363,0.2425654,0.88324666,0.28486544,0.3558158
traffic,7,14228,16340,0.9266941921493066,0.0568342895262684,0.95072865,1.2884688,0.93806815,1.3011293
traffic,275,14100,16404,0.9266628853568856,0.2603521209757806,0.17874062,0.23048937,0.021999598,0.3872304
traffic,168,14036,15188,0.9266497918468076,0.2834283191841961,0.4396758,0.7541435,0.6349385,0.5588808
traffic,526,15956,17108,0.9266432591234898,0.2877555017792553,0.26955628,0.5414915,0.4310465,0.3800013
traffic,205,14676,16980,0.9266336112271611,0.2617280049964181,0.15092301,0.25389957,0.020414352,0.08256221
traffic,221,14292,16788,0.9265889738944856,0.2483294609388988,0.015021324,0.3052206,0.047414303,0.33761358
traffic,252,15764,16340,0.9265625431738644,0.2121585261949623,0.49813104,0.7560408,0.5995238,0.65464807
traffic,436,15508,16852,0.9265410146625048,0.2046278664560972,0.16039109,0.237607,0.054606915,0.34339118
traffic,711,14932,16276,0.9265350252383584,0.2947327073088582,0.3374951,0.22017813,0.26539803,0.2922752
traffic,579,15700,16276,0.926503871497899,0.2273075806144394,0.30258036,0.32999253,0.31942987,0.31314301
traffic,533,15636,16980,0.9264206671642417,0.2598914923539281,0.46435285,0.50354767,0.5950756,0.3728249
traffic,202,14164,16852,0.9263442163568232,0.1872884642505985,0.21184039,0.23408246,0.060352802,0.08259487
traffic,218,14676,17364,0.926312193550388,0.2999651842209953,0.058815718,0.2314713,0.18793082,0.102356195
traffic,542,14164,16852,0.9262876839190306,0.1816575452930063,0.06888294,0.27499986,0.0666244,0.27274132
traffic,518,14612,14996,0.9262718237525416,0.1201456427721826,0.6785656,0.77121806,0.639907,0.8098767
traffic,608,15700,17044,0.9262404394810678,0.1427085292569263,0.069962144,0.63547397,0.32769978,0.37773633
traffic,7,15700,17044,0.9262238519802388,0.2900439196940964,0.049626827,0.5499637,0.26026666,0.24007022
traffic,388,15700,16276,0.9262050552448258,0.2696587526610477,0.18503213,0.25063336,0.17717218,0.2584933
traffic,69,14612,17300,0.9261933341439056,0.1691992045091983,0.014298439,0.5273323,0.192446,0.34918475
traffic,196,16596,16980,0.926190646355828,0.1872896860497168,0.29091287,0.3458507,0.3953557,0.24140787
traffic,612,14356,17044,0.926188494861032,0.2457267543155882,0.00905633,0.4497013,0.28224933,0.7228943
traffic,523,15636,17364,0.926188233458482,0.1318578633948265,0.24504495,1.025285,0.92945933,0.34087062
traffic,643,16468,16660,0.9261863451136072,0.1051646839244877,0.37526226,0.5313287,0.4941857,0.41240525
traffic,286,15636,15828,0.9261799892811527,0.2586697982227555,0.47547817,0.1320715,0.4691875,0.13836217
traffic,371,16276,17236,0.9261785697397288,0.0947642361886919,0.032819748,0.24186468,0.20167351,0.07301092
traffic,842,16788,17364,0.9261753758416204,0.2890833849864876,0.015058041,0.10644293,0.16053295,0.039031982
traffic,592,15508,16852,0.926168633419642,0.2195461211097933,0.04070258,0.17355132,0.081553936,0.13269997
traffic,127,15316,16468,0.9261310799329988,0.2115057456574241,0.25365472,0.6312225,0.41519332,0.4696839
traffic,619,16276,16660,0.9261074684084216,0.2758010046966194,0.63857234,0.96039605,0.70754254,0.89142585
traffic,110,15956,16148,0.926078821359806,0.2804684288135322,0.19554591,0.22747159,0.24856377,0.17445374
traffic,106,16148,17300,0.9260728614762064,-0.1226166990247708,0.00590086,0.17193913,0.16298032,0.3408203
traffic,425,15316,15828,0.9260710430439502,-0.0541574802980046,0.19028902,0.39163184,0.11145306,0.31279588
traffic,15,14228,16724,0.9260219366534708,-0.0925013642296557,0.1910193,0.48893344,0.11714363,0.5628091
traffic,342,15252,16212,0.925995787556664,0.2916050533279558,0.37590307,0.4827243,0.45847446,0.40015292
traffic,347,16788,17364,0.9259815838270592,0.19450414911901,0.44281912,0.7560961,0.6641736,0.53474164
traffic,669,14228,14996,0.9259454472145746,0.1960111861400922,0.31088066,0.27736902,0.41623378,0.1720159
traffic,524,15828,16596,0.9259367121617802,0.1989847728990897,0.47270775,0.3490429,0.35643864,0.465312
traffic,439,15060,16212,0.9259275001972166,0.2914849094070527,0.20194292,0.2333616,0.22905385,0.20625067
traffic,214,15828,17172,0.9259088705115238,0.2439998089829336,0.5591576,0.12983894,0.2720685,0.41692805
traffic,340,17172,17364,0.9258815530972532,0.0870295660281347,0.088573694,0.21504664,0.3474455,0.04382515
traffic,191,14292,16980,0.9258690062641866,0.2705738711862027,0.17102456,0.017816305,0.1368258,0.052015066
traffic,693,14996,16148,0.925868563703494,0.2349728807269502,0.0007214546,0.021618366,0.021365643,0.00046873093
traffic,822,15508,16852,0.9258555236301512,0.2779552343495586,0.12000656,0.15361595,0.1691556,0.104466915
traffic,246,14676,15444,0.9258535094603,0.1916100067902233,1.2901382,1.017704,1.3938165,0.91402584
traffic,168,14100,16788,0.9258499952573286,0.1763523943704227,0.14460397,0.20215869,0.14838481,0.20593953
traffic,87,14164,16852,0.925812934190943,-0.1470061861375349,0.22245932,0.10462904,0.13190246,0.01407218
traffic,541,15060,16212,0.9258121742713916,0.2941689730593589,0.2140981,0.20660567,0.20910108,0.21160269
traffic,269,14036,14228,0.9257925757389036,0.1677738323539259,0.09355974,0.14578414,0.139117,0.10022688
traffic,312,15316,16468,0.9257459246015628,0.1053340569049333,0.38465357,0.6816431,0.51345587,0.5528408
traffic,622,15572,16916,0.92571291632287,0.2975133117571604,0.24715471,0.088790834,0.18104643,0.022682548
traffic,145,14612,14996,0.9257123251045516,0.2714119785357557,0.67669916,0.901474,0.70587564,0.8722975
traffic,233,15444,16788,0.925706309053854,0.2137330646710252,0.16812372,0.14281607,0.23759246,0.2122848
traffic,288,15508,16852,0.9257033567024312,-0.2154163221565031,0.021744251,0.4720297,0.17564368,0.31813025
traffic,530,14100,16788,0.9257008659987545,-0.0395799044868666,0.29923582,0.121284485,0.3546288,0.065891504
traffic,804,15956,16724,0.9256830356939248,0.1405693516851648,0.12845564,0.23393309,0.08315396,0.4455427
traffic,358,14804,16148,0.9256514132744662,0.2305165718566505,0.04472685,0.099494696,0.040254116,0.014513731
traffic,231,16276,16660,0.9256489027345952,0.1204147060230304,0.6406243,1.6455171,0.9663191,1.3198223
traffic,732,16660,17236,0.9256154501813384,0.2699631389226452,1.496511,1.5887347,2.4882023,0.5970434
traffic,679,14484,16788,0.9256017887486236,0.2777374290735357,0.038090467,0.2045579,0.0011649132,0.24148345
traffic,816,14164,15892,0.925582281411314,0.2310488950694583,0.50481105,0.8730775,0.94865394,0.42923462
traffic,647,14100,16404,0.9255662110655244,0.1803116326230665,0.135077,0.28356743,0.20198655,0.35047698
traffic,88,14676,16788,0.9255619400562652,-0.1551797175738952,0.15153193,0.6050613,0.29795027,0.45864296
traffic,110,14164,15508,0.9255551915480574,0.2946565200537559,0.022695065,0.015718937,0.047430992,0.05440712
traffic,454,15508,16852,0.9255545405619288,0.2247102756467758,0.21919799,0.2360158,0.11507726,0.34013653
traffic,615,15444,17364,0.9255508898252442,0.1744937917897149,0.45778203,0.9692733,0.8461964,0.58085895
traffic,532,14804,17300,0.925543717928387,0.1685438445931752,0.063084126,0.09964728,0.2045188,0.041787386
traffic,380,14612,16724,0.9255313127477328,0.2199814800016922,0.007406354,0.2025584,0.27066374,0.4806285
traffic,613,14484,16596,0.9255255291938416,0.1902434690350405,0.15414834,0.56367254,0.121944904,0.595876
traffic,804,14356,17428,0.9255190111886764,0.2564503405023412,0.14418936,0.37376738,0.0077164173,0.2218616
traffic,810,14548,17044,0.925499919499203,0.2939215866139145,0.28260088,0.06423831,0.51045716,0.16361797
traffic,661,15700,17044,0.9254840830016172,0.2619425977247911,0.13411546,0.37496114,0.056806922,0.2976526
traffic,107,15380,17108,0.9254714925645564,0.2273672778057195,0.20537186,0.13796413,0.058753967,0.00865376
traffic,37,15956,16916,0.9254683321012308,0.1998397582318227,0.13549185,0.19741249,0.03788352,0.37078786
traffic,32,14228,14996,0.9254644715701008,0.2599845569216215,0.85858464,1.3111122,0.96563625,1.2040606
traffic,446,16660,16852,0.9254367176544605,-0.0068824256846001,0.1343925,0.626981,0.53547764,0.22589588
traffic,408,14292,17172,0.9254294582051984,0.1742232229821738,0.23172021,0.52191377,0.58500767,0.16862631
traffic,749,16660,17428,0.9254273770181656,0.2163290571503984,1.5977716,1.6116849,2.6082108,0.60124576
traffic,741,16020,16788,0.9254193367445116,0.2868001234522013,0.11021829,0.21102834,0.068977356,0.031832695
traffic,219,15764,16916,0.9254032912945348,0.2468841594569493,0.0211699,0.13247931,0.3021555,0.14850628
traffic,83,14292,16788,0.9253998043045336,0.2992287940203208,0.24161625,0.0113584995,0.14189506,0.088362694
traffic,685,15828,16212,0.9253951094970734,0.2977507953184207,0.047152996,0.28616405,0.4135275,0.17451644
traffic,201,14676,15636,0.925364849262717,0.2343176528949532,0.34510636,1.1973859,1.1358011,0.4066912
traffic,111,15444,15828,0.9253396417712416,0.2245320697769697,0.60697556,1.0146551,0.776124,0.84550667
traffic,70,14100,16404,0.9253346133221212,0.2943295182301605,0.0061131716,0.30281663,0.11058891,0.4195187
traffic,203,14932,17428,0.9253191806947654,0.1101704683968755,0.31867945,0.115249634,0.28454268,0.08111286
traffic,374,14996,15956,0.9253182715909024,0.1418061957532242,1.2202444,0.8159487,1.2481649,0.78802824
traffic,543,15636,16788,0.9253084316994552,0.1669178677300778,0.5092349,0.32507265,0.2549479,0.57935965
traffic,69,15060,16404,0.9252932415362586,-0.1660909645893975,0.44996333,0.32996058,0.2253139,0.55461
traffic,61,14164,16852,0.9252742533661644,0.1114997747800089,0.2828231,0.6611433,0.3827095,0.5612569
traffic,532,15828,17364,0.9252358986282992,0.0749063065079897,0.17942238,0.39643502,0.5175619,0.05829549
traffic,732,14292,14676,0.9252152722118844,0.2096329498350597,0.378636,1.3267887,1.3628088,0.34261584
traffic,437,14164,16852,0.9252034306068236,0.1711692369980716,0.31334877,0.13589525,0.35347295,0.17601943
traffic,10,14036,16724,0.92520237793381,0.2511961178329827,0.35475588,0.577236,0.08327067,0.13920945
traffic,157,14676,17172,0.9251934683100688,0.1805964522613546,0.5831964,0.22215152,0.47128558,0.33406234
traffic,238,14612,17108,0.9251870441803116,0.2751312776156568,0.13566637,0.58694273,0.2756207,0.4469884
traffic,818,14292,16788,0.9251843458187098,0.2848156913094957,0.4159057,0.5740819,0.33884072,0.6511469
traffic,302,14484,16596,0.9251796002140285,0.2669740043170881,0.04594946,0.00082683563,0.118034124,0.16481042
traffic,341,15508,16852,0.9251374657825454,0.1209071065575958,0.018686533,0.19166493,0.08769417,0.1226573
traffic,145,15316,16276,0.925133363711317,0.2151018001444333,0.9195111,1.1754687,1.4515736,0.64340615
traffic,297,14740,17364,0.925113544882211,-0.0711726167741648,0.5958575,0.6276727,1.3118678,0.08833766
traffic,242,14804,16916,0.9251101724513754,0.263437200573356,0.52172565,0.6366888,0.6311822,0.5272323
traffic,631,14676,16980,0.9250857787468748,0.2574907318999264,0.1255939,0.51685333,0.2198534,0.42259383
traffic,103,15892,16276,0.9250753677878653,0.291821112592131,0.017246246,0.09926748,0.13573694,0.053715706
traffic,640,14036,16916,0.9250412139210796,-0.0145119529131881,0.1487776,0.23853302,0.14464426,0.23439968
traffic,574,14484,16980,0.92503795166561,0.2248354108067075,0.15181589,0.21938789,0.09485531,0.27634847
traffic,423,14292,14676,0.9250284201908472,0.20091882189413,0.30219793,0.58804584,0.9330206,0.042776823
traffic,517,14164,15508,0.9250157533106944,0.135801599696255,0.023579836,0.04996729,0.020831347,0.0472188
traffic,808,16660,17428,0.9249970130209404,0.0130392816442161,1.4195962,1.4920961,2.2868917,0.62480056
traffic,450,16788,17364,0.924988647708355,0.1855467541808124,0.29473615,0.3289957,0.3285191,0.29521275
traffic,271,16020,16788,0.9249819930471652,0.0687276973016292,0.24508905,0.43515313,0.2270174,0.45322478
traffic,798,14100,16788,0.9249737994905064,-0.0833039862017153,0.09014177,0.02555275,0.1851561,0.069461584
traffic,607,14292,16788,0.9249270677336412,0.0253774053010194,0.21468163,0.11711025,0.2869239,0.044867992
traffic,759,14932,16660,0.9249226600288312,0.2924925877048554,0.46809685,0.25794458,0.41132295,0.31471848
traffic,538,14164,16852,0.9248623955522888,0.1644879017477261,0.10538554,0.28207922,0.118306875,0.2691579
traffic,140,14676,15060,0.9247997248768992,0.0883325440300454,0.28754783,0.38698268,0.4009409,0.2735896
traffic,819,16724,17300,0.9247896949032388,0.1302132263254587,0.07871652,0.060384274,0.062289476,0.08062172
traffic,485,14612,14996,0.9247779826565024,0.274898046497893,0.62843144,0.8315213,0.6579579,0.8019948
traffic,235,15700,17044,0.9247594960085213,0.0702206450690333,0.2116692,0.004867077,0.14776921,0.06876707
traffic,726,15508,17236,0.9247532192276916,0.2826133599158065,0.42416143,0.08722949,0.24950528,0.08742666
traffic,13,14676,15252,0.9247467799563056,-0.0141907420314949,0.97674394,1.149102,1.5208304,0.6050155
traffic,675,14932,16660,0.9247457412012392,0.1676235077961873,0.57981086,0.4019642,0.6176777,0.36409736
traffic,494,16660,17428,0.9247416938543463,0.1712380425313967,1.6714678,1.5745413,2.6172323,0.62877697
traffic,334,16212,16980,0.9246823340726108,0.2373799047894889,0.27270746,0.15193665,0.14975941,0.0289886
traffic,49,14484,16788,0.92468055133738,0.1385418846030224,0.124075174,0.25446224,0.12390685,0.25463057
traffic,432,14228,16340,0.9246772561562592,0.2713920127729785,0.7975606,1.3498006,1.0366238,1.1107373
traffic,448,15444,16404,0.9246668022980248,0.2919957574481341,0.1588397,0.372617,0.49257004,0.038886666
traffic,379,16660,17236,0.924662267782402,0.2376140291901453,2.4012148,1.2180177,2.5816615,1.0375711
traffic,494,14484,16980,0.9246455043983152,0.1814114932531071,0.15594459,0.4771315,0.12233424,0.44352114
traffic,165,15444,16212,0.924637285078166,0.2526064580371194,0.051407814,0.048321724,0.031624317,0.06810522
traffic,636,15636,16404,0.9246274846129114,0.2503402592549691,0.38030148,0.32987976,0.32497382,0.3852074
traffic,402,14676,15060,0.9246150066506748,0.0875957379943836,1.3141196,0.8274664,1.332848,0.80873805
traffic,571,14868,15636,0.9246108528645592,-0.142599864427215,0.12994266,0.3546412,0.07272291,0.15197563
traffic,522,15316,16276,0.9246076496889084,0.1587536361329082,0.41337276,0.7257416,0.78784657,0.3512678
traffic,179,16020,17364,0.9246042270888531,0.0143370316070457,0.09746957,0.052354574,0.1184566,0.03136754
traffic,603,15508,17428,0.924593468851684,0.2856073791591648,0.3593793,0.7343179,0.49434614,0.59935105
traffic,295,15508,16276,0.9245737739489702,0.1184976460844588,0.26807642,0.04460454,0.00457716,0.22804904
traffic,810,15060,16404,0.9245732966127808,0.200896516512986,0.45220923,0.043021202,0.2758839,0.13330412
traffic,803,17236,17428,0.9245703815418116,0.2249486831243078,0.28519702,0.29810727,0.30368447,0.2796198
traffic,155,14164,16852,0.9245657105573424,0.2931939148792887,0.22556806,0.39239192,0.1254065,0.04141736
traffic,406,15444,15636,0.9245498095517368,0.2967540064165943,0.20172107,0.1297586,0.07795346,0.14991593
traffic,350,16660,17428,0.924521444612738,0.272009683651754,0.89617324,1.1697302,1.5377755,0.5281279
traffic,43,14548,15508,0.9245049230064988,0.1983966478331961,0.8464432,1.0016809,0.7974708,1.0506532
traffic,813,14228,15956,0.9245035138416394,0.1868196119508814,0.18893862,0.25655794,0.27172947,0.17376709
traffic,756,16084,16660,0.9244983737695244,0.2654351569446709,0.4636997,0.6483145,0.7424427,0.36957145
traffic,42,15316,16084,0.9244911931434568,-0.063739369455196,0.04160881,0.5454967,0.39279985,0.11108804
traffic,108,16596,17172,0.9244866965691164,0.274288964916823,0.6731055,0.028502703,0.3098495,0.39175868
traffic,55,14036,16724,0.9244549570766378,0.2077478255967873,0.044914007,0.44706035,0.13373399,0.35824037
traffic,345,16596,17172,0.9244453256990076,0.1859405297805048,0.40659738,0.0010027885,0.10146141,0.30613875
traffic,453,15828,17172,0.9244322016595186,0.213885095496095,0.20598674,0.055818558,0.11710286,0.14470243
traffic,43,15828,17172,0.9244198627540215,-0.2590699912183624,0.44542432,0.83501625,0.9881215,0.29231906
traffic,386,17172,17364,0.9244051471108714,-0.0387841847575259,0.15798068,0.15114403,0.1192677,0.4283924
traffic,612,14228,17108,0.9244000873466572,0.2809278945278479,0.55103123,0.6104035,0.109683335,0.16905558
traffic,242,16020,17364,0.9243921436479244,0.1450282217648029,0.21121407,0.07102561,0.12293029,0.15930939
traffic,184,14932,16468,0.9243879642909152,0.1944276841341426,0.28603172,0.13439798,0.31313443,0.107295275
traffic,111,15956,16916,0.9243744636590148,0.2764179242702986,0.3267727,0.6171309,0.29065228,0.6532513
traffic,491,14100,15060,0.9243694045831948,0.2705408113767529,0.0038889647,0.082188606,0.04246223,0.035837412
traffic,569,14228,16724,0.9243662684662636,0.142350031854309,0.2395804,0.20220423,0.10121858,0.063842416
traffic,341,15252,16212,0.9243533692695428,0.2889280292719161,0.06309521,0.28298193,0.28791386,0.058163285
traffic,826,14676,16980,0.9242726359710142,0.1684244201966,0.12414956,0.3650601,0.17551589,0.06539464
traffic,718,14676,16980,0.9242703975652374,0.2401279638080923,0.1564014,0.20441651,0.026397467,0.021617651
traffic,384,14100,14676,0.9242421508596969,0.1698250302147236,0.86378306,1.4634023,1.0448835,1.2823018
traffic,102,14164,16276,0.9242307782054536,0.2648889925943026,0.1827712,0.58580554,0.4700973,0.29847944
traffic,334,15828,17364,0.9242259545339236,0.2345839692640003,0.07427645,0.33351254,0.49034667,0.08255768
traffic,847,14932,16660,0.924225199438828,0.2109321235234866,0.8506814,1.4699223,1.0485767,1.272027
traffic,106,14740,16276,0.9242064623142612,0.2514411532093247,0.38306975,0.42648005,0.40075994,0.40878987
traffic,459,14676,17364,0.9241894245929998,0.2653499743654169,0.13599181,0.15657163,0.20784426,0.22842407
traffic,603,14484,16212,0.9241674122142916,0.2083121599321591,0.28389978,0.2142508,0.023326397,0.4748242
traffic,458,15956,16340,0.9241003649318416,0.1405494957965275,0.73675346,1.1983962,0.9256656,1.009484
traffic,113,15444,16212,0.9240217327996888,0.2766441602970342,0.35518563,0.34107077,0.37722623,0.31903017
traffic,784,14676,17172,0.9240088848847522,0.0901061207195409,0.60599566,0.07548618,0.15048671,0.38002276
traffic,726,14036,17108,0.9240026936922652,0.2055694576732263,0.22817111,0.5584953,0.020159245,0.31016493
traffic,707,15124,16468,0.9239903864856158,0.2646897926806492,0.06936073,0.25873864,0.07597506,0.11340284
traffic,717,14868,16404,0.9239795369931662,0.2914006401415762,0.09135461,0.3905952,0.16648602,0.31546378
traffic,652,14676,16596,0.9239598349856992,0.1920435228073198,0.19586754,0.18472242,0.035936117,0.41652608
traffic,23,14036,15380,0.9239525917130288,0.2060791446808247,0.08199632,0.0030059814,0.047254205,0.12624454
traffic,263,14036,16916,0.9239510051962322,0.15169628042598,0.23422909,0.8082098,0.4534135,0.5890254
traffic,372,14100,14676,0.9239386565487656,0.1785466369131758,0.5328691,1.4388692,1.1036255,0.8681128
traffic,581,14100,14676,0.9239335825573344,0.2857811626941372,0.44336772,0.33365226,0.43692517,0.3400948
traffic,753,14164,15892,0.9238809897551152,0.2330815489198055,0.008569002,0.4906062,0.2373904,0.2617848
traffic,209,14996,15764,0.9238594097897458,-0.0144921574427776,1.0218167,0.8906257,1.1185651,0.79387736
traffic,713,15700,17044,0.9238584035848472,0.2230413943053857,0.14870763,0.034377813,0.16090012,0.0465703
traffic,586,14100,14484,0.9238555138361488,0.2549217633500977,1.1918379,1.8845251,0.8449086,2.2314544
traffic,249,16660,16852,0.9238285120715845,0.1591150599070661,0.47054815,0.4934461,0.5112095,0.45278478
traffic,531,15508,16852,0.923826318906787,0.2071780930470976,0.068549156,0.19154549,0.12410045,0.1359942
traffic,443,14484,17172,0.9238191651623652,-0.0199091040126554,0.25931168,0.111515045,0.26728964,0.10353708
traffic,225,14100,14676,0.9238056951296632,0.0378342948371828,0.468637,0.2811873,0.6156585,0.13416576
traffic,188,14036,16916,0.9237679247702364,0.0127138444940704,0.03433323,0.4964744,0.10418117,0.6349888
traffic,532,14996,16916,0.9237634720923842,0.1359492135790451,0.3536563,0.5053376,0.27860785,0.58038604
traffic,201,16660,17236,0.923758869471818,0.297260993170329,1.3193729,1.4618251,2.2112956,0.5699025
traffic,241,14164,16852,0.9237578205940736,0.132107769219107,0.5708482,0.8670707,0.6741431,0.7637758
traffic,141,16660,17236,0.9237554895088133,0.2132963375519992,1.0695479,1.1329782,1.5666399,0.6358862
traffic,592,14676,17364,0.9237503465379212,0.2600400769056508,0.3896327,0.052792788,0.29022765,0.15219784
traffic,407,14228,17300,0.9237451580938354,0.1566063264246749,0.5977906,1.1656911,1.2267557,0.536726
traffic,380,14548,15124,0.9236067326639223,0.2577454767177241,0.29449737,0.5102136,0.55734503,0.24736595
traffic,648,14228,14996,0.9236045570788388,0.2813791520287864,0.42968416,0.022408485,0.37021685,0.0818758
traffic,27,16276,17044,0.9236000044552206,-0.2176534786570619,0.1371429,0.17690015,0.3210957,0.00705266
traffic,159,14036,15764,0.923594884641717,0.2234472052905866,0.13982439,0.11242652,0.114323854,0.13792706
traffic,214,15316,17428,0.9235665890005538,0.176262127602632,0.46940923,0.7438741,0.638355,0.5749283
traffic,22,16788,17364,0.9235175996659754,0.2472899438882325,0.5007396,0.6313417,0.600688,0.5313933
traffic,259,14100,16788,0.9235062896204066,0.2985192068370547,0.11766648,0.30366564,0.17152774,0.3575269
traffic,324,14484,17364,0.923462304149822,0.0863985729428202,0.093455076,0.16720462,0.14808607,0.40874577
traffic,514,14676,16980,0.9234601080483632,0.2012080006564018,0.7663801,0.04476857,0.653533,0.15761566
traffic,0,17172,17364,0.9234386996504336,0.2330257827947599,1.0287418,0.74295163,0.8233447,0.94834876
traffic,232,15060,17364,0.9234240643845324,-0.033490196269548,0.7756045,0.844007,0.9153949,0.7042166
traffic,240,14612,17300,0.9234036267938064,0.1675467392948331,0.20963812,0.2924093,0.41910434,0.08294308
traffic,476,15956,16148,0.9233485968091278,0.0922623200148375,0.35514617,0.4039564,0.3887906,0.37031198
traffic,335,14100,16788,0.9233481716542056,0.170020458339326,0.59287727,0.36069286,0.59671557,0.35685456
traffic,717,14356,17044,0.9233325129241104,0.2205369634517574,0.13846207,0.62390304,0.16664314,0.59572196
traffic,688,17236,17428,0.9232473192113704,0.2818972802902032,0.2909757,0.2405566,0.2511238,0.2804085
traffic,671,16276,16660,0.9232422228424706,0.2073598139390147,0.5523609,1.0810988,1.0101801,0.6232796
traffic,582,15124,16276,0.9232077114071092,0.2938283761172481,0.12897837,0.3640586,0.3481878,0.14484918
traffic,52,14484,16596,0.9231797627441491,0.297847689694851,0.5918033,0.80026174,0.7008643,0.69120073
traffic,750,14996,15956,0.9231519719474643,0.0517419141834351,0.2181989,0.11261499,0.05017495,0.28063893
traffic,49,15124,16276,0.923134565966472,0.2672179345203806,0.055849075,0.11774492,0.055999517,0.00589633
traffic,266,15124,17236,0.9231343420142292,0.2517573548562233,0.035335183,0.49050546,0.3205371,0.20530355
traffic,789,16148,17300,0.9231266798222264,0.2730923189846554,0.00042772293,0.29758763,0.0348711,0.33288646
traffic,688,15828,16980,0.92311929555507,0.1865553772295915,0.32705998,1.0604706,0.73309445,0.6544361
traffic,120,14228,14996,0.9230702619777924,0.2536561864997902,0.7498431,1.1637392,0.8376601,1.0759223
traffic,415,14612,15956,0.9230486239541454,0.2155174111334067,0.033231854,0.027626514,0.035962224,0.024896145
traffic,561,14100,16404,0.9230432733568322,0.2594431091276249,0.3301159,0.4335251,0.66888034,0.09476066
traffic,340,14164,16660,0.923036613480418,0.2988519766794828,0.21326351,0.22371387,0.36569262,0.07128477
traffic,679,15892,16660,0.9230149589584083,0.288209995252188,0.5517101,0.77270746,0.84468436,0.47973323
traffic,597,14612,16916,0.9230103943320156,0.2933544777278936,0.08256376,0.3765031,0.016552687,0.31049204
traffic,44,14164,15124,0.922972919452304,0.2323476527596037,0.05767846,0.1260531,0.11070466,0.073026896
traffic,479,14164,15892,0.92296874723581,0.2436663175897012,0.22914696,0.6588962,0.50934887,0.3786943
traffic,379,14228,16724,0.9229569706790084,0.2639550137703887,0.7596769,0.02743125,0.52034444,0.2667637
traffic,13,16020,16788,0.9229362566834842,0.2728430552602841,0.618382,0.88553655,0.94505525,0.5588633
traffic,404,14676,15636,0.9229249278855336,0.1209006456262014,0.3576293,1.2131997,1.1999137,0.3709153
traffic,714,14484,16020,0.9229098657052156,0.2499972032746385,0.017412663,0.036720753,0.1991303,0.14499688
traffic,417,15956,16340,0.9228669230935518,0.0748109087433224,0.31963837,0.4093659,0.487229,0.24177527
traffic,170,15124,16468,0.922842911587948,0.2159463788897427,0.1701684,0.29063034,0.07140398,0.04905796
traffic,317,15892,16084,0.9228222338054752,0.2910462245800276,0.031978607,0.012869835,0.010931969,0.033916473
traffic,463,14612,16340,0.9228199848739266,0.2135312527348964,0.92001176,1.275058,0.94603443,1.2490354
traffic,860,14740,16084,0.9228164010916624,0.2775845242125221,0.07987094,0.07133126,0.057132244,0.06567192
traffic,87,15124,16084,0.9228136281465724,0.1319148821388876,0.117976904,0.34016895,0.25460887,0.20353699
traffic,335,14164,16660,0.9227860391027792,0.2894182481085326,0.60242224,0.06262517,0.48379135,0.18125606
traffic,854,15572,16916,0.922761650978544,0.1235874027887401,0.39004326,0.25226855,0.5915239,0.050787926
traffic,128,15444,16212,0.9227094838220644,0.1792426178571216,0.15310335,0.23485029,0.31243443,0.075519204
traffic,2,14420,15380,0.922702470282412,0.2696822271117584,0.17398632,0.17990518,0.1495874,0.2043041
traffic,112,14036,15572,0.9226658212874754,0.2525461517927327,0.0325377,0.2114371,0.19142103,0.052553773
traffic,291,14612,16340,0.922664727822844,0.203107678900781,0.8057704,1.4160903,0.92930794,1.2925527
traffic,517,15572,16724,0.9226435943492224,0.2099158481835768,0.053325415,0.42633605,0.079518676,0.4001428
traffic,634,14740,16852,0.9226265778228736,0.1089861644435927,0.52450526,0.679291,0.56260073,0.64119554
traffic,751,14356,16276,0.9226232904200334,0.2947598892697439,0.055073857,0.3679421,0.29767895,0.125337
traffic,37,15316,16468,0.9226227462806218,0.1243796797150687,0.17788172,0.16870213,0.11486077,0.10568118
traffic,747,14676,17172,0.9226139944581414,0.2231634140059024,0.32328844,0.1398704,0.0732224,0.11019564
traffic,793,14676,15636,0.9226113712258543,0.1046336685589715,0.89409065,1.3661199,1.6684552,0.5917553
traffic,15,15252,16212,0.9226010152530406,0.0416129306922238,0.020792007,0.05322337,0.015168309,0.05884707
traffic,70,14036,16916,0.9225984091465228,0.2382570572556713,0.13370204,0.5533368,0.10965979,0.30997497
traffic,741,15124,16660,0.9225859172668894,0.2804667535342958,0.06507802,0.1568346,0.28263807,0.06072545
traffic,474,14100,15636,0.9225688685473034,0.0655352002998118,0.34707308,0.17433739,0.1973319,0.32407856
traffic,371,15444,16404,0.9225197917242668,0.2157448717198569,0.07784581,0.012262106,0.052486897,0.1180706
traffic,29,14100,14676,0.9225157398859004,0.0845442881466901,0.6577885,0.89077425,1.0966921,0.45187068
traffic,631,14164,16852,0.9224926414726676,0.118233915749298,0.20424795,0.17696357,0.009946346,0.03723073
traffic,260,14484,16596,0.9224843858682557,0.288029621209065,0.21383333,0.38044357,0.17891479,0.7731917
traffic,239,15828,16596,0.9224612906129472,0.1587727708672925,0.54758716,0.6262388,0.41846895,0.755357
traffic,753,14740,15508,0.9224386354901292,0.2580109436784255,0.38373482,0.16225004,0.32510793,0.22087693
traffic,582,14676,15252,0.9224370900780636,-0.1165367498306838,0.47721887,0.9957974,1.0785209,0.39449537
traffic,85,14484,15828,0.9224242503644656,0.1324365499940692,0.2022624,0.25836968,0.24547553,0.21515656
traffic,415,14740,17428,0.9223974421738732,0.2218063128133363,0.07501984,0.14802647,0.2698505,0.04680419
traffic,796,15508,17428,0.9223824390325088,0.0693693068876598,0.08685303,0.31357718,0.07739544,0.14932871
traffic,770,14676,15636,0.9223744779204798,0.037976751753144,0.2022984,0.87703204,0.778059,0.30127144
traffic,188,14228,16724,0.9223697714538188,0.1472264377819793,0.25581598,0.7480366,0.18769741,0.8161552
traffic,310,15572,16724,0.9223444156919696,0.2771873825740401,0.03473437,0.11540294,0.22570181,0.3758391
traffic,730,14292,16020,0.9223134571234062,0.2351121205817684,0.18275285,0.19979358,0.27380657,0.10873985
traffic,477,14676,17364,0.9222975032655402,0.0559805901798452,0.5542469,0.33837605,0.5855963,0.30702662
traffic,269,16276,16660,0.922295607221776,0.1319421854853143,0.4603598,1.0422673,1.1729157,0.32971144
traffic,715,14932,16852,0.9222879976197592,0.1010520410540523,0.686342,0.6090088,0.65288985,0.64246094
traffic,198,14292,15444,0.9222756641265668,0.2897572639640269,0.45151806,0.29936552,0.19922638,0.5516572
traffic,468,14100,17364,0.9222469638563364,0.1276258020433079,0.44730794,1.2988405,1.1436595,0.602489
traffic,711,14996,15572,0.9222411197394114,0.2441457375847355,0.5036273,0.7480633,0.7858424,0.4658482
traffic,354,14868,16404,0.9221858834806058,0.227811711418116,0.028995872,0.13451314,0.18854868,0.3520577
traffic,674,14036,15764,0.9221341895355988,0.0948757674984238,0.03199005,0.28523445,0.23757571,0.01566869
traffic,28,14100,16404,0.9221205422400146,0.2308832630275093,0.056894064,0.56736124,0.19938135,0.31108582
traffic,571,14164,15508,0.9221113101680044,0.2249086069918773,0.08206177,0.2818005,0.24602151,0.11784077
traffic,100,14740,16660,0.9221108024159332,0.1916609725934476,0.7930275,2.0474699,1.253158,1.5873394
traffic,599,16852,17236,0.922103888452513,0.1940981758947864,0.3340404,0.58392787,0.6422241,0.2757442
traffic,464,14100,16212,0.9220999802174602,0.2974117720192798,0.089272976,0.06967938,0.026623607,0.046217203
traffic,465,14996,15572,0.9220949407728876,0.2773295634448113,1.0193956,1.0683198,1.3847461,0.7029693
traffic,322,14036,16724,0.922084337992664,0.1013704203431249,0.4009254,0.6796344,0.00414896,0.27456003
traffic,746,14484,16980,0.922050012073081,0.2592609565052794,0.122214794,0.2164669,0.08723879,0.2514429
traffic,799,16148,16916,0.9220166318400868,0.2868972851993025,0.329432,0.3482517,0.2657001,0.4119836
traffic,794,14292,14676,0.9219987163249252,0.2872587320929058,0.23559022,0.062464952,0.32238388,0.62043905
traffic,555,15636,16788,0.9219881215423948,0.176003092053964,0.375906,0.5007026,0.17410374,0.7025049
traffic,53,14292,16404,0.9218657664792064,0.1764229643102981,0.434173,0.1483407,0.5179957,0.064517975
traffic,848,16596,17172,0.9218451062511598,0.2095925213175394,0.29519606,0.4064567,0.48619914,0.21545362
traffic,603,15764,16724,0.9218267361414773,0.2000785759024945,0.14607,0.49514663,0.024421811,0.66563845
traffic,33,15508,17428,0.9218181574636856,0.23482108274207,0.17674828,0.38057268,0.22099614,0.3363248
traffic,126,14164,17044,0.9217645387667882,0.2717293489482893,0.01646161,0.63018847,0.43713522,0.17659163
traffic,7,15060,17364,0.9217456323899548,0.2913041738574875,0.75553197,1.5739943,1.0688186,1.2607077
traffic,839,16596,16980,0.9217332444016672,-0.0664712663229989,0.11381626,0.026145697,0.08973861,0.05022335
traffic,265,14292,15636,0.9216877496501896,0.1587666687477098,0.053616524,0.023922682,0.037327766,0.04021144
traffic,725,14676,16980,0.9216676974467244,0.2588759161737597,0.4582975,0.2849381,0.10737324,0.06598616
traffic,539,16660,17428,0.921623639772328,0.2847969223118244,1.3088357,1.4165934,2.0967493,0.62868
traffic,732,14100,16788,0.9215950120480776,0.139980692872228,0.60637,0.25060773,0.6603327,0.19664502
traffic,409,14164,14548,0.9215874994922678,0.2229551856627711,0.42387486,0.77136564,0.80165625,0.39358425
traffic,250,14292,14676,0.9215873515670524,0.0705851984221811,0.17023897,0.9471812,0.9463837,0.17103648
traffic,769,14292,16596,0.921583055476305,0.1899513021538303,0.64566934,0.38519752,0.08079696,0.9500699
traffic,309,16660,17236,0.9215616644146426,0.2928403353409448,0.69926023,0.80650866,0.9466636,0.5591053
traffic,146,17172,17364,0.92155427423876,0.1846632754599814,0.55777574,0.38179016,0.09494305,0.84462285
traffic,666,14036,16916,0.9215436859853552,0.217921090023814,0.06902909,0.47341418,0.026684761,0.37770033
traffic,735,14612,17300,0.9215401855373622,0.2990608219032675,0.270921,0.20744038,0.3632307,0.11513066
traffic,29,14164,16852,0.9215164614013484,0.1718469201405788,0.44098735,0.120577574,0.3496511,0.029241323
traffic,320,14484,14676,0.9215016708109454,0.0116426572076372,0.19954395,1.0874608,1.1194715,0.16753316
traffic,327,15828,17172,0.9214985163239662,0.009389866264377,0.38326073,0.14321542,0.3042369,0.22223926
traffic,245,14100,16788,0.9214882519643912,0.2895581034807857,0.15869212,0.20879078,0.21116471,0.5786476
traffic,350,16724,17300,0.9214525729694772,0.0974415352830295,0.028890371,0.11000466,0.11574006,0.023154974
traffic,608,14484,16596,0.9214090790028532,0.1926393187828346,0.43070805,0.5827068,0.16776419,0.8456507
traffic,376,14100,16212,0.921389556309314,0.1280963470287175,0.001998186,0.16173196,0.068769574,0.09496057
traffic,621,14484,16980,0.9213791623005742,0.2411622451061377,0.25050783,0.29525423,0.47996616,0.0657959
traffic,850,15316,16468,0.92136835781537,0.1591676585855399,0.9983437,0.92538,1.3204777,0.603246
traffic,302,16276,16660,0.9213625040018948,0.2616497966490156,0.1641382,0.19446492,0.4119364,0.053333282
traffic,602,15060,16980,0.9213195336766612,0.2985771766782712,0.60072756,0.034357786,0.23666716,0.32970262
traffic,753,14996,15956,0.9212800809683126,0.0657605565478088,0.14669144,0.08836186,0.005946398,0.2409997
traffic,89,14164,16852,0.9212616277808032,0.1411674977068344,0.12853217,0.30512714,0.12744379,0.30621552
traffic,407,15764,16340,0.9212427453946124,0.2876432254909579,0.65386033,1.216013,1.151669,0.71820426
traffic,765,14676,16788,0.9212130753376032,0.2812943737104079,0.36784744,0.5162122,0.5319407,0.35211897
traffic,332,14484,17172,0.9211854540129,0.229897780474511,0.39203167,0.19246769,0.20287657,0.0033125877
traffic,194,14292,16788,0.9211753288163398,0.2574900979874109,0.12940657,0.014045,0.236565,0.35192657
traffic,319,15252,17364,0.9211587590445456,0.2649628062048332,0.77459437,1.8779993,1.1573129,1.4952807
traffic,756,14868,16212,0.9210795149308568,0.0977056331696374,0.011902332,0.020825624,0.058755636,0.049832344
traffic,779,17172,17364,0.9210561374660255,0.2936187973774425,0.06343317,0.028908968,0.20908642,0.30142856
traffic,345,14356,17044,0.9210377103440373,0.2199411284357356,0.9126078,0.68591404,0.613909,0.38721526
traffic,253,14484,17172,0.9209423775503476,0.2642293285958196,0.27105498,0.03360653,0.29337716,0.011284351
traffic,335,15060,17364,0.9209349625578612,0.2678352589887844,0.96964335,1.4912604,0.9994358,1.461468
traffic,251,15636,16788,0.9208713613301184,-0.2989007674703682,0.5553973,0.600158,0.38839698,0.76715827
traffic,559,16020,16788,0.9207959670742252,0.0735988804874072,0.3835523,0.48643088,0.31411815,0.55586505
traffic,287,14100,15444,0.9207773773240392,0.2894050291032611,0.12611341,0.27160978,0.05492854,0.34279466
traffic,471,14292,16788,0.920771023719664,0.1518389298431408,0.26368976,0.3658955,0.14123726,0.488348
traffic,446,14676,17172,0.9207587231399148,0.2947660461313136,0.027273655,0.22045827,0.25328374,0.005551815
traffic,193,15060,16596,0.9207473649343606,0.2813746769230548,0.1390183,0.2344451,0.06375551,0.30970788
traffic,209,16340,17108,0.920728330222374,0.0077163772634155,1.0297356,0.737867,1.0407057,0.7268969
traffic,849,16724,17300,0.9207280263376046,0.1970426034083384,0.17351592,0.41265368,0.40154052,0.18462908
traffic,388,14228,17300,0.9206792004041732,0.2947842293528891,0.13010645,0.021788359,0.17758346,0.069265366
traffic,312,14292,16788,0.920678526590852,0.0658894371659559,0.004521847,0.15974545,0.096230745,0.25145435
traffic,258,14548,16468,0.9206763446555568,0.176955234840591,0.20759344,0.0006387234,0.31000662,0.101774454
traffic,67,14100,17364,0.9206621366876276,0.1748239498645683,0.79650974,2.4058437,1.4577643,1.7445893
traffic,326,14100,16788,0.9206406026983888,0.1260001186653692,0.25162733,0.0071059465,0.16088927,0.08363211
traffic,821,14676,16980,0.920612142157887,0.2298320646625439,0.35326242,0.18531394,0.10206747,0.065881014
traffic,317,15188,16532,0.9206118428296052,0.2496896520582966,0.020163536,0.29446507,0.0688355,0.2457931
traffic,77,15252,17364,0.9206051794320194,0.2194706244076912,0.51293385,1.2264946,0.8297471,0.9096813
traffic,27,14484,16596,0.9205715476935352,-0.0891403330084404,0.34378672,0.081536055,0.30335236,0.041101694
traffic,199,17172,17364,0.9205608547880212,0.2702953321361527,0.16130924,0.026597261,0.19646525,0.33117723
traffic,678,15828,16788,0.9205367296519206,0.1522871532144248,0.0812974,0.20749736,0.042593956,0.3313887
traffic,628,16340,17108,0.9205098111688776,0.1679576058146832,0.46266055,0.45835423,0.46886897,0.4521458
traffic,728,15508,16852,0.9204965362382452,0.0032866590706624,0.12758374,0.4335823,0.051199198,0.25479937
traffic,589,14676,15444,0.9204425622758664,0.0348163877763311,1.3683424,1.0041662,1.6824354,0.69007325
traffic,153,14036,16916,0.9204399729170256,0.2861518460365055,0.23024344,0.6710109,0.3550259,0.54622847
traffic,348,16276,16660,0.9204362054671242,0.1130097010252561,0.55614376,1.027415,0.95787454,0.62568426
traffic,495,16404,17364,0.9204109193362168,-0.0485792316327684,0.47617173,0.41284227,0.3709712,0.5180428
traffic,431,15508,16852,0.920389748805612,-0.036962521948712,0.11149216,0.008065224,0.085645914,0.18907285
traffic,55,15828,17364,0.9203897137159256,0.1767658646716224,0.033931255,0.22864962,0.47772384,0.21514297
traffic,318,15764,16916,0.9203809403293508,0.2604305562230786,0.05530262,0.17725527,0.36940873,0.13685083
traffic,556,14676,16788,0.9203754278041962,0.1729548585550142,0.84988356,0.5081929,0.6187749,0.73930156
traffic,52,14676,17364,0.9203487202205444,0.2341056137461228,0.17641449,0.02109623,0.22880149,0.03129077
traffic,246,14420,16724,0.9203332596971296,0.2602892441390578,0.58000565,0.32582772,0.67387867,0.2319547
traffic,164,14292,14484,0.9203327206916764,0.2017045956047245,0.29952836,0.67400694,0.6011703,0.372365
traffic,549,15508,16852,0.9203014225446204,0.2727874525031191,0.20629907,0.16463399,0.024705172,0.06637025
traffic,473,16340,17108,0.9203005029816173,0.2920500176226103,0.45554447,0.5128114,0.54809546,0.42026043
traffic,591,14292,16980,0.92030025784795,0.2940338194302401,0.025016427,0.29262996,0.15373266,0.4213462
traffic,564,14036,16148,0.920266709414629,0.2035699997918864,0.38170123,1.1133246,0.8675363,0.62748957
traffic,674,15636,16596,0.9202195820257528,0.1268488563677821,0.12389636,0.19212735,0.07078576,0.38680947
traffic,228,15060,16404,0.9202136345794276,0.291806866472233,0.110055566,0.049159884,0.33645725,0.27556157
traffic,106,15188,17108,0.9201954761315544,0.2895579930321111,0.6153028,0.7363219,0.648792,0.7028327
traffic,13,14164,16660,0.920187580817831,0.1413374739645711,0.5307529,0.41264915,0.5113275,0.43207455
traffic,489,16660,17428,0.9201541649391218,0.2655476627932001,1.5550244,1.5276349,2.4298096,0.65284956
traffic,99,15508,16276,0.9201137393287288,0.2660020156552672,0.42711973,0.6616328,0.6806376,0.4081149
traffic,506,15764,17108,0.9200806540848872,0.2492119849514042,0.070497036,0.08711195,0.07061684,0.087231755
traffic,329,15828,16980,0.9200547680512992,0.2614363798689707,0.10023594,0.12353325,0.013142586,0.010154724
traffic,859,16788,17364,0.9200358155724478,0.2993732772260419,0.21864331,0.66554403,0.49261153,0.3915758
traffic,140,16276,16852,0.9200318998294575,0.2758526714303379,0.16416979,0.32441306,0.42306328,0.06551957
traffic,383,14548,14740,0.92002607584301,0.297002595531824,0.23330736,0.2876935,0.32468843,0.19631243
traffic,718,14804,17300,0.9199966841875769,0.2668029039158477,0.22697878,0.24049091,0.22296977,0.24449992
traffic,139,15252,17364,0.9199946487313596,0.2501551312472096,0.64877236,1.6035023,1.054963,1.1973116
traffic,578,14100,17364,0.9199804450636088,-0.0052406085971768,0.7823063,1.8642461,1.3170391,1.3295133
traffic,796,17172,17364,0.919957593555014,0.2877481956565044,0.033555508,0.120419264,0.3169167,0.16294193
traffic,571,14036,14996,0.9199561662713484,0.2533538638513017,0.45679545,0.03848791,0.16407537,0.331208
traffic,230,16276,16660,0.919924743393324,0.2214396749952226,0.64258456,1.0290017,0.70945,0.96213627
traffic,553,14100,16788,0.9199173554128006,0.1730072233842249,0.10311496,0.3092183,0.341565,0.54766834
traffic,853,14484,16596,0.9199154944307792,0.2260034012697241,0.27280462,0.30743277,0.106458664,0.47377872
traffic,731,14292,14676,0.9199090567023568,0.2960591503340815,0.0056374073,0.078228,0.25852942,0.18593884
traffic,88,15828,16404,0.9199006841978656,0.2636721610848591,0.3874836,0.38565397,0.17558146,0.5975561
traffic,797,15508,16852,0.919892763487595,0.0702744320650816,0.12024164,0.5135474,0.016703844,0.37660193
traffic,803,14612,16916,0.9198754213881756,0.196149953435822,0.0496397,0.8075203,0.37034214,0.48681784
traffic,298,15636,15828,0.9198698263071576,0.1289605932972804,0.30349517,0.47525406,0.44312453,0.3356247
traffic,321,14484,16212,0.9198566744830072,0.2855766634152896,0.31735325,0.3374908,0.10894704,0.545897
traffic,203,16084,16660,0.9198034192046042,0.2761638682296407,0.87672555,1.8230999,1.2729598,1.4268656
traffic,808,15252,16404,0.9197876124479925,0.2669374789474473,0.5316093,0.44138265,0.5939288,0.37906313
traffic,453,14868,15060,0.919773888398094,0.2903166823467252,0.117978334,0.23123217,0.24519825,0.10401225
traffic,769,14164,17236,0.9197636371691652,0.1252093938287838,0.64450884,1.5620154,1.6335953,0.5729289
traffic,325,15892,17044,0.9197612037186282,0.2651855400299649,0.13801265,0.04710126,0.10598898,0.015077591
traffic,294,14164,16852,0.9197598647831045,0.1032408239460629,0.16624641,0.5529847,0.23269153,0.4865396
traffic,653,14100,16404,0.919752645552635,0.1467591014247332,0.103375554,0.5782207,0.0636183,0.617978
traffic,788,16148,16724,0.919750322438518,0.2982722693962487,0.02928543,0.061765194,0.099639416,0.06715965
traffic,503,14676,17172,0.9196917126604978,0.2126393693561241,1.1136808,0.21137285,0.5335834,0.7914703
traffic,162,16084,16660,0.9196889493465062,0.1959318578349957,0.92837787,2.3125503,1.3823068,1.8586214
traffic,60,16468,17428,0.9196483374864904,0.2472663097345872,0.074816465,0.2259506,0.17073035,0.13003671
traffic,60,14676,15636,0.9196304060412508,0.2200562256472171,0.20461035,0.8037404,0.8162477,0.19210303
traffic,547,14484,16980,0.919620471872439,0.1696253723560397,0.27877212,0.5071479,0.21642184,0.44479764
traffic,463,14676,15444,0.919616622647484,0.0572919122579048,1.2049668,0.9293628,1.2762836,0.85804594
traffic,215,16404,17364,0.9196143728197232,0.2657261385753349,0.27810693,0.40388608,0.4202025,0.2617905
traffic,106,16020,17364,0.9196081582743156,-0.233683906178058,0.0172925,0.14244533,0.034507036,0.19424486
traffic,327,15124,17428,0.9196041041649948,0.1438693943328898,0.98485684,0.5734122,0.67327094,0.8849981
traffic,138,15060,15636,0.9195763737436736,0.15596629205399,0.526736,0.42579842,0.585973,0.3665614
traffic,384,14164,16660,0.9195386736155734,0.2140600517668277,0.62211084,0.8788004,0.78051376,0.7203975
traffic,581,14996,16340,0.9194933471464338,0.2767751614499132,0.19666219,0.008459568,0.13665271,0.06846905
traffic,762,14036,14996,0.9194693573949064,0.1518411406412664,0.3292389,0.11877465,0.2442081,0.20380545
traffic,432,14164,17236,0.919451823713092,0.0649293677744236,0.6563294,1.3819011,1.5284234,0.5098071
traffic,353,14868,16404,0.9194313370027052,0.1239888289257973,0.21208358,0.18550444,0.060928583,0.33665943
traffic,406,15764,16340,0.91942827814649,0.281094251322808,0.3113997,0.47042537,0.6193185,0.16250658
traffic,227,14036,14996,0.919386944826975,0.0667325799115545,0.48321283,0.9775121,1.0010036,0.45972133
traffic,345,14036,17108,0.9193422089171088,-0.1090517656683728,0.23100853,0.09888065,0.20368624,0.12620294
traffic,43,14036,16340,0.9193393616062344,0.159324016518853,1.0503154,1.1675854,0.89282966,1.3250711
traffic,804,15828,17172,0.9193232452420064,0.2530634687744023,0.30945683,0.2636876,0.42880225,0.14434218
traffic,148,14100,15444,0.91931612287911,0.1941807681650762,0.03867376,0.073431015,0.041103244,0.07100153
traffic,134,14868,15060,0.919306640674016,0.2465300674410137,0.018784046,0.1831739,0.15944958,0.042508364
traffic,470,14484,16596,0.9192878770063844,0.2043598844304203,0.05650592,0.06683445,0.49768782,0.50801635
traffic,671,16404,17364,0.9192544687111058,-0.011245564357034,0.5833154,0.609319,0.49466348,0.69797087
traffic,643,14164,16084,0.919244181988031,0.2679722164860982,0.12784219,0.3231938,0.27010226,0.18093371
traffic,291,14804,17108,0.9191844041533768,0.2575113734575845,0.40070987,0.5630518,0.4771855,0.4865762
traffic,106,15700,17428,0.9191831793051456,0.2457862255212528,0.1511488,0.48838472,0.18678308,0.45275044
traffic,232,15892,16852,0.9191800130437284,0.2518669085445682,0.72213554,0.38486028,0.70113826,0.40585756
traffic,595,14804,17300,0.9191725022779422,-0.023618216024952,0.7257931,0.75466573,0.7981293,0.68232954
traffic,418,15252,17364,0.9191494747590452,-0.0219238002134189,0.58754396,1.3494005,0.9818373,0.9551072
traffic,33,14996,16340,0.9191171392006078,0.1560139299375644,0.07906318,0.24294806,0.2758777,0.04613352
traffic,172,14740,15700,0.919108322466911,0.1725460742417233,0.7156174,0.9773551,0.79609597,0.8968766
traffic,252,14484,14676,0.919104393457873,0.0602719245748029,0.1413064,0.9344375,0.97080994,0.10493398
traffic,797,14164,17428,0.9191013887370048,0.2979858000718968,0.44162345,1.1772134,1.0724695,0.54636747
traffic,497,16788,17364,0.9190904620223572,0.1485357892534445,0.6368823,0.68750286,0.59706044,0.7273247
traffic,813,14164,15508,0.9190867765716554,0.1295191302563197,0.16272092,0.2550428,0.13817334,0.27959037
traffic,696,14612,15188,0.9190834893386228,0.1777352288144711,0.008213282,0.20904994,0.027764797,0.18949842
traffic,810,15636,15828,0.9190727568745444,0.1408864589753897,0.6885104,0.5374112,0.47558832,0.7503333
traffic,296,14676,15636,0.9190710276144346,0.1800287410860596,0.042881727,0.90430045,0.70103025,0.16038847
traffic,420,15444,17364,0.9190520906413466,0.127877415719651,0.6272727,1.4981526,1.0669582,1.0584671
traffic,135,14804,17300,0.919038945334233,0.2706896177723805,0.15897942,0.28947794,0.11535907,0.3330983
traffic,218,15316,17428,0.9190240941737386,0.2436647257527619,0.44469523,0.80647504,0.8099396,0.44123065
traffic,429,14868,16212,0.9190236555054,0.2890569646424727,0.047514558,0.01699996,0.032447934,0.032066584
traffic,165,14484,15828,0.9189914441331224,0.2174197510316044,0.0045006275,0.07908797,0.007998943,0.09158754
traffic,142,16660,17428,0.9189360263162638,0.2905767250330971,0.41960382,0.53266764,0.5671592,0.3851123
traffic,381,14868,16212,0.918896612351395,0.2884493705560855,0.05687201,0.04219973,0.053177,0.045894742
traffic,487,15700,17236,0.9188893843316804,0.2915755811212464,0.4027747,0.5221635,0.28176272,0.6431755
traffic,439,15828,16980,0.9188186429995872,0.2938943459657039,0.10216117,0.147609,0.10267925,0.14812708
traffic,18,14100,14676,0.9187944750972123,0.2931844594456103,0.09347105,0.594959,0.59221005,0.09622002
traffic,836,14676,16980,0.9187874739602464,0.1298513546879069,0.4320233,0.59772635,0.10855293,0.274256
traffic,614,15124,15316,0.918758718514156,0.299126979077717,0.068027735,0.2964692,0.23886323,0.12563372
traffic,258,15700,16276,0.9187523206575045,0.2772157005045412,0.15052485,0.27790308,0.23606801,0.19235992
traffic,622,16596,16980,0.918734653962896,0.0241554642149531,0.42835295,0.3122952,0.34169996,0.3989482
traffic,149,14100,17364,0.9187239259655412,0.0236253900177497,0.75649,1.175736,0.8464875,1.0857384
traffic,757,14164,16852,0.918717201580172,0.2877539422012157,0.08070111,0.29069948,0.16189742,0.20950317
traffic,699,15956,17108,0.9187166894056116,0.2910811386591593,0.08823085,0.12390518,0.024778366,0.0604527
traffic,804,15124,15316,0.9187083661845552,0.2017192362208955,0.37532198,0.60730124,0.6180314,0.36459184
traffic,324,14932,15124,0.918662264861288,0.2794178664279882,0.22501504,0.26689065,0.29468167,0.19722402
traffic,124,14612,17108,0.9186483618771432,0.1992523357378632,0.08151603,0.093497396,0.13689327,0.3119067
traffic,724,14740,17172,0.9186266231223584,-0.0513954101235165,0.13205123,0.07540035,0.42003417,0.21258259
traffic,422,14356,17044,0.9185778649618052,0.2625482328036652,0.042165995,0.00088071823,0.19818807,0.15514135
traffic,808,14676,15636,0.918575969328044,0.1489609957757068,0.46125197,1.4021122,1.4647536,0.3986106
traffic,51,14676,16212,0.9185703258234732,0.2629768647540652,0.28483176,0.5312984,0.5318184,0.28431177
traffic,134,15764,16916,0.9185310986086476,0.0508610473494279,0.2660885,0.3965984,0.0036942959,0.6589926
traffic,594,15444,17364,0.9185281018702688,0.2679693601832284,0.75606394,1.500584,1.2245945,1.0320535
traffic,547,14612,17108,0.9185191102123844,0.2725485060876392,0.36584735,0.4502381,0.025661588,0.11005235
traffic,433,14036,16916,0.9185148449428334,0.1043835741819032,0.620172,0.4379846,0.08678043,0.09540701
traffic,69,14164,15508,0.9185062044352172,0.1543528567245356,0.54893064,0.4962709,0.5596285,0.48557305
traffic,13,14228,14996,0.9185033627609256,0.0745189296968144,0.5783216,0.61435246,0.69282854,0.4998455
traffic,701,15636,16980,0.9184977548261342,0.2594419518613257,0.514235,0.4644575,0.6058283,0.37286425
traffic,383,14100,14484,0.9184794240134292,0.0849346224158396,0.09588361,0.031582117,0.49772,0.4334185
traffic,762,14164,16276,0.918476147629125,0.2141144495898115,0.2553122,0.45438194,0.37282038,0.17375064
traffic,280,16660,17236,0.9184565842374474,0.2982409182857676,0.40627885,0.78169,0.7082443,0.47972453
traffic,387,16660,17428,0.9184189009716368,0.2264806318704379,1.3920395,1.3466964,2.1682892,0.57044685
traffic,517,14804,14996,0.9184016204280376,0.2560816311833136,0.055260897,0.011973619,0.00061154366,0.04389882
traffic,414,14676,16788,0.918387212765098,0.2588344973070252,0.015914679,0.2105422,0.122127295,0.104329586
traffic,648,15508,15892,0.9183721809111728,0.2782614161781302,0.2227683,0.40117764,0.38169694,0.24224901
traffic,647,15636,16980,0.9183658620158957,0.1375971782334293,0.3513534,0.35216188,0.537441,0.16607428
traffic,558,15508,17236,0.9183565383758728,0.0574757726992353,1.0973982,0.97116125,1.2032747,0.8652847
traffic,220,15828,16596,0.9183244694145803,0.2723415377993771,1.802778,0.98779964,1.8195162,0.97106147
traffic,47,14676,16980,0.918311875652792,0.2463572009466572,0.49197412,0.06657457,0.43108034,0.12746835
traffic,640,14484,15636,0.918293103281144,0.2901716126484783,0.016813278,0.25793338,0.02262783,0.26374793
traffic,453,14228,16916,0.918268502705586,-0.0874955302081906,0.14125681,0.14470804,0.06143129,0.06488252
traffic,222,15828,16980,0.9182634132292572,0.2472868838898833,0.17010689,0.3030398,0.23430252,0.23884416
traffic,797,15828,17172,0.9182490616256226,0.2600447835175824,0.6428299,0.214921,0.56931496,0.28843594
traffic,258,14228,17300,0.9182457389944636,0.2819444026922832,0.2027483,0.051351786,0.1950233,0.059076786
traffic,313,16276,16660,0.918223074749171,0.2693814735035313,0.60836256,0.9647465,0.7206582,0.85245085
traffic,386,14804,17300,0.9182037199614128,0.2707426208392269,0.07259703,0.001977682,0.1557982,0.22641754
traffic,136,14612,15572,0.9181955564569886,0.2638453779674381,0.033220053,0.07628119,0.01523304,0.058294177
traffic,480,15956,17108,0.9181713572449032,0.2892899606926955,0.27663517,0.57834965,0.4772532,0.37773162
traffic,486,14484,16980,0.9181636635582952,0.2599063553901413,0.10741019,0.33479476,0.13844085,0.3037641
traffic,318,15636,16788,0.9181260338231207,0.2378429922032828,0.079503536,0.0068154335,0.25380516,0.18111706
traffic,480,15508,16852,0.9181179399246168,0.0267321773966802,0.15657353,0.08341646,0.0755527,0.0023956299
traffic,322,14228,17108,0.9180953854579632,0.2742206590687094,0.06631291,1.0449219,0.4366001,0.5420089
traffic,832,15316,16468,0.9180908524029776,0.270137300020837,0.10385895,0.5830364,0.4296236,0.25727177
traffic,327,14996,16724,0.918002844225444,0.2557156442475632,0.04916048,0.12406516,0.067393064,0.0075116158
traffic,613,15828,16980,0.91798271844522,0.2983295572005538,0.06519365,0.04503727,0.22432756,0.20417118
traffic,197,14804,14996,0.9179772065477516,0.2468436422771976,0.49897575,0.79866076,0.59069943,0.7069371
traffic,837,14036,17108,0.9178936846601612,0.2758303887690871,0.3913368,0.013522625,0.2798518,0.09796238
traffic,744,14356,16276,0.9178774166373896,0.2737108330126919,0.21363378,0.35836983,0.29601693,0.27598667
traffic,249,16340,17108,0.9178739340904404,0.2188593749827932,0.6259775,0.63837934,0.76294374,0.5014131
traffic,552,14100,14676,0.9178724193057328,0.108766190367705,0.79504925,1.7041817,1.120074,1.3791568
traffic,8,15252,16404,0.917855540692441,-0.106131702797652,0.07349539,0.22935712,0.416906,0.26104426
traffic,549,14484,17172,0.9178116478494605,0.2974459109061164,0.35106206,0.16652918,0.5682256,0.050634384
traffic,154,15444,16788,0.9177961721643392,0.2955629201414103,0.3900931,0.20866513,0.33350146,0.26525676
traffic,387,14100,17364,0.9177819829065876,0.159297516762758,0.62625504,1.8029897,1.289787,1.1394577
traffic,29,14228,14996,0.917760639016694,0.1972981818358468,0.8193054,1.532732,0.973793,1.3782444
traffic,591,14100,16212,0.917740327092047,0.1672082390153049,0.23188388,0.10078478,0.2814871,0.051181555
traffic,651,16980,17364,0.917735508959532,0.1853538312202278,0.34512687,0.3142097,0.8167398,0.15740323
traffic,136,14996,15764,0.9177223749639328,0.0585937022144682,0.23548794,0.3623935,0.29688168,0.30099976
traffic,48,14676,17364,0.9177172045469008,0.2702741150372469,0.3270719,0.34510517,0.47978735,0.19238973
traffic,302,14676,15636,0.917700968942381,0.2249569804025628,0.028144836,0.07635379,0.007207155,0.09729147
traffic,127,15828,17364,0.917691563408052,0.0849015169712332,0.083749294,0.21300626,0.13178492,0.42854047
traffic,259,14036,14996,0.9176696958086998,0.2184667741044985,0.75790346,1.7440369,1.1121069,1.3898335
traffic,234,14292,16980,0.9176654782121344,0.2825832881346092,0.3709507,0.053073645,0.39230824,0.03171611
traffic,129,14356,14740,0.9176643886383372,0.2875222316282575,0.3264253,0.38310707,0.4103167,0.29921567
traffic,353,16148,17108,0.9176613642154756,0.0311901897155879,2.146462,0.8885273,1.7036698,1.3313193
traffic,107,16596,16980,0.9176571466930094,0.0747424500090116,0.4135449,0.29939675,0.4106543,0.30228734
traffic,99,14676,15828,0.9176490252023844,0.2461779935336459,0.041120052,0.32811642,0.22498584,0.14425063
traffic,21,14676,16788,0.9176425291906312,0.2354354540029934,0.36162448,0.9465511,0.5731908,0.73498476
traffic,45,16212,17364,0.9176319990345542,0.1704422683425381,0.3322258,0.3968742,0.50385857,0.22524142
traffic,238,14100,16404,0.9176296862453548,0.296451248260786,0.023403525,0.17210698,0.14045203,0.33596253
traffic,361,15956,17108,0.9176198809922462,0.064765425365006,0.003914237,0.5123979,0.12748337,0.38882875
traffic,15,14100,15636,0.917616271465541,0.2491784745589784,0.283216,0.3417778,0.35594773,0.26904607
traffic,523,14996,15764,0.917599130351248,-0.0159156428115373,0.7570534,0.8330207,0.9089694,0.68110466
traffic,132,15828,17364,0.9175864969378292,0.2189242184577517,0.08267021,0.016011715,0.1674416,0.06875968
traffic,59,14932,16660,0.91756810141984,0.2008301820346623,0.45655322,0.51790166,0.6360512,0.3384037
traffic,672,15828,17172,0.9175615958660716,0.1239587222567793,0.14051414,0.007822275,0.17750597,0.02916956
traffic,526,15636,16980,0.9175486242542736,0.2125635592223733,0.049262047,0.113850355,0.10536361,0.16995192
traffic,161,14932,17236,0.9175341157761708,-0.0117196938735627,0.34121454,0.22716737,0.016594052,0.13064122
traffic,61,15956,17108,0.9174540623403132,0.1801971561160397,0.5245011,0.6768886,0.53288615,0.6685035
traffic,544,15444,17364,0.9174534993689174,0.0044684751151977,0.78926873,2.901759,1.3080583,2.3829694
traffic,793,14164,16660,0.917440811947618,0.2588234359933845,0.39187646,0.38822055,0.49710035,0.28299665
traffic,127,16596,17172,0.9174142863027024,0.1833253806150494,0.5266888,0.20441723,0.20446658,0.117805004
traffic,82,14292,16980,0.9173893102118156,0.199788675579483,0.21556342,0.14252734,0.19472253,0.12168646
traffic,364,14676,16980,0.9173831659305922,0.2559599910072232,0.3032422,0.36684418,0.23709321,0.30069518
traffic,104,15508,16852,0.917367033069872,-0.0184620276574237,0.013032198,0.10420513,0.10680199,0.22403932
traffic,587,16660,17236,0.917343162172605,0.1718009393027451,0.59354806,0.72924256,0.7140727,0.6087179
traffic,808,14420,17108,0.9173381530922542,0.2976607903306867,0.33414447,0.08429849,0.2143544,0.035491586
traffic,295,14932,16852,0.9173028568417628,0.2216467311525688,0.2663095,0.3619151,0.2656114,0.3626132
traffic,381,16468,16660,0.9173013437546154,0.1173871799148946,0.67066395,1.2641652,0.87157905,1.0632501
traffic,633,14676,17172,0.9172891912302722,0.1347371020326189,0.40435696,0.21693206,0.08889055,0.098534346
traffic,818,15956,16916,0.917247901128094,0.0523566638536184,0.4873591,0.46313313,0.1709733,0.77951896
traffic,843,15636,16212,0.9172313192541433,0.2241762786486049,0.0030117035,0.0839107,0.07308769,0.1600101
traffic,644,14676,15444,0.9171817460272992,-0.0650967374897049,1.2311189,1.0618306,1.670803,0.6221466
traffic,72,16660,17236,0.9171646863275852,0.2204618334469442,0.5036545,0.75295293,0.760829,0.49577844
traffic,111,15252,16212,0.917119157039363,-0.1243293010608587,0.26141167,0.2432568,0.25233483,0.25233364
traffic,35,16212,16980,0.9171134289806258,0.2908847874951954,0.3619449,0.035800695,0.18806243,0.20968318
traffic,502,14036,16532,0.9170921418631688,0.1925888775575698,0.31231976,0.7240474,0.56399584,0.47237134
traffic,578,14228,16916,0.9170749611813508,0.1403325723174145,0.20192099,0.87286437,0.5726601,0.50212526
traffic,335,14228,14996,0.9170640686950264,0.2386787985078416,0.7103319,1.4081757,1.0212226,1.097285
traffic,526,15508,16852,0.917063927708762,0.080788701734878,0.015021086,0.11657095,0.03935194,0.092240095
traffic,167,16660,17428,0.9170561696695632,0.2089459937020779,0.6312845,0.73331547,0.8088348,0.55576515
traffic,709,14676,15060,0.9170485544271398,0.1807905891580583,1.4720919,0.75759983,1.2398486,0.98984313
traffic,161,16276,16660,0.9170390113542808,0.0372668453121919,0.56049466,0.7643759,0.6191485,0.7057221
traffic,237,14548,14740,0.9170263229130092,0.2268602420048123,0.053237677,0.012707233,0.016793728,0.05732417
traffic,546,14676,17172,0.9170231585251144,0.2715055509402315,0.9484408,0.47449636,0.6807139,0.74222326
traffic,320,16788,17364,0.9170187917786438,0.1837817164853494,0.6000805,1.3122764,0.8720641,1.0402927
traffic,642,15444,17172,0.9170137264891504,0.2405832226167442,0.88414073,0.49637866,0.6327436,0.7477758
traffic,513,15444,17364,0.9170123949841584,0.249385960868373,0.7623889,1.4972011,1.0435424,1.2160476
traffic,580,14676,15060,0.917001271672864,0.0187659199582156,1.5549092,0.8594129,1.5555817,0.85874045
traffic,119,15444,16788,0.9169855574027902,0.2845050644152087,0.21078622,0.11569393,0.4626565,0.13617635
traffic,238,15124,16468,0.9169729324001364,0.281083218556303,0.12576354,0.041342854,0.24671781,0.16229713
traffic,776,14932,16852,0.9169662303168136,0.2223910502936255,0.5057733,0.5623474,0.50603914,0.5620816
traffic,43,14164,17044,0.9169619049422444,0.2490390450784797,0.26230264,1.0814047,0.8947077,0.44899964
traffic,796,14676,16596,0.9169495961454948,0.0801468810090549,0.21433568,0.41112137,0.06751275,0.12927294
traffic,655,14804,17300,0.9169479636290312,0.2529904953766186,0.041964054,0.2722931,0.42921185,0.11495471
traffic,526,15252,16212,0.916946094765657,0.1640993864997988,0.12744248,0.08906424,0.012792468,0.20371425
traffic,360,14292,16212,0.916934904695722,0.2679807700334768,0.4572425,0.26671755,0.23110604,0.492854
traffic,498,14676,16980,0.916928434515159,0.1647455041135191,0.27060747,0.28750634,0.0038654804,0.01303339
traffic,139,14548,16660,0.9169267623042846,0.2409743559043264,0.7374042,1.8598096,1.2764047,1.3208091
traffic,274,14292,14676,0.916915160810578,0.2141461915127412,0.4067948,1.3084217,1.3806874,0.33452916
traffic,156,14100,14676,0.9169109203185712,-0.133542982973454,0.7501329,1.038181,0.79337096,0.9949429
traffic,231,14676,15636,0.9168759458811572,0.0779982076023329,0.5079043,0.994123,1.0626199,0.43940735
traffic,258,14676,15828,0.9167966196532024,-0.0880619339472768,0.015792608,0.19849062,0.074501276,0.108196735
traffic,721,16404,17364,0.916788303906052,0.2685377444011708,0.19098568,0.15189123,0.20221472,0.1406622
traffic,246,15508,16852,0.9167786004409314,0.2135691366098537,0.45049214,0.51775956,0.14142537,0.20869279
traffic,723,14676,14868,0.9167587899094012,0.250306610552899,0.03167534,0.102502346,0.031809807,0.0390172
traffic,473,14932,16660,0.91669592305869,0.1187385010167908,0.6844326,0.7860668,0.5548495,0.9156499
traffic,319,15828,16596,0.9166947433899336,0.158629891744164,0.6615455,0.58404255,0.37372518,0.8718629
traffic,621,15572,16724,0.916694366618645,0.2631150459632304,0.02965486,0.098706484,0.28610563,0.41446698
traffic,693,14356,15124,0.9166902272287708,0.2978634823067003,0.6285939,0.84150326,0.7840662,0.686031
traffic,443,14676,17364,0.9166647909313062,0.2276267651008134,0.3218634,0.10361099,0.38518643,0.04028797
traffic,816,14676,15060,0.916664489044763,0.1506655579981363,1.1952064,0.6472887,0.95454025,0.88795483
traffic,635,15380,15764,0.9166393373344917,0.2891689236649559,0.20803666,0.30894685,0.32781553,0.18916798
traffic,408,14100,14676,0.916633763466102,0.1477247112867108,0.07399368,0.52009034,0.71300554,0.11892152
traffic,732,14036,17108,0.9166330350603742,0.2916756811969789,0.044181824,0.84639776,0.3322277,0.46998823
traffic,269,14356,17044,0.9166325959688092,0.2555817576079833,0.019812107,0.3286674,0.1777792,0.1310761
traffic,61,14292,15828,0.916625005287537,0.293464752379201,0.71622944,1.0496902,0.8440318,0.9218879
traffic,323,15060,16212,0.9166155113305644,0.2743325333593381,0.33421886,0.36112118,0.27993798,0.41540205
traffic,766,14100,16404,0.9166062884599596,0.1513789898867539,0.020094633,0.6007452,0.3303697,0.25028086
traffic,37,16148,17300,0.9165837607216728,-0.0206883526221018,0.35281014,0.45475245,0.36005306,0.44750953
traffic,503,15828,17364,0.9165836484683364,0.2389058785415123,0.03566718,0.3412931,0.2700286,0.64698887
traffic,114,15380,16532,0.916564956832208,0.0859907029847158,0.4192828,0.4671247,0.6368686,0.2495389
traffic,76,14676,16980,0.9165587142750428,0.2046133949375738,0.3866732,1.0031152,0.83863115,0.55115724
traffic,685,16852,17236,0.9165343149163332,0.2624161519830222,0.2736807,0.26359355,0.30367112,0.23360312
traffic,783,14292,16788,0.9165258937599634,0.235145398993558,0.040249825,0.41828442,0.2950759,0.75361013
traffic,83,14676,15060,0.9165210935280986,0.0433301096151009,0.28135395,0.421921,0.364784,0.33849096
traffic,761,14100,16788,0.916503554097374,0.2175795986671785,0.0976218,0.2120899,0.2731613,0.3876294
traffic,615,16596,16788,0.9164905825196248,0.1833943926132047,0.089082,0.16870666,0.1876955,0.070093155
traffic,493,16596,17172,0.9164763589758208,0.2837938137557516,0.8481381,0.36786723,0.56671286,0.64929247
traffic,797,15572,16916,0.916467763996984,0.2532420490137897,0.48604554,0.48467624,0.21394259,0.21257329
traffic,396,15252,16212,0.9164513060778672,0.2710447301597006,0.094980955,0.1545769,0.13995743,0.109600425
traffic,621,14036,14996,0.9164506757504473,0.2762787713938504,0.49852073,0.76698756,0.85811746,0.40739083
traffic,716,15700,17428,0.916449764266927,0.2572961169588502,0.09884906,0.21767509,0.09508753,0.22143662
traffic,513,15508,16852,0.9164382817244088,0.2586751675374851,0.14609718,0.26721954,0.10027194,0.02085042
traffic,621,14100,16788,0.9164286564470372,0.2684693584288022,0.21327877,0.23790991,0.45910096,0.007912278
traffic,687,15124,15316,0.9164140100274212,0.1344550477726865,0.70790505,0.5664661,0.55213857,0.7222326
traffic,818,14484,16980,0.916391771440003,0.2459112071953925,0.13317013,0.6648967,0.30250764,0.49555922
traffic,69,14292,15636,0.9163909743547431,0.2821678686860035,0.16973281,0.18395114,0.2797048,0.29392314
traffic,702,15316,17428,0.9163803907560648,0.1535698077631916,0.46673012,0.91527367,0.883167,0.49883676
traffic,473,15828,17364,0.9163223120488198,0.1639586639137268,0.017191648,0.63086104,0.7009728,0.052920103
traffic,824,14612,17108,0.9163213292403968,0.2719084259042052,0.08235943,0.51177406,0.13773656,0.45639694
traffic,689,15828,16788,0.9163120874082517,0.1307099884141232,0.27941537,0.421489,0.26546335,0.43544102
traffic,425,14676,15636,0.91628916535158,0.2002587092799823,0.021978617,0.48106813,0.41703176,0.086014986
traffic,494,14676,15444,0.9162801943225138,-0.133979575907097,1.2213506,1.0481563,1.5563093,0.7131974
traffic,388,16020,17364,0.9162567179731732,0.1826278124842213,0.14432263,0.07201147,0.2129786,0.003355503
traffic,716,16404,16596,0.9162486974577412,0.2817719573216907,0.0046525,0.07605362,0.04652691,0.02487421
traffic,153,15636,16980,0.9162393693995382,0.2765709898926732,0.18200946,0.79622054,0.009558439,0.6237695
traffic,27,14420,17108,0.9162296077554574,0.2951129556632916,0.09405851,0.4241197,0.22469306,0.29348516
traffic,826,14100,16788,0.916216233104174,0.1860401627838527,0.2516024,0.14166951,0.33595514,0.05731678
traffic,208,14356,17044,0.9162123789372923,-0.2288314858227347,0.20359612,0.68397546,0.36031628,0.5272553
traffic,55,14420,16916,0.9162004746340864,0.2744743062945335,0.2211299,0.67995214,0.41844034,0.4826417
traffic,354,14420,17108,0.9161803628885036,0.2337787772334721,1.0881529,0.6996275,0.7676401,1.0201403
traffic,43,14228,16916,0.916179186634963,0.2844901769963719,0.74259555,0.26054335,0.6311377,0.37200117
traffic,151,15508,16852,0.9161695593601232,0.2139927122236966,0.020584822,0.036300182,0.10936546,0.16625047
traffic,145,14804,16340,0.9161285040447052,0.2848531718648016,0.58173895,0.65114856,0.5322585,0.700629
traffic,235,15188,17108,0.916127071177043,-0.0775357506496354,0.22068834,0.3159709,0.039505243,0.1347878
traffic,465,16788,17364,0.916114726687918,0.2085151198223557,0.7850357,1.0366004,0.7729093,1.0487268
traffic,780,14100,15828,0.9160883976581948,0.2953804291735625,0.40510237,0.69186234,0.6705164,0.42644835
traffic,492,14612,15572,0.9160849804699795,0.2442441698770412,0.4186933,0.7071378,0.7726283,0.35320282
traffic,626,15316,16276,0.9160832650509648,0.1807638019837781,0.0046212673,0.38113427,0.11737776,0.26837778
traffic,29,14612,16916,0.9160674680687894,0.2722336036974338,0.3998084,0.5393394,0.10320103,0.24273205
traffic,477,15764,15956,0.9160607317309686,0.2922141001784566,0.35334432,0.4374678,0.5469856,0.24382651
traffic,416,14612,16724,0.9160186723216314,0.2689370221187272,0.32926667,0.12147689,0.20527065,0.0025191307
traffic,638,16468,16660,0.9159795310700284,0.2283694202253023,0.4209659,1.1759369,1.0697367,0.5271661
traffic,143,14932,16276,0.9159535354176156,0.1130525276521811,0.04413724,0.0513227,0.112888336,0.017428398
traffic,628,14932,16660,0.9159467174336156,0.1275223599389306,0.7897968,1.2057052,0.7504828,1.2450192
traffic,556,16212,16596,0.9159443156221562,0.2505261287927127,0.20603752,0.15464926,0.007947922,0.3686347
traffic,453,16660,17236,0.9159411711383856,0.2682793649569945,0.83877444,0.9645008,1.1285081,0.67476714
traffic,476,16916,17300,0.9159342295756282,0.2071188073571998,0.11316514,0.11458206,0.06728387,0.06586695
traffic,206,16596,17172,0.9159171250997058,0.2670030931942806,0.65446687,0.48163748,0.52635574,0.6097486
traffic,811,16660,16852,0.9158806050321652,0.182214032977751,0.15386534,0.17210722,0.117427826,0.20854473
traffic,353,16340,17300,0.9158507813842848,0.2987633140102645,0.68333316,0.088764906,0.48231363,0.11225462
traffic,185,14036,16724,0.915846473109265,0.1958016479765056,0.41921628,0.90632385,0.4865178,0.83902234
traffic,378,14612,17108,0.9158438321095664,0.2181782411508234,0.31105256,0.5821248,0.2865675,0.6066098
traffic,531,14676,17364,0.915808687552447,0.2446726743605152,0.39538527,0.11740446,0.35934186,0.15344787
traffic,485,14228,16916,0.915804577728935,0.1897300474421392,0.1134243,0.66985416,0.27068686,0.285743
traffic,437,14100,16788,0.9157984830357884,-0.0346138009562375,0.50320613,0.30357742,0.443838,0.24420929
traffic,680,16596,16980,0.9157955619606016,0.1282051715332688,0.4483832,0.47416663,0.4362191,0.48633075
traffic,690,14676,15828,0.9157813469841692,0.1343655572309931,0.08320093,0.51943564,0.48871017,0.052475452
traffic,817,16084,16276,0.915748984929928,0.2342656701728291,0.3090726,0.2630508,0.27690136,0.29522204
traffic,604,14676,16980,0.9157435852440228,0.1400485462003441,0.3207333,0.48510647,0.023025513,0.14134765
traffic,354,15252,16788,0.9156986701444096,0.2696790875173382,0.2626267,0.4606874,0.7137348,0.009579301
traffic,299,15636,15828,0.9156868268416124,0.2551087642019707,0.41196918,0.4814489,0.49803686,0.3953812
traffic,664,14676,17172,0.9156842355581702,0.2543029750782725,0.54438806,0.010852814,0.30429673,0.25094414
traffic,714,16788,17172,0.9156683034283069,0.2579460026721611,0.23837876,0.002309084,0.17819929,0.062488556
traffic,603,15956,17108,0.9156494830211728,0.2839863675427839,0.017103195,0.5286727,0.093753934,0.45202196
traffic,761,14676,16980,0.915608099465668,0.2314175747339799,0.49326277,0.66104794,0.15681624,0.3246014
traffic,246,15828,16596,0.9155974380715808,0.1076055137068264,0.96004677,0.99602294,0.8485732,1.1074965
traffic,263,14100,16404,0.9155845501607636,-0.0086763909880781,0.2880143,0.49503112,0.039869547,0.74317586
traffic,531,15764,17108,0.9155601559121412,0.2643415810902454,0.01643312,0.043990374,0.25254416,0.19212067
traffic,589,15252,16404,0.9155311880135468,0.2483864379431499,0.6256377,0.5597706,0.68034095,0.50506735
traffic,180,15252,17364,0.9155249672569166,0.0023656021956231,0.59809947,1.8103257,1.170461,1.2379642
traffic,111,14804,17300,0.91552353915649,0.2392934255359284,0.14663339,0.08899355,0.27674794,0.041121006
traffic,28,14484,17172,0.9154942933460216,0.2565954059348778,0.25112772,0.22740865,0.43677998,0.04175639
traffic,608,14932,16660,0.9154821981709692,0.1878182147166079,1.0800595,2.368923,1.2005951,2.2483873
traffic,609,15508,16852,0.9154800749217712,0.0428798741063179,0.0067322254,0.093690634,0.08671093,0.18713379
traffic,359,16084,16660,0.9154331216714862,0.1987094220180705,0.88869095,2.4946945,1.4283011,1.9550843
traffic,79,14036,16340,0.915418970167492,-0.0343399633813665,0.3096578,0.021411896,0.15800953,0.17306018
traffic,396,14612,16916,0.9153983813112752,-0.0058634006819468,0.3113035,0.65532017,0.50115764,0.46546602
traffic,545,15060,15252,0.9153982924913828,0.2593138870005002,0.1252687,0.17072105,0.16699445,0.1289953
traffic,685,14228,17300,0.9153972207910016,0.1518753127998717,0.17293441,0.06042385,0.29972732,0.06636906
traffic,27,16084,16468,0.9153922466113192,0.1643632708883378,0.14458823,0.18929029,0.422539,0.08866048
traffic,637,14100,17364,0.9153701796460252,0.1763403292885933,0.85013354,1.341598,1.2628654,0.92886615
traffic,216,14164,16852,0.9153666054206036,0.0078495912173543,0.05699849,0.37430596,0.09502244,0.336282
traffic,153,14292,16596,0.915355991399959,0.2900852630753375,0.37466228,0.74516165,0.19477558,0.92504835
traffic,171,14100,16404,0.9153470033715068,0.1481817993469869,0.15113866,0.3718022,0.07677126,0.4461696
traffic,355,16404,16788,0.9153434763539108,0.2064435922710726,0.10804522,0.09328115,0.116849184,0.13161325
traffic,376,15508,16852,0.915342884864499,0.2048845416002954,0.31825042,0.12401867,0.03449273,0.40777636
traffic,486,15444,16788,0.9153267297386892,0.2693773732066647,0.038131237,0.00836885,0.14839745,0.11863506
traffic,813,14100,14676,0.915303640077164,-0.0270599252504362,0.8646287,2.2033863,1.202802,1.8652132
traffic,377,16852,17428,0.9152959523040496,0.2213447332217588,0.32388115,0.5854902,0.6036284,0.30574298
traffic,7,14164,16660,0.915293422371379,0.2770547454390362,0.49204302,0.05094242,0.2631719,0.17792869
traffic,198,14100,16212,0.9152785000083205,0.2873637743794403,0.09517002,0.12888396,0.02215743,0.20189655
traffic,235,14420,16916,0.915267038382884,0.2949255068100722,0.74944806,0.072065115,0.77927566,0.04223752
traffic,388,14548,16468,0.9152462466103616,0.1099348168411958,0.15953422,0.04164052,0.36496687,0.16379213
traffic,364,15508,16852,0.9152390837499352,0.2918022942911605,0.008523226,0.04846573,0.050231695,0.0901742
traffic,407,15508,17236,0.9151913215702436,0.2228268592500588,0.96634054,1.5246242,1.7319069,0.7590579
traffic,234,17236,17428,0.915175810151622,0.2750011909146772,0.39591217,0.67301583,0.64287806,0.42604995
traffic,290,14100,17364,0.915171047538755,0.052501461820489,0.50391924,1.2034048,0.96409774,0.7432263
traffic,713,14292,15636,0.9151478883664568,0.1184485182998506,0.016485691,0.042223215,0.020531416,0.07924032
traffic,25,15636,16596,0.9151393045057312,0.1347401764050147,0.23834515,0.30561662,0.03332305,0.5772848
traffic,242,15508,16660,0.9151112702651576,0.2600520880623884,0.36022377,0.14597535,0.3568797,0.14931941
traffic,87,15188,16532,0.915091255063028,0.2362291601299805,0.08670068,0.2847495,0.08914828,0.2823019
traffic,744,14292,16596,0.9150800012927776,0.1086117781152614,0.045078516,0.14581037,0.3445952,0.15370631
traffic,238,16660,17236,0.915073615144321,0.1388012473950308,1.6805004,1.3821051,2.2804627,0.78214264
traffic,330,14676,15828,0.9150593381980782,0.0455220953914402,0.5415242,0.10610175,0.3566172,0.2910087
traffic,811,14676,15636,0.9150545977158264,0.1912391363767473,0.08980608,0.36141372,0.25280285,0.19841695
traffic,427,14932,16660,0.9150426878963196,0.1392227192713029,0.7100053,1.3600676,0.88168764,1.1883852
traffic,178,15124,15316,0.9150423322518008,-0.107887063461784,0.36971164,0.93648314,0.81100416,0.49519062
traffic,311,16788,17364,0.9150386574268822,0.1342190270619102,0.7948786,0.78367925,0.5941986,0.98435926
traffic,224,14932,16852,0.9150376315607848,0.2888502634395463,0.053875685,0.15976119,0.17230153,0.066416025
traffic,347,15508,17236,0.9150241197288388,0.2963074528367775,0.32956934,0.76486695,0.7228291,0.37160718
traffic,235,14484,16980,0.9150177018572884,0.1807178517144667,0.36899805,0.27395177,0.56234026,0.08060956
traffic,494,14612,17108,0.914991452815618,0.2619678583268344,0.2816962,0.6096837,0.13750422,0.19048327
traffic,253,17236,17428,0.914988294943358,0.2446093088406507,0.21880996,0.41523802,0.40565097,0.22839701
traffic,717,15444,16788,0.9149792079132334,0.2140729745247732,0.083227396,0.23558843,0.21529198,0.367653
traffic,468,14036,16724,0.9149730146446036,0.2510716326905913,0.36245728,0.24287105,0.18081498,0.061228752
traffic,0,14292,14676,0.9149380449312232,0.2663990536166036,0.63807774,0.7932087,0.7727957,0.6584908
traffic,819,14676,15444,0.9149149992970648,0.1247435162346204,0.9677508,0.9581805,1.209929,0.7160023
traffic,749,14292,14676,0.9149044787036614,0.2919125560493706,0.17212033,0.17500424,0.49857187,0.49568796
traffic,402,14484,16596,0.9148950792995576,0.2787036415185046,0.54623365,0.823442,0.58172154,0.7879541
traffic,358,15956,16340,0.9148810327131792,0.2441934868336243,0.17323148,0.40194893,0.39773238,0.17744803
traffic,779,15316,16468,0.9148740782076572,0.2550493146279167,1.0238438,0.99162215,1.2438868,0.7715791
traffic,81,15764,16340,0.9148705280168395,0.1891101868949345,0.9105482,1.4303112,0.89744043,1.443419
traffic,284,16148,17300,0.914864726489232,0.178860160478163,0.018942595,0.2614398,0.3352666,0.092769384
traffic,687,14932,16660,0.9148591770167956,0.253625204736548,0.99232745,1.6434133,1.032908,1.6028328
traffic,672,14676,15444,0.9148566941988846,0.0606147420841346,1.1127143,1.1718397,1.4933981,0.79115593
traffic,467,15124,15316,0.9148053270441026,0.2523425090258108,0.35877895,1.067837,0.9710009,0.45561504
traffic,212,14676,17364,0.9147978047287152,0.2282103113106912,0.34078836,0.14556885,0.19957113,0.28678608
traffic,398,16084,16660,0.9147932618991216,0.172065187337909,0.8556613,1.6903999,1.1864668,1.3595943
traffic,749,16148,17300,0.9147720076967996,0.1161658153555287,0.3486793,0.91581774,0.72615075,0.5383463
traffic,789,14740,16276,0.9147683913659976,0.2557735539800996,0.39806986,0.37903988,0.4011476,0.37596214
traffic,470,16788,17364,0.9147655484104196,0.0808395545766684,0.22236061,0.18137193,0.35435176,0.04938078
traffic,493,14292,16788,0.9147564167007148,0.0875363726530781,0.2839563,0.39045763,0.09447551,0.5799384
traffic,140,14804,15572,0.9147290562189296,0.299897078769454,0.031014204,0.030288696,0.06084442,0.060118914
traffic,786,15828,16596,0.914689831398205,0.2540245080780726,0.68324184,0.63645303,0.4236467,0.8960482
traffic,33,14292,16788,0.9146650102967496,0.2378375237414609,0.30755305,0.34365177,0.2462542,0.40495062
traffic,849,15444,17364,0.9146517933674873,0.294787784828169,0.90493137,1.2042205,0.9384535,1.1706984
traffic,301,15124,16276,0.9146212329329756,0.1787791635165798,0.063144684,0.4691069,0.4313314,0.1009202
traffic,492,14484,16980,0.9146185559562204,0.2931807635097417,0.13126302,0.51199603,0.48652816,0.15673089
traffic,327,14292,15636,0.9145794976064284,0.2009266126419555,0.07362962,0.23311615,0.18023324,0.12651253
traffic,608,15572,17300,0.9145682912078166,0.2595469273580419,0.55074114,0.01948905,0.39610046,0.17412972
traffic,747,14356,17236,0.9145657463676816,0.2683334763069936,0.15933084,0.7697618,0.46764755,0.4614451
traffic,43,16852,17428,0.914563466279191,0.2745042558232925,0.7825649,1.2795913,1.6284224,0.43373376
traffic,485,14420,16532,0.9145601946683086,0.2691110836880258,0.7251047,0.58317983,0.7887149,0.51956964
traffic,448,14100,17364,0.9145519291035548,0.0207195654885488,0.38326585,0.7026061,0.5858028,0.50006914
traffic,365,16788,17364,0.9145042121902212,0.2950885917025008,0.35962057,0.73545337,0.6645396,0.43053436
traffic,312,15828,17172,0.9145021604678824,0.1670713919124971,0.26879668,0.2065928,0.4309554,0.04443407
traffic,347,14036,15764,0.9145014987583834,0.1238313800999907,0.2643671,0.24735796,0.2600708,0.25165427
traffic,368,14292,15252,0.9144974567893696,0.2786039705457293,0.18913388,0.13817406,0.08332062,0.24398732
traffic,844,16340,16724,0.9144692409673714,0.2902350974970578,0.012678146,0.20264673,0.1888783,0.0010902882
traffic,473,14484,14676,0.9144312386656994,0.1882926909150261,0.05072999,0.51739407,0.56177926,0.095115185
traffic,353,15252,16212,0.914415305308697,0.1713872964612708,0.05167818,0.2731613,0.27814412,0.04669535
traffic,3,14100,16404,0.9143943951050144,0.2002575979243272,0.07289207,0.09616411,0.199489,0.22276103
traffic,543,14676,17172,0.9143784443315084,0.1406292069857482,0.7742708,0.15557909,0.47678185,0.45306802
traffic,789,14292,16980,0.9143736171491994,0.189075831400729,0.4545555,0.9847019,1.0472839,0.3919735
traffic,317,15124,16468,0.9143723962038454,0.1683874402814824,0.1892581,0.2711196,0.10463357,0.35574412
traffic,748,16148,17300,0.9143688404769864,-0.2481140391598283,0.20217943,0.10249019,0.04008341,0.2645862
traffic,339,14996,15956,0.9143650969361364,0.1247520068488159,1.1798303,0.88517785,1.3181274,0.74688077
traffic,358,14740,14932,0.914336803089184,0.2894650981594323,3.671646e-05,0.062892914,0.03519559,0.027734041
traffic,137,15828,17172,0.914323884675925,0.293675104149953,0.118570805,0.19821739,0.041404724,0.12105131
traffic,615,14932,16660,0.9143128049562822,0.1376121557914532,0.7169095,1.1924524,1.026827,0.882535
traffic,823,16980,17172,0.9142975514026604,0.1880798120729779,0.3379991,0.4257419,0.4264202,0.3373208
traffic,665,16276,16660,0.9142962395332702,0.078083559760363,0.9059589,1.8947319,1.2667388,1.533952
traffic,73,15764,17300,0.9142841231958828,0.2187049378105893,0.7849156,0.8321655,0.88099676,0.73608434
traffic,342,14612,16916,0.9142700314161852,0.160304725646544,0.21734333,0.57153654,0.12587762,0.22831559
traffic,578,15380,16532,0.9142522787689918,0.2465401623850124,0.69516134,0.17697477,0.38921046,0.1289761
traffic,147,16596,16980,0.914248072847488,0.1699521035031513,0.6990714,1.0676064,0.6999583,1.0667195
traffic,833,16340,17300,0.9142435185293998,0.1464165671732186,0.22425604,0.17642617,0.27534413,0.12533808
traffic,2,15828,17364,0.9142186495527294,0.1914221836544797,0.28251636,0.3722043,0.52496374,0.12975693
traffic,457,16148,16724,0.9142150999805004,0.2266462533033843,0.1943655,0.0073974133,0.1771419,0.36411
traffic,226,14612,16148,0.914165682655694,-0.0107918092434328,0.14106154,0.43148947,0.42031407,0.15223694
traffic,213,15956,17300,0.914165338492634,0.2455824761908256,0.43109262,0.39310622,0.5299226,0.29427624
traffic,378,14164,16852,0.9141387899156442,0.0010407532401027,0.07277751,0.36573362,0.021098375,0.41741276
traffic,566,15316,16468,0.9141362518052616,0.2868047318502921,0.28137922,0.7202487,0.634465,0.36716294
traffic,848,15572,16724,0.9141264353931792,-0.020777435018414,0.48003173,0.6180537,0.8456476,0.25243783
traffic,564,14740,16852,0.914124397716513,0.2095299860232299,0.50665176,0.5602746,0.89835775,0.16856861
traffic,221,14100,16404,0.914123155716576,-0.032392043123711,0.04530835,0.6323718,0.18172288,0.49595726
traffic,532,14356,15508,0.9141212373759324,0.1263245304906498,0.015338421,0.026696444,0.021258354,0.06329322
traffic,626,14676,17172,0.9141061331434812,0.1751541961494605,0.31025982,0.03837514,0.13119555,0.14068913
traffic,381,14228,17108,0.9140517537023825,0.2580208869873513,0.080114245,0.35295665,0.027250648,0.24559176
traffic,571,15444,16212,0.9140377740948888,0.294155213841884,0.15513396,0.4595971,0.5143583,0.10037279
traffic,425,16212,16404,0.9139974418153164,0.2138023290127531,0.65886843,0.4262327,0.48925424,0.5958469
traffic,429,16468,16660,0.9139939240766344,0.111443031859433,0.6815996,1.4586656,0.95369005,1.1865752
traffic,304,14932,17428,0.9139842040291836,0.1985105997991712,0.22519076,0.2548198,0.06349051,0.03386146
traffic,634,14100,17364,0.9139729898106788,0.1668470031780546,0.49508595,1.5486243,1.1842208,0.85948944
traffic,429,14228,17108,0.913938799782624,0.2578157460515058,0.1483314,0.33007395,0.022582889,0.20432544
traffic,708,15124,16276,0.9139296617026342,0.1674593506182246,0.06009054,0.08934426,0.04451847,0.0152647495
traffic,561,14228,17108,0.9138984277527,0.251845334744942,0.10813773,0.30278742,0.019783735,0.21443343
traffic,746,14804,17108,0.9138692160966128,0.2973056260687844,0.7461896,0.9022603,1.0291348,0.61931515
traffic,240,14484,16596,0.9138671675016684,0.2544156660575362,0.8487773,0.528756,0.46954346,0.90798986
traffic,502,15508,16468,0.913834550488352,0.2913740418121028,0.093168974,0.03981614,0.080536604,0.05244851
traffic,729,14484,15636,0.9138164527331786,0.208698946820356,0.13887835,0.3068421,0.15105128,0.29466915
traffic,602,15764,16340,0.9138160827855494,0.1948513509266916,0.74112296,0.9394622,0.8918545,0.7887306
traffic,842,14996,15188,0.9138160710684926,0.2273929093948374,0.12173772,0.048323154,0.09652662,0.16994119
traffic,193,14740,17044,0.9137683235914807,0.2363926241905971,0.100018024,0.37885904,0.18126893,0.29760814
traffic,86,14100,17364,0.9137275755010672,0.0101735853003844,0.89168555,1.2072029,0.8586392,1.2402493
traffic,155,14932,16468,0.9137110906954086,0.1860722231939992,0.3277657,0.048330307,0.43269277,0.056596756
traffic,289,14420,14996,0.9137104830075404,0.2945974302775239,0.3046522,0.7147746,0.6378405,0.3815863
traffic,741,16404,17364,0.9136786821233686,0.045318335942194,0.04990506,0.0067646503,0.060508013,0.117177725
traffic,289,16852,17428,0.9136680964278556,0.2413149136666782,0.33711052,0.31139946,0.3843422,0.2641678
traffic,547,14100,17364,0.913629105683052,0.1106522637706804,0.7042196,1.8278468,1.3730786,1.1589878
traffic,715,15444,16020,0.9135279889946212,0.2196900503225451,0.37340856,1.3125036,1.1135337,0.5723784
traffic,227,14548,15124,0.9134570456809572,0.2380294088418074,0.2170074,0.40011144,0.4504968,0.16662204
traffic,206,14228,14996,0.9134204629899804,0.2125815690052702,0.60297453,1.2060428,1.0255407,0.7834766
traffic,138,15252,16788,0.913420048090922,0.297370686037966,0.13376796,0.29226124,0.52424634,0.09821713
traffic,559,14100,16212,0.9134192346852638,0.2025851940747797,0.19124436,0.37057292,0.3485918,0.21322548
traffic,468,15764,16340,0.913411066813368,0.150144736326145,0.9535488,1.5361288,0.8806044,1.6090732
traffic,771,14612,15764,0.9134092703937656,0.2634113239706535,0.271083,0.2927289,0.30655587,0.25725603
traffic,480,15828,17172,0.913387701818456,0.2930590559758903,0.26394892,0.0040955544,0.14532948,0.11452389
traffic,286,14932,15124,0.913380874383757,0.270929096375343,0.2673788,0.30369008,0.34400463,0.22706425
traffic,155,14996,16724,0.9133580318216836,0.183393559817019,0.081926584,0.5772443,0.35446143,0.14085627
traffic,699,14484,15252,0.9133579549312788,0.272275004998011,0.0610559,0.56205606,0.3506682,0.27244377
traffic,177,14292,15636,0.9133542937286382,0.2954886480791505,0.04035759,0.054534674,0.15848374,0.17266083
traffic,259,15636,16980,0.9133250481282258,0.0428212973846734,0.48109818,0.0635643,0.50516486,0.08763099
traffic,836,16788,17364,0.9133149086550548,-0.0254492145499572,0.709666,0.7530861,0.7838743,0.67887783
traffic,305,14036,14228,0.9132970887410018,0.0849903196926246,0.053608894,0.02594924,0.018962383,0.046622038
traffic,287,14228,17108,0.9132897209796572,0.1786538079611206,0.38639617,0.897491,0.20194077,0.30915403
traffic,587,14996,16724,0.9132816521298828,0.1976306607351288,0.34423804,0.18330097,0.14349294,0.38404608
traffic,161,14228,16724,0.9132645883486334,0.1869447051701634,0.14443469,0.3947487,0.09720826,0.34752226
traffic,93,14420,14996,0.9132453632773851,0.1227254480210865,1.0341864,2.0394454,1.0093615,2.0642703
traffic,246,14100,16404,0.9132154563162364,0.2153822300270521,0.3963629,0.070884466,0.5711734,0.10392606
traffic,676,14740,16852,0.9132125178776992,0.0522727590282422,0.16729784,0.10021591,0.16950297,0.09801078
traffic,348,16020,17364,0.9131862701868496,0.2482765105856361,0.22726679,0.056938887,0.10837293,0.17583275
traffic,208,14484,16788,0.913172840093692,0.0131530449102088,0.35843563,0.64482665,0.28773475,0.71552753
traffic,580,14484,16596,0.9131566662429712,0.0932596390091896,0.51585484,0.7832868,0.5147588,0.7843828
traffic,489,14484,16980,0.913141647125388,0.2753478121988758,0.13353515,0.49077702,0.17482519,0.53206706
traffic,77,14100,14676,0.9131363851345716,-0.0517743409555482,0.4159857,1.422953,1.0091567,0.829782
traffic,296,14164,14932,0.91312591960187,0.2121297595903101,0.30246377,0.31939602,0.20250273,0.41935706
traffic,8,16852,17428,0.9131150159952822,0.2010164883602863,0.56375194,0.813197,1.025679,0.35126996
traffic,770,14292,16596,0.9130800963632708,0.2627467527683669,0.6255219,0.40984452,0.083948374,0.95141804
traffic,554,15764,16916,0.913078853447859,0.2902308997228707,0.47959018,0.070456624,0.5704423,0.16130877
traffic,490,15956,17108,0.913078267878034,0.2115894833685741,0.16352248,0.25621414,0.02724266,0.39249396
traffic,6,14932,16660,0.9130780540227256,0.0233541221108425,0.9461523,1.6640482,1.0321013,1.5780993
traffic,227,17172,17364,0.9130746637427388,0.1729536697841703,0.40021968,0.13239837,0.7316959,0.19907784
traffic,5,15956,16340,0.9130668915701684,0.2747615480700752,0.9700229,1.8726187,0.9818363,1.8608053
traffic,320,16276,16660,0.9130627754053868,0.2447521784375485,0.6884638,1.7028325,0.99231684,1.3989794
traffic,537,14036,16916,0.9130569913219364,0.1403981827109183,0.10180044,0.7367389,0.6185994,0.21993995
traffic,761,15828,17172,0.9130366813208148,0.2296993046641479,0.37718415,0.1739273,0.19350743,0.009749413
traffic,772,16660,17236,0.9130181226190636,0.2021991785717632,1.1837959,1.3513325,1.7838643,0.7512642
traffic,208,15764,16916,0.9130092576458222,0.2528260014965313,0.07662177,0.13648248,0.15538073,0.36848497
traffic,859,14676,16980,0.9129798670781564,0.2610556670817016,0.13687396,0.35031796,0.1995709,0.0138731
traffic,142,14484,16596,0.9129783863180212,0.1492751487574416,0.21788979,0.13514447,0.11715865,0.034413338
traffic,268,15124,15316,0.9129528749359748,0.2148968778763427,0.043318033,1.0007882,0.81800437,0.22610188
traffic,65,14612,14996,0.9129522494629698,0.2415808911110991,0.40865326,0.56139946,0.6240957,0.34595704
traffic,111,16532,17108,0.9129513536403971,0.2840235528594796,0.526453,0.4844755,0.54550004,0.46542847
traffic,49,16660,17236,0.9129490692981131,0.1038086324257482,0.6097977,0.7922896,0.8997364,0.5023509
traffic,1,15956,17108,0.9129300679317868,0.2421276654326585,0.22836328,0.15333998,0.0341022,0.41580546
traffic,97,14740,16660,0.912926956031352,0.007743068858075,0.81587625,2.1940048,1.2625992,1.7472818
traffic,172,15444,17364,0.9128847617271526,0.2623119341761392,0.96317166,1.9550762,1.1661503,1.7520975
traffic,177,14484,16596,0.9128692166261028,0.0343517980601042,0.6980512,0.7741488,0.61939025,0.8528098
traffic,25,15828,17172,0.9128602468581076,0.2452444898313568,0.21216273,0.41498947,0.05846286,0.14436388
traffic,163,15828,17172,0.9128573006764296,-0.0389142816823382,0.41009712,0.31121874,0.047782898,0.14666128
traffic,673,14804,17108,0.9128531541430251,0.2793557111596973,0.06383109,0.15520883,0.09958458,0.19096231
traffic,351,15444,16788,0.9128293113389884,0.2378890035754925,0.21853983,0.22086799,0.41774654,0.021661282
traffic,485,15124,16276,0.912827341745488,0.1289064031352295,0.16553915,0.3907895,0.29444194,0.26188672
traffic,641,14804,16916,0.9128257680773126,0.2839245666704991,0.20211124,0.43859696,0.20382357,0.43688464
traffic,673,14676,15828,0.9128220775521764,-0.0697884268031971,0.034986258,0.5772023,0.4139068,0.12830925
traffic,503,15060,15636,0.9128034969767014,0.1159100602685316,0.90977097,0.8122895,0.69313216,1.0289283
traffic,508,16020,17364,0.9127963479695924,0.266818886027044,0.5236974,0.5108981,0.46839857,0.5661969
traffic,320,14996,16340,0.9127819404853146,0.115616609356835,0.21962261,0.34154725,0.2689104,0.29225945
traffic,285,16660,16852,0.9127634681974636,0.2886611384117402,0.20482898,0.09725952,0.14429522,0.15779328
traffic,710,14292,16404,0.9127507315316123,0.2918886321562935,0.34228563,0.46878862,0.22711015,0.5839641
traffic,654,14356,17044,0.9127494766079628,0.1552414031111525,0.26614976,0.60971487,0.13931847,0.73654616
traffic,455,16660,17236,0.91274796289192,-0.0103962732020831,1.253756,1.451601,2.1863847,0.5189725
traffic,325,14484,16980,0.9126616023713046,0.0346977084562762,0.21125436,0.42373705,0.29398155,0.34100986
traffic,528,14100,16404,0.9125912190427836,0.2622008667924588,0.19947863,0.62110007,0.42913795,0.39144075
traffic,516,16660,17428,0.91259077527105,0.2094460332194305,0.6547353,0.87475455,0.8602431,0.6692468
traffic,388,14612,16532,0.9125578569512924,0.2997732461135292,0.19383669,0.22835469,0.36264372,0.059547663
traffic,62,14100,14676,0.912534205436483,0.2915950963399765,0.665241,0.23701882,0.41538858,0.48687124
traffic,589,16660,17428,0.9125234162888446,0.0285136315675404,1.6148188,1.595891,2.605566,0.6051438
traffic,831,14996,17108,0.9124587944371032,0.1659898256187115,0.08989048,0.08322358,0.04053688,0.21365094
traffic,581,16660,17236,0.9124308353768456,0.1668004807372614,1.6852603,1.18928,1.9656866,0.9088537
traffic,67,14036,16724,0.9124167996817976,0.2386362244699676,0.40157187,0.85141087,0.10397422,0.34586477
traffic,213,14996,15380,0.912414958462487,0.2825934230687548,0.9388914,0.8958658,1.1243491,0.7104081
traffic,206,15508,17428,0.912399324324832,0.2762100885462616,0.69656754,1.246336,1.5276464,0.4152571
traffic,747,15956,17108,0.9123890175045832,0.1148095255335535,0.060902596,0.30068207,0.06523824,0.17454123
traffic,662,14228,14996,0.9123703598019756,0.1472251733096381,0.4993658,0.65397,0.6965847,0.4567511
traffic,221,15956,16724,0.9123286151053788,0.1783196048530249,0.427055,0.36316013,0.038870215,0.7513449
traffic,238,15252,16212,0.9123245524041932,0.2485121390005232,0.5182511,0.41717434,0.45491892,0.48050654
traffic,573,14100,15636,0.9122973817580972,0.2926783117761573,0.24234104,0.08796668,0.14771914,0.18258858
traffic,155,16788,17364,0.9122662178979756,0.2504405692318732,0.29750955,0.5963836,0.6248697,0.26902342
traffic,33,16596,16980,0.912242000811866,0.1865612750876125,0.28425908,0.058181524,0.33000898,0.012431622
traffic,506,14612,16724,0.9122043529792404,0.1714181538528613,0.06548357,0.0261662,0.07558322,0.11490059
traffic,510,14164,16660,0.912183723467766,0.1520866801237045,0.21042311,0.29906034,0.6337527,0.12426925
traffic,332,15828,16596,0.9121373914762584,0.20691161063547,2.136984,1.0368068,2.1947868,0.97900414
traffic,727,14548,17428,0.912132645368486,-0.0897743872460382,0.09832978,0.33783245,0.012622833,0.44878507
traffic,532,14612,17108,0.9120474897960196,0.227898824868713,0.102782965,0.47108793,0.15181613,0.42205477
traffic,202,15444,17364,0.9120248259631984,0.1096644088020111,0.6211915,0.90498066,0.7971735,0.72899866
traffic,149,14484,16596,0.9120216718348104,0.1071720149070701,0.5541483,0.29720843,0.10161352,0.7497432
traffic,807,14484,15828,0.912002860712372,0.2903044021666121,0.090435505,0.15042758,0.18611169,0.054751396
traffic,112,14292,14484,0.9119982733055516,0.2036845916773284,0.18148923,0.08360386,0.20758677,0.057506323
traffic,447,15636,16980,0.9119547597055188,0.1871115144669007,0.3653189,0.046527624,0.47553313,0.06368661
traffic,247,14036,14996,0.9119445996351612,0.151705200088096,0.34096313,0.015148401,0.20813107,0.11768365
traffic,474,15956,17108,0.9119399605191152,0.1651074845240144,0.24238181,0.12830961,0.09776628,0.016305923
traffic,740,15828,16596,0.9119111750947612,0.147891722436608,0.27716136,0.3700652,0.19156075,0.45566583
traffic,662,15636,16212,0.9118911160097238,0.2867255584987571,0.30823207,0.47611022,0.3375392,0.4468031
traffic,791,14996,16340,0.9118636287986202,0.191090505312169,0.030480862,0.44481277,0.38064194,0.0946517
traffic,22,14996,16148,0.9118612702807604,0.264611016774868,0.27806616,0.46155238,0.39762354,0.341995
traffic,420,14100,14676,0.9118543752402624,0.0428213448098261,0.5320253,1.4638743,1.1709461,0.82495356
traffic,43,15956,17108,0.9118489635661432,0.2254742316076396,0.1380285,0.7579851,0.2571603,0.3627963
traffic,312,14356,17428,0.9118363043760612,0.2836129612766446,0.10773182,0.21881366,0.08213377,0.19321561
traffic,155,14420,16148,0.9118331827054742,0.2709963692242409,0.51972485,0.28212357,0.4787202,0.32312822
traffic,133,14100,17364,0.911826035507883,0.138333605109372,1.1156863,0.9923258,0.80930126,1.2987108
traffic,851,14740,16660,0.911786850250688,0.2164156603631799,0.30525422,0.4892063,0.6373267,0.15713382
traffic,73,15252,17364,0.9117364619604322,0.2584820374010726,1.0426354,1.5782111,0.92706054,1.6937859
traffic,459,14484,17172,0.9117127520908208,0.2318291940595089,0.20647502,0.7512541,0.8165965,0.1411326
traffic,836,14356,15700,0.9117042808008934,0.1281311686355274,0.093097925,0.15199447,0.07786226,0.16723013
traffic,87,15892,16276,0.9117018842317745,0.0296913029442761,0.09941912,0.11473179,0.14074731,0.0734036
traffic,554,14932,16276,0.9116828450351055,0.1687742982185126,0.17415464,0.12828338,0.22558248,0.07685554
traffic,24,14676,15252,0.9116813335174684,-0.0617461053800112,1.5086995,1.063458,1.6813745,0.890783
traffic,324,14100,16404,0.9116582753655218,0.051944173740263,0.08471799,0.32440245,0.03575492,0.37336552
traffic,96,15316,16468,0.9116526982525636,0.2199051484958895,0.5161879,0.9803171,0.89116096,0.60534406
traffic,420,14036,16340,0.9116498833879976,0.2769348233395795,0.8055893,1.6887083,1.1170334,1.3772643
traffic,467,15636,16788,0.9116222726734808,0.1898495720654757,0.2878301,0.3970356,0.30913687,0.37572885
traffic,295,14292,16980,0.9116007323657622,0.2259406059781445,0.11073804,0.41518903,0.7653253,0.23939824
traffic,44,16468,16852,0.911568847885494,0.2819320695451819,0.056937695,0.07668424,0.15953946,0.02591753
traffic,27,16660,17428,0.91156509494911,0.2765212268677618,0.056660175,0.19530487,0.1059289,0.14603615
traffic,353,14100,15444,0.9115353828619364,-0.0512707181197587,0.6597092,1.165105,1.2714751,0.5533391
traffic,602,14612,16916,0.9115117243630636,0.2501515117512742,0.26079607,0.46389592,0.0035572052,0.19954264
traffic,727,15828,17172,0.91149076378969,0.0430183966732355,0.4666121,0.35310364,0.50518227,0.31453347
traffic,334,14484,14676,0.9114895211555804,0.2353489712980726,0.029150486,0.39670277,0.5457406,0.11988735
traffic,365,15124,16660,0.9114665270954838,0.1625319578094314,0.6517739,0.764683,0.6620896,0.75436735
traffic,269,14676,15636,0.9114591608035032,-0.0210358446331784,0.4019699,0.8324437,0.77677727,0.45763636
traffic,116,16020,16788,0.9114301501993568,0.0857349650999113,1.0665462,0.7218926,0.8305197,0.9579191
traffic,779,14228,16916,0.9114019156688464,0.2939318085482454,0.23054242,0.79041904,0.4745583,0.54640317
traffic,717,16980,17364,0.9113973012545636,0.246365981580773,0.39011788,0.05840683,0.32412696,0.124397755
traffic,813,15060,16212,0.9113858483585716,0.2257589573992205,0.36092854,0.28863192,0.2879845,0.36157596
traffic,554,14612,17108,0.911379850709728,0.2037056371267365,0.31352806,0.23143435,0.24998045,0.16788673
traffic,58,14484,14676,0.9113715877221036,0.1942917864107331,0.20573974,1.0544851,1.1827261,0.077498674
traffic,393,14100,16404,0.9113533897491398,0.2932805090551617,1.1330476,0.82177675,0.9711211,0.98370326
traffic,6,14100,17364,0.9113488116080426,0.0659163575508952,0.70652544,1.8882782,1.2544475,1.3403562
traffic,513,14612,16724,0.9112811161454554,0.1941777607200926,0.38026416,0.3060801,0.017801166,0.056382895
traffic,291,14228,16916,0.9112760741807188,0.2942499475663414,0.062288284,0.24499154,0.08982742,0.27253067
traffic,508,15060,16788,0.9112719782622648,0.2782673988211434,0.052340984,0.44746113,0.22808766,0.27171445
traffic,392,14676,16788,0.9112631652169766,0.2175885275308027,0.21647239,0.32510233,0.13336372,0.408211
traffic,263,14356,17044,0.9112279481173808,0.1727982485514116,0.7845888,0.6833352,0.55340147,0.9145225
traffic,730,14164,17236,0.9112266996363552,0.2627550857810413,0.50483155,1.0942706,0.99449444,0.6046077
traffic,500,14164,16660,0.911212339786112,0.1845578346790467,0.14942169,0.22253132,0.67308116,0.30112815
traffic,319,14164,17236,0.9112079602913262,0.2492744318482793,0.6260147,1.2214117,1.4074512,0.43997526
traffic,309,15252,16980,0.9112018357092958,0.2663118135730464,0.24885798,0.16578674,0.031508207,0.11457944
traffic,446,14868,16020,0.9111989217988108,0.2982860325067369,0.11754346,0.23850799,0.23518777,0.120863676
traffic,220,15060,16404,0.9111927338353816,0.2793434985299416,0.2657292,0.18394339,0.37701368,0.0726589
traffic,688,14036,16532,0.9111900667109204,0.2862310425241585,0.66420126,0.34281075,0.36043084,0.039040327
traffic,448,14676,15828,0.9111796231344998,0.1624502134447382,0.16362643,0.27935338,0.32150292,0.20577598
traffic,669,14740,14932,0.9111650313455488,0.2879882181638841,0.08210564,0.11634791,0.11647344,0.08198011
traffic,479,14612,14996,0.9110612190041404,0.2390784414109739,0.6472361,0.807569,0.7911358,0.66366935
traffic,716,14164,15892,0.911037086583915,0.2178483755367423,0.24340487,0.24106264,0.13033533,0.1279931
traffic,571,15060,16596,0.9110250079439552,0.0274469642681401,0.21566963,0.06662536,0.22142363,0.07237935
traffic,378,14484,17172,0.9110195900860188,-0.0787879609132271,0.65464854,0.2575488,0.42406154,0.4881358
traffic,399,14484,14676,0.9109840463414606,0.2207977119264957,0.055020332,0.32323146,0.16960812,0.43781924
traffic,118,15828,17364,0.910983849897644,0.0962538774976149,0.09975362,0.113306046,0.19120097,0.021858692
traffic,325,15764,16532,0.9108941291874558,0.1251422013928046,0.2710898,0.41634035,0.5045049,0.18292522
traffic,810,15124,17428,0.910880901164062,0.2729908056730935,0.09731448,0.32622492,0.015800714,0.4077387
traffic,491,14548,15892,0.910868173763314,0.2855534481918409,0.033255577,0.032961607,0.028298855,0.03791833
traffic,347,16084,16660,0.9108107302615384,0.2932261265494882,0.7862103,1.1789117,0.94857335,1.0165486
traffic,463,14484,17172,0.9107739135152,0.2828295660136927,0.35784364,0.49921656,0.563885,0.29317522
traffic,708,16660,17236,0.9107718675630108,0.1003952016402677,0.6707294,0.7875837,0.90488935,0.55342376
traffic,159,14804,14996,0.9107604361761152,0.2330370981505517,0.16387224,0.44261146,0.43402863,0.17245507
traffic,283,14100,16212,0.9107548230034328,-0.0220434054981348,0.1158607,0.14033186,0.28713214,0.030939579
traffic,342,14292,17172,0.910697106035914,0.1389602768820325,0.61660945,1.4790174,1.2086904,0.8869364
traffic,471,17108,17300,0.910693192408274,0.0974114625099169,0.6211724,0.88587785,0.73677826,0.770272
traffic,852,16788,17364,0.910682483548122,0.2521285929491228,0.439245,1.3025112,0.8335643,0.9081919
traffic,847,15572,16340,0.9106796922211357,0.269089975372972,0.79981446,1.3138831,0.9970572,1.1166403
traffic,822,15124,16660,0.9106757205793786,0.26862608777979,0.32746935,0.38522935,0.40888286,0.30381584
traffic,521,16788,17364,0.9106731700179186,-0.0368029244671245,0.34732652,0.46887493,0.4413197,0.37488174
traffic,536,15444,16404,0.9106523876927192,0.068607496667092,0.057489514,0.7101469,0.49885476,0.26878166
traffic,227,14612,17108,0.9106345480475224,0.0309510011525742,0.22319007,0.22043467,0.4974444,0.053819656
traffic,193,14484,14676,0.9106334566208988,0.2833425535638468,0.58342326,0.07053423,0.6597091,0.00575161
traffic,235,15444,16404,0.9106298781878582,0.0031944829043684,0.33174372,0.24103594,0.44534492,0.12743473
traffic,785,16660,17236,0.9106250164370592,0.2747973154015288,1.7676489,1.2932336,2.2043896,0.8564928
traffic,659,15444,16212,0.9106026279106249,0.2789918858567018,0.11893594,0.15408492,0.17974484,0.093276024
traffic,274,16404,17364,0.9105988971847504,0.1721938882333323,0.9307232,0.81913066,0.68276095,1.0670929
traffic,81,17300,17428,0.9105742609646378,-0.1709415442091734,0.502758,0.8097334,0.14912009,0.15785527
traffic,256,14036,16916,0.9105601658513522,0.248484647454792,0.045943975,0.29246378,0.07322931,0.17329049
traffic,313,14740,15700,0.9105510873880704,0.2614109225163779,0.13635445,0.020821571,0.042690516,0.07284236
traffic,492,14036,17108,0.910537083514342,0.2574689652286991,0.039256692,0.37302125,0.12649894,0.20726562
traffic,89,14484,14676,0.910534545943619,0.2704741599788263,0.69157314,0.9436245,1.0093539,0.62584376
traffic,215,15508,16084,0.9105219415977494,0.2163293136897431,0.13127422,0.25924015,0.19118667,0.1993277
traffic,459,14996,16340,0.9104880841886502,0.1190635399892561,0.14496684,0.25827384,0.16574693,0.23749375
traffic,23,15316,17428,0.9104791365132968,0.2187517910764611,0.07701039,0.27574706,0.043712854,0.15502381
traffic,565,15636,16788,0.9104636682796988,0.0896828719375159,0.74412847,0.3879118,0.42170882,0.71033144
traffic,178,14740,16084,0.9104395488024672,0.290638826533113,0.04961729,0.20619011,0.19895577,0.056851625
traffic,110,15124,16468,0.9104359393974089,0.1075427987547507,0.05354023,0.1020515,0.038018942,0.19361067
traffic,259,14612,17108,0.9103813239933958,0.2046351095067091,0.23869026,0.6408299,0.027337074,0.3748026
traffic,214,14548,14740,0.9103811553080572,0.1631225848610063,0.0010023117,0.040286064,0.005975008,0.035313368
traffic,631,14548,15316,0.9103778457755456,0.2789986200286635,0.0007760525,0.07059455,0.2012446,0.12987399
traffic,2,14996,16916,0.9103651610855592,0.0914925655735453,0.3034296,0.39787555,0.13936472,0.56194043
traffic,105,15572,16916,0.9103514163338248,0.2989924160754346,0.106059164,0.09757012,0.22129044,0.2128014
traffic,54,15444,16404,0.9103451295659338,0.090062637576656,0.58008647,0.065399885,0.34880447,0.29668188
traffic,506,14676,16980,0.9102762943387818,0.2199764719798355,0.37487364,0.08688021,0.28210425,0.0058891773
traffic,682,14484,16404,0.9102633459074272,0.2613370676438711,0.47669291,0.42850113,0.0765903,0.82860374
traffic,463,15124,17428,0.9102443559513496,0.2998021140527309,0.014457703,0.48748112,0.2887205,0.18430293
traffic,651,16660,17236,0.9101726306278088,0.1734784694861252,2.1274533,1.0177252,1.934519,1.2106594
traffic,348,15636,16404,0.9101354393557164,0.2965606704996334,0.16368389,0.009235144,0.10382211,0.27674115
traffic,261,16276,16660,0.9101226788948787,0.1881410684570832,0.73800373,1.4759848,1.0346429,1.1793456
traffic,12,14036,16916,0.9101129366393366,0.2382734019863081,0.09622729,0.58251464,0.23615229,0.44258964
traffic,209,14484,16980,0.9100941136024364,0.0766580067615362,0.10579133,0.03369975,0.22112536,0.36061645
traffic,367,15124,16276,0.9100345070903288,0.2600785664455713,0.22442079,0.7237736,0.62240815,0.32578623
traffic,257,14676,16980,0.9100312531581202,0.2359845077284288,0.4676044,0.33012867,0.22038722,0.08291149
traffic,87,14612,14804,0.9100303246394584,0.1214292431364787,0.08214307,0.0011742115,0.047232866,0.036084414
traffic,785,15316,16276,0.9099587309570606,0.2322047336781579,1.2589072,1.0938419,1.5706543,0.78209484
traffic,495,14164,16276,0.909905966051372,0.2201943442330835,0.017276764,0.61955404,0.41248226,0.22434855
traffic,523,16724,17300,0.9099054822004358,0.2591051062377578,0.045612812,0.08851123,0.14367986,0.10078144
traffic,280,16404,17364,0.9099042931963064,0.2763806995517983,0.2772839,0.40577197,0.4351306,0.24792528
traffic,310,15316,16468,0.9099019092484754,0.2461410620444458,0.04879284,0.4753281,0.2333883,0.29073262
traffic,202,15956,16532,0.9099013221460588,0.233035773101839,0.2701652,0.32476568,0.35582447,0.23910642
traffic,629,14484,17172,0.9098929993334532,0.1137487335755613,0.031571865,0.09335184,0.20819283,0.08326912
traffic,350,14932,15508,0.9098922450752318,0.1603243536905542,0.54781866,0.80797315,0.79054546,0.56524634
traffic,554,15636,16596,0.9098782400646632,0.0752209306195417,0.44632065,0.019539237,0.6143054,0.18752396
traffic,791,14228,14612,0.9098388919883252,0.2706939863863579,0.13578641,0.23777974,0.24571967,0.12784648
traffic,491,16660,17236,0.9098225270464948,0.1097097071144694,1.0844505,1.1394111,1.54726,0.6766015
traffic,839,15956,16532,0.909787444356549,0.0748471913192859,0.042784214,0.12434125,0.21052551,0.04340005
traffic,480,15252,16404,0.9097626911529064,0.2882945866353734,0.07714951,0.17676115,0.08811295,0.16579771
traffic,395,15444,17364,0.9097597836398656,0.1896089673930253,0.714915,1.6110356,1.1073322,1.2186184
traffic,207,14356,16852,0.909751115322744,0.2076140086673471,0.21047282,0.009720802,0.08267999,0.13751364
traffic,19,14292,16788,0.9096894132140144,0.2805059221163405,0.79975486,0.75489676,0.75353694,0.8011147
traffic,278,14740,16660,0.9096817541049512,0.1268885137392663,0.7030258,1.6697063,1.0029233,1.3698089
traffic,747,16148,17300,0.9096682016786674,0.1303146504231511,0.065565586,0.35017323,0.09818101,0.3175578
traffic,494,14100,17364,0.9096595192683516,0.1410702389805073,0.6929277,1.8443642,1.3174856,1.2198063
traffic,79,15764,16916,0.9096403865082172,0.2959159981448371,0.25847042,0.2513579,0.48775232,0.02207601
traffic,650,15636,16980,0.9096110846014828,0.1247594011267947,0.4487059,0.3796723,0.5789583,0.24941993
traffic,398,15764,16340,0.9096095824957172,0.2896696273011038,1.0000294,2.197711,1.0862488,2.1114917
traffic,465,16084,16660,0.9095987953146776,0.2663409474372427,0.9118993,1.7722782,1.2582558,1.4259217
traffic,122,14292,14484,0.9095979860820654,0.2919581382697154,0.45927942,0.5179703,0.43423307,0.5430167
traffic,844,16276,17044,0.9095977001501524,0.2252154263623565,0.08013129,0.00033688545,0.055589676,0.024878502
traffic,122,16276,16660,0.909556232404853,0.1852455925785288,0.6272603,1.7813894,1.3101745,1.0984752
traffic,732,15252,16404,0.9095508580243372,0.2587481151767523,0.48948616,0.40587842,0.60662585,0.28873873
traffic,247,15636,16404,0.909548204177352,0.2433763584251606,0.03397751,0.2580073,0.08956361,0.3815484
traffic,214,14612,17300,0.9095466892925864,0.0273786746261829,0.44434452,0.9649832,0.81338525,0.5959425
traffic,684,14100,16212,0.9095241568408968,0.281107446637181,0.49595952,0.37269652,0.38702393,0.4816321
traffic,126,14996,17300,0.9095162443472972,0.1562056597129261,0.13492155,0.35186005,0.12541938,0.36136222
traffic,602,14292,16404,0.9094828208573632,0.2427904047769353,0.13596022,0.08457279,0.38926744,0.44065487
traffic,680,14100,16404,0.9094660340069104,0.152498466034009,0.07672715,0.41409218,0.089467525,0.58028686
traffic,635,14100,16020,0.9094585774242264,0.2865638924428806,0.4865384,1.8723353,1.2031547,1.155719
traffic,641,16212,17364,0.9094507525728216,-0.0670376211684071,0.50464225,0.7540176,0.6054902,0.65316963
traffic,304,16660,17236,0.9094015858903588,0.0479015002319134,2.032092,1.8142239,3.244584,0.6017318
traffic,690,14100,17364,0.909370720538194,0.1095790062402266,0.6858339,1.6720043,1.0994978,1.2583404
traffic,840,15764,17108,0.9093659273978446,0.2967132434255162,0.39246225,0.39579368,0.41454124,0.3737147
traffic,306,14292,14676,0.909356326550066,0.2286294111067158,0.46942568,1.2594627,1.2496933,0.47919512
traffic,2,15508,17236,0.909355722623805,0.2606048069716086,0.018007517,0.5610547,0.22989106,0.34917116
traffic,184,14996,15764,0.9093432729923088,0.2673309376769515,0.0784924,0.1729083,0.063189745,0.18821096
traffic,201,14036,16340,0.9093318242018092,0.2789577074323878,0.8211659,1.8586962,1.125925,1.5539372
traffic,816,15252,17364,0.9093094347903244,0.2408019505222128,1.1456448,1.1542017,0.7304692,1.5693773
traffic,338,15060,16788,0.9093047945947832,0.2347888433528721,0.24270678,0.27893353,0.3586836,0.16295671
traffic,628,14484,17172,0.9092996029748536,0.1223156393028812,0.09243536,0.13193297,0.06753445,0.29190278
traffic,535,14228,14996,0.9092982155770408,0.1691559881289177,0.87196076,1.7865856,1.0839108,1.5746355
traffic,216,15956,17108,0.9092973515056074,0.2444800861789466,0.5154809,0.6412407,0.55733407,0.5993875
traffic,600,14612,16916,0.9092781642331246,0.252045698282449,0.01604724,0.17432141,0.0004975796,0.1577766
traffic,14,15764,17300,0.9092748834360448,0.1534903663337588,0.33738184,0.36395574,0.42899323,0.27234435
traffic,554,16660,17236,0.909266522616782,0.2642203666924591,0.94959855,1.1460948,1.4451374,0.65055597
traffic,13,16404,17364,0.9092612436833528,0.1157071704409912,0.6582695,0.7157593,0.55778515,0.81624365
traffic,140,14612,15188,0.9092507220915396,0.1869015924061954,0.0315454,0.34983778,0.39175868,0.0734663
traffic,43,16084,16660,0.909248023576641,0.1586793970197308,1.2651042,1.5259609,0.89089596,1.9001691
traffic,492,15700,16852,0.9092277875742876,0.2712546444583252,0.029856324,0.19806445,0.3200426,0.15183449
traffic,133,15508,16852,0.9092261660300536,0.1004040565199425,0.24953246,0.55174875,0.08875561,0.21346068
traffic,724,16084,16660,0.9092068771285048,0.2221914925193751,0.094112635,0.029708624,0.17124414,0.2950654
traffic,740,16660,17236,0.9091971608376972,0.0640553240898708,0.6756995,1.2641296,1.4710255,0.46880364
traffic,138,15316,16468,0.9091802292014324,0.05851689617173,0.6713033,0.5267868,0.43665314,0.76143694
traffic,504,14164,17428,0.9091783527773052,0.2764203735049343,0.47452927,0.2797072,0.027842045,0.22266412
traffic,203,15060,17364,0.9091681336292826,0.0792259421866782,1.1472659,1.6231192,0.836558,1.9338272
traffic,619,14420,17108,0.9091394960744422,0.0812410427267881,0.3038131,0.12340915,0.35176802,0.075454235
traffic,225,16020,17364,0.9091347654361388,0.0664071427537612,0.69676185,0.37490296,0.5095413,0.56212354
traffic,787,14484,16980,0.9091173521397704,0.0706813216892154,0.074184656,0.2830453,0.08467221,0.27255774
traffic,266,15508,17428,0.9089892750315268,0.0328791322573641,0.20034266,0.3269608,0.26947355,0.2578299
traffic,657,14612,14804,0.9089222731321448,0.2803713709803768,0.153404,0.19420218,0.27914476,0.06846142
traffic,565,15060,16212,0.9089208227874386,0.2979060348168997,0.050890446,0.011852503,0.053515434,0.009227514
traffic,710,17172,17364,0.9089184386517438,-0.0528176412265983,0.42470765,0.25301766,0.076895714,0.6008296
traffic,401,15508,16852,0.9089004188181784,0.2986314000434147,0.12238121,0.13456202,0.2798233,0.022880077
traffic,125,15764,17108,0.9088938320670156,0.1531023774795867,0.07176733,0.34850246,0.18780762,0.23246217
traffic,544,14228,16276,0.9088812616454484,-0.0134404379538618,0.7097268,0.8594477,0.81415844,0.7550161
traffic,728,14036,17108,0.9088806975729824,0.2425413339993653,0.5086796,0.5467894,0.6765779,0.3788911
traffic,143,15764,16148,0.9088617548744684,0.2999996289184093,0.45087397,0.21224761,0.31063068,0.3524909
traffic,465,14804,17108,0.9088306047026103,0.22508073069939,0.4171605,1.0049884,0.762501,0.65964794
traffic,608,14228,16340,0.9088255930389284,0.094079131694935,1.1039937,1.90761,1.0748892,1.9367146
traffic,746,14228,15380,0.9088160259976596,0.2094861386626512,0.29675066,0.6362653,0.7151065,0.21790946
traffic,532,16212,16980,0.9087802914829596,0.2642719705081985,0.1558783,0.26848555,0.048311353,0.06429589
traffic,110,15060,15828,0.9087775249013784,0.2284198914633493,0.4288677,0.38436556,0.40484154,0.4083917
traffic,475,15508,17236,0.90874976790813,0.10341290272028,0.18587446,0.5312481,0.098989606,0.61813295
traffic,239,14740,16852,0.9087217944941548,0.2969401954853009,0.631336,0.70076144,0.62347245,0.70862496
traffic,533,16916,17300,0.9087199701100686,0.2786631586628486,0.21289039,0.24147308,0.23701358,0.21734989
traffic,710,14676,16980,0.9086112383059032,0.1189236929329401,0.22440481,0.00699687,0.25368404,0.036276102
traffic,276,15828,17364,0.9085813360804428,0.2835961989546181,0.3316574,0.42500877,0.7652111,0.008544922
traffic,184,16788,17364,0.9085577632270252,0.1906273942483702,0.109708786,0.34318447,0.30118704,0.15170622
traffic,594,15636,15828,0.9085128822176034,0.2789574941514103,0.33124602,0.72313094,0.6641942,0.39018273
traffic,308,14868,16788,0.9085063387232508,0.2973750968316621,0.3115722,0.3853488,0.5671804,0.1297406
traffic,664,14612,16916,0.9084842773354376,0.2220668778050808,0.041247964,0.5521711,0.22342253,0.28750062
traffic,713,14932,15124,0.9084771447949908,0.1865856654641681,0.20692968,0.28867364,0.3585689,0.13703442
traffic,68,14676,16980,0.9084765741241114,0.279622496719417,0.06411815,0.04889345,0.0954473,0.017564297
traffic,532,14676,17172,0.9084610791600326,0.2421893534911195,0.024275064,0.5063956,0.29013944,0.19198108
traffic,58,16276,16660,0.9084536316369932,0.2466317045030523,0.63938487,2.2292233,1.1837367,1.6848714
traffic,536,15508,16852,0.9084529455376972,0.1235176318468479,0.24819541,0.24406314,0.3156786,0.17657995
traffic,735,15572,16532,0.9084445176223652,0.2882574467461475,0.26232636,0.14468217,0.38223064,0.02477789
traffic,630,14484,16980,0.9084227102609168,0.2382461644173565,0.7708893,0.61639833,0.6593728,0.7279148
traffic,152,14100,14484,0.9083832520022442,0.0943219068139671,0.6244414,0.22856474,0.37614632,0.4768598
traffic,457,14164,16468,0.9083715405383256,0.2348417630531505,0.27787662,0.541075,0.41872358,0.40022802
traffic,161,14420,16916,0.908356712116794,0.1968181888909209,0.21552384,0.2179215,0.19916153,0.20155919
traffic,843,14100,16788,0.9083374074765792,0.2321612244564078,0.26008058,0.2754388,0.18791962,0.34759974
traffic,691,14740,16276,0.9083137047240036,0.2908252539735986,0.071421504,0.2519108,0.3155396,0.0077927113
traffic,602,14740,15508,0.9083015521328904,0.2592443756625881,0.5758277,1.285317,1.0295233,0.8316214
traffic,810,15444,16980,0.90822755958001,0.023405827626523,0.7367209,0.26177502,0.37645817,0.098487735
traffic,206,14740,15700,0.9081223227570968,0.2176899462306782,0.24945354,0.034126043,0.17546678,0.10811281
traffic,108,14100,16404,0.9081006322010048,0.0550602240521638,0.34744978,0.0026459694,0.52319026,0.17838645
traffic,574,15828,17172,0.9080875821836436,-0.0608032860259296,0.31707263,0.06495881,0.07615304,0.17596078
traffic,756,16788,17364,0.9080648746238792,0.1975944556652844,0.33329296,0.4751656,0.42805886,0.3803997
traffic,122,16020,17364,0.9080499817775216,0.13609692975015,0.37331367,0.16062903,0.17173457,0.36220813
traffic,475,15124,16468,0.9080227146267372,0.1835063421049303,0.0044994354,0.054670572,0.011202335,0.061373472
traffic,508,14804,17300,0.907999181430974,0.1933518703958889,0.12370038,0.46774542,0.24153972,0.58558476
traffic,227,15444,15828,0.9079895988808636,0.2681860444079962,0.3525648,0.80038714,0.83456683,0.31838512
traffic,785,14804,16916,0.907962290190966,0.1702813893256625,0.92217135,1.0331047,1.2631644,0.69211155
traffic,449,16148,17300,0.9079406547152334,0.2763742081238556,0.30177736,0.61569405,0.45865297,0.45881844
traffic,422,14676,15636,0.9079362352482268,0.0894227025645999,0.18132353,0.39147282,0.09757495,0.11257434
traffic,845,15124,16276,0.9079000312086274,0.2687426274588109,0.889421,0.67712843,0.6998365,0.8667129
traffic,9,16020,17364,0.9078809558704124,0.1317330524698244,0.78768253,0.6785264,0.66511154,0.8010974
traffic,449,14868,15252,0.907870043826746,0.2832569043938642,0.043679476,0.37996507,0.2976501,0.12599444
traffic,485,15636,16020,0.9078634294646256,0.2395641007201461,0.22540784,0.5993357,0.75635576,0.06838775
traffic,839,16660,17236,0.907842764886698,-0.0579098291498971,0.29673004,0.71678865,0.6624687,0.35105002
traffic,635,14228,17108,0.9077995583844162,0.1576324553925857,0.3101586,0.23652816,0.2184968,0.14486635
traffic,520,15188,16532,0.9077780169890098,0.1503337207689039,0.17795444,0.27061749,0.118513584,0.025850534
traffic,608,15060,17364,0.9077161532527388,0.2238470098049763,1.1090528,2.1251187,1.0955701,2.1386013
traffic,120,14100,16404,0.9077113274339051,0.1817350703207069,0.35793245,0.1472733,0.589509,0.08430326
traffic,579,16404,17172,0.907700256771074,0.2749988806383074,0.5599501,0.74615574,0.53169465,0.7744112
traffic,155,15764,17300,0.9076885902177364,0.2866915636853955,0.29587424,0.039571762,0.3496169,0.014170885
traffic,636,14292,16980,0.9076297856997376,0.1064726690514264,0.3061173,0.44317794,0.6599276,0.08936763
traffic,399,14804,17300,0.9076285169666636,0.1886724159006735,0.1930871,0.067070484,0.0660069,0.32616448
traffic,634,14484,17172,0.9076235636728448,0.2042083176472755,0.030397654,0.26447535,0.41496515,0.12009215
traffic,54,16276,16852,0.9075864179780596,0.2646011524419835,0.2541256,0.68047166,0.7288852,0.20571208
traffic,108,16276,17236,0.9075750567953272,0.067948359339548,0.24605083,0.0031335354,0.18520999,0.05770731
traffic,642,14804,17108,0.9075246110059616,0.0547099182162003,0.73852444,0.96752465,1.1553974,0.55065167
traffic,313,14100,14484,0.907509466949157,0.1920079715779537,0.2694013,0.09906483,0.20020008,0.16826606
traffic,380,17172,17364,0.9074653917835842,0.2395914512628927,0.30802917,0.056003094,0.4593706,0.095338345
traffic,704,15060,17364,0.9074503659400188,0.0984724912716706,0.92564625,0.9178933,0.85962945,0.9839101
traffic,218,15828,16980,0.90743794287442,0.2474696101769585,0.18579865,0.31481433,0.0940001,0.40661287
traffic,326,14804,17300,0.907437780581237,0.2165945015826053,0.35911274,0.49184132,0.4059099,0.44504416
traffic,795,15636,16980,0.90742437297113,-0.2147294378190051,0.16666341,0.3705263,0.42181778,0.11537194
traffic,801,14996,17300,0.9073891884225052,0.1349861207984015,1.0016754,1.2172189,1.406743,0.8121512
traffic,616,14676,16980,0.9073372186130612,0.2629871569971242,0.0040664673,0.41652977,0.1675601,0.25303614
traffic,317,14804,15956,0.9073252285024942,0.2497912459175981,0.02401042,0.12978101,0.018554688,0.0872159
traffic,782,15444,15828,0.907305869344553,0.0705385833408712,0.4286524,0.49631882,0.525885,0.39908624
traffic,54,16596,16980,0.9072964800749304,0.2277796805550813,0.23785245,0.065059304,0.111867785,0.19104397
traffic,748,16020,17364,0.9072928822912532,-0.0867769857402378,0.09987545,0.07214928,0.18911314,0.017088413
traffic,464,16020,16404,0.9072805830813204,0.0787498012758367,0.35981345,0.4455738,0.3340304,0.47135687
traffic,597,14484,16596,0.9072473128305966,0.2577366471647543,0.65542006,0.64648974,0.2455647,1.0563451
traffic,385,16980,17364,0.9072189495058663,0.1522863328592084,0.17323327,0.36107206,0.41813922,0.116166115
traffic,489,14612,17108,0.9072026479935824,0.2698655003932372,0.23689067,0.62332016,0.17684901,0.20958048
traffic,346,15636,16980,0.9071747869961544,0.0232572592807792,0.27910888,0.36419284,0.40732634,0.23597538
traffic,699,14164,15124,0.9071593016400586,0.2752089440115859,0.15044928,0.26751494,0.02128005,0.09578562
traffic,689,14292,14484,0.907066796569508,0.2793366739546698,0.13249063,0.26718092,0.27470636,0.12496519
traffic,837,15572,16916,0.9070662544833796,0.2993360572008439,0.5045607,0.172248,0.25451756,0.07779515
traffic,136,14676,15060,0.9070617802938156,-0.0475061320527961,0.10509539,0.49572408,0.40700316,0.1938163
traffic,666,15060,16788,0.907061047675622,0.2874110691377326,0.5643992,0.57790136,0.6331664,0.5091342
traffic,701,15572,16724,0.9070597487848652,0.1445235323412685,0.7341963,0.3821231,0.6527294,0.46359003
traffic,546,14100,16404,0.907034078757676,0.2831916940556475,0.15119386,0.09493232,0.1922996,0.05382657
traffic,179,15060,16596,0.9070095968583348,0.095164103136442,0.26124,0.14953494,0.15257335,0.2582016
traffic,225,14164,16852,0.9070039265777504,0.1254721075343094,0.2701769,0.6860151,0.6252644,0.3309276
traffic,52,15828,17172,0.9069881911091568,0.2743702701200948,0.19387937,0.20067763,0.1050086,0.11180687
traffic,541,15252,15636,0.906985705520048,0.2891520523297919,0.6601815,0.64059377,0.50005317,0.8007221
traffic,263,14292,16788,0.9069656846768464,0.1119822919384154,0.50688386,0.7158387,0.48878527,0.73393726
traffic,35,14164,16276,0.9069602923885084,0.2433283020860268,0.20992827,0.49637818,0.48778582,0.21852064
traffic,359,15572,16148,0.906950182691652,0.2610687387590302,0.48454916,1.3201578,1.0265428,0.77816415
traffic,147,14164,16852,0.9069465668293152,0.0754993762020587,0.16970849,0.5931268,0.25290728,0.509928
traffic,193,16148,16724,0.9069320944291664,0.2703856616810099,0.056952,0.32271218,0.106930256,0.27273393
traffic,756,14164,15892,0.9069074297129472,0.177294145902231,0.34014535,0.6144794,0.56828165,0.38634312
traffic,796,14484,16788,0.90689574030686,0.1699387401379221,0.34355068,0.07045436,0.15686917,0.11622715
traffic,631,14612,14804,0.906862741511119,0.297688278483231,0.2747364,0.10772538,0.1391952,0.24326658
traffic,404,14868,16404,0.906848408190478,0.2673816312587174,0.13719511,0.15440643,0.05078733,0.34238887
traffic,317,15060,16020,0.9068172157178434,0.2291092708198708,0.086336374,0.2732265,0.31866956,0.040893316
traffic,449,15444,15636,0.90680619700378,0.1870831423018692,0.2304759,0.38495255,0.39930916,0.21611929
traffic,271,14100,16212,0.9067920620323476,0.2350548785049071,0.105436444,0.29160404,0.25567806,0.14136243
traffic,246,14612,16916,0.906774301829964,0.2951487424538433,0.044245005,0.7696732,0.1293242,0.68459404
traffic,420,14868,16788,0.9067622532395092,0.2437707016188668,0.2466464,0.049221754,0.21131098,0.084557176
traffic,167,15636,16596,0.906756239413437,-0.0122901897252323,0.018206358,0.14846575,0.106672525,0.27334464
traffic,73,15636,16980,0.9067393035345814,0.2535110309468876,0.59406936,0.5091996,0.6866925,0.4165765
traffic,642,14036,16916,0.9067164717451188,0.246595884458612,0.41248822,0.6178782,0.096859455,0.30224943
traffic,728,14420,16916,0.9066938210953744,0.2259544531573824,0.5657109,0.4562428,0.58850634,0.43344736
traffic,330,14868,16788,0.9066884144742524,0.215523676212622,0.24912083,0.035749674,0.308581,0.09520984
traffic,433,14100,15636,0.9066852430593192,0.2596674214147751,0.31348133,0.18977547,0.23933077,0.26392603
traffic,552,16788,17364,0.9066826297587234,0.0352740532881182,0.8951427,0.94199896,0.73722184,1.0999198
traffic,85,14804,16148,0.9066765001908688,0.1856179125229778,0.14149141,0.16161442,0.2776494,0.025456429
traffic,311,14676,16980,0.9066350346151502,-0.0251012749574455,0.17501903,0.44478786,0.14847136,0.47133553
traffic,536,15252,16212,0.9066177600522534,0.2291981954835519,0.10466099,0.009536624,0.0891943,0.20339191
traffic,808,14100,16788,0.9066067257341068,0.2495005047623568,0.46164024,0.32397974,0.70218813,0.08343184
traffic,246,15764,16340,0.9065912083361108,0.2317156480754121,0.87443626,2.3877852,1.3970989,1.8651226
traffic,699,16916,17300,0.906569002106964,0.050744343853939,0.008682013,0.02011013,0.03625083,0.06504297
traffic,434,14100,16980,0.9065102665708036,0.2013933854275962,0.5615494,0.2596135,0.4413669,0.37979603
traffic,277,14100,16788,0.9064973838979372,0.288300239807575,0.48100817,0.44791508,0.6016836,0.32723963
traffic,423,15892,17044,0.9064802118911396,0.1822980643717245,0.45686895,0.50615776,0.771619,0.19140768
traffic,34,15444,17364,0.9064433275592134,0.2477730532055031,0.5868151,1.0583379,0.8727288,0.7724242
traffic,810,14164,15892,0.9064072203976196,0.2554693645052956,0.593112,1.0118662,1.0705826,0.5343956
traffic,711,14676,15060,0.9063986145456104,-0.0844038542261617,0.11176491,0.5097513,0.47506976,0.14644647
traffic,228,14996,16340,0.9063638309826056,-0.0335592873175301,0.042395115,0.096309185,0.016173124,0.037740946
traffic,297,16276,17236,0.9063637994500638,0.2742524908813074,0.1860292,0.13650751,0.13500679,0.18752992
traffic,687,14100,17364,0.9063221001014016,0.0966329103396164,0.8104745,1.5547875,1.0848234,1.2804387
traffic,614,16660,17236,0.906299627760405,0.11785024510792,0.80206084,1.033597,1.2819209,0.5537369
traffic,132,14164,17428,0.9062705233260168,0.2472367276255105,0.2744317,0.7576424,0.5931504,0.43892372
traffic,587,14228,16916,0.9062610340632132,-0.2312179829047976,0.07009649,0.2802205,0.03289497,0.17722905
traffic,597,16276,16660,0.906225118742485,0.2824166971643133,0.6713935,1.6599712,1.1818086,1.1495562
traffic,834,14676,17172,0.9062042064862208,0.2438204970447341,0.57259727,0.30038142,0.20055366,0.07166219
traffic,748,15124,16660,0.9061766181827005,0.2729091203282993,0.30871606,0.41603446,0.43334723,0.2914033
traffic,54,15188,16916,0.9061604241063518,0.1098044008859333,0.23765922,0.81345606,0.4771552,0.57396007
traffic,132,14612,16916,0.9061474450989224,0.1770346967080692,0.35197353,0.14593649,0.03610766,0.5340177
traffic,785,14612,16724,0.906124092227247,0.2589573019386938,0.103865385,0.66722345,0.22980452,0.33355355
traffic,456,15892,17364,0.906116394448822,-0.0269524158248949,0.7032572,1.8721772,1.6632547,0.9121797
traffic,758,14292,14484,0.9061000988781098,0.2481158860704103,0.32223475,0.4353032,0.40751195,0.350026
traffic,281,15956,17108,0.9060964615058862,-0.0795292913769876,0.21425486,0.24069571,0.13651478,0.3184358
traffic,762,16148,16724,0.9060883209727562,0.1851768690803608,0.5835066,0.29750884,0.31155324,0.5694622
traffic,231,14996,15188,0.906073976913608,0.145951293376304,0.39250946,0.028948069,0.054427862,0.4758854
traffic,161,16852,17428,0.9060679850344004,0.0997333447290584,0.92006946,0.9555297,1.3789933,0.49660587
traffic,571,14740,14932,0.905992784013288,0.2867479285452904,0.069610596,0.11182785,0.11454487,0.06689358
traffic,101,14868,16212,0.905989962394696,0.2489021748394644,0.034399033,0.16499043,0.1545186,0.044870853
traffic,240,14420,14996,0.905986593161246,0.2416772028696986,0.6478255,1.2528751,1.0784802,0.8222203
traffic,844,16020,17364,0.9059786652763012,0.2116559912182355,0.1092608,0.00720191,0.059283257,0.05717945
traffic,185,15956,17108,0.9059752281387212,0.1850066189232739,0.3806461,0.6174327,0.43059194,0.5674869
traffic,342,15956,17300,0.9059706540716465,0.2400319572242447,0.5050645,0.20062828,0.4563681,0.24932468
traffic,512,15316,17236,0.9059556862708916,0.2828571926046715,0.38845468,0.084682465,0.82458735,0.52081513
traffic,163,14292,14676,0.9059370774853016,0.0860532521878564,0.2906959,0.6372919,0.795202,0.1327858
traffic,289,14932,16660,0.9059275076965352,0.1886551514149017,0.65622854,1.0649474,0.8394482,0.8817277
traffic,718,14484,16212,0.905907243845217,0.2116356343763674,0.07749033,0.23052907,0.2610209,0.5690403
traffic,91,14164,14548,0.905905737986034,0.2764837767615526,0.09146857,0.1772821,0.019316912,0.06649661
traffic,304,15252,17364,0.9058945063954674,0.0651828764594103,0.7587234,2.0571265,1.2022797,1.6135702
traffic,791,16660,17236,0.9058913349210564,0.1998966313056873,1.0274527,1.4360714,2.027505,0.43601906
traffic,755,14484,16596,0.9058620482835644,0.1338634670626166,0.42009783,0.48719525,0.2946403,0.6126528
traffic,650,14100,16404,0.9058408900974476,0.1015925872235077,0.38962078,0.24308932,0.4328152,0.28628373
traffic,380,15444,15636,0.9058189454094812,0.1887636440125198,0.188707,0.26434076,0.2857114,0.16733634
traffic,748,15892,16852,0.9057799381967908,0.0882000524635124,0.2046802,0.30386662,0.36581016,0.14273667
traffic,63,14484,16980,0.9057682969222,0.2675519086545817,0.0019922256,0.38238764,0.0494349,0.33494496
traffic,194,14356,14740,0.905764098014447,0.1720384095565829,0.16267931,0.25999236,0.2078712,0.21480048
traffic,596,16212,16596,0.9057570651821388,0.2267661187226959,0.11987233,0.12494898,0.035544395,0.040621042
traffic,578,14932,16852,0.9057551999853344,0.2989011043340076,0.6288762,0.41596985,0.675683,0.36916304
traffic,531,14100,16404,0.905735689779168,0.298552202511708,0.056319,0.09341192,0.11305761,0.15015054
traffic,375,14676,15444,0.905726303403667,-0.1060286751146248,1.2506003,1.0409262,1.618034,0.67349255
traffic,291,16788,17364,0.9057256687139232,0.246676295008557,0.6297029,0.7042415,0.5974606,0.7364838
traffic,614,14612,17300,0.9057083743903884,-0.0204418591158039,0.36890912,1.1314416,0.854727,0.6456237
traffic,797,15060,17364,0.9056686637767118,0.2846256444051498,1.1067822,1.7667764,1.0659448,1.8076138
traffic,742,15188,16532,0.9056649122560348,0.18159945002818,0.08601403,0.1368792,0.0018806458,0.048984528
traffic,824,15892,16276,0.9056616867482256,0.1048628164772113,0.038458347,0.1282798,0.0048314333,0.17156959
traffic,713,15828,16788,0.9056540382206644,0.1913836912341016,0.059555054,0.1776166,0.054764032,0.17282557
traffic,86,14484,16596,0.905646302278132,0.0988956831330497,0.59815323,0.29938948,0.06668258,0.83086014
traffic,534,15124,15316,0.9056354124177556,0.033720685449172,0.38496184,1.1676173,1.0990665,0.45351267
traffic,767,14036,16916,0.9056289050085334,0.2738757213586012,0.02818644,0.241902,0.030741572,0.23934686
traffic,458,14036,14996,0.9056198155820362,0.2842573404817149,0.823576,1.2478921,0.96970224,1.1017659
traffic,9,14100,16596,0.905603089822526,0.194952752873466,0.4197836,0.101918936,0.47489047,0.046812057
traffic,532,15316,17236,0.9055578123993,-0.0448621876510341,0.37496853,0.7028432,0.5105624,0.5672493
traffic,122,14036,14996,0.9055360967242247,0.261296636757934,0.53001654,1.119628,0.9977573,0.6518872
traffic,724,14484,14676,0.9055355532272716,0.2264496886793284,0.35138726,0.07149911,0.14580488,0.2770815
traffic,340,15956,16340,0.9055305352621852,0.2194170777766415,0.36409807,0.69132996,0.67704344,0.3783846
traffic,350,14164,16852,0.905519645770634,0.1464641805843382,0.1618495,0.28499866,0.029740095,0.15288925
traffic,304,14548,17044,0.9054948302314428,0.2920292809132477,0.37563288,0.25536466,0.082493186,0.03777504
traffic,622,14292,16788,0.9054931614634668,0.1494128894655572,0.16769624,0.55731726,0.092586756,0.81760025
traffic,476,15892,16084,0.905477099380948,0.2699491392515054,0.1609087,0.007366419,0.01371479,0.16725707
traffic,41,14612,16916,0.9054370017969808,0.2764000301154704,0.17990088,0.5236423,0.15821528,0.18552613
traffic,51,14228,16916,0.9054029658553484,-0.2348669111612774,0.12822938,0.15379024,0.07111406,0.09667492
traffic,325,15444,17364,0.905402539290158,0.0454406440872904,0.3059752,0.64330316,0.7293782,0.21990013
traffic,704,16276,16660,0.9054006086638184,0.2809246177335086,0.6846415,2.1298468,1.2821826,1.5323057
traffic,45,14676,15828,0.9053743075445824,0.2967474087335965,0.028883696,0.30804443,0.23567414,0.043486595
traffic,754,16788,17364,0.9053718252384236,0.17822947413739,0.8919414,0.74844956,0.5948297,1.0455613
traffic,95,14100,14676,0.9053542833250272,0.0044155857663816,0.42721844,1.4382179,1.1706052,0.69483113
traffic,807,15508,16852,0.9053527223432412,-0.330482294217919,0.30038428,0.5403209,0.43356562,0.40713954
traffic,662,14356,17044,0.9053446921076224,0.2210300448081516,0.0836457,0.016768932,0.21487677,0.148
traffic,229,15444,16788,0.9053259688855972,0.2618813840639337,0.208354,0.36076093,0.40242457,0.16669035
traffic,215,16212,16980,0.9053169041461208,0.2823572589821835,0.016793251,0.4234743,0.2878592,0.15240836
traffic,91,14292,17364,0.9053081184262192,-0.2077128637814567,0.16684365,0.15477896,0.41710114,0.095478535
traffic,380,15508,17428,0.9052977247643664,-0.0257336909128988,0.6628525,0.71893144,0.8381473,0.5436367
traffic,619,15764,16916,0.905290307021423,0.1678367569487898,0.020272017,0.34352064,0.047831535,0.37108016
traffic,421,14164,16660,0.9052565048658098,0.0245988648473207,0.3206277,0.56233454,0.47860265,0.40435958
traffic,34,14164,17236,0.9052448327377176,0.2858530806011452,0.3461759,1.0314916,0.8821964,0.49547112
traffic,698,15444,17364,0.9052434397326332,0.2285536699530139,0.85728705,1.1867445,0.9322487,1.1117828
traffic,231,15252,16404,0.9052296639729912,0.1616574290693002,0.5300504,0.3173523,0.41503155,0.43237114
traffic,491,14228,16916,0.9052087712426043,0.0881552570233882,0.10332537,0.2809838,0.01712501,0.16053343
traffic,12,15828,17172,0.9051922536461368,0.1068312374646136,0.17892528,0.8225105,0.013743639,0.65732884
traffic,293,14484,16980,0.905191981901164,0.2194853925199704,0.07294083,0.0860455,0.087687016,0.24667335
traffic,199,14356,16468,0.9051825466609432,0.2997082683039985,0.19823885,0.17660868,0.06428957,0.4391371
traffic,541,14932,17236,0.9051553497948632,0.2930495959324486,0.06841642,0.5022665,0.14067072,0.43001226
traffic,537,15316,15508,0.905151121636758,0.2019837270621752,0.04325676,0.07139182,0.22805977,0.1999247
traffic,669,14356,17044,0.9051508475044066,0.2088337639317649,0.067418575,0.048529148,0.100692034,0.08180261
traffic,53,14420,16724,0.905147546196558,0.1813176982136995,0.113409996,0.13773203,0.032847166,0.21829486
traffic,768,14100,17364,0.9051402823854842,0.1546891002091953,0.7116583,1.727793,1.1188624,1.3205888
traffic,491,16020,17364,0.90513857347212,0.2802372022402647,0.2854731,0.3156867,0.38173676,0.21942306
traffic,779,14100,16788,0.9051368702837694,0.0360657108993784,0.036309242,0.23910522,0.28803086,0.49082685
traffic,281,17172,17364,0.9051340531363172,-0.0960431070776466,0.055753708,0.03258872,0.22063446,0.24379945
traffic,47,15508,16852,0.9051298910344968,-0.1051036435402389,0.046458006,0.027792692,0.10621643,0.031965733
traffic,450,16212,16596,0.905127176289102,0.0603387848757013,0.05502963,0.046978712,0.13703227,0.035023928
traffic,699,15636,16212,0.9051253097624902,0.2981505056545108,0.16116166,0.16252351,0.25361085,0.07007432
traffic,148,16020,16788,0.9051249053656,0.2147309249903806,0.36961555,0.28188145,0.09621048,0.5552865
traffic,770,14164,17236,0.9051205343190168,0.2240581690418195,0.6915293,1.4163795,1.5325911,0.5753176
traffic,810,14036,16532,0.9050983380200218,0.227376604440664,0.4955933,0.03025198,0.36035156,0.16549373
traffic,22,14164,17236,0.9050820330754306,0.1775005524368271,0.3181038,1.0021863,0.90967965,0.41061044
traffic,101,15700,16852,0.905076615165513,0.1945794360931321,0.10826111,0.11378455,0.12096429,0.10108137
traffic,512,15188,17108,0.905076539734003,0.281747978529087,0.36365628,0.66871405,0.06823826,0.2368195
traffic,640,14100,14292,0.905050211340224,0.130763299025631,0.19852698,0.04751706,0.08821511,0.15782893
traffic,147,15956,17108,0.9049842085237072,0.1584861365513099,0.5634099,0.65656126,0.5317929,0.6881783
traffic,91,14868,15252,0.90496018171789,0.0422626936491146,0.001847744,0.10514903,0.01945424,0.087542534
traffic,294,14100,16788,0.9049526103499969,0.185851285855504,0.034497976,0.4322567,0.08101225,0.47877097
traffic,673,14100,16788,0.9049326570208274,0.2446114573347187,0.14798737,0.033025384,0.1440643,0.029102325
traffic,367,14100,16788,0.9049263313171998,0.2408615862966863,0.14575648,0.18434477,0.22254777,0.26113605
traffic,155,15316,17428,0.9049181732256962,0.2987811308290702,0.22367597,0.50127614,0.12746811,0.15013206
traffic,678,15316,16468,0.904909307309546,0.0044884134903564,0.03576851,0.36969328,0.22280455,0.111120224
traffic,67,14228,16916,0.9049010373643324,0.2626235654283789,0.24653757,0.7554315,0.19681168,0.31208223
traffic,792,15828,16404,0.9048663989972556,0.2368572242120154,0.40148592,0.5683582,0.39611292,0.5737312
traffic,28,15508,16852,0.9048639590942515,0.1721388734140208,0.1902628,0.404274,0.1250217,0.4695151
traffic,747,14548,17044,0.904835923269176,0.2555471127029258,0.3492148,0.023571253,0.24832535,0.1244607
traffic,35,14996,15956,0.9048222703151928,0.2713492125273277,0.19912863,0.3494774,0.38968658,0.15891945
traffic,794,14868,16404,0.9048144853547928,0.2696127111580433,0.008392334,0.4331106,0.13787544,0.57937837
traffic,844,14164,16084,0.9047944549060296,0.09823149994325,0.21623755,0.24048924,0.06810331,0.09235501
traffic,221,14164,16852,0.9047937383091073,0.2312025403605796,0.12486076,0.348763,0.0026607513,0.22124147
traffic,136,16020,17364,0.904764429985273,-0.0039389331668259,0.11161184,0.18448043,0.11480975,0.18128252
traffic,579,15636,16596,0.9047629838329944,0.1629105503872404,0.04650688,0.054463625,0.20914364,0.10817313
traffic,254,15060,17364,0.9047477706196174,0.0653125181395816,1.0039455,1.2111506,0.79196155,1.4231346
traffic,507,14676,16596,0.904716264435342,0.0035475147735351,0.29255676,0.48956633,0.32181954,0.46030354
traffic,5,15252,17364,0.9047147534235558,0.257511423887765,0.7015204,1.4294927,0.98074526,1.1502678
traffic,780,14676,16788,0.9047122245878784,-0.1167788533862571,0.13201475,0.6198096,0.36617613,0.38564825
traffic,29,14932,16660,0.904702161270818,0.1198437387321788,1.1788142,1.8255304,1.078484,1.9258605
traffic,600,15828,16020,0.904675271857566,0.2167011006939374,0.004814148,0.026275635,0.097176075,0.11863756
traffic,54,14420,14996,0.9046563566486914,0.2741155085562459,0.6093112,1.2917374,0.9804354,0.9206133
traffic,686,14100,16212,0.9046442085592584,0.2837017336027191,0.38255334,0.31978607,0.30825305,0.39408636
traffic,801,14676,15828,0.9046184206805952,0.2324554087771331,0.05113554,0.62576294,0.5926697,0.018042326
traffic,711,15124,16468,0.904589907194638,-0.1524409169689127,0.5145782,0.3899119,0.38517368,0.51931643
traffic,164,15636,16980,0.9045831214864382,0.1733516328436022,0.026002407,0.25964355,0.11354995,0.3991959
traffic,96,14292,16788,0.9045724924180424,0.2835415785176143,0.24958158,0.4469849,0.11989164,0.5766748
traffic,188,15188,16532,0.904565340353171,0.225000292992204,0.12755561,0.54993945,0.08698714,0.3353967
traffic,259,16084,16660,0.904561946867186,0.2026769989906899,0.92732,2.2564273,1.3962082,1.787539
traffic,705,14292,16212,0.9045579961028156,0.299855341763286,0.3798809,0.38039434,0.29716277,0.46311247
traffic,335,15764,16340,0.9045511050094956,0.2807998437825385,0.999413,1.4325166,0.99343896,1.4384906
traffic,454,15124,16276,0.9045477621125568,0.2786102779126112,0.34567893,0.5722619,0.61896145,0.2989794
traffic,681,17108,17300,0.9045450139161422,0.2237193874022068,0.2598802,0.22277617,0.27957976,0.2030766
traffic,530,14868,16596,0.9045268144722326,0.2513310405960975,0.20307541,0.051249266,0.2947209,0.14289474
traffic,836,16084,16852,0.9045153247647504,0.2102195531536104,0.63528204,0.07590985,0.50100446,0.21018744
traffic,75,14292,14676,0.9045141167716352,0.1009243295506967,0.19313765,0.32097268,0.5859673,0.071856976
traffic,690,16084,16660,0.9045111388050526,0.2134577160869076,0.84012485,1.6587508,1.0700641,1.4288116
traffic,609,15956,17108,0.9044312211184355,0.2283919126072666,0.26587093,0.3168944,0.033042073,0.54972327
traffic,427,14612,17108,0.904420634005272,0.2417525571685795,0.010763168,0.14386821,0.096940875,0.23004591
traffic,687,15188,16532,0.9043788458857288,0.2345668794844828,0.114730835,0.69813704,0.45540643,0.35746145
traffic,704,14676,15252,0.904348915594848,0.2224286510177858,1.4303955,0.86701995,1.4077734,0.88964206
traffic,696,14548,17428,0.9043309315949783,0.2170201240249103,0.32719254,0.7455878,0.06992209,0.48831737
traffic,745,14676,16788,0.9043289148560112,0.2736948091518636,0.24511981,0.4642079,0.3456664,0.3636613
traffic,120,16788,17364,0.9043273209784456,0.1031472712545735,0.79562366,0.71294427,0.6737181,0.83484983
traffic,386,14484,16980,0.904312486344594,0.2965740676470889,0.07416558,0.09997678,0.121218204,0.1470294
traffic,696,16084,16276,0.9042869553874848,0.2571578139060735,0.040611744,0.028039217,0.07730436,0.06473184
traffic,65,14356,16660,0.9042818308625142,0.1146943334697728,0.45256615,0.4812727,0.6240616,0.30977726
traffic,549,15444,17364,0.9042686286104336,0.2868991327358383,0.7072604,1.608511,1.0726678,1.2431035
traffic,162,15572,16148,0.9042619152625796,0.2506576088167312,0.47487497,1.3520874,1.0608019,0.7661605
traffic,669,15188,16724,0.904258101777991,0.2061469543164739,0.025542498,0.3040371,0.106859446,0.17163515
traffic,376,14868,16788,0.9042433804590498,0.1975580972014725,0.09395909,0.04778838,0.17920065,0.037453175
traffic,51,16660,17236,0.904214576180889,0.2387325755920228,0.6603105,0.8262825,0.8593602,0.6272328
traffic,13,14420,16340,0.9042087851780138,0.2905426003975141,0.78082883,1.1915011,0.9107491,1.0615809
traffic,816,14612,17108,0.9041982492190392,0.2846675380349498,0.026737213,0.2251352,0.03670931,0.21516311
traffic,523,14164,14932,0.904195765512518,0.0982172412960824,0.72971916,0.7627524,0.91770935,0.5747622
traffic,197,16340,17108,0.9041758031918596,0.2688006975255751,1.1080544,0.7423322,1.0228934,0.8274932
traffic,599,15956,17300,0.9041535864044876,0.119263030146437,0.31826937,0.8806977,0.68916833,0.50979877
traffic,799,14420,16532,0.9041380170860336,0.1912630917079977,0.096701145,0.2537427,0.36000443,0.009560585
traffic,246,15572,17300,0.9041371593448344,0.2920128586705561,0.5460894,0.21592844,0.70639455,0.055623293
traffic,821,14484,16788,0.9041023404342852,0.2764948545477865,0.24197698,0.29777646,0.04681754,0.4929359
traffic,508,14292,16596,0.904089154178874,0.2327363849472383,0.14914513,0.3179915,0.7119312,0.2447946
traffic,231,14164,14740,0.9040847028617816,0.1825196804456163,0.71098256,0.5927024,0.7150967,0.58858824
traffic,25,14036,15764,0.9040797903507166,0.1572393519267323,0.05018574,0.29058325,0.26596904,0.025571525
traffic,485,14932,16660,0.9040288529461826,0.0363315604600344,0.79420185,1.293864,1.0740166,1.0140493
traffic,58,16788,17364,0.9040229696292554,0.226972938171878,0.9767231,1.4855106,0.8465735,1.6156602
traffic,642,15508,17236,0.9040223618153642,0.1298362337377757,1.2570302,1.0983909,1.4688582,0.88656294
traffic,96,16148,17108,0.9040100494361922,0.1052783983830566,1.503102,0.8609266,1.3141407,1.0498879
traffic,716,14996,15764,0.9039727883660152,0.236866399071606,0.011895418,0.24251604,0.03566885,0.21874261
traffic,334,14164,17428,0.903965706288756,0.284350903302842,0.033088923,0.17668438,0.07172799,0.21532345
traffic,843,14420,16724,0.903935295524734,0.2322583415160473,0.30926108,0.23365474,0.13876414,0.40415168
traffic,564,15572,16724,0.90391133573043,0.2812760354877678,0.3173921,0.31620705,0.14825809,0.14707303
traffic,641,15636,16980,0.9038608179118072,0.128173825511312,0.015084863,0.05902672,0.14852822,0.10458636
traffic,542,14292,16980,0.9038546351733394,0.1163790834151224,0.13882208,0.5293021,0.3899498,0.78042984
traffic,433,14740,15124,0.90384182884035,0.1756106060868043,0.17262083,0.49219918,0.51018506,0.15463495
traffic,188,14356,17044,0.9038362541192062,0.1791662808608223,0.0999496,0.6000589,0.02859974,0.6714088
traffic,438,14676,16788,0.9038323277394656,0.2518228876555423,0.13379669,0.29999387,0.13181663,0.30197394
traffic,681,14484,16404,0.9038249574872405,0.2560899712343052,0.49967265,0.43062103,0.09659767,0.833696
traffic,340,15124,15508,0.9038102416083796,0.1001237737795024,0.37559617,0.3141544,0.48503292,0.20471764
traffic,837,15124,16468,0.9037866770200068,0.2869081544746209,0.3413756,0.10486114,0.23882616,0.20741057
traffic,674,15828,17172,0.9037772978542574,0.2031295478140594,0.23716068,0.40192747,0.01652217,0.18128896
traffic,121,14676,15636,0.90372870152455,0.0751846366852083,0.18774986,0.48694253,0.1848464,0.114346266
traffic,286,14292,16980,0.9036810430736996,-0.1983586473743472,0.3507762,0.5772104,0.0059592724,0.22047496
traffic,93,15252,17364,0.9036793438620936,0.2735938934906055,1.0322496,1.7398463,1.0879344,1.6841615
traffic,665,15124,16468,0.9036322747402218,0.2625765643367639,0.05108857,0.3157407,0.004530549,0.37135983
traffic,177,14676,15828,0.9036101591185486,0.1232792525858388,0.5358949,0.16808176,0.31510544,0.3888712
traffic,836,15380,16340,0.9036072397837152,0.2901028625113685,0.16482258,0.16924524,0.31828308,0.01578474
traffic,334,14420,16916,0.9034829369001228,0.1729625330112639,0.1829114,0.6588478,0.34142077,0.50033844
traffic,254,14100,16980,0.9034219685663938,0.2255668206239603,0.49146795,0.2141788,0.30060863,0.40503812
traffic,362,14996,15956,0.9034123279164208,0.2380996806506466,0.5587642,0.6665766,0.61343575,0.6119051
traffic,612,14100,16788,0.9034028180663308,0.1900595977620929,0.23233128,0.10017681,0.52772236,0.3955679
traffic,277,15252,17364,0.9033958696017128,0.1268325980961841,0.7072172,1.695593,1.0908918,1.3119184
traffic,685,16084,16468,0.9033848760519528,0.2994545291791363,0.0015814304,0.023644924,0.17504573,0.15298223
traffic,123,14036,17108,0.9033693532999116,0.225311241240219,0.16629273,0.54383475,0.20777208,0.16976994
traffic,155,15252,16980,0.9033411859371644,0.2210466635725003,0.6232772,0.18761969,0.7251811,0.08571577
traffic,341,15764,16724,0.9032788096730118,0.2596690645476554,0.091519594,0.19848076,0.012979656,0.093981504
traffic,727,14036,14420,0.9032783950337137,0.2249287761651848,0.014412403,0.045407295,0.03764367,0.006648779
traffic,389,15316,16468,0.9032773680499564,0.2822692580197916,1.6109729,1.2217876,2.051796,0.7809645
traffic,22,14036,14228,0.9032660924018358,0.2024653585611292,0.18123984,0.16912746,0.18219662,0.16817069
traffic,316,14676,17172,0.9032624535952912,-0.094064955137295,0.44651604,0.04001689,0.37449622,0.112036705
traffic,712,14676,17172,0.903167703489824,0.1734973982783239,0.81178975,0.95398545,0.87903786,0.88673735
traffic,571,14356,17428,0.9031667795727946,-0.0138165806833074,0.14248013,0.5517247,0.1868906,0.22235394
traffic,534,14292,16788,0.9031434776367058,0.1080203894329505,0.09167123,0.3487084,0.043902636,0.39647698
traffic,213,15636,16596,0.9031429489177673,0.2088560519146012,0.080696106,0.1881913,0.6254244,0.35653698
traffic,294,16596,16980,0.9031356451594542,0.1663971286619083,0.7153642,1.0255542,0.7350311,1.0058873
traffic,837,15956,16724,0.9031353278497464,0.2240660321431186,0.52191305,0.37737238,0.042841434,0.10169923
traffic,579,14932,16468,0.9031263129437328,0.241373521286822,0.00012564659,0.0883944,0.09931111,0.18757987
traffic,168,15636,16404,0.9031168907425234,0.0746770217011707,0.16277468,0.0010925531,0.20263839,0.36650562
traffic,3,14036,17108,0.9031117835108656,0.2836781625750633,0.012516737,0.41395015,0.07106078,0.33037263
traffic,569,14740,15892,0.9030306533261172,0.255333772907775,0.04228145,0.076838374,0.093321145,0.025798678
traffic,180,14100,14676,0.9030196484197672,-0.0557115299124394,0.49212945,1.7828307,1.323949,0.9510112
traffic,132,17108,17300,0.9030173734511002,0.2740601783445697,0.4514519,0.2751851,0.3035841,0.4230529
traffic,235,14356,17428,0.9030085648109312,0.1375920908733596,0.22286463,0.025198936,0.22686481,0.029199123
traffic,591,14484,17172,0.9029271205274262,0.2687866378951792,0.45454407,0.18829131,0.42958593,0.21324944
traffic,603,15444,16596,0.9029238858435832,0.1835129900638432,0.2728243,0.08662486,0.22233534,0.13711381
traffic,250,16404,17364,0.902907145888259,0.0624183467045403,0.7270999,0.763041,0.6166811,0.8734598
traffic,848,16788,17364,0.9028832970403636,0.1323070837674193,0.037032366,0.009403944,0.28249002,0.2360537
traffic,629,14164,16852,0.9028692332019176,0.189421932451171,0.0998683,0.13359046,0.20080972,0.03264904
traffic,297,14100,16212,0.9028340745310228,0.2344197409977549,0.23960471,0.34801126,0.3331995,0.25441647
traffic,230,14292,16212,0.902823804889267,0.2177848853535134,0.039355516,0.23920298,0.34426808,0.14442062
traffic,827,15636,16788,0.9027883677585394,0.2458302336421687,0.33378363,0.35514212,0.20600724,0.4829185
traffic,88,14484,16596,0.902776178460941,0.0375833420953455,0.08065295,0.3808918,0.0047574043,0.46630216
traffic,698,14676,15252,0.90276833256175,0.2047814408298221,1.0789391,0.8884853,1.255691,0.71173334
traffic,694,14100,16404,0.9027545398056528,0.0715305609361524,0.16213799,0.48890638,0.24295497,0.4080894
traffic,584,14676,16980,0.9026686575918778,0.2861451561575917,0.050667763,0.3809228,0.06779647,0.26245856
traffic,117,14740,16276,0.90265338319405,0.2794860313413294,0.07611859,0.059515,0.024157047,0.11147654
traffic,42,14676,14868,0.9026529410721664,0.2850989695277148,0.27743554,0.37433243,0.33973527,0.3120327
traffic,167,14932,17236,0.9026453841992208,-0.0031679306664279,0.24772692,0.6056355,0.42338085,0.4299816
traffic,61,16596,16980,0.9025946398892972,0.2375362479256493,0.74752307,0.8439021,0.6081512,0.983274
traffic,621,17172,17364,0.9025912639852296,0.2615947669476415,0.27857208,0.22496247,0.63168025,0.1281457
traffic,214,14676,16980,0.902568548513372,0.1181320799905528,0.17803216,0.29206157,0.19833994,0.31236935
traffic,45,15060,15252,0.9025458236733952,0.2625614015893977,0.10207987,0.11438203,0.12552333,0.09093857
traffic,507,15316,16468,0.9025311868523614,0.2235057957626194,0.22986221,0.42421722,0.37473488,0.27934456
traffic,130,15764,16916,0.9024874145665572,0.2515467238957879,0.04850459,0.33235323,0.21768177,0.06616688
traffic,476,14356,17044,0.9024831124935068,0.1369062456574716,0.019082785,0.5672034,0.11035085,0.47593534
traffic,322,14356,17044,0.9024825555261012,0.2124356521345489,0.41163647,0.7484334,0.21324325,0.94682664
traffic,622,14164,16852,0.9024782777955068,0.1430219941512314,0.077721596,0.52659416,0.19533324,0.40898252
traffic,415,16468,16660,0.9024687586498692,0.1347129043015401,0.36247754,0.39992666,0.4308629,0.3315413
traffic,475,14484,15636,0.9024472948517392,0.1846138450744378,0.04697275,0.096037865,0.075068235,0.21807885
traffic,807,14804,16724,0.9024447550343532,0.2837910744836449,0.40603375,0.5373547,0.42393827,0.5194502
traffic,476,14804,16724,0.9024252401435024,0.0715707552333099,0.35400724,0.27096558,0.114367485,0.51060534
traffic,660,14484,17172,0.9024069663300384,0.2936549413558428,0.05763483,0.0008382797,0.2007041,0.14223099
traffic,263,15572,16724,0.902401778956254,0.2650703261557898,0.09362018,0.8034025,0.29090643,0.41887587
traffic,253,14676,15828,0.90239924923134,0.2419687237455087,0.009659529,0.60795546,0.24918127,0.34911466
traffic,173,14164,16468,0.9023789701007514,0.2634133351695245,0.03764987,0.14618492,0.0031237602,0.10541129
traffic,714,16212,16596,0.902375565838492,0.2642094271029277,0.02886343,0.021901608,0.094611645,0.14537668
traffic,611,14292,14676,0.9023223347721858,0.1363235405438527,0.14905739,0.2472291,0.5005319,0.104245424
traffic,791,15252,17364,0.9023199578786012,0.0261262744654769,0.98965347,1.7038212,0.8637892,1.8296854
traffic,750,14164,15892,0.9023056547312804,0.1722469565682411,0.0718739,0.49798894,0.17991114,0.2462039
traffic,693,15636,15828,0.9022910178774765,-0.1044864768092825,0.8317802,1.84921,1.0917909,1.5891993
traffic,739,15508,16852,0.9022628723122088,-0.1518317706152531,0.09503651,0.117014885,0.25337267,0.041321278
traffic,97,14100,17364,0.9022422606197114,0.1687941734782699,0.7968695,1.8350242,1.0859967,1.545897
traffic,511,14868,16212,0.9022263308386964,0.2404054559166459,0.07911217,0.041362166,0.003602147,0.124076486
traffic,860,15124,17236,0.9022202555034152,0.13419105724108,0.47353506,0.61274886,0.61691,0.46937394
traffic,360,17236,17428,0.9021715164265028,0.2821023470152606,0.0466578,0.017008781,0.01743877,0.04708779
traffic,530,14356,16852,0.9021532626335692,0.2489052445594017,0.23947525,0.16806102,0.075017214,0.0036029816
traffic,565,14676,17172,0.9021449297723566,0.1976297292160186,0.7526381,0.2749009,0.4867227,0.5408163
traffic,227,14484,14676,0.9021378153711628,-0.0115852591515307,0.18268013,0.0414083,0.37614226,0.15205383
traffic,759,14676,15060,0.9021279044051402,0.1752058315508784,0.3917036,0.5221486,0.6824529,0.2313993
traffic,103,14676,16980,0.9021171352996564,0.2619686490415652,0.22312975,0.0073440075,0.16741157,0.048374176
traffic,373,15124,15316,0.902081802630784,0.2686422318647111,0.30786228,0.8797178,0.809891,0.37768912
traffic,143,15828,17364,0.9020188398962152,0.0618988164048517,0.20799923,0.18328357,0.24734664,0.14393616
traffic,304,14676,15444,0.9020180216670072,0.0686483373581887,0.9428408,1.4542192,1.8315815,0.56547856
traffic,24,16788,17364,0.901999194627663,0.2493231267542367,0.71247625,0.82539415,0.6893282,0.8485422
traffic,476,14100,16788,0.9019895429587316,0.0388882946932219,0.08379412,0.31995225,0.085217714,0.48896408
traffic,226,15444,16404,0.9019691985333216,0.2439938142962875,0.015544176,0.23195982,0.044796467,0.2612121
traffic,799,14164,16660,0.9019613870388096,0.1554257067240704,0.2637763,0.1178,0.25229383,0.12928247
traffic,88,14612,16916,0.9019291118247548,0.2884341053564912,0.022879124,0.11938262,0.13344908,0.27571082
traffic,161,14868,16212,0.9019276737276448,-0.0583299795136618,0.18785357,0.24757934,0.29832911,0.1371038
traffic,703,14676,15828,0.9019257660213102,0.1710444177826844,0.5856645,0.35483694,0.49301887,0.4474826
traffic,813,14612,16148,0.9019095986533582,0.2858206767112045,0.3203621,0.30941796,0.44279552,0.18698454
traffic,793,14036,14420,0.9019037603584648,0.247897126725506,0.09911966,0.10431266,0.09663224,0.10680008
traffic,765,14548,16276,0.901892546275528,0.2862173621896142,0.009344459,0.046335697,0.020648956,0.07632911
traffic,241,14676,17172,0.9018906329208376,0.2191178426425859,0.91207576,2.1176138,1.2531304,1.7765591
traffic,723,16084,16660,0.9018690946181268,0.2040503902650814,0.009554863,0.13138962,0.50118446,0.36023998
traffic,593,14356,16852,0.9018464800307672,0.1618936538106809,0.025205374,0.18047595,0.25409508,0.048413754
traffic,786,14100,14676,0.9018299995354574,0.2333236680722344,0.49910653,0.84388804,0.9407047,0.40228987
traffic,31,14676,15828,0.9018149451361648,-0.1481307647771764,0.42341065,0.16581655,0.46160436,0.12762284
traffic,367,14292,15828,0.901780262372541,0.1378688741524691,0.2609377,0.7110722,0.5815463,0.3904636
traffic,88,15892,16276,0.9017736404424008,0.2573579705684717,0.19950676,0.26913738,0.20353079,0.26511335
traffic,668,17108,17300,0.901756844957051,0.0881600033191768,0.24937892,0.75330186,0.5261674,0.4765134
traffic,116,15508,17428,0.9017040284123236,0.0488006231184604,0.2930436,1.0165089,0.86891997,0.44063258
traffic,459,14100,16788,0.901703189508634,0.2124339076896807,0.05649972,0.06542313,0.30710375,0.1851809
traffic,27,15124,15700,0.9016878403003924,0.2166073889063078,0.13883066,0.056031704,0.10574961,0.02295065
traffic,155,14036,16532,0.901665856006638,0.2770881194665011,0.34319556,0.4032476,0.041118503,0.10117054
traffic,321,14164,16276,0.9016120731931024,0.2297749079293655,0.10800791,0.5379524,0.39107084,0.2548895
traffic,64,14292,16788,0.9015993241113404,0.1965547697330968,0.4472437,0.5811987,0.41016364,0.61827874
traffic,24,15380,16532,0.9015896144295016,0.1086865500477205,0.2878499,0.33445096,0.47589493,0.14640594
traffic,153,15444,16212,0.901576094227582,0.289819453245716,0.39316714,0.07433903,0.27016222,0.19734395
traffic,442,14804,17300,0.9015414899776764,-0.0754896791052174,0.20993304,0.39698505,0.30417347,0.30274463
traffic,168,14804,16724,0.9015216760475236,0.185597951391518,0.50724053,0.45806003,0.3938446,0.57145596
traffic,144,14164,17428,0.9014902361463398,0.2396356231126294,0.43967342,0.92251754,0.9648645,0.39732647
traffic,655,14292,14676,0.9014885797257696,0.2496849700157959,0.05625701,0.11169505,0.2993467,0.13139462
traffic,406,16468,16660,0.901428970876482,-0.103883605340545,0.3714217,0.44341898,0.44168317,0.3731575
traffic,176,14676,15636,0.9014055540808664,0.2532720715384841,0.04912293,0.06955099,0.01632142,0.13499534
traffic,681,16276,17428,0.9013895646958604,0.0583556304428229,0.17750096,0.083952904,0.15141273,0.11004114
traffic,624,14612,17108,0.901382584001618,0.0120544606863233,0.43737125,0.40360785,0.2922647,0.5487144
traffic,88,15956,16148,0.9013468444673538,0.0571709818915608,0.33143854,0.32100964,0.3299601,0.32248807
traffic,775,15316,17428,0.9013381175818164,0.2206304769879936,0.18885398,0.43293142,0.1462462,0.4755392
traffic,693,16660,16852,0.901306555834522,0.097387525378077,0.31954885,0.31280375,0.43813777,0.19421482
traffic,452,14164,14932,0.9012701394545896,0.2351338294687827,0.47185564,0.48858106,0.47334027,0.48709643
traffic,278,14676,15444,0.9012580445664868,-0.0379085683800808,0.8468313,0.96832967,1.3660657,0.44909525
traffic,691,14484,16980,0.9012523312451606,0.1381153473829915,0.10769725,0.27983904,0.18506742,0.20246887
traffic,713,15316,16468,0.9012413455397368,0.0421625485283771,0.3543837,0.64899755,0.56778216,0.4355991
traffic,804,14292,15060,0.9012320317528544,0.1603525408241301,0.20790207,0.66758215,0.4350654,0.44041884
traffic,518,14100,17364,0.9012316009264376,0.1796561919217107,0.9750406,1.433715,0.87390393,1.5348517
traffic,109,14804,17300,0.901216882785294,-0.1225973631716454,0.2789836,0.5122361,0.45899796,0.33222175
traffic,672,16276,16660,0.9011173796777152,0.2792579467091264,0.50522935,1.6968277,1.2523242,0.9497328
traffic,363,15828,16020,0.9010592548625592,0.1744857632730816,0.30801773,0.050287247,0.220088,0.4778185
traffic,171,14292,16980,0.9010553264906314,-0.1686053280395976,0.25279236,0.57216716,0.029511213,0.2898636
traffic,648,14932,17428,0.9010536849531796,0.2544285186712038,0.1280942,0.102647305,0.19256997,0.16712308
traffic,103,14484,16596,0.9010255453717256,0.2107716125016409,0.055411816,0.18744063,0.031785727,0.21106672
traffic,414,14996,17108,0.9009997049912662,0.25677774203399,0.45918548,0.6081575,0.6322547,0.43508828
traffic,509,15316,16276,0.9009794425220596,0.2840690309851165,0.06731558,0.6665349,0.39879942,0.2004199
traffic,678,15956,16916,0.9009789664712266,0.2161475932307728,0.18255162,0.33824682,0.09679556,0.4240029
traffic,258,16020,17364,0.9009729346672244,0.1196766244931985,0.326792,0.120663404,0.1943798,0.2530756
traffic,452,14036,14996,0.9009636411641648,0.2759808340870278,0.56293964,0.76553416,0.80151105,0.52696276
traffic,229,14484,14676,0.9009581102542582,-0.0303373398073235,0.117441654,0.14889884,0.3165474,0.5828879
traffic,193,14996,15380,0.90095412682083,0.0467616477520103,0.33009338,0.16552258,0.29283953,0.12826872
traffic,844,15892,16468,0.9009358498712638,0.1514330611273165,0.050326586,0.11831093,0.07914019,0.14712453
traffic,794,16660,17236,0.900935656308282,0.2325287794104457,1.719723,1.7148156,2.8421836,0.5923551
traffic,517,14868,15444,0.9008889912121956,0.0703372315695515,0.031923294,0.18899906,0.15300035,0.067921996
traffic,209,14164,14932,0.900863947881198,0.1576695641856075,0.87893057,0.83214784,1.0601069,0.65097153
traffic,397,15636,16596,0.9008488189479662,0.2758500856585519,0.1251688,0.2598269,0.028035045,0.41303074
traffic,186,15124,17428,0.9008346971265484,0.2658555651825174,0.3879528,0.40015864,0.38026774,0.4078437
traffic,356,15060,15828,0.9008234117707704,0.288744659221366,0.6666442,0.41580987,0.4138869,0.6685672
traffic,569,14292,16980,0.9008159008338092,0.1607961870666969,0.7005588,0.30967224,0.40166426,0.010777712
traffic,348,14292,14484,0.9008112271161792,0.1592925072511309,0.22443044,0.23054266,0.23998511,0.214988
traffic,121,15316,16276,0.900808384079899,0.2657222670687608,0.560642,1.1587139,1.17027,0.549086
traffic,722,15828,16596,0.9007938186624868,0.2721214083989923,0.33037376,0.5919204,0.28340793,0.6388862
traffic,576,14676,16980,0.900763070568728,0.1795005823238541,0.55747604,0.1495924,0.30225372,0.10562992
traffic,812,16660,16852,0.900709349576093,0.2934898890036524,0.22871637,0.2879913,0.20035768,0.31634998
traffic,296,14996,15956,0.9006924827250818,0.2792432073347773,0.37212658,0.5520582,0.48666,0.4375248
traffic,855,15636,16788,0.9006893444109803,0.2584126386685142,0.2083373,0.41222024,0.21343803,0.4071195
traffic,435,15764,16916,0.9006843424139136,0.276611452372075,0.46994877,0.5268785,0.020846874,0.036082804
traffic,176,16468,16660,0.900668567267086,0.2377716967184163,0.16534245,0.15096307,0.3560332,0.039727688
traffic,23,14804,17108,0.9006398270455241,0.1600429188706567,0.30794334,0.4402938,0.16733551,0.5809016
traffic,690,15892,16852,0.9006394350672934,0.244549844853842,0.5341147,0.9046407,0.7939389,0.6448165
traffic,768,14484,16596,0.9006329325099406,0.2115246088970579,0.954049,0.4444766,0.45251393,0.94601166
traffic,191,15252,16404,0.9006253729722714,0.2261922178075537,0.014689088,0.046732545,0.21078753,0.1493659
traffic,175,14676,16980,0.9005805151172157,0.1890761465304378,0.72562623,0.14053917,0.4150591,0.4511063
traffic,183,15828,16980,0.9005746688693445,0.1415844528194499,0.29318666,0.44032025,0.4268136,0.30669332
traffic,111,14932,16468,0.9005644153642808,0.0455831110540959,0.56019664,0.51186156,0.7102859,0.3617723
traffic,229,14292,15636,0.9005563777656415,0.0771661142661339,0.021237373,0.08879924,0.11851883,0.008482218
traffic,722,14228,17108,0.9005507996621551,0.1301793914239542,0.5187483,0.22414064,0.43163896,0.13703132
traffic,751,14420,17300,0.9005056521625747,0.244983277953951,0.34570885,0.2155602,0.19293869,0.062790036
traffic,756,15380,16340,0.9004835165168583,0.2965030719484101,0.54347456,0.81156087,0.78281844,0.572217
traffic,541,14228,16532,0.9004492464550901,0.1248341384003993,0.1897031,0.1957078,0.16489923,0.17090392
traffic,642,14612,14996,0.9003817301348788,0.1685543318311185,0.42614436,0.847522,0.7370949,0.5365715
traffic,671,15956,17108,0.9003629091533758,0.1876193095466309,0.03521633,0.21607554,0.036533356,0.21475852
traffic,706,15956,16724,0.9003586588962514,0.2822224056816361,0.2582903,0.24329662,0.05110538,0.45048153
traffic,99,16404,17172,0.9003161152326755,0.0954205306271203,0.650975,0.17273283,0.42971325,0.39399457
traffic,629,15380,16916,0.9003122332573904,0.2857633445040582,0.0568707,0.00904429,0.11488521,0.0670588
traffic,191,15508,16852,0.9003050602240553,0.2724328436562461,0.068534136,0.049282074,0.06671715,0.18453336
traffic,614,15956,16148,0.9002524485425429,0.1869891592193621,0.2832198,0.45233893,0.4345734,0.30098534
traffic,165,14612,16148,0.9002462760806859,0.2912322038570218,0.24427772,0.003242731,0.022640467,0.21839452
traffic,537,14484,16980,0.9002414836949846,0.2725872195965519,0.011533737,0.14757943,0.070296526,0.20634222
traffic,353,15188,16724,0.9002129731992192,0.2288811453318524,0.061770678,0.5638374,0.1755017,0.67756844
traffic,481,14484,16980,0.9001812902853363,0.2662463665194157,0.113060474,0.24218631,0.044620514,0.08450532
traffic,632,14164,15508,0.9001726258609607,0.2229038696290815,0.09068823,0.5009084,0.16268706,0.24753308
traffic,148,16596,17172,0.9001644198426002,0.2320131673975819,1.0124586,0.4959836,0.49960542,1.0088367
traffic,741,15444,15636,0.9001419518279818,0.1702948293152728,0.03351295,0.06254482,0.09666836,0.00061059
traffic,235,14548,16084,0.9001310663292146,0.2211600167231877,0.36660826,0.4738884,0.45772016,0.3827765
traffic,51,15700,17044,0.9001236369989959,0.2632493940523424,0.06863451,0.18929958,0.024987936,0.09567714
traffic,732,14612,16916,0.9001057304385544,0.1970252002410787,0.5146067,0.51624787,0.08971989,0.091361046
traffic,304,15508,16852,0.9000991322879677,0.2567980492364271,0.22173452,0.6661086,0.51404214,0.373801
traffic,79,16148,17300,0.9000973423477383,0.0690727397529853,0.0041997433,0.022854328,0.23399329,0.2153387
traffic,226,14036,15380,0.900093986904813,0.2980947460351995,0.51047945,0.5689007,0.5188117,0.56056845
traffic,143,14676,16404,0.9000679802955431,0.2680800896539452,0.019760609,0.08860898,0.04409814,0.06427145
traffic,328,14164,17428,0.900038330127084,0.2022627204297065,0.53528714,0.97319674,1.1868132,0.32167065
traffic,92,15828,17364,0.9000323993881708,0.2473859380659146,0.05513978,0.15453696,0.27021575,0.060539007
traffic,512,14804,15956,0.9000221004562595,0.2847495055993138,0.9277811,0.66132474,0.7634275,0.82567835
traffic,509,14868,16212,0.8999217386498651,0.2015723722825404,0.2058599,0.21982527,0.17586505,0.24982011
traffic,152,14676,16788,0.8999159170173435,0.1084057422555891,0.04510212,0.5034493,0.115118265,0.43343318
traffic,453,16020,17364,0.8999135502773256,0.2993966721620438,0.33566427,0.41069794,0.39389133,0.35247087
traffic,2,14484,17172,0.8998793812630677,0.2508671963594333,0.0629344,0.048452377,0.22365761,0.20917559
traffic,840,14484,15828,0.8998792774418234,0.2949457533546601,0.029129982,0.118177414,0.109722614,0.03758478
traffic,27,15188,15764,0.8998628312003865,0.2807968818880879,0.111696005,0.49740076,0.4452901,0.16380668
traffic,756,14292,14484,0.8998601214926785,0.0790751014082994,0.22293246,0.45075512,0.4186417,0.2550459
traffic,598,14484,16980,0.8998491482383331,0.2722963112057355,0.29874206,0.49660492,0.38571715,0.40962982
traffic,768,14996,16340,0.8998338583652954,0.1725305036794465,0.03314209,0.39468265,0.31099415,0.11683059
traffic,588,14100,17364,0.89980312195526,0.1047708227688193,0.6495801,1.3789957,1.0418738,0.98670197
traffic,631,16596,17364,0.8997987019269695,0.1227579662969824,0.34343958,0.524632,0.53643847,0.3316331
traffic,212,16148,17300,0.8997205629303833,0.2916423022069906,0.16243863,0.03994131,0.1419332,0.26443052
traffic,153,15828,17172,0.8996729512901134,0.1209009959697851,0.3608837,0.66733456,0.15043044,0.45688128
traffic,837,14100,16404,0.8996672585855486,0.2245976081860571,0.19522631,0.07118428,0.21221423,0.054196358
traffic,79,15060,16020,0.8996530566340922,0.2618921334442545,0.4014356,0.64281535,0.58335614,0.46089482
traffic,373,15636,16788,0.899637358024591,0.1872857493360285,0.5851631,0.5150974,0.50356174,0.59669876
traffic,679,15508,17044,0.8996234265975953,0.2814475561615606,0.027699947,0.36735106,0.20584917,0.18920183
traffic,693,14484,17172,0.8996011646973049,0.2404413397114007,0.8757405,1.2629344,1.0438731,1.0948019
traffic,776,15380,16340,0.8995923257496654,0.2839462680346578,0.5182291,0.9018893,0.8510705,0.5690479
traffic,370,14676,16980,0.8995794162054598,0.2097944835704382,0.22350192,0.3840418,0.02216363,0.13837624
traffic,391,14676,16596,0.899552552317885,0.2404907260190732,0.19845152,0.70183873,0.08314443,0.8171458
traffic,200,14164,17236,0.8995483149906606,0.1935281191380021,0.6013086,1.2491972,1.4170356,0.43347025
traffic,414,15764,16532,0.8995248641825344,0.2995464859176454,0.07989097,0.4493674,0.51758206,0.0116763115
traffic,362,14036,16340,0.8995161044092639,0.2838862676660241,0.548103,0.8259766,0.8479053,0.5261743
traffic,284,14484,17172,0.8995074316446967,0.2073488873132658,0.38304734,0.08812261,0.31495523,0.15621471
traffic,322,15444,16788,0.8994971875386638,0.270094186439649,0.54557365,0.46930182,0.8425389,0.17233658
traffic,545,15444,16788,0.8994663192901848,0.2996443650001967,0.037431955,0.22777689,0.043052673,0.3082615
traffic,245,14036,17108,0.8994516887528251,0.2293895278627367,0.26011992,0.3596282,0.19514012,0.2946484
traffic,484,14676,16980,0.8994152926012079,0.1799753061902546,0.20798445,0.405334,0.044188023,0.15316153
traffic,804,14100,16212,0.8994130970561951,0.2669719315300459,0.12363124,0.09636545,0.32016063,0.10016394
traffic,459,15380,15764,0.8993814029479857,0.2968816782356683,0.07958865,0.18949008,0.17418993,0.09488881
traffic,240,15188,16724,0.8993722345718744,0.1977636656604792,0.3330052,0.888271,0.7297064,0.49156976
traffic,449,15124,16468,0.8993217529213955,-0.006985095069272,0.038120747,0.3708961,0.07896185,0.4117372
traffic,182,15124,16468,0.8992838964263161,0.276225440859237,0.049335003,0.043168664,0.31656754,0.3104012
traffic,122,14420,16340,0.8992765444914179,0.2586937089496941,0.7001548,1.7216722,1.3148006,1.1070263
traffic,216,14484,17172,0.899263947717569,-0.0917284757702254,0.49148154,0.14901209,0.32786584,0.3126278
traffic,551,14420,17300,0.8992516404217579,0.1811117957597146,0.46290946,0.3790506,0.7484578,0.09350228
traffic,715,14292,14676,0.8992483021690064,0.0730809246065242,0.12421775,0.3491466,0.96689415,0.4935298
traffic,8,14100,16212,0.8992428375096367,0.1727633010142065,0.11135244,0.61074746,0.54761136,0.17448854
traffic,380,14868,16212,0.8992331963704454,0.2908504105481888,0.0967536,0.09729171,0.12697816,0.06706715
traffic,191,14036,16916,0.8992240905828269,0.0061389808912988,0.10897803,0.3986655,0.039449573,0.5470931
traffic,526,15764,16724,0.8991980798656478,0.2673002590806959,0.00044217706,0.25541258,0.015470266,0.23950014
traffic,659,16980,17364,0.899168636462034,0.2951854231907629,0.26751685,0.23812556,0.7216613,0.21601892
traffic,305,15956,17108,0.8991642033212849,0.1788626311987615,0.21314955,0.1523788,0.5460081,0.18047976
traffic,293,14740,15124,0.8991505897118498,0.2428478186088773,0.16315353,0.3485582,0.36866057,0.14305115
traffic,30,14484,17172,0.8991461651312964,0.2009418274405782,0.078033686,0.25301385,0.14000583,0.19104171
traffic,799,15828,17172,0.8991103420317287,0.2857275681400621,0.1065886,0.046090126,0.16112137,0.00844264
traffic,382,14100,16788,0.8990808633055796,0.0653934658995121,0.14918315,0.1869812,0.54519224,0.5829903
traffic,638,14356,15508,0.8990530934428187,0.0195430911537502,0.3381921,0.6407194,0.6259159,0.35299563
traffic,0,15956,17108,0.8990401533444492,0.0358937537647905,0.7079401,0.7015519,0.601755,0.807737
traffic,804,16020,17364,0.8990333717089711,0.163427961648947,0.2497456,0.3628223,0.39812493,0.21444297
traffic,774,14804,17108,0.8990212422794842,0.2076252929357511,0.010653257,0.81172323,0.6331167,0.18925977
traffic,432,15252,17364,0.8990208019454173,0.175412554364053,0.8345433,1.4262133,1.0306873,1.2300693
traffic,388,15060,15828,0.89901867925688,0.2299680710382515,0.46032262,0.49388027,0.6663134,0.28788948
traffic,795,14740,17364,0.8990141168921219,0.0161360772085689,0.67807114,1.2442006,1.6618423,0.26042938
traffic,281,16276,17428,0.8990066169441254,0.2546218336436027,0.046778202,0.021732569,0.116325855,0.14137149
traffic,405,14996,16148,0.8989717671778822,0.2285686392782872,0.24065304,0.3122902,0.19106698,0.11942983
traffic,291,14484,16980,0.8989580889611003,0.1793419676675084,0.3394599,0.20956826,0.15143347,0.7004616
traffic,417,14612,14996,0.8989304816585242,0.2314485109571113,0.379362,0.53430915,0.49950707,0.41416407
traffic,677,14036,17108,0.8988945384338171,0.2784784806071341,0.14020193,0.19703233,0.07845569,0.1352861
traffic,98,14676,15444,0.8988645715065595,-0.1654863693951752,1.1238157,1.1307343,1.6446549,0.6098951
traffic,475,14164,16852,0.8988365562223227,0.2706281947710467,0.18323195,0.14960003,0.3716265,0.038794518
traffic,463,14100,17364,0.8988303484936826,0.1664868883188529,0.8687829,1.3476894,0.8464924,1.3699799
traffic,599,15572,16724,0.8988071017181429,0.2635359783157439,0.115908384,0.4276861,0.58584297,0.042248487
traffic,23,14612,17300,0.8988064772723677,0.1873572575843,0.114931345,0.023483515,0.09326053,0.0018126965
traffic,62,14164,16852,0.8987905493498374,0.2710503667841187,0.05326748,0.3406167,0.067549944,0.21979928
traffic,244,14484,15444,0.8987195983920656,0.079399804571161,0.46930337,0.5542152,0.56166387,0.4618547
traffic,8,15636,16596,0.8986918607268882,0.2306271141671584,0.13099694,0.124014854,0.35459375,0.36157584
traffic,820,15956,17108,0.8986881045407756,0.2946597375406493,0.2249738,0.2840395,0.09291029,0.416103
traffic,223,15444,16404,0.8986781760873208,-0.1045238556079174,0.10659504,0.23632753,0.04411149,0.38703406
traffic,62,14036,14996,0.8986605376863168,0.1281393711828166,0.58735263,0.8805425,0.78490365,0.6829915
traffic,34,15124,16660,0.8986598929081159,0.245557321740411,0.72162056,0.8736484,0.74258184,0.8526871
traffic,588,14228,15764,0.898593998484191,0.1171305227885499,0.010476828,0.033776283,0.045418262,0.022118807
traffic,351,14292,16980,0.898581912578159,0.2270067208900441,0.1609304,0.036761284,0.45752645,0.25983477
traffic,348,15956,16340,0.898554423774194,0.2104897721157796,0.3381306,0.7394643,0.76306593,0.31452894
traffic,600,14804,15380,0.8985320405730848,0.2888109839112551,0.22509933,0.19726562,0.0039138794,0.41845107
traffic,187,15444,17364,0.8985102708751725,0.0111981209680967,0.7578456,1.9257728,1.2233768,1.4602416
traffic,794,14804,17108,0.8985082247234399,0.2608642461759573,0.49134135,0.992244,0.9289415,0.55464387
traffic,395,14612,16340,0.8984926971200806,0.2738222412100251,1.1502018,2.3682566,1.0028942,2.5155642
traffic,149,14292,16788,0.8984829936574094,0.2621269759576695,0.07919836,0.04375863,0.28720534,0.41016233
traffic,249,14484,14676,0.8984609102380596,-0.0403935467631859,0.11107075,1.0074475,0.95498145,0.16353679
traffic,312,14164,16852,0.8984187696085253,0.1424009691836224,0.102452755,0.080599785,0.19017124,0.16831827
traffic,363,14804,17300,0.8984136253871284,0.2862377195034625,0.47984624,0.73690534,0.69432425,0.5224273
traffic,781,15444,15828,0.8984051763364416,0.2279897985247676,0.36842084,0.5815079,0.5798662,0.3700626
traffic,375,14932,16660,0.8983715651357052,-0.0608739976835367,1.0508276,2.120286,1.1364257,2.034688
traffic,231,14804,16916,0.8983713089523316,0.29793798453576,0.00020480156,0.5182276,0.049520493,0.4689119
traffic,651,15380,16724,0.8983587517827548,0.2891901556797486,0.66225636,0.04915166,0.3315222,0.28158253
traffic,106,15444,16212,0.8983354419147217,0.0406704137295453,0.47290015,0.71988034,0.6602919,0.5324886
traffic,10,14100,16788,0.8983342086071945,0.1354738188603802,0.45594358,0.25965464,0.66326654,0.052331686
traffic,430,14100,14676,0.8983242212485113,0.1143418646614529,0.8039925,1.5682536,1.1288514,1.2433947
traffic,43,15380,16724,0.8983234676321703,-0.0571806825360223,0.23552108,0.46438026,0.032102346,0.19675684
traffic,804,14036,16532,0.8983077642675538,0.2798791269216327,0.042965412,0.118840694,0.29118228,0.36705756
traffic,561,15444,16212,0.8983044928606096,0.2983811729364028,0.23657334,0.3262062,0.37475228,0.18802726
traffic,299,15316,16468,0.898299036011417,0.0845381179185999,0.02477479,0.2848537,0.0928843,0.1671946
traffic,508,14100,16212,0.8982899139734036,0.035695618798446,0.42516375,0.98079634,0.9580264,0.44793367
traffic,516,14676,17172,0.898284867286752,-0.1352040799636909,0.723444,0.38571,0.57952046,0.5296335
traffic,45,14292,15636,0.8982478334843531,0.2533269815586932,0.13722992,0.03919053,0.31186485,0.1354444
traffic,495,14612,14996,0.89824042205117,0.2500547629322434,0.15929675,0.27026272,0.2784748,0.15108466
traffic,728,14484,16980,0.8982282430487668,0.2609275628254607,0.11753321,0.3156588,0.11195779,0.08616781
traffic,317,16212,16980,0.8982160442390341,0.2035659061413858,0.23323202,0.24044561,0.029947758,0.022734165
traffic,757,16660,17428,0.8982034436729553,0.2536142763519953,0.9391186,0.834008,1.0082738,0.76485276
traffic,673,15316,17428,0.8981982881429625,0.2018697041024204,0.25100207,0.7503698,0.6621187,0.3392532
traffic,172,15188,16532,0.8981946680437741,0.1692721785191383,0.039292336,0.34692645,0.21707892,0.16913986
traffic,573,16596,17364,0.898183177514873,0.141546151309076,0.4867916,0.38946867,0.44501448,0.4312458
traffic,76,16404,17364,0.8981805415616589,0.1298059520856674,0.905805,0.8617027,0.6985339,1.0689738
traffic,227,14228,16724,0.8981744533726325,0.2927215683673883,0.10004437,0.046507716,0.4980421,0.35149002
traffic,321,15828,17364,0.8981731110463622,0.2724766634107816,0.003436327,0.0068588257,0.21228266,0.21570516
traffic,428,15636,16980,0.8981429883368363,0.2644555845671397,0.101037264,0.030774832,0.19622326,0.12596083
traffic,102,16980,17364,0.8981228116460416,0.1127321931313652,0.31991053,0.5417845,0.48174834,0.3799467
traffic,429,14932,17236,0.8981008096275704,0.2901526373064828,0.22024655,0.39322388,0.042149544,0.13082778
traffic,493,16148,17108,0.8980892625125837,0.0717075170365092,0.6686988,0.59395266,0.60862446,0.654027
traffic,444,14612,16724,0.898083322110443,0.2378074454993342,0.16449893,0.4101466,0.14800942,0.09763825
traffic,524,15316,16660,0.8980822149857597,0.0443385278252383,0.7494168,1.2467022,0.5920291,1.4040899
traffic,736,15572,17300,0.898055839998293,0.2732947744837796,0.1463027,0.14869976,0.25111103,0.04389143
traffic,706,17172,17364,0.8980385879533933,-0.0512314132159923,0.21390104,0.15859747,0.05865383,0.43115234
traffic,24,15892,16660,0.8980360423586612,0.2685948135224023,0.8430954,1.2145004,1.0453576,1.0122383
traffic,215,15636,16020,0.8980289528679074,0.2886082885516313,0.029044628,0.527411,0.5717902,0.015334606
traffic,250,14996,17300,0.8980008249807527,0.1402057165385942,0.8057022,0.8405366,0.9627354,0.6835034
traffic,2,14356,17044,0.8979937101675738,0.1675879075082825,0.24232364,0.33105326,0.04438603,0.04434359
traffic,485,15700,17044,0.897991796125015,0.2020175827856726,0.077023506,0.6086917,0.43403196,0.25168324
traffic,543,14292,14484,0.8979529026275738,0.1310954175322368,0.35229564,0.33601332,0.30021477,0.3880942
traffic,588,14612,14996,0.8979261120863187,-0.032927849121598,0.76205194,1.385818,1.036467,1.111403
traffic,194,14164,16084,0.8979014510772573,0.2636515903594852,0.54583526,0.84953463,0.88340557,0.5119643
traffic,475,14804,17108,0.897887834215132,-0.1833570599963073,0.3234527,0.6728833,0.10256863,0.89376736
traffic,484,15124,16276,0.8978718075865926,0.2529915501725409,0.30321026,0.3622148,0.3495369,0.31588817
traffic,405,15252,16404,0.8978611400591731,-0.0195240448587615,0.019204617,0.08594334,0.08676875,0.15350747
traffic,94,15636,16788,0.8978508830862216,0.1897957294714846,0.38102245,0.47794425,0.28329992,0.5756668
traffic,641,15316,16468,0.8978451797977355,0.2720104931072745,0.26989222,0.4762714,0.37398565,0.37217796
traffic,242,15572,16340,0.8978397765584939,0.2797706846770701,0.6336664,1.1212301,1.0835954,0.6713011
traffic,641,14996,16148,0.8978257762685192,0.2661028369920142,0.100073576,0.503808,0.39992785,0.20395374
traffic,407,14804,15956,0.8978137463457533,0.2894228236003551,0.43401933,0.5297227,0.5928607,0.37088132
traffic,515,14612,17300,0.8977527317046848,0.2166484830999158,0.30986786,0.49003243,0.45362568,0.3462746
traffic,614,16404,16980,0.897720764524538,0.222691651137409,0.34293437,0.026108742,0.100604534,0.26843858
traffic,288,15892,17236,0.8976616463765794,0.2056905252864335,0.44905984,0.41911852,0.25739038,0.22744906
traffic,380,16660,17236,0.8976448006988654,-0.0749975315517405,1.1373448,0.97241974,1.2893968,0.8203678
traffic,178,14036,15572,0.8976402486666923,0.1682476646934363,0.019288898,0.022102237,0.024568439,0.027381778
traffic,439,14228,16724,0.8976115880045858,0.2268131415913802,0.046863914,0.065562725,0.26989782,0.28859663
traffic,316,15956,17108,0.8975996653697238,0.085385739583432,0.06586683,0.0894053,0.24123216,0.39650428
traffic,363,16788,17364,0.8975947410254139,-0.0150967538812557,1.0120466,1.0297472,0.7900567,1.2517371
traffic,470,15124,16660,0.897591853712783,0.2251300355289691,1.0575646,1.8158526,0.9527205,1.9206967
traffic,174,14676,16596,0.8975626042718859,0.2186125051675413,0.4590782,0.38728404,0.3017273,0.54463494
traffic,605,14548,14740,0.8975589339101757,0.2910776793515884,0.020422697,0.070988536,0.07188833,0.019522905
traffic,345,14228,15572,0.8974767677395795,0.2684218867340848,0.3230692,1.009743,0.8141384,0.5186738
traffic,713,15508,16852,0.8974477947187945,0.2310444137163933,0.20415688,0.10769391,0.26949644,0.042354345
traffic,207,15764,16916,0.8974436303591304,0.2546652395967438,0.18259132,0.1848408,0.040693045,0.32673907
traffic,420,14996,15764,0.89743567641457,0.1659890595978491,1.8142619,1.0913107,2.0005918,0.9049809
traffic,802,14676,16980,0.8974340573818022,0.077102233541657,0.6235311,0.18398452,0.31269288,0.1268537
traffic,163,14484,16980,0.8974337106474235,0.1457319639580873,0.20818758,0.15491033,0.2625153,0.20923805
traffic,126,14484,16020,0.89742840681581,0.2904199054902214,0.14418912,0.280874,0.39857006,0.26188517
traffic,382,14228,16724,0.897407905072483,0.2338945964030867,0.2168591,0.57890296,0.045844674,0.84160674
traffic,365,14996,15956,0.8974004123700797,0.2921822968729207,0.63598275,0.75461626,0.9006436,0.48995543
traffic,772,14100,14676,0.8973992783874816,0.2045503048038672,0.41688573,0.6976342,0.9081098,0.20641017
traffic,616,14420,16916,0.8973968877211267,0.1835314977318322,0.13356638,0.27430356,0.15185153,0.2560184
traffic,257,14804,17108,0.8973918169882077,0.1833003874481338,0.59902394,0.8453393,0.84695244,0.5974108
traffic,494,15124,16468,0.8973836524995011,0.2409416343559062,0.08039701,0.41968286,0.09064853,0.24863732
traffic,55,14484,17172,0.8973622642794381,0.2941899119220235,0.062046766,0.085339546,0.25177288,0.2284801
traffic,144,15828,16596,0.8973452572737922,0.0792836069639221,0.6158037,0.5527699,0.57174015,0.59683347
traffic,537,15828,16596,0.8973171723180574,0.1583247766435685,0.04940033,0.37009835,0.009454727,0.41004395
traffic,207,14996,16148,0.8973107741766516,0.270824090280738,0.14501524,0.41168976,0.3773725,0.1793325
traffic,368,14996,16148,0.8972924329585004,0.2951910649092633,0.57469344,0.5697167,0.7172694,0.4271407
traffic,532,15124,16276,0.8972776485515921,-0.0616893645061379,0.087375164,0.38147283,0.27565098,0.19319701
traffic,560,14804,17108,0.8972266243456873,0.2534829372318853,0.8040564,0.8305186,0.92886734,0.70570767
traffic,418,16276,17428,0.8972244982482631,0.2240642721958335,0.012515664,0.17769945,0.19366896,0.028485179
traffic,455,14612,16340,0.8972230445898828,0.1746559050441886,1.043745,1.7254748,0.98686194,1.7823579
traffic,268,14676,15828,0.8972048636656783,0.0548670133952086,0.8072283,0.15318179,0.34499168,0.61541843
traffic,557,15764,17108,0.8971965757768002,0.2895363180517095,0.34382194,0.17939574,0.15011817,0.014308035
traffic,569,14420,16916,0.897135609300217,0.1970708788260023,0.17499816,0.47366035,0.07156837,0.22709382
traffic,421,14740,16852,0.8971226113228437,0.2167648466552135,0.320781,0.34921122,0.5719075,0.09808469
traffic,346,14036,16532,0.8971109688560389,0.2437683658775753,0.560326,0.6652074,0.7799767,0.44555664
traffic,393,15828,16596,0.8970283680276749,0.2793369697248128,2.638334,0.99159646,2.4766781,1.1532524
traffic,505,17108,17300,0.8969987692352028,0.2818928627012011,0.09922695,0.047704697,0.1189425,0.02798915
traffic,86,14292,16788,0.8969729926516801,0.2666138549438549,0.016941547,0.032758594,0.3916378,0.37582076
traffic,105,14996,16340,0.8969284980958855,0.2515958412424146,0.041800976,0.06461239,0.015254021,0.007557392
traffic,29,16020,16212,0.8969125301203339,0.2194314150429535,0.48848248,0.6164572,0.586051,0.5188887
traffic,500,14292,17172,0.8968758528801033,0.2852442884874729,0.46736908,0.46762562,0.60101795,0.33397675
traffic,624,15316,16468,0.896865247943309,0.2852909143439986,0.63813114,0.9070765,0.97890687,0.56630075
traffic,654,16660,17236,0.8968533409673631,0.1979164210608857,2.3042388,1.0376557,2.121455,1.2204397
traffic,850,14420,15956,0.8968344640302334,0.244580697236364,0.15596557,0.16133392,0.2981143,0.019185185
traffic,758,15252,17364,0.8968095278188934,0.2940140759760386,0.49062753,1.3938034,0.9675021,0.91692877
traffic,288,14868,16212,0.896768287658338,0.290545240965318,0.06211388,0.024749756,0.10316789,0.016304255
traffic,669,14164,16084,0.896764823778875,0.2978669901677392,0.060323715,0.52205586,0.25742936,0.20430279
traffic,330,16468,16660,0.896759495316031,0.1920140256457564,0.4293295,1.2505565,1.000678,0.67920804
traffic,100,14996,15956,0.8967426068408143,0.1769614724116303,0.55328536,0.8119638,0.75135756,0.6138916
traffic,845,14292,16788,0.8967089115156651,0.2910645091454128,0.33385658,0.5504253,0.42024326,0.4640386
traffic,42,15380,15956,0.8966108846864145,0.1695718197386675,0.16572785,0.09884167,0.10321832,0.1613512
traffic,137,14612,17108,0.896599587050906,0.2986935253069973,0.49166203,0.53701776,0.49105382,0.53762597
traffic,213,14932,16852,0.8965841916001656,0.2131072597898948,0.6248051,0.94510376,0.8497939,0.72011495
traffic,294,15956,17108,0.8965729491341136,0.1649770874632424,0.20288849,0.537588,0.27194118,0.4685353
traffic,404,14036,14996,0.8965701018158835,0.2792300473235406,0.7432296,1.8341732,1.1220224,1.4553804
traffic,717,15124,16468,0.8965606788142715,0.2613759970238834,0.028415918,0.2020477,0.04000616,0.21363795
traffic,704,15956,17108,0.8965541267994468,0.2835880607016905,0.10813081,0.20318067,0.056866765,0.25444472
traffic,803,14036,16532,0.8965515438784913,0.227365347038425,0.4809183,0.4969449,0.10645425,0.12248087
traffic,191,14100,16212,0.896548696530337,-0.0456003796767083,0.26571155,0.6459408,0.5945022,0.31715012
traffic,382,14164,16852,0.8965482378452286,0.1952213315975082,0.10575962,0.7090883,0.30200267,0.5128453
traffic,228,15508,16852,0.8964873945569356,-0.0318194312912408,0.0089793205,0.25823927,0.08642101,0.33568096
traffic,833,14740,15124,0.8964612838021812,0.2418789062116621,0.28626442,0.11453247,0.08771038,0.25944233
traffic,820,15124,15316,0.8964594192924167,0.2910333691311939,0.1517334,0.44140792,0.4122393,0.180902
traffic,201,14868,16404,0.8964519266329924,0.2872042220554404,0.05815065,0.12196374,0.10859442,0.2887088
traffic,32,14868,16788,0.8964287036004558,0.261377300891243,0.14985836,0.17416763,0.035377502,0.05968678
traffic,675,15764,16532,0.8964259292761915,0.2799626342042279,0.07234621,0.09745252,0.24436677,0.07456803
traffic,207,16276,16660,0.8964195586372298,0.2836299645691105,0.5278517,0.9248662,0.7907654,0.6619525
traffic,778,15636,16404,0.896419064919996,0.2271705245765396,0.24868739,0.18370926,0.07013655,0.5025332
traffic,180,14932,16660,0.8964001875009424,-0.0124946416141389,0.98131335,1.7170417,1.0174607,1.6808944
traffic,836,14164,14548,0.8963839060791019,0.1355633251335294,0.38212585,0.29823565,0.2353878,0.4449737
traffic,416,15956,16340,0.8963764292989796,0.1759066681699156,0.71181035,1.2524035,0.9690454,0.99516845
traffic,788,15828,16596,0.8963079327971156,0.0905071416615774,0.008474827,0.091487646,0.038800478,0.061161995
traffic,99,16660,17236,0.8963071365452953,0.1812298336667696,0.8101429,0.70442915,0.78185606,0.73271596
traffic,247,14484,14676,0.8963049749464781,0.2974101030735808,0.09354544,0.2455337,0.30814934,0.030929804
traffic,67,15828,16980,0.8962647772789653,0.2057050591087075,0.24691296,0.8489759,0.012909651,0.5891533
traffic,281,15508,16852,0.8962442158276285,0.1692334411183345,0.107465506,0.10211587,0.018700838,0.19088054
traffic,368,15060,15828,0.896229856528398,0.1989908179862315,0.42674935,0.7453885,0.5719708,0.60016704
traffic,855,14676,17364,0.8961778619578435,0.002895557546203,0.24429357,0.13404131,0.2578193,0.120515585
traffic,316,15764,16916,0.8961561572260793,0.274894776031237,0.050003648,0.06926918,0.24049318,0.12122035
traffic,9,14996,16724,0.8961343471679827,0.1819074279860673,0.5754752,0.89968455,0.7646227,0.7105371
traffic,316,14548,17364,0.8961093134914531,-0.1099497538035695,0.6400261,1.095184,1.1502739,0.58493614
traffic,636,14356,16852,0.8961004789520054,0.2735299217245241,0.49870014,0.24229145,0.39338183,0.34760976
traffic,260,16276,16660,0.896094198182866,0.2881851654276331,0.5660863,1.3530862,1.1533201,0.76585245
traffic,231,14420,17108,0.8960923942367485,0.2684741217572169,0.2338469,0.23310113,0.36956143,0.0973866
traffic,385,14484,15252,0.8960867315118826,0.2491809053058864,0.3879447,0.40009987,0.266423,0.5216216
traffic,682,15508,16660,0.8960727499260213,0.2774941777299297,0.35402465,0.38821435,0.44630885,0.29593015
traffic,537,16532,16724,0.8960719356978566,0.0618292510833836,0.1737957,0.28950214,0.28505635,0.17824149
traffic,620,16660,17428,0.8960637430787005,0.2567550653938303,1.096792,1.1837817,1.4685967,0.811977
traffic,567,14420,15956,0.8960484400008839,0.1790674548816658,0.47026563,0.4350121,0.41876793,0.4865098
traffic,738,16148,17108,0.8959900903737877,0.2572052230493041,0.9364761,0.7713243,0.87995553,0.82784486
traffic,671,15572,16340,0.8959790775122369,0.2709364711176371,0.64783454,0.8595481,0.8781712,0.6292114
traffic,376,14484,16980,0.895955036682997,0.2990874660789259,0.28901386,0.46274018,0.2356298,0.51612425
traffic,588,14676,15636,0.8959421258933873,-0.0601007129769242,0.5890801,1.1819123,1.3276063,0.44338608
traffic,206,15828,17364,0.8959315457151861,0.0308258680707004,0.18098545,0.49151683,0.52637243,0.14612985
traffic,500,15316,16468,0.8959251367026787,0.21795330626528,0.115251064,0.12596607,0.15943408,0.14871907
traffic,567,14100,16212,0.8959152775391349,0.2660320591328671,0.3420818,0.28252625,0.3041457,0.32046235
traffic,497,14996,15956,0.8959083121815079,0.258196483820603,0.81987524,0.6520963,0.7650907,0.7068808
traffic,240,16020,17364,0.8959039718047122,0.1043254844281403,0.34835148,0.13516736,0.16268897,0.32082987
traffic,152,15316,16276,0.8958816765225963,0.2164420440244245,0.82848644,0.87421036,1.0309159,0.67178094
traffic,238,14740,16276,0.8958789258514746,0.2961539754580395,0.06987357,0.07363343,0.25188947,0.10838246
traffic,229,15828,16980,0.8958637419824537,-0.0414240593156651,0.07440829,0.27114153,0.19531155,0.39204478
traffic,275,15508,16852,0.8958611008258572,-0.0541870140866649,0.0523777,0.18023229,0.0058214664,0.22678852
traffic,252,14932,16660,0.895818337693309,0.1445304747846208,0.8975538,1.4229519,0.7681414,1.5523643
traffic,74,15636,16788,0.8957445302373243,0.1010589610793158,0.60445094,0.5474248,0.47271657,0.67915916
traffic,788,15956,16532,0.8957120444834319,0.2852955195003532,0.02641344,0.21101785,0.27923393,0.041802645
traffic,817,15444,16404,0.8957065832179819,0.1147605131446047,0.13678706,0.09300709,0.4473809,0.21758676
traffic,823,14548,15700,0.8956931025539256,0.2760920266291746,0.13910365,0.07592678,0.09890127,0.11612916
traffic,283,15444,16404,0.8956866274335491,0.0848538648728087,0.14835203,0.19988894,0.025223017,0.373464
traffic,150,14292,15636,0.8956524056286398,0.2264052458964284,0.097506285,0.14743304,0.19233704,0.05260229
traffic,355,14036,16724,0.8956501943652845,0.2602782968390346,0.18120801,0.07630873,0.09330487,0.011594415
traffic,258,15252,16788,0.8956314859104162,0.2726418314474505,0.2869699,0.31381512,0.5132992,0.08748579
traffic,171,14228,16724,0.8956197642832662,0.2084382041746608,0.21444905,0.70074546,0.20989752,0.2763989
traffic,347,14100,17172,0.8956025999909325,0.2998584598976466,0.37589622,0.9862089,0.7767992,0.5853059
traffic,714,16404,17364,0.8955891964615217,-0.0777944744284235,0.1334343,0.19916964,0.24555635,0.08704758
traffic,817,16660,16852,0.8955548637856229,0.0947466204343547,0.27261162,0.51298904,0.47696662,0.30863404
traffic,573,14228,16724,0.895548025095403,0.1211153847378677,0.23403847,0.031146169,0.36984634,0.16695404
traffic,53,14548,16660,0.8955048852973304,0.2015427981910833,0.06484008,0.05075884,0.21391797,0.3295169
traffic,82,16276,17428,0.8954959678849249,0.2969787633861438,0.009514332,0.25395703,0.29547405,0.05103135
traffic,330,14036,16916,0.8954915203585689,-0.1375661062887367,0.10559392,0.38326693,0.0110577345,0.28873074
traffic,580,14228,17300,0.8954863036601568,0.2824127047368392,0.40859663,0.43252563,0.48325956,0.3578627
traffic,264,14804,17300,0.8954848118530873,0.029550577531347,0.17532754,0.13779354,0.018177032,0.3312981
traffic,266,14420,16532,0.8954373292121184,0.1032478872452123,0.15787828,0.12960625,0.21450186,0.18622983
traffic,85,15636,17172,0.8952962973854379,0.2776529292936699,0.65860605,0.38607812,0.66334033,0.38134384
traffic,627,14804,15956,0.8952886370627169,0.2643704368888251,0.49532628,0.9041321,1.0906067,0.30885172
traffic,139,14612,16724,0.8952692006307348,0.2031056770508232,0.24625826,0.19987535,0.042571545,0.0038113594
traffic,67,14932,16660,0.89525702508077,0.0084494791203382,1.1582791,2.0762618,1.1781436,2.0563972
traffic,727,14804,17300,0.8952550549940915,0.2894470215137005,0.06622529,0.05879736,0.28060627,0.15558362
traffic,485,14804,15956,0.89522572410023,0.2811032774206649,0.34325576,0.38265753,0.409842,0.31607127
traffic,665,14228,16916,0.8952125104109246,0.2322646005255322,0.23327541,0.6205756,0.0724628,0.3148374
traffic,306,14036,14996,0.8951796296679159,0.2690371071159784,0.81392276,1.5864463,0.93434083,1.4660282
traffic,365,15764,16340,0.8951733940963993,0.29642511987464,0.7135135,1.0473433,0.88723385,0.8736229
traffic,635,14612,16916,0.8951505253906984,0.0567498737684647,0.32773805,0.058115244,0.25786662,0.011756182
traffic,810,14420,14612,0.8951339243126663,0.2860183992765558,0.25062406,0.40598547,0.3936373,0.26297224
traffic,4,14676,17364,0.8951311143155266,0.2952047810576138,0.1875062,0.12612486,0.079506636,0.23412442
traffic,772,15636,16596,0.8951150902084836,0.2854013058569222,0.07055271,0.16226983,0.38961935,0.48133647
traffic,713,14484,16596,0.8951037414861128,-0.007130069253731,0.06795788,0.19989729,0.13628006,0.26821947
traffic,792,14740,16276,0.8950638531458415,0.2832997061322549,0.12783182,0.098656654,0.018821716,0.24531019
traffic,762,15060,16596,0.8950390656450123,0.034905392380853,0.040948868,0.18548846,0.28042865,0.053991318
traffic,299,14484,17172,0.8950319744383664,0.1367447777288748,0.33273578,0.23574495,0.4435506,0.12493014
traffic,509,14804,17108,0.8950242777036383,0.1823485831475466,0.5640445,0.7088914,0.68190575,0.5910301
traffic,145,14420,15188,0.8949936946662209,0.2745649582437532,0.4981314,0.61670506,0.47541285,0.6394236
traffic,798,14484,15828,0.8949878726598821,0.2768131195529619,0.19737601,0.457541,0.5037327,0.15118432
traffic,50,15700,17044,0.8949689593204065,0.2397242358256227,0.036013365,0.28263497,0.20818901,0.038432598
traffic,409,15252,16980,0.8949495546299965,0.2383719802986016,0.27721846,0.14480603,0.22961974,0.19240475
traffic,626,14804,17108,0.8949343808027366,0.0430454008003186,0.18134713,0.3886906,0.04158926,0.611627
traffic,573,14932,15316,0.8949259338027692,0.2906436109415953,0.41229856,0.7148349,0.897076,0.23005748
traffic,521,14484,14868,0.8949157872026571,0.2349452993161533,0.16493392,0.2002542,0.10284114,0.46802926
traffic,803,14164,16852,0.8948573017051696,0.2890208134407435,0.10414028,0.3196149,0.072779894,0.2882545
traffic,767,14676,16980,0.8948403122123286,0.2936717976406801,0.29764032,0.13051629,0.14965487,0.017469168
traffic,749,15828,17364,0.8948164849421493,0.2676045357087152,0.000330925,0.40395665,0.73783255,0.33354497
traffic,233,15124,17428,0.8947930333731009,0.2924918632749075,0.26684403,0.24271393,0.025313616,0.48424435
traffic,305,16596,16980,0.8947836507070263,0.2854536473479695,0.61876464,0.60137534,0.62971425,0.5904257
traffic,790,16212,17172,0.8947795099032876,0.0577896399079327,0.18758321,0.34531522,0.439363,0.09353542
traffic,356,15316,17236,0.8947090268931354,0.2003462820665736,0.4743712,0.72935104,0.6312127,0.5725095
traffic,367,14036,16916,0.8946810006805974,0.2012691081774855,0.40576398,0.7207785,0.31327522,0.8132673
traffic,786,16788,17172,0.8946809082817373,0.2837067669734169,0.85829103,0.35141134,0.5011436,0.7085588
traffic,554,14228,14996,0.8946531731395702,0.2970496342530822,0.8498374,1.6662036,1.1060987,1.4099424
traffic,771,14676,15636,0.8946503851199133,0.135724509261591,0.13044238,0.47488213,0.40634942,0.19897509
traffic,531,14484,15828,0.894645977295006,0.2789922873251041,0.057152748,0.115484715,0.14874506,0.023892403
traffic,526,14100,16404,0.8946262817254345,0.1582350029454873,0.18820429,0.88731265,0.64594054,0.4295764
traffic,659,14996,16916,0.8946172630613173,0.2694970893772406,1.0177715,1.2714032,1.5920889,0.6970858
traffic,853,15316,16468,0.894600151801978,0.1400598324596828,0.21920729,0.43670893,0.33843446,0.31748176
traffic,833,15828,17364,0.8945911039244345,0.2640062224814702,0.21047902,0.45321822,0.6400373,0.023659945
traffic,33,14164,16852,0.8945707752327172,-0.1598236337979899,0.06206131,0.2574625,0.11562729,0.20389652
traffic,855,14484,15828,0.8945670730009362,0.1853130362032089,0.05599761,0.07045102,0.042927742,0.02847433
traffic,241,14420,17108,0.8945385986712994,0.2620368405826503,0.08180106,0.4884323,0.08968121,0.65991455
traffic,285,15316,16276,0.8945377108624837,0.1089605597550868,0.34387636,0.4096105,0.43567348,0.3178134
traffic,183,14676,16788,0.8944774841563652,0.1962359281007892,0.1711216,0.51505136,0.41562033,0.27055264
traffic,773,14100,16788,0.8944719044577902,0.150848091267592,0.7930591,0.7893915,0.5165231,1.0659275
traffic,700,14868,15828,0.8944519121005825,0.2943757853458115,0.56953454,0.53029656,0.43441558,0.6654155
traffic,369,16084,17364,0.8944420914317976,0.0048035360293071,0.8432776,1.7893393,1.5453106,1.0873063
traffic,580,15252,17364,0.8944144358481413,0.1212716733322773,1.0599213,2.0166183,0.945766,2.1307735
traffic,167,15316,16468,0.8944142217271183,0.05807720788638,0.01919508,0.52924967,0.30111527,0.20893931
traffic,363,16468,16660,0.8943950650368997,0.1796901898754971,0.581216,1.655407,1.1362599,1.100363
traffic,91,15444,16212,0.8943645974959815,0.0968734970416578,0.042308092,0.030938625,0.07105923,0.05968976
traffic,401,14036,15764,0.8943511775926686,0.1076699305659221,0.084596515,0.23129511,0.2075026,0.06080401
traffic,323,14484,15828,0.8943040637157765,0.2945291338631751,0.5482769,0.6470473,0.80443764,0.39088655
traffic,86,14164,16084,0.8942898552486452,0.2642828297776185,0.57328486,0.90346575,0.95245004,0.5243006
traffic,346,14292,14676,0.8942522418302398,0.1569135102397822,0.29125822,1.4386097,1.2687178,0.46115017
traffic,586,16020,17364,0.8942092801299564,0.0900211436265925,0.2625935,0.05002904,0.116995335,0.19562721
traffic,111,15316,16276,0.8941578653007679,0.2848265244052573,0.8753953,0.8664949,1.1164935,0.6253967
traffic,287,14804,15956,0.8941572017421823,0.2509087926946555,0.91279984,0.47399402,0.6951561,0.69163775
traffic,537,16468,17428,0.894120741005016,-0.0382816529896617,0.09933698,0.2500173,0.22740602,0.12194824
traffic,716,16212,17172,0.8940970828391224,0.245892611203824,0.39763796,0.017148018,0.22667062,0.15381932
traffic,65,14868,16404,0.8940716821103124,0.0563739265980148,0.018326283,0.32953846,0.10080838,0.24705637
traffic,645,14804,17300,0.8940532551529543,0.2438969240488921,0.20762849,0.007307768,0.2228167,0.42313743
traffic,564,15444,17172,0.8940399372750852,0.2510917552519697,1.0138735,1.2768517,0.9261732,1.3645519
traffic,747,14420,16340,0.8940210065840787,0.2757628078938816,0.5797653,0.110651016,0.37711596,0.31330037
traffic,631,16148,16724,0.8940169879432482,0.2416594852526049,0.3410015,0.26929307,0.06826711,0.5420275
traffic,319,14932,16660,0.893981046968745,0.1902359922075965,1.0820768,1.6881046,1.0541964,1.7159851
traffic,299,17108,17300,0.8939690030925966,0.225841611177086,0.4196291,0.5016948,0.47970474,0.44161916
traffic,287,16660,16852,0.8939120073377013,-0.189184337472108,0.42745543,0.5363176,0.46004438,0.5037286
traffic,155,14292,14676,0.893870084476179,0.1729386405052068,0.08423293,0.19518101,0.70320153,0.4237876
traffic,678,14292,14676,0.8938618931818822,0.2380317575386994,0.14964175,0.3415606,0.81254697,0.3213446
traffic,611,15636,16788,0.8938269715504353,0.1906277169810774,0.21380544,0.34410977,0.042744875,0.6006601
traffic,750,15700,16276,0.8938216503978438,0.2607714255034942,0.22855544,0.605981,0.5517738,0.28276265
traffic,810,15572,17108,0.8937988306991945,0.2041572917022069,0.16917777,0.073022366,0.29081392,0.19465852
traffic,635,14164,15700,0.8937985046282559,0.2734508020224427,0.22432685,0.32023,0.2231543,0.32140255
traffic,637,15828,16596,0.8937931339421497,0.1819658326004627,0.40590405,0.47229934,0.08821428,0.7899891
traffic,528,15636,16788,0.8937669893571243,-0.0424653188830351,0.0696013,0.29019356,0.118314505,0.24148035
traffic,628,16020,17364,0.8937636971170633,0.1978585207132105,0.03675413,0.22207141,0.09049964,0.1683259
traffic,560,15828,16596,0.8937516901044821,0.2494120413047184,0.7812464,0.53235507,0.32911086,0.98449063
traffic,172,14420,16340,0.8937419926340029,0.2571898791025077,0.9265245,1.125557,0.9136349,1.1384466
traffic,213,16788,17364,0.8937399796500449,-0.1331805278173272,0.5190524,0.557611,0.55696905,0.5196943
traffic,260,14292,16212,0.8937360184152732,0.2245236710243354,0.09129119,0.24581504,0.43036342,0.09325719
traffic,358,16468,17428,0.8937184894013339,0.0795850900576851,0.045401573,0.07124257,0.07147694,0.045167208
traffic,223,15828,16596,0.8937068639518485,0.2651444518909912,0.045540333,0.2054913,0.100954056,0.26090503
traffic,753,16788,17172,0.8936849151353539,0.2044515388536391,0.5584284,0.092216015,0.3146206,0.3360238
traffic,639,14036,17108,0.8936525976010381,0.2814621808205676,0.0063996315,0.16983175,0.011810899,0.18804228
traffic,590,15828,16980,0.8936408545361012,0.2934716232775263,0.47135568,0.57795167,0.55712914,0.4921782
traffic,120,15764,16340,0.8936178034282783,0.2836189768082464,0.8391385,1.1445293,0.9324784,1.0511894
traffic,587,15828,16020,0.8936054716478815,0.2620213698044086,0.09381151,0.027028084,0.13535237,0.2021358
traffic,761,14932,16276,0.893597107197744,0.1931654913040538,0.15478277,0.4215907,0.21614099,0.36023247
traffic,788,16084,16660,0.8935955719912252,0.1935750727394334,0.35704947,0.25267482,0.5836916,0.026032686
traffic,406,14100,17364,0.8935700097832345,-0.1442165124796284,0.3340267,0.8116391,0.6496726,0.49599314
traffic,259,15764,16340,0.8935634938051082,0.1936813481605001,0.8715464,2.086294,1.3065673,1.651273
traffic,546,14036,16916,0.8935466053872052,0.2541885589198323,0.23763883,0.028159738,0.15368986,0.055789232
traffic,493,14804,17300,0.8935315948561696,0.2425209361026048,0.019441843,0.1081593,0.27292442,0.18420696
traffic,299,14676,17364,0.8935296593678335,0.2742497156459959,0.52343297,0.4007895,0.5277288,0.39649367
traffic,837,15444,17364,0.893523872722546,-0.1657388244676606,0.7751736,1.8622744,1.1777942,1.4596537
traffic,123,14292,16788,0.8934966881234836,0.232202297081869,0.15089178,0.30640197,0.0020062923,0.45930004
traffic,16,14292,15828,0.8934585225111297,0.1854849731358393,0.23880911,0.07620168,0.23207808,0.08293271
traffic,375,16148,17300,0.8934412707396447,0.2723882551612764,0.4812889,0.91337514,0.825999,0.568665
traffic,814,15700,17044,0.8934034604326883,0.1594652343247352,0.424693,0.24729419,0.010699749,0.6826869
traffic,809,14676,16980,0.8933954400615008,0.2520815248787972,0.2988019,0.24839425,0.13191342,0.081505775
traffic,817,14292,16020,0.8933666960188107,0.135790994169984,0.0612154,0.23910403,0.62385035,0.4459617
traffic,549,14548,16660,0.8933608894789236,0.2929983851657474,0.84178555,1.9115129,1.2433466,1.5099518
traffic,661,14612,16916,0.8933513796594093,0.1906858492695911,0.21110272,0.56861573,0.15932018,0.19819283
traffic,270,14164,16852,0.8933370231950729,0.1146981978691116,0.057352066,0.49290538,0.18385339,0.36640406
traffic,81,14036,16916,0.8933311370960958,0.252473810605592,0.04053235,0.6092324,0.14529824,0.42340183
traffic,435,14036,16724,0.8933223454103804,0.1843059678742184,0.4230094,0.15056872,0.10825634,0.16418433
traffic,320,15764,16532,0.8932936217092866,0.1646685927927967,0.6083809,0.95280886,0.7235986,0.8375912
traffic,259,15892,17044,0.8932828008629203,0.294704744118166,0.3509481,0.24725878,0.4492674,0.34557807
traffic,122,15188,16724,0.8932023288343344,0.1163499854720308,0.15787172,0.71612835,0.47918224,0.39481783
traffic,722,15508,17428,0.8931888319492697,0.2965116220731261,0.69339013,0.24974394,0.53564763,0.40748644
traffic,191,14740,17364,0.893180333881793,0.0262906819958842,0.69476545,1.2643715,1.7392743,0.2198627
traffic,860,14484,16596,0.893162857826761,0.2447095208059939,0.078440905,0.039448023,0.1426754,0.26056433
traffic,759,15764,16340,0.893154289056552,0.2777088709911294,0.3669412,0.32339764,0.4396572,0.25068164
traffic,434,14164,16852,0.8930849802388313,0.2271296242696679,0.16341424,0.20580554,0.09346819,0.2757516
traffic,423,14164,16660,0.8930792818432558,0.2863769868164303,0.40859294,0.6584463,0.63559794,0.4314413
traffic,715,15764,16340,0.8930623556344618,0.1420191720012756,0.818684,1.3996341,1.0069376,1.2113805
traffic,439,16148,17300,0.8930615428766014,-0.0733454216049317,0.18199396,0.4398265,0.37135625,0.2504642
traffic,433,15508,16852,0.8930468570671878,0.135131201260137,0.21466088,0.038576126,0.28017735,0.026940346
traffic,34,15828,16788,0.8930400153758654,0.2282763497919797,0.3740549,0.24886274,0.13085842,0.49205923
traffic,258,14996,15764,0.892969571492768,-0.0515896272006212,0.31371164,0.54906726,0.51982236,0.34295654
traffic,142,14100,16404,0.8929244591503901,0.2599164672170902,0.085959196,0.17298627,0.07481098,0.18413448
traffic,44,14612,14996,0.8929192041371021,0.2466154295681554,0.17739713,0.14627981,0.13780463,0.18587232
traffic,324,14292,16980,0.8929178954602224,-0.2127355838933012,0.48022628,0.55320835,0.1129148,0.18589687
traffic,826,15892,17428,0.8929130673733294,0.1116011811805142,0.018758297,0.23753786,0.016565323,0.20221424
traffic,724,16468,17044,0.8928724840597291,0.1074747425046572,0.2317977,0.054201603,0.00986743,0.18746352
traffic,199,16276,16660,0.8928437643888484,0.1716096244109404,0.69538164,0.83835125,0.82343745,0.71029544
traffic,298,14484,17172,0.892830036921819,0.2701656127529086,0.42630672,0.2961371,0.61158323,0.110860586
traffic,837,14548,16660,0.8928300105004808,0.1525620535457005,0.96497047,1.7061974,1.0258763,1.6452916
traffic,307,14676,15828,0.8928283582782708,0.2286331697607785,0.59130406,0.16999412,0.27522874,0.48606944
traffic,147,14100,16788,0.8928246258227915,0.1653085578299331,0.083987,0.5682225,0.07811427,0.7303238
traffic,211,16660,17236,0.8928216415469601,0.1695569187997078,1.2988272,1.6160262,2.357358,0.55749536
traffic,839,16148,17108,0.8927939203465274,0.2289771230316283,0.2812636,0.19764888,0.11380553,0.36510694
traffic,367,15892,17364,0.8927777703386137,0.0723400828402753,0.7531276,1.0381583,1.5226449,0.268641
traffic,702,15828,16596,0.8927734625371903,0.2651334548431217,0.061528683,0.42581022,0.10194087,0.26234066
traffic,136,14164,16468,0.8927721686054012,0.2612425859554163,0.29118466,0.14456224,0.030085802,0.17670822
traffic,351,14612,16916,0.8927403833760859,0.1987698738095991,0.046405196,0.5214772,0.18598878,0.38189363
traffic,684,14676,16980,0.8926847821676689,0.2038117755181703,0.6801524,0.20047712,0.16337872,0.31629658
traffic,4,15636,16788,0.8926740401888277,0.1812103690576267,0.6560633,0.5533092,0.62977505,0.5795975
traffic,569,14932,17236,0.8926652612526195,0.1433204733789435,0.24883717,0.5643342,0.01924777,0.3347448
traffic,273,15636,15828,0.892635893792196,0.1017127106651651,0.7709986,1.0044107,0.66358626,1.1118231
traffic,291,14996,15956,0.892626453980142,0.1881939043785296,1.0342586,0.9224763,1.2265058,0.73022914
traffic,787,15316,16276,0.8926020487510855,0.1377836881712444,0.15819025,0.62512994,0.29644775,0.17049193
traffic,727,15444,16020,0.8925944682407295,0.2859973926534409,0.31065154,0.39782095,0.8167336,0.10826111
traffic,762,14292,17364,0.892585147427699,-0.054738253068306,0.16800761,0.3056202,0.45508838,0.018539429
traffic,439,14484,16596,0.8925825075235806,0.2068565318439357,0.033228397,0.4571495,0.021114111,0.44503522
traffic,408,16020,16788,0.8925774869541262,0.2065046442335036,0.30974054,0.2727177,0.047382593,0.010359764
traffic,390,16148,17300,0.8925498672370895,0.1636970038418944,0.12515354,0.29940176,0.10807133,0.31648397
traffic,106,14612,16532,0.8925458397332957,-0.1038370739226193,0.3609624,0.39136028,0.54478836,0.20753431
traffic,380,14036,14996,0.892542776567119,-0.0230608991683064,0.32946372,0.5245824,0.694232,0.15981412
traffic,830,14932,16468,0.8925308457591828,0.2807560476503352,0.13543344,0.17926848,0.1237843,0.43848622
traffic,82,14484,14676,0.89252089312891,0.2517928410890571,0.01575017,0.15589333,0.4892974,0.3176539
traffic,516,14164,17236,0.8924938773018586,0.2698622627850368,0.5800872,1.1507801,0.8419516,0.88891566
traffic,166,15636,16788,0.8924913022247047,0.2733902575899076,0.25323772,0.3467803,0.13223624,0.46778178
traffic,814,14292,16788,0.8924678413144411,0.1733861765945702,0.13506365,0.21776605,0.1221149,0.2048173
traffic,508,15700,16276,0.8924213741953267,0.1725796488014295,0.95728326,0.5236379,0.7942462,0.68667495
traffic,379,14612,16916,0.8924121801026895,0.2392307927537436,0.14839327,0.9832229,0.58189666,0.5497195
traffic,208,14164,15508,0.892410153793874,0.2831201494906696,0.052018166,0.007424593,0.02867198,0.08811474
traffic,117,15828,17364,0.8924011822920772,0.0897762173441916,0.14944744,0.0987699,0.1379354,0.18861294
traffic,310,15252,16212,0.8923867598544545,0.2840362253208103,0.12987745,0.42339122,0.53218627,0.021082401
traffic,200,14932,16660,0.8923601078395705,0.1719654965079398,0.8758675,1.9758713,1.1702241,1.6815147
traffic,805,14676,16404,0.8923573388173955,0.2667943719216578,0.16594172,0.34685838,0.20370793,0.30909216
traffic,394,14740,16660,0.8923310260234014,0.1148114948696744,0.92736405,2.138975,1.2161486,1.8501904
traffic,452,15636,16404,0.8923032078794525,0.2969650489832542,0.35992038,0.193694,0.1506226,0.40299177
traffic,303,14356,15700,0.8922703406561513,0.2183775861331922,0.18438494,0.1540674,0.14339566,0.19505668
traffic,459,16276,16660,0.8922602006217959,0.1908107865129362,0.7194402,1.8374693,1.0258596,1.53105
traffic,233,14804,17300,0.892259679078069,0.2744672007605197,0.457644,0.15471554,0.14720583,0.15572262
traffic,401,14484,15636,0.8922506583440206,0.2663931801884309,0.08558631,0.58512497,0.36928344,0.30142784
traffic,620,15828,16788,0.8922332766573392,0.2553912230450198,0.64183974,0.5809357,0.26465178,0.9581237
traffic,41,14740,16660,0.8921859382720079,0.1434756395381323,0.79405797,2.1427784,1.3055555,1.6312809
traffic,301,15444,17364,0.892177701089015,0.160060704052397,0.39114094,0.68556476,0.82705474,0.24965096
traffic,561,14420,14996,0.8921720574549087,0.2863658560288428,0.6276041,1.1205733,0.91049564,0.8376818
traffic,249,16468,17428,0.8921681138669274,0.216061794159631,0.009102225,0.18537772,0.1537857,0.022489786
traffic,44,15508,16660,0.8921490445273257,0.269639487478051,0.098146915,0.24141335,0.17610359,0.16345668
traffic,471,16596,17172,0.8921315539669057,0.2597761574940852,0.74064875,0.3381741,0.49366808,0.5851548
traffic,688,16148,17300,0.8921223026902422,0.0008869593693681,0.15521097,0.050485134,0.06517935,0.27087545
traffic,107,14996,16532,0.892082959087405,0.0959695647628587,0.2898587,0.24833238,0.18381786,0.35437322
traffic,306,14740,16660,0.8920804655677279,0.099961452601763,0.8136512,2.3182178,1.2972375,1.8346314
traffic,331,14484,16980,0.8920784081236409,0.2036134036648428,0.77491283,0.8405125,0.8523834,0.763042
traffic,421,15060,17364,0.8920765915974218,0.1244220371087252,1.0867718,1.5332127,0.8886465,1.731338
traffic,662,15188,16532,0.8920696463275709,0.1929153583052492,0.081162214,0.27533293,0.0159235,0.17824721
traffic,0,15828,16596,0.8920543469006252,0.2903762039391359,2.2279158,0.8713887,2.0030982,1.0962062
traffic,528,14484,16980,0.8920497126454839,0.2866095058024839,0.1405325,0.4906087,0.363333,0.2678082
traffic,113,14548,15892,0.8920346577177559,0.2513130498706823,0.08236694,0.2958219,0.21718037,0.0037254095
traffic,720,15892,17236,0.8920080457073417,0.2597845029786912,0.025032997,0.22973132,0.1818881,0.43665242
traffic,611,15828,16596,0.8919719531317792,0.1692644194322319,0.99735475,0.6535722,0.53014517,1.1207818
traffic,673,14996,16340,0.8919688701733295,0.2228952468147205,0.08884215,0.02198577,0.11057973,0.00024819374
traffic,471,15124,16276,0.8919284255663539,0.1158106859638189,0.6058954,0.5907415,0.6654892,0.5311477
traffic,835,15892,17364,0.8919055425255602,0.2771606870640411,0.23955262,0.3454213,1.1864272,0.6014533
traffic,803,15316,16468,0.891887920831401,0.1446040294238937,0.3537314,0.68748045,0.4868555,0.55435634
traffic,61,14100,16212,0.8918849138151241,0.2123105265074818,0.89528763,0.9507961,1.3050966,0.54098713
traffic,208,16660,17236,0.8918589421987351,0.2749392049109314,0.72419596,0.9439417,1.0675583,0.6005794
traffic,696,14804,16148,0.8918421453059715,0.2309421949705965,0.7365236,0.7536824,1.0201917,0.47001433
traffic,751,15124,16660,0.891822643839055,0.2955279977764089,0.14288795,0.1595236,0.12658083,0.14321649
traffic,350,15572,16532,0.8918132042480623,0.2674027270453382,0.63933766,0.8854344,0.7650775,0.7596946
traffic,244,14420,16340,0.8918073223213705,0.2735844237196674,0.39249277,0.1995821,0.24906826,0.3430066
traffic,203,14100,16404,0.8917827188571338,0.2312292912572341,0.36165178,0.15611243,0.52260435,0.0048401356
traffic,831,16788,17364,0.8917771385961732,0.2998701095236345,0.17351866,0.19602203,0.2402618,0.1292789
traffic,316,15636,16788,0.8917576257468549,0.1787708141437917,0.089343786,0.027618885,0.30427337,0.1873107
traffic,465,15316,16468,0.8917314991377937,0.0746164335334372,0.29603386,0.6971438,0.6022761,0.39090157
traffic,412,16148,17108,0.8917266134485993,0.1158166167443,1.1518105,0.7544658,1.003803,0.90247333
traffic,531,15636,16980,0.8917046223899834,0.2327461490515486,0.119283676,0.093503475,0.10902357,0.08324337
traffic,428,15956,16724,0.8916783356979173,0.1693342490565012,0.4058802,0.34561682,0.031026125,0.78252316
traffic,252,14292,16788,0.8916726527620107,0.221458226301997,0.14905405,0.07261944,0.30654287,0.3829775
traffic,395,14100,14676,0.8916702689207996,0.0810459352333292,0.5790538,1.6432117,1.3156245,0.906641
traffic,772,16020,16404,0.8916362859764723,0.2668617667502393,0.8195534,0.7426137,0.6031029,0.9590641
traffic,313,14292,16212,0.8915888210614601,0.2363399048528406,0.011441708,0.25657916,0.3250265,0.07988906
traffic,576,15124,17300,0.891566798214435,0.0571499755518615,0.7050593,0.121575594,0.5522218,0.03126192
traffic,710,14036,16916,0.8915407129154824,0.2174688353543859,0.10644233,0.54702294,0.29047143,0.36299384
traffic,797,14676,15444,0.8915366592398922,0.1157239133662999,1.1814901,1.1220831,1.4855136,0.81805956
traffic,154,14612,16724,0.8915282848837884,0.1968274628048687,0.30481386,0.15777302,0.08686352,0.060177326
traffic,102,16660,17236,0.8914968683597064,0.2392372037176037,0.29604864,0.85903656,0.7646905,0.3903947
traffic,801,15508,16852,0.8914920472935722,-0.0023823077210695,0.14305711,0.32672882,0.17169333,0.011978388
traffic,388,16084,16852,0.8914915613155093,0.2668130272831686,0.40856397,0.44584894,0.6389853,0.21542764
traffic,849,14548,16660,0.8914831024570434,0.2849500329617206,0.83915186,2.1119246,1.4862701,1.4648066
traffic,701,14164,16852,0.8913805790469232,0.2155611387965623,0.3018949,0.38445973,0.02417779,0.10674262
traffic,519,14100,16212,0.8913384115811407,0.0116945770596116,0.13587523,0.52421963,0.38325596,0.2768389
traffic,779,14036,16724,0.8913374144444604,0.2631380269664439,0.14208627,0.72331107,0.32095087,0.54444647
traffic,810,15252,17364,0.8913287864651728,0.2082336853414535,1.3287845,1.4075878,0.81019783,1.9261744
traffic,133,15380,16724,0.8913282927515627,0.1978462375059682,0.23113072,0.39913607,0.07245016,0.24045551
traffic,57,14676,16980,0.8913244481267627,0.2546835604297001,0.19667006,0.37500596,0.1689496,0.3472855
traffic,438,15124,16468,0.8913108201898452,0.2904003001048996,0.29632843,0.17075837,0.09855199,0.3685348
traffic,401,14100,16788,0.8912861281133835,0.2063452344528688,0.11891127,0.21013904,0.06546211,0.15668988
traffic,844,15124,16660,0.8912266472813365,0.2362510936867134,0.07544613,0.1882596,0.13721657,0.25003004
traffic,429,16788,17364,0.8912019951559982,-0.130934251135966,0.7751589,1.050832,0.72893476,1.0970562
traffic,317,14164,16276,0.8911478800537481,-0.058771162382352,0.15086818,0.22823405,0.046106815,0.03125906
traffic,197,15508,17236,0.8911285019998957,0.2609253295747561,0.43779898,0.6719667,0.6672149,0.44255078
traffic,722,15956,17300,0.8911197644659251,0.1348512278206431,0.2423172,0.105041504,0.1256628,0.011612892
traffic,573,14292,16788,0.8910740826460606,0.2521907072009162,0.115198135,0.034311295,0.38337684,0.30249
traffic,288,15700,17044,0.891018394561297,-0.1070867841992716,0.26477647,0.4884423,0.033894777,0.2575606
traffic,401,15828,17172,0.8910110129878429,0.28903591583081,0.4112923,0.03173375,0.2225976,0.15696096
traffic,203,15124,16276,0.8909983933297588,0.1266680473237956,0.22458518,0.52602386,0.5142083,0.23640072
traffic,783,15124,15316,0.8909832560220571,0.2304344835560866,0.30487168,0.79087186,0.7306284,0.36511517
traffic,381,16788,17364,0.8909792869362311,-0.1756676730587055,0.795768,1.1993957,0.7436024,1.2515613
traffic,75,15636,16788,0.8909473427576831,0.2161885681612924,0.17529082,0.3071009,0.08546734,0.56785905
traffic,545,14740,16084,0.8909426421758472,0.2378978043487272,0.029764652,0.11258674,0.08613837,0.0033162832
traffic,579,16020,17364,0.8909070747099932,-0.1318369783247164,0.21236229,0.21765447,0.3053367,0.12468004
traffic,588,15508,16852,0.8908735197278528,0.0389090334950427,0.10586429,0.30795312,0.16110468,0.040984154
traffic,43,14996,16148,0.8908733891280032,0.2915378170237425,0.8284836,0.7089925,0.8863046,0.65117145
traffic,68,15892,16468,0.890847662609832,0.1651018759315485,0.22074127,0.31352377,0.25679708,0.27746797
traffic,249,14996,15956,0.8908366188146684,0.0514684840225704,1.0247107,0.9226836,1.2707393,0.67665493
traffic,623,14292,17172,0.8908260780651617,0.2539277939293348,0.7507446,0.7132642,0.87375474,0.59025407
traffic,561,16788,17364,0.8908091617066628,-0.1366365590928005,0.7022582,1.031321,0.7316781,1.0019011
traffic,49,15828,17364,0.8907987317502157,0.2506143927311169,0.08779025,0.11897731,0.15893579,0.047831774
traffic,485,15316,15508,0.8907380116986573,0.2777456535029394,0.40471053,0.07795954,0.43946147,0.0432086
traffic,568,14036,16916,0.8907277812939852,0.1534525066652048,0.027351499,0.2908755,0.10713181,0.15639219
traffic,293,14804,17108,0.8907195703290249,0.181895547100033,0.45430124,0.48673177,0.2680719,0.6729611
traffic,476,15316,16468,0.890706899261248,0.114129561341411,0.40436196,0.24779105,0.1254139,0.031157017
traffic,45,14932,17236,0.8907013327029014,0.2256271558142042,1.3978262,0.7362349,1.3110194,0.8230417
traffic,188,15316,16468,0.8906955621053525,0.0605909429470652,1.2761626,1.1789178,1.5358686,0.91921175
traffic,480,14100,16212,0.8906953446594716,0.2594669021281472,0.2369026,0.49942696,0.49606347,0.24026608
traffic,368,14356,17044,0.8906826996364154,0.1140584667096493,0.18223047,0.040593386,0.12089896,0.101924896
traffic,75,15828,16596,0.8906802884065464,0.1726992875505659,1.0235605,0.64607,0.5380924,1.1315382
traffic,221,15252,16212,0.89067257531906,0.2745654578230676,0.050791502,0.206357,0.22779858,0.029349923
traffic,210,16660,17428,0.8906589073720036,0.1744757758973706,1.0514367,1.1878797,1.5555046,0.6838118
traffic,8,15316,16276,0.8906532923279713,0.28813570360059,0.50422144,0.46487343,0.3817327,0.5873622
traffic,98,14100,17364,0.8906170053056585,0.148963159920875,0.73307693,2.052761,1.2780241,1.5078139
traffic,103,15828,17172,0.8906159621034128,0.2919528627765599,0.23777556,0.0063319206,0.10905504,0.1223886
traffic,204,14804,17300,0.8905917018344152,0.226456327520704,0.33480906,0.20926154,0.19300556,0.35106504
traffic,571,14676,17364,0.8905810999307587,-0.1292444340951894,0.05349517,0.35749316,0.007866144,0.29613185
traffic,518,15956,16340,0.8905809010839523,0.2859093555099854,0.9003495,1.1899714,0.8723496,1.2179713
traffic,99,16980,17364,0.8905775319530476,0.2960711773356164,0.091808796,0.3249421,0.43207526,0.015324354
traffic,145,15252,17364,0.8905770760599617,0.1931132359529614,0.64112306,1.0127228,0.93851745,0.71532845
traffic,732,15444,17364,0.8905612097362197,0.1279009317836155,0.7771318,1.5934538,1.0281665,1.342419
traffic,371,14996,16340,0.890525706592877,-0.0235969098193615,0.09512305,0.03009057,0.06853986,0.056673765
traffic,817,15380,16916,0.8905026506635717,0.2390725332481683,0.026020527,0.48781168,0.25219893,0.26163328
traffic,334,14932,17236,0.8904712331105339,0.2724804817008466,0.149531,0.5235765,0.31175375,0.36135375
traffic,348,14164,17236,0.8904710113197624,0.2932451691587846,0.32567453,0.7353945,0.6248145,0.4362545
traffic,139,14164,17236,0.8904380583245219,0.2299699079698269,0.6105187,1.1852425,1.397325,0.3984362
traffic,608,15892,17428,0.8904282516535404,0.2213197198254417,0.3697312,0.04297471,0.31483686,0.011919618
traffic,603,14292,14868,0.8904261882744909,0.2338253464066143,0.110112906,0.12980318,0.06461239,0.30452847
traffic,311,15828,16596,0.8904209579194055,0.2117759101762302,0.49771976,0.40079534,0.3654766,0.5330385
traffic,555,14676,17172,0.8904033210750538,0.2365970362625549,0.979234,0.012274981,0.61709857,0.3744104
traffic,378,14292,16980,0.8903983280443681,0.221130965570886,0.41274452,0.021113873,0.43242192,0.0014364719
traffic,127,15060,16212,0.890389629392384,0.2892635493542936,0.06876624,0.18581069,0.20482373,0.04975319
traffic,587,16084,17044,0.8903851617369173,-0.0171307199152567,0.18213499,0.014661312,0.16720855,0.029587746
traffic,385,15060,15828,0.8903846546785199,0.2839267361334124,0.6871128,0.43952966,0.47507524,0.6515672
traffic,332,14292,15636,0.8903549424881959,0.2687843408106434,0.50228333,0.53193927,0.62103915,0.41318345
traffic,145,15508,17236,0.8903266545215078,0.254150555545051,0.7090068,1.4212333,1.5771736,0.5530665
traffic,448,14484,15636,0.8902701256443091,0.1559871786656421,0.42795146,0.57728004,0.68695223,0.31827927
traffic,319,16084,16852,0.8902390663558795,0.2677514089626708,0.57621944,0.99226284,0.8800763,0.688406
traffic,230,15636,16980,0.8902309761009619,0.1477155535334931,0.0496763,0.30323648,0.35254788,0.00036489964
traffic,2,16212,16980,0.8902247674195476,0.0788763155646024,0.2668923,0.16081452,0.13004696,0.023969173
traffic,718,15188,15956,0.8901517898606113,0.1823426366470535,0.20305371,0.050848484,0.01942277,0.171628
traffic,186,14676,15828,0.8901494790204184,0.0510305656460803,0.4221604,0.08213854,0.08110833,0.25891352
traffic,154,15316,16468,0.890114881700691,0.1609394479726401,0.5345123,0.63656366,0.74486685,0.4262091
traffic,289,16404,17364,0.8900495539007591,0.1196502008618578,0.55466187,0.8237028,0.6408042,0.7375605
traffic,635,14676,15444,0.8900094305121731,-0.0311470136285451,1.247256,1.1602395,1.7644552,0.64304024
traffic,449,14932,17428,0.8899997913710339,0.2826433689264266,0.19266343,0.0039844513,0.13599801,0.06064987
traffic,151,15828,16980,0.8899987203410384,0.1566284178993719,0.536469,0.5399401,0.58207464,0.49433446
traffic,801,14100,17364,0.8899345947458603,0.1115249430449184,0.6460494,1.4447602,1.0874989,1.0033107
traffic,398,14868,16788,0.8899283209488971,0.2955562429910354,0.353464,0.10544586,0.21845007,0.029568076
traffic,51,14740,15508,0.8899112617532082,0.276556779053362,0.1477406,0.5427389,0.5656183,0.12486124
traffic,763,15636,16788,0.8898653851300162,-0.0320320790467944,0.1390984,0.45082402,0.27467752,0.3152449
traffic,89,16084,17364,0.8898552724470842,0.0843283226369481,0.69424725,1.228159,1.5350695,0.38733673
traffic,22,16084,16852,0.8898296660191749,0.2915332562566955,0.716627,0.9533086,0.82510746,0.8448281
traffic,227,15060,15636,0.8898283306630583,0.0978609790075413,0.33694398,0.49353945,0.5054095,0.32507396
traffic,226,14164,16852,0.8898073273724059,-0.2862480378846059,0.04824853,0.33675885,0.10796547,0.18054485
traffic,521,14804,15188,0.889804265189966,0.2794180714039407,0.083079696,0.10874498,0.28967118,0.2640059
traffic,215,16468,16852,0.8897771328418326,0.2275965546607605,0.3323233,0.23543763,0.27326632,0.29449463
traffic,402,15252,17364,0.8897623623635056,0.1335789130617192,1.0060415,1.8055661,0.96218586,1.8494217
traffic,810,14292,16788,0.8897559562706213,0.258564466031417,0.35770702,0.6831747,0.28980613,0.7510756
traffic,359,15060,17364,0.8897438886608047,0.1218327480959007,1.2524633,1.802331,0.91243416,2.1423602
traffic,164,14164,16852,0.8897387491882758,0.1116320500915312,0.21587038,0.4473281,0.049479485,0.2809372
traffic,93,14164,17236,0.88972296233172,0.2004136723997669,0.43722534,1.4320879,1.3878012,0.48151213
traffic,48,14100,16404,0.8897179104616365,0.298229376392191,0.23085237,0.009248972,0.5623033,0.3406999
traffic,266,14484,15636,0.8897174123260101,0.1991470113244931,0.24683678,0.35163796,0.3359363,0.26253843
traffic,277,15956,16340,0.8897073634285475,0.2997413874591189,0.9581758,2.4637384,1.1183826,2.3035316
traffic,545,14292,14676,0.8897068820449289,0.1198778417026227,0.2365241,0.23364282,1.0800025,0.6098356
traffic,779,14804,17108,0.8896475430363073,0.2454534705675311,0.6701143,0.8944,0.9239534,0.64056087
traffic,77,16084,16660,0.8896331236033409,0.1973692557595317,0.7341497,1.4639325,1.0202243,1.1778579
traffic,3,15828,17172,0.8896281011488473,-0.0595588206744668,0.438735,0.18594408,0.25638318,0.0035922527
traffic,451,14676,16980,0.8896232630730311,0.2276759404661916,0.2356658,0.17758322,0.3682983,0.044950724
traffic,58,14100,16404,0.8896154962306912,0.1464838268906196,0.16254175,0.083277225,0.17615557,0.42197454
traffic,242,14868,16404,0.889604095536261,0.2849836177773336,0.21903992,0.18071103,0.072135806,0.32761514
traffic,449,15316,17236,0.8896025438930819,0.1539374200055595,0.06599331,0.62412786,0.36493897,0.19319558
traffic,750,15508,17236,0.8895723356312891,0.1303902353792773,0.41229677,0.75152504,0.52197313,0.6418487
traffic,761,16148,17108,0.8895683862505397,0.2319867897564318,1.1892844,0.9865388,1.3739214,0.8019019
traffic,759,14484,16596,0.889531342167795,0.2848975824151589,0.28521967,0.30439186,0.24600887,0.34360266
traffic,453,14484,16596,0.8895079471827335,0.2534815524336984,0.076002836,0.20020556,0.04235053,0.23385787
traffic,284,15508,16852,0.8894825303650721,0.1129329736722564,0.16531754,0.2272389,0.15063524,0.24192119
traffic,393,15060,16212,0.8894681295214446,0.2874930424558826,0.22220892,0.39253473,0.33294004,0.2818036
traffic,457,14932,16852,0.889463603543317,0.2854611611264809,0.30212915,0.24350572,0.3622688,0.18336606
traffic,383,16276,17428,0.8894620406970635,0.2071012951344321,0.4374547,0.2754649,0.31710148,0.3958181
traffic,226,14996,15188,0.8894599619571718,0.1606862859585003,0.01759553,0.069532394,0.11734462,0.20447254
traffic,295,14228,14804,0.8894505306284389,0.1861494283770522,0.24261427,0.2957282,0.28094244,0.25740004
traffic,777,16788,16980,0.8894502772501961,0.2834204006379439,0.23230004,0.11272025,0.032181025,0.15176082
traffic,774,16660,17236,0.889444602237211,0.1798100811729391,1.307014,1.5004427,2.2709222,0.53653455
traffic,132,14676,16596,0.8894353897869591,0.1563790476581803,0.0080394745,0.23741531,0.09099102,0.13838482
traffic,63,14804,16916,0.8893663849641563,0.2170178031313659,0.79510164,0.946601,1.073348,0.6683546
traffic,193,16212,17172,0.8893531743477022,0.1706083558398468,0.51758313,0.16253352,0.47568703,0.20442963
traffic,356,15636,16404,0.8893521466478087,0.2054145264198748,0.13863468,0.03396678,0.11507058,0.28767204
traffic,791,14484,16596,0.889331335715418,0.1142441688252056,0.79417753,0.45378375,0.39100122,0.85696006
traffic,172,14228,14996,0.8893293541816547,0.2744368859701476,0.7128296,1.1939161,0.8316817,1.075064
traffic,108,15316,16660,0.8893132550998861,0.1886328010335519,1.03174,0.32144308,0.5260029,0.82718015
traffic,68,17044,17236,0.8892854815944733,0.190802990995121,0.11463523,0.016319752,0.008603811,0.089711666
traffic,661,16788,17364,0.8892217723692775,-0.0892932965382301,0.6150422,0.9036441,0.78700376,0.73168254
traffic,826,15252,17172,0.8891995752488454,0.0872590185579206,0.75640726,0.701082,0.55714226,0.900347
traffic,407,14868,16212,0.8890370157751276,0.2444637695837508,0.13067639,0.08090055,0.090575814,0.121001124
traffic,832,14804,17108,0.8890276637432287,0.2392196317882391,0.52496815,0.5626805,0.5230837,0.56456494
traffic,65,15124,15508,0.8890135359428879,0.2478819723160226,0.35811353,0.20053458,0.3763759,0.1822722
traffic,556,16660,17236,0.8889850204484718,0.1926533444895417,0.61408186,1.0262806,1.0599911,0.5803714
traffic,386,15956,16724,0.8889821512886328,0.2935862672236564,0.25451458,0.1933657,0.028903842,0.41897643
traffic,763,15956,17108,0.8889756958100155,0.270432595896955,0.01977861,0.035080314,0.10570717,0.16056609
traffic,457,14612,16532,0.8889547732198909,0.2820391856433031,0.17909479,0.17427635,0.48263216,0.12926102
traffic,707,14228,16340,0.8889181418840623,0.2853775273174329,0.8832716,1.3805177,0.9830195,1.2807698
traffic,422,14484,16404,0.888908407567847,0.22226848599998,0.7778666,0.559479,0.46673322,0.8706124
traffic,201,14228,14996,0.888877294949585,0.1817302759455557,0.8006326,1.9786048,1.130021,1.6492164
traffic,767,15444,15828,0.8888594732002791,0.1662863068450832,0.4367771,0.48517823,0.5405042,0.38145113
traffic,229,16596,17172,0.8888434407994905,-0.0816725440759043,0.82054067,0.41571212,0.56845665,0.66779613
traffic,393,15508,16852,0.8888368231529863,0.0210354706195879,0.0013034344,0.28768063,0.016095877,0.30507994
traffic,701,15956,16916,0.8888064007052137,0.2823922629267125,0.37216258,0.77439594,0.15515268,0.24708068
traffic,539,17172,17364,0.8887804541879242,0.2309096715528671,0.2211659,0.036212683,0.26695347,0.52433205
traffic,508,15444,16404,0.888744207736687,-0.0419914070461647,0.19212914,0.2633884,0.6161301,0.16061258
traffic,582,14420,15188,0.8887375993876551,0.2845619007512678,0.4681697,0.64899373,0.53909206,0.57807136
traffic,175,14804,17300,0.8886704815307377,0.0105138019104943,0.048807144,0.17617106,0.2520125,0.027034283
traffic,777,14676,17172,0.8886623673244648,0.2849375085102429,0.5631819,0.32039285,0.07592392,0.16686511
traffic,456,14292,16980,0.8886540570380087,0.2843515467692644,0.18789363,0.0055599213,0.2597971,0.066343546
traffic,636,15188,15956,0.8886430513036994,0.2855613871030687,0.1564424,0.34128177,0.31525087,0.1824733
traffic,826,16148,17108,0.8886213433554617,0.2133988725033646,0.21436453,0.2187581,0.09895849,0.33416414
traffic,693,15764,16724,0.8886134356774331,0.0359434558005326,0.76215315,0.6316688,0.38392758,0.25344324
traffic,510,14356,17428,0.8886104268587933,0.2944505630406095,0.20095003,0.23450696,0.35505784,0.7905148
traffic,479,16404,17172,0.8885749481181345,0.2536368140263744,0.38634467,0.14281058,0.04922223,0.29275632
traffic,571,15828,16404,0.8885717084202899,-0.1620394077989994,0.24584198,0.20237017,0.1538837,0.29432845
traffic,235,14228,14996,0.888549668576498,0.0021198080416232,0.41546237,0.30388236,0.38237894,0.3369658
traffic,747,15316,16084,0.8885494301033061,0.2761280338688534,0.07993746,0.4149518,0.25281215,0.24207711
traffic,623,14100,16788,0.8885371746243621,0.2018955606120719,0.0978992,0.46441603,0.1468885,0.7092037
traffic,634,15252,15636,0.88852412886877,0.2996698916788259,0.37112045,0.17203093,0.15951669,0.3836347
traffic,6,14484,14676,0.8885065072963721,0.0603506564987935,0.036581516,0.52793217,0.8413098,0.2767961
traffic,527,14292,16788,0.888503740581524,0.28444890105732,0.5457325,0.6691184,0.65835905,0.55649185
traffic,754,14292,16980,0.888484211817806,0.2275340519221756,0.18510962,0.03698945,0.49986863,0.27776957
traffic,560,15636,16788,0.88847110222684,0.2071905907943988,0.1910696,0.20117927,0.16239202,0.5546409
traffic,463,14996,15380,0.8884592576150884,0.1219112444679746,0.92657185,0.96975327,1.2085853,0.68773985
traffic,587,15060,15252,0.8884449556156522,0.2689354981544967,0.017348051,0.043485403,0.041763783,0.019069672
traffic,788,15060,17172,0.8884245324970479,0.1336952271910989,0.29117346,0.15463686,0.4106109,0.035199404
traffic,165,15892,17364,0.8883756976442507,0.1415566194589445,0.13667047,0.2557603,1.0552247,0.6627939
traffic,605,16660,16852,0.8883628875295002,0.0684071214285776,0.052716017,0.075956345,0.034760237,0.093912125
traffic,714,14420,17300,0.8883357533035503,0.2979978247518787,0.23244882,0.09008849,0.23429453,0.08824277
traffic,437,14676,15828,0.8883150905410062,0.1373048744448098,0.80195,0.3119371,0.4459846,0.66790247
traffic,567,15060,16404,0.8883117951667929,0.201275665304996,0.1920507,0.17206073,0.224715,0.13939643
traffic,770,14740,15892,0.8882973943838856,0.2415422644710447,0.010887623,0.018020391,0.01974392,0.012611151
traffic,480,14292,15636,0.8882082903003092,0.2765542079700454,0.30347633,0.22563529,0.22925115,0.29986048
traffic,254,16084,16660,0.8881952393528821,0.108501247728085,0.969708,2.5656934,1.4104011,2.1250005
traffic,480,15764,16916,0.8881802675847318,0.2434163246860063,0.08975434,0.14105445,0.08946073,0.14076084
traffic,419,14676,16788,0.8881651757576776,0.2725517600905029,0.108076334,0.2344935,0.10242796,0.24014187
traffic,682,15764,16532,0.8881347267998763,0.2984256417798821,0.025976777,0.05179143,0.26330066,0.18553245
traffic,385,16468,16660,0.8881097333153394,0.0578923913020027,0.08154416,0.25247574,0.20860052,0.037668943
traffic,669,15892,16276,0.8880883253863533,0.2639440772534051,0.103878975,0.02000022,0.120277524,0.0036016703
traffic,433,14484,17172,0.8880539877693371,0.1483618250941526,0.31754112,0.07594824,0.34576178,0.047727585
traffic,301,14612,16340,0.8880513300467524,0.2935586452157117,0.69192886,1.0723062,0.88633657,0.87789845
traffic,582,14036,14996,0.8880134781283437,0.2822038163368258,0.6930913,1.1177399,0.92940605,0.88142514
traffic,402,14932,16660,0.8879925683671528,-0.0328227253127981,0.9882811,2.7870855,1.45344,2.3219266
traffic,123,15508,16852,0.8879916348482632,0.2749435881311592,0.056376934,0.033425808,0.18269873,0.092895985
traffic,120,15124,16468,0.887988343139111,0.2745243495554427,0.10324168,0.27568042,0.0024838448,0.1699549
traffic,628,14804,14996,0.887978243824631,0.0679111018287073,0.34459162,0.6774039,0.6191802,0.40281534
traffic,41,14996,15956,0.8879634725649859,0.2099642770549096,1.6409178,0.93634236,1.6993883,0.8778719
traffic,813,15892,16852,0.8879602570826911,0.1990316910968597,0.5153736,1.1489908,0.9992442,0.6651201
traffic,254,15252,15828,0.8879029222561593,0.2879275318123623,0.8250171,0.47578764,0.35545778,0.94534695
traffic,67,15124,16276,0.8878684961141908,0.2529920266165373,0.010263801,0.412956,0.16340351,0.2598163
traffic,742,14612,16724,0.8878243645898514,-0.0200333428128968,0.0024135113,0.06566,0.24635673,0.31443024
traffic,149,14164,16084,0.8878112367655144,0.2639770855028505,0.50405025,0.88934886,0.91432333,0.4790758
traffic,344,15636,16788,0.8877932119339584,0.2544702648334055,0.3781867,0.35689068,0.13430572,0.60077167
traffic,252,14740,15508,0.8877921964826887,0.2491877512774557,0.57068574,0.42306828,0.31748867,0.67626536
traffic,338,15124,15316,0.8877767709290744,-0.0210878518484712,0.21504688,0.78113556,0.7346451,0.2615373
traffic,797,14932,16660,0.8877761725620563,0.0580636931531213,1.1471224,2.3022509,1.3083279,2.1410453
traffic,54,14804,15956,0.8877636490822095,0.1929659919531691,0.37544084,0.46964335,0.49586093,0.34922326
traffic,232,16340,16916,0.8877571438557302,0.2617232393171413,0.840899,1.2648368,1.5789943,0.5267415
traffic,449,14484,17172,0.8877186719393658,0.2596214183454225,0.5484407,0.49752736,0.486974,0.55899405
traffic,782,14740,16276,0.8877071236713369,0.25217942174693,0.12654543,0.10010147,0.0512141,0.277861
traffic,559,14676,16980,0.8876814771128644,0.1739816722895984,0.46512008,0.18737364,0.27918458,0.0014381409
traffic,561,14932,17236,0.8876776761940663,0.2788670814200905,0.18148708,0.4674964,0.09627414,0.18973517
traffic,574,15188,16916,0.887629759447675,0.2969780072089261,0.23906279,0.6243986,0.5374745,0.32598686
traffic,832,14292,16788,0.8876169348513491,0.1672393291703243,0.06785464,0.35138702,0.112892866,0.3063488
traffic,346,14100,16404,0.8876105233072984,0.1511839444820329,0.0037665367,0.1297096,0.17914999,0.31262612
traffic,858,14484,16980,0.8875732994443629,0.2880981003399589,0.024266005,0.072015405,0.005348444,0.053097844
traffic,731,16660,17236,0.8875443728507566,0.1896097978612105,1.1540371,0.857812,1.1157539,0.8960952
traffic,36,16660,17236,0.8875127450284042,0.2282153320449562,0.82400036,1.1095885,1.3066978,0.626891
traffic,132,15636,16404,0.8875018855492626,0.2804003799828002,0.3527925,0.30467808,0.14281797,0.5146526
traffic,496,16468,16660,0.8875015697417824,0.2333191906203706,0.1481911,0.3047669,0.45508993,0.002131939
traffic,659,16660,17236,0.8874926252621254,0.1719784418783667,2.0970979,1.0465558,1.9973537,1.1462998
traffic,781,14484,15636,0.8874857742418856,0.2323005662870858,0.21736908,0.42440367,0.36369777,0.27807498
traffic,466,15828,17172,0.8874807495867321,0.1459556100848685,0.016593695,0.38417244,0.08238387,0.28519487
traffic,101,14996,15764,0.88746094023181,0.2082929079115814,0.033090115,0.08678627,0.16478205,0.044905663
traffic,283,15828,17364,0.8874419250427624,0.1844789086588367,0.017201424,0.048313618,0.38424897,0.35313678
traffic,9,15508,16852,0.8874035782562131,-0.0144906686991107,0.40312934,0.21041751,0.37463427,0.23891258
traffic,542,14804,16148,0.8873977897524111,0.278904237634868,0.35715747,0.33868027,0.37040973,0.325428
traffic,37,14932,15892,0.8873943903044508,0.1933429790981397,0.1653043,0.13720107,0.14411008,0.15839529
traffic,693,15572,16340,0.8873900538688666,-0.3869699914242303,0.71100473,1.5561101,0.9703107,1.2968042
traffic,505,14484,16404,0.8873606297948642,0.2976396770104512,0.17829227,0.67919445,0.44202256,0.41546416
traffic,425,14292,16596,0.8873526899422941,0.2720123237310785,0.0950501,0.1987021,0.07509446,0.21865773
traffic,591,16660,17236,0.8873384709114647,0.246685266377595,1.7602417,1.2595876,2.1082888,0.9115406
traffic,672,14100,17364,0.8873106229668893,0.233975152749796,0.8204264,1.6041467,1.1610651,1.263508
traffic,294,15444,15636,0.8873105628506682,0.2808493630865677,0.4793849,1.0309224,0.8027148,0.7075925
traffic,387,14612,16724,0.8872780809325435,0.2886951887630298,0.0066576004,0.8000425,0.4752121,0.331488
traffic,460,14228,17300,0.8872719931448253,0.2505358364873586,0.21301007,0.012370825,0.23885179,0.013470888
traffic,194,14996,15956,0.8872502465862695,0.1918870607312791,1.190315,1.0227423,1.5073261,0.70573115
traffic,433,17236,17428,0.8872335781383515,0.1918060925696253,0.29700446,0.4123478,0.41898,0.29037225
traffic,274,14996,15956,0.8871639965076142,0.194749045876135,1.7930083,0.9825802,1.8172011,0.9583874
traffic,269,14292,17364,0.8871517418609599,0.1540250527763948,0.24896002,0.86702585,1.0820837,0.03390217
traffic,169,16468,17236,0.8871392642708894,0.1815295030265369,0.51115924,0.35530135,0.39840662,0.46805397
traffic,709,15252,17364,0.8871287664258324,0.2794960118245797,1.0392162,1.2349191,0.9569771,1.3171581
traffic,604,14996,17108,0.88710152644851,0.2449617614983584,0.9911506,0.82359123,1.1013297,0.71341217
traffic,450,16276,16660,0.887092312349606,0.1139323520197055,0.37306547,0.6162131,0.68040395,0.3088746
traffic,142,14164,14740,0.8870779545138301,0.1710440413687243,0.06958771,0.48656225,0.3857534,0.17039657
traffic,635,16276,16660,0.8870673258179941,0.1859130876456523,0.6946454,1.9153419,1.113241,1.4967463
traffic,156,15124,16468,0.8870512245342446,0.1865670871860643,0.00018668175,0.21309018,0.03891623,0.17398727
traffic,209,15636,16596,0.8870497047758857,0.2944463591885684,0.024813294,0.42665303,0.64351916,0.19205284
traffic,136,14740,15124,0.88703044157492,0.2517482366917485,0.033708334,0.02748847,0.032598257,0.026378393
traffic,452,14548,16852,0.8870197043218546,0.2346747841925049,0.51549935,0.74695563,0.613189,0.649266
traffic,753,16212,16596,0.8870018420145035,0.1351181904137831,0.029284596,0.14282238,0.07172501,0.1852628
traffic,316,15828,16596,0.8869848035669158,0.0632580912548041,0.24372864,0.28707337,0.08608222,0.61688423
traffic,808,15444,17364,0.8869749687248566,0.1130504346677378,0.7673576,1.7222728,1.0455096,1.4441208
traffic,825,16212,16596,0.8869608712434706,-0.1290970990005936,0.48756838,0.55238914,0.5840697,0.4558878
traffic,785,14100,16788,0.8869517068201253,0.1662202834738506,0.037249684,0.27008116,0.18251073,0.4153422
traffic,589,15572,17108,0.8869263941735372,0.2799855872978025,0.22201657,0.4462337,0.055555463,0.16866165
traffic,153,14100,16404,0.8869030480441109,0.214508238001654,0.070378065,0.56973946,0.04774964,0.68786716
traffic,819,14036,16340,0.8868966219100016,0.2704048736318721,0.73173356,2.1847517,1.333338,1.5831473
traffic,209,15508,16852,0.8868700931017452,0.1209503412943683,0.11868405,0.12660885,0.02292347,0.014998674
traffic,341,15316,16468,0.8868403203367679,0.0176777793272099,0.8724494,1.3715901,1.5203695,0.72367
traffic,379,14676,15636,0.8868238451252395,0.1307772355070676,0.54514194,0.33875775,0.17644572,0.02993846
traffic,427,14420,14996,0.8867510578239033,0.1857946955995071,0.43181324,1.0012066,0.787374,0.64564586
traffic,505,15636,16788,0.8867189859678518,0.2305929525404639,0.276608,0.34668446,0.45907307,0.16421938
traffic,433,14292,16980,0.886699753745258,-0.2673791253882985,0.6654427,0.23296738,0.28905344,0.14342189
traffic,148,14164,16852,0.8866936811913152,0.2324963169313249,0.14127755,0.17314863,0.020491123,0.29393506
traffic,239,14996,15956,0.8866699434286461,0.2608448838317173,0.7455175,0.67652345,0.8001373,0.62190366
traffic,261,14100,16212,0.8866668456239294,0.2850067442706581,0.30162436,0.41993535,0.5262106,0.1953491
traffic,367,14612,16148,0.8866433480905986,0.1932026721687077,0.3088224,0.6275418,0.66039133,0.27597284
traffic,398,14036,14996,0.8866229617253518,0.1786963985462901,0.7885361,1.871481,1.1088119,1.5512052
traffic,330,14100,15444,0.8865926087531888,0.1954436879656992,0.00944519,0.42140913,0.23626733,0.19458699
traffic,86,16660,17236,0.8865555793524813,0.2580585534829165,1.3691137,1.3785491,2.155793,0.59186983
traffic,327,14036,15188,0.8865528873398463,0.2536885435986905,0.13592005,0.57717586,0.5818391,0.13125682
traffic,206,14612,16916,0.886540360746542,0.0041501483634708,0.22085929,0.31702316,0.12467933,0.2208432
traffic,715,14612,16532,0.8865143722359337,0.2283813248862623,0.6032485,0.4748726,0.6231321,0.45498896
traffic,142,15636,16212,0.8864887688546347,0.1052424498198765,0.3564303,0.112280846,0.09112787,0.37758327
traffic,312,16020,17364,0.8864817892241478,0.1574372887342146,0.21863389,0.26287723,0.33806658,0.14344454
traffic,196,14164,16852,0.8864498396251295,0.1078414282651544,0.016284943,0.52533245,0.1754868,0.3661306
traffic,712,14484,16980,0.8864305415296724,0.2457180606004479,0.19299603,0.30033207,0.11326718,0.3800609
traffic,781,14804,16916,0.8864291927099215,0.2719829862727889,0.60694194,0.5455246,0.52548766,0.6269789
traffic,396,15636,16596,0.8864071116136546,0.0986331045618933,0.1398865,0.4894259,0.15714431,0.4721681
traffic,786,16660,17236,0.8863983515518953,0.2381548817530581,1.2441933,1.2912285,1.7852651,0.75015676
traffic,136,14292,16788,0.8863712704795269,0.1238740347569643,0.34893227,0.41987395,0.536042,0.23276424
traffic,49,16148,17300,0.8863193897994577,0.2477670379564505,0.08503175,0.13103962,0.05760765,0.15846372
traffic,666,16468,16660,0.8863185948018298,0.0827927133740385,0.8154236,0.95158815,0.76976764,0.9972441
traffic,270,15124,15316,0.8863177006049243,0.2211073179221808,0.33413577,0.87568176,0.82636034,0.38345718
traffic,542,14676,17172,0.8863084104143065,0.2890399849670503,0.8024502,0.5609,0.7426176,0.62073255
traffic,426,14100,14292,0.8862083001595848,0.1025425220341543,0.19336224,0.06591797,0.11802769,0.14125252
traffic,329,14612,16916,0.8861866445150783,0.2953887563559165,0.13640666,0.09687853,0.1612196,0.3945048
traffic,519,15252,16404,0.8861420533751079,0.1864102041443618,0.051668167,0.05551195,0.25719857,0.15001845
traffic,614,14420,16724,0.8861374040084085,0.2202509815592155,0.13188183,0.12178564,0.40159857,0.1479311
traffic,57,14484,16596,0.8861334242677038,0.2385291521074815,0.6088929,0.8754417,0.6364715,0.8478631
traffic,755,14676,17364,0.8860899661829728,0.180037919724058,0.2823639,0.076051,0.18030906,0.026003838
traffic,358,15124,15700,0.8860729947305611,0.1481173148250164,0.1948216,0.059470892,0.029128313,0.10622239
traffic,423,15252,17364,0.886059146877638,0.1685991418796484,1.1450385,1.6155236,0.9360925,1.8244696
traffic,696,14228,16532,0.8860553569013385,0.1742804490574961,0.66727805,0.6819835,0.79815125,0.55111027
traffic,643,14996,15380,0.886045992119276,0.272130944812151,0.15171242,0.26717472,0.18373132,0.23515582
traffic,708,15956,16148,0.8859656329265438,0.2171741388417782,0.3204559,0.40169263,0.36100614,0.3611424
traffic,323,14740,17364,0.8859518497994477,-0.0930877544793062,0.31873083,0.45209146,0.5127573,0.6461179
traffic,244,14932,16852,0.8859317216816445,0.2872559518174949,0.18917632,0.39731812,0.39556193,0.19093251
traffic,126,14036,16148,0.8859266969638622,0.2609398257943393,0.31946707,0.28909922,0.3395636,0.26900268
traffic,255,14164,17236,0.8859138548412204,0.199890833231701,1.0931865,0.984483,1.1448768,0.93279266
traffic,691,14676,16788,0.8859093462488706,0.2670071150408378,0.17913866,0.50310254,0.4245751,0.2576661
traffic,729,14676,16596,0.8858773989956998,0.0979171048403829,0.07084346,0.19636464,0.1397841,0.4069922
traffic,547,15124,16468,0.8858476071432738,0.2842777881768106,0.08689439,0.38384283,0.025233746,0.2717147
traffic,283,16660,17236,0.8858411745424422,0.2739234859177569,1.0830853,1.4252818,1.8772789,0.63108814
traffic,311,16468,16660,0.8858278405445099,0.2063294914198623,0.4345044,0.9922074,0.8418553,0.5848565
traffic,681,16660,17236,0.8858165869167384,0.2077232300458205,0.86410904,0.7680247,0.94368196,0.68845177
traffic,330,16596,17172,0.8858099344419581,0.1440322168274526,0.9779781,0.22346878,0.5136086,0.6878383
traffic,247,16596,16788,0.8858023057108962,0.1368264213153101,0.15782857,0.08148074,0.058380365,0.18092895
traffic,705,14484,16980,0.8858022144248374,0.1206653418625592,0.13074708,0.14147615,0.05054593,0.32276917
traffic,728,14228,14996,0.8857999123624295,-0.0334630803932885,0.71490693,1.5637743,1.1491294,1.1295519
traffic,585,16276,17428,0.8857958161191816,0.2967943352074276,0.012771726,0.06961858,0.118162155,0.061315298
traffic,593,15956,16148,0.885760343726344,0.2644086253573096,0.16579151,0.034308195,0.08290219,0.11719751
traffic,122,14932,17044,0.8857533864189551,0.2481927057190828,0.34899724,0.2516762,0.2377888,0.14046776
traffic,586,14996,15764,0.885736183647545,0.2158265993010278,0.8391831,1.2229233,1.437094,0.6250124
traffic,599,16404,16980,0.8857098042597162,0.2342918813474907,0.3180356,0.04429078,0.15397692,0.20834947
traffic,211,14484,16980,0.8856898455049775,0.2234824818880781,0.4461218,0.432575,0.3355937,0.5431031
traffic,342,16788,17364,0.8856794115100064,-0.1381371239520398,0.52669287,0.66262364,0.6239927,0.5653238
traffic,797,14036,14996,0.8856589766399778,0.0285202935148094,0.9978657,2.24615,1.0210943,2.2229214
traffic,137,15508,16852,0.8856529003033304,0.1979875057291349,0.104507685,0.17607474,0.07952142,0.20106101
traffic,664,16020,17364,0.8856510874703939,0.2584709701321585,0.15206528,0.09909916,0.17291498,0.078249454
traffic,225,14036,16724,0.8856039908792679,0.2912318680432125,0.22676075,0.21681607,0.03197682,0.022032142
traffic,424,16084,17364,0.8855963734878801,-0.0096092785772179,0.6590036,1.4304061,1.8234769,0.2659328
traffic,74,14100,16212,0.8854988555141099,0.2610447810283988,0.2757051,0.31771243,0.359568,0.23384953
traffic,73,15508,16852,0.8854925027913348,0.2535804911327841,0.038811922,0.36284328,0.19425249,0.12977886
traffic,389,15636,16788,0.8854582527317355,0.092166858818801,0.5902219,0.70631623,0.7526932,0.54384494
traffic,854,14100,16404,0.8854578892062405,0.0080271859324469,0.23819542,0.2196014,0.36270618,0.09509063
traffic,733,14164,16276,0.8854315337503444,0.259079029584957,0.041908026,0.4729637,0.25784183,0.2570299
traffic,716,14548,16468,0.8854192399033441,0.2528440403756476,0.17098594,0.1507287,0.035916805,0.35763144
traffic,290,15764,16532,0.8853994311396164,0.2314864276103616,0.5850799,0.68892,0.6240747,0.64992523
traffic,817,14676,15060,0.8853537246623784,0.171962412026295,0.7626109,0.62041914,0.71064353,0.6723865
traffic,59,14484,16788,0.885352684202327,0.2062685966870495,0.16929817,0.14270115,0.052093983,0.25990534
traffic,33,14932,17236,0.8853525427174006,0.0710232987731074,0.49621642,0.24913263,0.13408566,0.6112634
traffic,140,14740,17428,0.8853431795540223,0.2122342418996132,0.14544058,0.22821164,0.14670873,0.2269435
traffic,17,14612,17108,0.8853350625643795,0.2167568552024341,0.06310713,0.59768176,0.34220302,0.31858587
traffic,55,14292,16980,0.8853068118613167,-0.0890093333409509,0.18090367,0.4917686,0.24140835,0.43126392
traffic,843,15572,17108,0.8853014720247081,-0.1954462739038344,0.087221146,0.25012434,0.10474658,0.2325989
traffic,222,15316,16468,0.8852950578607183,0.2111281071467932,0.550575,0.6826618,0.7760005,0.4572363
traffic,493,15060,15636,0.8852723417506193,0.2324369314002876,0.43934,0.25816655,0.32431805,0.3731885
traffic,287,14164,15508,0.8852709637605825,0.1984695066624098,0.022188902,0.15543365,0.0757668,0.20901155
traffic,539,14676,15636,0.8852594912290687,0.1361757006133434,0.49098682,0.60466695,0.15364623,0.039966106
traffic,412,15316,16468,0.8852514611861578,0.2392461806481947,0.3906026,0.8667023,0.7406864,0.5166185
traffic,619,14612,16148,0.8852260949551546,-0.0953111409390421,0.64253235,0.74715495,0.55639815,0.83328915
traffic,555,15764,16724,0.8851743014861442,0.2916258922681783,0.38116598,0.25972426,0.48895276,0.15193748
traffic,33,14484,15636,0.8851716566572763,0.1970050432303874,0.42735004,0.44454622,0.40355182,0.46834445
traffic,586,15316,16660,0.8851644813195816,0.2232461907615026,0.31350327,0.34841967,0.48919582,0.17272711
traffic,729,15764,17108,0.8851472678478907,0.2985877022040042,0.21768236,0.43123138,0.48574162,0.16317213
traffic,544,14676,15636,0.885127104901472,0.0829639545897255,0.6304791,1.5472903,1.7206011,0.45716834
traffic,702,14484,16980,0.8851091031476924,0.2893132990438112,0.01743412,0.18244338,0.021096706,0.18610597
traffic,222,14548,17364,0.8850472531822688,-0.2089381506422439,0.53865695,0.38124704,1.480607,0.56070304
traffic,53,15252,16212,0.8849931140221845,0.1924164276796435,0.019245386,0.05267954,0.08936548,0.017440557
traffic,353,15700,17044,0.8849785918907702,0.0770531097378835,0.23210299,0.3523512,0.57560873,0.6958569
traffic,27,14164,15316,0.8849609143767424,-0.0463239974540197,0.8117306,0.1018734,0.43838954,0.47521448
traffic,27,15636,16212,0.8849221266510884,0.0975680379757808,0.168257,0.07244325,0.116416454,0.2122302
traffic,208,14100,16212,0.8848876863050668,0.1374109818839012,0.20941997,0.05923891,0.015974998,0.28463387
traffic,687,14228,14996,0.8848679907634716,0.25870851237638,0.81070375,1.876251,1.2678053,1.4191494
traffic,160,15636,16788,0.8848414571024881,0.1532425310762249,0.2956109,0.5199561,0.15095758,0.66460943
traffic,189,16084,17364,0.8847918966560556,-0.089962660403518,0.6727655,0.9454737,1.5228908,0.09534836
traffic,10,14292,16980,0.8847779023206142,0.1609574821849413,0.044081688,0.14030623,0.16528654,0.2615111
traffic,424,15508,16852,0.8847731251479889,0.0497669403165535,0.04424882,0.1007843,0.28700614,0.14197302
traffic,154,14228,16340,0.8847286637868738,0.287617199989126,0.8329593,1.7691643,1.0794226,1.522701
traffic,529,14932,17172,0.884725984738534,0.2762869005722017,0.8935287,1.1507323,1.5856824,0.4585786
traffic,762,14676,14868,0.884703990251335,0.2242042470901754,0.31911826,0.5108565,0.5878036,0.24217117
traffic,626,14420,15956,0.8847013571509463,0.2510831872277739,0.029212713,0.25741315,0.29431152,0.06611109
traffic,520,15316,16276,0.8846809019595047,-0.0518415762046575,0.11181927,0.5691035,0.4427302,0.23819256
traffic,310,14292,17364,0.8846525613057161,0.1365163282658441,0.5355853,1.453335,1.488,0.5009203
traffic,100,14292,17364,0.8846102946045282,0.2981925077992099,0.31047058,0.7977669,0.95086646,0.15737104
traffic,182,14164,16852,0.8846100358066481,9.910688755265906e-05,0.1987319,0.382756,0.04819703,0.6296849
traffic,219,15316,16468,0.8846087894782867,0.0869914962934134,0.48210812,0.642341,0.65816045,0.4662887
traffic,602,15316,16468,0.8845945844886974,0.1627923327702113,0.16125607,0.6908119,0.45326447,0.39880347
traffic,227,14740,17428,0.884581985460129,0.1920607908305573,0.084403515,0.13444602,0.07472503,0.12476754
traffic,150,14548,17172,0.8845435028111184,0.0769608101227295,0.74133027,1.3094273,1.3498534,0.70090413
traffic,168,15252,16596,0.8845085455325468,0.2329030485576371,0.014250517,0.3856268,0.050920963,0.34895635
traffic,346,14228,17108,0.8844974867158305,0.2114014446906292,0.27961195,0.1733619,0.25045812,0.14420807
traffic,372,17108,17300,0.8844651138127223,0.2910313369930127,0.28110743,0.46198726,0.4331218,0.30997288
traffic,114,14740,16660,0.8844613432736101,0.2939851807780475,0.8512509,2.6171432,1.4163882,2.052006
traffic,611,14804,17108,0.8844443182809242,0.2555097021845738,0.8355402,0.9060283,1.0533445,0.68822396
traffic,400,14420,16916,0.8844359671527897,0.1428501739764733,0.13810301,0.49134564,0.21588469,0.5691273
traffic,626,14740,14932,0.8844333129115806,0.285665922665328,0.070623875,0.16448307,0.16978455,0.0653224
traffic,477,14996,16340,0.8843930618489833,0.0558598261306426,0.3936944,0.13944697,0.27951598,0.2536254
traffic,516,16596,16980,0.8843908977362696,0.2103804869799559,0.44535804,0.39055514,0.4092741,0.42663908
traffic,753,16468,16660,0.8843884434220864,0.0444077969336239,0.4043256,0.34410715,0.49983847,0.24859428
traffic,554,15316,17428,0.884378833604919,0.1644022357790752,0.8262508,1.1695929,1.1921326,0.80371106
traffic,499,16660,17236,0.8843737623436075,0.2169041458863657,0.6737211,1.0277691,1.1260868,0.57540333
traffic,600,14676,15444,0.8843736590886435,0.2365473990475069,0.3000543,0.47687626,0.4408822,0.33604836
traffic,322,14164,16852,0.8843710736185777,0.2422870943808298,0.59523106,0.7878196,0.67386055,0.70919013
traffic,444,14996,17300,0.8843547342046089,0.0764237763271127,1.1880653,1.1423233,1.5920177,0.7383709
traffic,220,14676,16980,0.8843263729192792,0.2589899344323181,0.81893873,0.32598376,0.64701986,0.49790263
traffic,794,16788,17364,0.8842947927932823,-0.1736798127945372,0.7875588,1.0714562,0.8228972,1.0361178
traffic,235,16660,16852,0.8842775326150153,-0.1945386436431469,0.10980821,0.46631455,0.38602376,0.190099
traffic,778,15124,17236,0.884272754461332,0.2168254652026448,0.49805832,0.5928333,0.57235014,0.51854146
traffic,15,16148,17108,0.8842575441066032,0.253062725964596,1.2880827,0.85697675,1.1871567,0.9579028
traffic,740,15572,16148,0.8842547322342137,0.211887571154706,0.2912314,0.17656684,0.25834823,0.20945
traffic,456,14036,16724,0.8842290982992878,0.20645689803014,0.16286433,0.17129987,0.041397452,0.049833
traffic,275,15764,16724,0.8842063727907533,0.0568775121461006,0.073534966,0.004493654,0.24835026,0.17930895
traffic,168,16276,16852,0.8842047562597106,0.2948806760852775,0.19527721,0.57701516,0.6456342,0.1266582
traffic,576,15636,15828,0.8840551746212947,0.2244665798759602,0.56872463,0.5138843,0.48031282,0.6022961
traffic,593,15316,16468,0.8840132761965451,0.2647373594909589,0.16573262,0.395916,0.3065393,0.2551093
traffic,51,14868,15060,0.8840047383702561,0.2850776235818321,0.04938674,0.18388104,0.17845464,0.054813147
traffic,479,15956,16532,0.8839962076168074,0.212017926916385,0.41196537,0.28460526,0.38478112,0.3117895
traffic,436,15636,16788,0.8839796872149531,0.1982626987116751,0.40865636,0.40491962,0.08142686,0.7321491
traffic,35,15444,16788,0.8839475408187021,0.2847209361882485,0.072710514,0.02476573,0.11414838,0.066203594
traffic,569,14100,16404,0.8839116158029569,0.2585124221187774,0.72301376,0.72606266,0.50153613,0.9475403
traffic,775,15636,15828,0.8839064599444917,0.2825726765560368,0.15972495,0.09881401,0.05296421,0.11387515
traffic,112,15124,15316,0.883894220089196,0.1906735593551106,0.037546158,0.3858106,0.41683435,0.006522417
traffic,539,15508,16852,0.8838934638149692,0.2060561772393845,0.20393133,0.26124287,0.1100378,0.16734934
traffic,505,14932,16276,0.8838460969277959,0.2218742552008841,0.08487892,0.030148983,0.056103706,0.110833645
traffic,372,15700,17044,0.8837870786717636,0.2893451133042108,0.03395796,0.35411823,0.18891048,0.1991657
traffic,114,15060,17364,0.8837862473904352,0.2823168628635956,0.9798259,1.4489112,0.97170955,1.4570276
traffic,127,16148,17108,0.8837814980566063,0.2986645810288456,0.4317274,0.9198103,0.86161375,0.48992395
traffic,679,14804,15572,0.8837754560618118,0.2172166781935169,0.07916665,0.20555162,0.062319756,0.22239852
traffic,655,14996,16724,0.8837703830631665,0.2357796738975263,0.42108154,0.41930342,0.30488324,0.5355017
traffic,41,14676,15444,0.883767078430143,0.155764706335227,0.87696385,1.1167048,1.4451827,0.548486
traffic,358,15508,17236,0.8837375182459556,0.2935957408276874,0.18551731,0.5542313,0.44586873,0.29387987
traffic,461,14740,17364,0.8836811023708004,0.1244575186374406,0.76994944,1.8530458,1.6420053,0.98098993
traffic,559,14484,17172,0.8836678006825753,0.235049250065342,0.15982771,0.28262472,0.024472713,0.0983243
traffic,197,16276,16468,0.8836634227499761,0.2880733216403611,0.18426192,0.4880098,0.43510246,0.23716927
traffic,117,14164,15508,0.8836319295225411,0.2846785656471882,0.1392405,0.04955077,0.020403385,0.11009312
traffic,418,14100,14676,0.883610351349742,-0.0694907657287567,0.5252354,1.3773613,1.0960739,0.80652285
traffic,156,15828,17172,0.8836027529862849,-0.0326148171338588,0.5124023,0.5768435,0.56958103,0.51966476
traffic,266,14292,17364,0.8835833466759435,0.1123530064126518,0.3720503,1.1478136,1.2235849,0.29627895
traffic,790,16532,17300,0.8835451056675591,0.2577403987061481,0.11715555,0.32362723,0.32572675,0.11505604
traffic,516,15316,16276,0.8835373421807565,0.1783389477699894,0.6277194,1.0484792,1.017859,0.6583396
traffic,586,16916,17300,0.8835364712940094,0.2264485140134724,0.37256694,0.620533,0.5311103,0.46198964
traffic,133,14228,16532,0.8835081231086627,0.2867403096339588,0.63813233,0.081433535,0.47370553,0.08299327
traffic,792,14484,15636,0.8834353460846858,0.2695278074013036,0.093927145,0.25409627,0.21398902,0.1340344
traffic,56,15444,16788,0.8834329541979578,0.2487367727112682,0.49395597,0.4587773,0.57539296,0.37734032
traffic,440,15188,16340,0.8834299048805787,0.2749477768644782,0.08707857,0.14127612,0.053297997,0.0008995533
traffic,179,14804,15380,0.8834235464403916,0.2767583603950306,0.09644008,0.3189242,0.35156488,0.06379938
traffic,405,14676,15636,0.883422894952938,0.2717444944701103,0.20290375,0.019613981,0.09762025,0.08566952
traffic,793,16788,17364,0.8834150962456799,0.1822220152984092,0.9079907,1.3299336,0.7892976,1.4486268
traffic,525,15828,16596,0.8834035076730318,0.2463946601642491,0.3055656,0.23844707,0.20726895,0.7512816
traffic,814,14164,16852,0.8833960944310781,0.2806477652129832,0.056482077,0.1406393,0.14016128,0.33728266
traffic,633,15636,16404,0.8833751376566754,0.2989008157409001,0.08331561,0.16795671,0.08011496,0.17115736
traffic,508,14036,16340,0.8833573074185961,0.0678221358260242,0.7520969,0.46426225,0.75104237,0.46531677
traffic,526,15828,16596,0.8833517479828527,0.2337230305821783,0.6794841,1.1777242,1.277384,0.5798243
traffic,399,14292,16788,0.883312170652557,0.0759055092016276,0.35871053,0.51969075,0.34269667,0.5357046
traffic,3,15636,16980,0.8832746365577089,0.2485564794633368,0.04576373,0.34338117,0.100786686,0.2883582
traffic,207,14164,14932,0.8832416618132378,0.2831817973215164,0.53804874,0.53543997,0.4861338,0.5873549
traffic,835,14100,14292,0.8831859848090996,0.2648191553394496,0.28491616,0.18066669,0.24308181,0.22250104
traffic,589,15636,16980,0.8831805889941196,0.1952675001661495,0.3904605,0.31876385,0.638044,0.07118034
traffic,111,14100,16404,0.8831784320191226,-0.0004702447678596,0.24370861,0.17505467,0.04981017,0.46857345
traffic,249,16404,17364,0.8831603754078731,0.0232239533225633,0.7010236,1.1652789,0.7305964,1.1357061
traffic,668,14356,17044,0.8831534746956243,0.1910920014201847,0.46177483,0.1429708,0.21243525,0.39231038
traffic,808,15060,16212,0.8831027590629292,0.2944611366809209,0.49287522,0.730427,0.6086898,0.61461246
traffic,266,14612,14996,0.8830882502393119,0.28631040711407,0.32298136,0.40667605,0.43039417,0.29926324
traffic,657,16852,17428,0.8830844535740457,0.1204679619525452,0.11786628,0.23942971,0.21291137,0.14438462
traffic,397,15700,17044,0.8828860306639033,-0.1404302898603452,0.14694643,0.63711977,0.14894652,0.34122682
traffic,242,14164,16276,0.8828834254313731,0.2599000809249161,0.2873218,0.852926,0.8184595,0.3217883
traffic,64,15508,16852,0.8828602053341983,0.1832037228665014,0.13583755,0.21487689,0.0672822,0.28343225
traffic,297,14676,15828,0.8828519803315866,-0.144761516989961,0.5421145,0.2642827,0.517117,0.28928018
traffic,226,16596,17172,0.8828138333283718,0.1899118146650391,0.6481528,0.11131549,0.21037889,0.32645845
traffic,706,14676,16980,0.8827777652626722,0.2173451447850987,0.5350561,0.03719306,0.27929902,0.29295015
traffic,228,15316,16468,0.8827734929340239,0.1686610566355124,1.2927237,0.9921924,1.503736,0.78118
traffic,336,14292,14676,0.8827169397978607,0.2717827934661898,0.18517947,0.24123526,0.43124652,0.004831791
traffic,470,14100,14676,0.8827129028317904,0.0717720647490892,0.64320874,1.5864215,1.1358047,1.0938256
traffic,283,15124,15316,0.8826932907594383,0.201652600656665,0.25383306,0.5689087,0.5115459,0.31119585
traffic,686,15636,16788,0.8826473210347064,0.1530931345516346,0.49623775,0.6098454,0.5257788,0.5803044
traffic,345,14740,16276,0.8826363288262106,-0.171079401323067,0.42247844,0.2514639,0.50590444,0.3348899
traffic,513,14996,15956,0.882636161342457,0.2678855912153169,1.4240563,0.9499948,1.5888414,0.78520966
traffic,574,14676,16596,0.8826241995435691,0.2452052083907645,0.34011126,0.42251992,0.26662397,0.4960072
traffic,806,16276,16660,0.8826044535751946,0.2844245466316413,0.46253192,0.7901777,0.90418124,0.3485284
traffic,591,14356,17044,0.8825802450289109,0.0493504275009263,0.23062384,0.65434295,0.2616756,0.6232912
traffic,347,14164,16276,0.8825548426583646,0.2071042607061229,0.56335044,0.7668793,0.8753061,0.45492363
traffic,649,14676,16404,0.8825430455930732,0.2895554083704629,0.27250528,0.3811947,0.18010998,0.47359002
traffic,111,16980,17172,0.882533494462896,0.1239454571383206,0.6086533,1.0140648,0.73469186,0.88802624
traffic,370,15764,17108,0.8825079073814521,0.2107761948484071,0.1320231,0.067525506,0.2541994,0.054650784
traffic,610,16660,16852,0.8824937779986246,0.2184278905253479,0.079788685,0.16862273,0.09182024,0.15659118
traffic,79,15636,16404,0.8824920348449352,0.2379419916480784,0.0035643578,0.1456933,0.113191366,0.26244903
traffic,148,16468,17236,0.8824755584229328,0.1795847193452743,0.46755952,0.29937035,0.3032372,0.46369267
traffic,470,14356,17428,0.8824272138172403,0.2345265995922585,0.09579897,0.6572114,0.55949724,0.19351315
traffic,687,14740,15508,0.882426232443058,0.2223880203333981,0.5778892,0.89573014,0.7119974,0.76162195
traffic,246,14740,16660,0.8823556446488853,0.1647859484254539,0.83844244,2.6003888,1.4799515,1.9588797
traffic,76,15572,16340,0.8823303649666135,0.2631418185424883,0.90289605,1.512986,0.9534601,1.4624219
traffic,133,14548,17236,0.8823022077745681,0.2172653253210911,0.028145313,0.50053775,0.10001135,0.3723811
traffic,379,14356,17044,0.8822886330385263,0.2912474228844253,0.23406768,0.30891037,0.39975762,0.47460032
traffic,268,14612,16148,0.8822866434171707,0.2067017446551108,0.616264,1.0147831,0.64629304,0.9847541
traffic,382,14676,16980,0.8822821364913004,-0.0493731494415115,0.5204954,0.26655316,0.42226434,0.16832209
traffic,634,14804,14996,0.8822297638322487,0.2515543801010884,0.31428885,0.53032947,0.48061252,0.3640058
traffic,647,14228,16660,0.882225954117749,-0.4074290958980278,0.82123184,2.0791304,1.2853262,1.615036
traffic,714,14676,14868,0.8822122854863826,0.1877656994913845,0.06351161,0.10659528,0.02061987,0.022463799
traffic,204,14292,16212,0.8822076609847896,0.2855180429748955,0.062235832,0.27086377,0.117723465,0.21537614
traffic,368,15380,16340,0.8821957407773273,0.2649881431498063,0.6486709,1.0031879,0.82279396,0.82906485
traffic,224,14740,15700,0.8821712056835803,0.1737271057144382,0.26672196,0.6838708,0.698941,0.25165176
traffic,162,15060,17364,0.8821226746821825,0.0828627690037388,1.2916565,1.6349194,0.85242563,2.0741503
traffic,513,14036,16340,0.8821150812670736,0.2424531823279148,0.8865378,2.0200372,1.1404076,1.7661674
traffic,742,14676,16980,0.8821081377565761,-0.026940413762009,0.15723753,0.16827512,0.20245862,0.21349621
traffic,682,14996,16916,0.8820968426594518,0.2365694641540225,0.25960374,0.49764967,0.3458984,0.41135502
traffic,178,15636,16788,0.8820878032171133,0.0811677497179236,0.5149772,0.28334117,0.23916316,0.5591552
traffic,411,16276,16660,0.8820761968127411,0.1935774595588273,0.71770954,0.8594384,0.7731241,0.80402386
traffic,411,14676,16212,0.882069435565372,0.2943364700734844,0.325279,0.46668828,0.47038794,0.32157934
traffic,44,15956,16340,0.8820688410529176,0.2934302903026048,0.2910174,0.07391667,0.17688334,0.18805075
traffic,245,14164,16852,0.8820602071851039,0.1301310950024962,0.033656836,0.26708174,0.02023387,0.21319103
traffic,406,14228,15572,0.8820036118859941,0.297495226954563,0.12617719,0.4847585,0.4162941,0.19464159
traffic,96,14484,14676,0.8820019656171362,0.2763889906185068,0.21735549,0.5494356,0.27596474,0.49082637
traffic,573,14164,17428,0.8819796755129485,0.2519443228573721,0.7663872,0.98405325,0.99708164,0.75335884
traffic,21,16660,17236,0.8819771331408903,0.1311051747823245,2.1225848,1.7512681,3.165316,0.70853674
traffic,689,14036,16916,0.8819368171996985,0.2859835135802582,0.064994216,0.37492514,0.08827853,0.35164082
traffic,130,16020,16212,0.881930733295874,0.2230061968137523,0.31646037,0.47487783,0.50473046,0.28660774
traffic,119,14804,17300,0.881899845983565,0.2080306411236052,0.28693962,0.55374753,0.42444158,0.41624558
traffic,466,14100,16404,0.8818955731814155,0.2676378436239015,0.27566743,0.33120131,0.18619466,0.4206741
traffic,166,16148,17300,0.8818344813501434,0.0297849231440462,0.1863451,0.28443646,0.22769046,0.2430911
traffic,270,17108,17300,0.8818192378424199,0.1653861994826299,0.42630303,0.38975823,0.35801005,0.4580512
traffic,598,14356,17044,0.8818175494143176,0.2565687990440027,0.003742814,0.13240278,0.057855964,0.19400156
traffic,340,16212,16596,0.8818121718014684,0.1861785961890546,0.10765207,0.30167508,0.11162913,0.29769802
traffic,512,15636,16596,0.8817687642598482,0.10247506941701,0.6241039,0.8790736,1.0576104,0.44556713
traffic,176,14484,16020,0.8817539939037905,0.2473655504747498,0.05650437,0.042410254,0.11020684,0.20912147
traffic,669,15316,17236,0.8817267195047218,0.2505204083864359,0.3642559,0.6342256,0.5472026,0.45127892
traffic,129,14996,16916,0.8817060646686294,0.2196509683510113,0.5190289,0.5410322,0.5233576,0.53670347
traffic,23,14228,16532,0.881682818800595,0.1155999748204852,0.07063699,0.26100445,0.060542345,0.2710991
traffic,187,14548,16660,0.8816774273189596,0.178322107312929,0.691105,2.5366306,1.4345028,1.7932329
traffic,169,16020,16404,0.8816739562567445,0.1479382067236763,0.29273987,0.5505569,0.34711242,0.49618435
traffic,156,16660,17236,0.8816716172348594,0.2922109865425165,1.3639324,1.403476,2.1358995,0.63150865
traffic,73,14228,16340,0.8816653235130743,0.2888390831951908,0.8246926,1.0423038,0.9412414,0.925755
traffic,30,14804,14996,0.8816406256093291,0.2668647156056963,0.30363035,0.5002527,0.47775006,0.326133
traffic,789,15060,15636,0.8816287872454039,0.149220808331094,0.1373601,0.6234617,0.36285138,0.123250246
traffic,271,15636,16980,0.8816048561087279,0.2956345283947719,0.12165904,0.12450266,0.032978535,0.035822153
traffic,467,14548,17364,0.8815865537761559,-0.1461629414933098,0.6290872,0.93534565,1.6327109,0.068278074
traffic,754,14868,16212,0.8815822668219304,0.2790356547111136,0.12627733,0.09714055,0.11166155,0.111756325
traffic,546,15060,16212,0.8815623089880571,0.1460339726394945,0.23163128,0.34372067,0.35203075,0.2233212
traffic,636,14996,16916,0.8815129217866421,0.2780195321223789,0.22657514,0.5587461,0.3851993,0.40012193
traffic,231,16340,16532,0.8815030114445114,0.1506592418028286,0.09622693,0.15143299,0.19557738,0.14037132
traffic,742,14420,16660,0.8814818192238189,-0.2613868665107843,0.7440313,1.4277489,1.2952186,0.87656164
traffic,475,15316,16276,0.881456932287669,0.1185735530607746,0.043004274,0.44663393,0.11718726,0.37245095
traffic,6,14996,16340,0.8814239269587709,0.2921269338821584,0.0050182343,0.33240938,0.1347351,0.19265604
traffic,400,15124,15316,0.8814080842071521,0.2086736467489648,0.12729073,0.26713657,0.36193943,0.22209358
traffic,330,14484,15636,0.8814054326532847,0.2267502449302528,0.014001846,0.4678812,0.14778113,0.30609822
traffic,807,14932,16276,0.8813623081279613,0.1172490851849149,0.055132866,0.3007965,0.11737895,0.23855042
traffic,200,14996,15956,0.8813515259276402,0.25068256188401,1.1135211,0.84853625,1.2832649,0.6787925
traffic,240,15956,16340,0.8813133657691092,0.241497291677139,0.56019104,1.4132948,1.2013689,0.7721169
traffic,307,14484,15636,0.8813036940362253,0.1657028904009745,0.013337612,0.124323845,0.25048065,0.112819195
traffic,72,15636,17364,0.8813010423238623,0.2863166880696194,0.09423208,0.3672619,0.393003,0.06849098
traffic,820,15252,16020,0.8811961573241373,0.2456427116712209,0.4641788,0.5116484,0.48950315,0.48632407
traffic,619,15956,16340,0.8811513517402361,0.2657936038120587,0.7335,1.0799608,0.8010924,1.0123684
traffic,619,14100,15252,0.8811498361878788,0.2856627056108251,0.11652005,0.29351413,0.36606395,0.043970227
traffic,380,14100,16020,0.8811483580358491,0.0600166614373155,0.53424597,1.149327,1.1614182,0.5221548
traffic,133,15060,16212,0.8811460749451893,0.1585985422047971,0.9031634,0.80418634,0.5329599,1.1743898
traffic,208,14292,16596,0.8811382590226468,0.2312235695544351,0.326756,0.3696816,0.41579366,0.45871925
traffic,675,15124,16852,0.8811113585347715,0.2390921723747596,0.02644968,0.11733079,0.061455727,0.15233684
traffic,601,14292,14676,0.8810548278835155,0.084569311773358,0.22451568,0.27191138,0.61692095,0.12049389
traffic,225,15508,17236,0.8810416440872101,0.2356958747110346,0.51076984,1.2915301,1.0603676,0.74193233
traffic,186,14484,16788,0.8809807058291508,0.2142375707985177,0.73302317,0.41630483,0.41196012,0.73736787
traffic,416,15636,16404,0.8809753630642556,0.1513652039166692,0.2597952,0.13624501,0.037194252,0.43323445
traffic,402,16724,17300,0.8809666414010674,0.2539561096597471,0.042236686,0.2764231,0.41146445,0.09280467
traffic,559,14036,15764,0.8809663646460283,0.1868547347387038,0.022225082,0.27561617,0.255028,0.0016369224
traffic,578,15828,16596,0.8809599564196512,0.2111989878565345,1.2257068,0.84804416,0.98631525,1.0874357
traffic,452,14612,16340,0.8809499270404028,0.2895508506338459,0.62313724,0.8649883,0.76249075,0.7256348
traffic,588,15828,16980,0.880926220875019,0.2756452965579022,0.32736826,0.48902428,0.23354363,0.5828489
traffic,195,14484,17172,0.8808644492554354,0.2737135578686112,0.015149593,0.27871132,0.04283619,0.25102472
traffic,654,14100,14676,0.8807733079344072,0.2981883191204751,0.249506,0.43542123,0.5587733,0.12615395
traffic,228,14804,17108,0.8806869282923266,0.2712430035712817,1.288046,0.8220924,1.2481914,0.86194706
traffic,789,14996,16340,0.8806772027118778,0.1396590080272217,0.018290758,0.032767057,0.021511555,0.07256937
traffic,613,15316,16276,0.8806220687850501,0.26436764857521,0.46790624,1.1505475,1.1972809,0.42117286
traffic,805,16276,16660,0.8806110321471696,0.1839498570162067,0.7329457,0.82999015,0.76174116,0.80119467
traffic,517,15188,16532,0.8806078324078025,0.2790672919821827,0.056773424,0.40291786,0.19126225,0.26842904
traffic,294,14292,14676,0.8805952966085967,0.2193641414058844,0.50492334,0.69513226,0.55883527,0.64122033
traffic,808,15956,17300,0.8805927934551356,0.2404620149982097,0.5314659,0.17130649,0.37366128,0.3291111
traffic,54,16084,17428,0.8805892508471289,0.0387724892929155,0.094934344,0.6349298,0.4638543,0.2660098
traffic,363,15956,17108,0.8805705468977212,0.241529937083585,0.0387125,0.3046571,0.053047895,0.2128967
traffic,604,14164,17236,0.8805670814377737,0.2958794519004563,0.52350056,0.83634675,0.6774061,0.68244123
traffic,159,15188,15380,0.8805418386447127,0.2970421577672132,0.19614553,0.5346377,0.49195313,0.23883009
traffic,429,14996,15380,0.8805408993934825,0.2604314754636114,0.97134185,0.9045999,1.1505744,0.7253673
traffic,397,15380,16916,0.8805372605228938,0.2118653982787392,0.23525059,0.21220887,0.21339297,0.19035125
traffic,75,14804,17108,0.8804444274344848,0.2537704912319327,0.9807323,0.97388434,1.2189173,0.7356994
traffic,708,14932,15508,0.8804251222472909,0.1808843258867322,0.27366054,0.8531567,0.9074559,0.2193613
traffic,833,14292,17172,0.8804070457960019,0.2858841414419338,0.12072325,0.09861493,0.1339767,0.11186838
traffic,631,15636,17172,0.8804032076595515,0.2387002074110709,0.2177782,0.4537289,0.35027313,0.321234
traffic,77,15764,16340,0.8803716145370193,0.2713947159831613,0.7470268,1.5969398,0.9624127,1.3815539
traffic,288,14612,16916,0.8803590306880408,0.2821222317246214,0.32236803,0.53801167,0.051299214,0.26694286
traffic,237,15316,16468,0.8803532507190971,0.1072058128726927,0.24147296,0.77925074,0.6178334,0.40289032
traffic,381,14996,15380,0.8803506281057627,0.2617279593175304,0.9605541,0.9178622,1.173366,0.70505035
traffic,274,14612,16340,0.8803384716172841,0.2616997191023053,0.97464395,1.6067867,0.9479675,1.6334631
traffic,217,15508,16852,0.8803358324790803,0.1378828426604465,0.052629232,0.0032303333,0.1588788,0.10301924
traffic,709,16276,16660,0.8803244024693574,0.2269381240355152,0.7201226,2.2717712,1.3575823,1.6343114
traffic,714,14228,16340,0.8802952382026805,0.2571299667615069,0.23792243,0.05930662,0.198398,0.09883106
traffic,227,15316,16660,0.8802719758114385,-0.3092628198549729,0.5646987,0.18507004,0.10891652,0.6408522
traffic,163,15444,16404,0.8802629274706977,0.1241368531711972,0.46003592,0.14001441,0.37271655,0.22733378
traffic,554,15444,16020,0.8802357668733988,0.2483361029205479,0.93009967,1.0262706,0.7384377,1.2179326
traffic,56,15956,17108,0.880210981687239,0.27653007329678,0.08487594,0.021855831,0.270679,0.20765889
traffic,628,15188,15380,0.8801907179826864,0.2606199376847183,0.30594802,0.63013625,0.64531446,0.29076982
traffic,715,14996,15572,0.8801664952278975,0.2620400457886931,1.3524375,1.0418556,1.5356009,0.85869217
traffic,77,15124,17428,0.8801530499314717,0.2817200103225579,0.027180195,0.41802526,0.38114524,0.0096998215
traffic,750,16340,17300,0.8801514635073551,0.1057114844127424,0.18909085,0.24315548,0.15785491,0.2743914
traffic,58,14420,17108,0.880140563805398,0.2424746380457204,0.15645766,0.6397338,0.27861166,0.5175798
traffic,523,15508,16852,0.88010301314873,0.1864209027081783,0.12833571,0.008482695,0.08246994,0.05434847
traffic,754,14612,16916,0.8800948449237966,0.2501770385472654,0.061666846,0.32227075,0.061680555,0.32228446
traffic,406,14740,15508,0.8800754627202002,0.2999663744165761,0.2666086,0.26838505,0.31912422,0.21586943
traffic,566,15060,15252,0.8800691057152468,0.2794844200734713,0.12517536,0.14802277,0.14273632,0.13046181
traffic,386,15508,16852,0.8800562766101303,0.1782791477770369,0.064974785,0.122976065,0.031734943,0.1562159
traffic,168,14228,16532,0.8800448540958631,0.0320378004800181,0.34987748,0.29286242,0.4578272,0.18491268
traffic,496,14676,16788,0.8800227129696829,0.226971048247254,0.09053707,0.11069822,0.052326202,0.072487354
traffic,676,16020,16788,0.8800041218480286,0.0826422228117846,0.0612638,0.43140936,0.41874886,0.0739243
traffic,714,15124,16660,0.879997342472859,0.2663476222650685,0.17230058,0.17963111,0.102283,0.4542147
traffic,87,14420,17108,0.8799480826755011,0.1178348970585269,0.19553995,0.08821106,0.26403546,0.15670657
traffic,186,15316,17236,0.8799402753453238,0.0594491972233189,0.724488,0.8658743,1.0532482,0.53711414
traffic,763,14548,17364,0.879854050277033,0.0212336419672848,0.6479993,1.6721768,1.6566145,0.6635616
traffic,518,14484,16980,0.8798531412092688,0.2236686371835127,0.20437598,0.005195141,0.3728249,0.16325378
traffic,749,15956,16916,0.8797662563510649,0.2739240050357611,0.2372979,0.8127407,0.6026232,0.44741535
traffic,593,15188,16340,0.8797465110651873,0.1962049597598499,0.42204309,0.10882139,0.16818404,0.36268044
traffic,89,16148,17108,0.8797231554567068,0.2077282344898228,1.318575,0.82826036,1.1142253,1.0326102
traffic,823,16020,17364,0.8796952548807574,0.2224527674333239,0.197716,0.2654147,0.31895828,0.14417243
traffic,55,14804,14996,0.8796902214483018,0.234157974636179,0.022145271,0.13420272,0.10171342,0.05463457
traffic,92,14676,15636,0.879687055136025,0.2984621603070899,0.006161928,0.09115791,0.019286394,0.07803345
traffic,202,14804,17108,0.879626376150629,0.2829472870004847,0.256989,0.5726534,0.38259387,0.44704854
traffic,844,14932,15508,0.8796223163102492,0.2765167438185102,0.11913276,0.038954854,0.0905416,0.24862921
traffic,818,15700,16852,0.8796112069738462,0.0841084380514611,0.20094633,0.6563473,0.85283566,0.0044579506
traffic,607,14164,15508,0.8795847333689185,0.2776567915249434,0.2137053,0.060312986,0.043527365,0.23049092
traffic,95,16276,17428,0.8795706300390176,0.2617671942058946,0.04521334,0.08046377,0.06926918,0.034018755
traffic,585,16148,17300,0.8795547189080895,0.2824859350816701,0.09520769,0.25372267,0.22114015,0.12779021
traffic,231,17044,17428,0.8795314933966631,0.2749950272412683,0.21276045,0.3843367,0.29746866,0.2996285
traffic,576,14484,16788,0.879500597518005,0.2742041490134567,0.59931016,0.3987503,0.22614145,0.771919
traffic,231,14932,15700,0.8794782875719023,0.2898934868865558,0.7791915,0.555984,0.5040004,0.8311751
traffic,850,16980,17172,0.8794725411358116,0.2981057921380467,0.40802598,0.14084697,0.24110603,0.3077669
traffic,252,14612,17108,0.8793383187072334,0.2333731368197548,0.13886619,0.17225862,0.12477565,0.15816808
traffic,768,15956,16916,0.8793323407134896,0.2762834544181423,0.057747126,0.54280365,0.23220062,0.36835015
traffic,722,15444,16404,0.8793301170998752,0.2728137538783403,0.07461667,0.25210905,0.20157456,0.12515116
traffic,705,15828,16596,0.8793180352341148,0.2570158951707046,0.40023303,0.45012498,0.19178486,0.65857315
traffic,178,14228,15380,0.8793151905314468,0.2555921277001295,0.3882953,0.35312617,0.2030977,0.53832376
traffic,775,14100,16788,0.8793072347155806,0.1961696050165654,0.3449688,0.23063278,0.23469043,0.120354414
traffic,449,14420,14996,0.8793010768470205,0.0043731386087175,0.45773077,1.6245515,1.4383376,0.64394474
traffic,290,15828,17172,0.8792460906797019,0.2562579622123853,0.049936056,0.13416314,0.025220394,0.1588788
traffic,381,14932,17236,0.8792345023661279,0.2960294839823877,0.20672286,0.44496042,0.051290452,0.1869471
traffic,776,14996,15956,0.8792208389350443,0.2980356722022192,0.6238241,0.7425456,0.89579844,0.47057128
traffic,432,16532,17300,0.8792127068430785,0.0442910660364139,0.21115112,0.31863642,0.24837875,0.2814088
traffic,684,14292,16788,0.8792095393312562,0.2735494063344139,0.20018363,0.43424058,0.20503187,0.42939234
traffic,693,14036,17108,0.8792093010460105,0.0740592687894264,1.4200053,1.5003967,1.9811734,0.9392286
traffic,312,15188,16532,0.8791907554857429,0.2878064597781858,0.15845966,0.282269,0.005410433,0.12921977
traffic,160,15892,17364,0.8791828414089711,-0.1897876673695931,0.80438256,1.981375,1.664803,1.1209545
traffic,713,14420,16916,0.8791808740266013,0.1454274338697364,0.1836822,0.48710668,0.14637041,0.15705407
traffic,648,14740,17044,0.8791571127019655,0.2479783599237817,0.03755808,0.21802688,0.1075058,0.072963
traffic,210,14676,16404,0.8791293757962406,0.1999195033550854,0.6823404,0.7015877,0.7134304,0.67049766
traffic,708,15252,15636,0.8791130968165926,0.2588966655120928,0.055603504,0.01696539,0.029891014,0.04267788
traffic,385,15188,16340,0.8791103222933606,0.1211939009491101,0.35015416,0.09652972,0.20999527,0.23668861
traffic,588,16276,17428,0.8791040591878956,0.0610240350371544,0.16450775,0.09342003,0.092196226,0.16573155
traffic,165,14164,16852,0.8790818454455448,0.2034957716940688,0.015196085,0.09186578,0.25815654,0.15109468
traffic,132,14292,16212,0.8790728117489621,0.2662289657895329,0.28988862,0.49172938,0.36085415,0.42076385
traffic,71,14740,17364,0.8790624442379782,0.0834007894756042,0.77576995,1.8617932,1.7232724,0.91429067
traffic,156,15764,16916,0.8790536239716541,0.2151464693652381,0.02193594,0.42063606,0.12385571,0.2748444
traffic,135,14100,16212,0.8790533959389489,0.2023759470780301,0.20316184,0.21488321,0.3351884,0.082856655
traffic,537,16340,17108,0.8790155521545664,-0.1536338860022831,0.39420986,0.6760179,0.7240299,0.34619784
traffic,491,15700,17044,0.8789981273506625,0.2770013868982523,0.05971694,0.34508908,0.20631075,0.19849527
traffic,230,15316,16468,0.8789956532490311,0.279871909025539,0.30605578,0.57081187,0.4684018,0.40846586
traffic,640,16596,17172,0.8789314432677191,0.2419561608987434,1.0041107,0.2255404,0.54469645,0.68495464
traffic,191,15828,16596,0.8789232306974701,0.2839181205310321,0.7544801,0.76970255,0.773293,0.75088966
traffic,541,15316,16468,0.8787867857249521,0.2645324628170902,0.63013625,0.8047564,0.84894085,0.5859518
traffic,648,15252,16596,0.8787756889840054,0.157722721739014,0.090322495,0.046108723,0.1649518,0.028520584
traffic,13,15124,16276,0.8787704969058137,0.2140591511677455,0.027126431,0.48008704,0.35774076,0.14947271
traffic,495,15060,15828,0.8787362397047874,0.2674887095532897,0.41437352,0.29379344,0.35361636,0.3545506
traffic,364,14036,17108,0.8787316972250677,0.2569893592435733,0.044737935,0.11436069,0.032137573,0.10176033
traffic,255,14100,14676,0.8787298278215251,0.2288036419078575,0.22586262,0.44255233,0.5151483,0.15326667
traffic,751,14996,15956,0.8787272626157542,0.2649595994799569,0.11390352,0.20727575,0.049867272,0.271312
traffic,318,15316,16468,0.8787200180805983,0.0929232641093998,0.41608477,0.6585609,0.6738062,0.40083945
traffic,815,14804,17300,0.8787104210083279,0.2777422385399839,0.2725675,0.3976028,0.17408419,0.49608612
traffic,266,14548,16276,0.8787062512888153,0.1583630708384663,0.17789853,0.43217516,0.2669294,0.3431443
traffic,439,15636,16404,0.8786963565274865,0.1784792835699095,0.60364723,0.9173945,0.8088448,0.71219695
traffic,493,14932,15892,0.8786857035425192,0.2835724739387827,0.16969681,0.18939447,0.16138077,0.19771051
traffic,251,15252,16404,0.878643077132805,0.1503365339463431,0.037810564,0.048467398,0.32630527,0.24002731
traffic,520,14676,16980,0.8786395560492726,0.0744589964812584,0.2781086,0.064380646,0.3603146,0.017825365
traffic,473,14740,16852,0.878632681575264,0.2328225229428963,0.39961696,0.35771227,0.3078314,0.44949782
traffic,390,14484,14676,0.8786148402469485,0.1924025950772896,0.2633524,0.34523177,0.02096963,0.6295538
traffic,503,15252,15444,0.8786121773840855,-0.0742697343310707,0.18824816,0.19554734,0.2095375,0.174258
traffic,403,16084,17364,0.8785906555771691,-0.0707632087414303,0.61374354,1.5972662,1.8377688,0.37324095
traffic,5,14932,16660,0.8785885791290992,0.2218326396807247,0.8820058,2.2335153,1.265225,1.850296
traffic,434,16468,17236,0.878552351113421,0.0838515081747385,0.2735759,0.26467884,0.24977565,0.2884791
traffic,376,14036,16916,0.8785407961384631,0.2284590412483582,0.29010344,0.0048274994,0.13411653,0.1608144
traffic,832,14740,15124,0.8785305841360339,0.2441388986029314,0.2989627,0.6926298,0.7699708,0.22162175
traffic,38,16148,17108,0.878500430476035,0.2608346670655647,0.18375468,0.018944979,0.072475195,0.27517486
traffic,251,14740,17364,0.878482863295018,-0.0173291594869691,0.6814825,1.4652164,1.7835333,0.36316562
traffic,671,14164,14548,0.8784661274195348,0.2686848727304127,0.31703925,0.68919384,0.6676456,0.33858752
traffic,234,15444,16788,0.8783919868839941,0.1737097062774776,0.2772082,0.09549844,0.31870162,0.13699186
traffic,667,14164,16660,0.8783708468194009,0.2839983126906921,0.5619042,0.06619787,0.3398502,0.15585613
traffic,582,14932,16852,0.8783330304524696,0.2593953750028944,0.7018398,0.886189,0.6687993,0.9192295
traffic,522,14740,17364,0.878331596540093,0.1707268476408547,0.20425129,0.052337646,0.52809095,0.27150202
traffic,540,16084,17364,0.8783307102439684,0.0955509543912033,0.65742826,1.6017059,1.6436995,0.61543465
traffic,804,14164,16852,0.8783103357860387,0.1146982400596121,0.15726209,0.038064957,0.1993041,0.08010697
traffic,623,14996,16724,0.8782547412442044,0.0911396524823493,1.7533875,1.2496164,2.1026893,0.9003147
traffic,808,14612,16916,0.8782268130746025,0.2531995976131779,0.41722965,0.40698588,0.08396196,0.07371819
traffic,361,14036,16916,0.878180743801148,0.2684022958533609,0.18504584,0.5640008,0.10159743,0.27735752
traffic,518,15636,16788,0.8781704840658862,0.2273218434252593,0.12272072,0.062769055,0.15234089,0.33783066
traffic,803,15828,16788,0.8781244691952287,0.1267465138847842,1.0895374,0.9618683,1.0115461,1.0398595
traffic,386,16276,17428,0.8781086972379795,0.2012674168085782,0.051134467,0.0156161785,0.12020278,0.15572107
traffic,747,14612,15188,0.8780854641079893,-0.0461968645897179,0.13944077,0.4828372,0.49794626,0.12433171
traffic,246,15060,17364,0.8780538975350968,0.2582129989860952,1.191559,1.5998693,0.92420185,1.8672264
traffic,542,15828,16788,0.8780434666142225,0.2464833197357532,1.5836673,0.8618816,1.4804208,0.96512806
traffic,347,16212,16980,0.8780311862985533,0.2586797538201892,0.42533088,0.022624254,0.12589836,0.32205677
traffic,727,14740,16084,0.878029791260349,0.107510852327472,0.0765686,0.15443015,0.20661473,0.024384022
traffic,285,15508,16468,0.878005468517642,0.1945116362247603,0.21230316,0.45189083,0.34574032,0.31845367
traffic,736,15252,17172,0.8779931232679952,0.2701546465963849,0.72192407,0.44550633,0.499619,0.6678114
traffic,750,14612,16532,0.8779913491744944,0.1685313039779514,0.08831477,0.27126157,0.4924016,0.13282526
traffic,290,14164,16852,0.877973680908674,0.171773634077716,0.2342143,0.19112968,0.11128712,0.068202496
traffic,9,14804,17108,0.8779391751874623,0.2363759109440145,0.9009397,0.9429138,1.1121926,0.73166084
traffic,117,16212,16980,0.8779081730300986,0.2178396001511203,0.303151,0.118000746,0.31630504,0.104846716
traffic,35,16404,16596,0.8778842068694482,0.2565603476023818,0.14430523,0.09650183,0.07597995,0.16482711
traffic,193,15188,15572,0.877869484126461,0.1998262659760868,0.19450402,0.49316525,0.40766025,0.28000903
traffic,351,15316,16468,0.8778687673563716,0.203515206626552,0.5977161,0.6814561,0.8701,0.40907216
traffic,399,14100,16404,0.8778479570450709,0.2518023826761058,0.38766646,0.37704968,0.34600043,0.41871572
traffic,757,14292,14676,0.8778318921988969,0.2286049795251647,0.11666465,0.05355954,0.24447536,0.074251175
traffic,94,15892,17364,0.8778260656641662,0.0836684488562571,0.6715977,1.3556803,1.5296401,0.497638
traffic,396,14484,16980,0.8778087983220081,0.0724387739109243,0.2284503,0.23810244,0.5183203,0.051767588
traffic,395,14740,16660,0.8777861594421222,0.1011058679840888,0.77545553,2.6907856,1.3809443,2.0852969
traffic,38,14932,15124,0.8777605167433763,0.1758006684852127,0.01812458,0.20467067,0.28937888,0.102832794
traffic,10,16660,17428,0.8777198141549488,0.1775902312453087,1.3847558,0.8636317,1.283036,0.9653516
traffic,328,14996,15572,0.8777176397999472,0.2829418801316642,1.90097,1.127491,2.1336756,0.8947854
traffic,651,14228,17108,0.8777050077313039,0.2964526555283476,0.31312728,0.82733655,0.18017715,0.3340321
traffic,55,15636,16212,0.8776932283683903,0.1946073311712212,0.020351052,0.024604201,0.13716805,0.1329149
traffic,491,14804,16148,0.8776864016547478,0.2993716361293925,0.0066697598,0.06858206,0.06771469,0.005802393
traffic,91,15508,15700,0.8776708712958647,0.1486002351116087,0.5767677,0.6236248,0.67429805,0.52609444
traffic,437,16340,17108,0.8776475155945197,0.1092548306170241,0.9118048,1.0525601,1.3651758,0.59918904
traffic,228,14100,16212,0.8775914985807975,0.2163877479103997,0.7163253,0.81169665,0.9262506,0.60177135
traffic,141,14484,17172,0.8775455357146815,0.1825448561855484,0.025590897,0.23019838,0.17392659,0.08186269
traffic,642,16020,16212,0.8775175286972123,0.0593137594478882,0.573776,0.6927464,0.82648134,0.44004107
traffic,385,14036,14996,0.8774827140541785,0.2777166871735548,0.40085196,0.13457012,0.24587107,0.28955102
traffic,304,15188,16532,0.8774656190354304,0.0192801897011695,0.3310585,0.9427421,0.7917681,0.48203254
traffic,197,14164,14548,0.8774587855623187,0.2678838980128754,0.55286264,0.73114526,0.8448906,0.4391173
traffic,661,16660,17236,0.8774485078603987,0.1412974306385297,0.72685504,1.5081843,1.4750998,0.75993955
traffic,116,14676,16980,0.8774451682701417,0.1655205973414901,0.25951052,0.93246484,0.49281526,0.6991601
traffic,200,14612,16724,0.8774131044415912,0.2835058557899224,0.27755523,0.14481425,0.11847091,0.014270067
traffic,384,15252,17364,0.8774100191684454,0.2896823795106606,1.0981109,1.722003,0.95401937,1.8660946
traffic,836,14612,16532,0.8773954621146741,0.215294001451145,0.5990999,0.32364798,0.52544594,0.3973019
traffic,710,15636,16212,0.8773785918102929,0.2259017987690762,0.58922267,0.6660328,0.747242,0.5080135
traffic,310,14484,15636,0.8773639412149362,0.1907195128620378,0.13904679,0.18926632,0.13173234,0.19658077
traffic,277,14356,16660,0.877334047327896,0.0672468515822083,0.72080183,1.4508266,1.2046685,0.96695995
traffic,738,15124,16276,0.877311686528272,0.2825718589244298,0.12345123,0.26158476,0.20159435,0.18344164
traffic,602,16660,17236,0.8773066406597797,0.2813210667825132,1.3045406,1.3251208,1.985055,0.6446065
traffic,448,14612,17108,0.8773031356467159,0.2869505026582742,0.041011333,0.518007,0.21801746,0.34100085
traffic,98,14932,16660,0.8772678424030255,-0.0292849942619478,0.9874258,1.5933831,1.0340147,1.5467942
traffic,593,14996,16724,0.877260387608332,0.1506656103614846,0.29539275,0.4286623,0.28733277,0.43672228
traffic,232,14996,15572,0.8772489799436892,0.1377293492298966,1.306549,0.99017394,1.3695437,0.9271792
traffic,320,14228,17108,0.8772357673929665,0.2819091350782033,0.27669227,0.20035219,0.14123166,0.06489158
traffic,407,14356,16852,0.8772318553785927,0.2663352789355802,0.59844553,0.7407763,0.800244,0.53897786
traffic,776,14484,16404,0.8772174544049216,0.2019226666320001,0.39675164,0.3919928,0.36439633,0.42434812
traffic,707,14996,15956,0.8772072762869866,0.2246787414636844,1.4173033,0.7959647,1.2645309,0.94873714
traffic,584,15124,16468,0.8772014197392694,0.234476460011633,0.3273331,0.24268055,0.15064454,0.4193691
traffic,316,14164,16852,0.8771391616723133,0.0277732862808627,0.13174438,0.013491869,0.26538134,0.14712882
traffic,734,15316,16468,0.8771341644678864,0.2110433978233451,0.71186876,0.98429096,1.0297174,0.6664423
traffic,393,15636,16788,0.8771198540674794,-0.1157071479976589,0.5255096,0.5613444,0.2627437,0.82411027
traffic,825,16340,17300,0.8770291072638493,0.0376757092346809,0.11711407,0.3424418,0.1264925,0.33306336
traffic,437,15636,16980,0.8770277255146687,0.0027446031789664,0.5393417,0.12829113,0.32116938,0.08988118
traffic,716,15188,16148,0.8769768668905257,0.2869399398630171,0.024808407,0.42912233,0.36825,0.03606391
traffic,312,14612,17108,0.8769717682648596,0.0523444808149591,0.15751112,0.26246154,0.080049515,0.18499994
traffic,616,16020,16212,0.8769650154083971,0.2721011586910852,0.27370703,0.3153658,0.28155017,0.30752265
traffic,299,14100,16788,0.8769396591507564,0.1119459726546857,0.51037705,0.21564162,0.41372097,0.3122977
traffic,769,14612,15380,0.8768896655968924,0.2633982537534676,0.15791678,0.030536413,0.12559748,0.25297785
traffic,258,14484,16404,0.876869906954955,0.2025472479159626,0.24984288,0.39654183,0.30103803,0.3453467
traffic,211,15508,16852,0.8768485487193599,0.1348691327891802,0.021724463,0.18818474,0.07826042,0.088199854
traffic,810,14804,15764,0.8768307089941697,0.2655757189191977,0.6513834,0.9045205,1.0586393,0.49726462
traffic,712,15508,16852,0.8768233089361502,0.1438880038941528,0.08263636,0.23640966,0.054849386,0.26419663
traffic,215,14676,16788,0.8768189835692255,0.2419762904063381,0.13437009,0.6242645,0.5561445,0.20249009
traffic,186,17172,17364,0.8768103020349668,0.2549487600723721,0.2147634,0.078365564,0.17235565,0.3087535
traffic,446,14484,17364,0.876800189588214,0.2030001450130611,0.20116758,0.75690746,0.8054557,0.15261936
traffic,310,14548,17044,0.8767943212473258,0.2880762838513925,0.49071288,0.09482467,0.4016366,0.18390095
traffic,13,14548,16468,0.8767719113338172,0.2720749112230995,0.3352511,0.24051332,0.445832,0.1299324
traffic,167,14740,15124,0.8767643495528961,0.2956116586833859,0.016593695,0.05830598,0.10631943,0.06460714
traffic,113,15316,17428,0.8767361603988785,0.2206133913001903,0.89933205,1.197193,1.4547238,0.64180124
traffic,589,14228,17300,0.8767021486571711,0.2921842611281887,0.36297953,0.15170288,0.3133471,0.10207045
traffic,530,15508,15700,0.8766963299253431,0.2956406006746654,0.049876213,0.2652228,0.22074509,0.094353914
traffic,475,14676,17172,0.876694831364824,0.195344868146229,0.3538046,0.13156891,0.11952019,0.10271549
traffic,53,16340,17108,0.8766730593562165,0.1682532219976395,0.43974543,0.4039836,0.48025155,0.36347747
traffic,519,15892,17364,0.8766572324819453,0.0412777715552476,0.7526976,1.5399036,1.6090063,0.68359494
traffic,711,14292,16980,0.876642184059639,0.2931528137349857,0.2538724,0.7208786,0.6768341,0.2979169
traffic,330,14804,17300,0.8766313326107789,0.0690624830180342,0.13655567,0.16278672,0.027879953,0.32722235
traffic,753,14612,16532,0.8765994716476094,0.239473541362068,0.06262112,0.16257524,0.34929144,0.12409508
traffic,755,15892,16276,0.876586888798283,0.2677459865218256,0.2696483,0.2526077,0.51224315,0.010012865
traffic,383,14036,16148,0.8765178173031828,-0.0568372723939231,0.109855175,0.022222042,0.028165102,0.05946803
traffic,443,14612,17108,0.8764401148747876,0.2895016458527781,0.07861161,0.31133068,0.05162406,0.33831823
traffic,704,16148,17300,0.8764373685844117,0.2922501711981168,0.3933332,0.46525967,0.39223766,0.4663552
traffic,690,14484,16596,0.876423113116363,-0.0104742273219739,0.6492487,0.3249879,0.13159919,0.8426374
traffic,489,14996,15380,0.8764193516365919,0.2136274555206978,1.5581288,0.9542469,1.5556412,0.95673454
traffic,599,14292,16596,0.8763993586753669,0.250734235624538,0.0041468143,0.024130106,0.1904223,0.21040559
traffic,63,16468,16660,0.8763958253316648,0.2608657061433784,0.73820126,1.2911439,0.93002164,1.0993235
traffic,223,14100,15060,0.8763943363863562,0.292047410632317,0.45726573,0.8757648,0.7246783,0.60835224
traffic,833,14932,17236,0.8763749392845646,0.2038872660450633,0.09768796,0.074067354,0.12865257,0.3004079
traffic,631,16532,17300,0.8763278717541281,0.1162441051097341,0.25650096,0.046944857,0.0043690205,0.20518708
traffic,517,17044,17428,0.8762916528038728,0.2282172868690326,0.20954382,0.09998977,0.17147052,0.13806307
traffic,527,15316,16468,0.8761986723636054,0.1115642879709779,0.52608395,0.7464092,0.771971,0.50052214
traffic,572,14164,14932,0.8761831406718182,0.2575722063637021,0.49778175,0.6386063,0.64343715,0.49295092
traffic,511,14484,16788,0.8761725108135285,0.1726539356556937,0.04300618,0.3446188,0.16653204,0.46814466
traffic,714,15700,16468,0.876170676466107,0.2778194411521892,0.20091891,0.15532315,0.006613493,0.36285555
traffic,392,14484,16212,0.8761261430446777,0.2448947694129162,0.3333707,0.40267217,0.14406157,0.5919813
traffic,751,14292,16020,0.8760855620806335,0.2751298044867686,0.056007385,0.1886065,0.30904603,0.064432144
traffic,627,14548,17364,0.8760679873579743,0.0864565419084826,0.6169661,1.3472582,1.7484815,0.21574283
traffic,160,14484,16596,0.8760664524711229,0.2946555197785404,1.4929464,1.1774321,1.8642151,0.8061633
traffic,717,15380,16724,0.8760626678246186,0.2681462879622068,0.79509276,0.20159197,0.49046308,0.50622165
traffic,321,14612,14996,0.8760410298386111,0.2088171029893069,0.19805264,0.22490692,0.26491594,0.15804362
traffic,618,14676,16980,0.875989015479931,0.1586496737137816,0.019763708,0.7466954,0.30423927,0.46221983
traffic,424,15572,16916,0.875892461208391,0.180179554484422,0.041228056,0.3811471,0.25494158,0.16743356
traffic,9,15636,16788,0.8758922488481352,0.1059387039062738,0.314147,0.49209177,0.034757376,0.84099615
traffic,515,14164,16852,0.8758848489973231,0.2976889786012245,0.026520252,0.13183713,0.053523302,0.10483408
traffic,348,16148,17108,0.8758518040855643,0.2845482622763148,0.47770846,0.4506749,0.42705584,0.5013275
traffic,150,15764,15956,0.875811728732281,0.1849008068986726,0.37826824,0.45926988,0.5039345,0.33360362
traffic,515,15508,16084,0.8758094924534516,0.282447641257626,0.3651967,0.63876,0.5760325,0.42792416
traffic,511,14676,16980,0.875761885106864,0.1453256386723709,0.39496684,0.05041623,0.32811403,0.11726904
traffic,532,14420,16148,0.8757496696629851,-0.0325292115389999,0.1450603,0.062981844,0.06133914,0.020739317
traffic,273,15444,16980,0.8757472783103826,-0.0163710518550667,0.7353343,0.19038832,0.31948924,0.60623336
traffic,364,16660,17428,0.8757275717889021,0.2431835761587371,1.0749855,1.0490115,1.4022396,0.7217574
traffic,493,16276,17428,0.8757196666875908,0.1565113159576434,0.32027566,0.24458158,0.41125214,0.1536051
traffic,844,14868,16596,0.8757087071293626,0.2649601764524095,0.020427465,0.16926837,0.086466074,0.06237483
traffic,840,14100,15636,0.8756862962882812,0.1689536966379375,0.061016083,0.018565178,0.011369944,0.05382085
traffic,399,14036,16724,0.8756790322702804,0.2052025446472156,0.15390813,0.061768293,0.036821723,0.055318117
traffic,351,14228,16340,0.8756688756789832,0.2971442111536474,0.9010751,1.9965544,1.1321588,1.7654707
traffic,571,14292,16980,0.8756044973660321,0.2370562432317104,0.5970452,0.3971355,0.5542319,0.4399488
traffic,23,14740,14932,0.8755211696651077,0.2966859168181192,0.0071082115,0.18179274,0.18640661,0.011722088
traffic,793,14356,17236,0.8754476046691069,0.2454785116859201,0.47134256,1.0192707,0.9865844,0.5040288
traffic,430,15252,17364,0.8754473777730968,0.2569909551367448,0.9112148,1.5975211,0.94183445,1.5669014
traffic,661,14292,16212,0.875444629396117,0.2686414186131726,0.35124552,0.51125336,0.73626983,0.12622905
traffic,512,16148,17300,0.8754113001713768,0.1761942170247896,0.3739736,0.09446907,0.5233145,0.054871798
traffic,578,16020,16212,0.8753961584670898,0.1676981536543897,0.6461704,0.7671249,0.9819956,0.4312997
traffic,854,14612,17108,0.8753453229506997,-0.1492832938798363,0.13855219,0.122603655,0.42506206,0.16390622
traffic,352,14292,16980,0.8753089823747819,0.2759740949617189,0.24742126,0.11952591,0.30283833,0.06410885
traffic,164,14676,15828,0.8753038818435432,-0.042419259231833,0.22824073,0.10073018,0.3447652,0.015794277
traffic,759,14356,16276,0.8752881505390243,0.2586489775690757,0.26122737,0.23419762,0.16723514,0.32818985
traffic,361,14676,16980,0.8752835479559544,0.2818812028975727,0.8267503,0.1856587,0.5523994,0.46000957
traffic,834,14484,16596,0.8752766529888648,0.2294672727768757,0.08113837,0.13018012,0.46258378,0.6739023
traffic,19,16084,17364,0.8752488549239871,0.0416470063752824,0.7516003,1.8489171,1.7350562,0.86546135
traffic,577,14292,15828,0.8752455137981489,0.1562689294003272,0.45491815,0.49081707,0.5688901,0.37684512
traffic,681,14996,16916,0.8752431753222997,0.2617456960120026,0.2822442,0.52241564,0.3680756,0.43658423
traffic,64,14804,17300,0.8752265749408044,0.2386041040347745,0.06894779,0.11953449,0.0130569935,0.20153928
traffic,223,14420,16916,0.8752093870841813,0.2319109904071042,0.20544064,0.38179052,0.52430665,0.062924504
traffic,255,15636,16212,0.8752055174107206,0.297252805750321,0.45798278,0.37222934,0.3553115,0.4749006
traffic,266,14228,16340,0.8751921706850985,0.2640448011368833,0.5419041,0.8556099,0.71433675,0.68317723
traffic,619,16788,17364,0.8751914294426502,0.07579599831605,0.32419848,0.45951104,0.5369253,0.24678421
traffic,45,14356,16660,0.8751889492090752,0.1534483050723008,0.31228566,0.8747783,0.63635445,0.5507095
traffic,693,14740,17044,0.8751838970604512,0.2175394290661017,0.45902562,0.9111192,0.6816077,0.6885371
traffic,454,14740,17364,0.8751458132749328,0.1334256165927355,0.5308927,0.83684146,1.5777092,0.209975
traffic,714,14740,17236,0.8751357454859575,0.1719177589947398,0.09727383,0.046844482,0.06193757,0.20605588
traffic,580,15508,16660,0.875128168962314,0.2333838116738587,0.67789173,1.1619596,1.0356383,0.80421305
traffic,734,14100,16404,0.8751149742833821,0.1479590979101447,0.25343466,0.5576458,0.11228204,0.6987984
traffic,203,15508,17236,0.8750993596886643,0.2019662018795018,0.7258282,1.306655,1.5117118,0.5207714
traffic,252,14804,16916,0.875085811872318,0.2859808337625877,0.24953341,0.59557223,0.1962688,0.64883685
traffic,794,14932,16276,0.8750664031445123,0.2310880192344737,0.10725677,0.28030968,0.08712411,0.26017702
traffic,773,14932,16276,0.8750084772806331,0.2634444206571357,0.0341717,0.4764468,0.057123184,0.38515192
traffic,854,15636,16788,0.8750081544501449,0.2002162736105421,0.3368281,0.12684691,0.4929831,0.02930808
traffic,103,15764,17108,0.8749895585030603,0.1290037695010484,0.075201154,0.22661197,0.07213962,0.0792712
traffic,202,16468,17044,0.8749880367229756,0.2703788193810187,0.026997447,0.17807114,0.0328784,0.118195295
traffic,406,14932,15316,0.8749832540305252,0.0392754212740533,0.2660532,0.40541375,0.5758406,0.095626354
traffic,323,14804,15956,0.874973045685173,0.0605279581296646,1.0401547,1.0120078,1.4090774,0.6430851
traffic,633,14740,15892,0.8749646503397772,0.2937741994965058,0.039464235,0.1788534,0.2087624,0.06937325
traffic,356,14932,15892,0.874911674550585,0.2886628697061534,0.058028936,0.34174085,0.29758024,0.10218954
traffic,514,14420,16916,0.8749047761466597,0.2041566807143013,0.054944515,0.26705763,0.05746615,0.3794683
traffic,619,14356,14740,0.8748524742295264,0.2548243690209704,0.52956593,0.5146196,0.58242404,0.46176147
traffic,141,15956,16340,0.8748183839930181,0.2393489651704948,0.53944767,0.9298043,0.7226604,0.74659157
traffic,313,16788,17364,0.8747954358070124,0.113952110673981,0.6205832,0.8123646,0.6137172,0.81923056
traffic,114,14996,15764,0.8747812019547511,0.1888308177906868,1.3522398,1.2500317,1.9002008,0.7020707
traffic,512,14612,14996,0.874768088367129,0.139099651086169,0.17164803,0.0022933483,0.24098182,0.07162714
traffic,443,15060,16212,0.87474988993484,0.2989700951093743,0.23560059,0.17627323,0.15722239,0.25465143
traffic,168,16148,16916,0.8747221979579707,-0.2745705603326797,0.35235596,0.35919666,0.2512486,0.46030402
traffic,603,15316,16852,0.8747203905043565,0.2110432298487349,0.22057986,0.0105211735,0.0096001625,0.2407012
traffic,335,16020,16404,0.8746755924349167,0.0159244868856703,0.166147,0.62061906,0.37011695,0.4166491
traffic,672,14484,16980,0.8746738542884454,0.1066318215699554,0.053562164,0.04143691,0.32786608,0.31574082
traffic,128,14228,17108,0.8746652072291258,0.199510715577756,0.114153504,0.041906238,0.10396862,0.031721354
traffic,134,14612,16148,0.8746563576835887,0.0914769143841563,0.40121126,0.15691495,0.35587335,0.20225286
traffic,688,15316,16468,0.8746288629825903,0.1863917790207117,0.63236094,0.8854078,0.8677347,0.65003407
traffic,503,15316,17428,0.874611030961008,0.0641057464823528,0.6891508,1.0618429,0.9132576,0.8377361
traffic,579,14164,16660,0.8745670217633359,0.0899322252896619,0.31391597,0.29050684,0.20492578,0.39949703
traffic,79,16276,16852,0.8745181560102575,0.2441678007948891,0.34541392,0.5520103,0.65347266,0.24395156
traffic,540,16148,17108,0.8744989077684859,-0.0144437199598258,1.1533906,0.81830406,0.9999633,0.9717314
traffic,607,14420,14996,0.8744866853973627,0.2404733872952318,0.39716375,0.17963171,0.21789801,0.35889745
traffic,816,16596,16980,0.8744797802987478,0.2538496387397191,0.18914795,0.070916176,0.036257386,0.15448916
traffic,356,15188,16340,0.8744670938093759,0.1686557831393292,0.41446447,0.22248507,0.26442933,0.3725202
traffic,567,14484,16980,0.8744597154847279,0.2750696475622564,0.119534254,0.01815176,0.2873547,0.1496687
traffic,760,14932,17172,0.8743196045558248,-0.0288494416768239,0.89521396,3.5930338,1.5483041,2.9399436
traffic,297,15316,16468,0.8743052540744652,0.0997701650099364,0.24599504,0.8525121,0.7285445,0.3699627
traffic,241,14100,15828,0.8743003417169575,0.1897519477178552,0.6767907,1.2737565,0.83592415,1.1146231
traffic,82,14164,17236,0.8742543688654487,0.2947259654907185,0.8424455,1.0647755,1.1633787,0.7438423
traffic,823,14228,16916,0.87424901667175,0.0858661184027958,0.07722759,0.15960741,0.054702163,0.13708198
traffic,105,14164,16852,0.8742277155498783,0.2636033156907878,0.09707928,0.23200631,0.014134645,0.31495094
traffic,214,15508,17044,0.8742021982934216,0.2033692002439886,0.15370584,0.8458315,0.5329642,0.46657312
traffic,505,15508,16852,0.8741908089491622,0.0372283094220729,0.2978983,0.25393343,0.25544977,0.29638195
traffic,161,15252,17364,0.8741824857083491,-0.1461436717689338,0.48374164,1.4329153,1.2520354,0.6646216
traffic,359,14740,17428,0.8741780330460963,0.2900988910090892,0.43871784,0.55650675,0.7248367,0.2703879
traffic,321,16148,16340,0.8741766524750308,0.2886116457818035,0.01198101,0.3732884,0.35112238,0.034147024
traffic,808,14036,16532,0.8741685975121406,0.2195004296570263,0.6581516,0.23072338,0.69101214,0.19786286
traffic,288,14932,16660,0.8741515747195624,0.0061577042161432,1.035758,1.833046,1.0558977,1.8129063
traffic,509,14484,16788,0.8741209481848615,0.1875612912191867,0.070961,0.37621808,0.14316034,0.44841743
traffic,271,14484,15828,0.8740658709279798,0.1857471533463085,0.26561713,0.071079016,0.24351478,0.4380529
traffic,750,16468,16660,0.8740640916766703,0.0102915803416316,0.39367723,0.39162683,0.5339937,0.25131035
traffic,440,15252,16980,0.8740599942194591,0.2351731378814767,0.33224893,0.2592516,0.33376837,0.25773215
traffic,701,16660,17428,0.8740563051566447,0.0097407743244144,1.5222728,1.36456,2.3175056,0.56932724
traffic,33,14676,17172,0.8740545958051589,0.2361495751379668,0.38947177,0.18690419,0.096910715,0.10565686
traffic,798,14932,17172,0.8740319653492093,0.076842930715641,0.7245785,0.8418052,1.2757467,0.29063702
traffic,68,14292,16788,0.8740117428483952,0.2740777804028422,0.13019347,0.41008306,0.4136169,0.12665963
traffic,107,14484,15636,0.8740086903208547,0.2362076255982865,0.32303262,0.45050502,0.2923832,0.48115444
traffic,13,14740,16852,0.8740000645975868,0.2545148472121123,0.59128857,0.7502471,0.81151545,0.53002024
traffic,658,14292,14676,0.8739991544209579,0.2761684036115777,0.07835984,0.067591906,0.14497972,0.29093146
traffic,786,16980,17364,0.8739682383082756,0.2138708788768765,0.6601597,0.92748165,0.92464864,0.6629927
traffic,449,14036,14804,0.8739356948916132,-0.0209796051107645,0.37087393,0.14215446,0.23080993,0.28221846
traffic,323,14548,17172,0.8739082134292381,-0.1155827415638136,0.76195145,0.5646806,1.0275049,0.2991271
traffic,824,15444,16020,0.8738967556162563,0.2802527161314183,0.5977727,0.6850178,0.66793215,0.6148584
traffic,168,16084,16660,0.8738227900109558,0.2576633354055745,0.53533304,0.783067,0.9031619,0.41523814
traffic,509,14676,16980,0.873806841288763,0.1369619781218607,0.40415263,0.069289684,0.31295848,0.16048384
traffic,108,14484,14676,0.8737531737978496,0.0757422036249725,0.17382121,0.36924672,0.1050334,0.64810133
traffic,686,14676,16980,0.873737644597735,0.2731534453669991,0.62405825,0.2551496,0.13441277,0.23449588
traffic,791,15508,15892,0.8737343865073065,0.2940156418344634,0.839937,0.8735657,1.1718699,0.5416328
traffic,805,16980,17364,0.8737173628668503,0.2903999184940293,0.08531213,0.23090386,0.3842044,0.067988396
traffic,847,15508,17236,0.8737024916301062,0.2601068966864493,0.505281,1.1599334,1.2110645,0.45414996
traffic,360,14484,16788,0.8736854970382483,0.2433083708279178,0.530365,0.48032928,0.38933992,0.62135434
traffic,22,15316,16276,0.8736203844343092,-0.2950369558118123,0.6246786,0.8590889,1.0429175,0.44085002
traffic,403,15508,16852,0.8735993772999392,0.1638810351573329,0.13154745,0.3020029,0.45302033,0.019469976
traffic,518,17108,17300,0.8735975965242713,0.2518020205580853,0.1459899,0.053682327,0.072800875,0.12687135
traffic,489,14036,17300,0.8735837211361978,0.2684965360912323,0.35185838,0.1785841,0.3151586,0.14188433
traffic,735,14484,16212,0.8735738757869689,0.2754332613128442,0.30581522,0.3995118,0.2565949,0.44873214
traffic,642,14868,16980,0.8735559983357186,0.2148615429479286,0.5048816,0.3618791,0.13894176,0.0040607452
traffic,424,14804,17300,0.8735445804057441,0.04849547763077,0.07516432,0.10946059,0.05410695,0.23873186
traffic,733,14484,14868,0.873543365269546,0.269065011674959,0.0506711,0.2676947,0.06807804,0.38644385
traffic,154,14868,16212,0.8735400290595586,0.2925780647139383,0.009336591,0.009829044,0.01978004,0.038945675
traffic,68,14484,16596,0.8735397208157735,0.2353231392466411,0.016654253,0.013060808,0.14175987,0.14535332
traffic,796,15764,16724,0.8735157650909665,-0.1367160898020546,0.07234597,0.11445308,0.21188831,0.025089264
traffic,256,15636,16596,0.8735073024564197,0.2448541758194922,0.13895464,0.071830034,0.22164011,0.010855436
traffic,720,15828,16788,0.8735036869203779,0.2763334233324038,0.042546988,0.15871239,0.022058249,0.22331762
traffic,409,15956,16340,0.8734350270337558,0.2357343420224557,0.54011226,0.9057429,0.6924045,0.75345063
traffic,698,14996,15956,0.8734062192241746,0.2852842355447548,1.6685576,1.187702,2.116016,0.7402437
traffic,140,15252,17172,0.8733878928658277,0.2168427137384062,0.43076468,0.27448392,0.49517393,0.21007466
traffic,546,14420,15956,0.8733794705029783,0.2666166544906318,0.25163984,0.19305038,0.18479455,0.25989568
traffic,603,14804,17300,0.87334849981489,0.2569645147392755,0.18126225,0.39907336,0.08448362,0.495852
traffic,534,14740,17364,0.8733215613081091,0.0224276877104606,0.66686416,0.98396194,1.5431272,0.10769892
traffic,395,14484,16596,0.873316273195317,0.2044715291688112,0.30891967,0.40058684,0.16687441,0.8763809
traffic,596,14868,15828,0.8732964922912549,0.2864303842152482,0.28053188,0.11574483,0.22489214,0.17138457
traffic,98,14740,16852,0.8732908077455929,0.2596032532788155,0.7566489,0.9849911,0.78570664,0.95593333
traffic,673,16212,17364,0.8732718243609358,0.0396491621669272,0.3873105,0.64038515,0.608963,0.41873264
traffic,330,14292,16980,0.8732641850537339,0.2335827866401266,0.12560797,0.31344247,0.13505816,0.32289267
traffic,727,15508,17044,0.8732631165116762,-0.0893258050586324,0.3051002,1.1949255,0.77061296,0.7294128
traffic,469,14612,14804,0.873257025102822,0.2970736310763492,0.49044847,0.09724593,0.13446927,0.45322514
traffic,254,16468,17428,0.8732331401152371,0.1928027659557187,0.29672682,0.3880918,0.45620978,0.22860885
traffic,817,14164,14740,0.8732127106108444,0.2970692122053934,0.6161699,0.97613025,0.9948851,0.5974151
traffic,231,15892,17236,0.8732093721703926,0.1724963359757211,0.046250105,0.38082874,0.1694696,0.16510904
traffic,230,15764,16340,0.8732054671709086,0.1348910635958461,0.27673447,0.30730605,0.3725921,0.21144843
traffic,116,14420,14804,0.8731563212249135,0.255968273139331,0.5105245,0.5734916,0.6284225,0.4555936
traffic,409,17108,17300,0.8731196954895721,0.2476720258283464,0.28771782,0.46403992,0.42932928,0.32242846
traffic,660,14100,15636,0.8730839933414132,0.2715645969904958,0.3650136,0.018759966,0.22359586,0.16017771
traffic,512,16020,16212,0.8730597864472883,0.1227204614728805,0.70523787,0.7729696,0.96345425,0.5147532
traffic,641,14676,15828,0.8730341466665191,0.0666974103910362,0.101462364,0.24997282,0.094727755,0.0537827
traffic,106,14676,15636,0.8730171703774574,-0.0849749733157555,0.19938993,0.93226814,0.8166454,0.3150127
traffic,205,14100,15828,0.8730010344463441,0.2838437636311064,0.54537416,0.6174679,0.5811646,0.58167744
traffic,193,15956,17108,0.872999756405249,0.2992246610894418,0.032553196,0.44231212,0.16301441,0.3118509
traffic,547,15508,16084,0.8729777753449004,0.274558418951233,1.2692652,1.0425897,1.526907,0.7849479
traffic,241,14036,16724,0.8729649941923572,0.0007149056319195,0.30545473,0.73905873,0.07202029,0.9724932
traffic,224,16340,17108,0.8729495344221759,0.1977525126081265,0.3487835,0.31551552,0.33157015,0.33272886
traffic,627,14612,17300,0.8729253166433681,0.2582650077911735,0.17529869,0.6832478,0.6593149,0.19923162
traffic,166,14292,14484,0.8729222615160781,0.2548013761926107,0.6143408,0.78471684,0.5392482,0.8598094
traffic,251,14100,16212,0.8729096428031523,-0.0534261040448907,0.30287695,0.86325824,0.78693485,0.37920034
traffic,12,15700,17044,0.8728887932970365,0.181984472891487,0.3340937,0.7328416,0.35514593,0.71178937
traffic,485,16340,17108,0.8728822772605227,0.2198194118309952,0.91846395,1.0294936,1.3094224,0.63853514
traffic,281,14676,16980,0.8728597594571311,0.1073450943771348,0.14184928,0.28600216,0.060539484,0.083613396
traffic,416,14740,16852,0.8728486286502601,0.2974294554570871,0.7050463,0.70630336,0.6135175,0.79783213
traffic,163,16084,17428,0.8728288157650955,0.2730857728645424,0.017234802,0.26579702,0.101178646,0.18185318
traffic,214,14292,16596,0.8727947887579135,0.2400907681121003,0.035232306,0.07132077,0.27109694,0.23500848
traffic,662,15316,16468,0.8727742443939288,0.2277201312966372,0.31265903,0.63600516,0.5380819,0.4105823
traffic,854,14484,16980,0.8727072540225062,0.2075525868229768,0.605829,0.1052959,0.30824614,0.19228697
traffic,168,14484,14676,0.8726573196561481,-0.0684889621063438,0.34917998,0.67644954,0.87812495,0.14750457
traffic,170,16148,17300,0.8725844837980944,0.2825248341536197,0.32695985,0.17226386,0.30885005,0.19037366
traffic,428,15316,17300,0.8725803456800981,0.1044505559605966,0.45329332,1.0721436,0.90720844,0.61822844
traffic,706,14804,17300,0.8725520242800406,0.1431414110087686,0.11601114,0.060722828,0.09282398,0.26955795
traffic,608,14612,14996,0.8725138909932657,0.0011006102289775,1.0518243,2.1540093,0.97393376,2.2319
traffic,508,15124,15508,0.8724821609965704,0.0803500576156041,0.19813561,0.2259686,0.22002554,0.20407867
traffic,233,16404,16980,0.8724578171455325,0.0454405770922157,0.6861174,0.17155743,0.4263916,0.43128324
traffic,621,15252,16212,0.8724432734250299,0.280241907255606,0.09667027,0.39597857,0.5164057,0.023756862
traffic,370,14996,16340,0.8723717550726245,0.27625022015807,0.09446025,0.27429175,0.28989887,0.07885313
traffic,777,15316,17236,0.8723707857609138,-0.0858371189278774,0.48838353,0.8842238,0.87916875,0.4934386
traffic,247,14356,17044,0.8723677438555714,0.1458360994724733,0.13647914,0.4760356,0.07604146,0.263515
traffic,139,15956,16340,0.8723646191472154,0.2413106786556396,0.7293676,1.5584719,1.027768,1.2600715
traffic,452,14676,15444,0.8722969451810693,-0.0607243934782023,0.23037863,1.0041579,0.97605014,0.2584864
traffic,70,14292,16788,0.8722680933093553,0.2778417309042142,0.047222137,0.25573683,0.18319154,0.4861505
traffic,455,14996,15956,0.8722601436723268,0.045315680560798,1.9295931,1.0757085,2.0329857,0.9723159
traffic,270,15636,16788,0.8722367237341035,0.1729544176556709,0.27570558,0.4394672,0.038544893,0.6766279
traffic,836,15124,16276,0.8722078927993959,0.1137124320701728,0.24694943,0.045463204,0.10755539,0.09393084
traffic,37,14292,16596,0.872191455623745,0.1752562476256483,0.044365168,0.2453978,0.20703483,0.4967978
traffic,694,14740,17364,0.8721675024916161,0.1349913010904947,0.02106142,0.10334873,0.91790915,0.793499
traffic,490,15828,16788,0.872167021495615,0.1032853079785869,0.8956301,0.61384547,0.7285533,0.7809223
traffic,447,15828,16596,0.8720908091197095,0.2399365006216847,1.2559662,1.0137291,0.9534972,1.3161981
traffic,149,14356,14740,0.8720700353363819,0.2707065046667889,0.24239087,0.35943997,0.34111452,0.26071632
traffic,794,14996,16340,0.8720447773417379,0.0725968844732367,0.018321037,0.39965677,0.18296885,0.23500896
traffic,487,16276,16660,0.872039868752652,0.1272915433029779,0.7557479,0.8730725,0.78780365,0.84101677
traffic,831,15764,17300,0.8720346800388772,0.2354652357068909,0.15142679,0.07108426,0.24625373,0.023742676
traffic,354,14228,16724,0.8720180163595035,0.1152175559798568,1.7657255,0.87591535,1.3486016,1.2930393
traffic,488,16468,16660,0.8720178694688766,0.2642818751506098,0.38123798,0.40220714,0.49422908,0.28921604
traffic,444,14484,16596,0.8720107915719302,0.2806516755689446,0.5187206,0.22605252,0.035773754,0.7805469
traffic,250,14868,16788,0.8720015556045124,0.2784206972207648,0.1056422,0.43189275,0.27131844,0.26621652
traffic,625,14804,15572,0.8719730653651524,0.2130749817985765,0.21134496,0.13568997,0.066708565,0.28032637
traffic,121,14228,16724,0.8719589018325622,0.2716924549036207,0.36517847,0.4934119,0.026600838,0.8319895
traffic,55,14164,17236,0.8719221650662724,0.1792776967015638,0.10840106,0.93435633,0.54439414,0.49836326
traffic,238,14036,16340,0.871902776591673,0.2605470792536018,0.6129217,0.6553135,0.7263496,0.5418856
traffic,54,15828,17172,0.8719003167654514,-0.2910835544050951,0.4901569,0.17198467,0.18523502,0.1329372
traffic,145,15764,16724,0.871896738853397,0.2692723895844127,0.034119844,0.5518272,0.32752347,0.19018388
traffic,136,15252,17172,0.8718373420223595,0.2699854957823343,0.43853188,0.43732858,0.44069815,0.4351623
traffic,636,14228,17108,0.8718084448946939,0.2567895323845932,0.21937919,0.07383704,0.16068959,0.015147448
traffic,735,14036,16340,0.8717639013792328,0.2843923116850386,0.43060517,0.40309024,0.53263235,0.30106306
traffic,701,14740,17044,0.8717495461893661,0.230990311440537,0.30758226,0.22939765,0.50366724,0.03331268
traffic,163,15508,16660,0.8717384228158789,0.2504093784485413,0.38663697,0.34140253,0.4872973,0.2407422
traffic,641,14932,17044,0.8717310992261867,0.2967745932176566,0.45543432,0.24590862,0.32740545,0.3739375
traffic,644,16148,16340,0.8716958579178856,0.2822447510921175,0.53808165,0.5366373,0.5199106,0.5548084
traffic,359,14420,16340,0.8716699357347845,0.2165506169434014,0.85176456,1.8827156,1.2939575,1.4405227
traffic,387,14292,14676,0.8716524705711927,-0.2004758809371607,0.3402202,1.4772072,1.4959118,0.32151556
traffic,277,14676,15444,0.871647732268664,0.1099854091974458,0.973109,1.1387007,1.5403928,0.57141703
traffic,29,16340,17108,0.8716451536837841,0.2451858047857057,1.4145212,1.194372,1.7797192,0.82917404
traffic,701,16020,16212,0.8716302130819548,0.0690364659682038,0.95057344,0.6238563,0.8969989,0.67743087
traffic,9,14164,17428,0.87161072145989,0.1881823579954491,0.10965586,0.2757759,0.03243208,0.19855213
traffic,505,15828,17364,0.8716044466572985,0.181844593416103,0.4275639,1.1742396,0.95152235,0.6502812
traffic,74,15892,17364,0.8715691788280575,0.1947050057268587,0.7158227,1.646738,1.5874252,0.7751355
traffic,426,14676,16980,0.8715689532025891,0.1860880035266826,0.36127925,0.03423834,0.2622385,0.06480241
traffic,158,14292,16788,0.871553205913043,0.1163774406501601,0.0793736,0.30483222,0.27658653,0.66079235
traffic,415,15508,17236,0.871533737418211,0.2565405627179946,0.28334808,0.73419654,0.66149485,0.35604978
traffic,145,16020,16404,0.8714866890413577,0.1983521802175186,0.6848991,0.65129924,0.60344124,0.7327571
traffic,295,14996,16148,0.8714753162590844,-0.0736481417732494,0.08337569,0.21331549,0.016391754,0.28029943
traffic,370,15316,16276,0.8714307539221059,-0.1083710846862359,0.0024700165,0.45852137,0.33175778,0.124293566
traffic,503,15508,17044,0.8714302138045839,-0.0698680759436188,0.8215108,1.3724319,1.3754199,0.8185228
traffic,640,14804,16148,0.8714087935074162,0.2107936611223212,0.07320213,0.11217594,0.06586552,0.11951256
traffic,415,16212,16596,0.8713834576599825,0.1068486977458297,0.072329044,0.060570955,0.15358877,0.020688772
traffic,477,14548,15892,0.8713535467181118,0.271414958059669,0.274037,0.06142521,0.21853566,0.11692655
traffic,197,16148,16916,0.8713381818641334,0.2939241021950888,0.30665183,0.31498456,0.17827082,0.44336557
traffic,225,15316,16468,0.871328911277008,0.0878287026374771,0.67153835,0.9786906,1.0621586,0.5880704
traffic,733,16980,17364,0.8713191574021192,0.2090297155347871,0.032072544,0.14261532,0.25468016,0.14413738
traffic,610,16212,16596,0.8712880591873853,0.2365716562767562,0.16890538,0.25277662,0.34657013,0.075111866
traffic,732,15956,17300,0.8712789650330445,0.22698225899836,0.37950587,0.06657457,0.321491,0.008559704
traffic,76,14612,14996,0.8712624847376987,0.2372894256072359,1.0174329,1.77971,0.9264703,1.8706727
traffic,409,14484,17172,0.8712225145821942,0.1835062704790661,0.09172869,0.15040445,0.044465303,0.014210463
traffic,60,14612,15572,0.8712180105670937,0.2782711399313947,0.06003952,0.033612728,0.026296496,0.00013029575
traffic,796,14868,16212,0.8712158333807272,0.1529320113614047,0.0065145493,0.096889496,0.084106445,0.0192976
traffic,670,14676,16596,0.8712010824697966,0.2682805149106259,0.1791172,0.27279186,0.052749157,0.3991599
traffic,468,14804,17108,0.871193232673406,0.2869969351699862,0.22919035,0.65901875,0.3611908,0.5270183
traffic,327,14804,17300,0.8711748044679415,0.1207729813532518,0.2914865,0.60383415,0.44259977,0.45272088
traffic,466,14676,17364,0.8711652671162158,0.0801883916569414,0.3446343,0.26863623,0.4072399,0.2060306
traffic,204,14484,16788,0.8711578343392831,0.2627065440259388,0.6242876,0.4157586,0.4270196,0.6130266
traffic,155,15508,15892,0.8710902312700559,0.2776420328615523,0.27421117,0.4617684,0.27599692,0.45998263
traffic,801,14228,15764,0.8710757193928749,0.0749878800572447,0.011616588,0.012330651,0.0019612312,0.02590847
traffic,756,15508,17428,0.8710407114283086,0.2923741284009095,0.21744728,0.7197845,0.64014435,0.29708743
traffic,607,15316,16468,0.871013074019404,0.1509389409500247,0.4200008,0.3715477,0.4064715,0.385077
traffic,632,14932,17172,0.8709885064748335,0.2225118704476404,0.42958593,1.1171188,1.1130679,0.4336369
traffic,453,15700,17044,0.8709396099870205,0.268327081233979,0.04351592,0.1981709,0.018850327,0.13580465
traffic,843,14292,14676,0.8709311923537459,-0.0058162425239142,0.113419294,0.2580366,0.04304719,0.18766451
traffic,688,16660,17044,0.8709289753161359,0.2117221617549771,1.5304754,1.0076439,1.5707321,0.9673872
traffic,718,16660,16852,0.8709156027701469,0.25459431951305,0.1937952,0.31712008,0.28199577,0.2289195
traffic,147,14292,14676,0.8708932141409179,0.2529127964018892,0.100960255,0.49798632,0.11926007,0.4796865
traffic,648,14804,16916,0.8708742503396405,0.2977361863885959,0.011918783,0.18786907,0.099060535,0.27501082
traffic,327,16212,16596,0.8708670916299439,0.1384083609455259,0.04058051,0.05804515,0.056381226,0.07384586
traffic,171,14484,17172,0.8708668643328041,0.0539338284901819,0.3461783,0.104803085,0.43154502,0.01943636
traffic,659,14100,14676,0.8708289480468606,0.2309632432717056,0.24316883,0.4547131,0.5861156,0.11176634
traffic,52,14612,17108,0.870821352985672,0.2288720973059423,0.06093073,0.6673545,0.39562356,0.3326617
traffic,762,15828,16020,0.8707968652397532,0.0764364666371421,0.10340738,0.1756692,0.28004003,0.20777822
traffic,848,14996,16148,0.8707583215672774,0.1890133689832959,0.46061707,0.6269102,0.69978833,0.38773894
traffic,477,14100,16788,0.8707147196590354,-0.0349856617947744,0.35423493,0.016750336,0.40291858,0.031933308
traffic,569,15444,16788,0.870683658376712,0.2810845775614724,0.31512344,0.15334713,0.48505163,0.016581059
traffic,442,14740,17364,0.8706622321950859,-0.0417525134594457,0.7574854,1.5297885,1.6646266,0.6226473
traffic,439,15892,17364,0.8706548104264058,0.0817423067413242,0.52492154,0.2991631,1.0657781,0.2416935
traffic,676,15252,16404,0.8706396567768949,0.2984043120164206,0.2145276,0.31270587,0.31538045,0.21185303
traffic,325,14932,16468,0.8706196148653723,0.2526997583733421,0.32275617,0.07518315,0.12912834,0.11844468
traffic,473,14804,16724,0.8704975286309992,0.2886878133144725,0.0017402172,0.22902262,0.063587904,0.2908703
traffic,25,15124,17236,0.8704774921941885,0.2924021358143683,0.3513999,0.12744439,0.041098475,0.4377458
traffic,601,14164,14932,0.8704768523748295,0.2250901034364184,0.32104135,1.071127,0.9607619,0.4314065
traffic,480,15316,17428,0.8704545461010332,0.1872486827421042,1.3942773,1.4717076,2.1909735,0.6750114
traffic,651,14676,15636,0.8704437328521696,0.2636230603489169,0.33160233,0.3801329,0.101118565,0.052587986
traffic,568,14676,16980,0.8704138370082701,0.064680025937017,0.6827636,0.015250683,0.6136751,0.053837776
traffic,657,14932,17236,0.8703923401648452,0.0620120619269528,0.22469354,0.6180538,0.384063,0.45868433
traffic,697,15572,16660,0.8703702920607533,-0.195036206369133,0.69110024,1.1494137,1.5658331,0.27468085
traffic,671,14484,15060,0.8703454004257107,0.284433760830894,0.7660527,0.5686196,0.6420021,0.6926702
traffic,834,15508,16852,0.8702803487277717,0.2643158712270426,0.010769844,0.005856514,0.1660304,0.16111708
traffic,561,14036,16340,0.8702771023091483,0.2330296741928899,0.62977874,0.67952204,0.79954207,0.5097587
traffic,106,14356,17236,0.8702403531975239,0.1354196827712747,0.07417822,0.5848248,0.34239507,0.31660795
traffic,674,14100,16404,0.8701727509474899,0.1936884654270932,0.20740986,0.2748505,0.09866452,0.38359582
traffic,310,14036,16340,0.870136830577307,0.0586214137910491,0.617573,1.0042548,1.0134954,0.6083324
traffic,202,16404,17172,0.8701352135543241,0.1453926155952939,0.41915894,0.04146695,0.081748486,0.3788774
traffic,492,16916,17300,0.8701340171871096,0.0369745264518189,0.4388777,0.42981863,0.33287203,0.5358243
traffic,450,15508,17236,0.8701044050471338,0.2564516380589544,0.3511896,0.6618227,0.6299162,0.3830961
traffic,142,15508,17236,0.8700909350130303,0.1355839173454582,0.82317495,0.65425444,0.7386663,0.7387631
traffic,1,15892,17364,0.8700785042561857,0.007365204455739,0.6083851,1.3128016,1.758935,0.16225171
traffic,357,16468,16660,0.870039365741881,0.1897878084224929,0.2773521,0.3817575,0.512228,0.14688158
traffic,426,15124,15316,0.870009993731582,0.2286076005147443,0.07642412,0.43393326,0.49686766,0.13935852
traffic,400,14484,17364,0.870008403891394,-0.1268032825541902,0.6189532,0.67933726,0.9637425,0.334548
traffic,82,16724,17300,0.8700053528274919,0.290431030450034,0.42526066,0.4678105,0.37989688,0.5131743
traffic,669,15572,17300,0.8700041738848242,0.2675585292404003,0.3037498,0.12597394,0.37724328,0.05248046
traffic,708,14804,17300,0.8699883207903627,0.130526249983571,0.029468775,0.039867163,0.114402294,0.12480068
traffic,589,14036,16532,0.8699804556687311,0.2360379672584786,0.706359,0.28828907,0.7452928,0.24935532
traffic,286,14612,17300,0.8699589741325615,0.1847598822157473,0.40922523,0.18442798,0.14357305,0.0812242
traffic,305,14804,16148,0.8699392579457753,0.2301670972171847,0.16233134,0.16552544,0.38398218,0.056125402
traffic,88,14164,15508,0.8699226001650763,0.2211347952265202,0.032943726,0.062758684,0.10659647,0.01089406
traffic,179,15252,17172,0.8699003524095205,0.2765964431522222,0.3706503,0.26667953,0.34344244,0.29388738
traffic,733,16660,17044,0.8698931154900511,0.2783973956625644,0.107266665,0.49761903,0.33637,0.2685157
traffic,381,14420,16340,0.8698852434417453,0.272940441214984,0.658162,1.0033554,0.9122827,0.7492347
traffic,460,16084,16852,0.869834239065069,0.258375192047536,0.48668408,0.54098153,0.80411077,0.22355485
traffic,673,16660,17236,0.8698318133807796,0.2694138516280419,1.1317167,1.0607811,1.5517185,0.6407794
traffic,547,16020,16212,0.8698310988931918,0.2244186163125476,0.75092053,0.85082054,1.1477296,0.45401144
traffic,623,14932,16276,0.8697824784651257,0.2301850761267704,0.012757897,0.47997636,0.057795286,0.43493897
traffic,801,14484,16980,0.8697745397283738,0.2047768926846531,0.17006516,0.32185674,0.057491064,0.54941297
traffic,466,14804,17300,0.8697444192873844,0.2124567311852751,0.14292336,0.105900526,0.026910305,0.2757342
traffic,619,15316,16084,0.8697271791154221,0.1395921704221528,0.8257115,0.72035134,0.7900317,0.75603116
traffic,397,14100,16788,0.8697202079605304,0.2489726804296083,0.29351294,0.056793094,0.42062092,0.070314884
traffic,213,14164,17236,0.869699105479616,0.2464202603096041,0.56023455,1.1564211,1.0790527,0.6376029
traffic,691,15124,15892,0.8696821526236902,0.2594445993702252,0.024249792,0.12983906,0.07322264,0.032366633
traffic,360,15252,15828,0.869679711040671,0.1936565187599445,0.5176512,0.665498,0.63048995,0.5526593
traffic,24,15956,16340,0.8696572934178248,0.2365799718184939,0.7070596,1.6424124,1.0442369,1.3052351
traffic,718,15124,15316,0.8696375413989736,0.1111101663394117,0.03900981,0.08996701,0.22416973,0.09519291
traffic,772,14164,17044,0.8696363255048426,0.2650832274873727,0.25243187,0.6991261,0.55414987,0.39740813
traffic,786,15636,16404,0.8696332739070304,0.2454935185698198,0.20494044,0.33636177,0.23017752,0.7714797
traffic,48,16148,17108,0.8696267818283899,0.1928556576817406,0.86623,0.6179386,0.7344861,0.7496825
traffic,227,14100,16788,0.8696023690379795,0.1900205557701027,0.35827863,0.4326719,0.7281952,0.06275535
traffic,429,14420,16340,0.8695693873979786,0.2703696391706592,0.6573454,0.9256767,0.88892245,0.69409966
traffic,325,15124,17236,0.8695606390359019,0.1320691932749899,0.017945528,0.6247598,0.36539125,0.24142301
traffic,56,15124,16468,0.869555932350523,0.2934796158529537,0.50557303,0.6705141,0.72526693,0.4508202
traffic,583,14292,14676,0.8695381535267818,0.2558378024301191,0.0021219254,0.012382746,0.20862293,0.2231276
traffic,558,16980,17364,0.8695322413493013,0.285913599355899,0.11885977,0.19617677,0.46852922,0.15349269
traffic,565,14292,14484,0.8694927972093567,0.1648845165155956,0.4883151,0.42075634,0.34954715,0.5595243
traffic,573,15124,16276,0.8694815073009761,-0.1560313710106098,0.4192345,0.6738223,0.52835894,0.56469786
traffic,401,14676,17364,0.8694099595533908,0.1792656263335003,0.39833045,0.48945212,0.5509918,0.3367908
traffic,460,15444,16788,0.869397932818474,-0.0093827237264721,0.36682606,0.10089183,0.43728757,0.030430317
traffic,772,16980,17364,0.8693845437673545,0.2691632245626184,0.67923,0.74909115,0.9207394,0.5075817
traffic,295,14164,16660,0.8693592206276817,0.0418739389367882,0.30385113,0.08133459,0.09993982,0.12257671
traffic,574,16468,16660,0.8693447808021659,0.292564528475661,0.43120766,0.7237928,0.6870847,0.46791577
traffic,125,14292,14676,0.8693438052542073,0.246037518965724,0.14263415,0.30186272,0.46814084,0.02364397
traffic,748,15252,15636,0.8693324503011798,0.0064813789176965,0.20066285,0.11214852,0.18683362,0.12597775
traffic,781,14740,16276,0.8693195881144109,0.2893439210785213,0.18630087,0.19718397,0.0887053,0.29477954
traffic,596,14612,16340,0.8693161073572323,0.2588820606698305,0.28912783,0.33014846,0.36320138,0.2560749
traffic,29,14484,15828,0.8692741274194119,0.2279985968034029,0.4355278,1.4132545,1.0036399,0.84514236
traffic,369,15572,17108,0.8692627570070103,0.1627751967504307,0.18860757,0.18291503,0.007433772,0.013126314
traffic,238,14420,16532,0.8692455013618343,0.2725787074731712,0.54666686,0.5418874,0.77655804,0.31199622
traffic,591,15956,17300,0.8692401821485364,0.2494099609167485,0.266106,0.17957282,0.40863,0.037048817
traffic,177,14036,16532,0.8692237642932276,0.0884944633215591,0.36054802,0.529433,0.16805744,0.33694243
traffic,310,14676,16404,0.8692121539610023,0.2295278303055897,0.6558615,0.7213522,0.48533368,0.89188004
traffic,195,16084,17364,0.8691383209293456,-0.1099217953862621,0.9451804,0.90726376,1.5876997,0.26474452
traffic,138,15956,17108,0.8691124016268146,0.2523341969829148,0.36872315,0.49839437,0.46117294,0.4059446
traffic,79,14612,15380,0.8691107922884838,0.2401165803136525,0.3792231,0.31189477,0.23099267,0.4601252
traffic,396,14036,17108,0.8690728576258534,0.255249207792891,0.028456211,0.6959932,0.447868,0.2765814
traffic,520,16724,17108,0.869070669007346,0.224747684868813,0.2595415,0.274413,0.19616163,0.33779287
traffic,814,14036,17108,0.8690572102878121,0.2652770674119407,0.3942212,0.3915456,0.0063613057,0.0036857128
traffic,214,14484,15060,0.8690434760921194,0.2813886255114617,0.17583227,0.38497543,0.25760436,0.30320334
traffic,560,16660,17428,0.8689319999526824,0.2493079408490255,1.0371248,1.0665513,1.3981342,0.70554185
traffic,496,15444,15828,0.8689245445492851,0.2698253493952219,0.30979705,0.051455498,0.21187282,0.14937973
traffic,406,14484,14676,0.8689019317373446,-0.060496460443225,0.08856177,0.46713805,0.53657174,0.15799546
traffic,65,15060,15828,0.8688461889126645,-0.0690837433318752,0.8137677,0.4106195,0.45286036,0.7715268
traffic,293,15828,16212,0.8688440030614512,0.2969790367862837,0.14028668,0.22503304,0.020211458,0.34510827
traffic,753,16020,17364,0.8688184840819361,0.1164650536166749,0.19185948,0.017246008,0.09932375,0.075289726
traffic,23,15828,17364,0.8688098910537627,0.0618964392400293,0.23840666,0.19252181,0.46953082,0.038602352
traffic,27,14100,14868,0.868786850824089,0.280216387668424,0.12602687,0.08660555,0.13689351,0.09747219
traffic,675,14036,16340,0.8687851667625995,0.2867391942516571,0.54529285,1.036577,0.80238295,0.7794869
traffic,406,14612,16148,0.86874429031286,0.2398326142066935,0.01066494,0.111543894,0.091961384,0.03024745
traffic,519,15508,16852,0.8687417785942753,0.1997573722908763,0.0678947,0.09794235,0.04715538,0.21299243
traffic,53,14164,16852,0.8687175574494904,0.0152119948332025,0.41833282,0.5649128,0.6847515,0.2984941
traffic,131,14484,16980,0.8686372545306996,0.2721485606270147,0.564893,0.61276007,0.5985844,0.57906866
traffic,97,14804,14996,0.8686125393904304,0.1636814933686181,0.891984,1.2140107,0.69194794,1.4140468
traffic,758,14996,15956,0.8685967088678141,0.248361648786156,1.0305052,0.8416915,1.1650202,0.70717645
traffic,135,14420,14996,0.8685916634536242,0.1069543881062194,0.35742867,0.8181591,0.70467865,0.47090912
traffic,334,14868,15636,0.8684918923384943,0.2774292939963369,0.23776793,0.14249027,0.04263842,0.13791609
traffic,82,16020,17364,0.8684806967728701,0.2272893989783023,0.31382728,0.12482858,0.16831207,0.27034378
traffic,325,14804,16724,0.8684465755891584,0.2592157668499681,0.09995794,0.3290975,0.07496619,0.30410576
traffic,821,14292,16212,0.8684228019906314,0.273691694572876,0.11367583,0.066984534,0.08344078,0.26410115
traffic,135,14612,17108,0.868416041962577,0.1291444496475807,0.023310065,0.06884587,0.13249516,0.17803097
traffic,389,15892,17364,0.8684009884891045,0.1496807382529228,0.60523236,1.702897,1.8416798,0.4664495
traffic,311,14996,15380,0.8683855632313217,0.27384086561168,1.0505316,1.1772057,1.6681769,0.5595604
traffic,809,15124,16468,0.8683617455027831,0.2089747332609305,0.29419136,0.22568345,0.10866523,0.41120958
traffic,31,15316,16468,0.868357770099439,0.1405218674381717,0.26615715,0.7666664,0.67915916,0.3536644
traffic,82,16660,16852,0.8682950571134156,0.2781035406834011,0.31073523,0.32731962,0.26408815,0.3739667
traffic,850,15828,16596,0.8682764615150431,0.2810015080763047,0.5989399,1.0881187,0.942014,0.7450446
traffic,540,14100,16788,0.8682692455432274,-0.0848387593955083,0.15004992,0.08827925,0.18694687,0.12517619
traffic,116,14484,16596,0.8682551820800998,0.1186025298711513,0.62110066,0.56109476,0.24400043,0.938195
traffic,100,14036,16340,0.8682399397424239,0.2639720521355869,0.57319784,1.1693358,0.99307156,0.7494621
traffic,72,15188,16340,0.8682334853548671,0.294230778747346,0.11434126,0.013565302,0.059007645,0.068898916
traffic,641,14292,16404,0.8682228043609137,0.2664561873460922,0.30138695,0.052021742,0.24798286,0.49734807
traffic,586,14932,17044,0.8682133172163514,0.265317281617025,0.26844716,0.30722666,0.15748739,0.19626689
traffic,660,16084,17364,0.8681986931443446,0.0186165412127709,0.86520195,1.6113242,1.7371453,0.73938084
traffic,785,16980,17364,0.8681949257263866,0.2628709721629275,0.6060386,0.7437818,1.0143723,0.33544803
traffic,77,14164,17236,0.8681771321313619,0.1444795871338955,0.5900271,1.1034104,1.2260118,0.4674257
traffic,732,15636,16980,0.8681492222366464,0.1074130585456033,0.43628633,0.2613653,0.6215248,0.076126814
traffic,640,14932,17236,0.8681445078483084,0.1432862354552104,0.26630777,0.31304955,0.4473489,0.13200843
traffic,169,14676,16596,0.8681358695951263,0.2446804630762734,0.16822505,0.3623464,0.12304783,0.40752363
traffic,718,14164,14356,0.8680813289373539,0.1372790645980967,0.037650824,0.021605968,0.01236558,0.07162237
traffic,597,15316,17428,0.8680700314916822,0.2121615322533864,0.73070836,1.1555293,1.1886896,0.69754803
traffic,235,15252,15636,0.867997276449219,0.1701784980030903,0.05198574,0.25741243,0.16618729,0.039239407
traffic,308,16084,17364,0.8679248704400732,-0.1075777253149361,0.7918812,0.8216944,1.5743629,0.039212704
traffic,156,14996,15572,0.8679221722633644,0.2295767659687494,1.2246785,1.2022451,1.6853583,0.74156535
traffic,63,14292,16404,0.867868268931618,0.2254275787951042,0.022433281,0.10990703,0.3295176,0.41699135
traffic,564,16340,17300,0.8678156359854143,0.2838638888426853,1.3423998,1.0673995,1.5539377,0.85586166
traffic,572,14996,16148,0.8677993093301352,0.18077821992058,0.31687522,0.44219494,0.45156932,0.30750084
traffic,391,14484,16980,0.8677531609993012,0.0639299650687721,0.34696507,0.047107697,0.5453739,0.15130115
traffic,491,15124,16276,0.867730775612998,-0.0096859446372847,0.085586786,0.2035203,0.18605256,0.10305452
traffic,642,15636,16596,0.8677267090047124,0.2255087531172715,0.8231765,1.554769,1.2698914,1.1080542
traffic,164,16276,17428,0.867726507589728,0.268670658293645,0.18028247,0.24703598,0.32412648,0.10319197
traffic,706,15060,15636,0.8677240065182881,0.2262550489804404,0.38717782,0.54371834,0.49666035,0.4342358
traffic,704,14420,16340,0.8677173427157243,0.2528944988100538,0.7543235,1.4922957,1.0965729,1.1500463
traffic,628,16468,17428,0.8677108989780841,0.1816367820935761,0.024383664,0.15273726,0.13258445,0.04453647
traffic,337,14164,16276,0.8677051767419084,0.2944335756352512,0.36614418,0.7182542,0.69787264,0.38652575
traffic,168,15124,15316,0.8676484129516709,-0.3469483134654876,0.11888027,0.17075443,0.21349621,0.16162205
traffic,818,16532,16724,0.8676447709609457,0.0868124237834966,0.24830067,0.25345576,0.21381307,0.28794336
traffic,107,14164,16852,0.8675990727727484,-0.0356153148084048,0.03324771,0.2007978,0.04677248,0.18727303
traffic,271,16276,17236,0.8675782920834076,0.2586178728955696,0.1856687,0.0035927296,0.113085985,0.30234742
traffic,225,15636,16788,0.8675714834058126,0.164124838696772,0.56014264,0.5543984,0.18181348,0.9327276
traffic,652,15316,16468,0.8675346343398769,0.0042328212093315,0.2953391,0.43769622,0.45142865,0.28160667
traffic,138,16276,16660,0.8674516093867203,0.1137161090682583,0.7026305,0.95051265,0.75366616,0.899477
traffic,416,14228,14996,0.8673623015676186,0.2832219078432941,0.8875003,1.1974964,0.89696,1.1880367
traffic,680,15124,15316,0.867354448677479,0.1894430134888154,0.43609774,0.9963074,0.89652336,0.53588176
traffic,234,15060,16404,0.8672742146662078,0.2852280072686952,0.1851865,0.08700824,0.09177506,0.006403208
traffic,27,15508,17236,0.8672340233524342,0.1296197273515525,0.28901458,0.42778516,0.37516427,0.34163547
traffic,332,14164,16852,0.8672314402333497,-0.0613366201264535,0.26071072,0.3811841,0.21135402,0.4305408
traffic,397,14676,17364,0.8671929442734162,0.1630423041419773,0.49993277,0.027927637,0.45570612,0.07215428
traffic,631,14740,15892,0.8670923202535396,0.210791381249853,0.2529633,0.5922042,0.564585,0.28058255
traffic,174,14100,15828,0.86708734370648,0.2644999368674134,0.6405221,0.4110961,0.45975864,0.5918596
traffic,50,15060,16788,0.8670798396324461,0.1542094356930423,0.4239204,0.25691533,0.41530323,0.2655325
traffic,176,16340,17300,0.8670590821979794,0.2841977197536516,0.019951224,0.0063818693,0.013322234,0.0130108595
traffic,564,16404,17364,0.8670395882043207,0.1487885972043301,0.95334697,0.6098068,0.54082537,1.0223284
traffic,456,14676,14740,0.867039527756196,-0.1509409319102858,0.12686014,1.6061574,1.1906497,0.5423678
traffic,390,16660,17428,0.8670201366650337,0.162025629320882,0.97657275,0.8291185,0.8711405,0.93455076
traffic,421,15764,16724,0.867004870535837,0.1722298426875055,0.12558544,0.102710724,0.09238291,0.069508195
traffic,642,14932,17044,0.8669932368348855,0.2440406326164332,0.8555546,0.15339923,0.5776429,0.4313109
traffic,193,14292,14868,0.866982053198734,0.1396523198736687,0.4710083,0.8700974,1.0514586,0.2896471
traffic,638,14228,14996,0.8669456999445205,0.1645697144895767,0.779876,1.3629386,0.8482888,1.2945259
traffic,750,16404,17172,0.8669323052652012,0.211388459170586,0.55713284,0.051081657,0.30211794,0.30609655
traffic,379,15828,16980,0.8669313891555316,0.0752790527543177,0.7695265,1.3203723,1.1783977,0.91150117
traffic,194,16724,17300,0.8669264998693428,0.2487310701661982,0.09573126,0.17359841,0.21504438,0.054285288
traffic,666,14612,16532,0.8668760884362496,0.253494606746691,0.4059906,0.36784732,0.6144599,0.15937805
traffic,696,14356,17044,0.8668752954295278,-0.0018910404128473,0.41627145,0.61706376,0.053508043,0.25430036
traffic,287,16148,16724,0.8668558129962045,0.1422591057938821,0.732023,0.8767866,1.0057964,0.60301316
traffic,810,14484,17172,0.866840716610948,0.2172569233899611,0.1813271,0.020635605,0.43907332,0.23711061
traffic,368,15316,16468,0.8668164921054763,0.0515296637903675,0.5251832,0.47472,0.5484741,0.45142913
traffic,368,14420,17300,0.8668117203072908,0.2669328696190602,0.30118132,0.39920855,0.41340756,0.2869823
traffic,751,14932,16852,0.8668097517611539,0.2968280179730689,0.15348148,0.1341852,0.1479634,0.12866712
traffic,804,15252,16788,0.8667614568984292,0.2543554680162259,0.32523727,0.36872756,0.5703286,0.123636246
traffic,762,14804,16916,0.8667312043462998,0.2102045067041859,0.40582144,0.266124,0.24865746,0.423288
traffic,641,16340,17108,0.866721024152366,0.2043716729334238,0.3560574,0.4192829,0.42790818,0.34743214
traffic,392,16660,17236,0.8667146512089604,0.1862369283084848,0.49998307,0.8991227,0.86627364,0.53283215
traffic,807,15060,15252,0.8666529822464238,0.0479992444891332,0.21227717,0.60904384,0.32963538,0.49168563
traffic,372,15636,16980,0.8666403423894384,0.2787508898746764,0.1560775,0.0024374723,0.25043225,0.09191728
traffic,465,15508,15892,0.8666373324942909,-0.0070560518130472,0.44255185,0.9308264,0.9601402,0.41323805
traffic,836,14292,16596,0.8666330652617725,-0.098997884587694,0.019445658,0.26663184,0.53361297,0.78079915
traffic,327,15700,16276,0.8666129552070755,0.2536605606806483,0.24005437,0.0351696,0.042859077,0.16202569
traffic,682,14356,17236,0.8665499255076696,0.266717468130993,0.24514139,0.5604317,0.41623533,0.38933778
traffic,87,16468,16660,0.8665464784881058,0.2841283140206693,0.028448105,0.5303166,0.47588897,0.08287573
traffic,812,14484,15636,0.8665394745488842,0.2308058118113355,0.2300303,0.47656298,0.44219494,0.26439834
traffic,562,15828,16596,0.8665368241533606,0.2857777508563586,0.61991906,0.54778576,0.47194624,0.6957586
traffic,477,14036,14420,0.8665089553392974,0.2654770400058579,0.041844368,0.2644379,0.15170991,0.15457237
traffic,491,14740,14932,0.8664956695936077,0.2440962959009595,0.04207945,0.0682472,0.08095133,0.029375315
traffic,758,15508,16084,0.8664694726307106,0.2817100720467855,0.6966193,0.8009149,0.9478872,0.549647
traffic,293,14164,14356,0.8664646719793963,0.258893837609072,0.15895987,0.13223863,0.12678051,0.16441798
traffic,177,15316,16276,0.8664639095374619,0.1131954422829296,0.9080205,0.81648767,1.027296,0.6972122
traffic,345,14932,15508,0.8664558027763298,0.1950158847224383,0.20692182,0.3560238,0.4346397,0.12830591
traffic,310,14420,14996,0.8664469295351349,0.2835804831230187,0.4979874,0.9539015,0.821777,0.63011193
traffic,513,14484,16596,0.8664442083070052,0.1723807002092469,0.41929495,0.4234817,0.06759167,0.775185
traffic,316,16660,17428,0.8664288183825509,0.1432284853052004,0.64684916,1.1405219,1.3224669,0.4649042
traffic,499,14484,16212,0.8663967107352403,0.2827692025197734,0.29504228,0.3509251,0.18990016,0.4560672
traffic,432,16020,16404,0.8663862632011052,0.1898822552161012,0.35625935,0.6401222,0.44683504,0.5495465
traffic,754,14036,16340,0.8663636248243091,0.270539819315317,0.7677176,2.112756,1.2637396,1.616734
traffic,798,14804,17108,0.8663386140809368,-0.0963916777360745,0.6083877,0.97643965,0.50322413,1.0816033
traffic,775,14164,15508,0.8663315861504922,0.2183132847426352,0.23530173,0.0400939,0.096343756,0.17905188
traffic,182,15828,17364,0.8663180360835739,0.2682596637665497,1.039357,0.49613333,0.550416,0.9850743
traffic,332,16084,17364,0.8662736470669126,0.1698754021715265,0.77563536,1.9741062,1.6656504,1.0840912
traffic,751,14228,16340,0.866272525780468,0.2265252263086918,0.33366978,0.0030654669,0.19349861,0.1371057
traffic,118,16852,17428,0.8662433487662823,0.2451899902000252,0.18408108,0.45131195,0.48634267,0.14905035
traffic,446,14996,16724,0.8661937986884135,0.2335440604647109,0.61853313,0.70471406,0.7928903,0.5303569
traffic,451,14484,17364,0.8661763481082313,0.2228162668089144,0.0695827,0.2493844,0.5387664,0.21979928
traffic,280,15252,16980,0.8661662713056455,0.2673361455546247,0.41263545,0.2813685,0.35496843,0.3390355
traffic,754,15316,16468,0.8660664579398073,0.1847425899437041,0.5127382,0.7069912,0.8171847,0.40254474
traffic,51,14804,15380,0.866041850187547,0.2951218408676845,0.35515618,0.474061,0.31635714,0.51286006
traffic,466,15636,16596,0.8659666894675396,0.2158494685567707,0.24787569,0.21681571,0.085951805,0.3787396
traffic,473,14996,17300,0.8659432723975841,-0.044294657632786,0.42246866,0.62641835,0.45021057,0.59867644
traffic,731,16980,17364,0.865917822042993,0.2171113643696227,0.11121893,0.18609929,0.42019606,0.122877836
traffic,383,14164,16468,0.8658789182123993,0.2031842979066825,0.4766953,0.08693504,0.5389128,0.02471757
traffic,388,15764,16340,0.865871719947305,0.2741215799646367,0.4027357,0.40384102,0.5404527,0.266124
traffic,703,14804,16724,0.8658660862568491,0.1223868701877289,0.6800411,0.67857933,0.64588845,0.71273196
traffic,779,15636,16596,0.8658537456696095,0.2442421981916638,0.24038696,0.24429965,0.17718863,0.66187525
traffic,647,15124,16276,0.8658243300076093,0.2906407984868689,0.015806794,0.59653294,0.44357812,0.13714802
traffic,162,14420,16340,0.8657914056626339,0.2602005898100326,0.86904275,2.0004575,1.325744,1.5437562
traffic,839,14996,15764,0.8657664768932469,0.2041699869583036,0.08338976,0.13741326,0.084123135,0.13667989
traffic,642,15572,17300,0.8657620470038423,0.2631697138186929,0.32287288,0.3444203,0.09111571,0.11266315
traffic,350,14804,16916,0.8657571869742865,0.1802196345097079,0.16458225,0.8606163,0.48584318,0.5393554
traffic,668,15700,17236,0.8657142303497974,0.06238302368293,0.42281747,0.3176527,0.03783393,0.06733084
traffic,451,15892,17428,0.8656942074650116,0.2875741538412774,0.23470509,0.28383493,0.14470077,0.37383926
traffic,254,14804,16916,0.8656922232654745,0.2327577280346494,0.44153094,0.68484247,0.5370803,0.5892931
traffic,79,14420,14804,0.8656787951166528,0.2644736113170418,0.24799037,0.01947999,0.058222532,0.17028785
traffic,524,16980,17364,0.8656664523632404,0.2355598388267675,0.615947,0.2276442,0.28220034,0.5613909
traffic,553,16148,17108,0.8656362774129059,0.1826751548994752,1.5283183,1.0819988,1.7201453,0.8901718
traffic,226,16340,16916,0.8656305590659754,-0.1570175629955599,0.28071737,0.5909965,0.5545037,0.3172102
traffic,466,14484,16980,0.8655694638417588,0.2209455230299577,0.12290478,0.28355217,0.10830474,0.26895213
traffic,552,14996,15572,0.8654841560803788,0.1476563478550015,2.8451214,1.1335313,2.9224563,1.0561965
traffic,65,15188,15764,0.865480290350124,0.299598181585445,0.25195336,0.6403799,0.6399088,0.25242448
traffic,553,14932,16276,0.8653763242678498,0.2205787887015718,0.19884503,0.64636505,0.32920253,0.51600754
traffic,44,14804,15188,0.8653689230603197,0.2911654206292254,0.071807146,0.14247489,0.19807148,0.12740374
traffic,305,15252,16404,0.8653565528950409,0.171234329217899,0.07249296,0.043493867,0.10623574,0.0097510815
traffic,175,15508,16852,0.865356488952783,0.1497598420785909,0.020115852,0.13349724,0.0071020126,0.1607151
traffic,485,17172,17364,0.865315140490256,0.2951572579062319,0.13325334,0.24609137,0.5991211,0.21977639
traffic,242,16148,17108,0.8653077220111836,0.2508462632453103,0.71757925,0.6766343,0.73944867,0.6547649
traffic,466,14036,16724,0.8652791075634257,0.2013027954048341,0.12681437,0.038326025,0.06499255,0.023495793
traffic,720,14164,17428,0.8652543023867892,0.2450662547696296,0.21434212,0.38495564,0.18864131,0.41065645
traffic,616,14484,16788,0.8652336558480375,0.2478200770284939,0.54640675,0.460791,0.29344225,0.7137555
traffic,679,15060,17172,0.8652216536896828,0.1548373535551189,0.56422806,0.5603852,0.61465573,0.50995755
traffic,356,15956,16724,0.8651982905600075,0.2804952973581751,0.10120273,0.11037302,0.26874208,0.2595718
traffic,410,16084,17364,0.8651844148522144,0.2159999762341464,0.78043485,0.93471766,1.6408877,0.074264765
traffic,820,16660,16852,0.8651811808557347,0.2217451837654446,0.14954185,0.37906218,0.27902842,0.24957561
traffic,789,15508,17428,0.8650949701864077,-0.0017107305572895,0.42831612,0.397151,0.5013759,0.3240912
traffic,715,16724,17300,0.8650370275134321,0.2687014582105645,0.44735885,0.21635985,0.2354114,0.4283073
traffic,340,14932,17044,0.8649376011276451,0.2932531635259585,0.19441593,0.15418494,0.27488554,0.07371533
traffic,119,16660,17428,0.8649357119860547,0.1478799096002943,0.9789996,0.88039744,0.92317677,0.9362203
traffic,199,15828,16020,0.8649155216183976,0.2661257826264194,0.063635826,0.2117312,0.3485155,0.20042014
traffic,664,14036,16340,0.8648989796144863,0.2693108438995529,0.65872824,0.63237166,0.76788366,0.52321625
traffic,546,15828,16596,0.8648891542224473,0.2713671923087752,0.9474189,0.63604975,0.77763104,0.80583763
traffic,358,14228,14612,0.864881504411661,0.2892651848939969,0.0009521246,0.05680585,0.026356578,0.029497147
traffic,769,14420,14996,0.8648771665318044,0.2996790082257413,0.5013052,1.1092281,0.971315,0.63921833
traffic,376,15828,17172,0.8648633455592633,0.1677283943528288,0.2828164,0.32072043,0.18034649,0.14244246
traffic,419,15508,16276,0.8648106757916751,0.2715663999702137,0.25170326,0.7273842,0.66883326,0.31025422
traffic,720,15316,16276,0.8647920102047489,0.181659461179025,0.080967665,0.49058485,0.36758947,0.20396304
traffic,366,14676,15828,0.8647563536908562,-0.2925417562127269,0.38654828,0.20749688,0.41862583,0.17541933
traffic,199,14036,16340,0.8647551353539995,0.2690186297952677,0.31925678,0.32718873,0.46945024,0.17699528
traffic,519,14036,16916,0.8647059769627123,0.0120019196602421,0.16654992,0.5516007,0.029131055,0.68901956
traffic,242,14740,16468,0.8646843399052607,0.2764015465161163,0.17969406,0.23192978,0.4186623,0.007038474
traffic,600,15252,16596,0.864675481654869,0.2707044054847284,0.271801,0.27874303,0.35123944,0.19930458
traffic,726,14292,16788,0.8646600258507341,-0.1301282695267696,0.06048894,0.68174195,0.24511838,0.4971125
traffic,362,14804,17108,0.8646581488843346,0.2941640086450307,0.1913979,0.57865024,0.3543136,0.41573453
traffic,217,14676,17364,0.8646564458995006,0.0806851011588329,0.35324216,0.39512777,0.49839544,0.24997449
traffic,604,16020,17364,0.864644609768778,0.2210208805270106,0.3535347,0.28659892,0.35321712,0.2869165
traffic,164,17108,17300,0.8646283686537809,0.2925175091056973,0.4252318,0.35533512,0.34628248,0.43428445
traffic,748,14932,15700,0.8646107967784109,0.246674026512385,0.2038331,0.035545826,0.09370518,0.14567375
traffic,695,14740,17364,0.8645779017741007,0.0484012188137711,0.37473297,0.38536143,1.016144,0.25604963
traffic,176,16212,17172,0.8645240379920152,0.2408053903441049,0.40415072,0.22439218,0.43437886,0.19416404
traffic,747,15508,16852,0.8644961127185873,0.2238773934113585,0.17746615,0.041415215,0.11936498,0.09951639
traffic,234,15316,16468,0.8644945129414598,0.2782378074661417,0.28596878,0.83481646,0.62617064,0.4946146
traffic,215,14228,15380,0.8644643492656497,-0.0397605838336598,0.03840375,0.10630751,0.14845157,0.0037403107
traffic,735,15124,16468,0.8644630859048689,0.1864782301245691,0.05652213,0.11739528,0.021944046,0.19586146
traffic,487,14100,14676,0.8644591637206369,0.2583801907470643,0.33272827,0.43630743,0.45934594,0.30968976
traffic,837,14164,17236,0.8644526520873959,-0.2485938674627869,0.38806415,1.2362605,1.137503,0.48682165
traffic,526,15316,17428,0.8644317194367266,0.1880089470160802,1.4797561,1.5529089,2.38701,0.6456549
traffic,722,16980,17172,0.8643673547027088,0.2335438324925441,0.31729937,0.4951799,0.68087864,0.13160062
traffic,391,15700,17044,0.8643451860217017,0.2105539516284691,0.2787826,0.45952582,0.41800666,0.32030177
traffic,60,16788,17364,0.8643304547687005,0.1541588904134576,0.5484848,0.75981,0.6236322,0.6846626
traffic,389,14356,16852,0.8642741822448986,0.2266671555493791,0.07591176,0.3493998,0.51207066,0.08675909
traffic,598,14740,17236,0.8642738939861971,0.2676018146702734,0.13236582,0.11788893,0.031518936,0.2817737
traffic,377,14804,15572,0.8642689977078902,0.1129800137719842,0.01847148,0.057882786,0.22520828,0.18579698
traffic,180,16852,17236,0.8642579458565732,0.2243847782097633,0.8216262,1.0380179,1.4313568,0.42828727
traffic,836,14228,14996,0.8642442934558867,0.183242349493423,0.4149611,0.6111319,0.6400926,0.3860004
traffic,228,16084,17364,0.8642431443333006,0.1819238884134409,0.9070672,2.6842656,1.6271704,1.9641623
traffic,670,15828,17364,0.8642419537641874,0.2759660863330277,0.42787886,0.18332052,0.032337427,0.6435368
traffic,26,15892,17364,0.8642186060406941,0.2197814415134574,0.5720668,0.74734974,1.5686915,0.24927497
traffic,681,14420,16532,0.8641568603537716,0.2342001407582525,0.101650834,0.10077429,0.28404272,0.081617594
traffic,687,15060,16788,0.8641380684807991,0.0585359445989759,0.3959813,0.10088444,0.21972084,0.2771449
traffic,57,16660,17428,0.8640960547553713,0.2967153555927607,1.2191696,1.2997439,1.8415813,0.67733216
traffic,811,14420,14996,0.864089128232032,0.1562442677069094,0.46868682,0.5835521,0.4851421,0.5670968
traffic,207,15636,16596,0.8640533886944242,0.2365399582171316,0.3102522,0.27664447,0.16946554,0.41743112
traffic,536,15316,17428,0.8640210009010811,0.2095624221878426,1.1466284,1.442289,1.9386004,0.65031695
traffic,601,16020,16404,0.8639607809691635,0.247780020481913,0.42726445,0.59303474,0.44806075,0.57223845
traffic,816,14740,15508,0.8639498816684046,0.2832246241488214,0.5008851,1.0112631,0.8205384,0.69160986
traffic,239,14100,16212,0.8639467152827375,0.2758351239771658,0.2210728,0.46859968,0.57228184,0.11739063
traffic,182,15956,17108,0.8639367311621877,0.2265373245860278,0.46962368,0.8690007,0.7357055,0.60291886
traffic,438,16660,17428,0.8639229269738972,0.2892206027459125,0.5141952,0.9070512,0.87546813,0.5457783
traffic,724,15252,16596,0.8638642060814996,0.2829862157367216,0.33235264,0.1552012,0.29750443,0.12035298
traffic,664,14164,16276,0.8638577593496736,0.2730515537385768,0.3666792,0.7861179,0.6242205,0.5285766
traffic,170,14228,16916,0.8638562576583878,0.2871838404765265,0.40336263,1.0411413,0.8418721,0.6026318
traffic,574,15508,17044,0.8638535053383553,0.2278160920354584,0.26426578,0.54377866,0.6372142,0.17083025
traffic,271,14036,15764,0.8638465413255262,0.2796360164526899,0.08125615,0.28145695,0.24817747,0.047976673
traffic,771,17044,17428,0.8638446110428708,0.2895243824220468,0.059151888,0.07234919,0.043257475,0.0882436
traffic,54,15636,16788,0.8637792192667367,0.1759937327797843,0.20319045,0.12670493,0.35859954,0.28211403
traffic,213,14036,16340,0.8637482807593865,0.2328753679238023,0.71832776,0.58303285,0.74796176,0.55339885
traffic,351,15060,16212,0.8637341847607721,0.0444384649367737,0.059690714,0.18127394,0.4709723,0.34938908
traffic,457,16596,16788,0.863731885255837,0.2145505310309168,0.0451262,0.017019749,0.012918472,0.041024923
traffic,168,14164,17428,0.863712001479114,0.2179296700187491,0.090271235,0.72752213,0.4202025,0.2170484
traffic,168,15956,16340,0.8636921220288005,0.246371505289918,0.3404565,0.56104755,0.72433233,0.1771717
traffic,600,15188,17300,0.8636856824748534,0.2413109802627968,0.2660203,0.039926767,0.13209224,0.17385483
traffic,305,14100,15828,0.863681236531339,0.0100366847035131,0.5233269,0.14513636,0.5964701,0.07199311
traffic,247,16276,16852,0.8636751662031068,0.275387430812292,0.4013096,0.55510056,0.6047096,0.35170054
traffic,724,14932,16980,0.8636661746395337,0.0792252410957101,0.32698572,0.31788146,0.83249545,0.18762827
traffic,414,16084,17236,0.8636523962015846,0.298185809487686,0.31970286,0.2115084,0.13573527,0.39547598
traffic,860,15828,16020,0.8636179297792885,-0.0576171577413407,0.06105423,0.25467968,0.39176297,0.19813752
traffic,315,15764,16724,0.8636135823703415,0.1660354640700009,0.5403078,0.07423282,0.43596977,0.030105233
traffic,161,15764,16340,0.8635938166127217,0.1155098957586558,0.64579296,1.1307249,0.89714766,0.8793702
traffic,100,14932,16276,0.8635516570263746,0.1896100963105525,0.006025076,0.5524,0.46916366,0.07721126
traffic,24,16916,17300,0.8635496310873209,0.1584363989100948,0.23157465,0.4010079,0.3661164,0.26646614
traffic,148,14292,14676,0.8635455009982909,0.1976469469757042,0.11288023,0.09216499,0.26487112,0.24415588
traffic,260,16788,17364,0.863539620655984,-0.1134946824772844,0.7976811,0.6582813,0.5302489,0.92571354
traffic,91,15636,15828,0.8635296525426078,0.1400736832578595,0.37763,0.2622273,0.24805188,0.3918054
traffic,269,17236,17428,0.8634856283420874,0.2545780957086843,0.27733898,0.2885313,0.28031373,0.28555655
traffic,801,16276,17428,0.8634697966865492,0.0308840049525435,0.13226318,0.035423636,0.034180045,0.13101959
traffic,260,14164,17236,0.8634002396054664,0.2876710662365296,0.5046592,1.1471541,1.1360399,0.5157734
traffic,375,15060,17364,0.8633848545252784,0.0189264326541045,0.8569845,1.7298609,1.0073459,1.5794995
traffic,123,14676,16980,0.8633808203422688,0.1865705633720268,0.6473117,0.306103,0.2344873,0.1067214
traffic,590,15956,17108,0.8633658436083295,0.2630680874846108,0.03582704,0.313599,0.20923102,0.14019501
traffic,754,14804,14996,0.8633469962181,0.1691902855806093,0.61644816,1.1214592,0.8199837,0.9179237
traffic,134,15572,16724,0.8633009746621048,0.2499316420234983,0.68315876,0.71105945,0.572232,0.8219862
traffic,131,14676,15828,0.8632825673798402,0.065426865605352,1.1038308,0.50397515,0.49493027,1.1128757
traffic,528,14548,17364,0.8632278948538559,0.0304163530849853,0.5377804,0.69413257,1.4037439,0.1718309
traffic,34,14612,16532,0.8632020505294857,0.290319322502977,0.4350381,0.20584917,0.42423964,0.21664762
traffic,383,14228,17300,0.8631836339981555,0.2812189884093612,0.0358423,0.016113043,0.2594067,0.31136203
traffic,241,16084,17364,0.8631709955215039,0.0953794393901199,0.79981947,1.7329154,1.7912002,0.7415347
traffic,457,15508,15892,0.8631618468016918,0.2565065817569789,0.25475574,0.54451895,0.5435085,0.25576615
traffic,288,14676,16404,0.8631256991674386,0.2120958229601633,1.2736534,0.7964368,0.95953083,1.1105593
traffic,798,14292,16980,0.8630746652081681,0.2320033608050643,0.46046615,0.30961084,0.6133168,0.15676022
traffic,688,16020,17364,0.8630677918926778,0.1483935332358983,0.42547083,0.20468616,0.30724096,0.32291603
traffic,636,15252,17172,0.8630614453274834,0.0086314160799527,0.40924144,0.367532,0.5380013,0.23877215
traffic,807,15316,17236,0.8630315688406648,0.0281164359901219,0.78260803,0.696368,0.777483,0.701493
traffic,211,14164,14932,0.8629918280480398,0.2845667540209838,0.7865071,0.8221159,0.99930716,0.6093159
traffic,152,16980,17172,0.8629754405755954,0.129795625732264,0.44570184,0.18600821,0.23979473,0.39191532
traffic,87,16148,16916,0.8629156666644597,-0.0846285945426506,0.38242173,0.30725574,0.19653416,0.49314332
traffic,125,15124,16084,0.8628969320403248,0.2756000400865592,0.061198592,0.3274138,0.28131616,0.10729623
traffic,819,15252,17364,0.8628535351721992,0.2501133544472874,0.99649644,1.4252964,0.9014865,1.5203063
traffic,727,14100,14484,0.8628385426862641,0.2285241700090934,0.15848279,0.44442058,0.4540398,0.14886355
traffic,118,15124,15892,0.8628374384817526,0.1406119330772813,0.0003874302,0.109903574,0.06779075,0.042500257
traffic,824,14292,17172,0.8627340759786334,0.2737287580874232,0.76278305,0.6150689,0.7290473,0.64880466
traffic,206,15316,16276,0.8626802346850792,0.2217083690604011,0.39043355,0.6192043,0.49254298,0.51709485
traffic,230,15956,17108,0.8626720242749278,0.2795504471427233,0.04949677,0.339149,0.08943725,0.20021498
traffic,307,15700,16276,0.8626602997758008,0.2825712469421132,0.3238554,0.32410288,0.3783245,0.26963377
traffic,84,15956,16916,0.8626511577075882,0.2640808336495983,0.37188745,0.4848657,0.30681467,0.54993844
traffic,678,14036,17108,0.8626433716614613,0.2377866832654668,0.34841347,0.28581595,0.2726214,0.21002388
traffic,449,14676,16980,0.8625974688247893,0.0034214069525332,0.41961432,0.13240814,0.12291598,0.42910647
traffic,423,15572,16340,0.8625792209479328,0.2893237210377549,0.9815037,2.364728,1.2572219,2.0890098
traffic,156,14932,16276,0.862559059451354,0.2057959082644994,0.11434913,0.50383127,0.3701828,0.24799758
traffic,396,16660,17428,0.8625384134148667,0.286623481536636,0.6918268,0.876456,1.0371554,0.53112745
traffic,505,15188,16532,0.8625112773273294,0.2814088895777322,0.091050625,0.5839852,0.6533414,0.021694422
traffic,852,14996,17300,0.8624786812504683,0.2947819649669261,0.18789148,0.46847415,0.5633223,0.09304333
traffic,360,15572,16724,0.862469934448901,0.2841491352980324,0.057314515,0.034182906,0.1518786,0.1750102
traffic,564,14228,16916,0.8624595264576905,0.1067625196146896,0.1658163,0.45414853,0.16810584,0.451859
traffic,76,14484,16596,0.8624589294813894,0.2832084895269776,0.563985,0.42447066,0.20452392,0.78393173
traffic,146,16148,17108,0.862408418270837,0.189007766221157,1.1592687,1.0212147,1.4156364,0.764847
traffic,254,15124,16276,0.8623377127704399,0.1725030497380114,0.36480796,0.88065434,0.96668553,0.27877676
traffic,645,14356,16852,0.8623254466643713,0.285316442778028,0.10475397,0.005084753,0.37451625,0.26467752
traffic,237,15380,15764,0.8623147508990732,0.2258773152132279,0.109559536,0.08135748,0.078127146,0.11278987
traffic,671,14356,17044,0.8622716631352637,0.2948699316191311,0.060976267,0.14840853,0.021196365,0.0662359
traffic,268,15252,16788,0.8622606028775895,0.2690847667160604,0.17117667,0.23878169,0.39823914,0.011719227
traffic,701,16148,17108,0.8622292443835611,0.2470019100427765,0.33689404,1.59084,1.2442659,0.6834681
traffic,2,14612,14804,0.8622197688930234,0.1346841998654779,0.053562164,0.059305906,0.013815641,0.008071899
traffic,279,14484,16596,0.8622145321756086,0.2868222861936432,1.2861044,1.0260811,1.419461,0.8927245
traffic,313,16916,17300,0.8621785934623303,0.2538919895067513,0.18594849,0.06857157,0.09078443,0.16373563
traffic,469,14164,15508,0.8621714081911518,0.1577177744288582,0.18149877,0.030131102,0.0734303,0.077937365
traffic,16,14484,16788,0.862164021889378,0.298491099899504,0.3394239,0.45432186,0.6762247,0.11752105
traffic,373,15892,17364,0.8621537987500911,0.1927401153285292,0.649608,0.8749814,1.4718648,0.0527246
traffic,299,14292,15444,0.8621444403852161,0.2424697766097032,0.34058666,0.41519153,0.39489746,0.36088073
traffic,823,16660,17236,0.8621212776468076,0.2244499168014254,0.693022,0.6800519,0.683439,0.6896349
traffic,597,15764,16340,0.8620890150523186,0.2091884600767012,0.9161084,1.4788363,1.0903931,1.3045516
traffic,214,15764,16916,0.8620694466054588,0.2678938825242558,0.047412395,0.29588103,0.084091425,0.42738485
traffic,665,16788,17364,0.8620593143803478,-0.1471549549531766,0.819419,0.9903164,0.8034719,1.0062635
traffic,116,14612,17108,0.862020098391023,0.2172258086782742,0.12684691,0.2165401,0.14403152,0.23372471
traffic,362,14932,16852,0.8620165502929302,0.2230118683508216,0.59428823,0.55609405,0.6424601,0.5079222
traffic,109,15892,17364,0.8620146535767318,-0.1079547338706244,0.74197876,1.5642543,1.6156434,0.69058967
traffic,171,15316,16276,0.8619739214654984,0.231390739360255,0.67957115,0.7534676,0.8216851,0.6113537
traffic,832,14676,16980,0.8619054974337211,0.2388475720999294,0.28606606,0.12652802,0.1636486,0.0041105747
traffic,396,15828,17172,0.8619013110245393,0.2149283752055789,0.16480613,0.11030531,0.19996238,0.07514906
traffic,793,14228,16340,0.8618863875913071,0.289590260230808,0.62589693,0.5531943,0.63337016,0.54572105
traffic,396,15316,16468,0.8618049895550268,0.0741137773474328,0.17577243,0.8606032,0.6072302,0.42914546
traffic,253,16020,16404,0.8617498673442912,0.1970936333529679,1.1049979,0.6028317,0.7044902,1.0033394
traffic,464,16468,17236,0.8617316477909858,0.1166010103740258,0.5211824,0.31385654,0.34520876,0.4898302
traffic,786,15252,16212,0.8617062599180315,0.2374905959752075,0.39915025,0.28471375,0.32155073,0.36231327
traffic,18,15252,17364,0.8617023776840342,0.2870886355304817,0.23301482,0.60774803,0.59634876,0.24441409
traffic,444,14868,16212,0.8616849805239241,0.2271462521391075,0.1381855,0.07439864,0.059281945,0.1533022
traffic,319,15956,16340,0.8616587902002867,0.1137615514285112,0.8459029,1.3852262,0.96759796,1.2635312
traffic,769,14484,16980,0.8616443704612364,0.0506900938711394,0.752054,0.8403567,0.6851232,0.9072875
traffic,22,14740,16660,0.8616396421122925,0.1996212991866104,0.7865832,1.7606423,1.1495888,1.3976367
traffic,602,16148,17108,0.8615197892680858,0.2020382967278829,0.1366148,0.7064053,0.42080212,0.42221797
traffic,804,14932,16468,0.8615149401650507,0.1863923500262796,0.1955812,0.037439585,0.46647167,0.23345089
traffic,187,14100,14676,0.8614626556188265,-0.0517572438691787,0.7490928,1.3460605,1.0861015,1.0090518
traffic,292,16084,17364,0.8614534981897769,0.0499634327888738,0.7765348,1.2403243,1.8559883,0.16087079
traffic,329,14484,16404,0.8614075244774104,0.297965078051327,0.4323256,0.4276781,0.36851954,0.49148417
traffic,114,15956,16916,0.8614034674722834,0.2880758688563555,0.409963,0.97013766,0.8114085,0.56869215
traffic,97,14484,16596,0.8613623691805635,0.2923867090373131,0.15805054,0.41413403,0.1525104,0.72469497
traffic,62,14228,14804,0.8613349859007584,0.2385137044099063,0.5123364,0.29260778,0.46634972,0.33859444
traffic,196,17108,17300,0.8613073386091554,0.2493222715366507,0.4352184,0.3208394,0.32803637,0.42802143
traffic,95,15956,16340,0.861273705028504,0.167239211611986,0.8384187,1.6256802,0.9524865,1.5116124
traffic,372,15828,17364,0.8612704282871833,0.2668355810613669,0.21780276,0.5147407,0.7699685,0.03742504
traffic,48,16660,17428,0.8612281285817001,0.1760849271451369,0.94339824,1.3004062,1.6362405,0.607564
traffic,580,14356,17044,0.8611983868615083,0.2661810169567495,0.097830296,0.24543834,0.044735193,0.19234324
traffic,357,14100,15828,0.8611737447478902,0.2967446210107186,0.4435823,0.273978,0.37187505,0.34568524
traffic,193,15636,16404,0.8611583088596622,0.2803883805399725,0.0921545,0.05939436,0.22888303,0.26164317
traffic,494,16020,16212,0.8611332938069389,0.1663496758799355,0.7894938,0.8456807,1.1819463,0.45322824
traffic,476,14484,17364,0.8611303517564908,0.2586446521645819,0.13358116,0.13302612,0.36525822,0.09865093
traffic,701,14484,17364,0.8611082374889444,-0.0499819174159886,0.026865482,0.22144651,0.76978946,0.52147746
traffic,296,15828,16404,0.8610726784524618,0.1779766353060966,0.8367958,0.69653237,0.83140635,0.7019218
traffic,372,15316,16276,0.8610656428603372,0.2385088780805209,0.559935,0.89022875,0.983402,0.4667617
traffic,799,14804,15188,0.8610326107986899,0.27050991307041,0.052244186,0.2583456,0.38687658,0.07628679
traffic,261,16788,17364,0.8609785787377299,-0.0571537081119632,0.06700826,0.019798756,0.04725218,0.09446168
traffic,299,14036,15764,0.860880411460699,0.2627706394567247,0.18346584,0.104049206,0.13296235,0.1545527
traffic,839,15892,16276,0.8608223012510879,0.1821794513488176,0.12993479,0.13843441,0.087439775,0.18092942
traffic,113,15828,16596,0.8608217381667311,0.2988701860802406,0.24339938,1.0981715,0.78051114,0.5610597
traffic,489,16020,16212,0.8608199324519114,0.1779302609746563,0.65609694,0.8643259,1.1074367,0.41298616
traffic,397,16020,16404,0.8607865043260932,0.0499162258577202,1.1055528,0.80561495,1.0272156,0.88395214
traffic,153,14804,17300,0.8607717356914169,0.2783010751128021,0.4650662,0.28723836,0.4859743,0.26633024
traffic,111,14548,17044,0.8607508322478822,-0.121656568045092,0.08541465,0.4574325,0.16495562,0.20706224
traffic,66,16148,17108,0.8607163979910261,0.1878431337656114,1.3129319,1.0752151,1.6007819,0.78736514
traffic,305,16660,17428,0.8606960469506004,0.1104471100032726,0.49286532,0.66876674,0.5852394,0.57639265
traffic,273,14612,16724,0.860677732764679,0.2955647487452745,0.14582026,0.62579787,0.2446698,0.23530781
traffic,481,15316,16468,0.8606740548602158,0.2069458440540502,0.9286313,1.1954565,1.4648921,0.65919566
traffic,553,14676,16980,0.8606516166069506,0.074663571781063,0.5258024,0.7084677,0.27857065,0.461236
traffic,298,16788,16980,0.8606261335176514,0.1043325766738902,0.24842286,0.08545661,0.08378315,0.25009632
traffic,298,15060,16212,0.8605800230572646,0.2891440905829733,0.15449905,0.106812716,0.015100241,0.06278658
traffic,206,14868,15060,0.8605548172089836,0.1954893933853153,0.4674666,0.5470604,0.37301683,0.6415101
traffic,500,15700,16276,0.860553026089235,0.2910865277505313,0.111618996,0.1816473,0.19340396,0.09986234
traffic,855,14164,16852,0.860552118773629,0.2699924281141489,0.055240393,0.0030362606,0.23755026,0.2897544
traffic,569,14612,14996,0.8605214648378161,0.1042275680074476,0.83122945,1.8258483,1.0799975,1.5770802
traffic,591,16020,17364,0.8605129309436477,0.2045220507027759,0.57505417,0.41554976,0.38289046,0.60771346
traffic,766,15572,16660,0.8604597557403743,-0.0359416154482355,0.75260603,2.549917,1.5418515,1.7606715
traffic,257,14484,15636,0.8604498891417586,0.2969744677812567,0.16060829,0.43620062,0.30665398,0.29015493
traffic,642,16084,16852,0.8604398975456615,0.2976805795040566,0.93989635,0.9203205,0.9739163,0.88630056
traffic,688,14676,15636,0.8604219921554986,0.2204419044600613,0.26107168,0.6931448,0.20203018,0.23004293
traffic,755,15316,16468,0.8603496220914362,0.2409374137740209,0.67685056,0.7639575,0.78976583,0.6510422
traffic,778,16212,17364,0.8603431603494186,0.1704993431784964,0.21476877,0.3795395,0.5253686,0.068939686
traffic,502,15060,17428,0.860331545665377,0.2361378511593485,0.6349015,0.9260428,0.77633786,0.78460646
traffic,283,14612,14996,0.8603287238324515,0.1772264574802978,0.33704555,0.80030394,0.7053648,0.43198466
traffic,251,14036,16916,0.8603192200274404,-0.1264920738192528,0.31190073,0.59804785,0.13757443,0.77237415
traffic,750,14292,16212,0.8603044852521872,0.1763722405593122,0.11384475,0.051160336,0.1802243,0.11753988
traffic,782,14804,16916,0.86028263541578,0.2363892926899598,0.7059176,0.67787397,0.7242409,0.65955067
traffic,841,15188,16340,0.8602630410806832,0.281993049375562,0.174968,0.2593348,0.1380409,0.0536741
traffic,762,15124,15508,0.8602571481196459,0.1210321057263753,0.18799686,0.0075793266,0.07612109,0.27169728
traffic,366,15316,16468,0.8602570251889823,0.1321338416398682,0.3945346,0.5116552,0.5420263,0.36416352
traffic,773,15828,17172,0.8602547840357093,0.2611510813867365,0.39069843,0.061690807,0.23566198,0.09334564
traffic,25,14676,17364,0.8601986229092713,0.1709273108188181,0.45612907,0.46471095,0.5678079,0.3530321
traffic,85,16276,17236,0.8601964312568321,0.1484089147396096,0.05930984,0.27849138,0.3823172,0.044515967
traffic,703,14292,16404,0.8601840862309018,0.2906272505698621,0.22926831,0.6027074,0.40124393,0.43073177
traffic,56,15252,17364,0.8600412812476088,-0.0080496456643219,0.56056106,1.0649762,0.9087399,0.71679735
traffic,353,15508,16852,0.8599726842287583,-0.0886830505068834,0.29416847,0.15946364,0.56390667,0.42920184
traffic,740,15124,15316,0.8599702769549877,0.1729587573125225,0.18299937,0.2322998,0.2746458,0.14065337
traffic,44,14292,17364,0.8599427619308417,0.0982881015294149,0.016685247,0.31096888,0.40702605,0.112742424
traffic,235,16020,17364,0.8599348570985067,0.0983951752293022,0.47870588,0.081590414,0.40425038,0.15604591
traffic,550,16660,17428,0.8599276075132702,0.272428824298824,0.42114043,0.7840922,0.7277734,0.4774592
traffic,443,14036,16660,0.8598535597397177,0.2727286596952686,1.2486926,1.3543262,0.9471458,1.6558731
traffic,380,16148,17108,0.8598380168012156,0.1703707673580229,0.3686142,0.31327796,0.19883537,0.48305678
traffic,764,14868,16020,0.85978946392137,0.2382472611560643,0.11633444,0.32894015,0.3083558,0.13691878
traffic,649,16276,16660,0.8597585262842777,0.2099737694438384,0.5793357,0.98242736,0.9730115,0.58875155
traffic,529,15636,16980,0.859749414527643,0.0631675747079209,0.32654405,0.31221342,0.415493,0.22326446
traffic,275,15956,17108,0.859695449992232,0.2960626022555334,0.09943473,0.2589187,0.11226761,0.47062105
traffic,551,15700,16468,0.8596912148385688,0.1687623211500076,0.3886007,0.028588772,0.45415843,0.09414649
traffic,549,14420,16340,0.8596787028063838,0.220826234878696,1.0154829,1.7506597,1.0073345,1.7588081
traffic,337,14484,16212,0.8596681583431264,0.2507920398811165,0.4513271,0.33316958,0.16210532,0.62239134
traffic,693,15060,16212,0.8596315869364534,0.2691718725709434,0.80612326,1.0803752,0.67275,1.2137485
traffic,856,14676,16980,0.8595656308813633,0.1499646310318094,0.0006108284,0.35737324,0.1578629,0.20012116
traffic,214,15444,16404,0.8595652092037196,0.2041437779467044,0.29166365,0.18645382,0.32652187,0.15159559
traffic,286,14484,17172,0.8595220102620089,0.0847952204294824,0.36949706,0.006512165,0.38979697,0.026812077
traffic,505,16340,16916,0.8595002582503741,0.1653363499853694,0.31607628,0.6427021,0.5693023,0.38947606
traffic,684,14804,17108,0.8594833683295443,0.2835077518875096,0.79356074,0.8073101,1.0603564,0.54051447
traffic,718,14036,14996,0.8594824310952187,0.2575919671172952,0.4426837,0.23770118,0.4395349,0.24084997
traffic,167,14036,17108,0.8594567132022952,0.1088091343539215,0.13889074,0.4129579,0.088917494,0.18514967
traffic,691,16660,16852,0.8594459822511772,0.1433948091770308,0.060238123,0.17630243,0.121605396,0.11493516
traffic,834,15124,17236,0.8594035638006515,0.2574451417715954,0.08446145,0.5359403,0.20603609,0.41436565
traffic,17,16660,17428,0.8593901860346516,0.2471748307494306,0.72600627,0.6924789,0.6576526,0.76083255
traffic,269,15444,16404,0.8593495736806823,0.0765267882458337,0.21593857,0.2758417,0.32157826,0.17020202
traffic,296,15508,15892,0.8593069185756932,0.2938016668481304,0.50777626,0.4723835,0.54504275,0.435117
traffic,150,16148,17108,0.8592958572599303,0.2897708029950631,0.6641681,0.6993557,0.5460093,0.81751454
traffic,381,14292,16404,0.8592595780131621,0.2981737632574657,0.009142399,0.15798116,0.63706553,0.48822677
traffic,407,14996,15380,0.8591682593494809,0.2139193493858077,0.40206552,0.6824899,0.6244526,0.4601028
traffic,567,15508,16852,0.8591396206311668,0.0088453313927042,0.3890264,0.24561071,0.5705035,0.064133644
traffic,402,14164,14740,0.859122564182997,0.2888757479170563,1.2469535,1.2414201,1.8173755,0.6709981
traffic,631,14868,16404,0.8591069458350122,0.2507963497930522,0.28634787,0.44786572,0.352062,0.3821516
traffic,467,15828,16980,0.8590795269342366,0.2401029318875248,0.11717296,0.27255702,0.184165,0.20556498
traffic,824,14228,14996,0.8590758334146917,0.2995381143069924,0.61019254,1.0721418,0.9366108,0.7457235
traffic,9,16660,17236,0.8590591663044537,0.2914439506012853,2.2390947,1.2615292,2.575086,0.9255378
traffic,547,14996,15380,0.8590539640380082,0.2444976377148651,1.7003382,0.90406287,1.5877674,1.0166337
traffic,3,14484,14676,0.8590192092191926,0.229763806812604,0.07677221,0.041325092,0.19500685,0.31310415
traffic,699,15316,15508,0.8590168154449326,0.257755706180848,0.25397778,0.0048673153,0.23115325,0.01795721
traffic,589,15060,16212,0.8589387019371588,0.2210428360294196,0.5008508,0.8036728,0.6640723,0.6404513
traffic,34,15892,16276,0.8589346119799358,0.2736620453210919,0.0039607286,0.15088224,0.10603154,0.04088998
traffic,592,14484,15828,0.8589029082635032,0.2969215484651073,0.034671307,0.09232712,0.12866998,0.0016715527
traffic,430,16084,16660,0.8588577512933195,0.2473100621985498,0.7435714,2.8616362,1.4026016,2.202606
traffic,505,14996,16724,0.8588507898997626,0.1967979657699156,0.263376,0.19508815,0.44822526,0.010238886
traffic,33,14612,17300,0.8588362318161457,0.2524052293384425,0.1150043,0.04800749,0.09437299,0.027376175
traffic,107,15124,15316,0.8588348276077095,0.222056735849332,0.047207355,0.36207008,0.47353363,0.06425619
traffic,206,15956,17108,0.8587989605787172,0.2790378652077569,0.051116467,0.19572997,0.006959915,0.15157342
traffic,742,14228,15380,0.8587986359383046,0.2956404227631691,0.13344467,0.5452213,0.5787691,0.09989691
traffic,329,16468,16660,0.8587835827216215,0.1318095656550787,0.36269164,0.19305444,0.2878101,0.267936
traffic,620,16532,17300,0.8587059571003725,0.206165334541392,0.47020113,0.42576826,0.7113005,0.1846689
traffic,8,15444,16020,0.8586985951465361,0.1436995917563439,0.10981572,0.9507301,0.88540447,0.17514133
traffic,36,14164,16276,0.8586881312164422,0.2134270542918104,0.4234271,0.8506057,0.8412124,0.43282044
traffic,538,15892,17364,0.8586878393418247,0.140832154116782,0.7238395,1.5177085,1.5813675,0.66018057
traffic,745,14932,17364,0.8586559646723961,0.0091478153192606,0.0054831505,0.39712596,0.2527721,0.6553812
traffic,753,14356,17236,0.8586192708802244,0.2807228713047016,0.23417413,0.63894105,0.34278893,0.53032625
traffic,29,15444,16596,0.8585886809155756,0.2470828435825942,0.58453757,0.30683017,0.648048,0.24331975
traffic,474,14484,16596,0.8585630351288052,0.2769096405027364,0.73820186,0.64849925,0.441226,0.9454751
traffic,289,14164,16276,0.858544034845871,0.2396629350335237,0.43602204,0.6807685,0.670395,0.44639552
traffic,349,14676,16980,0.8585391860964552,0.1492051375404085,0.42351007,0.36524653,0.062398195,0.004134655
traffic,733,14740,15316,0.8584720498275218,0.2823123115745921,0.15275764,0.33043337,0.522115,0.03892398
traffic,729,15828,17172,0.8584329798273759,0.2987894287722764,0.17540431,0.24925709,0.008802414,0.08265519
traffic,196,15636,16788,0.8583767600814161,0.1265156297684595,0.36876678,0.44279373,0.05910659,0.7524539
traffic,837,14676,16980,0.858346901575238,0.0118100051833886,0.34600377,0.6421046,0.07031441,0.36641526
traffic,82,14996,17108,0.8582849915080139,0.2933586151354361,0.9739107,0.9462759,1.2128701,0.70731646
traffic,489,16788,17364,0.8582821187869207,-0.0897903903973585,0.82566905,0.9131601,0.7755835,0.96324563
traffic,33,15380,16532,0.8582246065347344,0.2000384640871092,0.19702089,0.1736064,0.3496846,0.020942688
traffic,289,15508,15892,0.8582003774685985,0.2900868105287585,0.41679168,0.6808946,0.73757434,0.36011195
traffic,606,14548,17364,0.8581869242029403,0.2726706035613045,0.37254858,0.6328938,1.4746726,0.46923018
traffic,83,16980,17364,0.8581769821263084,0.2980035240642034,0.006125927,0.045633316,0.00013279915,0.03964019
traffic,740,14612,16916,0.8581431591758597,0.2253539108447127,0.23365569,0.540537,0.32026505,0.45392764
traffic,771,15956,16916,0.8581409514317528,-0.2209762674119129,0.23146677,0.14048636,0.047459483,0.32449365
traffic,621,15316,16276,0.8581387287428793,0.0438298290264557,0.25862265,0.8559867,0.61081934,0.50379
traffic,498,16660,17428,0.8581094184184128,0.2796708824156531,0.3382033,0.76622474,0.68556595,0.4188621
traffic,607,15252,15828,0.8580989509852675,0.2769527814668964,0.49061227,0.45151663,0.4892969,0.45283198
traffic,124,16980,17172,0.8580807237351431,-0.092972034276612,0.45839107,0.19377375,0.26556337,0.38660145
traffic,621,14548,15508,0.858040791115135,0.2469557729440011,0.40340734,0.24762368,0.27383924,0.37719178
traffic,131,14036,15764,0.8580228404785618,0.1812947658449388,0.1584698,0.08793974,0.036121726,0.10665178
traffic,534,15828,16596,0.8580144929995286,0.2941069010283259,0.62333155,0.7389095,0.8107784,0.55146265
traffic,651,14932,16468,0.8579965091818406,0.2470172408044793,0.005094409,0.21325147,0.1294179,0.33757496
traffic,146,16660,17428,0.8579611157809786,0.291078090879035,1.5927124,1.2162716,1.9882007,0.8207834
traffic,172,16596,17172,0.8579063769529891,0.2807084288878086,0.9142084,0.8765724,0.74856067,1.0422201
traffic,110,16660,16852,0.857899060509363,0.2644189397066275,0.07306242,0.20801425,0.20656133,0.07451534
traffic,333,14484,17172,0.8578815662007601,-0.1101050106614172,0.10229778,0.12394953,0.2779243,0.05167699
traffic,453,14164,14548,0.8578666588938262,0.2823940841958579,0.10526657,0.63948107,0.57658625,0.16816139
traffic,76,15252,15636,0.857813588313552,0.2411057056371073,0.29340208,0.029692054,0.0079622865,0.25574774
traffic,444,15316,16468,0.8578127975450689,0.2345929958767556,0.48414993,0.6884911,0.77312326,0.39951777
traffic,315,14228,16916,0.8577981759201153,0.2301989989648919,0.0279001,0.8835434,0.53460634,0.37683713
traffic,198,14932,17236,0.8577805151661684,0.2535835243525094,0.229626,0.056116164,0.24663639,0.42014623
traffic,580,15124,16468,0.857763221160154,0.280885667894669,0.16840172,0.09223378,0.27937055,0.018735051
traffic,163,15636,16788,0.8577326360273825,0.1058819136327917,0.4571134,0.087548494,0.4330274,0.11163449
traffic,79,17172,17364,0.8577000567372541,0.2240677398756018,0.09256554,0.34433532,0.3790164,0.057884455
traffic,579,14676,15828,0.8576901624523594,-0.173760771581624,0.1016953,0.3528781,0.27437854,0.023195744
traffic,732,14420,16532,0.8576892746769883,0.1882052748969261,0.79759717,0.6309222,0.79890895,0.6296104
traffic,379,15316,16468,0.8576609217022547,0.2064861206168175,0.6680429,0.8415929,0.84638286,0.66325295
traffic,517,14228,16916,0.8576548962009494,0.0171117122152217,0.18377662,0.7305534,0.40841973,0.5059103
traffic,844,14100,16980,0.8576369684974869,0.2529137726769579,0.17382526,0.0321908,0.12366128,0.017973185
traffic,322,14292,14676,0.857615897627905,0.2545319124484853,0.30464602,0.32655668,0.036420822,0.5947819
traffic,844,14676,15444,0.857526817153273,0.2611307109287942,0.042078972,0.22352195,0.050155878,0.1312871
traffic,162,15124,16276,0.8574843129960087,0.2849337026892088,0.33997822,0.7735746,0.82909894,0.28445387
traffic,767,14484,15636,0.8574666287506124,0.2481759760962992,0.11965823,0.23350358,0.16231322,0.19084859
traffic,763,15572,16660,0.8574650275089466,0.0109600919983473,0.61764646,2.9114933,1.7719958,1.757144
traffic,554,15380,16340,0.8574420439742769,0.2094888017366223,0.8909092,1.0754521,0.96640563,0.99995565
traffic,14,16020,17364,0.8574276369902435,0.1500815677919427,0.13869381,0.09513068,0.20447922,0.029345274
traffic,475,15572,16660,0.8573910078955075,-0.0744957479794822,0.6491054,0.75552964,0.95098937,0.4536457
traffic,773,14996,16340,0.8573894353488482,-0.0297868394106188,0.097326994,0.26519012,0.026711226,0.1411519
traffic,473,15188,15380,0.8573714236341015,0.2748691233280855,0.2988422,0.58658755,0.587008,0.29842174
traffic,284,14676,15828,0.8573503441805782,0.1777375570178133,0.625973,0.60228086,0.5805094,0.6477444
traffic,31,14292,16404,0.8573457040007441,0.2287603459756748,0.030170918,0.45992088,0.11718631,0.3729055
traffic,549,14036,14996,0.8573432043636754,0.2909954921495489,0.79607785,1.6312656,0.9951049,1.4322386
traffic,168,14612,15764,0.8573321570763522,0.2516708010266585,0.24085379,0.29367328,0.28196526,0.2525618
traffic,532,14548,14932,0.8572251750627611,0.2161281874870151,0.123072624,0.13692355,0.17008424,0.08991194
traffic,353,16660,17428,0.8572170818824356,0.2478328815366894,0.86492395,0.80242395,0.9319556,0.73539233
traffic,515,15316,15892,0.857209978541417,0.263986148059639,0.03396821,0.447451,0.22976136,0.18372142
traffic,114,15636,16980,0.8571861723813742,0.2866923814690503,0.031039476,0.3862288,0.10453296,0.45972228
traffic,145,15380,16532,0.8571859700952174,0.2914089340391291,0.17488718,0.07636118,0.21210265,0.11357665
traffic,516,15636,16212,0.8571424908110531,0.2155263595696619,0.6193774,0.6290866,0.7273345,0.5211295
traffic,278,15764,16340,0.8571382233132027,0.2192244536678402,0.7741281,1.7747896,1.0044881,1.5444295
traffic,353,14932,16276,0.8570868900396982,0.229504981384157,0.2115404,0.30922532,0.38787657,0.13288915
traffic,200,14036,16340,0.8570018944911146,0.241803298282901,0.7923361,1.5219886,1.0428733,1.2714515
traffic,315,14292,16788,0.8569925965132308,0.0336167277753131,0.5098164,0.6491492,0.46791005,0.69105554
traffic,36,16020,16788,0.8569802875647994,0.2773156205607852,0.53927636,0.48755753,0.40827382,0.6185601
traffic,84,16084,17364,0.8569432834953363,-0.0079435469416552,0.7896388,1.6696967,1.6442816,0.81505394
traffic,619,15636,16596,0.8569218557875263,0.1999180946728278,0.01541841,0.0074338913,0.60197127,0.6099558
traffic,251,14164,16852,0.8569165902176206,0.2325180363281208,0.0018854141,0.5755117,0.11740732,0.4599898
traffic,609,14484,16980,0.8568924213755681,0.2028078560689707,0.14743543,0.09836435,0.13781786,0.088746786
traffic,814,14484,16980,0.8568679581837723,0.2683381352827445,0.1960342,0.5374055,0.43944812,0.29399157
traffic,824,15764,17300,0.856859539760549,0.2902889589964618,0.31511343,0.08762193,0.5129882,0.11025286
traffic,191,15956,16724,0.8568201229002204,0.125900467616691,0.41080946,0.38555324,0.1275183,0.6688444
traffic,539,14228,17108,0.8567613674087242,0.1556641872723674,0.09783673,0.19712734,0.2976079,0.3968985
traffic,325,16020,16404,0.8567262102698393,0.1751129786538952,0.38555574,0.4360187,0.44077063,0.38080382
traffic,5,14804,14996,0.8566904377605402,0.184334451491524,0.8051603,1.4908748,0.8788984,1.4171367
traffic,512,15828,17172,0.8566636446135957,-0.0586657496580691,0.7483027,0.45216942,0.7783325,0.42213964
traffic,408,14740,16468,0.8566618406107542,0.2973182678228726,0.12514687,0.54698193,0.3936367,0.2784921
traffic,302,16020,16980,0.8566121909285973,0.2725270880307616,0.12907577,0.08192992,0.0047843456,0.042361498
traffic,804,16340,17300,0.8566042312977603,0.2359515330384585,0.16494226,0.38167977,0.19631577,0.35030627
traffic,725,16148,16724,0.8565971836014872,0.2676758110666562,0.41083455,0.06387389,0.023835182,0.49854362
traffic,514,14292,16788,0.8565763290958539,-0.0236525025157896,0.90093374,0.7506635,0.80888224,0.842715
traffic,437,14292,15444,0.8565256131798695,-0.0147738392630182,0.5622823,0.6647246,0.31013584,0.9168711
traffic,172,15316,16276,0.856515082901321,0.1726878922369544,0.31684232,0.4468143,0.32432795,0.43932867
traffic,297,14612,14804,0.8564943613179644,0.2844163747012035,0.38216734,0.15321684,0.18725038,0.3481338
traffic,757,16980,17364,0.8564579289394808,0.1435002737477952,0.34933305,0.2802117,0.38488197,0.24466276
traffic,626,15636,15828,0.8563466957153905,0.2024807180937534,0.004263401,0.040697575,0.103637934,0.06720376
traffic,753,15764,16340,0.8563432981282505,0.1817392320990657,0.37923348,0.2252562,0.3965956,0.20789409
traffic,436,16084,17364,0.8563374602169432,-0.0633396058139154,0.85544515,1.7774928,1.6579378,0.97500014
traffic,460,15252,16212,0.8562833087132449,0.2277613510439567,0.34378445,0.37544417,0.38090193,0.3383267
traffic,841,14740,16276,0.8562738853143793,0.2989134604607943,0.11574185,0.058701634,0.15041184,0.20745206
traffic,718,15828,16020,0.8562238736786213,0.2249154360078066,0.21974254,0.038357973,0.12788534,0.38598585
traffic,556,16980,17364,0.8562154463679195,0.1231949874514456,0.20720434,0.4091313,0.4904449,0.12589073
traffic,571,15380,15764,0.8562046708926734,0.0916691798553501,0.12320042,0.011440992,0.05158758,0.08305383
traffic,45,14100,15444,0.8561608625690682,0.2439358836566797,0.026767015,0.033311367,0.03246212,0.03900647
traffic,206,14484,15444,0.8561498753945324,0.2673201440196416,1.078895,0.76278985,1.1516014,0.6900834
traffic,233,16148,16340,0.8561475222489975,0.2898470323751465,0.07387519,0.21782446,0.38572168,0.094022036
traffic,783,14100,16404,0.856055951164857,0.0445829436340925,0.042233944,0.25800836,0.2517686,0.467543
traffic,678,16660,17236,0.8560037780161224,0.267662927952604,0.8924508,1.0335145,1.3152251,0.6107402
traffic,14,14420,14996,0.8559721122546605,0.0577000130700949,0.31251526,0.6620436,0.59624577,0.37831306
traffic,847,14612,14996,0.8559274473096697,0.0911283227606733,0.73719823,1.2863567,0.9453751,1.0781798
traffic,359,14804,16916,0.8559101293915935,0.1827206446676845,0.93090105,1.1059908,1.3135777,0.72331417
traffic,28,15252,16212,0.8559092784571929,0.2516997164976436,0.034504294,0.15660799,0.030099869,0.22121215
traffic,750,16020,17364,0.8558825360452728,0.1124435243893529,0.19962955,0.02574563,0.12096667,0.1044085
traffic,813,14484,16596,0.8558682753211057,-0.0931561679142621,0.8995184,0.6273482,0.44323468,1.0836319
traffic,53,15764,16148,0.8558462321504211,0.2430972126480396,0.06838298,0.070922375,0.047847986,0.04530859
traffic,162,14612,16916,0.8558317704875646,0.245105645426232,0.23760378,0.6638853,0.41163647,0.4898526
traffic,799,16212,16596,0.8557892888569927,0.084181779418334,0.021527767,0.08647323,0.032978773,0.09792423
traffic,230,14996,16148,0.8557716553471293,0.1354165955954944,0.33083606,0.43762684,0.43101406,0.33744884
traffic,499,16980,17364,0.8557648377273039,0.2061111583066317,0.3215227,0.4303403,0.48371553,0.26814747
traffic,719,16276,16660,0.8557176851828895,0.2762775627842861,0.10232139,0.2641039,0.47675753,0.11033225
traffic,374,16084,17236,0.855717535292257,0.2997985720506733,0.14082289,0.33460343,0.08652878,0.10725176
traffic,112,14932,17236,0.8556700020551049,0.094455076267324,0.09781313,0.20922458,0.09907341,0.2079643
traffic,294,14228,16916,0.8556404718038216,0.108690674647022,0.2820201,0.8639407,0.3594011,0.7865597
traffic,721,16084,16660,0.8556075883714729,0.2991603948800344,0.060559988,0.039265156,0.27612662,0.2548318
traffic,639,16084,17364,0.85554697346404,0.0035541648139988,0.91656685,1.2603643,1.4586272,0.7183039
traffic,2,14548,14932,0.8555392281933276,0.2121340025327241,0.13297701,0.3247609,0.3982637,0.05947423
traffic,321,16660,17236,0.8555203765944599,0.2050357561989053,0.20659113,0.75968945,0.62128305,0.34499753
traffic,310,16276,17428,0.8555127634192221,0.1142598257101854,0.19059289,0.015726209,0.13669181,0.038174868
traffic,614,14676,15444,0.8554920912400203,0.2958287430414171,0.23033595,0.5670109,0.62932014,0.16802669
traffic,229,14164,16852,0.8554591833758919,-0.1295593322141241,0.11612558,0.26698995,0.054672718,0.20553708
traffic,138,14996,15572,0.8554063456630886,0.1779527093455707,0.39491022,0.3623669,0.06090319,0.02835989
traffic,719,14548,15316,0.8553998122223346,0.2721904649992219,0.038277864,0.20806527,0.36040425,0.19061685
traffic,337,14804,14996,0.8553943261557071,0.2668672681172461,0.2039361,0.2302084,0.21401525,0.22012925
traffic,824,16084,17236,0.8553935863976421,0.2898080925535033,0.14273798,0.60620916,0.06185472,0.40161645
traffic,585,14676,16980,0.8553872353920123,0.251251016429085,0.3469994,0.23911405,0.09275031,0.01513505
traffic,661,14996,16724,0.8553847616157735,0.1887115004804442,0.40318632,0.7043593,0.733068,0.37447762
traffic,601,14996,15380,0.8553160548065526,0.2714679601276703,0.9442153,0.65251684,0.8055563,0.79117584
traffic,58,14036,16916,0.8552869094811953,0.2782064059289921,0.16350293,0.7052444,0.37803078,0.49071658
traffic,739,16596,17172,0.8552478327492956,0.196038669181442,0.62503266,0.8373363,0.88791347,0.5744555
traffic,7,16020,16404,0.8552464795646054,0.229845801503063,0.4004674,0.68822,0.4412663,0.6474211
traffic,650,16660,16724,0.8552168493143925,-0.2162648197692759,1.5137157,1.5556815,2.3353539,0.73404336
traffic,120,15508,16276,0.8552152405727766,0.1399016100417331,0.46488786,0.9387102,1.0323536,0.37124443
traffic,680,15956,17300,0.855178993528429,0.2994713059950074,0.39640558,0.23545814,0.39818513,0.23367858
traffic,28,14228,16916,0.8551686681950772,0.1722123082419081,0.20503223,0.5907039,0.41771173,0.3780244
traffic,818,14804,17108,0.8551516845559216,0.2472049352043681,0.5878656,0.7531744,0.73209476,0.60894525
traffic,154,14996,17300,0.8551429234615773,0.1328009789233359,1.0020947,1.2098602,1.5156453,0.6963097
traffic,278,14164,17236,0.8551394261194863,0.1516608158640742,0.60786724,1.0982636,1.2235137,0.48261714
traffic,283,16340,16724,0.8551019227397487,0.2410386562931396,0.5588987,0.49474812,0.581002,0.4726448
traffic,278,16916,17300,0.8550545157860977,0.2822917848782506,0.058543205,0.16931891,0.17831302,0.049549103
traffic,621,14676,16404,0.8550397252126075,0.2215126267253826,0.65202117,0.78111506,0.54203963,0.8910966
traffic,451,14164,17236,0.8550259141108498,0.2481638951714082,0.02620387,0.51753116,0.41000152,0.08132577
traffic,682,15124,16276,0.8550209775007767,0.1577634298596235,0.4263494,0.52657485,0.49139297,0.46153128
traffic,298,15700,16852,0.8549497144693043,0.1594967984239035,0.035289764,0.24476409,0.078425884,0.13104844
traffic,231,16788,17364,0.8549371079753189,0.1944021897836137,0.74987364,0.75929666,0.59616876,0.91300154
traffic,726,15188,16916,0.8549333782691013,-0.071645269383165,0.54233265,0.3374772,0.07310128,0.27795672
traffic,83,15636,16596,0.8549274236524675,0.2860159701018231,0.20841718,0.010051727,0.1379826,0.060382843
traffic,371,15828,16980,0.8548999719053917,0.0900099499753737,0.21757817,0.1439209,0.027997255,0.10165453
traffic,654,14996,17108,0.8548590853876805,0.2612682298387284,0.92959654,1.3524911,1.55518,0.72690773
traffic,503,16340,16916,0.8548463982442271,0.0347340990718294,1.0775349,0.95873904,1.1228952,0.9133787
traffic,226,14484,16980,0.8548230482008631,0.082612310690122,0.47394466,0.098820925,0.65348005,0.080714464
traffic,86,14356,14740,0.8548069635201334,0.2647961519794592,0.23197496,0.27987063,0.24435043,0.26749516
traffic,452,15508,15892,0.8547864488160039,0.2906760925854489,0.66925955,0.56902754,0.726531,0.51175606
traffic,666,16020,17364,0.8547844329756191,0.2694869641433332,0.4031427,0.11437535,0.3854952,0.13202286
traffic,712,14804,17108,0.8547344441762116,0.24610435565156,1.3857278,0.8313821,1.3001758,0.9169341
traffic,626,14996,16532,0.85472539349998,0.2817373506044409,0.08163667,0.32109678,0.07191944,0.330814
traffic,469,15316,16276,0.8547210029992185,0.0805642848800161,0.47443247,1.0198144,0.822788,0.67145884
traffic,8,16148,16916,0.8547093850156096,-0.0423374729648802,0.27075744,0.42620754,0.19892812,0.49803686
traffic,426,14612,16148,0.8547071872132204,0.2120015626882481,0.15120101,0.036348343,0.009792089,0.12464476
traffic,81,14100,16212,0.8547025458762586,0.2575358779213222,0.3072493,0.6758883,0.6817117,0.30142593
traffic,479,15828,16596,0.8546938110545433,0.2294195351756043,0.3835249,0.3396325,0.19675636,0.52640104
traffic,769,15316,16468,0.8546588071190054,0.2856381025339654,0.222332,0.5789516,0.4978547,0.3034289
traffic,512,15444,16404,0.8546525188047644,0.2520228148590704,0.2997508,0.0685302,0.29550743,0.072773576
traffic,687,17236,17428,0.8546092949990108,0.2698571798934042,0.031853795,0.09367585,0.13285983,0.007330179
traffic,395,14996,15956,0.8546085368823904,0.1750608293253338,2.3199666,1.0395917,2.334277,1.0252813
traffic,340,16468,16852,0.854565857716668,0.268960965140733,0.43438208,0.37713218,0.45074558,0.36076868
traffic,620,15508,17044,0.8545621335755749,0.1977556751205021,0.3379078,0.6248996,0.36744297,0.59536445
traffic,172,14292,16404,0.8545457576932604,0.2827698309618801,0.32918084,0.37165272,0.74475586,0.043922305
traffic,394,16404,17364,0.8545394761789442,0.2799478779683043,0.97821355,0.9589982,0.7883105,1.1489012
traffic,646,14740,16660,0.8545283102852307,0.2559394201542685,0.52726495,0.5048053,0.6163689,0.4157014
traffic,588,15892,16468,0.854526240421089,0.2199202311132136,0.20906436,0.18613017,0.29584587,0.099348664
traffic,622,14100,16404,0.8544222108316346,0.018335227513231,0.07992792,0.37412298,0.2540964,0.54829144
traffic,337,16980,17364,0.8543626226445585,0.1756517025869012,0.3709334,0.6093745,0.5994853,0.38082266
traffic,754,16276,16660,0.8542593917051323,0.2065428939049894,0.5878227,2.514418,1.476867,1.6253736
traffic,728,15188,15764,0.8542457418911854,0.2912630627357783,1.0415688,0.71139884,0.97925735,0.77371025
traffic,614,16596,16788,0.8542245908579856,-0.0309253868028747,0.23815036,0.12504053,0.14836144,0.21482944
traffic,503,16276,16660,0.8542160203351771,0.2058299731112488,0.19371867,0.29964924,0.56663203,0.07326412
traffic,579,14612,15188,0.8542104251775615,0.167742239524665,0.041384697,0.49050426,0.55674624,0.024857283
traffic,156,16084,17044,0.8542087247956535,0.1633187826961871,0.41688132,0.22138786,0.59252846,0.045740724
traffic,620,14484,16020,0.8541748530515898,-0.0156593746388605,0.3931737,0.53384113,0.154176,0.77283883
traffic,726,14612,15956,0.85413839395849,0.2555279551921027,0.11673188,0.183846,0.0004799366,0.30105782
traffic,483,14804,16916,0.8541290797189457,0.2219425092007855,0.4671607,0.9078834,0.832669,0.5423751
traffic,658,15700,17236,0.8541216432811928,0.2251336759152429,0.42781246,0.5710794,0.17018175,0.8287101
traffic,512,15508,16084,0.8540998674057011,-0.0220828352290807,2.2592926,0.92485744,1.9960177,1.1881323
traffic,286,15316,16276,0.8540884954485779,0.2232767527335591,0.76088953,0.87979066,0.98676324,0.65391695
traffic,156,16020,17364,0.8540527702087575,0.099133361951654,0.4412396,0.22354507,0.2839167,0.38086796
traffic,67,14996,15572,0.8539548361226221,0.2274597182891184,1.6304994,0.85856056,1.3981135,1.0909464
traffic,761,14996,16340,0.853921604787569,0.1959810000055022,0.093096256,0.16296005,0.069987774,0.13985157
traffic,274,16020,16212,0.853888202652078,0.0849545486903556,0.3152182,0.5930388,0.62849164,0.27976537
traffic,516,14292,16404,0.853873812335155,0.0041504240994384,0.19792056,0.51151156,0.024623394,0.68480873
traffic,435,14164,15508,0.8538686738875197,0.2687173756662859,0.0010385513,0.3529086,0.22404146,0.1278286
traffic,108,15956,16916,0.8537674959460677,-0.1465419600519829,0.22658038,0.1295383,0.5757098,0.21959114
traffic,481,15892,17172,0.8537530953717848,-0.3313860356250589,0.76244426,0.92660594,1.2665558,0.4224944
traffic,503,14740,16852,0.8536957911587797,-0.1565059833495521,0.95473003,1.5766821,1.2422409,1.2891712
traffic,265,14676,16596,0.8536715537605918,0.2416784593238513,0.1186924,0.13890862,0.1185565,0.37615752
traffic,76,16020,16212,0.8536448182142329,0.0436491528488649,0.17826962,0.60105586,0.58306956,0.19625592
traffic,534,14484,16980,0.8535796993917029,0.2432357883819907,0.08928442,0.09126544,0.02172184,0.02370286
traffic,360,14676,16980,0.8535733604526807,0.2658060316599003,0.016337156,0.5189543,0.34634876,0.15626836
traffic,378,14036,16916,0.8535647159417663,0.1082176794066177,0.123128414,0.6110549,0.085565925,0.5734924
traffic,21,14868,16212,0.8535575013000268,0.2791468506697888,0.07237697,0.07851267,0.0951916,0.055698037
traffic,819,14996,15572,0.853543354738341,0.2212845563168856,1.6541572,1.1086934,1.9312317,0.8316188
traffic,230,14676,15828,0.8535294685241492,-0.0297217964126819,0.2551589,0.25233603,0.38689947,0.120595455
traffic,691,14420,14996,0.8535073440480085,0.2188997846854022,0.56114304,0.7254609,0.5570468,0.72955716
traffic,520,14612,16148,0.8535006497668166,0.1575633164801158,0.54179955,0.27594423,0.6374781,0.18026567
traffic,610,14484,16020,0.8534884471107625,0.246016322426903,0.21672106,0.27491927,0.022411585,0.5140519
traffic,459,14228,17108,0.8534880841228639,0.2089220097702132,0.3154837,0.15878046,0.20588887,0.049185634
traffic,685,16788,17172,0.853477086348785,0.2164250628597893,0.35768092,0.32830083,0.32901645,0.3569653
traffic,503,14036,14228,0.8534586607353386,0.0814562912078934,0.011460066,0.09172654,0.07377052,0.029416084
traffic,50,14868,16212,0.853407621719757,0.2672570959765912,0.096018314,0.1164577,0.11442447,0.09805155
traffic,607,14804,16340,0.8533929721250322,0.2552954652001544,0.087747574,0.056845903,0.038060904,0.10653257
traffic,393,16084,17364,0.853346206713245,0.1811297217671466,0.93303573,2.1361222,1.5930032,1.4761548
traffic,245,14292,15636,0.8533156557595017,0.2534957585502284,0.10086751,0.0009214878,0.16978526,0.06983924
traffic,462,14100,14676,0.8532681912731204,0.2453012123913593,0.24647546,0.3243153,0.4855051,0.08528566
traffic,766,14548,17364,0.8532627577869392,0.0161046521551655,0.57133543,1.6734278,1.7670008,0.47776246
traffic,411,16020,17364,0.853225858073075,0.1895147478778235,0.15788627,0.16035938,0.22521329,0.09303236
traffic,264,14292,16788,0.8532048196872881,0.0413394064780557,0.27591586,0.47074604,0.23428392,0.512378
traffic,397,14932,16660,0.8532000398494043,-0.0158910746446745,0.8685663,1.1979656,0.90411305,1.1624188
traffic,768,14228,15764,0.8531891690709709,0.1546518695861554,0.03158152,0.03579712,0.054234505,0.050018907
traffic,665,14292,16404,0.8531855269650804,0.2632359881223259,0.15446436,0.098033786,0.43345273,0.6859509
traffic,178,14484,16596,0.8531571523356944,0.1678161159415064,0.39781904,0.5065956,0.33503938,0.5693753
traffic,304,15828,16596,0.8531179514342929,0.2228661910881153,0.72519517,0.9389689,0.5685563,1.0956078
traffic,498,16020,16788,0.8530698649405499,0.2752374449662899,0.05410266,0.19997096,0.045898438,0.20817518
traffic,589,14164,17044,0.8529677270611425,0.1147516424401736,0.26290536,1.0945445,0.9372542,0.4201957
traffic,101,15956,16148,0.8529576623948614,0.2822477978227165,0.03320527,0.09497166,0.08115339,0.047023535
traffic,658,16980,17364,0.852938168674616,0.2938269382460399,0.07187247,0.13626552,0.48711467,0.27897668
traffic,615,14612,16532,0.8528813416460046,0.2982018481894701,0.44156957,0.13765621,0.35749555,0.22173023
traffic,539,15316,16276,0.8528744459209802,0.0926003070615773,1.0435212,1.2669859,1.7623909,0.5481162
traffic,263,15124,16276,0.8528629996589827,0.1610117373304866,1.0726976,0.95915335,1.2429378,0.7889132
traffic,125,16276,16660,0.8528542551802091,0.1368601983498907,0.4896598,0.9755789,1.1233653,0.3418734
traffic,484,14996,17108,0.852841567725969,0.2458624764933746,0.4924636,0.66149855,0.64761424,0.5063479
traffic,469,14740,17364,0.8528404001381166,-0.0393787950716233,0.7782372,1.4130924,1.5674297,0.62389994
traffic,718,14548,16468,0.8528312666345766,0.2178830968669741,0.05296254,0.2705891,0.023317575,0.24094415
traffic,667,15316,16468,0.852747014641458,0.0926221034130269,0.1021719,0.37597036,0.21628666,0.2618556
traffic,537,14676,15636,0.8527233768105059,0.1879118090310445,0.39171958,0.50846386,0.4335506,0.46663284
traffic,285,16532,17300,0.8526642396449038,0.2885555747811433,0.3100202,0.25887775,0.25432777,0.3145702
traffic,546,14548,17364,0.8526068524807638,0.1685174798853936,0.59763193,1.1468139,1.5511246,0.19332123
traffic,49,14420,16340,0.8525884724573679,0.2773182993209576,0.48039103,0.57224584,0.5434048,0.50923204
traffic,538,16148,17108,0.8525867689261449,0.1527995512484515,1.3408015,0.8554419,1.1712806,1.0249628
traffic,809,14804,17108,0.8525771401095699,0.116260052626308,0.8616992,0.8239973,0.96831334,0.7173832
traffic,639,16596,17172,0.8525574559921352,0.2988979620351495,0.9613763,1.4275947,0.92006457,1.4689064
traffic,29,15316,16468,0.8525252018638113,0.0728486618944398,0.14304042,0.47521353,0.30087662,0.31737733
traffic,220,16084,17364,0.8525146162066521,0.2354566722903824,0.80322015,2.2214603,1.6507823,1.3738983
traffic,524,14996,15188,0.8524742500744261,0.2886765428355901,0.48682833,0.34316444,0.7401209,0.08987188
traffic,320,14740,15508,0.8524303272690877,0.1983620987573895,0.55855834,0.5184598,0.45127523,0.6257429
traffic,693,14100,16404,0.8524225509778398,-0.0108977704433689,0.85903287,0.15956974,0.68664026,0.33196235
traffic,41,15828,16596,0.8524197433919926,0.1983216071136981,0.26667285,0.19947636,0.27864432,0.74479353
traffic,315,14676,17172,0.852411955475942,0.0922328311484771,1.0439036,0.56401205,0.7404487,0.8674669
traffic,517,15636,16404,0.8523998740270685,0.2464740496320597,0.19915628,0.061551213,0.17150879,0.4322163
traffic,334,14804,15764,0.8523900243317091,0.2571627209045994,0.23591185,0.43057573,0.2964046,0.37008297
traffic,406,14164,17236,0.8523792880054877,0.2673494407607705,0.24446273,0.7715299,0.6010053,0.41498733
traffic,603,14420,15188,0.852348171989196,0.2731900879877591,0.06895077,0.15871656,0.46168828,0.23402095
traffic,653,15124,16276,0.8523463670357213,0.2713219931991336,0.22440743,0.40086722,0.19397902,0.017519236
traffic,590,15764,16916,0.8522996200647094,0.1152463599694915,0.15063155,0.25933552,0.0990293,0.009674668
traffic,327,14740,15508,0.8522761719581574,0.2328352087843154,0.07120514,0.49192548,0.40514302,0.015577316
traffic,569,15316,16468,0.8522540234883013,0.1916201105638881,0.4055586,0.76865673,0.8210957,0.3531196
traffic,289,15316,17236,0.8522417348985716,0.2914589381393235,0.20704436,0.6157584,0.5115423,0.31126046
traffic,439,15316,16468,0.852239722874522,0.1678150281144812,0.563005,0.8769821,0.8498421,0.590145
traffic,214,16276,16660,0.8522241924652473,0.1589392960316444,0.4393468,0.5751908,0.6589432,0.3555944
traffic,725,14484,16788,0.8522203647223139,0.2904548616622193,0.32686687,0.22684026,0.026891947,0.5268152
traffic,768,15508,16852,0.8521862199302404,-0.086585971366736,0.18205094,0.31212282,0.1299758,9.608269e-05
traffic,0,14036,16724,0.8521844214626753,0.0295781250163686,1.044313,1.1458589,1.1592332,1.0309386
traffic,354,14932,16276,0.8521304578973378,0.2114529339748806,0.17590499,0.26377517,0.084127545,0.17199773
traffic,415,15828,16788,0.8520731455723245,0.1816456133178787,0.25620127,0.19313598,0.16849303,0.2808442
traffic,217,16660,17428,0.8520474578555401,0.2895677374141811,1.2892272,1.0724255,1.5995078,0.7621449
traffic,707,16148,17108,0.8520341805463673,0.2806744300269854,0.39898062,0.7810135,0.6820402,0.4979539
traffic,175,15636,16212,0.8520197211913573,0.2215386116249116,0.76317835,0.6378807,0.8196204,0.58143866
traffic,536,14484,16980,0.8519772277226506,0.2701833166661707,0.51921797,0.5535307,0.5830879,0.48966074
traffic,505,15124,17428,0.8519691228396884,0.2369714062096306,0.23905897,0.4656148,0.19690728,0.5077665
traffic,391,14164,16852,0.8519450352958589,-0.0872902204377269,0.12280393,0.32969975,0.1803987,0.27210498
traffic,674,14676,17364,0.8519387295691779,0.142480329812482,0.40869975,0.38851976,0.55024767,0.24697185
traffic,544,14612,16340,0.8518989768301313,0.0045635904818227,0.60103357,1.6528299,1.0353724,1.2184911
traffic,526,14740,17364,0.8518581222760885,0.0115751413908215,0.46278238,0.7357862,1.4610958,0.26252723
traffic,537,14292,17364,0.8518533306342299,0.2957390492401863,0.43346334,0.87063074,0.8697865,0.43430758
traffic,536,15828,16596,0.8518162096571888,0.2781742853347719,0.6495309,1.3827411,1.391578,0.640694
traffic,69,14932,17236,0.8517638951905091,-0.0499510089571388,0.84450626,0.36611593,0.36189342,0.8487288
traffic,203,15764,16340,0.8517486414889046,0.2348115659117636,0.93764174,1.8647091,1.1662091,1.6361418
traffic,2,14228,16532,0.8517473088662202,0.1639460293832449,0.056195974,0.3918841,0.14067602,0.30740404
traffic,131,14740,17364,0.8516813297094599,0.0064779464356694,0.6964332,2.275013,1.799998,1.1714482
traffic,293,14036,14996,0.8516614498426232,0.2772879313027853,0.36900067,0.4697435,0.44241655,0.3963276
traffic,324,15252,15828,0.8516578302987287,0.29250806614131,0.853771,0.8845589,0.77628946,0.9620404
traffic,480,14484,16980,0.8516279041683047,0.2589299326388367,0.24898386,0.14761329,0.07399845,0.027372122
traffic,687,14612,16340,0.8516090933578115,0.2505372537426009,0.86575365,1.4449627,0.96042466,1.3502917
traffic,720,14868,16212,0.8516059295688105,0.1382377161309221,0.10930705,0.14019012,0.12967134,0.11982584
traffic,94,15316,16468,0.8516013018579156,0.2144281188728503,0.6815491,0.6994308,0.8879411,0.49303877
traffic,545,14036,14868,0.8515801382435041,0.2256888148577748,0.36714673,0.044945717,0.32032037,0.0018806458
traffic,100,15764,16532,0.8515797068646641,0.2189709404165299,0.66343355,0.5251281,0.65423894,0.53432274
traffic,124,14676,16020,0.8515679248260377,0.2921948976613843,0.1145134,0.029266834,0.04923916,0.036007404
traffic,295,15316,15700,0.8514850522428142,0.0272869321519486,0.07273555,0.011767387,0.21534657,0.15437841
traffic,234,14356,17044,0.8514080255462373,0.0187603875405504,0.093167305,0.44452965,0.07569313,0.42705548
traffic,107,16468,17236,0.8513880530729344,0.2951447238801047,0.35502076,0.24603486,0.20471466,0.39634097
traffic,804,15188,16916,0.8513186278729876,0.1498762692025427,0.19514346,0.6980052,0.22573555,0.2771262
traffic,376,14292,16596,0.8512753881513047,0.2895971579757856,0.119244576,0.3222294,0.12991261,0.31156135
traffic,529,14612,14804,0.8512718381384636,0.2414829692980749,0.54114604,0.023063898,0.22798228,0.33622766
traffic,854,17236,17428,0.8512542218741969,0.1993664244715113,0.10852909,0.4526899,0.4813497,0.07986927
traffic,207,15956,17108,0.8512528423576164,0.2140924741087579,0.09459257,0.15967941,0.0028772354,0.25139475
traffic,709,14420,16340,0.851223772214197,0.2819036241826548,0.7880149,1.5684788,1.1006541,1.2558396
traffic,247,14804,16340,0.8511855405177563,0.0045799690806996,0.03396225,0.22567153,0.32857084,0.13686156
traffic,281,14612,17300,0.8511803142374111,0.0817030133947148,0.10932565,0.02740693,0.16321683,0.026484251
traffic,732,16020,16212,0.8511439496756661,0.1541265293084938,0.7938731,0.79010165,1.1085393,0.47543538
traffic,735,15508,17044,0.8511132992709746,0.2770723861046688,0.077703714,0.4739611,0.29369283,0.257972
traffic,803,16660,17044,0.8510724066693446,0.2334301596260904,1.4097185,1.050864,1.5227468,0.9378357
traffic,135,16020,17364,0.8510721194225545,0.1967943249065415,0.17596626,0.10932875,0.22747755,0.05781746
traffic,205,14292,17172,0.8510695326302331,0.2813581873884814,0.62855184,0.2892897,0.44429433,0.47354722
traffic,802,15636,15828,0.8510506023481789,0.2500515025359901,0.51778555,0.5011318,0.48019385,0.53872347
traffic,835,14932,17236,0.8510457995451073,0.1845316008425099,0.12921667,0.5421938,0.3312304,0.34018004
traffic,275,14292,16980,0.8510371344032296,0.1687747980683331,0.22609973,0.19066024,0.4773171,0.060557127
traffic,733,14996,15956,0.8510302031094003,0.2570674024842495,0.12579608,0.22159982,0.19068623,0.15670967
traffic,81,15700,16852,0.8510029020029675,0.1678784746085925,0.24972892,0.22515655,0.2949009,0.17998457
traffic,627,15124,16276,0.8509985918182513,0.1892618107584067,0.22283399,0.5466959,0.46288657,0.3066433
traffic,317,16148,17108,0.850966571166608,0.1618498975670728,0.40960765,0.3247726,0.23027015,0.5041101
traffic,494,14036,17300,0.8509373553302633,0.2467189133408119,0.54066277,0.16557074,0.51016104,0.19607246
traffic,348,15444,16212,0.850935318077528,0.2602071176627888,0.1465317,0.1857835,0.2216171,0.110698104
traffic,792,15188,16340,0.8509268938145121,0.2288343886745079,0.49051058,0.10753012,0.21731484,0.38072586
traffic,596,15892,17236,0.8509063798374151,0.248579347703908,0.092103004,0.17086434,0.019693613,0.09845495
traffic,397,14164,16084,0.8508727671392601,0.2432686277935528,0.618155,0.5949904,0.55404615,0.6590992
traffic,287,14356,15700,0.8508707021011586,0.2709530582696419,0.02778101,0.21640563,0.00427413,0.23991251
traffic,640,16468,16660,0.8508514927357874,0.0747100592549006,0.56506085,1.4296823,1.0515177,0.9432254
traffic,538,15316,17236,0.8507895357452907,0.0318405496613499,1.7574731,1.2210815,2.138485,0.84006953
traffic,41,14036,16340,0.8507745124823103,0.2851461357158348,0.90924466,1.9434817,1.0750228,1.7777035
traffic,586,15508,17236,0.8507186366309398,0.2917250462613768,0.73678565,1.1981592,1.2870424,0.6479025
traffic,696,16020,17364,0.8507035167939313,-0.510520732540048,0.043115377,0.27113485,0.16572118,0.39374065
traffic,826,14292,16596,0.8506987596117525,0.2218263623831699,0.4969573,0.25450897,0.33686602,0.41460025
traffic,654,16020,16212,0.8506305661959084,0.1330733537504806,0.5123508,0.6113417,0.65649104,0.46720147
traffic,829,15828,17364,0.8506233685306155,0.2507394216483335,0.3653326,0.15207696,0.057862043,0.5752716
traffic,610,14100,15828,0.8506002145869794,0.2514048563733351,0.45216322,0.18789506,0.40641308,0.2336452
traffic,338,15508,16852,0.8505442744751748,-0.100293200459031,0.042132378,0.015183687,0.1434536,0.08613753
traffic,734,16148,17108,0.8505242919101923,0.1889250454196946,1.431422,0.8942465,1.3142872,1.0113814
traffic,525,15124,16276,0.850523617041654,0.2932156919566336,0.092175126,0.38756514,0.30660212,0.17313814
traffic,850,14548,17364,0.850519460666137,0.048342737134112,0.533996,1.4743475,1.495559,0.5127845
traffic,599,14420,17108,0.8505140805138447,0.0978281442307946,0.18516374,0.2848313,0.40227413,0.06772089
traffic,314,15892,17364,0.8504940807764604,0.0332563565788515,0.8664684,1.0894995,1.5354722,0.42049575
traffic,150,15188,16532,0.8504438742944753,0.2699695997440486,0.07917249,0.12351966,0.031906724,0.07625389
traffic,334,15188,16532,0.8504402550091062,0.1885815861119162,0.036895037,0.26329708,0.02146244,0.27872968
traffic,24,14484,16980,0.850413388045502,0.2468883662678796,0.005678892,0.14636779,0.16344833,0.30413723
traffic,830,15828,16596,0.8503716943919591,0.2492820172227372,0.6059451,0.54788303,0.45148635,0.7023418
traffic,515,14484,14868,0.8503397546855073,0.2890686234884498,0.33810902,0.42359185,0.25572276,0.5059781
traffic,681,14292,16020,0.8502906518030887,0.277268276284199,0.024164677,0.41149282,0.59093237,0.15527487
traffic,275,14484,16596,0.8502747042602541,0.2783670661228557,1.513185,0.89132893,1.3685019,1.036012
traffic,233,14676,17364,0.8502652310449611,-0.0778148788763609,0.69628716,0.35364532,0.6237395,0.426193
traffic,699,15828,16596,0.8502188377308173,0.1521799810921916,0.046528578,0.4372816,0.1122365,0.3715737
traffic,643,15252,16596,0.8501844728677462,0.2518167901526792,0.13792562,0.14877558,0.27511334,0.011587858
traffic,296,16084,16852,0.8501632003074636,0.2732093793086554,0.5853685,0.6916542,0.60289943,0.6741233
traffic,74,15316,16468,0.85015045070367,0.1785551030424861,0.71435046,0.7745918,0.93075466,0.5581876
traffic,97,15508,17236,0.8500554872996441,0.2595391142468999,0.706949,1.3883481,1.6586839,0.43661314
traffic,508,14164,16660,0.8500389679360274,-0.0139685342023926,0.4353478,0.4212613,0.6291492,0.22745991
traffic,114,15572,16340,0.8499902810502418,0.2506493858144152,0.9037998,1.810596,1.1899383,1.5244575
traffic,666,16404,17172,0.8499896113653003,0.1882690300290808,0.8595462,0.62018275,0.62692595,0.852803
traffic,340,14804,15188,0.8499659303029987,0.1180080716153899,0.16136634,0.0021220446,0.2288301,0.3923185
traffic,112,14612,17300,0.8499398792904418,-0.1072182080192556,0.103103876,0.16067314,0.27763152,0.013854504
traffic,755,14292,15828,0.8499150190712271,0.2837796227869074,0.5081272,0.70306635,0.5068257,0.7043679
traffic,485,14164,17236,0.84985041711488,0.2083225242236918,0.74499154,1.4131465,1.6113981,0.54673994
traffic,346,14356,16084,0.8498325472348565,0.2912287489389088,0.71535563,0.49199212,0.59314394,0.6142038
traffic,129,15700,16852,0.8497490437631798,0.2928652595337881,0.16309047,0.08269,0.083235264,0.1625452
traffic,512,14740,16660,0.8497226970769896,-0.0970362128383151,0.7003546,0.7556071,0.7479141,0.7080476
traffic,824,14420,16532,0.8496851261774838,0.259472994167664,0.37224877,0.7125902,0.9101261,0.1747129
traffic,775,15124,17236,0.849659858017534,0.2962273748204506,0.41722488,0.29935384,0.12150025,0.59507847
traffic,689,16980,17364,0.8496305057614325,0.2893814713351618,0.31152654,0.24087238,0.53052664,0.021872282
traffic,462,15508,17236,0.8495399236648052,0.2412820784217873,1.1301193,1.0505803,1.1531363,1.0275633
traffic,322,14100,16212,0.8495029975679984,0.2085792560983573,0.61552835,0.647853,0.8276799,0.4357015
traffic,382,17172,17364,0.8494792207587947,-0.0293988088832977,0.3495474,0.28192043,0.032119274,0.6635871
traffic,706,14036,16916,0.8494713195718355,0.2842635995290721,0.020059943,0.16406357,0.02923578,0.17323941
traffic,515,14996,15956,0.8494613539377298,0.2793003087079367,0.64104426,0.53284967,0.80555356,0.36834037
traffic,371,16020,16212,0.8494513185905394,0.2804397969304232,0.19751,0.21516204,0.18764925,0.2250228
traffic,828,14676,16980,0.8494054485659579,0.2201239687037369,0.36593866,0.2958355,0.14002275,0.069919586
traffic,724,14228,16852,0.8493653966253737,-0.0043190063927992,0.33821964,0.111557245,0.47646236,0.026685476
traffic,572,14100,16212,0.8493576839100938,0.2948141773557061,0.16116571,0.50985396,0.56408346,0.10693622
traffic,269,14164,15508,0.8492785487679176,0.2356487501308189,0.099592686,0.1026845,0.03193283,0.17034435
traffic,833,16148,17108,0.849239653788314,0.2866437750017391,0.1076653,0.13194942,0.16012597,0.3997407
traffic,577,16980,17364,0.8492068310681016,0.2468969469101262,0.012833834,0.13643312,0.33163238,0.18236542
traffic,820,15444,15828,0.8491962136119954,0.2248573550226939,0.64294493,0.3016081,0.45065224,0.49390078
traffic,571,15124,15700,0.8491954002601889,0.193371603930684,0.25574303,0.08129811,0.041189432,0.21563435
traffic,515,15380,16916,0.8491826746831389,0.210191631037271,0.03830707,0.27841723,0.15955555,0.15716875
traffic,401,14292,16980,0.849182258223054,0.1832816615063062,0.09347558,0.29049206,0.059288025,0.2563045
traffic,360,14356,15700,0.8491760009454086,0.1101798410932071,0.07618737,0.003518343,0.010925531,0.068780184
traffic,584,14804,17108,0.8491703594974649,0.1263491752150951,0.7931613,0.76266885,0.83858705,0.7172431
traffic,85,16468,16660,0.8491363513339366,0.1640619334579168,0.39591503,1.036638,0.9032223,0.52933073
traffic,478,14612,16724,0.8491100288937714,0.2643594183218244,0.38039994,0.2759986,0.19032621,0.46607232
traffic,13,15188,17108,0.849092614539247,0.2982012278671453,0.60299516,0.70940423,0.57269144,0.73970795
traffic,644,15060,17364,0.8490678331563463,0.0280436814650687,0.8073146,1.6769744,0.94860214,1.5356869
traffic,410,15508,16852,0.849064052712728,0.1362903001269697,0.24706984,0.26985693,0.24464846,0.2722783
traffic,540,14676,16980,0.8490504836460728,0.1776987848313172,0.59699035,0.41393137,0.6876991,0.32322264
traffic,826,14484,15060,0.8490393745090422,0.0794007706110077,0.05084324,0.059382915,0.05821967,0.049679995
traffic,330,15508,16852,0.84902587979239,0.2452669879533638,0.055418015,0.17068934,0.05048299,0.27659035
traffic,361,17172,17364,0.8489978852455025,-0.1261900023960307,1.0594761,0.42326522,0.41065502,1.0720863
traffic,410,14804,17108,0.8489917439237047,0.1880734433369572,1.1962979,0.75586677,1.057548,0.8946166
traffic,328,16724,17300,0.8489689879616804,0.281569926217369,0.041136265,0.32986593,0.35399508,0.017007113
traffic,88,16660,17236,0.8489447738364404,0.2790389121348737,0.77843213,1.0297339,1.2352855,0.5728805
traffic,520,15252,16788,0.84893940862071,0.2557749794180544,0.2261796,0.13156128,0.28368878,0.074052095
traffic,312,14932,15508,0.8489309487706427,0.1184576657382565,0.3894577,0.61192954,0.7785522,0.22283506
traffic,284,16596,16980,0.8489277144970597,0.1980031395327264,0.45250118,0.4835148,0.48673046,0.4492855
traffic,166,16596,17172,0.8489049901851266,0.2929534303705287,1.0258676,1.2183945,0.8382269,1.4060352
traffic,260,15764,16340,0.8488894556835369,0.2344458975952881,0.73345065,1.0721787,0.93337643,0.87225294
traffic,749,14804,17108,0.8488823598492993,0.1979310443512943,1.182384,1.21136,1.6719664,0.72177756
traffic,151,14804,17108,0.8488593796101889,0.2353551144145839,0.9806675,0.85245895,1.2303871,0.60273933
traffic,495,15188,16340,0.848836228551162,0.2732307015780001,0.19648099,0.15625525,0.053658247,0.09388399
traffic,107,14292,15252,0.8488290914645261,0.2234848313893037,0.2288866,0.4443655,0.21956182,0.4536903
traffic,199,14804,14996,0.8487993010942949,0.2100026799313548,0.02519989,0.12203336,0.08182669,0.06540656
traffic,64,14676,16980,0.848798325344131,0.1656770660618797,0.47568703,0.16379404,0.4232874,0.111394405
traffic,383,16596,17364,0.8487775186303455,0.2293183557931518,0.28463244,0.19302201,0.3801067,0.09754777
traffic,739,15316,17236,0.8486904966750536,-0.3277115902573176,1.5926809,1.3073814,2.1068766,0.79318565
traffic,684,15636,16404,0.8486892127998023,0.2386423590610878,1.0454504,0.83434474,1.1708643,0.70893085
traffic,229,15316,16660,0.8486827560560912,0.2290153608367512,0.48509812,0.5175159,0.53881145,0.46380258
traffic,310,15764,16532,0.8486442777898426,0.2653761178849977,0.2662853,0.22972143,0.55267096,0.05666423
traffic,553,17236,17428,0.8485898587544694,0.2747320908751961,0.55560803,1.4330175,1.0254173,0.9632082
traffic,303,14484,16980,0.8485854666099989,0.1586949062366534,0.31191015,0.5460708,0.46235943,0.39562154
traffic,15,14996,16916,0.8485393441023563,0.2953592292257009,0.57447886,0.7098243,0.5871028,0.6972004
traffic,204,16660,16852,0.8485392753682152,0.260193059115611,0.10045552,0.18118238,0.124462366,0.15717554
traffic,497,14804,16916,0.8485157471412178,0.2065252791855333,0.1425438,0.6187179,0.3300438,0.4312179
traffic,234,14676,15828,0.8484980370899169,0.0293561990434653,0.43509364,0.34941173,0.026816845,0.05886507
traffic,617,16276,17172,0.8484633254367516,-0.0251041317924208,0.73618543,0.90546155,0.916674,0.72497296
traffic,771,14036,16532,0.8484516801366352,0.2905721388486384,0.23599029,0.44579363,0.5279043,0.15387964
traffic,568,14292,16788,0.8483961895717136,0.0648221781885846,0.76793814,0.7330482,0.722275,0.7787113
traffic,370,16596,17172,0.8483548094545802,0.2415302590776839,0.43426132,0.084629536,0.36697173,0.15191913
traffic,56,14420,16916,0.8483112346783647,0.2851941310524821,0.3741119,0.5403851,0.3657031,0.5487939
traffic,756,14356,14740,0.8482501253902349,0.2619020863402158,0.064216614,0.031050682,0.06816864,0.027098656
traffic,578,16084,17236,0.8482450822019508,0.2883932184927613,0.16601527,0.50423074,0.20708263,0.13113284
traffic,567,15124,16084,0.8482320477627092,-0.0427809189445435,0.0012934208,0.6538646,0.29589462,0.35667658
traffic,403,16148,17108,0.8482225744230825,0.0831389700297922,1.2332997,0.870752,1.2709746,0.8330771
traffic,38,15828,17364,0.8482187213371036,0.0364762338057684,0.0766294,0.070235014,0.14021254,0.0066518784
traffic,716,15124,16852,0.8482151660187658,0.2833003886059569,0.13029695,0.1898818,0.012425423,0.07201028
traffic,355,14548,17364,0.8482030577752765,0.0009763874482541,0.4767182,0.12888956,1.0563755,0.45076776
traffic,145,15892,16660,0.8481983345098043,0.2851155028117533,0.5887177,0.34105968,0.599262,0.33051538
traffic,78,14676,17364,0.8481291981517431,0.2985860711438467,0.34387016,0.118130445,0.27391958,0.18808103
traffic,389,14036,16660,0.8481246670304013,0.2269992189098962,0.80649173,2.150301,1.4300127,1.5267801
traffic,829,14676,16980,0.8480915811947223,0.2131680136627375,0.43922877,0.11386943,0.27008557,0.05527377
traffic,59,16212,16596,0.8480697313325143,0.1195490519791612,0.09704876,0.08908987,0.20709085,0.020952225
traffic,708,14420,16532,0.8480666885193754,0.2684715823282925,0.37016928,0.3813517,0.55559504,0.19592595
traffic,47,15316,16468,0.8480591010038847,0.179388352164541,0.8720114,1.0813988,1.2604079,0.69300234
traffic,312,14420,14996,0.8480081296262515,0.283272787111416,0.44179177,0.420341,0.53169084,0.33044195
traffic,505,15060,16980,0.8480056533589085,0.2882288452713607,0.74402165,0.45210147,0.59001064,0.6061125
traffic,781,16980,17364,0.8479926604285032,0.2854675999247697,0.29659867,0.4024129,0.5560379,0.14297366
traffic,354,16084,17364,0.8479911163955098,0.1150676113365145,0.8356039,2.5317304,1.8067408,1.5605936
traffic,229,14228,16532,0.847981944922741,-0.0103022945989698,0.10613656,0.20613861,0.2616768,0.57395196
traffic,13,14484,15060,0.8479531476099628,0.1732533773300717,0.5291792,0.24245739,0.16550899,0.6061276
traffic,281,14996,16916,0.847944915537507,0.2771574089276814,0.96101475,0.6484544,0.9037461,0.70572305
traffic,150,14484,14676,0.8479118048384606,-0.1403864661474973,0.123645306,0.04237032,0.35429478,0.5203104
traffic,720,14676,16404,0.8479014195317793,0.1777060629694186,0.041739464,0.17146826,0.034775972,0.17843175
traffic,640,15764,17108,0.8478459066919648,0.2733037400729958,0.48262894,0.003808856,0.54243433,0.055996537
traffic,649,14868,15828,0.8478424039651703,0.2724716658752086,0.51728773,0.17998481,0.41526937,0.28200316
traffic,222,14676,17172,0.8478157931450407,0.1880025887814021,0.51739573,0.497061,0.67310524,0.3413515
traffic,437,14356,15508,0.8477652565696384,-0.0911418002709689,0.09806752,0.09431124,0.37856317,0.1861844
traffic,670,14484,16788,0.8477524788882937,0.1736177679379462,0.9647181,0.42412686,0.5057483,0.8830967
traffic,129,15060,16020,0.8476598095454857,0.2473018627306579,0.2310412,0.58599234,0.5025966,0.3144369
traffic,19,15508,16852,0.8476224635046854,0.0775029862858422,0.083744526,0.056937218,0.2282393,0.087557554
traffic,239,15636,16788,0.8476159134532482,0.2891953613990612,0.023493052,0.07373881,0.34822607,0.44545794
traffic,412,16084,17364,0.8476102370177492,0.0714913169725464,0.6316166,1.2244647,1.5385382,0.31754303
traffic,305,15444,15636,0.8475886464868159,0.0945512006328238,0.5677177,0.60842156,0.8596176,0.31652164
traffic,583,16980,17364,0.8475801476051521,0.1223882079883356,0.45967793,0.5775573,0.70402074,0.33321452
traffic,853,14036,16916,0.8475128436826818,0.2985313680933488,0.004606843,0.031733394,0.11841595,0.15475619
traffic,544,14356,16212,0.8474790461270277,0.1651304530422827,1.0604312,0.75939417,1.2206945,0.59913087
traffic,213,16020,16404,0.8474721323867143,0.1883990818380826,0.43851542,0.67345035,0.47691703,0.63504875
traffic,705,14676,17364,0.8474503102025721,0.222773892145146,0.33369613,0.21275902,0.30621672,0.24023843
traffic,403,15444,15636,0.847437789663502,0.273678141927044,0.45370078,0.72424436,0.62404394,0.5539012
traffic,766,15316,16468,0.8474145021647461,0.1277432463481859,1.079402,0.9678879,1.3643277,0.6829622
traffic,553,14996,16340,0.8473991762143596,0.0289500316299324,0.031174183,0.18244481,0.057130814,0.20840144
traffic,672,14612,16916,0.8473869571025687,0.2197790495277456,0.41240573,0.44131708,0.15498161,0.18389297
traffic,439,16660,17428,0.8473237406353518,0.1308253032519712,0.90255904,1.0708191,1.316966,0.6564121
traffic,768,16148,16724,0.8472724003803365,0.2990745850583466,0.05730629,0.79181397,0.42223132,0.42688894
traffic,713,16084,16276,0.8471858548526762,0.1668590528301267,0.097132206,0.2233355,0.09554219,0.22492552
traffic,108,14996,16340,0.8471574608902837,-0.0169515105631721,0.4029615,0.28206825,0.38513708,0.29989266
traffic,318,14292,15828,0.8471063481233775,0.1754956059681609,0.46100616,0.50733423,0.4290774,0.539263
traffic,17,14676,17172,0.847003345490354,0.052017025860434,0.8016441,0.43103552,0.07046747,0.3001411
traffic,335,15508,16276,0.8469958636278585,0.1620392059148283,0.43474078,0.891618,0.9072813,0.41907752
traffic,539,14036,16916,0.8469560493074114,0.1927532739257049,0.13080597,0.50792456,0.05064559,0.58808494
traffic,242,14292,14484,0.8469039558580729,0.1159611676468489,0.36206758,0.4015324,0.37619388,0.3874061
traffic,766,16148,17300,0.8468875288662427,0.2627970492368857,0.1574974,0.61360955,0.4546702,0.31643677
traffic,835,14420,14612,0.8468781624985973,0.2248410600102185,0.22944331,0.21974659,0.22026992,0.22891998
traffic,495,14484,16596,0.8468733670293052,0.2356620588915807,0.3167882,0.33571458,0.18586636,0.46663642
traffic,642,15380,16532,0.8468632386227384,0.2958075425388188,0.87876725,1.0023475,0.8970864,0.98402834
traffic,546,15636,16788,0.8468445856132176,-0.0841442916145803,0.17151427,0.30664587,0.15617108,0.32198906
traffic,659,16020,16404,0.8467816841998108,0.1513743747422088,0.43498135,0.7074106,0.52492,0.61747193
traffic,417,16020,16788,0.8467738628040669,0.285473186406334,0.20799613,0.5665753,0.5100715,0.2644999
traffic,477,15124,16276,0.846764149016283,0.2261858149231383,0.042036533,0.37771547,0.29950893,0.036170006
traffic,655,16020,16404,0.8467194657165397,0.2822656830089377,0.4438169,0.30576575,0.22769189,0.52189076
traffic,520,14228,16660,0.8466358496489633,-0.0364345726011344,0.43632936,0.8793125,1.141597,0.17404485
traffic,712,14292,16404,0.8466343507062514,0.296181194898064,0.77033377,0.70925,0.7529316,0.72665215
traffic,752,16660,17236,0.8466332700809288,0.2758400587715572,0.24221373,0.37807631,0.2303654,0.38992465
traffic,631,16468,17236,0.84656855129823,0.2269079778391865,0.037562847,0.1534841,0.05395055,0.06197071
traffic,504,14484,17364,0.8465576243005919,0.247964980348402,0.22976685,0.4372716,0.58647275,0.08056569
traffic,768,15636,16788,0.8465464560682184,0.2560051265918289,0.04052949,0.012636542,0.14506269,0.19822872
traffic,127,14804,17300,0.84652790364989,0.2287984931178363,0.118204474,0.051143885,0.19866431,0.13160372
traffic,784,14164,16852,0.8465200592495364,0.2603407340418985,0.008950949,0.027280807,0.024347067,0.042676926
traffic,666,14740,16852,0.8465123229954915,0.2541281944147737,0.63077664,1.0447963,1.1157161,0.5598569
traffic,113,15380,15764,0.8464795322131178,0.186837565685876,0.11136246,0.30879283,0.37775993,0.042395353
traffic,148,14996,16916,0.8464728936485982,0.2450370954657785,0.7598003,0.8013603,1.0152116,0.54594904
traffic,376,14932,17236,0.8464562413156094,0.269348815690651,0.17907631,0.10503662,0.036594033,0.2475189
traffic,244,14036,14612,0.8464273791970753,0.1455157376153249,0.3869791,0.59384084,0.5633285,0.41749144
traffic,521,14356,15316,0.8463682254488356,0.209340969916061,0.07777357,0.119054556,0.38186264,0.18503451
traffic,539,14100,16404,0.8463674523359699,0.1885734429357451,0.16430104,0.29477322,0.1693083,0.62838256
traffic,700,15892,17364,0.8463614711595522,-0.0430716290589183,0.4861338,0.35849905,1.2047155,0.36008263
traffic,152,17108,17300,0.8462979851327453,0.2918606357028374,0.31251347,0.538571,0.6180545,0.23302996
traffic,408,14164,17428,0.8461847979199862,-0.0384054091543905,0.35413146,0.06143391,0.55500627,0.1394409
traffic,624,14484,16596,0.8461720866053934,0.1812960918171557,0.7225163,0.8115977,0.8947935,0.6393205
traffic,221,15892,17364,0.8461564186179842,0.0078471557658945,0.68499935,0.89078224,1.3268311,0.24895048
traffic,391,15508,17428,0.8461349030156663,0.0581244627431033,0.69715023,0.3230207,0.35225868,0.66791224
traffic,331,14036,15764,0.8460975347763667,0.2625584778228977,0.11107224,0.14024663,0.08239746,0.053223073
traffic,702,14548,17364,0.8460917361387519,0.0995651737538766,0.17018843,0.28308785,0.63828874,0.75118816
traffic,780,16660,17044,0.8460452986191528,0.0585488745848532,0.22899866,0.5922544,0.50439405,0.316859
traffic,769,15252,17364,0.8459984796715323,0.0671251560203647,0.98617184,1.496911,0.7426008,1.7404821
traffic,593,14932,17044,0.8459875202970659,0.2777750663593893,0.0967139,0.18121815,0.056614757,0.141119
traffic,555,16660,17428,0.8459868871478516,0.1916017479679669,0.9888272,1.005365,1.3547449,0.63944733
traffic,287,15828,16596,0.8459720890061223,0.1909981986163364,0.6748941,0.7630018,0.6641066,0.7737893
traffic,81,15316,16276,0.8459159298507184,0.2912065833855539,0.8015652,0.8697517,1.0520928,0.6192241
traffic,627,15572,16660,0.8459126618148926,-0.0641733019207957,0.61010516,2.8191562,1.7922945,1.6369667
traffic,631,14484,16212,0.8459079139706586,0.0941229552661063,0.26176763,0.42788815,0.20628953,0.48336625
traffic,529,15892,17364,0.8458150999101323,-0.0748191439250392,0.7031764,1.2248893,1.6402832,0.28778243
traffic,360,15124,16468,0.845798541412078,0.257870942738737,0.42380154,0.14383924,0.06963682,0.49800396
traffic,418,14164,17236,0.8457957241173552,0.1707228073320042,0.5944493,1.2363238,1.3580325,0.47274065
traffic,426,14932,15892,0.8457925007850549,-0.0794481080112091,0.06288767,0.042478085,0.07394624,0.031419516
traffic,320,14932,16852,0.8457454741616819,0.2277738551670995,0.6698773,0.7136986,0.59085655,0.79271936
traffic,581,14484,16404,0.8457324613906021,0.2951819815777815,0.9000187,0.5843129,0.5339675,0.9503641
traffic,816,15764,16532,0.8457082576973977,0.2206935301233471,0.50462437,0.41864002,0.59987116,0.32339323
traffic,641,16852,17236,0.8456977985376761,0.268061059471846,0.33493102,0.56706285,0.6177032,0.28429067
traffic,26,15636,16788,0.845682284681446,0.2327204545661732,0.27874875,0.32088804,0.22696018,0.3726766
traffic,310,14740,17236,0.8456789861797576,0.2760998473241046,0.033380985,0.4459409,0.20568359,0.20687634
traffic,25,14292,16788,0.8456496684206948,0.0321307482959158,0.29644084,0.5054581,0.2399261,0.56197286
traffic,323,15124,16468,0.8456395022673385,0.1922105206474201,0.22005045,0.23731649,0.4550271,0.00233984
traffic,233,15764,17108,0.8456334657746675,0.094483326191287,0.34124744,0.13230014,0.2917484,0.0828011
traffic,334,14036,16148,0.8456107636458072,0.1337505938935585,0.2519896,0.08784127,0.24481869,0.09501219
traffic,240,14932,16852,0.845535082896605,0.1620385824946364,0.45588696,0.6385689,0.8140062,0.28044963
traffic,464,14996,16340,0.8455297844893155,0.215298420920344,0.048808098,0.15586686,0.05113721,0.055921555
traffic,141,17108,17300,0.8455109705314151,0.2555844964330271,0.21714425,0.34807467,0.33899736,0.22622156
traffic,693,15508,16084,0.8454718725348649,-0.0829555337461992,0.94731855,1.0657716,1.2705529,0.74253726
traffic,587,14292,17364,0.8454385547312578,0.2893760160290582,0.26646495,0.49654126,0.5976062,0.16540003
traffic,447,14228,16724,0.8454215454487792,0.1209264037159758,0.12567043,0.89293885,0.60494196,0.41366732
traffic,196,14676,15828,0.8454211150878206,0.0131676361667232,0.38942933,0.088261604,0.3455274,0.13216352
traffic,752,14484,15252,0.8453722978758345,0.2694737745125423,0.075012445,0.10574603,0.02796936,0.20872784
traffic,418,14932,16660,0.8453699531694958,-0.1077718176132135,0.8674257,1.9306324,1.0159671,1.7820909
traffic,629,15636,16212,0.8453502879127373,0.2720448238053328,0.5163541,0.32731247,0.3530662,0.49060035
traffic,430,14804,14996,0.8453439733776542,0.2226143431753215,0.91982865,1.8885322,0.9340234,1.8743374
traffic,690,15956,16724,0.8453430762222108,0.19140125075955,0.15106428,0.30236018,0.10915947,0.26045537
traffic,738,16660,17428,0.8452938303976234,0.1353525440014116,0.5329418,0.52612305,0.7867348,0.27233005
traffic,650,15124,16276,0.8452792899997484,0.276026092567332,0.027234793,0.74218476,0.5450429,0.1699071
traffic,329,14036,17300,0.845274800303584,-0.2219259989846151,0.24908972,0.42085195,0.46790886,0.2020328
traffic,352,14036,16532,0.8452490480114054,0.2898945923863384,0.44952214,0.26792192,0.4179331,0.29951096
traffic,727,15252,15636,0.8452450918426201,0.0858865099958989,0.41598344,0.13408351,0.28959513,0.26047182
traffic,36,14484,16212,0.8452404512636222,0.2947135471854957,0.085157394,0.20590162,0.061043024,0.35210204
traffic,652,16852,17428,0.8452362325282172,0.283783950001868,0.17435408,0.39389074,0.3589325,0.20931232
traffic,533,14932,17044,0.8452312439996039,0.269809436019376,0.5811286,0.0897007,0.47893798,0.19189131
traffic,504,15188,16724,0.8452136178337851,0.2536100923884816,0.24067569,0.30282998,0.17484915,0.11269486
traffic,38,14996,16340,0.8452089803386812,-0.2391927034360043,0.25725925,0.37262106,0.37156403,0.25831628
traffic,407,15444,16404,0.8452080000298811,0.1052492944677225,0.0972023,0.2002896,0.2566533,0.3597406
traffic,126,14804,15188,0.8451982424306185,0.1508279140057014,0.042129517,0.1089735,0.20352364,0.052420616
traffic,820,15508,16276,0.8451764218046774,0.2859858486261069,0.2569971,0.67371714,0.6401305,0.29058373
traffic,281,14804,16724,0.8450530063920357,0.2267651174221021,0.56275225,0.2958914,0.22952533,0.6291183
traffic,787,15828,16596,0.8450139260959689,0.2060592255736223,0.00864625,0.18374944,0.18433619,0.35943937
traffic,674,14484,16980,0.8449994927346387,0.1892828967664505,0.123916626,0.3497584,0.16023779,0.38607955
traffic,64,16596,17172,0.844990376303329,0.225073085920123,0.95564914,1.4928641,0.94647574,1.5020375
traffic,346,16276,16660,0.8449886328398841,0.2424852831168048,0.6974782,2.2182698,1.0773667,1.8383813
traffic,586,16340,17108,0.8449882577883973,0.2514789942491541,0.98918486,0.96256304,1.2276828,0.72406507
traffic,11,15316,17236,0.8449500018665302,-0.1234794584734399,1.9051679,1.3023374,2.390991,0.81651443
traffic,620,14100,17172,0.8449260168443545,0.2629657841570153,0.83345675,0.28606772,0.60998464,0.50953984
traffic,188,14676,15636,0.8449256021555374,0.2806825222244093,0.60469866,0.1552856,0.15907288,0.2903402
traffic,708,16340,17108,0.8449201353443722,0.2915921116393601,0.4993918,0.51221895,0.59534883,0.4162619
traffic,50,15828,16404,0.844882823647313,-0.0553623081588537,0.5846276,0.5235715,0.5758934,0.5323057
traffic,630,14100,16212,0.8447998943573042,0.2591880743694714,0.23858285,0.050347567,0.11242926,0.17650115
traffic,812,14676,16404,0.844779711800029,0.2637666290797881,0.29593492,0.62884593,0.36661267,0.5581682
traffic,791,14676,15828,0.8447694018232498,0.1419785576683138,0.14940977,0.33720398,0.3398664,0.15207219
traffic,494,14996,15380,0.8446959224195812,0.2565228715732819,1.6339033,0.92857695,1.593688,0.9687922
traffic,370,14740,17236,0.8446370927830967,0.0275150655914553,0.09256518,0.1274674,0.018838882,0.23887146
traffic,372,14164,17428,0.8446250924182104,0.2635542964151809,0.82267404,1.301874,1.5573108,0.56723726
traffic,529,15188,16916,0.8445033801819625,0.2400743449739076,0.0519526,0.52782106,0.30372715,0.2760465
traffic,604,16276,16660,0.844469501036588,0.2505144436624569,0.62323904,0.7672956,0.9627559,0.42777872
traffic,579,14804,14996,0.8444595939596182,0.1361848156558884,0.057534218,0.23301959,0.18422484,0.106328964
traffic,675,14804,15188,0.8444332848881345,0.2948906292374251,0.28949142,0.03787017,0.009596586,0.33695817
traffic,239,14932,15124,0.8444274154923822,0.294532987830384,0.23387527,0.301337,0.32483864,0.21037364
traffic,234,14036,14996,0.8444170816146863,0.1815074464880116,0.597862,1.0473633,0.83198977,0.8132355
traffic,233,15892,16468,0.8444142232726852,-0.0701900383396283,0.36181116,0.2118144,0.32721853,0.24640703
traffic,110,15316,16276,0.8444009670273669,0.1881190852611771,0.43062806,0.5514641,0.5443342,0.43775797
traffic,264,14036,15380,0.8443827668857307,0.2765670150942598,0.14075243,0.08299625,0.089480996,0.13426769
traffic,222,14804,17300,0.8443673058564102,0.2727410991259951,0.19226193,0.18679285,0.096687555,0.28236723
traffic,254,14292,16404,0.8443591983265575,0.2318789267675874,0.7402116,0.50974995,0.32282162,0.92713994
traffic,590,14804,17300,0.844358922332086,0.291206494788604,0.048272848,0.022016048,0.02161789,0.0046389103
traffic,798,15508,17236,0.8443472223579267,0.0152983849789952,0.41662395,0.835007,0.43903387,0.8125971
traffic,269,15316,16468,0.8443008301009791,-0.076760797211692,0.31092548,0.54572105,0.48286867,0.37377787
traffic,469,14292,16404,0.8442986855118285,0.0970847828630416,0.24436069,0.6919112,0.33459854,0.60167336
traffic,292,16596,16788,0.8442710655737762,0.2051207383472401,0.23802829,0.065398216,0.14724898,0.15617752
traffic,595,14356,17236,0.8442432717384108,0.2936018088675284,0.6863113,0.6205238,0.43905306,0.86778206
traffic,89,15316,16468,0.8441688610064495,0.2354648861769667,0.5101948,1.0081772,0.95735145,0.5610205
traffic,458,16084,16852,0.844153714215477,0.2339814697425075,0.723138,0.955569,0.73799574,0.94071126
traffic,706,15508,16852,0.8441516152910308,0.0846119185963773,0.1674242,0.20237565,0.09285951,0.27694035
traffic,740,14292,16788,0.8441444869751713,0.2778009388259539,0.07990074,0.39234066,0.04203701,0.4302044
traffic,115,16084,17364,0.8440836031112686,0.1074049008436256,0.3611567,0.3632686,1.195323,0.47089767
traffic,427,14292,16788,0.8440620192794855,0.2767355801748912,0.22225583,0.12608421,0.050656915,0.39899695
traffic,284,14740,17364,0.8440618778654333,-0.0307418175742017,0.5610374,1.4848883,1.9513396,0.094586134
traffic,329,14740,15316,0.8440473661050041,0.2520753309210075,0.06760836,0.28553438,0.39135003,0.038207293
traffic,149,15444,16212,0.8440397059504222,0.2735344410581385,0.30006254,0.5426074,0.51977646,0.3228935
traffic,689,15060,16212,0.8440320459556767,0.2700984221053329,0.020373106,0.044219136,0.0050712824,0.05952096
traffic,651,15828,16020,0.8440239409343167,0.2598084836183062,0.5010555,0.3029771,0.056508064,0.7475245
traffic,334,15700,15892,0.8439939391370449,0.211673399071044,0.024114847,0.03485346,0.0230155,0.081983805
traffic,517,16084,16468,0.8439564801680461,0.1468443443324353,0.128057,0.060937643,0.29547358,0.22835422
traffic,639,14292,16212,0.8439427591331519,0.2970062431960801,0.39737177,0.83103836,0.8185046,0.40990555
traffic,215,14932,17236,0.8439423553862233,0.2471194814947568,0.13474417,0.0800581,0.23305821,0.17837214
traffic,546,14164,16852,0.8439064220562739,0.2475453363306272,0.17216563,0.14013767,0.042137623,0.35444093
traffic,158,15508,16852,0.8438881777068986,0.2539449608473512,0.029877186,0.16976476,0.10409093,0.2439785
traffic,567,16340,16916,0.8438763131593452,0.2222069545597999,0.58651567,0.7211393,0.83097124,0.47668374
traffic,580,16148,16724,0.8438602254768142,0.0152032432662928,0.021785498,0.76479363,0.51087236,0.27570677
traffic,326,14164,16852,0.8438238767806271,0.0355691961715348,0.37027907,0.2316413,0.099918365,0.502002
traffic,678,15060,17172,0.8438231271929069,0.2916670595216105,0.8816302,0.10907364,0.42520213,0.3473544
traffic,250,14484,16212,0.8438187615487768,0.2740321756687716,0.26962173,0.059145927,0.025674105,0.30309355
traffic,408,14932,15124,0.8437960358492137,0.2110221249649371,0.024402618,0.1064744,0.09837651,0.016304731
traffic,319,14036,14996,0.8437679386189811,0.2800648899886906,0.7449479,1.5936334,0.93851686,1.4000645
traffic,252,14228,14996,0.8437582961063887,0.1002454314113467,0.7398763,1.1108472,0.8780632,0.9726603
traffic,733,14804,16340,0.8437463058063797,0.2825642820599767,0.09791875,0.016785622,0.0070414543,0.08817458
traffic,228,15124,16276,0.8437393092543394,0.2003610679174267,0.5457386,0.9216317,0.7857715,0.6815988
traffic,48,14292,16788,0.8436819367229469,0.2642085886598346,0.06893253,0.19477963,0.21957731,0.48328948
traffic,477,15316,16660,0.8436519665724342,0.1367608938716737,0.7182691,0.48333526,0.53625727,0.6653471
traffic,319,15188,16724,0.8436407072970996,0.2949357608659699,0.19828439,0.72013986,0.51644444,0.4019798
traffic,171,16468,17428,0.8435503732418462,-0.2406143354733322,0.003668785,0.10699904,0.021373391,0.13204122
traffic,27,14292,15252,0.8435480217645,0.0444786798915383,0.20817947,0.16823006,0.553061,0.17665148
traffic,253,14996,16724,0.8435456256947143,0.2409066350388822,0.8577639,0.88778186,1.074458,0.67108774
traffic,747,15700,16276,0.8435206734120082,0.0739831192092335,0.2952621,0.4122281,0.37392664,0.33356357
traffic,460,15380,16340,0.8435175972259161,0.1277929561428855,0.8342178,0.65606093,0.7675984,0.72268033
traffic,259,15316,16468,0.8435043669450059,0.0040257817130094,0.35237217,0.85189843,0.7757139,0.42855668
traffic,185,16084,17364,0.8434928177569919,0.1406804166500133,0.7706748,1.8351207,1.7101425,0.895653
traffic,326,14548,17364,0.8434319578565976,-0.1274271999149001,0.36608636,0.052069187,0.9992019,0.6851847
traffic,607,15444,16980,0.8434145132344739,0.2828482845180207,0.6147666,0.8529546,0.6250191,0.84270215
traffic,231,14100,16020,0.843389874217828,0.2911657418238086,0.5270567,1.3772714,1.1680996,0.73622847
traffic,526,14548,17172,0.8433777324187378,-0.3090070410751077,0.5594132,1.114352,1.2723458,0.4014194
traffic,226,16468,17428,0.8433690147251998,0.1039594553889607,0.16322517,0.38009572,0.017811537,0.23468208
traffic,778,14996,17300,0.8433431845270511,0.102174401912048,0.48704338,0.64107466,0.68143916,0.44667888
traffic,806,16980,17364,0.8433215319301857,0.1209946824741543,0.23765874,0.48318338,0.531935,0.18890715
traffic,599,16276,16660,0.8433174207494748,0.2376206433449751,0.63572335,1.01613,0.7173667,0.9344866
traffic,112,16276,16660,0.8432661830097172,0.0841949461802102,0.6449503,1.4570045,1.0857266,1.0162282
traffic,532,15188,15380,0.8432635074512547,0.1823414277924652,0.16523528,0.19417453,0.19127202,0.16813779
traffic,444,14036,16340,0.8432318901486384,0.2965659901941121,0.7677374,2.0502193,1.2435493,1.5744073
traffic,384,14612,14996,0.8432238589507938,0.1216619318273104,0.89949083,2.4670014,1.1900089,2.1764834
traffic,843,14356,15316,0.8432147153822743,0.2487122313030505,0.14554572,0.19990516,0.06465745,0.28079343
traffic,678,14612,16148,0.8431772620392507,0.2013596809470646,0.37991452,0.2901101,0.34939742,0.3206272
traffic,290,14676,16980,0.8431639124857951,0.0567518236538563,0.46785378,0.76946676,0.778713,0.45860755
traffic,508,16148,17108,0.843162577738567,-0.0135380416319541,0.057964325,0.5704241,0.07334471,0.43911505
traffic,141,15252,16980,0.8431142403456598,0.184435074071404,0.36635578,0.3382237,0.36855698,0.3360225
traffic,91,14612,16148,0.843109708281198,0.2656349693888218,0.10680151,0.46260047,0.38868904,0.18071294
traffic,45,15316,16468,0.8431024102039436,-1.5898352792580596e-06,0.21939564,0.5774646,0.34053946,0.45632076
traffic,139,14228,14996,0.8430998766382543,0.290814503250343,0.80307007,1.8270698,1.1049051,1.5252347
traffic,775,15892,17172,0.8430464415888204,-0.0493616223166971,0.24051332,0.50138164,1.0505145,0.3086195
traffic,437,15316,16276,0.842967795458504,0.0779762409366866,1.0373235,0.7945217,1.0739444,0.7579007
traffic,254,15764,16532,0.8428929909600243,0.2836379455389879,0.7064265,0.5513388,0.7257079,0.5320574
traffic,352,16596,17172,0.8428827382552088,-0.0665090512335711,0.9991548,0.6977873,0.5478625,1.1490796
traffic,253,16276,16660,0.8428816461443925,0.0966681291523273,0.8207822,2.038432,1.3199968,1.5392172
traffic,164,14036,14804,0.8428123756821859,-0.0717791006989325,0.67959595,0.031644106,0.30189562,0.34605622
traffic,487,16020,17364,0.8428075896427142,0.1566343464142759,0.19850683,0.19448137,0.26035762,0.13263059
traffic,461,15892,17172,0.8427233315660224,0.1914647293779003,0.72469556,1.6430545,1.460569,0.907181
traffic,585,15764,16916,0.8427171145945088,0.0633085775984809,0.1626476,0.22268975,0.06614566,0.0061035156
traffic,514,15636,15828,0.8426839668433075,0.2697978422635898,0.6208167,1.5489757,1.0169706,1.1528218
traffic,435,15124,16468,0.842643481604836,0.1035185178248963,0.087798715,0.0012538433,0.25902724,0.16997468
traffic,725,14036,16916,0.8426103724166355,0.2555455513336293,0.1178565,0.01297617,0.22986722,0.09903455
traffic,579,16340,17108,0.8425782256347243,0.2677617211562731,0.022346735,0.16046286,0.013313532,0.19612312
traffic,137,14740,17364,0.8425725342490563,0.2162896372715473,0.7207527,1.1766946,1.6708069,0.22664046
traffic,571,16468,16660,0.84257058420818,0.0646882944331648,0.27808714,0.260962,0.22930574,0.3097434
traffic,655,14932,16468,0.8425658091626219,0.2743084478346801,0.02711606,0.007640362,0.27576554,0.29524124
traffic,410,15828,16596,0.8424836529742025,0.2536134264928363,0.9636264,0.79159975,0.97941947,0.77580667
traffic,512,15700,17044,0.84246717674864,0.0056407894330915,0.40851116,0.26076174,0.9345145,0.26524162
traffic,497,14932,16852,0.8424512269085498,0.2129016632685027,0.6578027,0.7926779,0.7089473,0.7415333
traffic,780,15316,17236,0.8424492246888885,0.2131570325907764,0.3640344,0.7238759,0.6949873,0.392923
traffic,297,14292,16404,0.8424373347105991,0.1769604077071805,0.09295297,0.6178181,0.20688272,0.50388837
traffic,841,14292,17172,0.8424297367707273,0.2140463958687853,0.19363594,0.064979315,0.10322881,0.025427818
traffic,147,15892,17172,0.8424149814439617,-0.2117432387042203,0.75749826,3.0181534,1.643547,2.1321046
traffic,330,16532,17108,0.8424017284193258,0.0993721649746862,0.40019178,0.41804647,0.31631374,0.5019245
traffic,680,14676,15828,0.8423825918671625,0.1002645102175482,0.66985035,0.36525822,0.47125077,0.5638578
traffic,113,14740,16084,0.8423321199153361,0.291551851820185,0.039226174,0.26137257,0.09634888,0.20424986
traffic,591,15060,16404,0.8423309592611188,0.2779383101382149,0.24956399,0.116446435,0.21810108,0.08498353
traffic,344,14676,16980,0.8423092204869809,0.182123274730183,0.43326902,0.41674972,0.20925283,0.19273353
traffic,228,15636,16788,0.8422826422413886,0.0103919321477498,0.6305692,0.6143317,0.38508344,0.8598175
traffic,840,16660,17300,0.8422566537319525,0.2293807035214736,0.24817276,0.6170454,0.5699022,0.29531598
traffic,801,14548,16468,0.8422457322555208,0.1826480441329982,0.19616282,0.18934822,0.379341,0.0061700344
traffic,799,16468,16852,0.842194726266653,0.2637027275623504,0.13271594,0.06897712,0.015262604,0.04847622
traffic,37,15188,17108,0.842142689340122,0.264282844341789,0.07188892,0.53570366,0.4094671,0.19812548
traffic,377,14484,16788,0.8420675226175295,0.2065307335468438,0.449605,0.4132353,0.17447782,0.6883625
traffic,726,15828,16020,0.8420520944351776,0.1588085636661511,0.7364576,0.7671609,0.64723825,0.8563802
traffic,836,16660,17428,0.8419789064178756,0.1509295862844076,0.9688666,1.209435,1.7383544,0.43994713
traffic,610,15508,16468,0.8419393408416824,0.2809760254884432,0.34892893,0.51827765,0.38731122,0.47989535
traffic,283,14932,17044,0.8419139214824249,-0.0028768888206978,0.20350718,0.106585264,0.32607925,0.0159868
traffic,366,16276,17236,0.8419089420530472,0.2888722463323855,0.2756058,0.20056367,0.21536648,0.26080298
traffic,778,16148,16340,0.841906846119587,0.2406375072200517,0.089182615,0.07251954,0.12371373,0.1403768
traffic,189,14292,16404,0.8418945405327111,0.2866199851297276,0.44490075,0.58972764,0.5254805,0.5091479
traffic,73,14484,16788,0.8418630143597662,0.140517972332701,0.5308827,0.6072383,0.34644318,0.79167783
traffic,497,14612,16532,0.841840273112307,0.2782367668793303,0.6879753,0.32151723,0.45818818,0.55130434
traffic,484,14164,17236,0.8418297943578008,0.2902589752076808,0.42566228,0.79848754,0.75990355,0.46424627
traffic,814,14612,17300,0.8418144358822641,0.1770806826936953,0.5587367,0.12502837,0.23183084,0.20187747
traffic,348,15124,15508,0.8417880741919652,0.2638391109896454,0.3220986,0.2626927,0.38775027,0.19704103
traffic,808,14228,14996,0.8417718334262563,0.2899027480242602,0.7837249,1.4829106,1.0543364,1.2122991
traffic,434,15828,17364,0.8417022605258789,0.2491481581679897,0.01056838,0.02119875,0.2377851,0.20601797
traffic,393,14804,17108,0.8416622161316367,0.1299887675305914,2.0210614,1.0041335,2.015496,1.0096989
traffic,645,14292,17172,0.8416376376360272,0.1174818606294122,0.6261349,1.1664002,0.97237086,0.8201642
traffic,152,15828,17364,0.8416164319077201,0.2735876776122584,0.031231165,0.035523653,0.45518565,0.38843083
traffic,746,15892,17364,0.8415863794662684,0.0106440932427946,0.4168167,0.19570446,1.164948,0.5524268
traffic,603,14164,16276,0.8415785169635555,0.2808355046821611,0.399189,0.5455415,0.5534537,0.39127684
traffic,400,14228,15956,0.8415358773688735,-0.0391560225371079,0.42292976,0.5294535,0.4602492,0.4921341
traffic,49,15636,16212,0.8414901865515213,0.2626912753689205,0.0027647018,0.034239054,0.104020596,0.06701684
traffic,727,16340,16916,0.8414719055199092,0.0585483578127678,0.6073806,0.7473675,0.61176133,0.7429868
traffic,437,14036,16532,0.8413977246671245,0.0509804912692682,0.42285323,0.68659115,0.11097312,0.37471104
traffic,264,14100,16404,0.8413679423475801,0.2100842127712138,0.24990296,0.35703874,0.19533229,0.4116094
traffic,151,14740,17172,0.8413540731093623,-0.2596047979534048,0.5162444,0.76375556,1.4377422,0.15774226
traffic,110,14612,17108,0.841338045094881,0.1604639383971363,0.16248274,0.20047057,0.045600176,0.31735313
traffic,433,14612,17108,0.8413280414223604,0.1436214132299006,0.11576033,0.47558415,0.24652612,0.1132977
traffic,163,16020,17364,0.8413069094441031,0.2755796469826309,0.258178,0.16606855,0.2773385,0.14690804
traffic,770,15380,16532,0.8413019490638542,0.2639514755917926,0.32079864,0.42314863,0.5621071,0.18184018
traffic,125,16212,16596,0.841254585315126,0.2327701745495241,0.013870001,0.051336884,0.1169188,0.18212569
traffic,453,14100,16404,0.8412281818274315,0.1015670855652885,0.14021611,0.069823265,0.25638366,0.04634428
traffic,293,14100,16596,0.8412275759112223,0.2434129872623659,0.3853923,0.27066338,0.28008366,0.37597203
traffic,668,16468,16660,0.8411834019462751,0.0860574838901208,0.5386257,1.0287926,0.7673466,0.8000717
traffic,482,14740,16660,0.8411568632931978,0.2275089996735593,0.3345045,0.52363396,0.58904946,0.26908898
traffic,573,15828,17172,0.8411558092745683,0.1816848455407289,0.33104897,0.08132219,0.3312168,0.08115435
traffic,571,15188,16916,0.8411310481159597,0.2767251275438852,0.10922074,0.2570398,0.037186384,0.11063266
traffic,757,14356,16276,0.8411231352968995,0.240220552513508,0.4985597,0.8024038,0.77538323,0.5255803
traffic,714,14356,15316,0.8410867847598841,0.2156728454951707,0.124311924,0.03563857,0.1642201,0.25289345
traffic,63,16020,17364,0.8410505324598396,0.1323809186347638,0.008932114,0.04666853,0.011770725,0.02596569
traffic,431,15636,16788,0.8410463226015931,0.0824716121641658,0.9984138,0.4876492,0.7190609,0.7670021
traffic,799,14356,17236,0.8409858090257477,0.2389793141783646,0.26113868,0.47097743,0.38251257,0.34960353
traffic,229,16468,17300,0.8409837460427781,-0.3136575888083965,0.42997515,0.029330254,0.8856741,0.4263687
traffic,531,14804,17300,0.8409536863426044,0.2811250295473829,0.19750977,0.29463267,0.110230684,0.38191175
traffic,350,16404,17172,0.8408415733844395,0.1136375990792493,0.29446983,0.11840749,0.042087078,0.21814942
traffic,395,15124,16276,0.8408251662152323,0.2940676415343637,0.07209015,0.62081665,0.47536898,0.21753782
traffic,539,15188,16532,0.8407815758228742,0.0152248754775794,0.283893,0.15585387,0.088707685,0.039331436
traffic,602,15188,15956,0.8407640178033775,0.2067373289445681,0.6954324,0.5315975,0.671752,0.55527794
traffic,854,14996,16340,0.8406908631820247,-0.0342560676325578,0.063621044,0.273216,0.35161853,0.14202356
traffic,261,14228,16340,0.8406842709193343,0.2754638244367444,0.78419733,1.1733451,1.0142865,0.9432559
traffic,558,15380,16532,0.8406485026715736,0.2725168425638298,0.39790392,0.012547612,0.35148573,0.033870578
traffic,175,14036,16724,0.8406367133233263,0.2161833564157318,0.16730464,0.2919979,0.034218192,0.15891147
traffic,43,14292,16980,0.8405523396970306,0.2064738453374146,0.45624578,0.25294328,0.6551565,0.054032564
traffic,736,14932,16660,0.8405519272286112,0.1960771245637927,0.5134412,0.97583413,0.9563848,0.53289056
traffic,594,16020,16404,0.8405513167318776,0.2384276479595309,0.31989765,0.69906485,0.40420532,0.6147572
traffic,694,14036,16724,0.8405439547090943,0.123915223406434,0.08461869,0.50007963,0.29056823,0.2941301
traffic,355,14484,16596,0.8405233305364536,0.0728590999396028,0.3882568,0.48257017,0.18363786,0.6871891
traffic,511,14100,14292,0.8405032785952609,0.1776199277232145,0.30446637,0.17418218,0.2672912,0.21135736
traffic,518,15252,16020,0.8404959131017796,0.2380727447804595,0.9634682,1.2381474,0.8079481,1.3936675
traffic,142,14932,17044,0.8404838086482177,0.1586942832383552,0.3783369,0.25297046,0.4920962,0.13921118
traffic,117,14420,16340,0.8404824157798159,0.1562120911471401,0.42669284,0.27598703,0.40317333,0.29950655
traffic,331,14676,15828,0.8404718198855816,0.0699412160638058,1.0895286,0.9206705,0.63834405,1.371855
traffic,509,14548,15892,0.840462346916325,0.2564779994067073,0.17871857,0.124872684,0.30239272,0.0011985302
traffic,638,14868,16212,0.8404594026143101,0.2555818375515415,0.28048968,0.30685163,0.26547623,0.32186508
traffic,331,17172,17364,0.840377393405292,0.0434812438856206,0.34125662,0.2546277,0.083390236,0.5124941
traffic,426,14804,17300,0.8403574123953628,0.0339003908495739,0.0676229,0.11375594,0.11079502,0.15692806
traffic,560,15316,16276,0.8403378924740644,0.2874348860004799,0.8871802,1.1471074,1.4285653,0.6057223
traffic,317,14356,17236,0.8403065200774696,0.1731310728362876,0.15332079,0.4024551,0.11185551,0.44392037
traffic,266,16020,16404,0.8403047830140162,0.2383484511177857,0.87858844,0.85193396,0.9529879,0.7775345
traffic,641,15124,15700,0.840289242953569,0.2044582825449236,0.31838322,0.06841874,0.09228134,0.15768313
traffic,370,15636,16212,0.8402848181522126,0.2652484873427723,0.11775136,0.088718176,0.0007317066,0.20720124
traffic,499,15828,16020,0.840254796961357,0.1525554875748791,0.12313938,0.09004712,0.26099062,0.29408288
traffic,102,15124,15508,0.8401659723610101,0.294373439639729,0.09855485,0.28577554,0.40342295,0.01909256
traffic,224,14420,16660,0.8401127109200907,0.0203998440757609,0.8454015,0.9354491,1.3512263,0.42962432
traffic,220,14164,16852,0.8401062631001546,0.0106445227938302,0.23511481,0.41598558,0.26834226,0.38275814
traffic,66,14676,17364,0.840091153862155,0.2727012350529434,0.2529421,0.19780922,0.36249757,0.08825374
traffic,150,14164,15508,0.8400632431702963,0.2104156104602902,0.01392889,0.2400763,0.13191509,0.09423232
traffic,497,15124,16660,0.8400330390307049,0.2131974800147653,0.77013326,1.5204,0.7952676,1.4952657
traffic,254,14612,16724,0.840027244911685,0.2905395583181843,0.053185225,0.46597028,0.20900726,0.20377779
traffic,666,14548,16276,0.8400058855676995,0.2736745996792679,0.2902882,0.23639297,0.48919487,0.037486315
traffic,147,14548,17364,0.8399793501079358,0.1449534417504279,0.8136487,1.4653342,1.5879569,0.691026
traffic,87,14100,15828,0.8399470501621739,0.1049897063144322,0.3885064,0.53184676,0.7022948,0.21805835
traffic,478,15636,16212,0.839944580427498,0.176992421215915,0.3447703,0.35115087,0.28492856,0.41099262
traffic,773,16148,17108,0.8399201657805495,0.0778384909111871,1.8192909,1.2280855,2.169011,0.8783652
traffic,785,15636,16404,0.8398879094550621,0.2352117984075586,0.4314083,0.5243734,0.035067916,0.9207138
traffic,330,16084,17236,0.839877645671868,0.2477568146662248,0.33505857,0.2536564,0.5374311,0.051283836
traffic,427,14740,15508,0.8398724237755435,0.2514919640498656,0.33858407,0.60194373,0.46049607,0.48003173
traffic,66,14996,16340,0.8398618596123951,0.2951101246492232,0.14996791,0.6276758,0.5901234,0.18752027
traffic,580,15892,16852,0.8398355515208045,0.0824351755499502,0.61679006,1.029675,1.0313258,0.61513925
traffic,361,15636,16212,0.8397916547846331,0.0968141225831345,1.1683111,0.8357333,1.3226299,0.6814145
traffic,149,14996,15572,0.8397322109763419,0.1518478378659787,1.5343173,1.2341263,2.0138986,0.754545
traffic,367,14740,17172,0.8397244366159926,-0.1660186256544647,0.71485054,1.5332384,1.5065867,0.7415023
traffic,115,15572,16660,0.839724345593117,-0.1731227721773733,0.74243486,1.425012,1.3489742,0.8184726
traffic,785,14036,15764,0.8397030956273397,0.2767987391293029,0.3031875,0.31915385,0.34955728,0.27278405
traffic,323,14100,15444,0.839647963836013,0.1938203142195539,0.32004023,0.2403419,0.18478513,0.375597
traffic,558,16660,16852,0.8396312488153633,0.258476164124412,0.21506786,0.4263823,0.3280239,0.31342626
traffic,693,15444,17364,0.8396089833672108,0.0856501157941448,1.2435281,1.1277763,0.8134621,1.5578423
traffic,137,14484,16980,0.839590069952444,0.2984510857380502,0.45574498,0.44526386,0.31450105,0.5865078
traffic,185,14292,15828,0.8395377253056727,0.2564090435266901,0.55494475,0.83391,0.6065862,0.7822685
traffic,138,16020,16212,0.8395307675164253,0.2295694178913674,0.5250783,0.48673916,0.6275139,0.38430357
traffic,770,15956,16916,0.8395288232248388,0.1731879135760995,0.46949577,0.6143501,0.4896834,0.59416246
traffic,198,14036,16532,0.8395181195101941,0.2762151666645613,0.5455437,0.7463045,0.70507836,0.5867698
traffic,405,14292,17172,0.8394921637035612,0.2886206327551567,0.39185643,0.30946636,0.42116523,0.28015757
traffic,643,14420,16532,0.8394848616849698,0.2139345483295194,0.049606085,0.1895845,0.33673048,0.0975399
traffic,393,15124,16276,0.8394613247373641,0.209885266914136,0.7482469,1.0336459,0.9400779,0.8418148
traffic,858,14676,15636,0.8394009460338561,0.2913924946620365,0.06406808,0.16377068,0.12325752,0.023554921
traffic,611,16660,17428,0.839377683458667,0.2260361578823372,1.2003584,1.1120634,1.549419,0.7630027
traffic,521,14100,17172,0.8393285671717323,0.2359225583646523,0.6749475,0.34164405,0.52480745,0.4917841
traffic,13,15508,16084,0.8392262978265519,0.1773971940010502,0.25586975,0.4576013,0.32654452,0.38692653
traffic,687,15444,16404,0.8392177920401084,0.1830332588489008,0.19441485,0.047274113,0.55365264,0.4065119
traffic,755,16020,16212,0.8392111833537531,-0.0509655577301441,0.14158559,0.34681702,0.3018458,0.18655682
traffic,1,15636,16788,0.839204301215058,0.2529103668473039,0.18286347,0.16176319,0.008806944,0.3534336
traffic,324,14036,16532,0.839090793291133,0.0690043597070757,0.5585002,0.30571592,0.23651361,0.016270638
traffic,782,16660,17044,0.8390764846481028,0.2673492113066057,0.33339953,0.52232563,0.4725275,0.38319767
traffic,127,16660,17428,0.8390578086242505,0.267203501513235,0.69701934,1.1302348,1.1560383,0.6712159
traffic,656,16148,16724,0.8390462641917988,0.2055954497436681,0.5538231,0.23774719,0.13492084,0.6566495
traffic,763,15828,16596,0.8390399610791306,0.2950644519318388,1.3124139,1.1658664,1.7619514,0.71632886
traffic,601,16276,16660,0.8390256409264484,0.1381850391380281,0.6831814,1.3503294,1.225001,0.8085098
traffic,417,14740,17428,0.8389648787948413,0.2577148940458222,0.16002822,0.15399611,0.31586432,0.0018399954
traffic,269,15764,16148,0.8389624111736312,-0.1068683089012147,0.47715378,0.20963478,0.4169643,0.26982427
traffic,30,16020,16788,0.8389599695420626,0.2983823608600463,0.55193233,0.77603066,0.7419963,0.5859667
traffic,581,15956,16916,0.8389288633480643,0.2819023466038567,0.16856623,0.5950621,0.43138242,0.3322459
traffic,261,16020,16404,0.8389108828781286,0.2782845326777402,0.61595535,0.7182777,0.55823445,0.7759986
traffic,773,14676,15636,0.8389075037475876,0.2734555111715028,0.7615733,0.36196852,0.5743022,0.54923964
traffic,610,14996,16148,0.8388948497896657,0.2418515462309684,0.08258581,0.12824237,0.11750698,0.07185042
traffic,591,14676,16596,0.8388747518173177,0.2025120843763713,1.0616112,0.7860075,0.79467964,1.052939
traffic,709,14228,14996,0.838862176469198,0.1425304113719226,0.81605256,2.6451058,1.3594123,2.101746
traffic,674,14804,17300,0.8388313346544142,0.1511404870574803,0.1287241,0.10075283,0.08643842,0.31591535
traffic,616,14292,17172,0.8387708748991326,0.1879012488268034,0.33908534,0.004221678,0.23603845,0.10726857
traffic,171,14548,15124,0.8386988452670361,0.2562361874835092,0.035356045,0.056183696,0.17693603,0.08539629
traffic,732,14228,16340,0.8386884245510826,0.2415167652143955,0.8745794,1.2517331,1.0150566,1.1112559
traffic,49,14164,14356,0.8386808034142297,0.2013829909345393,0.08287883,0.25940824,0.24374485,0.06721544
traffic,768,14676,15828,0.8386789837119449,0.1193611575473888,0.19078732,0.32885313,0.31083846,0.17277265
traffic,698,16468,16660,0.8386578284590871,0.2670629161188758,0.6722239,1.7156088,1.195289,1.1925437
traffic,298,17044,17236,0.8385790798715389,-0.0368589711812613,0.10517216,0.36235166,0.31512785,0.15239596
traffic,279,15892,17364,0.8385389359049068,-0.0294326560254571,0.8597106,1.7146289,1.6543626,0.91997695
traffic,536,15380,16660,0.8385355003194439,-0.2662260050083849,0.5672319,2.8216424,1.7993242,1.58955
traffic,233,15508,16852,0.8385146818668913,-0.0120920342110018,0.24769163,0.045942307,0.24848413,0.04673481
traffic,774,16980,17364,0.8385111999115916,0.287764228593614,0.6318364,0.627969,0.9430227,0.3167827
traffic,216,14292,15636,0.8384480989910095,0.1652696504451133,0.20925927,0.16561747,0.17633128,0.19854546
traffic,100,15828,16980,0.8384452723314261,0.241983622732041,0.25711894,0.39798713,0.08318448,0.5719216
traffic,222,14292,16404,0.8384382459757607,0.2724125132443578,0.3848641,0.589784,0.47284746,0.50180066
traffic,226,15060,15828,0.8383141853236334,0.1589636241467699,0.65100837,0.05914235,0.6479161,0.056050062
traffic,607,14612,16532,0.8383088578109074,0.1572750401942975,0.21596146,0.22321689,0.17068338,0.26849496
traffic,503,14292,16596,0.8382126657937837,0.104527747093964,0.4241364,0.42744017,0.8138647,0.03771186
traffic,400,14292,16596,0.8381899932472563,0.2490143320027004,0.68984985,1.4422054,1.3522546,0.77980065
traffic,500,16852,17428,0.8381622787713962,-0.0097936754760176,0.5652821,0.5292053,0.55515957,0.53932786
traffic,150,16468,17300,0.8381286511268587,-0.3371421975194883,0.44079196,0.084824085,0.80502474,0.44905686
traffic,175,16084,17364,0.8381046472327806,0.1544002107035197,0.6314634,0.8506551,1.6245393,0.14242077
traffic,184,14484,14868,0.8380874993119344,0.2749237928718474,0.24468231,0.18699288,0.12956142,0.30211377
traffic,152,14996,16916,0.8380386064517193,0.1731671294533326,0.83988786,1.0247782,1.2746964,0.58996975
traffic,826,15444,17364,0.8380190486047862,0.2890052512994491,0.249892,0.030610323,0.35353065,0.073028326
traffic,269,15188,16532,0.838016189526803,0.1518303642007458,0.13460755,0.3218825,0.23241472,0.22407532
traffic,134,15636,16788,0.837989244501803,0.218877190601425,0.5668397,0.49931383,0.16467977,0.90147376
traffic,355,14932,17172,0.8379879962261132,0.2586461231955259,0.7362797,1.2075212,1.2933977,0.65040326
traffic,255,16660,16852,0.8379815949307596,0.222585250232838,0.2972715,0.5492792,0.4271629,0.41938782
traffic,515,16212,17364,0.8379808459199825,0.1610519141574201,0.3821622,0.75606275,0.6232134,0.51501155
traffic,453,15316,16276,0.8379593813286746,0.2867718989266212,0.27887106,0.68286586,0.61781144,0.34392548
traffic,497,14100,16212,0.8379095659755662,0.2324601603921371,0.29325783,0.7015978,0.6968808,0.29797482
traffic,171,14036,16532,0.837908512473678,-0.0689443182251711,0.46060944,0.28775692,0.18823946,0.015386939
traffic,463,15636,16788,0.8378747499067825,0.154672319820894,0.2596624,0.17656052,0.0864712,0.5226941
traffic,60,14164,16660,0.8378345092413074,0.1807194147227243,0.4195776,0.39885187,0.3442347,0.47419477
traffic,641,15764,17300,0.8378286740087113,0.003322935666697,0.3168919,0.3448602,0.45127237,0.21047974
traffic,479,16020,16212,0.8378195314984168,0.2685752514384659,0.43456626,0.49540138,0.58469725,0.3452704
traffic,220,16660,17428,0.8378087146065691,0.273476676320224,1.0724175,0.78215003,1.0649014,0.7896662
traffic,75,16148,17300,0.8377809034873421,0.2300989134212784,0.5058856,0.68937063,0.6177404,0.57751584
traffic,379,14036,16532,0.8377534872675892,0.0562240409806767,0.67908174,0.084870934,0.38078588,0.21342492
traffic,216,16084,17364,0.8376979547911173,0.1069155520752335,0.7882098,1.3720287,1.6456308,0.51460767
traffic,782,14484,15252,0.8376932612922063,0.1530912471412844,0.3469987,0.5616553,0.4142654,0.49438858
traffic,588,14164,16084,0.8376831893807374,0.2484838715572259,0.79904056,0.7587739,0.90043306,0.6573814
traffic,830,15252,16788,0.8376792871945331,0.2330910806643072,0.18188298,0.010029674,0.29596972,0.12411642
traffic,3,16276,16660,0.8376703075086596,0.0391366220288811,0.54459643,1.4258742,1.3041623,0.6663084
traffic,751,14804,15188,0.8375654198226622,0.109350988002464,0.049081445,0.1677798,0.0017364025,0.21859765
traffic,72,15124,15508,0.8375604850535198,0.1776619462120047,0.18017936,0.25856638,0.31386352,0.12488222
traffic,28,14292,16980,0.8375413624391004,0.1909571994310844,0.13105702,0.022684336,0.24955678,0.40329814
traffic,151,14548,17364,0.8375166752371211,-0.0296798942697345,0.42445886,0.28903913,1.0317792,0.31828117
traffic,189,15572,16660,0.8374959874631231,-0.0217374345597456,1.175744,1.1025612,1.0687339,1.2095714
traffic,331,15636,16788,0.8374814405317433,0.2484531145582078,0.14978814,0.23124433,0.10122466,0.48225713
traffic,680,15636,16788,0.8374742940635999,0.1706231159364521,0.19424272,0.4191798,0.017453909,0.6308764
traffic,769,14740,15508,0.83745345207809,0.1015900598592185,0.31912303,0.7689316,0.6349907,0.45306396
traffic,848,14292,14868,0.8374162812372749,0.2753959457390424,0.10812569,0.1482017,0.37030673,0.11397934
traffic,273,16596,17172,0.8374114878626925,0.2962862133637437,1.085825,1.2280679,0.6833153,1.6305776
traffic,820,14612,16724,0.8373922938565769,0.267401382008949,0.21921587,0.047133565,0.13383436,0.4001838
traffic,624,14740,17364,0.8373610423535143,0.1578028253387822,0.5875919,1.2327096,1.5727456,0.24755597
traffic,183,16660,16852,0.8373326132616287,0.0809376905238462,0.15854144,0.15024042,0.12471628,0.18406558
traffic,303,14548,17236,0.83731078585781,0.2933256980853373,0.26058817,0.18975985,0.041894913,0.4084531
traffic,694,14484,16788,0.83728394224854,0.2759406985846124,0.11016536,0.48312974,0.03771901,0.5555761
traffic,434,16532,17300,0.8372759277202462,0.240068346859759,0.34494317,0.3654549,0.40042996,0.3099681
traffic,362,15636,16788,0.837262840983782,0.2939434391040479,0.053577185,0.17569876,0.46724916,0.34512758
traffic,484,14292,17172,0.8372360975914608,0.2937215212548433,0.413733,0.15107274,0.38041735,0.1843884
traffic,602,15252,16020,0.8372141506430725,0.2860011327344046,0.8100022,0.99501216,0.74261427,1.0624001
traffic,713,15572,16532,0.8371896744804247,0.2820600815803132,0.2739904,0.24961996,0.5559075,0.032297134
traffic,818,14740,15316,0.8371874156530599,0.2969096869367872,0.27963483,0.98496914,0.909068,0.35553598
traffic,602,14100,16212,0.8371788633012174,0.2949078052480213,0.10502732,0.37018108,0.41506636,0.06014204
traffic,53,15892,16084,0.8371535303854462,0.2663757161989503,0.06360364,0.16652417,0.15913129,0.07099652
traffic,81,15956,16724,0.8371457870251768,0.1515095379204715,0.5429461,0.16960335,0.16742706,0.20591569
traffic,398,15828,17300,0.8371361211872037,-0.1067527134412651,0.58221364,1.1263787,0.8943322,0.8142601
traffic,470,14804,14996,0.8371159915206569,0.2142539284157137,0.8284068,1.5601659,0.81183004,1.5767426
traffic,728,15700,17236,0.8370684684676255,0.2357943789694671,0.25276852,0.0109398365,0.19856477,0.043263912
traffic,475,14996,16532,0.8370256388417162,0.2131812593729886,0.07742715,0.32373607,0.051869154,0.34929407
traffic,537,14996,15764,0.8369984581108358,0.0329005187773512,0.31721568,0.4530158,0.3626064,0.40762508
traffic,98,14996,15380,0.8369243117226345,0.2557898816172235,1.6266503,1.0728353,1.8320293,0.8674563
traffic,745,15124,16084,0.8369133399994427,0.2625317469735747,0.34395242,0.8035979,0.75055325,0.3969971
traffic,726,14228,16148,0.8369046512353437,0.223495356843093,0.40416956,0.19671082,0.39783764,0.20304275
traffic,477,14164,17428,0.8368900499593329,0.2047949912382808,0.23027062,0.6252316,0.40852213,0.44698012
traffic,406,15828,17172,0.8368811585815727,0.1988757050442099,0.20370245,0.47636938,0.45006514,0.2300067
traffic,528,15956,16724,0.8368366714422305,0.2063011659943008,0.38757217,0.46955395,0.2944442,0.5626819
traffic,51,14292,17364,0.8368315762755476,0.2856828122725904,0.2633226,0.5010898,0.60246754,0.16194487
traffic,473,16468,17428,0.8368237004582675,0.225893851101006,0.015486598,0.16798413,0.13129532,0.052175403
traffic,745,14996,17108,0.8368026365841269,0.2629743144886801,0.6488764,0.7462709,0.93669605,0.45845127
traffic,458,14292,16404,0.8367788863936807,0.1117198910080654,0.22938633,0.10418975,0.39139974,0.5165963
traffic,403,14612,16916,0.8367697901649803,0.2065283960143465,0.9874462,0.74375665,0.9796076,0.75159526
traffic,766,14676,17172,0.8367674907897654,0.1920040549005306,0.73221636,0.82609415,0.92202973,0.6362808
traffic,330,14612,16724,0.836746760150604,0.2288415762944547,0.18514371,0.3323704,0.07089043,0.44662368
traffic,796,14420,16532,0.8366511733785886,0.2065656742277468,0.011059761,0.015199184,0.13041615,0.12627673
traffic,796,14804,16340,0.8365925366235715,0.2471123528873575,0.00037622452,0.63928056,0.745394,0.10573721
traffic,422,16980,17364,0.8365358517009306,0.2084399810211921,0.021762133,0.11696935,0.22116876,0.12596154
traffic,732,14996,15572,0.836514954980732,0.2635070880584958,1.3526375,0.9334649,1.3747997,0.9113027
traffic,285,15252,16980,0.8364936274285772,0.2534041565998537,0.31027222,0.28292203,0.34407926,0.24911499
traffic,64,14484,15636,0.8364715793763912,0.2807699186836321,0.7542498,0.8037648,0.99927664,0.558738
traffic,567,16468,17428,0.8364268026596304,0.0117249389888755,0.45325518,0.45562172,0.4994073,0.4094696
traffic,374,14292,16788,0.8364067494353743,0.2377000020713684,0.17796874,0.09069872,0.06307387,0.33174133
traffic,836,15636,16404,0.836384530959037,0.0482273974583593,0.17318678,0.09147978,0.11945987,0.38412642
traffic,539,14804,16148,0.8363722365095997,0.2417247906059685,0.2070446,0.05619216,0.11183381,0.15140295
traffic,421,16340,17108,0.8363590009871822,0.2938102045070291,0.9044504,0.9880333,1.2580872,0.63439655
traffic,313,14164,14548,0.8363553270169143,0.2819103665025231,0.22794247,0.3882668,0.37956262,0.23664665
traffic,16,15636,16980,0.8363458516019457,0.2442337412518733,0.40185928,0.31216097,0.7069304,0.0070898533
traffic,397,14036,14996,0.8362793432778977,-0.0163895202605967,0.85275245,1.6595042,1.0849183,1.4273384
traffic,85,14996,16532,0.8362322896988988,0.1779699517262624,0.1438117,0.02528143,0.21485996,0.33339024
traffic,108,14164,15508,0.8361861764455256,-0.2027268587682061,0.030638456,0.10115886,0.10210204,0.17262244
traffic,386,14996,16916,0.836182900141369,0.2123721752821036,1.0522062,0.6248559,0.9042337,0.77282834
traffic,859,16468,16852,0.8361656865738352,0.231454001460524,0.31161284,0.12946248,0.14975893,0.2913164
traffic,358,16212,16980,0.8361480371626466,0.1886034760580309,0.23363519,0.2090671,0.28485465,0.15784764
traffic,401,14804,17300,0.8361447863233132,0.0535712095369882,0.20136213,0.15012884,0.024866581,0.37635756
traffic,359,14228,14996,0.836138077980456,0.2509128215599016,0.71816945,1.5683818,1.1721971,1.1143541
traffic,164,14996,16724,0.8361344603446607,0.1297962588071539,0.5893496,0.8506309,0.8821198,0.55786073
traffic,276,15124,15316,0.8360910048455644,0.1753819033684194,0.4062574,1.180654,0.94966865,0.6372428
traffic,631,14932,15508,0.836073785912511,0.2703341889577987,0.018736362,0.014852524,0.026957035,0.023073196
traffic,551,14100,16980,0.8359143135251772,0.2964372063285402,0.7975985,0.49116898,0.65235865,0.6364088
traffic,578,15316,17428,0.835880186458136,0.2645676186906431,0.6064887,1.0987778,1.1643991,0.5408673
traffic,620,15380,16340,0.8357577640168644,0.2541063706482593,0.9478204,0.8003044,0.86827755,0.8798473
traffic,248,14676,16020,0.835717095521712,-0.022758641009528,0.023768187,0.06706953,0.05930066,0.031537056
traffic,748,14804,17108,0.8356897010656666,0.0343667659377779,0.25900722,0.36256504,0.20766139,0.41391087
traffic,85,14100,16404,0.8356645001868201,-0.078188687302976,0.22374845,0.3677746,0.17148852,0.31551468
traffic,137,14676,16596,0.8356452421986632,0.1428783861068603,0.22338986,0.434919,0.29191327,0.3663956
traffic,355,15508,16852,0.8355952583602487,-0.0348900738505225,0.2327478,0.17476344,0.0082829,0.41579413
traffic,372,16020,16404,0.8355455306288471,0.2688793415919591,0.7192626,0.5790796,0.52321625,0.775126
traffic,469,14996,16340,0.835544622136662,0.2767928720014986,0.03656745,0.1074121,0.014207602,0.05663705
traffic,527,14548,17364,0.8355289779683683,-0.2493195852234684,0.612386,0.6874819,1.4921446,0.19227672
traffic,87,14356,17236,0.8355159419786086,0.133525330184227,0.056511164,0.37967825,0.04932022,0.3868692
traffic,422,14036,16340,0.8354928548524616,0.2980318031647444,0.5684917,0.52764916,0.59229183,0.503849
traffic,95,14996,15572,0.8354818393753782,0.204566986616025,1.7419417,1.1109569,1.9555912,0.8973074
traffic,604,15444,16788,0.8354634805247847,0.2672121548603974,0.21199012,0.09248781,0.23885882,0.06561911
traffic,436,14612,16916,0.8354374831354855,0.2295585800510078,0.6700721,0.8367116,0.80577815,0.7010055
traffic,285,14164,17428,0.8354366192339424,0.0559487143256396,0.33624387,0.48959887,0.34172535,0.4841174
traffic,480,15572,16660,0.8353728678788837,-0.2198833276850895,0.76895666,2.5455432,1.4265184,1.8879814
traffic,562,14676,16980,0.835371793542143,0.0246476553359818,0.38323116,0.18846655,0.185709,0.0090556145
traffic,67,14420,16532,0.835354303931142,0.1845894723458448,0.9441618,0.62815,0.84420824,0.7281035
traffic,756,14996,16532,0.8353498779067893,0.2915408558861881,0.09006786,0.08685088,0.1712625,0.17447948
traffic,163,14356,16276,0.8353352179485588,0.2456878366281268,0.20612335,0.52571416,0.40788484,0.32395267
traffic,155,15444,15828,0.8353318350346948,0.1524330829830937,0.47709918,0.7537086,0.76453376,0.46627402
traffic,400,16660,17428,0.8353146881104436,0.1482892000668257,1.9635675,1.502065,2.7839837,0.68164873
traffic,509,15380,16660,0.8353058377264934,-0.292367525338483,0.5303607,1.4708002,1.5989211,0.4022398
traffic,533,15828,16596,0.8352876498945279,0.235637648204067,0.6320567,0.74359095,0.38230515,0.9933425
traffic,801,16148,17108,0.8352861835620697,0.2394196484361852,0.24538791,0.78883886,0.48820674,0.54602003
traffic,234,14932,16852,0.8352548117682768,0.2878918912841185,0.454378,1.0222796,1.0551252,0.4215324
traffic,91,14676,15316,0.835231378927358,0.0068201755405387,0.37607455,0.48302293,0.6286402,0.2304573
traffic,771,16276,16660,0.8351686401611639,0.2522617895116422,0.47231364,0.7283385,0.7756908,0.42496133
traffic,227,15572,16916,0.8351164570144934,0.2722563196515192,0.18487549,0.23201084,0.13318801,0.55007434
traffic,25,14100,16404,0.8351152518094351,0.1761834551471354,0.065986395,0.22012448,0.028836966,0.31494784
traffic,752,15444,17364,0.8350499442227396,0.2857568964355328,0.1656121,0.3190807,0.38626075,0.098432064
traffic,15,15060,16404,0.8350372402440734,0.0916973580258643,0.041621804,0.18121648,0.22308242,0.3626771
traffic,67,15892,16852,0.8349683945181936,0.2617394069693248,0.6720356,0.71371555,0.81577694,0.5699742
traffic,378,16084,17364,0.8349414467618037,0.1032909127963522,0.77663046,1.4146651,1.64483,0.54646564
traffic,849,14036,14996,0.8349380492071126,0.2445669273675922,0.5858915,1.4237385,1.0725052,0.9371247
traffic,359,15124,16276,0.8349313731203063,0.2217084707220045,0.36799848,0.7615269,0.83779776,0.2917276
traffic,779,16660,17236,0.8349107019292812,0.2811564183429955,2.210093,1.2261167,2.4615228,0.97468704
traffic,791,15956,16724,0.8348694490755606,0.2819452530540867,0.36783242,0.043155193,0.30462193,0.020055294
traffic,843,15060,16980,0.8348556334189167,0.2861507994484575,0.21544504,0.032395124,0.23872423,0.009115934
traffic,804,15572,17108,0.834794634509152,-0.0193298427111293,0.357203,0.011891842,0.2881143,0.08098054
traffic,715,14100,17364,0.8347896343984262,0.0871652284376521,0.4733591,1.044244,1.1866052,0.33099794
traffic,12,15636,16788,0.8347560120613381,0.1513911936774283,0.48082662,0.6100143,0.13136935,0.9594716
traffic,421,15380,16532,0.834750586740163,0.2628640116041422,0.31887412,0.05845046,0.29654598,0.0807786
traffic,729,14164,17428,0.8347457906672144,0.2696492504493846,0.45452046,0.7792723,0.7243149,0.50947785
traffic,834,16148,17108,0.8347388266887992,-0.078860169788252,0.3178594,0.4274819,0.15432644,0.59101486
traffic,426,14996,16340,0.8347272942504758,-0.4524010089039505,0.08100462,0.13314128,0.23028731,0.016141415
traffic,680,17172,17364,0.8346867317912943,0.1952528371593758,0.3377123,0.33904624,0.11097717,0.56578135
traffic,430,14612,16724,0.8346599444154744,0.2303077880128365,0.64344025,0.051310062,0.26160872,0.33052146
traffic,747,16020,16980,0.8346552979699543,0.2118997139745941,0.33606887,0.26349092,0.025702477,0.046875477
traffic,630,15636,17172,0.8346393860222439,0.1592529418126463,0.6829033,0.7377498,0.6512499,0.7694032
traffic,417,16212,16980,0.834629293870364,0.2386740993844685,0.38689518,0.029506922,0.15113318,0.26526892
traffic,177,16340,17108,0.834576564652111,0.115953099184928,0.7123871,0.8793076,1.0491476,0.5425471
traffic,847,14548,16852,0.83452189038508,0.2874610243981868,0.51719546,0.85501826,0.7181622,0.65405154
traffic,614,16340,16916,0.834500013478035,0.282023424245242,0.61131763,0.7110424,0.7585325,0.5638275
traffic,456,14548,17172,0.8344783134748104,-0.1247630422377112,0.71091187,2.491059,1.7258929,1.476078
traffic,783,15828,17364,0.8344762642361809,0.1166552452086726,0.027102232,0.021459818,0.39689112,0.3912487
traffic,3,14292,16212,0.834384323050426,0.180707551888807,0.15012813,0.2227323,0.005281925,0.3675785
traffic,142,15252,17364,0.8343599379732998,0.2797873974684594,0.52856994,0.6266911,0.70132947,0.45393157
traffic,728,14676,16404,0.834351876262768,0.0898792286448738,1.1225294,0.762781,0.84664345,1.038667
traffic,766,14484,16596,0.8342652223152988,0.2208419366784754,0.5371616,0.87388515,0.78407884,0.6269679
traffic,128,16084,17364,0.8342472783937124,-0.0675506217263723,0.71193814,0.9077866,1.37394,0.24578476
traffic,528,15572,16660,0.8342425722901328,-0.2083088630488339,0.7138421,2.433551,1.4796338,1.6677594
traffic,380,15572,16532,0.8342422832539995,0.2339858078444985,0.0069537163,0.06208861,0.3722862,0.4274211
traffic,748,14676,16980,0.8342173011113688,0.1849933009375406,0.2665453,0.3028078,0.08956003,0.12582254
traffic,431,15124,15316,0.8341945347033477,0.0068135780519593,0.2342813,0.7601135,0.68710065,0.30729413
traffic,511,15380,16660,0.8341776015834333,-0.2961522112406116,0.51383334,1.4026763,1.5611851,0.3553245
traffic,155,15124,15700,0.8341451285119325,0.2465367773235693,0.30660677,0.057717085,0.16870928,0.08018041
traffic,338,14484,16596,0.8341024616804084,0.2508089006514715,0.45897985,0.6250596,0.30755782,0.7764816
traffic,408,14996,16148,0.8340990606248052,0.2972500412793387,0.122334,0.25369334,0.2242403,0.15178704
traffic,540,15764,16660,0.8340301795521955,-0.2383078705360977,0.8430902,2.5576851,1.2864858,2.1142895
traffic,410,14484,17172,0.8340185155672679,0.1531437515973211,0.05606556,0.11074543,0.07352543,0.1282053
traffic,860,14676,15060,0.8340013882330061,0.2936545131543695,0.023002863,0.15396523,0.113673925,0.06329417
traffic,743,14676,16596,0.8339457109106946,0.2959957428331546,0.16731358,0.5183852,0.3735826,0.31211615
traffic,131,14356,15700,0.8339380590797322,0.2621720773205457,0.060014248,0.1298418,0.15059328,0.03926277
traffic,221,15444,15636,0.8339280424250626,-0.0844716303131519,0.33119273,0.5536437,0.59295774,0.2918787
traffic,769,14548,15124,0.8339224724011433,0.2340186165436325,0.06663799,0.034727097,0.13610363,0.03473854
traffic,82,15508,15892,0.8339212956158158,0.2454079294852538,0.5626972,0.97423756,1.0524306,0.4845041
traffic,206,15188,15380,0.8339141505915708,0.0854431692813477,0.34061503,0.49166274,0.5008447,0.33143306
traffic,486,14292,17172,0.8338811839555106,0.2431517568453553,0.40072727,0.16969371,0.4106424,0.1597786
traffic,703,14740,17364,0.8338713750830713,0.2230610107625068,0.49011564,0.8139179,1.6154244,0.31139088
traffic,662,16660,17236,0.8338689168824182,0.2044484243893881,0.910439,0.99264765,1.125278,0.77780867
traffic,826,14164,14932,0.8338670085456532,0.2534310322267176,0.3400581,0.32129884,0.45634508,0.20501184
traffic,778,15252,17172,0.8337913717798723,0.173997331282708,0.55988526,0.3395667,0.56019354,0.33925843
traffic,629,15828,16596,0.8337818458105933,0.2640202833555028,0.07558298,0.16804147,0.09243441,0.15119004
traffic,383,14612,16724,0.8337168967998237,0.0670120378083329,0.011540413,0.41061902,0.4591782,0.0600996
traffic,460,16980,17364,0.833711446835098,-0.0263215842741556,0.333524,0.5352671,0.7180009,0.15079021
traffic,817,14548,17428,0.8336653351995612,0.1899365459585969,0.23249876,0.24480963,0.43978047,0.03752792
traffic,22,16212,16980,0.8335848883423426,0.2493821982885547,0.538373,0.23727417,0.3109455,0.46470165
traffic,56,15060,16212,0.8335621844816918,0.1476098205722265,1.1017728,0.7762209,1.0493009,0.8286928
traffic,113,15252,16404,0.8335343169903378,0.2752736014661879,0.15268254,0.16211772,0.10443652,0.21036375
traffic,701,15444,16596,0.8335293399112585,0.1784820236264229,0.12298286,0.014472604,0.1268388,0.01061666
traffic,387,14804,16916,0.8335208634433154,0.2607111058093305,0.42153645,0.99869704,0.869243,0.55099046
traffic,750,14356,17428,0.8334822499424198,0.2427038194062903,0.11581397,0.48239303,0.24156141,0.35664558
traffic,739,14548,16660,0.8334765305966162,0.2888020588791982,0.70462537,1.4978483,0.983145,1.2193286
traffic,820,16468,17044,0.8334740385397635,0.2675846363407158,0.1526401,0.07572794,0.015243769,0.24361181
traffic,391,14036,17108,0.8334514439664021,0.0597991735548747,0.11177254,0.6196692,0.37925673,0.352185
traffic,41,15124,16276,0.8334413560675282,0.2517407706888478,0.13335574,0.4984373,0.45615017,0.17564285
traffic,458,14932,17044,0.833414857936775,0.1921998819069729,0.5617696,0.04742074,0.195405,0.31894386
traffic,461,15636,16788,0.8333750515484601,0.1667467136359728,0.8621596,0.4403504,0.54017353,0.7623365
traffic,633,16148,16916,0.8333523145018636,0.1601829709881092,0.617718,0.61508226,0.66914225,0.563658
traffic,737,15508,15828,0.8333307805439497,-0.1065939126431641,0.78219414,0.39272118,0.62835217,0.2388792
traffic,129,15252,17364,0.833323204030025,0.2663948281316602,0.32200265,0.7291646,0.6518891,0.39927816
traffic,550,15444,15828,0.833320861906203,0.2908434588338361,0.5044428,0.44142103,0.47664964,0.4692142
traffic,241,15124,16276,0.8332714531787054,0.2760584368147146,0.09752047,0.44932014,0.38052714,0.16631347
traffic,762,14612,15380,0.8332531979215408,0.2423113693791817,0.11923289,0.17602563,0.15064025,0.14461827
traffic,326,14036,15764,0.8332508048858925,0.2455975857148231,0.23038387,0.30987233,0.303667,0.2365892
traffic,54,14612,17108,0.8332396417962347,0.2177905196444356,0.08613801,0.31518078,0.17530143,0.4043442
traffic,600,14868,16404,0.8331956401436008,0.1606276750815513,0.13932109,0.04376197,0.085780144,0.09730291
traffic,390,15252,16788,0.8331714920521636,0.276770685278544,0.24375594,0.20428658,0.4186772,0.029365301
traffic,573,14804,17300,0.8331325441585322,0.2883068729791139,0.26506472,0.40912628,0.5272014,0.14698958
traffic,394,14484,14676,0.8331170518267921,0.2467578305199784,0.10343146,0.099208355,0.3806696,0.3848927
traffic,629,14292,16980,0.8329382734763506,0.2166155805260454,0.28447485,0.1639049,0.24104309,0.20733666
traffic,293,15508,16276,0.8329196521541842,0.2631745378186219,0.25990725,0.4712224,0.46432352,0.26680613
traffic,604,14548,15124,0.8329111379360322,0.1920466984993901,0.1563133,0.16878438,0.25964034,0.065457344
traffic,110,14548,16084,0.8328667238403489,0.274800933925533,0.024841785,0.018952847,0.0051538944,0.0007350445
traffic,162,14996,15764,0.8328657377738866,0.2525625293391803,1.4062345,1.3184615,1.9774172,0.7472788
traffic,653,14484,16980,0.8328497855713533,0.1735751272335531,0.06863785,0.28570342,0.028184652,0.32615662
traffic,79,14996,15572,0.8328333104428753,0.2454450117502786,0.41810608,0.5376986,0.4312384,0.5245663
traffic,762,16212,16980,0.8327684328261583,0.2964428630240704,0.390872,0.118389845,0.37621403,0.13304782
traffic,832,15764,16660,0.8327494821707212,-0.2248272499525194,0.61923707,1.0746188,1.3636044,0.33025146
traffic,528,15892,17172,0.8327253625266012,-0.3813898367892775,0.7263731,1.7052934,1.7608188,0.67084765
traffic,838,15828,16596,0.8326891729424152,0.2241100363836983,0.28195834,0.46454477,0.11959553,0.6269076
traffic,187,15572,16340,0.8326884689772727,0.1098293820311968,1.0650277,3.1062632,1.1449022,3.0263886
traffic,568,14484,15636,0.8326697694016381,0.189555600773144,0.71001387,0.79583097,1.003959,0.5018859
traffic,254,14228,16340,0.8326602864987243,0.2467256722528323,0.7756493,1.5226917,1.082469,1.215872
traffic,807,16020,16404,0.8326199823310707,0.1058396184560731,0.07312441,0.07861042,0.28588915,0.13415432
traffic,297,16532,16916,0.8325569745275131,0.2597218287781769,0.07872009,0.22519052,0.15294003,0.15097058
traffic,503,15956,16148,0.8324945942582896,0.2889524781700337,0.34790182,0.12153077,0.06319332,0.16317773
traffic,251,14676,16980,0.8324901783881434,0.1366960667742666,0.73117995,0.49921894,0.7629366,0.4674623
traffic,553,15316,16468,0.8324701998058743,0.2751048724935661,1.1578257,1.0716486,1.4200196,0.8094547
traffic,645,14100,16980,0.8324516329110376,0.1574278095377672,0.58074474,0.7703111,0.8097818,0.5412741
traffic,478,14036,16532,0.8323769969299856,0.2409299504505155,0.3260752,0.3377807,0.4533279,0.21052802
traffic,394,14228,16340,0.832366129206703,0.2805223014785879,1.1091208,2.547753,1.1153831,2.5414908
traffic,369,14804,17300,0.832339110879364,-0.3905886482195,0.01574874,0.13430595,0.0888083,0.23886299
traffic,509,14740,15124,0.8323114055736394,0.2865769922076573,0.08109832,0.39027762,0.49534035,0.023964405
traffic,734,16596,17172,0.8322990948107373,0.1203409446810488,0.7270572,1.3461833,1.034445,1.0387955
traffic,541,16148,17108,0.8322065847685535,0.2779622732120722,1.4005231,0.9442425,1.4335938,0.9111718
traffic,619,14868,16212,0.8321861300653803,0.0066151878022276,0.22371244,0.29297376,0.28354597,0.23314023
traffic,107,14676,15828,0.8321839668226867,-0.2034218585096422,0.32313418,0.0782423,0.21004319,0.1913333
traffic,599,14548,15316,0.8321812847299774,0.2343425826262958,0.27546597,0.52495503,0.5838163,0.21660471
traffic,288,14164,16084,0.832163311230053,0.2994454956036155,0.70149755,0.7043208,0.6262498,0.77956855
traffic,614,16276,16468,0.8321533985230907,0.0444736334026777,0.08905959,0.018154144,0.08537555,0.021838188
traffic,654,14932,16468,0.832145536273327,0.2516820171027229,0.06740141,0.23814309,0.17286336,0.34360504
traffic,600,14228,16532,0.8321086130120725,0.1267724000630015,0.24091434,0.09078503,0.28820968,0.043489695
traffic,113,14484,16980,0.8320753518806591,0.284757515556901,0.30096722,0.18007326,0.42565727,0.055383205
traffic,769,16084,16660,0.8319939092899864,0.2587330157186083,0.6935104,1.0466869,0.9888853,0.751312
traffic,666,14484,16212,0.8319706482865832,0.2477730047407573,0.32153296,0.6714648,0.52145743,0.47154033
traffic,128,14676,16020,0.8319421548077233,0.2914465570982805,0.027564287,0.08555007,0.11152673,0.053540945
traffic,831,15252,16596,0.8319350203336899,0.2558853736574812,0.04344797,0.0056889057,0.08485985,0.12261891
traffic,352,15316,16468,0.8319010913935977,0.2935374987955365,0.46698344,0.43294024,0.34141278,0.5585109
traffic,731,14804,15956,0.8318912873122243,0.2760203961567671,0.36789846,0.3077457,0.32826233,0.34738183
traffic,622,14228,16724,0.8318883853796095,0.2922360211359839,0.023557186,0.41375422,0.15304196,0.59035337
traffic,582,14484,16404,0.8318467061989642,0.1762924926695374,0.78405774,0.74669814,0.82440984,0.70634604
traffic,253,15316,16468,0.8318389916694338,0.2642516323851111,0.7241082,0.8420532,0.86872756,0.6974338
traffic,701,14100,16404,0.8318317119291968,0.1497167624238761,0.4189872,0.2803161,0.58164316,0.117660165
traffic,18,15956,16532,0.8318274436342415,0.2996011052909174,0.17374897,0.1274612,0.25189066,0.049319506
traffic,89,15572,16660,0.8318163852789661,-0.1849761802002236,0.7997339,2.685147,1.4017625,2.0831184
traffic,593,15444,15828,0.831798388935747,0.2770080758657207,0.47783732,0.4964912,0.50961566,0.46471286
traffic,492,15316,17428,0.8317958354328469,-0.2055191609022339,0.08967066,0.38766098,0.4955778,0.018246174
traffic,820,14164,17236,0.8317799093137574,0.1585830066668157,0.42625117,1.025965,0.92096937,0.5312468
traffic,326,16148,17108,0.8317565002197622,0.2758446624284021,0.7315464,0.59496504,0.6961349,0.6303765
traffic,639,14100,14484,0.8317294210015124,0.2784279821703858,0.65953207,0.82190394,0.6737466,0.8076894
traffic,396,14676,17364,0.8316888749614726,0.1567627396081664,0.28764677,0.011510849,0.18550038,0.113657236
traffic,796,16660,16852,0.8316855245793382,0.1460439429830621,0.13959956,0.21805024,0.10049224,0.25715756
traffic,324,14164,16852,0.831639856375109,0.0757937266556722,0.093187094,0.2086904,0.16214037,0.27764368
traffic,845,14036,16532,0.8316332548968587,0.2255854615642435,0.38646972,0.47736955,0.008558869,0.082340956
traffic,815,14484,17364,0.831614692533911,0.0909825080200567,0.15643525,0.0152590275,0.39920425,0.57089853
traffic,12,16020,16404,0.8316113100176455,0.1299932543685309,0.73904467,0.7216964,0.6305027,0.83023834
traffic,632,14612,16852,0.8316074559462413,-0.1568182794461123,0.18573785,0.106328964,0.40993333,0.33052444
traffic,436,16148,17108,0.8315062640855697,0.2756634093065523,1.23548,0.838007,1.1901724,0.8833145
traffic,36,14868,15828,0.8315056316525122,0.2512169009382695,0.43422878,0.024502277,0.26229322,0.19643784
traffic,337,16468,16660,0.8314865196415298,0.2106467277145007,0.3501873,0.5718529,0.61355114,0.30848908
traffic,806,15828,16020,0.8314237661437694,0.2262246717278364,0.09863782,0.11494422,0.29353285,0.27722645
traffic,778,14356,15316,0.831418933096828,0.2803803457137186,0.14438462,0.024349451,0.2835641,0.16352892
traffic,674,14164,16852,0.831358740771633,0.2667743997598183,0.058416367,0.091321945,0.044555664,0.19429398
traffic,134,14676,15444,0.8313449367990065,0.2545367136477909,0.06773472,0.6223488,0.4321761,0.2579074
traffic,468,15060,16980,0.8312973386067579,0.2932740375929607,0.6697427,0.49025643,0.49296832,0.6670308
traffic,481,15956,16724,0.831281276779239,0.2869137964419408,0.26173753,0.38098603,0.17423594,0.46848762
traffic,540,14036,16916,0.8312602908102917,0.286588459448594,0.08113271,0.3796909,0.031221092,0.4920447
traffic,845,15316,16468,0.83125456771243,0.2387317303185081,0.88707304,1.1203423,1.2753663,0.732049
traffic,277,14996,17300,0.8312479064136673,0.107702555148234,1.4645338,1.0747497,1.7181418,0.8211417
traffic,536,15892,17172,0.831215095878257,-0.1124986765122308,0.64627194,1.70474,1.949321,0.40169096
traffic,246,14804,14996,0.8311917691241273,0.138443871690369,0.6799145,1.3553443,0.9525058,1.082753
traffic,395,14292,16788,0.831121284400002,0.2983060697975136,0.053788066,0.13542497,0.3058095,0.49502254
traffic,226,14932,15892,0.8311210054763555,0.1803049738584745,0.04176998,0.09807134,0.048231125,0.10453248
traffic,529,14484,15828,0.831091040525407,-0.0376016392508834,0.1429677,0.17108178,0.3888979,0.07484841
traffic,793,17108,17300,0.8310753102213772,0.274574061345482,0.026488543,0.045648217,0.04397285,0.024813175
traffic,661,14420,16532,0.8310612963325145,0.2980657777123386,0.69638973,0.5552361,0.7161818,0.535444
traffic,712,14740,17364,0.831038787220009,0.0102092455709017,0.70718825,1.1995893,1.7373146,0.16946292
traffic,264,15636,16596,0.8310148611301058,0.2102768823449173,0.24296904,0.30657136,0.15681767,0.39272273
traffic,83,14996,16916,0.8309850822550832,0.2888031826437264,0.12446785,0.34788144,0.16907835,0.30327094
traffic,125,14164,14932,0.8309847024343632,0.29358541997039,0.3964405,1.069382,1.0279703,0.43785214
traffic,733,15636,16020,0.8309027572030441,0.2907113644510953,0.15152192,0.1881795,0.2896366,0.050064802
traffic,268,14740,17364,0.8308402461138166,0.1231708425260596,0.68936145,1.9141577,1.7759712,0.827548
traffic,770,15316,16468,0.8308231805370864,0.2265276681976578,0.31639624,0.5803685,0.53879905,0.3579657
traffic,228,14740,17172,0.830782000184203,-0.1010874795655021,0.7814339,3.2545512,1.7683122,2.2676728
traffic,224,16020,16596,0.8307715816461616,0.2913456746085618,0.034370184,0.25120544,0.12530327,0.16027236
traffic,552,16340,16724,0.8307625539584347,0.2545058772736231,1.9531338,1.3479414,2.6084404,0.6926348
traffic,69,14548,16276,0.8307307524252346,0.2857418493147093,0.13615274,0.17474055,0.14266562,0.104077816
traffic,803,16020,17364,0.8307271405068599,0.0847364305209145,0.32032752,0.093896866,0.20356083,0.21066356
traffic,536,14228,16724,0.8307249349057226,0.237014977246198,0.069556236,0.98958755,0.48167753,0.43835375
traffic,240,14164,17044,0.8307207576631565,0.2378795200431742,0.5623727,0.8760406,0.8384317,0.59998155
traffic,128,14292,16404,0.8306714548318179,0.1608990429729072,0.865479,0.71630955,0.86539876,0.7163898
traffic,321,15316,16468,0.8306595112885823,0.2388193256755841,0.258893,0.21685708,0.071094275,0.4046558
traffic,462,16596,16788,0.8305892177635092,0.1360939587985767,0.13527536,0.24763358,0.1944921,0.18841684
traffic,597,16788,17364,0.8305374391996201,-0.10533015294135,0.7666917,0.6835251,0.6162727,0.8339441
traffic,188,15828,16020,0.8305190647036054,0.2846621303510028,1.1703112,0.8887775,1.154572,0.9045167
traffic,745,15380,16660,0.8305123497348941,-0.1450452038956308,0.6054537,1.7958488,1.5599554,0.8413472
traffic,15,14164,16660,0.8304666926871265,0.1942944832327322,0.4694202,0.23365736,0.5279145,0.17516303
traffic,669,14036,16340,0.8304450793661085,0.245465644195985,0.37140203,0.27706337,0.5005636,0.14790177
traffic,270,15828,17364,0.830439841634449,0.1309177025334799,0.111341715,0.1807766,0.3351233,0.6272416
traffic,243,14676,16980,0.8304349281690964,0.1955771357590772,0.21449184,0.12333965,0.13518786,0.044035673
traffic,528,15316,16468,0.830431322156423,0.2820759385878781,1.0338085,1.1819894,1.5842278,0.6315701
traffic,422,14164,16276,0.8304260589544705,0.2788819208446262,0.7427161,0.8261539,0.8292093,0.7396606
traffic,254,15572,16148,0.8304236152757065,0.2508463155392743,0.32361865,0.9366348,0.8326888,0.42756462
traffic,824,16788,17364,0.8304114682914349,-0.0196637768066815,0.8803313,0.83398604,0.5887444,1.1255729
traffic,349,14484,16788,0.8304055214654634,0.2594602493279616,1.35917,0.56504476,0.84368014,1.0805346
traffic,324,15444,16788,0.8303861395224534,0.2482492680773835,0.13512897,0.09698868,0.20483184,0.16669154
traffic,118,15380,17108,0.8303843655083969,0.2724260593531134,0.11036217,0.0315814,0.10560155,0.026820779
traffic,481,14292,14676,0.830321489686135,0.2890788534812686,0.15436673,0.25487196,0.059025526,0.35021317
traffic,630,14612,17108,0.8302714530887467,0.2543062584475891,0.31832397,0.43750733,0.33657038,0.41926092
traffic,170,14740,17428,0.830207521342141,0.241309186052811,0.50956726,0.35717463,0.37013984,0.49660206
traffic,746,14420,16660,0.8301703417575288,-0.257187809738807,0.5448437,1.2940271,1.2983353,0.54053545
traffic,644,14996,15572,0.8301176562075017,0.2448386427632806,1.592525,1.0228939,1.7165642,0.89885473
traffic,47,16148,17108,0.8300896470958748,0.1116008895979657,1.5231992,0.8972384,1.317838,1.1025996
traffic,188,16660,16852,0.8300810804787294,0.2762523226427462,1.4979222,1.1560996,1.6149902,1.0390315
traffic,184,14612,16532,0.8300574787222671,0.2465320851995512,0.20914459,0.24671388,0.29322648,0.16263199
traffic,418,15188,16148,0.83004917841136,0.2387860808103209,0.5080359,0.6381688,0.60356355,0.54264116
traffic,615,14484,16404,0.830029408765119,0.2840492191868535,0.60788655,0.47750282,0.20162702,0.88376236
traffic,167,14164,16276,0.829993046520116,0.1039733220319711,0.008804321,0.7933049,0.5032778,0.29883146
traffic,85,14292,14676,0.8298854799775178,0.0580499094786574,0.03583002,0.10838294,0.2573378,0.11312485
traffic,288,15060,16020,0.829879058738154,0.2801806378459646,0.6907182,1.3498079,1.0831667,0.9573593
traffic,238,15444,17172,0.8298693954539246,0.2550256852120795,1.1014493,1.3300133,0.84593487,1.5855277
traffic,353,14228,14612,0.82985211055054,0.1795706817048331,0.12245345,0.47072387,0.45674348,0.13643384
traffic,7,14612,16532,0.8298445689785331,0.2002273282385185,0.54790854,0.13058925,0.36586308,0.3126347
traffic,303,16660,17428,0.829796412091206,0.2784438237391333,1.3302481,0.8194841,1.2273018,0.9224304
traffic,180,14164,14548,0.8297310686751839,0.2821464726498063,1.1497629,0.9977,1.4863842,0.6610787
traffic,67,16020,16212,0.8297281022724433,0.1819972337812233,0.6040859,0.75774026,0.93745327,0.4243729
traffic,413,14676,16596,0.8297029711403863,0.2017719337668984,0.36647677,0.34323025,0.11553168,0.092285156
traffic,151,15636,16596,0.8296818768575174,0.2768288861262549,0.3461268,0.4810369,0.40906334,0.41810036
traffic,342,15636,16596,0.8296675783607423,0.085416661166281,0.17108738,0.16167068,0.7117667,0.37900865
traffic,622,15828,17364,0.8296508412976193,0.066321502508174,0.03408909,0.11661744,0.40513206,0.4876604
traffic,193,16660,17428,0.8296471634649405,0.2572865552583471,0.41264796,0.7708819,0.70381594,0.47971392
traffic,798,15188,15380,0.8296308805377817,0.2533127226720714,0.25872278,0.47755027,0.447289,0.28898406
traffic,805,15828,16020,0.8296300125194274,0.2601142344123209,0.28841138,0.10319233,0.008861065,0.38274264
traffic,49,15444,16020,0.8295973962026022,0.2794897846883472,0.2946061,0.562011,0.48485482,0.37176228
traffic,119,14100,15252,0.8295869829737823,0.1928064845307968,0.43236625,0.50960755,0.55443263,0.38754117
traffic,0,15124,16276,0.829524641785261,0.2839167115935738,0.15747416,0.54576266,0.4684949,0.23474193
traffic,134,14228,15380,0.829510730556245,0.1895339007931352,0.12588799,0.22243333,0.1691134,0.5174347
traffic,540,15828,16596,0.829492317409015,0.2315423066573997,1.3679004,1.2051606,1.9145079,0.6585531
traffic,594,15188,16916,0.8294669235728993,0.2625230103437813,0.66118145,1.1231676,1.0875902,0.69675887
traffic,811,16788,17364,0.8294625969226634,0.2334244720691735,0.374969,0.6588609,0.64445686,0.38937306
traffic,651,14548,16276,0.8294622049212504,0.2707755762125478,0.39990067,0.5668364,0.48537874,0.48135835
traffic,726,14740,17364,0.8294506826624863,0.0494563922745926,0.47824264,0.65431285,1.3030748,0.17051935
traffic,610,14804,16340,0.8294315333463411,0.2813564045141166,0.050335288,0.023330808,0.02980709,0.05681157
traffic,382,16020,16404,0.8294124919087823,0.0335863647305836,0.59165454,0.745649,0.7793119,0.5579916
traffic,391,14804,14996,0.8294099663601361,0.1494413802407281,0.08243632,0.3389101,0.4301567,0.008810282
traffic,544,15508,16852,0.8293826625785018,0.1304546598985644,0.11314988,0.2987206,0.18391466,0.0016560555
traffic,180,16276,17428,0.8293803533364916,0.2790112702840434,0.046485543,0.031256557,0.02696836,0.05077374
traffic,477,14228,16532,0.829366784337431,-0.0914628115708098,0.19007254,0.04821086,0.37491608,0.6131995
traffic,399,15828,17172,0.8293199934181049,0.1761774328379481,0.02012372,0.18376684,0.08024335,0.24388647
traffic,722,15316,17236,0.8292722951375827,0.233368371341208,0.02238512,0.55774665,0.41712832,0.16300344
traffic,464,16148,17108,0.8292110815304613,0.185807648427896,0.63206697,0.72060645,0.8443155,0.5083579
traffic,144,15252,15636,0.8291990056321378,0.0396743478075979,0.40043163,0.4606086,0.46916866,0.39187157
traffic,817,15252,17364,0.8291841525700457,0.1800971176823324,0.9633037,0.7681148,0.7863699,0.9450486
traffic,539,15444,16980,0.8291742153944645,-0.1214437291211883,0.31699693,0.39787102,0.26078343,0.34165752
traffic,319,14484,16788,0.829130306062628,0.1699177013139898,0.4724245,0.5404357,0.22250652,0.79035366
traffic,244,14804,17108,0.8291229967734957,0.2511681858646444,0.02487135,0.41480255,0.28023958,0.10969162
traffic,210,14036,14996,0.829090495414525,0.2418571923953924,0.53470206,1.4076531,0.97638786,0.9659673
traffic,286,15444,16788,0.8290638174995899,0.2629406616931314,0.20886087,0.29858685,0.080096245,0.16982222
traffic,151,15316,16468,0.829056207602803,0.1110913860135645,0.82441163,1.1204875,1.3455336,0.5993655
traffic,98,14804,17108,0.8290208493583989,0.2331883149452313,0.32683372,0.8003471,0.6034018,0.52377903
traffic,743,14228,16660,0.82901648841535,-0.3483619611513747,0.55089235,0.9104705,0.9630015,0.49836135
traffic,763,15892,17172,0.8289985204283938,-0.2645199816730729,0.6451613,2.9682887,1.8248113,1.7886386
traffic,144,15956,16724,0.828985185997567,0.2453046961051336,0.2739129,0.040177226,0.14525259,0.45934272
traffic,196,15124,15316,0.8289827256737243,0.0960534183648638,0.3950323,0.86443615,0.8503486,0.40911984
traffic,133,14612,16340,0.8289766805364206,0.1917725066248501,0.9203737,2.4591675,1.2574569,2.1220841
traffic,124,14740,17236,0.8289634703813438,0.2685649970987073,0.19770658,0.4711411,0.2784605,0.39038718
traffic,573,14420,17108,0.8289248814988397,0.1956508545895798,0.13619184,0.2088306,0.14980876,0.22244751
traffic,569,15636,15828,0.8289146537460408,0.0472948428664071,0.43552244,0.581846,0.5253166,0.49205184
traffic,250,14612,16340,0.828899662046644,0.2859386360380841,0.5410172,0.9088805,0.6337284,0.81616926
traffic,681,15508,17044,0.8288306350402058,0.2887081896669319,0.16554594,0.55816674,0.48662663,0.23708606
traffic,353,14036,14804,0.8288188548386235,0.2805888271402042,0.6750686,0.054677725,0.3047626,0.3156283
traffic,345,14420,16340,0.8287910759457644,-0.2217309739583874,0.38548714,1.3663682,1.2392457,0.5126097
traffic,45,14548,16276,0.8287739705031401,0.2573163531030768,0.028395653,0.075451374,0.043110132,0.003945589
traffic,416,14484,16980,0.828761813306651,0.1401225975203746,0.2413795,0.39357066,0.20910525,0.36129642
traffic,465,14612,16532,0.8287563351045869,-0.0323510603906483,0.64563584,0.36724782,0.61270356,0.4001801
traffic,447,16020,16212,0.8287437539172806,0.2064669725547187,0.74872327,0.78960836,1.0688198,0.46951187
traffic,504,16020,16788,0.8287368532082564,0.2166227466290141,0.039027452,0.2057116,0.029254913,0.13742924
traffic,514,14100,16404,0.8287329706884009,0.2978741546451035,0.3934481,0.59536374,0.37450826,0.6143036
traffic,375,14996,15380,0.8286938608831204,0.2577434427711327,1.7367058,1.0505016,1.8925118,0.8946955
traffic,437,16020,16404,0.8286154501860205,0.2399549960076536,0.14434576,0.43812752,0.042950153,0.2508316
traffic,13,14292,17172,0.8286051322959974,0.2057548799200141,0.55544174,0.86373115,0.8272556,0.5919173
traffic,311,14484,16404,0.8285953322818185,0.2796425661487728,0.5282111,0.36715782,0.23545456,0.6599144
traffic,546,14292,14484,0.8285731115182724,0.0936342114776427,0.40504503,0.42395592,0.38591647,0.44308448
traffic,392,16980,17364,0.8285499545588865,0.1167664591067993,0.24023771,0.36862493,0.43125987,0.17760277
traffic,36,14612,14996,0.8285117732528847,0.2471304028540966,0.31179154,0.46726167,0.4237293,0.3553239
traffic,738,14292,17172,0.8284763651993827,0.2533625785683238,0.4325142,0.30719328,0.5084555,0.23125196
traffic,77,14420,14996,0.8284648303878493,0.2387022797263007,0.85875833,1.8609574,1.0684966,1.6512191
traffic,134,14164,16660,0.8284545349505548,0.1785277217369512,0.46319437,0.702477,0.54302907,0.6226423
traffic,214,14228,15380,0.8284313747497123,0.2826129076687541,0.04466319,0.23101044,0.23385382,0.04181981
traffic,854,15188,16724,0.8284144395471543,0.253117918272372,0.10871494,0.10333264,0.14581907,0.14043677
traffic,231,14548,15124,0.8283989101814362,0.1995073832771538,0.36390567,0.39632487,0.25809336,0.5021372
traffic,705,14804,17108,0.8283782208635367,0.2963990119968391,0.62816525,0.67756796,0.6328238,0.6729094
traffic,165,15508,17428,0.8283664421104174,0.2782992256999744,0.12027335,0.5219884,0.2651863,0.37707543
traffic,556,14612,16532,0.8283600405934528,0.2372833307713487,0.16392612,0.1268934,0.0025997162,0.29341924
traffic,262,14676,16980,0.8283499904454386,0.2972993642433053,0.58607984,0.09847188,0.34635592,0.14125204
traffic,770,14484,16980,0.8283333436519853,-0.034509915065402,0.8644278,0.8651804,0.7685938,0.9610144
traffic,144,14100,14676,0.8283320957524687,0.2460087656305297,0.39949954,0.97598124,0.9285356,0.4469452
traffic,425,14164,16852,0.8283284584945452,0.1252963774852904,0.42045736,0.3682673,0.0425539,0.83127856
traffic,9,15316,16468,0.8282287923920111,0.0251593431461071,0.5971074,0.96931565,0.99267435,0.5737487
traffic,587,14164,16276,0.8282210551115969,0.1507107016211762,0.20653796,0.62516224,0.51887846,0.31282175
traffic,701,14356,15124,0.8282013344346703,0.1310231087741335,0.08650875,0.10450482,0.2528714,0.44388497
traffic,227,16084,17236,0.8281782178748656,0.2280131293235008,0.06946933,0.43551278,0.14054596,0.36443615
traffic,519,14292,16980,0.8281222104344323,0.1974930233583839,0.1462183,0.074682236,0.20933533,0.011565208
traffic,600,14548,17044,0.8280991466419837,0.2943667802277485,0.030982733,0.06770873,0.111094,0.14782
traffic,666,15572,16340,0.8280935170266387,0.2056503303044813,0.83097446,1.4249322,1.1233178,1.1325889
traffic,775,14804,17108,0.8280353912216318,-0.0128952103621936,0.7369659,0.6987946,0.6008649,0.8348956
traffic,797,16020,16212,0.8280207509277768,0.0450876279258524,0.7859409,0.6810088,0.8069638,0.6599859
traffic,234,15124,16276,0.8279709947186258,0.2854926112773333,0.027814865,0.18303919,0.07701123,0.078213096
traffic,367,14420,16724,0.8279144320324819,0.168025155084442,0.6581503,0.60458404,0.29149222,0.97124213
traffic,476,16660,16852,0.8279031158580371,0.2650213587341217,0.51074004,0.40292358,0.49523163,0.418432
traffic,226,15636,17364,0.8278936849724746,0.2954419506035421,0.7570696,0.56734776,0.7313571,0.59306026
traffic,369,14548,17172,0.8278793317380454,-0.0491467896589899,0.90892553,2.9209194,1.4441314,2.3857136
traffic,603,16404,17172,0.8278358923868953,0.285652532798806,0.35147858,0.167207,0.515398,0.0032875538
traffic,235,14612,15380,0.8278310689324372,0.2542093280625823,0.028422832,0.0433805,0.09568167,0.11063933
traffic,620,15444,16212,0.8278155608136344,0.2539446292544023,0.025069833,0.051116824,0.004824519,0.081011176
traffic,19,14740,17172,0.8277100729675408,-0.162995308213964,0.768422,3.386413,1.8372983,2.3175368
traffic,170,14100,16788,0.8277046730010394,0.1238953388958159,0.3799944,0.8409555,0.7676163,0.45333362
traffic,545,14356,15572,0.8277045409082635,0.2582089682653489,0.5285847,0.80881906,0.6603651,0.67703867
traffic,336,14804,16916,0.8276989106340087,0.237813353185862,0.46239328,0.42999077,0.38518023,0.5072038
traffic,724,14548,15828,0.8276571448518016,-0.2141261175728562,0.34604192,0.26436043,1.0196071,0.40920472
traffic,189,14676,14740,0.827597591135881,-0.1928704109391788,0.42658353,1.5452461,0.7315378,0.38712478
traffic,147,14036,16916,0.8275886551142942,-0.0027554637706017,0.20393336,0.9289217,0.4153353,0.71751976
traffic,456,15572,16660,0.8275840286862601,-0.1347539088056674,1.2115482,1.6088202,1.0321041,1.7882643
traffic,810,15508,16084,0.8275218313156725,0.2653444531483947,0.6184044,0.9012246,0.9765935,0.5430355
traffic,11,16148,17108,0.8275057994420344,0.1937307501178163,1.7969346,0.9625293,1.7081718,1.0512921
traffic,122,15444,16404,0.827503595923348,0.2876106944161526,0.06866324,0.07864988,0.2299602,0.21997356
traffic,34,14292,17172,0.8274430463617901,-0.3315335329512955,0.40678906,0.77121425,0.68251014,0.49549317
traffic,651,14484,15060,0.8274265457494968,0.2914221614618788,1.0791936,0.78347147,0.95684266,0.9058224
traffic,607,16660,17044,0.8273859272618239,0.1893584919142707,0.30188227,0.31855965,0.24564147,0.37480044
traffic,497,15636,16404,0.8273849740104702,0.1599499338637341,0.10186756,0.18892634,0.5371933,0.45013452
traffic,668,15572,16340,0.8273649251052476,0.1375299820194132,0.6921804,1.3839967,0.93581057,1.1403666
traffic,372,14228,16340,0.8273425945881054,0.2784661003825612,0.731336,1.0843811,0.94317377,0.87254333
traffic,86,15444,16212,0.8273318294826868,0.2030027232826323,0.3832779,0.61303663,0.5805068,0.41580772
traffic,234,14164,14548,0.8273307829821445,0.2256833966992487,0.42496967,0.8818176,0.8826122,0.42417502
traffic,408,14484,16404,0.8273141915470712,0.2304402597332804,0.0146558285,0.24091184,0.11584425,0.34210026
traffic,688,16788,17172,0.8273001034821971,0.0709282003378312,1.0297997,0.819571,0.857218,0.9921527
traffic,423,14996,15956,0.8272879932421592,0.1084660633570604,1.4120653,1.1111996,1.696394,0.8268709
traffic,180,14228,16340,0.8272645923814088,0.114577483426643,1.0222414,2.410188,1.1349292,2.2975001
traffic,573,14676,16980,0.8272362946115774,-0.0672551657838319,0.5300584,0.11895132,0.34999394,0.06111312
traffic,352,15636,15828,0.8271562362358262,0.2441568083573955,0.70371723,0.6555977,0.5355563,0.8237586
traffic,714,16852,17044,0.8271407519357177,0.1372844728663532,0.044401407,0.034879208,0.040487766,0.03879285
traffic,787,14228,15764,0.8271230454347152,0.2027259343001382,0.11977172,0.2790128,0.29253888,0.10624564
traffic,818,14932,17044,0.827121237574876,0.112771453629461,0.3365283,0.5413724,0.33013105,0.54776967
traffic,707,14356,17236,0.8271177221391519,0.1868676215178229,0.115569115,0.8065156,0.57527447,0.34681022
traffic,285,14484,15444,0.8270943007344044,0.213684967553805,0.33673,0.51015854,0.4054935,0.44139504
traffic,172,15508,17236,0.8270845203494401,0.2927427973416578,0.62705564,1.3930402,1.594895,0.42520082
traffic,512,16852,17428,0.8270802559567298,0.2240976886888646,0.41667652,0.42999196,0.5292561,0.31741238
traffic,796,14036,15380,0.826988764240481,0.1561342449855829,0.17076921,0.1630826,0.15859604,0.17525578
traffic,264,16084,17172,0.8269206602666136,-0.0020058194923614,0.82046306,1.5935225,1.4881846,0.92580104
traffic,668,15316,15892,0.8269068625313528,0.2046332652140154,0.67010856,0.30333328,0.44468832,0.5287535
traffic,544,15124,15316,0.8268583516169984,0.2622493043200813,0.5113212,0.7409885,0.5572182,0.6950915
traffic,386,14676,16596,0.8267969511539185,0.1903622895125423,0.036900282,0.29102898,0.027089119,0.22703958
traffic,287,14548,15124,0.8267646785395968,0.2264940403388059,0.019333363,0.042352438,0.24305975,0.22004068
traffic,235,15572,16148,0.8267558386852222,-0.0571962466665763,0.25313568,0.11398244,0.10004473,0.039108515
traffic,130,14548,17364,0.8267368211434855,-0.0008944733569854,0.6487845,1.0248911,1.4116038,0.26207185
traffic,111,14996,15764,0.8267103192011606,0.1846937745053818,0.85216284,1.0143216,1.2692585,0.5972259
traffic,226,14420,16532,0.8266955416740851,0.1832816015455199,0.25253463,0.24910712,0.22684526,0.22341776
traffic,529,15508,17236,0.8266769207632716,0.0794239980630003,0.47244978,0.85361564,0.5692378,0.7568276
traffic,125,16020,17364,0.8266632518401811,0.0908529739769532,0.36899734,0.35730338,0.38682508,0.33947563
traffic,160,14676,14740,0.8266053072137217,-0.2249903234737907,0.53178453,1.6367679,1.4957154,0.672837
traffic,446,16340,16916,0.8265880583480589,0.2986977112705075,0.5644922,0.71569765,0.79918265,0.48100722
traffic,105,14484,16980,0.8265161079346072,0.2666340831565881,0.14236546,0.5566182,0.23061895,0.46836472
traffic,601,14548,15124,0.8264561765014025,0.2490951266499711,0.19189858,0.25255895,0.3663187,0.07813883
traffic,798,16532,16916,0.8264397394490791,0.2255011740550172,0.12472355,0.247792,0.1061939,0.26632166
traffic,658,16660,17428,0.8264296656683819,0.2529229236352885,1.301264,0.67052746,0.979754,0.99203753
traffic,317,16660,17428,0.8264166894783651,0.2084090158050326,0.7261405,0.8527708,1.1488497,0.43006158
traffic,550,16020,16788,0.8263477341887796,0.2433716384336389,0.21485257,0.25651276,0.21854353,0.2528218
traffic,233,16212,17172,0.8263333338831498,0.1900157467562195,0.78187084,1.2368379,1.0267353,0.9919734
traffic,739,16148,17108,0.8262796376034777,0.2058221657110633,1.5179942,0.9271999,1.4141933,1.0310009
traffic,562,14484,16788,0.8262742308968627,0.097719614372593,0.6017108,0.5277306,0.30545878,0.8239826
traffic,106,15124,15508,0.826263276683635,0.0705681217883254,0.53566694,0.5903928,0.68130493,0.44475484
traffic,854,15700,16852,0.8261694628692069,0.0279695069037595,0.30318093,0.38246036,0.5194373,0.16620398
traffic,623,14676,15828,0.8259740873822081,0.2927112465753524,0.9843428,1.2701826,0.81283927,1.4416862
traffic,683,14548,17364,0.825966435996643,0.1638296007701357,0.22119212,0.029029131,0.9202075,0.7280445
traffic,625,15444,15828,0.8259073356775372,0.2958450736095541,0.18826592,0.33904874,0.33590937,0.1914053
traffic,132,16468,16660,0.8258755764914507,0.2688141939196441,0.47281265,0.90154195,0.7157259,0.6586287
traffic,286,15572,16724,0.8258653732894488,0.2985926791135612,0.43177712,0.4091475,0.04923296,0.07186258
traffic,565,14036,15188,0.8258526693285133,0.2351487723143046,0.08990598,0.3278016,0.35186076,0.0658468
traffic,56,15892,16276,0.8257938215838345,0.2488354774719522,0.002051115,0.15346456,0.07992244,0.07559323
traffic,509,14100,14292,0.825764103352872,0.178515821346598,0.3010466,0.24303794,0.3136921,0.23039246
traffic,37,14996,16340,0.8257500698414877,0.114570013806385,0.041514397,0.06415391,0.015180826,0.03782034
traffic,323,14420,16660,0.8257146546000563,-0.2718762066757599,0.42739296,0.514287,0.8878312,0.053848743
traffic,339,14804,17108,0.825714254815018,0.2617673427927744,0.16650605,0.65902793,0.3980353,0.4274987
traffic,659,15828,16788,0.825689928405373,0.2607163703585436,1.0788636,0.8691881,0.95592237,0.9921293
traffic,40,14740,17364,0.8256356599099988,0.0628365819510372,0.6802101,1.4133861,1.6555727,0.43802357
traffic,163,14996,15572,0.8255691356099105,0.244677099972324,0.8674189,0.900512,1.0980291,0.6699017
traffic,654,14292,17364,0.8254607489015766,0.2698678500604082,0.20335197,0.22946954,0.53704906,0.10422754
traffic,512,15572,16916,0.8254397463540988,-0.1300998251939685,0.8896333,0.2864542,0.747388,0.4286995
traffic,373,15444,16212,0.8253739891009624,0.2571222936710831,0.07638204,0.022862554,0.020774603,0.07846999
traffic,294,14548,17364,0.8253594522647818,0.1813632524259556,0.7685796,1.6575979,1.5899053,0.83627224
traffic,526,15572,16660,0.825349205886848,-0.154599295839554,0.73479474,2.803071,1.5039158,2.0339499
traffic,45,16340,16404,0.8252500401024152,0.2568108107287179,0.04698205,0.19312382,0.54499626,0.3988545
traffic,315,15700,17364,0.8252280695387021,0.1183244001564694,0.7738979,1.8621943,1.5947909,1.0413013
traffic,838,14676,16980,0.8251456702245998,0.1733154240130409,0.30047274,0.27663803,0.40958548,0.16752529
traffic,36,16596,17364,0.825145127336839,0.2726723870413891,0.87663305,0.6395731,0.5383154,0.97789073
traffic,255,16020,17364,0.8251398124770438,0.1277536257139899,0.26369238,0.18047643,0.30574846,0.13842034
traffic,182,14868,15636,0.8250826393580507,0.116919489089592,0.69108415,0.93130267,0.6905669,0.9318199
traffic,286,16468,17428,0.8250710195011126,-0.2847531448175144,0.03824818,0.13550174,0.016382217,0.19013214
traffic,772,16788,17172,0.8250576997383213,0.1774929570368989,1.0169014,1.0104668,0.6999363,1.3274319
traffic,581,15252,15828,0.8250311687152856,0.2482398661352625,1.0498384,1.322958,0.76092255,1.6118739
traffic,72,14164,16276,0.8250119534344799,0.0718991407543563,0.1528089,0.60779834,0.47512937,0.28547788
traffic,169,17108,17300,0.8249673208601198,-0.0794535537900747,0.6088786,1.4420795,0.96823573,1.0827223
traffic,2,15572,16660,0.8249480431593165,0.0130764127734769,0.3166746,0.4535625,0.85925114,0.08901405
traffic,182,14036,16916,0.8249353202933724,0.1211610532762689,0.10758841,0.88470924,0.2681216,0.72417605
traffic,247,14612,16532,0.8249350804904306,0.2205013591379352,0.13417172,0.28359604,0.72560906,0.3078413
traffic,210,15636,17172,0.824926916479282,0.2632103988408406,0.4147985,0.34061146,0.56134963,0.19406033
traffic,560,15124,17236,0.8248995996143755,0.2341578542422982,0.41561413,0.63663816,0.50057495,0.55167735
traffic,55,14932,16084,0.8248937909196118,0.1596337083960419,0.13575673,0.055870533,0.07047987,0.121147394
traffic,637,16020,16404,0.8248411762701549,0.2129337580734079,0.64214754,0.684137,0.5326772,0.79360735
traffic,283,16852,17428,0.8248255122188827,0.2981869038458487,0.72487783,1.0780385,1.319193,0.48372328
traffic,540,15316,17236,0.8248057311813175,-0.0229897656587044,1.0943873,1.0859275,1.3819693,0.79834545
traffic,610,15636,17172,0.8247845564846082,0.2536800003651758,0.46664166,0.3073902,0.5157926,0.25823927
traffic,696,15892,17236,0.8247686376412687,0.2334285632216334,0.19433784,0.6937561,0.3428477,0.15657055
traffic,122,14740,16852,0.8247655414416671,0.2624399132852638,0.5383483,0.9979466,0.88466823,0.6516267
traffic,574,16020,17364,0.824761778117927,0.1891289823048367,0.38948727,0.35033083,0.3595748,0.3802433
traffic,232,15380,16532,0.8247501262484932,0.2591047656868595,0.7193284,0.2638328,0.6347642,0.34839702
traffic,575,14164,17428,0.8247186878352446,0.1347781218837361,0.20157456,0.2535286,0.2430706,0.21203256
traffic,102,16212,16596,0.8246751961285881,0.2829900101227809,0.13644958,0.09737623,0.14599133,0.10691798
traffic,449,14612,16916,0.8246091325141717,-0.0378486644856087,0.35264182,1.3105385,1.1271448,0.53603554
traffic,83,14484,14868,0.8245944899785633,0.2925407481397707,0.10818386,0.21171641,0.05574894,0.3756492
traffic,64,16084,17364,0.8245333632763664,0.1014681990734421,0.86378515,1.2265198,1.5404924,0.54981256
traffic,464,14164,16852,0.8245295986447536,0.2659638538949662,0.17049742,0.25307536,0.034140825,0.38943195
traffic,133,15444,16404,0.8245266785885815,0.0929624217165411,0.56669396,0.19359219,0.49938267,0.26090348
traffic,611,15316,16276,0.8245158509027823,0.2607396307038475,0.99132764,1.1891134,1.5308686,0.6495724
traffic,824,16148,16916,0.8244916969033849,0.2711924733653583,0.6781051,0.6533793,0.5940125,0.73747194
traffic,252,15188,15956,0.8244323630738968,0.2010950176371835,0.67846584,0.7419505,0.9227216,0.49769473
traffic,756,16468,16852,0.8244253850955524,0.2725087517615408,0.39369035,0.21401715,0.28118777,0.32651973
traffic,160,16084,17172,0.8244212834513462,-0.3063706868388736,0.8541459,2.7996788,1.6509774,2.0028474
traffic,591,14996,15380,0.8244097705558078,0.119620960537405,1.3119197,0.9880961,1.4791925,0.8208233
traffic,178,14676,15828,0.8243067657939583,0.2681393528255744,0.61186194,0.3340869,0.28142548,0.66452336
traffic,731,16020,16788,0.8242897349138962,0.2782997304671759,0.2028625,0.34443903,0.15041566,0.39688587
traffic,769,14932,16276,0.824274880523796,0.243008480344662,0.17756796,0.4229735,0.3273437,0.27319777
traffic,743,14868,16212,0.824274613644413,0.2522070965068982,0.036787987,0.11511159,0.052187443,0.20408702
traffic,253,14292,16788,0.8242114115290604,0.2169684511907038,0.37975144,0.34311557,0.025267243,0.74813426
traffic,466,14164,16852,0.8241797504695684,0.1989746374417363,0.20451069,0.117105484,0.037029266,0.2845869
traffic,481,15828,16596,0.8241486876176038,0.1827558037856525,0.5819237,0.993855,0.920892,0.6548867
traffic,27,15060,17364,0.823997826770961,0.2771773143055196,0.31845236,0.46029758,0.6452985,0.13345146
traffic,483,14996,17300,0.8239713047457695,0.2181626396968997,0.6444657,0.8495184,0.8951621,0.598822
traffic,232,16020,16404,0.8239278061733541,0.2574111546972278,0.30295825,0.65006137,0.2995391,0.6534805
traffic,60,14932,15508,0.8239243288565825,0.2466333742133249,0.53709996,0.6146982,0.58676755,0.5650306
traffic,220,15636,16788,0.8239106482388829,-0.0023785792645341,0.242872,0.25604367,0.124658585,0.3742571
traffic,827,14740,17364,0.8238571753577968,-0.0855461969975965,0.7188028,1.4700863,1.7924081,0.39648104
traffic,802,14484,16212,0.8238558221189022,0.1865363379082016,0.6526885,0.7289274,0.54886866,0.8327472
traffic,531,15316,17236,0.8238318248499865,0.2693837879978141,0.90624,0.8676044,1.1974232,0.57642114
traffic,390,14100,14292,0.823774783079837,0.2389266146995408,0.31983018,0.19220209,0.30200267,0.2100296
traffic,434,14676,15636,0.8237489861043917,0.2265870851951162,0.112801075,0.24907708,0.027107239,0.10916877
traffic,196,14996,15380,0.8237410039012182,0.1533587711485044,1.1922823,0.60242283,0.87203574,0.9226694
traffic,707,16020,16788,0.8237263514828375,0.2824631259251242,0.4301734,0.7186215,0.4568808,0.6919141
traffic,133,14036,14996,0.8237022397540372,0.248808596740725,0.59907067,2.2054663,1.2972318,1.5073051
traffic,328,16148,16916,0.8236991784388379,0.0948456509152246,0.13606215,0.5001613,0.30087948,0.33534396
traffic,270,16276,17428,0.8236748990438599,0.2990369994277011,0.063085556,0.1745379,0.22631419,0.011309266
traffic,405,16980,17364,0.8236726321338506,0.2163801639266368,0.10534406,0.23890185,0.28334308,0.060902834
traffic,852,14164,15124,0.8235806747312329,0.2941840939280368,0.33663106,0.25868988,0.20256948,0.28051066
traffic,475,16020,16212,0.8235669741430637,0.2374747699941139,0.24441957,0.2939813,0.1903789,0.34802198
traffic,230,15124,15700,0.8235640546952826,0.2561552730952222,0.33270395,0.11476767,0.19546461,0.252007
traffic,666,14164,15892,0.8235516046173307,0.2870306651486596,0.4039104,0.7848315,0.75311327,0.43562865
traffic,825,15316,16468,0.8235414496866625,0.1541093651321737,0.18747473,0.3117113,0.39954543,0.09964061
traffic,449,15508,16660,0.823427636833807,0.1195436173945894,0.34633303,0.31420875,0.40668297,0.2538588
traffic,112,16020,17364,0.8234263730189538,0.2074649706792222,0.3161764,0.2486546,0.34214783,0.22268319
traffic,624,14292,16980,0.8233944181956062,0.294951835064972,0.22293377,0.033007383,0.29569316,0.039752007
traffic,597,15188,16724,0.8233580805078786,0.2678161792407015,0.2645135,0.84874105,0.64874554,0.464509
traffic,540,14484,15060,0.8233181452896341,0.2547814436073109,0.9817209,1.0192195,1.3984618,0.6024786
traffic,853,14292,15444,0.8233050345855132,0.2530845562859802,0.43757415,0.37958014,0.36509395,0.45206034
traffic,668,16020,16212,0.8232959190752782,0.1965756398314267,0.22777104,0.25230694,0.19675636,0.28332162
traffic,514,15316,16468,0.8232496007626294,0.0333266931699773,0.73077583,0.9942243,0.96989346,0.7551067
traffic,445,14996,15572,0.8232444702443353,0.2090891725179448,1.2468934,0.8735212,1.3025091,0.81790555
traffic,760,14804,16660,0.8232204395063141,0.1719955638020432,0.8227041,0.9212229,0.79857373,0.94535327
traffic,80,16084,17364,0.8231610946866782,0.0075920299827916,0.3569162,0.017993212,0.93254685,0.5936239
traffic,175,14228,16916,0.8231064569557849,0.2864421016318897,0.065208316,0.41198975,0.16835797,0.3088401
traffic,675,15252,17172,0.8231040245258204,0.2215251731656364,0.39755738,0.24080777,0.47648108,0.16188407
traffic,108,14548,15892,0.8230376641848698,0.1862520010866037,0.4153793,0.10365772,0.34349442,0.1755426
traffic,478,15316,17236,0.8230336322214987,0.1311961883995114,0.6713667,0.65722394,0.79141474,0.5371759
traffic,566,14548,17364,0.8230122058140575,0.0805232124043687,0.19102514,0.13719106,0.72144806,0.667614
traffic,846,15636,16788,0.8230056524249194,0.2837974021740423,0.38252878,0.393162,0.3607881,0.4149027
traffic,313,15508,17236,0.8229957889848477,0.2630594119431904,0.14479184,0.7562332,0.5503812,0.35064387
traffic,747,14100,15060,0.8229749098083029,-0.1671566966533822,0.41815484,1.0229557,0.8986639,0.5424466
traffic,669,14868,15828,0.8229550666019639,0.2552306984989907,0.3670838,0.07513738,0.31880116,0.12342
traffic,312,16340,16916,0.8229333588821263,0.2729413179822195,0.8709748,0.89600146,1.118681,0.6482953
traffic,617,14612,16852,0.8229152539557383,0.0066396481481612,0.35657644,0.06586552,0.59196043,0.16951847
traffic,75,15316,16276,0.8229150374132509,0.2756223049399602,1.05357,1.1886752,1.5531695,0.6890757
traffic,337,15828,16020,0.8229009900298548,0.1950979284747871,0.07117295,0.17393374,0.4058516,0.3030908
traffic,816,15572,16340,0.8228565865513615,0.2938301367235504,0.66166544,0.8342643,0.9296298,0.5662999
traffic,17,14292,16788,0.8228347436651285,0.1436083913209289,0.055849075,0.29649496,0.113022804,0.12762308
traffic,342,14228,16340,0.8228226499719742,0.1982087915124037,0.91705453,1.0661788,0.9497794,1.033454
traffic,598,14676,15252,0.8228032082649741,0.2322877170711749,0.39931512,0.532372,0.5731151,0.358572
traffic,135,14164,16276,0.8227166486221464,0.2738800068516704,0.35897946,0.77329516,0.7750281,0.35724652
traffic,346,15188,16340,0.8227109085953037,0.255107157737676,0.6168735,0.18265772,0.34587574,0.45365548
traffic,243,15892,17364,0.8227008582503055,0.1004762093719178,0.4027977,0.5740049,0.9738972,0.0029053688
traffic,770,16212,17364,0.8226268846862558,-0.0218162426017934,0.7394798,0.8437836,0.6667545,0.9165089
traffic,128,15508,17236,0.8225796575217205,0.2282426687047022,0.12714028,0.61175156,0.2951064,0.44378543
traffic,851,14484,16020,0.8225044763855593,0.2454467883536699,0.10339737,0.1543684,0.2627952,0.21182418
traffic,60,14804,16916,0.8225030273746147,0.2547290285807451,0.47432852,0.4737761,0.28595114,0.6621535
traffic,745,16980,17172,0.8224706433132052,0.2230125805196731,0.18591094,0.04700327,0.06663227,0.0722754
traffic,515,14036,17108,0.8224596562796387,0.2706524140869095,0.11528981,0.031089306,0.09207976,0.054299355
traffic,662,14164,14932,0.8224354711171107,0.2055454101915724,0.29854274,0.79004097,0.67591953,0.41266418
traffic,772,15252,16212,0.8224311185717559,0.2200967714789843,0.43983293,0.2741418,0.31791127,0.39606345
traffic,208,16532,17108,0.8223170137815584,0.1464453435920232,0.10798597,0.43803382,0.3449731,0.2010467
traffic,841,16020,16980,0.8223040887438412,0.287996676870097,0.19121099,0.08518815,0.032768726,0.07325411
traffic,221,16468,17236,0.8222949025326124,0.1838488237488708,0.47271347,0.5740073,0.6681464,0.37857437
traffic,0,14100,16980,0.8222730950576103,0.1003743690917672,0.30112505,0.23260903,0.69336915,0.15963507
traffic,737,16020,16212,0.8222159947361561,0.129517838574583,0.13780403,0.183779,0.16585684,0.1557262
traffic,651,14100,17172,0.8221929116517146,0.2775956200423717,0.8819721,0.8578,0.92490005,0.814872
traffic,655,15700,17236,0.8221780297915031,0.1499992391510178,0.066393614,0.05234933,0.119879484,0.1058352
traffic,91,15188,15380,0.8221758360854441,0.1073556240320261,0.06830692,0.4991641,0.452726,0.11474502
traffic,150,15316,16660,0.8221471512395615,0.1474206366679385,0.5342777,0.34373355,0.5315273,0.34648395
traffic,603,16084,17236,0.8221397338982164,0.2164953270690423,0.44504535,0.5338372,0.17852378,0.8003588
traffic,614,16532,17108,0.8221239086798224,0.2130422215919797,0.07438254,0.3348062,0.3048997,0.104289055
traffic,578,14996,17108,0.8221201782962922,0.1249768243864679,0.96955824,1.1314578,1.3605261,0.74048996
traffic,458,14484,16980,0.8221060117528869,0.209479378324711,0.019603968,0.4182272,0.055248976,0.4538722
traffic,512,14484,14676,0.8220895186632013,0.2840204505383727,0.5369272,0.23406363,0.22830844,0.5426824
traffic,7,15188,17300,0.8220619665992973,0.1352316659198437,0.22651172,0.64719343,0.41547036,0.4582348
traffic,627,14676,15892,0.8220318223594151,0.0390317812291816,0.035788774,1.4824789,0.98930395,0.5289637
traffic,547,14228,17300,0.8219613944563421,0.2217430127070482,0.58114123,0.26746428,0.5765661,0.2720394
traffic,696,14420,17300,0.8218944349742733,0.2080879756640554,0.2037785,0.4350673,0.091165066,0.32245386
traffic,223,14548,17364,0.8218916840269612,-0.1410363053602275,0.5266254,0.684983,1.0723646,0.13924384
traffic,621,15828,16596,0.8218614984692703,0.2350525663303102,0.55257916,0.5704012,0.4480772,0.67490315
traffic,778,15060,15828,0.8218460905229454,0.2989455027383856,0.46352684,0.68170667,0.63808334,0.5071502
traffic,206,14292,15636,0.8218400085232357,0.1120958800321055,0.24347472,0.39171207,0.4117545,0.2234323
traffic,21,14612,16916,0.8217150675616087,0.2487816230766118,0.09363687,0.5300735,0.16279185,0.2736448
traffic,516,14996,16916,0.8217136523218268,0.2080018479566405,0.9041207,0.838274,0.99394333,0.74845135
traffic,773,16084,17364,0.8216942208900277,0.1218117087194542,0.886473,1.7940334,1.8072436,0.8732629
traffic,438,14548,15316,0.8216852188182693,0.2487458007517723,0.20505404,0.5320127,0.6648793,0.07218742
traffic,55,15380,16532,0.8216389010540198,0.0896207103072929,0.08163607,0.044271946,0.18263412,0.056726098
traffic,175,16276,17428,0.8215953984478425,0.1561026002063355,0.15329432,0.04848373,0.11914015,0.22395074
traffic,83,14356,17236,0.8215881724162489,0.0946362375562309,0.052915573,0.29262042,0.013269663,0.33226633
traffic,93,16020,16788,0.821584347951479,0.2499822639736626,0.6016774,0.853737,0.68637943,0.769035
traffic,21,15444,16404,0.8215641355190096,0.2678135344537772,0.29483187,0.1556772,0.20520306,0.06604838
traffic,362,16020,16212,0.821560171488054,0.187785896211005,0.26733947,0.48168886,0.48788047,0.26114786
traffic,117,16788,17172,0.8215423496845656,0.2340982500781156,0.41331947,0.25565147,0.362898,0.30607295
traffic,578,15124,16276,0.8215264015105022,0.0163617915513612,0.15965044,0.56961334,0.41593528,0.3133285
traffic,204,14100,15828,0.8215092767604472,0.2831530892412006,0.4502008,0.18836164,0.30366874,0.3348937
traffic,567,14612,17108,0.8214551013303072,0.0696860919287253,0.4770224,0.7118305,0.6560507,0.5328022
traffic,367,15508,16852,0.8214127979703846,0.2842624073613813,0.16097975,0.17886496,0.37302327,0.033178568
traffic,691,16020,16212,0.8213435705214905,0.2145664862044946,0.17089319,0.34126496,0.3042674,0.20789075
traffic,536,14548,17364,0.8213412651487987,0.0625917568056898,0.36441827,0.1314373,0.8211379,0.32528234
traffic,69,16788,16980,0.8213213700594754,0.1819663658809157,0.04890418,0.2473104,0.08786631,0.20834827
traffic,478,14164,17428,0.821300257852882,0.2700650411364292,0.35013342,0.70906913,0.6643896,0.39481294
traffic,357,16020,16788,0.8212914598564176,0.2000648594819901,0.039037943,0.16796422,0.026736736,0.18026543
traffic,221,15508,17428,0.8212807577435393,0.2028522462362373,0.34633827,0.7724974,0.705518,0.41331768
traffic,605,15124,15508,0.8212459763596185,0.1081382185380307,0.0122926235,0.52042425,0.5313252,0.023193598
traffic,228,14676,16596,0.8210899603879316,0.1703109671722617,0.58190465,0.6856673,0.5116565,0.7559154
traffic,500,14100,16212,0.8210642539765346,-0.0587200515633103,0.25496602,0.36814022,0.25646448,0.36664176
traffic,379,16788,17172,0.821058548613723,0.237982524613325,1.068699,1.7808676,1.0000039,1.8495626
traffic,261,14292,17172,0.8210468303468309,0.2368052625124559,0.48841548,1.2008513,0.98820865,0.70105815
traffic,742,15828,16788,0.8210432194558707,0.2248111356339702,0.18185925,0.47346926,0.18588471,0.4694438
traffic,345,15060,16980,0.8210364514440813,0.2054261605872619,0.12180209,0.8706194,0.27609205,1.0249094
traffic,668,15828,16596,0.8210047547050436,0.069385059217766,0.71605253,0.36242354,0.30430794,0.77416813
traffic,743,14484,15636,0.8209877185016201,0.1602943147130028,0.034267187,0.45025563,0.16517878,0.25080967
traffic,15,14612,17300,0.8209864403103543,0.2378610709907196,0.50884044,0.77164054,0.8447474,0.43573356
traffic,609,14676,16596,0.8209699846932852,0.286873482099783,0.097984314,0.33071864,0.013883352,0.4425863
traffic,434,14484,15444,0.8209597631906533,0.220447705466531,0.8058009,0.72341824,0.8374851,0.6917341
traffic,832,14612,16148,0.820951829165347,0.1934418020714544,0.19504786,0.15634394,0.18376279,0.167629
traffic,400,14612,15764,0.8209281827708922,-0.0965567745239872,0.06653476,0.15781164,0.19934368,0.025002718
traffic,436,14484,16980,0.8209232187946526,0.2851811519810602,0.54672194,0.5865879,0.43924809,0.69406176
traffic,99,14548,17044,0.8208892577845096,0.2213148497017912,0.0249511,0.0050314665,0.16875422,0.13877165
traffic,729,14804,17300,0.820884087325179,0.2447821324684636,0.1617732,0.17252016,0.016299486,0.31799388
traffic,108,14036,14420,0.8207773117533318,0.2718146647748846,0.042122483,0.24961197,0.19729197,0.09444249
traffic,361,15508,16852,0.8207537814106439,0.1283791331418385,0.050529003,0.15412569,0.08020973,0.18380642
traffic,331,15380,16724,0.8205921623585368,0.2592964780173362,0.4515437,0.14526147,0.10765445,0.19862777
traffic,481,14804,17108,0.8205818231373103,0.2835781475975882,1.0235897,1.032456,1.4951663,0.56087947
traffic,848,15892,17236,0.820547637477859,0.255814154274141,0.5969522,0.10799742,0.5648606,0.14008904
traffic,403,14932,15316,0.8205418926073097,0.180662995604697,0.48406732,1.8639998,1.4425141,0.9055531
traffic,390,15124,17236,0.8205243552044428,0.1777901761673098,0.11856377,0.022774935,0.1824106,0.3237493
traffic,128,16148,16916,0.8205188660171681,0.2798975279013285,1.0111899,0.77479184,0.98523533,0.80074644
traffic,198,17172,17364,0.8205157284625055,0.1336753125979687,0.05069995,0.015106916,0.45406508,0.48965812
traffic,208,14228,15188,0.8205065760287564,0.2823905283809688,0.055390358,0.4141724,0.44755125,0.022011518
traffic,476,14996,16340,0.8204916676716779,-0.0235536429783328,0.5038626,0.062121153,0.21142888,0.23031259
traffic,285,14996,16148,0.8204600356714804,0.2578330638027252,0.009366512,0.11184621,0.1405456,0.019332886
traffic,290,15316,16468,0.8204521458037548,0.2493912866890865,0.12775421,0.44983053,0.33657384,0.2410109
traffic,510,14100,17364,0.8203568441952995,0.1475273377220672,0.28461623,0.1590519,0.4058516,0.28028727
traffic,814,15508,16276,0.8203454482136665,0.1452141980836579,0.84952927,0.74101424,0.8718476,0.7186959
traffic,194,15316,16276,0.8203391810812306,0.2694504939872706,0.66803503,1.016624,1.1260393,0.55861974
traffic,99,14612,15188,0.8203232417922152,0.2926064208531241,0.15305793,0.11040187,0.19647658,0.23913264
traffic,100,14164,16084,0.8202647956574658,0.2091503697532951,1.232486,1.1445197,1.5725024,0.8045033
traffic,624,16660,17428,0.8202613953617882,0.1733121414060784,0.63244104,1.0101309,1.0726848,0.56988716
traffic,65,14292,16020,0.8202188639161073,0.0542460199548993,0.067596674,0.595912,0.8257327,0.16222405
traffic,230,14484,15444,0.8201664925539179,0.2563833606945018,0.570217,0.3539989,0.4149356,0.5092803
traffic,23,15572,16660,0.8201090939527459,-0.1008350492120505,0.39945602,0.4355049,0.798779,0.036181927
traffic,171,14420,17108,0.8200387074461086,0.2332042002207012,0.10625577,0.6551256,0.2967124,0.25215745
traffic,408,14036,15188,0.8200157421756241,0.0984029495898914,0.20306444,0.17549968,0.016366482,0.36219764
traffic,781,14676,16404,0.820014914752437,0.2008813958854352,0.5571389,0.6936896,0.6272862,0.6235423
traffic,717,15828,16020,0.8198947308243267,0.2686278842084613,0.63204145,0.43322015,0.22822261,0.837039
traffic,251,15892,17172,0.8198841217838794,-0.1612696792457355,0.8238568,2.606533,1.673116,1.7572737
traffic,547,14292,17172,0.8198796683647473,0.2509851810818615,0.545251,1.4617314,1.1006168,0.90636563
traffic,834,14292,16788,0.8198756771305108,0.2079586964240653,0.07825613,0.21002841,0.38347983,0.5152521
traffic,199,14612,16532,0.8198477337545391,0.2082013492944824,0.029259682,0.0074955225,0.13873208,0.17548728
traffic,748,14164,17044,0.819817199263111,0.0169185829897238,0.014429331,0.6524646,0.50703335,0.15986061
traffic,241,15380,16660,0.8198158428247644,-0.0561188430379306,1.23881,3.823941,1.2080314,3.8547196
traffic,224,14548,16788,0.819813663491735,0.0629795891011573,0.33036327,0.13868332,0.6058872,0.13684058
traffic,156,14612,16340,0.8198133757751626,0.0694048368772319,0.6344315,0.963109,0.9039763,0.6935642
traffic,736,15444,17364,0.8197997860214313,0.0894412253985935,0.36550736,0.41103625,0.45782542,0.3187182
traffic,451,16596,17172,0.819747773737046,0.2940348190832205,0.35661983,0.2073319,0.4141562,0.14979553
traffic,337,14420,16340,0.8197074292263561,0.2833448555755286,0.5620239,0.6978483,0.7162869,0.5435853
traffic,687,14548,17044,0.8197033414144258,0.2940110856091918,0.45638025,0.21330345,0.2124064,0.030670404
traffic,596,16084,16660,0.81969913309969,0.1888575876421814,0.5038569,0.40995502,0.5655925,0.3482194
traffic,108,14804,17300,0.8196428833756656,0.2467950001498977,0.12803698,0.023307323,0.22712135,0.37846565
traffic,476,15124,16276,0.8196381772455251,0.0511836735967952,0.14724278,0.35230434,0.17554426,0.32400286
traffic,177,14356,15508,0.819541416549292,0.0789439128048875,0.2306807,0.18282962,0.4400084,0.02649808
traffic,791,15636,16788,0.81949599229729,0.2198439360540154,0.024093986,0.024517417,0.14750469,0.19611609
traffic,238,16020,17364,0.8194379374391473,0.1736398897799203,0.44993162,0.26362514,0.36960626,0.3439505
traffic,689,16660,17044,0.8194330185691182,0.2171618985035594,0.47814655,0.6219461,0.6077666,0.49232602
traffic,595,15572,16660,0.8194056901533658,-0.1376188278131351,1.2510958,1.7945622,1.2530835,1.7925745
traffic,402,16980,17172,0.8193701588839968,0.2820973404753696,0.68495584,1.210443,0.8454733,1.0499256
traffic,52,14292,16788,0.8193620172848486,0.1547421343469869,0.026803255,0.42188144,0.12968588,0.2653923
traffic,801,14164,16084,0.8193102514856943,0.2805158634068886,0.8249829,0.7587552,0.897439,0.6862991
traffic,85,14228,17108,0.8192145231970328,0.2089083278226621,0.20112944,0.01705265,0.5003066,0.28212452
traffic,465,16020,16212,0.8191852249674925,0.1924065590347823,0.33088064,0.4681784,0.41736317,0.38169587
traffic,778,15508,16468,0.8191761163768136,0.2475101639797854,0.2258501,0.5748403,0.36521935,0.43547106
traffic,213,15508,16276,0.8190949944936228,0.1170730111257898,0.78993917,1.0269952,1.1821982,0.6347362
traffic,171,14164,16852,0.8190780785929238,0.0470734852691991,0.0035376549,0.32109094,0.007917166,0.32547045
traffic,345,14996,16148,0.8190661962925329,0.237125174050635,0.16696429,0.3282485,0.48612094,0.009091854
traffic,413,14036,16660,0.8189846440549629,0.0819371093204545,1.1974692,2.5082426,1.3023485,2.4033632
traffic,770,16084,16660,0.8189645735095828,0.2340123289246161,0.70384336,1.1019654,1.0298975,0.77591133
traffic,372,14292,16788,0.8188764032382249,0.2055655985959673,0.0024706125,0.04312265,0.37597418,0.42156744
traffic,718,14740,15508,0.8188665658248689,0.1287923296661148,0.0032770634,0.049084663,0.21559119,0.16978359
traffic,808,15188,16724,0.8188394086771164,0.2146744242799901,0.047359943,0.9217652,0.5073292,0.36707604
traffic,637,15188,16916,0.8188159242530083,0.2482915187105241,0.55404806,1.2093318,1.0776751,0.6857047
traffic,735,14740,16852,0.818782770115842,0.031562592383325,0.3346491,0.43439412,0.5061796,0.26286364
traffic,783,15508,17236,0.8187825863628414,-0.019040855817092,0.9679866,1.1052785,1.336105,0.73716
traffic,372,14804,16916,0.8187770325116448,0.2624874849036981,0.25640488,0.7821156,0.5295658,0.50895464
traffic,782,16980,17364,0.8187287946637382,0.2820687812803359,0.23442554,0.20428658,0.42135286,0.017359257
traffic,686,16084,17364,0.8187225363171992,0.0913434412505648,1.004195,1.9393266,1.409072,1.5344496
traffic,855,14548,14740,0.8186956790796788,0.2557878056754124,0.013843775,0.07483268,0.062488794,0.0014998913
traffic,49,16596,17172,0.8186607024405969,0.2924161077984841,0.3485911,0.3151343,0.33696556,0.32675982
traffic,232,14164,17044,0.8185579038863681,0.2970159357597583,0.124637365,0.794664,0.5181012,0.40120018
traffic,2,14164,15316,0.8185235316496158,0.2775739908161089,0.16473913,0.00629282,0.22126865,0.06282234
traffic,421,15508,15892,0.8185231948647104,0.2626183855290378,0.52033305,0.85503876,1.008893,0.3664788
traffic,394,14164,17044,0.8184699946509876,0.2345185976288317,0.43302155,1.0358232,1.1700144,0.2988304
traffic,811,14164,15124,0.8184594032314528,0.2312491124475396,0.18730497,0.33723855,0.2454257,0.095492125
traffic,737,16532,16724,0.8184178330192412,0.0420926168687255,0.024044514,0.09400511,0.11113477,0.006914854
traffic,580,15572,16340,0.8183907482117533,0.1378937248725767,1.0575167,1.98068,1.0829405,1.9552562
traffic,306,16148,17108,0.8183472213081318,0.2946270570691868,0.56321096,1.1566002,1.1671604,0.5526508
traffic,769,14036,16916,0.8183229422775719,0.2434990331003487,0.23770499,0.71975696,0.4661014,0.49136055
traffic,285,14804,16340,0.8182584067743167,0.2867101484117891,0.054383993,0.05900693,0.04959631,0.044973373
traffic,28,14164,17428,0.8182349785347455,0.1396818066071307,0.004086256,0.5749618,0.341686,0.22918952
traffic,599,16340,16916,0.8182017757839892,0.2651798374810974,0.65605545,0.6302633,0.70046043,0.58585835
traffic,672,14804,16340,0.8181592799429757,0.245280889874245,0.8810353,1.181303,0.82986283,1.2324755
traffic,26,14548,17172,0.8181458584828987,0.0342178085211111,0.6917548,1.8847115,1.5187154,1.0577509
traffic,645,16084,17364,0.8181343069791763,0.0456661625779955,0.89750195,1.2537282,1.6466658,0.5045643
traffic,707,14100,16212,0.8181322828613653,0.2362012406915091,0.41175985,0.8135333,0.7329229,0.49237025
traffic,558,14676,16020,0.8180037975980304,0.2181602179245507,0.027833223,0.023209095,0.043438435,0.048062563
traffic,392,15828,16020,0.817965723585221,0.2003381390847752,0.14856935,0.022841454,0.18832755,0.35973835
traffic,817,14100,16788,0.8179420583928365,0.1934625814429778,0.33417487,0.5299094,0.24706292,0.6170213
traffic,649,14804,16340,0.8179085014273254,0.2958254753961253,0.011191845,0.16418695,0.17799163,0.0026128292
traffic,208,14036,14804,0.8179084970523326,0.0220394970355109,0.45556903,0.31377387,0.38803244,0.38131046
traffic,589,15188,16724,0.8178611792032802,0.2317276282626749,0.026744366,0.9497509,0.53277254,0.390234
traffic,615,16148,17108,0.8177663743223903,0.2781265418832856,0.3266256,0.6006601,0.475034,0.45225167
traffic,650,14164,15508,0.8177479207582885,0.1625612407232303,0.05696535,0.25861907,0.1825521,0.13303232
traffic,86,14228,14996,0.8177471638316974,0.1623414801696274,0.7530167,1.8579614,1.219537,1.3914411
traffic,603,14548,15700,0.8177420229622883,0.2273919573355926,0.2860149,0.31842697,0.6052122,0.0007703304
traffic,778,14804,16532,0.8177323084557265,0.2080906114677413,0.023401022,0.12512374,0.26595855,0.11743379
traffic,266,15892,17044,0.8176809561472985,0.243375636695705,0.38538766,0.008978128,0.28118873,0.11317706
traffic,849,15316,16468,0.8176653699998315,0.2473396186460074,0.57393026,0.81865335,0.87367177,0.51891184
traffic,675,15828,16020,0.8176370464572968,0.2066476940465865,0.067254305,0.3553841,0.39172506,0.030913353
traffic,448,14292,16788,0.8175850881338952,0.2624648421565863,0.12743902,0.039910197,0.09063208,0.2579813
traffic,4,15892,17172,0.817567119559836,-0.1621874347882071,0.7569636,2.1520488,1.5676571,1.3413553
traffic,661,16340,17300,0.8175665040188225,0.2882468516460142,0.43505788,0.7621163,0.6748619,0.5223123
traffic,516,14228,16532,0.817547522291202,0.2316747150329082,0.15911615,0.22705686,0.10311782,0.17105854
traffic,667,14996,16916,0.8175219812221066,0.235544330630759,0.6599102,0.7451236,0.7159655,0.6890683
traffic,812,14164,17236,0.8175156456368954,0.229402878404386,0.32096362,0.6868354,0.6127393,0.3950597
traffic,124,16660,16852,0.8174968001137433,0.2284132648813939,0.50324273,0.3421731,0.44138503,0.4040308
traffic,305,15892,17236,0.8174938559781458,0.1141656690196158,0.3736869,0.796812,0.40500784,0.76549107
traffic,844,15252,17172,0.81748571894638,0.2685852296078818,0.3672011,0.006811142,0.18828821,0.18572402
traffic,421,15124,16276,0.8174816312786836,0.2553231150651582,0.3512752,0.71010184,0.7906989,0.27067816
traffic,529,14292,15444,0.817463630065923,0.1671341111544061,0.03182721,0.6943512,0.22484326,0.50133514
traffic,143,14548,15124,0.817424305206632,0.2013278438293621,0.07237959,0.2947228,0.33273768,0.0343647
traffic,134,15508,17236,0.8174043706734921,0.2567664386256569,1.2171066,1.0465739,1.4484512,0.8152293
traffic,819,14164,16660,0.8173939953328296,0.2162328594546657,0.6361878,0.5935471,0.60231304,0.62742186
traffic,529,15316,16276,0.8173831531674168,-0.0792830599933084,0.36359835,1.0147426,0.64997673,0.7283642
traffic,724,15380,17300,0.8173292329552683,0.2907888954950334,0.27243185,0.32373834,0.057113647,0.0058071613
traffic,632,14292,16980,0.817299506351092,0.169572999977804,0.41131616,0.26628685,0.1109426,0.7885456
traffic,672,14356,17428,0.8171596869013003,0.1287896554070837,0.067794085,0.93257,0.54612565,0.4542384
traffic,143,15444,16980,0.8171480398298955,0.2621369949882925,0.2761011,0.017016888,0.2576151,0.0014691353
traffic,422,15252,15828,0.8170745574803986,0.2229633662530425,0.868001,0.99044085,0.7243316,1.1341102
traffic,56,14612,16340,0.8170560689395984,0.0408394464391739,0.3195343,0.0786376,0.26293373,0.02203703
traffic,525,15636,16788,0.8170476829027452,0.2446833446612326,0.14146829,0.23585391,0.5383885,0.1610663
traffic,475,15700,17044,0.8170447591915485,0.2286666782524164,0.18413734,0.24163866,0.110851765,0.31492424
traffic,717,14548,15508,0.8169892055887337,0.2738757078394344,0.39993262,0.6157675,0.68251896,0.33318114
traffic,110,15636,17172,0.8169695094895757,0.267217010361556,0.31735682,0.042789698,0.28435278,0.07579374
traffic,23,14164,16276,0.816874502891547,0.044703424053764,0.12583828,0.18649626,0.12838101,0.18903899
traffic,31,14804,17108,0.8168743006773488,0.2455932230400984,0.74250257,0.59194267,0.63235974,0.7020855
traffic,783,14676,16596,0.8168678992786591,0.0087451523571448,0.3080144,0.51361084,0.31112456,0.51050067
traffic,429,14612,16148,0.8168670048981904,0.2567805548604214,0.37816834,0.46009302,0.40596628,0.43229508
traffic,774,16532,16916,0.8168645963173305,0.279787269419349,0.6832284,0.6977136,0.8499539,0.5309881
traffic,166,16084,17364,0.8168532040248997,0.0642517886967929,0.7747239,1.096933,1.6055422,0.2661147
traffic,366,14548,17364,0.8168479708428088,-0.2965094366229624,0.51435304,0.5331657,1.5391927,0.49167395
traffic,655,17172,17428,0.8168216313072555,0.0743616216007924,0.06455612,0.5643687,0.010522604,0.61840224
traffic,234,14612,17300,0.8168175120666568,0.224146839047672,0.38921726,0.2928183,0.51783216,0.1642034
traffic,593,14484,15636,0.8168029098339059,0.2957982263259243,0.09117484,0.083378315,0.021023035,0.028819561
traffic,537,14612,14804,0.8167773050606005,-0.0005751507551302,0.12205505,0.17077684,0.2482841,0.044547796
traffic,443,15828,16596,0.8167630967558158,0.1527571216558458,0.48675632,0.6328063,0.48770666,0.63185596
traffic,506,16212,17172,0.8167402687058456,0.2994702925647755,0.8537934,0.68386006,0.6503329,0.8873205
traffic,391,15188,15572,0.8167194432057957,0.2840681158610273,0.06411481,0.1995635,0.06808853,0.19558978
traffic,447,14420,16340,0.8167152441472262,0.1806790584393899,0.680953,0.7624028,0.8673129,0.5760429
traffic,593,14804,15572,0.8166773202330173,0.1203614238766702,0.4854536,0.47454333,0.42308187,0.53691506
traffic,286,14036,16532,0.8166713143077186,-0.1424378615433376,0.41614342,0.35305178,0.13997531,0.07688367
traffic,418,15956,16340,0.8166356251096589,0.1133079952356728,0.8622948,1.7364376,0.91826594,1.6804664
traffic,54,15316,16468,0.8166009260862825,0.2958656915506642,0.53630304,0.9355029,0.78721523,0.6845907
traffic,551,15636,16788,0.8165999247317499,0.2442587726402827,0.50354636,0.50635684,0.79878855,0.21111465
traffic,506,14292,16020,0.8165521371829968,0.2963155046517303,0.16501904,0.14467478,0.028763056,0.33845687
traffic,195,15636,16788,0.8165475930045235,0.1280119478354881,0.45681357,0.41356313,0.2898028,0.5805739
traffic,689,14676,15444,0.8165362091459667,0.0699541045222097,0.1417613,0.52296495,0.42648768,0.23823857
traffic,381,14612,16148,0.816534788613447,0.2576696393290527,0.35527468,0.38757944,0.36564744,0.37720668
traffic,803,15636,17172,0.8165193199045839,0.2430210305735716,0.8154781,0.33140683,0.49565196,0.65123296
traffic,312,14100,16980,0.8164790873730051,0.1187900368817878,0.27044153,0.28204608,0.33038497,0.22210264
traffic,51,15316,16084,0.8164494625805978,0.2867067718258019,0.04039049,0.6086161,0.4348638,0.2141428
traffic,244,15636,17364,0.8164410700465908,0.2880763607007757,0.46882224,0.24010372,0.34750938,0.5762279
traffic,849,14164,16084,0.8164359921259129,0.2593153138731747,0.86778164,1.2042209,1.4444278,0.6275747
traffic,662,15700,16276,0.8164290673711581,0.2660023666496792,0.08967948,0.21074939,0.024304152,0.27612472
traffic,626,16148,16916,0.816305552762338,0.13422452139982,0.36993802,0.25692916,0.072532654,0.6993998
traffic,424,15380,16660,0.8162776504855299,0.0676734759543209,1.3172567,2.0159318,1.1246974,2.2084908
traffic,293,16148,16340,0.8162713033323625,0.2899442154226138,0.039706945,0.30102038,0.2502706,0.011042833
traffic,54,14036,16340,0.8162496428049313,0.251509561663273,0.6293317,0.9325869,0.8151325,0.7467861
traffic,261,17108,17300,0.8161827962149933,0.1780600435267807,0.27692306,0.61392164,0.5260011,0.3648436
traffic,769,15444,16788,0.8161494723444943,0.1123493072163298,0.34812117,0.13261342,0.22726011,0.011752367
traffic,119,14932,17236,0.8161216101275096,0.1962809881661713,0.16630828,0.14791858,0.41919553,0.10496867
traffic,372,14932,16660,0.8160923856836527,0.0803447276155184,0.8751197,1.2804677,1.0156858,1.1399016
traffic,131,15572,16916,0.816080364510027,0.2608500359624074,0.2668159,0.34926587,0.046471536,0.035978436
traffic,633,16212,16596,0.8159829806166731,0.126209730232496,0.208143,0.08619785,0.25270867,0.041632175
traffic,525,14164,17044,0.8159797620791708,0.2616183903336498,0.25220895,1.0580027,1.000835,0.30937672
traffic,370,15572,17300,0.8159791536309572,0.2804293089537621,0.50340223,0.3292849,0.5487499,0.28393722
traffic,94,15444,16212,0.8159584414358224,0.2388666958664853,0.16192043,0.28866088,0.26230228,0.18827903
traffic,75,16660,17428,0.815955259238911,0.1621847097037651,1.3156948,1.0749022,1.5803149,0.8102821
traffic,738,15956,16724,0.8159552443102558,0.2879069426250989,0.33519804,0.14137995,0.03582704,0.51240504
traffic,403,15380,16660,0.8159001594035545,0.0309678324380689,1.3550925,2.4089746,1.0717864,2.692281
traffic,193,15828,16980,0.8158605176502738,0.0298026254033805,0.37874866,0.5330012,0.55519414,0.3565557
traffic,642,14420,16148,0.815835707897493,0.259264323212534,0.1152792,0.094022274,0.35328937,0.1439879
traffic,170,14676,15060,0.8158351887775571,0.0846081383383664,0.5520265,0.79287004,0.9352071,0.40968943
traffic,167,14100,17364,0.8158038269893064,0.2759712616674568,0.44633937,0.47601652,0.8205633,0.101792574
traffic,364,15636,16404,0.8158011976103204,0.2762675186717379,0.6912837,0.6065124,0.59812295,0.6996732
traffic,283,16788,17172,0.8157891300630757,0.2200933291012947,0.65676785,0.36924076,0.37172937,0.65427923
traffic,517,16596,17172,0.815781861368174,0.2300680143243847,0.51134706,0.28343964,0.3707931,0.4239936
traffic,397,15060,16212,0.8157678147062525,0.2419374344324156,0.38206863,0.6744325,0.6964643,0.36003685
traffic,657,15636,16596,0.8157257727250817,0.205204243457509,0.012328863,0.28251767,0.053412914,0.32360172
traffic,59,14676,16980,0.815718877398638,0.2840586843732788,0.042116404,0.31669998,0.18633938,0.0882442
traffic,51,14548,16852,0.8157008029492427,0.2465301179777991,0.24454665,0.51460576,0.52746224,0.23169017
traffic,43,15636,16788,0.8156978829595508,0.2496922935840485,0.50863576,0.3031428,0.8713546,0.059576035
traffic,90,15316,17044,0.8156728402558084,0.2673845457734352,0.50548816,0.49476814,0.5831928,0.41706347
traffic,159,15636,16212,0.8155967537322547,0.2782745342642493,0.19500756,0.122454405,0.13870335,0.2112565
traffic,161,15636,16596,0.8155731616789976,0.0687732191573738,0.18128788,0.20944095,0.5981022,0.20737338
traffic,69,14100,16596,0.8155710303252269,-0.1824903141268877,0.037724733,0.12618375,0.1073513,0.27125978
traffic,811,15060,15828,0.8154985166089813,0.2988861623832883,0.5255877,0.7645973,0.67671156,0.6134734
traffic,258,14740,17236,0.8154878411652148,0.2769638195713595,0.1332736,0.33908868,0.20532131,0.26704097
traffic,445,15508,17364,0.815474456919749,-0.0052023731713909,0.51193357,0.02114749,0.74913025,0.2160492
traffic,308,16276,17236,0.8154163957769063,0.2402668517009766,0.18241584,0.03660637,0.026453376,0.19256884
traffic,154,14484,16980,0.815382401509659,-0.0706169414098392,0.21663833,0.12834501,0.46115303,0.37285972
traffic,403,14676,14740,0.8153099156667292,-0.0055087691151224,0.20425773,1.6356306,0.9291725,0.50220037
traffic,205,14356,16468,0.8152623850016448,0.170141355444164,0.046465397,0.22496057,0.058446407,0.21297956
traffic,31,16532,16916,0.815256824025681,0.1371942429016404,0.11565018,0.295143,0.24261677,0.16817641
traffic,578,14292,17172,0.8152197128071694,0.132359486121689,0.7345582,0.9378619,0.8668045,0.80561566
traffic,797,15316,16468,0.8152080043271128,0.2655389329119827,0.22912931,0.7225282,0.575325,0.37633252
traffic,55,14612,16148,0.8151959608336902,0.1730007601465258,0.03821969,0.1166985,0.039054632,0.03942418
traffic,106,14484,16788,0.8151949734817691,0.2171278582392221,0.15951157,0.22038245,0.32973886,0.050155163
traffic,687,15636,16596,0.8151596339894476,0.1046584063078651,0.008013725,0.28589487,0.40726173,0.7011703
traffic,468,14484,16596,0.8151098752031236,0.0606815577553578,0.27804983,0.18288267,0.19205713,0.6529896
traffic,767,16660,17044,0.8149608452505391,0.2340019893151733,0.28635263,0.5374875,0.43899322,0.38484693
traffic,301,14164,16468,0.8149448105913324,0.2002301303062466,0.091395855,0.59337544,0.22901559,0.4557557
traffic,728,15060,17364,0.8148789656836751,0.2072384455298399,0.91265917,1.4109832,0.96014476,1.3634976
traffic,269,16596,16788,0.8148771520317446,-0.134543309893362,0.07151866,0.061469555,0.055715084,0.07727313
traffic,703,14484,15636,0.81484542478008,0.2966164696691093,0.06888127,0.24118042,0.12778568,0.18227601
traffic,554,14100,17364,0.8148306625872217,0.0382237111206389,1.0455596,1.6209395,1.0722427,1.5942564
traffic,363,17172,17236,0.8148161390029602,0.2140878004179555,0.59499955,1.906878,1.9528862,0.5489913
traffic,296,14484,16596,0.814807870141009,0.1630417492184132,0.567204,0.7116678,0.7274866,0.55138516
traffic,710,16148,17108,0.8148066978971519,0.0674492965348889,0.9872105,0.73106277,0.9273746,0.7908987
traffic,535,15124,17428,0.8147998255820923,0.2670547739507887,0.021907091,0.6997455,0.45527864,0.26637393
traffic,618,14548,16276,0.8147770939344284,0.2989319074046788,0.066743016,0.16145307,0.10758209,0.12061399
traffic,771,14164,16084,0.8147458900193794,0.2962283230276712,0.071318865,0.9040477,0.76660407,0.20876253
traffic,575,14740,16468,0.8147098107441902,0.2944224344598157,0.009364128,0.17813325,0.11645341,0.052315712
traffic,551,15892,16660,0.8146977541773534,0.2778331946170526,0.8747841,0.8658179,0.9521241,0.7884779
traffic,784,14484,16980,0.8146706221735933,0.1835604338441154,0.10901618,0.3246932,0.25499797,0.17871141
traffic,665,14740,16852,0.8146439878186562,0.0933688117779756,0.64156884,1.0263238,1.1370606,0.53083205
traffic,763,14676,16084,0.8146239500085758,-0.0627477704068788,0.050196886,1.313978,0.7322612,0.63191366
traffic,564,15636,16980,0.8145311426140354,0.2601983611478691,0.098768234,0.5489688,0.14284539,0.59304595
traffic,777,14740,16276,0.8144387126038248,0.2618137898427824,0.10973704,0.20460021,0.078008056,0.2363292
traffic,617,14676,15828,0.8144319474357621,-0.1092556376645031,0.5193665,0.972646,0.6657131,0.8262994
traffic,343,14676,16596,0.8144300073303026,0.2760627453167266,0.3165233,0.42007685,0.18852472,0.54807544
traffic,36,15764,16340,0.8143237467990088,0.2351971042366297,0.55167675,0.8744209,0.84159684,0.5845008
traffic,266,15380,16916,0.8142751417276893,0.2066202842388019,0.14817071,0.12350857,0.18643606,0.16177392
traffic,537,14356,14932,0.8142617987734625,0.244025333268627,0.22875631,0.49017978,0.46317673,0.25575936
traffic,488,14292,17172,0.814189293315538,0.2501356517694021,0.45410788,0.28750587,0.4401394,0.30147433
traffic,162,14292,16404,0.8141883245633549,0.2653408386278451,0.32674086,0.4042796,0.018568993,0.71245146
traffic,370,15892,17044,0.8141219492988748,0.1772886318135518,0.17477071,0.12776864,0.2285856,0.07395375
traffic,541,16020,16404,0.8140974244663496,0.2302123690089997,0.30960655,0.489547,0.18254232,0.61661124
traffic,341,14484,14740,0.8140310363320469,-0.1145815429072747,0.3962946,0.32134366,0.37894392,0.303993
traffic,15,14868,16020,0.8140048684541552,0.181363258260242,0.26047945,0.21570039,0.2617787,0.21440113
traffic,107,16020,16212,0.8139879141984623,0.245457280822981,0.01771617,0.29500055,0.24840355,0.06431317
traffic,627,14740,17172,0.8139838049899137,-0.2870122053103595,0.6531275,3.2785244,1.9361138,1.995538
traffic,287,15316,16468,0.8139672261423333,0.1391130272329131,0.52907145,0.46461177,0.43052983,0.5631534
traffic,263,14740,17172,0.8139100200823846,0.0623230189141611,0.7223673,2.3334298,1.6325922,1.4232049
traffic,432,15508,16276,0.813902122248162,0.2956128207038922,0.480762,1.0999317,1.1346226,0.44607115
traffic,568,14932,16276,0.8138190643533868,0.1950088828725179,0.068050265,0.07357055,0.24647391,0.2519942
traffic,421,14676,16596,0.8138133376929074,0.2460326054921305,1.6390345,0.9040215,1.3526201,1.1904359
traffic,694,15572,16660,0.8137916776096269,-0.1509231207843646,0.70337015,1.189685,1.4598253,0.43322992
traffic,43,15188,15764,0.8137744250567407,0.2948148854525248,1.6519649,0.8644688,1.6356046,0.8808291
traffic,347,14804,15188,0.813759025089203,0.2639893739821026,0.12773442,0.2870462,0.32478595,0.08999467
traffic,795,15892,17172,0.8137567223338651,-0.2086137267387244,0.70382255,2.4180121,1.6819787,1.4398558
traffic,845,14740,17172,0.8137119939966351,-0.0935994568710021,0.9098488,3.2346632,1.5189065,2.6256056
traffic,155,15380,16340,0.8136924142954479,-0.1700652976291225,0.7085316,0.14670181,0.80006814,0.05516529
traffic,623,16148,17108,0.8136416438604398,0.0670326331302878,1.8584785,1.2492676,2.2273564,0.8803896
traffic,10,16020,16404,0.8136257675673717,0.289082408262044,0.2768159,0.5164262,0.2952702,0.4979719
traffic,682,14164,15892,0.8136015056463431,0.2953488027752023,0.2743523,0.5373721,0.49839664,0.3133278
traffic,119,14420,17108,0.8135948201428308,0.2547670709488229,0.06427848,0.6825777,0.23886621,0.50799
traffic,151,14036,16660,0.8135767514740742,-0.2753985987921474,0.73695827,1.363415,1.3647864,0.7355869
traffic,38,16852,17428,0.8135275578331006,0.2981078495667049,0.12905955,0.42014408,0.43663597,0.11256766
traffic,286,14420,16916,0.8135236245991568,0.2922448082622774,0.06736922,0.673597,0.32138908,0.28483868
traffic,14,14804,16340,0.813508387283564,0.2293731431478892,0.106651306,0.26746297,0.30795336,0.06616092
traffic,183,16020,16212,0.8134347777501248,0.2000903355533917,0.07944441,0.21058273,0.14264274,0.1473844
traffic,177,16980,17172,0.8134157646905256,-0.2951229934700997,0.5869942,0.6096792,0.51915455,0.67751884
traffic,393,14676,16980,0.8133965982367973,0.0341839372660409,0.7518554,0.08127594,0.6358814,0.19724989
traffic,21,14484,16980,0.813371786542147,0.2147673282922443,0.1454935,0.85037804,0.35076165,0.6451099
traffic,614,15252,17364,0.8133430326603394,0.1877855038753067,0.39123368,0.77241445,0.75903463,0.4046135
traffic,796,15188,17108,0.8133239258653253,0.0143087853712011,0.22091532,0.31935883,0.19940186,0.10095835
traffic,429,15636,16404,0.8132959048661034,0.2565939021522114,0.016080499,0.1803298,0.55993414,0.36352384
traffic,599,14676,16788,0.8132958556262991,-0.0191845807725935,0.2849667,0.20417404,0.069891214,0.010901451
traffic,341,15892,17364,0.8132551966118707,0.0335865804678447,0.6603575,0.7832643,1.3001336,0.14348817
traffic,271,14164,17428,0.8132065641680465,0.2303177385485908,0.09461141,0.45439982,0.12612915,0.42288208
traffic,762,14356,16660,0.8131924576104523,0.2336068002590276,0.3025086,0.016588211,0.2331233,0.0859735
traffic,360,16404,17364,0.8131841547717148,0.0348964673571468,0.55085397,0.77367663,0.60647106,0.71805954
traffic,496,14484,15252,0.8131790209491813,0.2986098916039104,0.28580284,0.40525734,0.21029317,0.480767
traffic,727,14676,16980,0.8131651101384072,0.0513381183129576,0.32246017,0.5716944,0.12593627,0.37517047
traffic,21,14932,15508,0.8131485594142396,0.2868125549232602,0.6371162,1.15729,0.9513372,0.84306896
traffic,61,14036,16916,0.8131157755330735,0.0129084086526071,0.29873848,0.91704047,0.42533755,0.7904414
traffic,658,16020,16788,0.8131136508112672,0.2237929427324144,0.15516734,0.49939728,0.15693092,0.4976337
traffic,422,14996,15764,0.8129081697083141,0.2879239083152954,0.81795967,0.8169459,0.9859208,0.6489848
traffic,451,15764,17108,0.8128316624034769,0.1522203674882141,0.15735161,0.060462356,0.1111393,0.01425004
traffic,406,14996,17108,0.812829232568841,0.1532405205432174,0.66413736,0.884853,0.88561225,0.6633781
traffic,249,14612,16724,0.8127687725496869,0.2558729670678576,0.14572632,0.10382676,0.061670423,0.01977086
traffic,81,14484,16596,0.8127003557052271,0.1366533506686707,0.3051579,0.24472368,0.16172147,0.71160305
traffic,255,16148,16724,0.8126940642303714,0.2371518770848278,0.59600186,0.78765416,0.77295387,0.61070216
traffic,641,14484,15444,0.8126544096595836,0.1125581578970833,0.5164689,0.3173331,0.32778192,0.50602007
traffic,31,14484,16980,0.8126511764570351,0.0656744053827784,0.04050684,0.14764881,0.030333996,0.15782166
traffic,389,14548,14740,0.8125533761470454,0.2801732354820939,0.020146132,0.14506102,0.14092898,0.024278164
traffic,564,15316,16468,0.8124289128421536,0.2711705405232287,0.9721143,1.193922,1.5675497,0.59848666
traffic,315,15508,17428,0.8123578506345169,0.154753562995419,0.72311926,0.698442,0.867769,0.55379224
traffic,165,15764,15956,0.8123053754716074,0.2934450202838732,0.21897721,0.45533633,0.42155695,0.2527566
traffic,365,16212,16596,0.8123033214306956,0.2702726397761558,0.19288969,0.06487727,0.14569879,0.017686367
traffic,700,15124,16660,0.8122740071434043,0.2758325473035404,0.69591963,1.2127528,0.86384165,1.0448308
traffic,587,16468,17428,0.8122546738320983,0.2997035302875929,0.04848671,0.20434451,0.15656829,0.09626293
traffic,212,14932,17172,0.8122204367525463,-0.0831151092206968,0.73650825,1.7437729,1.647594,0.83268714
traffic,546,15764,16660,0.8121962739277689,-0.1310101470124066,1.2999865,0.95538306,0.8719367,1.3834329
traffic,479,14356,15124,0.8121937883636985,0.2174964606918447,0.09423947,0.18817055,0.04645562,0.2359544
traffic,56,16660,17236,0.8121887873433881,0.038595051540701,1.0170348,1.1214292,1.5209084,0.6175556
traffic,241,14292,16980,0.8121052776419094,-0.0174655255311725,0.43175793,0.28680992,0.7707267,0.052158833
traffic,497,15508,17236,0.8120616322042638,0.2319923301568779,0.3693409,1.1864744,1.2061738,0.34964156
traffic,354,15444,16980,0.8120354611218831,0.2941989564132103,0.62707376,1.7363615,1.5344613,0.828974
traffic,316,14228,16532,0.8119852629630249,0.1775400534546883,0.04574871,0.17926478,0.51603866,0.29102516
traffic,25,14164,16852,0.8119485217413397,0.2872604121526715,0.06930995,0.113422394,0.024918318,0.20765066
traffic,704,14804,14996,0.8118704758215413,0.0558308780156779,0.5893481,1.7860422,1.1115279,1.2638624
traffic,480,14740,17364,0.8118463397445655,0.0079096046729626,0.60201097,0.94793963,1.6045029,0.054552317
traffic,626,15700,17044,0.811844034093077,0.2545694300085923,0.13334584,0.16427231,0.08248901,0.21512914
traffic,23,15700,17044,0.8118394382035323,0.2818989441675311,0.09247112,0.18646705,0.048116207,0.23082197
traffic,21,16020,17364,0.8118162512439365,0.0382672616167191,0.22985744,0.014433622,0.12439728,0.11989379
traffic,433,16020,16404,0.8117811928113317,0.1544116372320633,0.10335779,0.7585528,0.38155317,0.4803574
traffic,795,15828,16596,0.8116423909374179,0.2241452189210134,1.4824977,1.0392743,1.645603,0.8761691
traffic,341,14676,16596,0.8115502561469461,0.2933330070919923,0.18412375,0.89583564,0.5907055,0.48925388
traffic,775,14484,16596,0.811547541289993,0.230858105147325,0.028965712,0.42627144,0.40346622,0.8587034
traffic,205,15700,17044,0.8115375839274412,0.2925210286813854,0.070708394,0.13918698,0.053847432,0.15604794
traffic,14,15508,15892,0.8114352790706645,0.1773736229146213,0.41183758,0.6850426,0.8051239,0.29175627
traffic,134,14484,16596,0.8113924719949974,0.0660703439469819,0.7739426,0.6722127,0.5130968,0.9330585
traffic,523,15956,16532,0.8113847362610359,0.2173050286712157,0.3814242,0.19213939,0.28867245,0.28489113
traffic,191,15892,17172,0.8113758028893998,-0.2119927950870889,0.83610535,1.8801451,1.5182738,1.1979766
traffic,399,17236,17428,0.8113756278483399,0.2758001959492881,0.09666395,0.00074231625,0.014121771,0.081799865
traffic,652,14484,16212,0.8113415063732261,0.2622482778917422,0.43657494,0.4055996,0.12417555,0.717999
traffic,301,14484,16404,0.8113198567468171,0.1937156448348141,0.7931256,0.6400614,0.5124459,0.9207411
traffic,326,15444,16596,0.8113189742575266,0.0454097759300467,0.050507188,0.3055439,0.40379798,0.047746897
traffic,1,14548,14676,0.8113061940752863,0.0383722052370771,0.20831823,0.39269066,1.3809891,0.7799802
traffic,236,15508,17236,0.8113032321801005,0.183649548701107,1.2944332,0.73716486,1.1080512,0.9235469
traffic,728,16276,16660,0.8112894521282024,0.1418429923866997,0.5603355,1.5770568,1.0467603,1.090632
traffic,555,15444,16980,0.8112634060906053,0.216829838511059,0.41168666,0.30749178,0.2072897,0.103094816
traffic,577,14676,16020,0.8112446714947794,0.2324460412138356,0.1504544,0.17766225,0.20637774,0.12173891
traffic,245,15892,17172,0.8111714246537791,0.1134384751590687,0.7697165,2.2842789,1.5653583,1.4886372
traffic,515,16020,17172,0.8111652789187295,0.2944862217949575,0.64899564,0.59957695,0.44890118,0.7996714
traffic,720,15060,16980,0.8111592340281771,0.2837386991398399,0.26529717,0.08813071,0.2598691,0.09355879
traffic,503,15380,17108,0.81114998145188,0.2664020841449602,0.42571712,1.0694852,0.93732214,0.55788016
traffic,431,14932,17172,0.8111439233696873,0.0674044133964082,0.81737304,1.5009513,1.362144,0.95618033
traffic,545,15956,17108,0.8111404750555669,0.2978522408739174,0.1417557,0.4267081,0.26186848,0.30659533
traffic,342,16020,16404,0.8111380937209853,0.2417687895364823,0.44555974,0.8406886,0.5598705,0.72637784
traffic,23,16212,16980,0.8111127891924486,0.2211435104315993,0.26383424,0.047525644,0.12896037,0.18239951
traffic,822,16212,17364,0.8110950887907049,0.2781358792257019,0.108296156,0.19710302,0.28872156,0.016677618
traffic,355,15124,15316,0.8110746057885229,-0.1698811379421317,0.42346656,1.0821044,0.8645767,0.6409943
traffic,198,14164,16660,0.8110690015449542,-0.0338635203565802,0.318321,0.7242472,0.78414917,0.25841904
traffic,776,15124,17044,0.8110305917759709,0.2898229375841463,0.3282776,0.0575068,0.103605986,0.2821784
traffic,229,14612,16148,0.8110045051166934,0.2718600510280981,0.50603676,0.3742242,0.3943541,0.48590684
traffic,383,15188,17108,0.8109801431465562,0.1856979328777495,0.2910347,0.010858536,0.0778873,0.22400594
traffic,697,15828,16596,0.8109800834380407,0.2709448428271533,0.3684852,0.47764957,0.3296275,0.51650727
traffic,742,14356,15700,0.8109521019548132,0.2899052715843884,0.27548826,0.8924577,0.7986573,0.36928868
traffic,467,16148,17108,0.8109500785108258,0.219726690993198,0.9461683,0.6312053,0.75343776,0.82393587
traffic,722,14484,17364,0.8109180918899622,0.1390145516749122,0.24476385,0.08118367,0.25208592,0.088505745
traffic,156,15636,16788,0.8108876349962695,-0.0314409945478367,0.096863985,0.26925027,0.17357028,0.34595656
traffic,555,15316,16276,0.8108754015568753,0.1844279102965575,1.1329253,1.3499312,1.8687552,0.61410123
traffic,362,14164,17236,0.8108529380300374,0.2503722493834583,0.2245009,1.061036,0.9257686,0.35976827
traffic,542,15572,16660,0.8108339866556586,0.1068594838077277,0.83466744,2.3490205,1.3476671,1.8360207
traffic,845,15764,16724,0.8106785797767793,0.1355200328749659,0.6185219,0.19008255,0.34468162,0.08375776
traffic,429,15508,17428,0.8106754771283571,0.2878410107907943,0.645102,1.2314379,1.3602242,0.51631576
traffic,594,14612,16532,0.8106730149817455,0.184297444099219,0.7125591,0.10736561,0.41337454,0.40655017
traffic,653,14548,17172,0.8106705106157231,-0.3690315985015222,0.65270114,1.3503902,1.6200113,0.38308
traffic,532,14740,15700,0.8106673214691353,0.2078027432333038,0.04131341,0.18327594,0.1265037,0.09808564
traffic,356,14804,16916,0.8106237315376004,0.2621607202652187,0.12887931,0.05741644,0.21581483,0.2872777
traffic,786,14420,17300,0.8106073670240691,0.2920084699148623,0.5500083,0.6223357,0.6657088,0.5066352
traffic,538,15572,16660,0.8105773060243318,-0.1856659022527323,0.84518194,2.566784,1.3569518,2.055014
traffic,674,15572,16660,0.810531632478099,-0.0544657581585261,1.0127822,1.333348,1.0555099,1.2906203
traffic,403,15124,17236,0.810455062240551,0.0450461091310875,0.73964906,0.47174644,0.29596293,0.9154326
traffic,567,14548,17364,0.8104225837095632,0.0401011707836832,0.27413774,0.34912062,0.8945613,0.27130294
traffic,711,14804,16340,0.8104017935810048,0.2024864813245625,0.27793956,0.57605386,0.57141066,0.28258276
traffic,542,15892,17364,0.8103900303094314,0.2088547178211052,0.73248273,1.8600312,1.6922891,0.9002249
traffic,749,16020,16788,0.8103777600941641,0.277713767435623,0.6177993,0.80208826,0.68427205,0.7356155
traffic,503,14420,17300,0.8103611000248638,-0.1633929091846722,0.87179613,1.518892,1.1633675,1.2273207
traffic,521,16020,16596,0.8103459583516082,0.1574760394895867,0.012183905,0.20272708,0.053168297,0.24371147
traffic,407,15892,16468,0.8103394350546868,0.0654272390255986,0.50360656,0.38267493,0.7590699,0.12721157
traffic,424,15124,17236,0.8103170556349757,0.1302068589975427,0.7762799,0.41008234,0.33027005,0.8560922
traffic,38,14612,15380,0.8103143424539598,0.2750569454491428,0.13455546,0.10893166,0.12601471,0.15163851
traffic,211,15636,16404,0.8102407346950944,0.1461103119776284,0.21175408,0.19410539,0.40916324,0.42681193
traffic,653,14292,15828,0.8102207954929586,0.2347240219692051,0.37811852,0.029598951,0.39114356,0.042623997
traffic,653,14676,16084,0.8102169951851609,-0.2646543000296126,0.034618616,1.4228072,0.7836424,0.6045462
traffic,58,15700,17044,0.8101303195454487,0.2825573039218022,0.19419622,0.1623838,0.010246515,0.021565914
traffic,724,14420,17236,0.8101206558145044,0.2144452712557659,0.1968528,0.35943365,0.86292183,0.30663538
traffic,236,14292,14676,0.8101082329299202,0.2036097124045031,0.12832117,0.07077074,0.22534418,0.16779375
traffic,357,14292,17172,0.8101016299821788,0.2864115821775524,0.39097667,0.17514014,0.36499095,0.20112586
traffic,283,14804,16916,0.8100704046770452,0.1540909129207575,0.45713162,0.40988088,0.22818637,0.63882613
traffic,860,14164,16276,0.8099938759633105,0.2144935647234166,0.031713724,0.2890756,0.24400663,0.0767827
traffic,301,16148,17108,0.8099456927727606,0.1831118478238008,0.3816135,0.68875766,0.56344295,0.5069282
traffic,664,14740,16852,0.8099230305919618,0.2382558884087657,0.53425336,0.7454481,0.83335125,0.44635022
traffic,684,16084,17364,0.8099188228694787,0.1206591813023027,0.817966,1.6768026,1.6377826,0.85698605
traffic,79,14932,17044,0.809914888314981,0.2326669671721924,0.3500793,0.24935985,0.50231814,0.097121
traffic,633,16788,16980,0.8098775001516609,0.1695793078550659,0.2706176,0.24979019,0.31087554,0.20953226
traffic,67,14292,16788,0.8097911560569956,0.2761314194348399,0.49105144,0.3681556,0.5497645,0.42686868
traffic,587,14548,16852,0.8097731927421296,0.2838314154992857,0.19221544,0.42040014,0.48301983,0.12959576
traffic,830,17108,17300,0.8097569500210319,0.2348491629731086,0.7062819,1.0854256,0.7725389,1.0191686
traffic,142,15124,15700,0.8097566346718066,0.0387631548773418,0.25178146,0.16072035,0.18996239,0.22253942
traffic,394,14996,16148,0.8097211566048091,0.1984902008621171,0.6202955,0.3996129,0.5016813,0.5182271
traffic,421,14996,15572,0.8097207546874686,0.2128099228697398,0.8233149,0.838305,1.0010285,0.66059136
traffic,623,16084,17364,0.8097192290343408,0.1022771028122684,0.8874372,2.0907626,1.7936602,1.1845398
traffic,774,14228,16340,0.8097101240994282,0.2439385374190178,0.77817965,1.4584215,1.1049054,1.1316957
traffic,408,14356,17044,0.8096852571257459,0.1160632554782415,0.5370939,0.055652857,0.5264263,0.06632042
traffic,584,16020,16212,0.8096653104391622,0.2803673712156173,0.35436296,0.524855,0.5538819,0.3253361
traffic,216,15316,16276,0.8096500899230588,0.1987800708733065,1.4287161,1.1402975,1.7699584,0.7990552
traffic,731,14484,15252,0.8096299643928229,0.2704166627149205,0.7737572,0.65959203,0.64081144,0.7925378
traffic,258,16340,17108,0.8096292300579604,0.2306670034203836,0.07771826,0.14800382,0.23701406,0.011291981
traffic,655,14612,16532,0.8095133709492991,0.2991015788757956,0.007784605,0.1494838,0.27396178,0.13226259
traffic,387,14996,15572,0.8095036434631365,0.2448494179537428,1.7891524,1.0781308,1.9764464,0.89083683
traffic,43,14356,17236,0.8094937609130225,0.0690640841734057,0.25644398,1.295043,1.0107102,0.5407767
traffic,405,16340,16532,0.8094758788715276,0.2639618211259401,0.43612325,0.09609568,0.0007317066,0.5314872
traffic,797,14292,16788,0.8094724837465831,0.2905824120574486,0.019178033,0.5336981,0.22668874,0.7412088
traffic,182,16660,17428,0.8094461307786203,0.1475191139559133,2.4067764,1.1080136,2.5098321,1.0049579
traffic,480,14676,15892,0.8094299408164775,-0.1839781817471562,0.27931666,1.2339387,0.44890285,0.5057192
traffic,615,15124,15508,0.8094218691935651,0.2674766673296127,0.43188405,0.27877593,0.43605328,0.2746067
traffic,532,14292,14868,0.809421559417637,0.1669546279901282,0.05472541,0.1424563,0.28097796,0.08379626
traffic,718,15380,16148,0.8093267384781732,0.2757300559876665,0.5018432,0.10353422,0.40131688,0.20406055
traffic,520,14548,17172,0.8093232427055187,-0.0204448087852869,0.5817865,1.3272032,1.4347177,0.474272
traffic,560,14996,16916,0.8093167894487625,0.2278451168109116,1.0590136,0.8941899,1.2206231,0.73258036
traffic,645,15316,16468,0.8092886375542689,0.0928469862034957,0.5351813,0.8581259,0.9143038,0.47900343
traffic,198,14548,16276,0.809182052913173,0.2908371087248682,0.09161985,0.0058267117,0.1693039,0.25509703
traffic,381,15508,17428,0.8091741920610424,0.2636861223918338,0.7358035,1.1958731,1.3527535,0.5789231
traffic,835,15828,16596,0.8091704761773063,0.2503378774310714,0.2954185,0.5425365,0.32387424,0.51408076
traffic,777,14484,16212,0.8091391295713757,0.1831775083201988,0.23811889,0.29968143,0.07940292,0.61720324
traffic,356,15508,17044,0.8091280141286122,0.2529514934916489,0.049044132,0.4177034,0.23675966,0.22998786
traffic,808,15572,16340,0.8091017869299184,0.2234921835599602,1.0413507,1.3929694,0.99736774,1.4369524
traffic,359,14292,16404,0.8090938888738765,0.2324961462667516,0.41831398,0.516768,0.17704761,0.75803435
traffic,423,14804,17108,0.8090842339531591,0.2929839083436424,0.25448537,0.98223174,0.80147135,0.43524575
traffic,208,15252,16404,0.8090671886450996,0.102458758087907,0.070259094,0.04672146,0.13761353,0.2545941
traffic,457,14484,16020,0.8089508602195414,0.2393381262038015,0.072288275,0.008511305,0.023824215,0.104623795
traffic,177,16020,16404,0.808947006637041,0.2356716290966233,0.052037477,0.42405748,0.10597324,0.26604676
traffic,838,14164,16660,0.8089405154970836,0.2657404771840518,0.22070003,0.07767081,0.45987964,0.1615088
traffic,325,14676,15060,0.8089004457439808,-0.0158220578864544,0.64668393,0.72519994,0.85000515,0.5218787
traffic,490,15316,17428,0.8088596085253229,0.1418462536563592,0.30809283,0.63648796,0.596251,0.34832978
traffic,35,14548,16468,0.808791911160792,0.2852998821700689,0.00032401085,0.104976416,0.2515123,0.14621186
traffic,270,14036,14804,0.8087587884776424,0.018329681177283,0.6186204,0.053040504,0.3384869,0.333174
traffic,782,14676,16404,0.8087428985900682,0.1230601139097053,0.39595175,0.60244834,0.42037034,0.57802975
traffic,421,14292,16404,0.8087280186371077,0.0424356490474889,0.4591174,0.49435902,0.22647047,0.72700596
traffic,806,14612,16532,0.8087256266494437,0.2927513671700348,0.068831205,0.20717084,0.29049838,0.15215874
traffic,359,14932,15508,0.8086884064247646,0.2467943725802724,0.5500454,0.9859073,0.92457116,0.61138153
traffic,57,17172,17364,0.8086804714848645,0.2554266065330529,0.14039397,0.1517868,0.066049814,0.3582306
traffic,585,15060,16020,0.8086752572774089,0.2364356490582091,0.41426933,0.45768452,0.45985353,0.41210032
traffic,305,15572,16724,0.8086752464720887,0.291290234230515,0.56470287,0.44812846,0.45112967,0.33455527
traffic,525,15316,16468,0.8086715179119777,0.1880179145707289,0.51321363,0.58525825,0.6937432,0.40472865
traffic,537,14164,16852,0.808631464107134,0.0574615939547457,0.1304214,0.1541655,0.22406054,0.06052637
traffic,23,15764,16148,0.8086153477418503,0.0753457022759251,0.47812474,0.19334364,0.36602128,0.3054471
traffic,843,16020,16596,0.8084611605347053,0.2897956442776486,0.0070049763,0.17606926,0.050245285,0.118819
traffic,527,14484,16980,0.8083795672262961,0.2015678387389514,0.0067498684,0.28927636,0.17834306,0.11768317
traffic,467,14484,16596,0.8083777601174178,0.2672802400047069,0.36637497,0.5751333,0.51399446,0.42751384
traffic,763,14484,16980,0.808318722462574,0.2048597373330145,0.17886114,0.36995792,0.24339962,0.052302837
traffic,200,14484,16788,0.8082978954952289,0.2331631640944449,0.6866449,0.5754597,0.44060755,0.8214971
traffic,775,15380,16660,0.8082555453098352,0.0227067228662634,0.80477786,0.7800293,0.75903654,0.8257706
traffic,722,14420,16916,0.8082522056356339,0.1365968359104687,0.34406114,0.96018016,0.29336047,0.32275856
traffic,130,16276,17428,0.8082321558293208,0.2634899457467286,0.7144977,0.33376586,0.44915783,0.5991057
traffic,353,16020,17364,0.8081520921633077,0.2534652866409895,0.6893451,1.083219,0.9235487,0.8490155
traffic,665,16148,16724,0.8080875075356823,0.2341232548942373,0.33322573,0.9707303,0.7890985,0.51485753
traffic,833,16532,16724,0.8080566283761763,0.1163976335794643,0.39491868,0.6000366,0.27098584,0.72396946
traffic,3,16468,17428,0.8080265668731831,0.132270845363418,0.2577504,0.43909407,0.4792483,0.21759617
traffic,495,15636,16020,0.8079986889076423,0.297149376912566,0.11362839,0.15618324,0.22416162,0.045650005
traffic,736,15636,16020,0.807914165647588,0.1999964925208942,0.0010311604,0.07296276,0.18318915,0.25512075
traffic,385,15636,16020,0.8078974120925305,0.2646107034934511,0.25329852,0.038906574,0.14943194,0.44163704
traffic,286,14164,16852,0.8078855636992343,-0.0108730617072518,0.0012874603,0.29258847,0.020048618,0.31134963
traffic,12,14100,14676,0.8078328760368914,0.0525923606464944,0.7242272,0.8644364,0.673754,0.9149096
traffic,494,14292,17172,0.8078321367723492,0.2723522004079254,0.53486454,1.4366436,1.0559422,0.91556597
traffic,519,14548,17172,0.8078133010415641,-0.1747834481953379,0.6903379,1.7271256,1.4788241,0.9386394
traffic,813,15828,16980,0.8078019419411977,0.2727226173743096,1.2877393,0.91573954,1.2092848,0.99419403
traffic,783,17108,17300,0.8077902822690742,0.1357664895405129,0.24455583,0.15108085,0.1938504,0.20178628
traffic,776,14292,16212,0.8077886935591906,0.2755792838231111,0.012564659,0.3573768,0.41499352,0.04505205
traffic,592,15444,16596,0.8077477550473701,0.0885634396759096,0.2751584,0.34118366,0.49592388,0.12041819
traffic,41,14292,16788,0.8077412158042365,0.2086228989954966,0.20431948,0.15232599,0.48685896,0.1302135
traffic,338,14676,15636,0.8077206373434588,0.2342601145679518,0.5851524,0.11940122,0.16351628,0.3022349
traffic,41,14164,17044,0.8076315825188847,0.1177991325734346,0.41533828,1.334029,1.3862169,0.36315036
traffic,50,14740,15508,0.8075595500671898,0.2591606881629471,0.2648549,0.7132788,0.63445544,0.34367824
traffic,244,15124,17044,0.8075031942462529,0.2693885786955934,0.13240647,0.08583927,0.15299773,0.06524801
traffic,390,15508,17044,0.8074900838563368,0.2394634924557309,0.27258325,0.41132474,0.19839096,0.48551702
traffic,794,16148,16916,0.807488600765786,0.2991964464147106,0.7778902,1.1626141,1.3762014,0.564303
traffic,431,15892,17364,0.8074579340054046,-0.072013502971142,0.75736904,1.2203891,1.4506674,0.5270908
traffic,136,15316,16660,0.8074358417994891,0.2219463803415227,0.2276578,0.17666912,0.279845,0.12448192
traffic,795,14228,16724,0.8074265238000383,0.1609290233165491,0.038146913,0.20685476,0.46881878,0.71382046
traffic,538,14676,16596,0.8073977573956277,0.2879759320365598,0.13989377,0.517436,0.3148055,0.3425243
traffic,769,15572,16532,0.8073906390329963,0.2288165382156133,0.2944275,0.5229595,0.69833267,0.11905432
traffic,835,15764,16660,0.8073465274694566,0.0673744246684697,0.55363905,1.0057116,1.2826544,0.2766962
traffic,428,16468,17236,0.8072892839071912,0.2251343453891287,0.357831,0.40696216,0.42552412,0.33926904
traffic,211,14036,16340,0.807269068558914,0.2451219568548917,0.7872337,1.3944786,1.0369629,1.1447494
traffic,333,15124,15508,0.807181402142885,0.2940893080344464,0.4399277,0.27236462,0.37801516,0.33427715
traffic,506,14484,15444,0.8071782404718832,0.2825822141969777,0.39893627,0.43399358,0.32463813,0.5082917
traffic,807,14356,17428,0.807130116300342,0.1302587801641933,0.25080967,0.11581397,0.2120657,0.15455794
traffic,583,16660,16852,0.8070883109064201,0.2005678242780082,0.2595067,0.5012746,0.38748384,0.37329745
traffic,674,14292,16788,0.8070745703808695,0.0258450353115743,0.34055972,0.5112698,0.25744915,0.5943804
traffic,573,14548,17236,0.8070710265277466,0.2220666674258124,0.42781806,0.63663846,0.40515733,0.6592992
traffic,134,14292,16020,0.8070369698136255,0.290157723440251,0.09235859,0.2860229,0.114261866,0.49264336
traffic,684,14164,17428,0.8070358949291724,0.2853323920017975,0.6751399,0.66628265,0.79324627,0.5481763
traffic,613,16660,17428,0.806961914711128,0.2910753415893166,0.60326886,1.0922254,1.1634728,0.5320215
traffic,466,16660,17428,0.8069146281031091,0.2929652878784602,0.8337388,1.0215685,1.1175711,0.7377362
traffic,511,14740,17364,0.8068564886073685,-0.0111969312769583,0.15375566,0.09208965,0.90589714,0.6600518
traffic,744,16788,17364,0.806855518348901,-0.0171786126932316,0.12819123,0.048714638,0.20253778,0.025631905
traffic,26,15828,16596,0.8068498693428074,0.2585979582894242,0.7186754,0.54606676,0.55284405,0.7118981
traffic,815,14228,16532,0.8068326406103096,0.2907834270347188,0.43189937,0.017150164,0.34065038,0.074098825
traffic,226,14356,15508,0.8068289741089538,0.1557735719665876,0.06237936,0.18798447,0.10404253,0.22964764
traffic,373,14932,17172,0.8068040033812338,-0.0240300132703103,0.73234606,2.5107193,1.7168293,1.526236
traffic,719,14228,16340,0.8068037084269148,0.2931507751080925,0.20436215,0.08697581,0.18781531,0.10352266
traffic,213,14548,17044,0.8067691282068749,0.295108999465879,0.42891312,0.022835374,0.34176695,0.06431079
traffic,458,14612,16532,0.8067492997089502,0.0680684632026083,0.54297364,0.26781297,0.58005416,0.23073244
traffic,28,15316,17236,0.8067340789500391,0.1479201274693896,0.9026704,1.2773168,1.5594782,0.620509
traffic,605,14420,17108,0.8066595696699813,0.252341067315995,0.048389435,0.026118398,0.08776903,0.013261199
traffic,237,15892,17172,0.8066081955591292,-0.1693613290783244,0.5101856,0.38724732,1.2647825,0.36734962
traffic,739,15892,17364,0.8066005051469654,0.0370179798315133,0.761577,1.9497598,1.5321105,1.1792264
traffic,531,14164,17428,0.8065996125464923,0.1738049186040713,0.54617023,0.9752139,0.9675075,0.55387664
traffic,193,14100,16788,0.8065763076708562,0.0049426658872547,0.10560036,0.044143915,0.34231544,0.280859
traffic,649,14484,16212,0.8065553985687423,0.2838056712682202,0.3329661,0.53175175,0.29159737,0.5731205
traffic,708,16020,17364,0.8065469045717827,0.2260147134569686,0.15250778,0.15593195,0.22981882,0.07862091
traffic,469,15124,17236,0.8065404384198229,0.2404780225852802,0.7176089,0.45898974,0.46954274,0.7070559
traffic,416,14932,15508,0.8065357358433063,0.0733731466176688,0.68801725,0.80233264,0.60824263,0.88210726
traffic,763,14612,16148,0.8065284578584881,0.2917384461124185,0.34323108,1.0481589,0.83757055,0.5538194
traffic,50,14932,16084,0.8064810307151336,0.2012876573208413,0.09881067,0.034926414,0.0029931068,0.066877365
traffic,66,15188,16916,0.8064698681517053,0.2882445717669264,0.6455728,0.86783373,0.8053119,0.7080946
traffic,481,15572,16660,0.806456902389301,-0.1859084150481898,0.70841503,2.6802473,1.4396054,1.9490569
traffic,321,15636,16020,0.8064493665304284,0.2992672424221165,0.09492731,0.27464914,0.3315525,0.03802395
traffic,743,16084,17364,0.8064268938313268,0.0648994586814168,0.5751884,0.36302304,1.0769808,0.13876939
traffic,766,14740,15828,0.8064082276775407,-0.207251374557409,0.6928973,2.3893743,1.7842996,1.297972
traffic,356,14228,14996,0.8064062033383421,0.2739975237419533,0.32346368,0.3828504,0.37058115,0.33573294
traffic,520,14420,15380,0.8063946209539807,0.2113643454309534,0.37442827,0.2972628,0.44759738,0.22409368
traffic,442,15380,16660,0.8063925980251296,0.0342149437508334,1.19085,1.3510102,1.1367021,1.4051582
traffic,257,14164,16660,0.8063449370673249,0.1852787651515917,0.3276646,0.20268536,0.45957613,0.07077384
traffic,184,14292,16020,0.8063102757500092,0.1971313435328058,0.07108092,0.26630044,0.30224824,0.035133123
traffic,667,15508,16276,0.8063006651917518,0.279699690760873,0.21843195,0.6994631,0.5914278,0.32646728
traffic,36,15124,15508,0.8062889614929161,0.2990843590957118,0.23708832,0.54310036,0.55709136,0.22309732
traffic,310,14356,15508,0.8062605391245689,0.2248352250368304,0.1915313,0.0020916462,0.0689069,0.12471604
traffic,69,16084,16468,0.8062394591906846,0.1778129352643404,0.0068359375,0.66246295,0.34057856,0.31504846
traffic,408,14228,16916,0.8062333914644904,0.2847712069678353,0.23771703,0.3765465,0.55479527,0.05946827
traffic,260,15828,16020,0.8062078084337618,0.1423849502434362,0.033155203,0.26427078,0.5579188,0.2604928
traffic,260,14612,14996,0.8062043069537161,0.2323059572132879,0.71123385,0.7600496,0.6747329,0.7965505
traffic,674,14612,16724,0.8061960727116778,0.2918103598927586,0.41003716,0.46673048,0.34278107,0.53398657
traffic,123,16020,16404,0.8061745564064764,0.2053460308141025,0.32835627,0.4904821,0.37296987,0.4458685
traffic,111,15188,15380,0.8061686659882608,0.293642824012138,0.33983064,0.4308536,0.4358697,0.33481455
traffic,819,14612,16532,0.806154654303108,0.2964304677167654,0.78570414,0.42484355,0.56594455,0.64460313
traffic,678,14548,15892,0.8061429208017208,0.271005722851301,0.28921092,0.2917838,0.29329193,0.2877028
traffic,92,16148,16340,0.8061093891998864,0.265329621452094,0.068844676,0.16244555,0.14442205,0.050821185
traffic,677,14740,16468,0.8061027479537177,0.2849584672015635,0.03818631,0.05979371,0.5409827,0.4430027
traffic,632,14484,15828,0.8060332120514395,0.1427329368722419,0.4096825,0.980268,1.0423968,0.34755373
traffic,687,15252,16212,0.8060202511939444,0.1155603241311929,0.54425514,0.65799284,0.5421525,0.66009545
traffic,793,14996,16532,0.8060125020049479,0.2339014882626783,0.12047291,0.022844315,0.10351086,0.24682808
traffic,338,14932,17172,0.8059934928288086,0.017207409576694,0.7317668,1.2987688,1.3133768,0.7171588
traffic,856,14484,16788,0.8059740254366673,0.2597410745433999,0.10243642,0.19404423,0.021319628,0.31780028
traffic,835,14548,17428,0.8059633643927719,0.2103349144837233,0.015360594,0.20736611,0.1123929,0.30439842
traffic,678,15636,16212,0.8059175125561234,0.2557986976053736,0.017500162,0.3233726,0.49440455,0.18853211
traffic,240,15636,16212,0.8058905756669157,0.2529223582049167,0.0027644634,0.21697295,0.32249343,0.10275602
traffic,488,14676,16212,0.8058805503236293,0.2789470003479088,0.09185755,0.3687526,0.33259678,0.12801337
traffic,524,14612,17108,0.8058314537773732,-0.2519020505430893,0.4451456,0.95957136,0.96895266,0.4357643
traffic,109,14740,17172,0.8058136960533382,-0.1736695416209586,0.8517914,2.1813345,1.5873854,1.4457405
traffic,259,14356,15508,0.8057327340412145,-0.1359327311845798,0.18546486,0.4753902,0.530812,0.13004303
traffic,603,16020,16980,0.8056973411991742,0.2660067353456478,0.17700171,0.20547938,0.04917574,0.07765341
traffic,244,14292,16212,0.8056534906384896,0.2026409479464277,0.35479856,0.16285801,0.28782105,0.4797616
traffic,625,15636,17172,0.8056356480651724,0.285959292893189,0.24625254,0.3789668,0.5619621,0.06325722
traffic,653,15764,16724,0.8056213036791378,0.2827346076274368,0.17903143,0.32840627,0.5308322,0.023394465
traffic,447,14996,15572,0.8055188257562483,0.2314803975216344,1.6900234,0.94088817,1.5298233,1.1010883
traffic,283,16148,17108,0.8055122320507159,0.2962366488721771,0.43956065,0.5290376,0.37734163,0.5912566
traffic,605,14484,15252,0.8054524247040971,0.2391063515570023,0.4047017,0.61383677,0.55304027,0.4654982
traffic,656,15828,16020,0.8054406096622377,0.2175966936105801,0.20299125,0.075737715,0.16878152,0.44751048
traffic,168,15828,16020,0.8054308362195327,-0.2743191220505412,0.22816396,0.48900986,0.41210914,0.30506468
traffic,710,14996,16340,0.8054227026739275,0.2917999379411834,0.17777324,0.4034195,0.36658978,0.21460295
traffic,289,14612,16340,0.8053741678742478,0.2925508302332081,0.21771419,0.5404444,0.47261584,0.28554273
traffic,507,15828,16404,0.8053426742628877,0.2762946408747368,0.38367152,0.32705283,0.1939156,0.51680875
traffic,290,14292,16596,0.8053238224699071,0.0985632853150693,0.084507465,0.0975821,0.4224621,0.40938747
traffic,70,14676,16020,0.8053073633373047,0.2964856695329212,0.19584703,0.20106578,0.2034707,0.1934421
traffic,633,16468,16660,0.8052848458615007,0.1984016600302614,0.5274528,0.45954442,0.5174898,0.46950746
traffic,285,16596,16788,0.8052822503723931,0.2792423317448447,0.11063862,0.057602644,0.060837746,0.10740352
traffic,621,14292,16020,0.8052366983229593,0.0519389341273081,0.40952778,1.1684397,1.2495335,0.328434
traffic,335,14292,17172,0.8052230666558468,0.2973751627748491,0.7245201,1.4191906,1.1045507,1.03916
traffic,178,14932,17172,0.8051774601082,0.0135978474522475,0.82940376,0.955878,1.108409,0.67687273
traffic,461,15380,16660,0.8051354767843464,0.0484300144381515,1.2669083,1.4886732,1.1211091,1.6344724
traffic,424,14548,17172,0.805106500166128,-0.0552606190045922,0.75399566,2.2511487,1.5854125,1.4197319
traffic,239,14164,17236,0.8050931386600644,0.2425802396744791,0.1722722,1.249459,1.0229733,0.39875793
traffic,427,14548,17044,0.8050813619250136,0.2956072322180816,0.33959258,0.28935742,0.38723767,0.24171233
traffic,697,15892,17364,0.8050560993945867,-0.0131366850562777,0.3454213,0.13612843,0.97399235,0.4924426
traffic,623,15508,15892,0.8050481312970674,0.1732902024083992,0.8377917,1.0040711,1.2387171,0.6031457
traffic,599,15444,16212,0.8050363413552257,0.0763270764105622,0.00087857246,0.0024309158,0.047793627,0.04448414
traffic,580,16788,16980,0.8050048764334148,0.2939635572671323,0.12038255,0.02548337,0.07661903,0.06924689
traffic,666,15252,15828,0.8049666753583042,0.2583571153256055,0.6041733,1.0262984,0.824852,0.8056197
traffic,326,15508,17428,0.8049299019063468,0.2146701420762327,0.63522565,0.7957084,0.88484097,0.5460931
traffic,642,14676,15828,0.8048982247459918,-0.3367296693485215,0.06352091,0.45439577,0.26568866,0.25222802
traffic,292,15380,16660,0.804897653098874,-0.1133494404420662,1.2458607,1.3895513,1.1132245,1.5221875
traffic,522,14228,16660,0.8048906059405793,0.1463849364082773,0.62228215,0.8233328,1.5436267,0.09801173
traffic,143,14356,16852,0.8048544784608652,0.2677267061294371,0.08965325,0.38580132,0.36389112,0.111563444
traffic,278,14420,14996,0.8048312302454514,0.1904158035593508,0.90073586,2.1181543,1.0916169,1.9272733
traffic,405,14356,16660,0.8047968655498732,0.2891020758473914,0.30245256,0.49180865,0.7896936,0.004567623
traffic,531,14740,17172,0.8046892205864312,-0.1790162535288622,0.71001935,0.978194,1.348726,0.3394873
traffic,351,15188,16724,0.8046887721043097,0.2961305865645974,0.6089506,0.81647444,0.96558833,0.45983672
traffic,581,15636,17172,0.8046803718688856,0.2651222608673927,0.812495,0.7857039,0.7023895,0.8958094
traffic,391,14420,16532,0.8046677980770305,0.1620223082586505,0.043489695,0.6031954,0.17403388,0.38567185
traffic,762,14228,15764,0.8046190842975819,0.2632696896961859,0.2018838,0.18062878,0.1918726,0.19063997
traffic,391,16020,16212,0.8045890730995362,0.1197365925566118,0.71457624,0.673872,0.8521955,0.53625274
traffic,119,14292,15636,0.8045762758821401,0.2816988740707465,0.18069267,0.4496596,0.38877177,0.24158049
traffic,352,14164,16852,0.804494772353412,0.2692920158624818,0.07374883,0.21644688,0.3985629,0.108367205
traffic,794,15508,15892,0.8044780555731447,0.2552682330212594,0.9452138,1.1010395,1.3825731,0.6636802
traffic,49,14932,16852,0.8044601793039008,0.2709404259223643,0.308627,0.7047999,0.79297435,0.22045255
traffic,792,14100,14676,0.8043986019248353,0.2847931392576637,0.23951936,0.38834882,0.4236598,0.20420837
traffic,598,16788,17364,0.8043588345677477,0.2108149446012949,0.6876049,0.88215876,0.60932875,0.9604349
traffic,135,16148,16340,0.8042730059315848,0.2487523537928252,0.19836783,0.46375418,0.35890532,0.3032167
traffic,63,15508,16276,0.8042485673381542,0.2820133633009903,0.6558516,1.0962847,1.2160782,0.5360582
traffic,367,14676,16084,0.8042243643574761,-0.1415772678042824,0.3764546,1.4602209,1.1081797,0.72849584
traffic,734,17236,17428,0.8041981025417078,-0.0351642420851797,0.4224252,1.1044064,0.88084394,0.64598763
traffic,727,14164,16660,0.804155161678549,0.2934872912827761,0.31065798,0.21360326,0.40053773,0.12372351
traffic,531,14036,16532,0.8041342993078289,0.1916168120364057,0.11993432,0.26918447,0.46919858,0.080079794
traffic,438,14292,17172,0.8040772484166366,0.2681649687629986,0.5009552,0.28794742,0.4516667,0.33723593
traffic,719,14740,17428,0.8040694556446422,0.2387521300915977,0.21111,0.074634194,0.24912691,0.3856027
traffic,732,14164,16084,0.8040377873225515,0.2105829614475276,0.9216664,0.8266568,1.0410571,0.7072661
traffic,138,15124,15508,0.8040088849969569,-0.1425507043359966,0.38801146,0.13541532,0.48729372,0.03613305
traffic,69,14420,15572,0.8039900850849977,0.2748252274930803,0.2540419,0.19942021,0.13447547,0.31898665
traffic,60,17108,17300,0.8039664628105126,0.2827466936170247,0.011202097,0.115219355,0.109624386,0.016797066
traffic,506,14164,16852,0.8039393052960725,0.2429151027453603,0.12699556,0.1377604,0.032288313,0.23246765
traffic,47,17236,17428,0.8039148535900899,-0.101452484449691,0.60071266,1.6980095,1.0418296,1.2568926
traffic,582,15508,16084,0.8038724084194492,0.2841836462857021,0.862942,0.64518297,0.8270961,0.68102884
traffic,637,14548,16276,0.8038711342739918,0.2829131409837365,0.1654979,0.20703256,0.018485844,0.023048818
traffic,416,14292,16788,0.8038422837898781,0.1336812813479573,0.12787116,0.09897244,0.3788402,0.40773892
traffic,767,14740,16468,0.8037679373987441,0.1619735720762162,0.023254633,0.033168912,0.2765509,0.22012734
traffic,134,14740,16468,0.803753564166157,0.267683695707374,0.21223903,0.76920235,0.34660077,0.6348406
traffic,297,14996,16724,0.803750976271839,0.1338997220568241,0.76803374,0.5083157,0.6701093,0.60624015
traffic,813,14804,14996,0.8037384555296399,0.0832216210794375,0.36625218,0.71518874,0.5817628,0.49967813
traffic,490,16532,17300,0.803687511688062,0.1440043750017656,0.636302,0.4836948,0.47211766,0.6478791
traffic,696,15828,16980,0.803680446468849,-0.0256889458267259,0.17084384,0.18749046,0.41530252,0.056968212
traffic,638,15124,16276,0.8036660426325507,0.2362785390192216,0.13535714,0.7190596,0.5104624,0.34395432
traffic,402,15316,16276,0.8036498497328015,0.1321098462815028,1.0512853,1.2283437,1.6599408,0.61968815
traffic,592,14804,16724,0.8036242871644944,0.17585479384378,0.5355996,0.38330913,0.17414641,0.7447623
traffic,58,14228,16340,0.8035597204834793,0.2018190362224377,0.77826846,1.1766188,0.9470116,1.0078757
traffic,691,14804,17108,0.8035399353900494,0.2898695108168776,0.4623605,0.33984375,0.35512447,0.44707978
traffic,99,14804,16340,0.8035133754667836,0.2810886833066428,0.026546001,0.05266118,0.14272904,0.06352186
traffic,794,14100,16212,0.8034624407185822,0.2844583077795901,0.052340865,0.07113457,0.21360147,0.19480777
traffic,315,14164,16852,0.8034462635569624,0.1959771828100464,0.49179912,0.59218836,0.56804967,0.5159378
traffic,807,14868,16212,0.8034289403241445,0.0164079786597751,0.21814299,0.15297937,0.14467645,0.22644591
traffic,630,15828,16404,0.803416455474036,0.1435697915721099,1.2504529,0.5878948,0.8039348,1.0344129
traffic,170,15316,16852,0.8033830123496318,0.0805221735213209,0.10528612,0.06246972,0.21209311,0.25490952
traffic,71,14548,17172,0.8033065036399661,0.0033522656020293,0.7517042,1.7494366,1.6090705,0.8920703
traffic,320,14100,16212,0.8032892396406597,0.2725195066370497,0.30177724,0.6828085,0.6692319,0.31535387
traffic,679,14868,16980,0.8032664793014938,0.2860854328737421,0.30352068,0.05983281,0.12577891,0.117908955
traffic,369,15380,16660,0.8032502854125618,0.0404448521376165,1.248424,2.4109776,1.1997807,2.459621
traffic,21,14036,16340,0.8032400223751506,0.290067117509436,0.93761134,1.1943481,0.99257874,1.1393807
traffic,385,15892,16276,0.8032121726166129,0.1764670772733038,0.1091733,0.14420462,0.09461212,0.1587658
traffic,690,15508,15700,0.8031781732596492,0.0943697530985281,0.26585555,0.47332454,0.52656245,0.21261764
traffic,725,15828,16020,0.8031355211121227,0.16405892955614,0.08706045,0.09387779,0.09642172,0.27735996
traffic,471,14356,15892,0.8031168812826356,0.1755706399228607,0.059527755,0.2098062,0.046519518,0.22281444
traffic,138,16148,16340,0.8031158292815285,0.1397801589363868,0.032994032,0.33350444,0.3329556,0.03354287
traffic,74,14740,17172,0.803035286305616,0.0219681252572577,0.7269037,3.160644,1.6696808,2.217867
traffic,47,15572,16660,0.803030045175592,-0.0602378347367259,0.7990924,2.816719,1.4166954,2.199116
traffic,105,16084,17364,0.8030226442472405,0.0092001859530323,0.76770234,1.8964381,1.7218032,0.9423373
traffic,130,14420,16660,0.8030024411438211,0.1855712944432503,0.94832355,0.6670921,1.1814103,0.43400526
traffic,499,14612,16532,0.802975830981434,0.2989504840870904,0.027527213,0.33289528,0.4393326,0.07891011
traffic,561,15508,16276,0.8028683422908437,0.2123011398571805,0.608413,0.98674357,1.0542145,0.5409421
traffic,814,14676,17364,0.802851197805815,0.2618597129030823,0.19543839,0.31864285,0.4188435,0.09523773
traffic,835,15636,16212,0.8027784912745765,0.2616879302081199,0.054160357,0.2709005,0.1695745,0.15548635
traffic,705,14164,17428,0.8027251590178958,0.2607086606618331,0.0503757,0.7039428,0.35633826,0.3979802
traffic,503,14100,16788,0.8027151621155565,0.0895455680791833,0.97831523,1.2913837,0.81710494,1.452594
traffic,380,16340,16916,0.8027068432033861,0.1385699362562131,0.8147414,0.67661595,0.8090992,0.6822581
traffic,63,14164,17236,0.802677898857504,0.279801288582667,0.81588626,1.2166655,1.3185263,0.7140255
traffic,107,14356,15508,0.8026437744473033,0.2440650184287361,0.060298204,0.026502848,0.11330104,0.07950568
traffic,817,15892,17044,0.8026284702986282,0.2344269572924672,0.36536825,0.29012382,0.5568329,0.09865916
traffic,833,16468,16852,0.8025596564349436,0.2288192719078721,0.3679273,0.32689404,0.22886682,0.46595454
traffic,185,15892,17172,0.8025291592449845,-0.1931758668132059,0.7738285,2.6970427,1.6890593,1.781812
traffic,589,14420,16340,0.8025264483035327,0.1958541507004682,0.95060736,1.7224791,1.0795414,1.593545
traffic,647,14548,14676,0.8024700351164987,-0.3545850089101262,0.44107664,0.6375632,1.228856,0.1502161
traffic,644,14804,16916,0.8024562491771273,0.2546568313651066,0.34076095,0.90106964,0.74908423,0.49274635
traffic,268,14932,17172,0.802450834621201,-0.0087568757336735,0.6585071,1.7622405,1.5379223,0.8828254
traffic,375,15956,16724,0.802445335379467,0.2714380390713768,0.42385697,0.28463125,0.048549414,0.09067631
traffic,15,14420,16532,0.8024417031760938,-0.0251087038193882,0.04429829,0.38213217,0.011276484,0.34911036
traffic,69,14676,17172,0.8024334008492264,0.1880846301089019,0.40433693,0.2224288,0.43211222,0.19465351
traffic,798,14676,17364,0.8024251370140454,0.2335694618331068,0.6500232,1.1200652,0.74397755,1.0261109
traffic,653,16148,16660,0.8024127895976618,0.0083639302730606,0.5739074,0.06679034,0.5227232,0.11797452
traffic,607,16020,17364,0.8024014700013435,0.1332982629183709,0.17324972,0.25676274,0.32627463,0.10373783
traffic,205,14484,14868,0.8023826147483508,0.265324251572714,0.014119387,0.25212038,0.1442194,0.09378159
traffic,63,15060,16596,0.8022988555902878,0.2362398065593776,0.6894864,0.050697565,0.3306377,0.40954626
traffic,654,14484,15060,0.8022986247218329,0.2832138881176482,1.2431581,0.8010124,1.0913,0.9528705
traffic,58,15188,15572,0.8021959630586699,0.2293890753329063,1.0235782,0.89968395,1.2864975,0.63676465
traffic,345,14676,15636,0.802194792654239,0.1713780423449023,0.27868915,0.12570858,0.5678003,0.16340256
traffic,337,14612,16532,0.802181746346483,0.1682342902977422,0.11397076,0.20237756,0.38241744,0.066069126
traffic,70,15508,16660,0.8021674822288839,0.1786828980614516,0.6467867,0.4338901,0.82916427,0.25151253
traffic,476,14228,14612,0.8021563287351835,0.1528224509895765,0.00065112114,0.07169962,0.046657562,0.11770606
traffic,718,16532,16916,0.8021209704332074,0.2465512479607468,0.024801493,0.21671557,0.14901781,0.04289627
traffic,671,16212,16596,0.8021042870135136,0.0314804824884102,0.14778364,0.01788354,0.12749445,0.0024056435
traffic,296,16788,17364,0.801938596611609,0.2745520948018927,0.43407834,1.093632,1.0319978,0.49571252
traffic,779,16020,16404,0.8018553490259993,0.0096231802826269,0.5123092,0.68496656,0.50488734,0.6923884
traffic,441,16212,17172,0.8018308643465349,0.1897986190987068,0.45641267,0.5019493,0.5026852,0.4556768
traffic,711,14484,15252,0.8018049032609439,0.291316787882444,0.08249593,0.29279447,0.13649988,0.23879051
traffic,88,14548,14932,0.8017852343075532,0.2994712868326902,0.17608368,0.2149334,0.21910655,0.17191052
traffic,337,15316,16852,0.8017535331812885,0.2766946560034916,0.20763564,0.16204333,0.015200853,0.38487983
traffic,91,14036,16660,0.8017041680330192,0.1191610591042323,0.524616,0.5851097,1.0616977,0.048027992
traffic,727,14228,15572,0.801673300606934,0.2202112880342851,0.059847116,0.1103003,0.099344015,0.070803404
traffic,787,16660,17428,0.8016451429819151,0.2415516912550081,0.34205008,0.61213326,0.52541757,0.42876577
traffic,522,14932,17172,0.8016160281097668,-0.0016032779360753,0.27761626,0.47016072,0.17848945,0.3710339
traffic,151,14100,15444,0.8016146472925769,0.2242768471286941,0.21434665,0.40653396,0.18266857,0.009518743
traffic,650,14548,14676,0.801603250093011,-0.377242692707599,0.4642259,0.53623044,1.1603746,0.15991831
traffic,717,16340,17108,0.80160230625131,0.2769607060967012,1.1662953,1.2491854,1.7840518,0.63142896
traffic,742,14548,17364,0.8015766533301005,0.0549221142308386,0.50966895,0.9430027,1.4348973,0.017774343
traffic,789,14228,14804,0.8015632451122305,0.0591446646719077,0.6157644,0.03085351,0.38732266,0.1975882
traffic,626,14612,15188,0.801560814530897,-0.1039149425653511,0.18834352,0.16887736,0.054245234,0.30297565
traffic,706,16020,16212,0.8015432888689028,0.1802365599755153,0.14206123,0.40306234,0.38890266,0.15622091
traffic,471,16020,16404,0.8015323473629422,0.177435832506307,0.44790483,0.57021356,0.4293542,0.5887642
traffic,25,14804,17300,0.8014737221865109,0.1187486690303733,0.21540713,0.18641043,0.0011434555,0.40296102
traffic,760,14292,16788,0.8014260959263092,0.2180883335681283,0.6935532,0.5808823,0.5506897,0.7237458
traffic,291,15316,16468,0.8014248568150395,0.2634666661568942,0.47606897,0.5261458,0.5656729,0.43654191
traffic,486,14100,15828,0.8014141226529865,0.2774348920055813,0.50988007,0.615042,0.5536194,0.57130265
traffic,460,15316,16276,0.8013926086632038,0.103669642450487,0.65711784,0.9329605,1.1252604,0.464818
traffic,486,14164,16660,0.801383974608723,0.2716337977116198,0.28598666,0.2382021,0.42793417,0.09625459
traffic,526,14676,15892,0.8013238881492729,-0.1158193756197375,0.20864463,1.1310705,0.39483535,0.5275905
traffic,207,14292,16212,0.8013176213455788,0.2973775709343784,0.08597875,0.1693809,0.19213676,0.10873461
traffic,772,15764,17108,0.8013161177207557,-0.0055969367968751,0.50658727,0.035776496,0.39854872,0.14381504
traffic,217,14036,17108,0.8012933446479635,0.2626046944204419,0.12998241,0.011209309,0.12669873,0.00792563
traffic,121,16660,17236,0.8012854631605676,0.2584187909616267,2.1890771,1.1445403,2.3004827,1.0331347
traffic,371,14164,16660,0.8012636065263443,0.1813164035046616,0.2027638,0.2608056,0.2170155,0.2465539
traffic,681,15444,17364,0.801261052793519,0.1229966796001121,0.4732195,1.1180534,0.94295466,0.6483183
traffic,287,16020,16404,0.801239881762837,0.2144298346712513,0.15733695,0.43356895,0.0057137012,0.2705183
traffic,814,14996,15572,0.8012030047351194,0.1922620236545212,1.0107988,0.64097893,0.90191483,0.7498629
traffic,188,14740,17364,0.8011615907748937,-0.0222364061978571,0.86726975,2.4289956,1.7414256,1.5548398
traffic,111,14356,17428,0.8011518694680557,0.2639957379419543,0.22130537,0.65048647,0.5024853,0.36930656
traffic,363,16148,16916,0.8011472642554051,0.2202398776263163,0.41601062,1.0055114,0.8331003,0.5884217
traffic,393,16660,17428,0.8010359015880719,0.2901315996370517,0.82224226,0.63539314,0.77890015,0.67873526
traffic,519,15572,16660,0.8010136567851681,-0.2107686605216628,0.7680827,2.269535,1.4591496,1.5784683
traffic,830,14996,16916,0.8009577581010774,0.2402153255153366,0.9535496,0.83580077,0.9932983,0.7960521
traffic,633,14996,17300,0.8009430609003477,0.1786677881000539,0.15839553,0.36575007,0.3113016,0.21284401
traffic,621,14228,16340,0.8009144718213573,0.0029821335327699,0.6848867,1.2506399,1.0082083,0.92731833
traffic,276,14676,16980,0.8008810124093857,0.1324704779586118,0.07605767,0.798553,0.27952695,0.44296837
traffic,352,15124,17236,0.8007992169039465,0.1910111820928297,0.3323328,0.15280676,0.113307,0.59844655
traffic,402,15572,16340,0.8007189411250697,0.2104496849651626,1.009059,1.587632,1.060982,1.5357089
traffic,304,15124,16276,0.8007067529184606,0.132167268517864,0.10522759,0.5336677,0.46633613,0.17255914
traffic,227,15380,16532,0.8006966082660915,0.2422532558615703,0.13356805,0.08538079,0.3631451,0.31495786
traffic,168,14548,15508,0.8006891356446765,0.2010493068221675,0.11335182,0.47026014,0.5099001,0.07371187
traffic,449,14100,16788,0.8006880073719085,0.0395911307882263,0.5445614,1.081991,1.0750501,0.5515022
traffic,556,15892,16852,0.8006700701589559,0.2972792830610867,0.22404099,0.2627685,0.35267472,0.13413477
traffic,226,14292,15252,0.8006432850650496,-0.3202743229144488,0.4391055,0.3429463,0.32986403,0.2337048
traffic,68,16020,16404,0.8006285980608285,0.223547131491418,0.057296038,0.36994934,0.20506763,0.22217774
traffic,661,14484,16404,0.8005132284207142,0.1996610748276108,0.20890355,0.22366834,0.13655782,0.5691297
traffic,93,14932,16852,0.8005005877680564,0.2805670738385976,0.7768667,0.4387231,0.81410635,0.40148342
traffic,486,15188,16340,0.8004964603923485,0.2944887690520811,0.49198127,0.14267993,0.2511766,0.3834846
traffic,117,14484,15444,0.8004185814944255,0.2959739761088883,0.31084394,0.33597136,0.1993711,0.4474442
traffic,549,14164,16084,0.800402639465051,0.2790552712242236,0.8134692,1.190798,1.4611807,0.5430865
traffic,378,15828,16596,0.8003877088408179,0.2111000734754384,1.7492487,0.9683411,1.7728083,0.94478154
traffic,161,14100,14292,0.8003710032627961,0.2803756639943394,0.119856834,0.11756039,0.13910222,0.098315
traffic,258,15380,16532,0.8003598995820284,0.2939233305735788,0.095816374,0.21997905,0.37951946,0.06372404
traffic,153,16020,17364,0.8003286877458571,0.2827913117640847,0.5709429,0.4836557,0.45569992,0.59889865
traffic,659,14804,17300,0.8003274819393965,0.2490243952363271,0.15451121,0.1982534,0.26015282,0.09261179
traffic,559,14164,17428,0.8003244854946773,0.1770803768154152,0.38022757,0.7254039,0.5185213,0.58711016
traffic,35,16660,17044,0.800314748686824,0.243422658948313,0.17171931,0.6493988,0.5167475,0.30437064
traffic,266,16084,16852,0.8001705502269304,0.2516312522203219,0.46419537,0.32953978,0.4844066,0.30932856
traffic,304,14164,14356,0.8001679123959938,0.2899547511285518,0.621572,0.59888196,0.7616918,0.45876217
traffic,477,14740,17172,0.800131248324965,-0.0565523422474715,0.7416203,2.055956,1.651622,1.1459541
traffic,232,14484,15444,0.8001262579460199,0.2730414998387029,0.6577921,0.7655833,0.8218647,0.60151064
traffic,354,15892,17172,0.8001246669161225,-0.1904874945132456,0.8466432,3.9772391,1.7121427,3.1117396
traffic,37,14484,15060,0.8000398270720754,0.2342766189418401,0.6243608,0.51397634,0.4772439,0.66109324
traffic,134,16084,17364,0.8000191428177502,-0.07193321885397,0.73329115,1.152576,1.5410488,0.34481835
